parameters,observation,model
o1,306.07,306.0695427894592
o2,24.53,24.529991710931064
o3,46.53,46.52991700470447
o4,54.23,54.2299898147583
