NPP_pft0,NPP_pft1,VEGNSTR_pft0_Leaf,VEGNSTR_pft0_Stem,VEGNSTR_pft0_Root,VEGNSTR_pft1_Leaf,VEGNSTR_pft1_Stem,VEGNSTR_pft1_Root,VEGC_pft0_Leaf,VEGC_pft0_Stem,VEGC_pft0_Root,VEGC_pft1_Leaf,VEGC_pft1_Stem,VEGC_pft1_Root,SHLWC,DEEPC,MINEC,AVLN,INGPP_pft0,INGPP_pft1
102.73113922971906,30.47095162635669,2.3139445781707764,25.624225044250487,3.066001462936401,1.5280653238296509,2.928099846839905,0.538650518655777,17.7977237701416,2582.34970703125,94.3276481628418,10.495142936706545,29.98394660949707,14.043204975128171,2647.21480178833,5465.489749193192,8727.861309499665,0.3161890632573826,883.1151985500444,149.81125350594522
96.79341163746004,34.94119591480121,2.30930495262146,26.00652923583984,3.016032814979553,1.666282057762146,3.257357430458069,0.6185894787311554,17.763002395629883,2464.1786376953123,92.79030532836914,11.069476127624512,33.18053932189942,15.91352710723877,2583.643648910522,5425.345560884476,8848.266516816802,0.3363178538756487,884.5288175357895,151.35077094137668
105.54731038020012,28.027797481557357,2.377491235733032,25.267314529418947,2.863109016418457,0.861514812707901,2.505342221260071,0.4672649025917053,18.286202049255373,2845.704174804688,88.08550796508788,5.819692897796631,26.68734645843506,12.202648258209228,2685.427247810364,5838.97510137558,8888.017597831413,0.2656364607045152,879.2895773177537,135.1579397290945
95.8758335211442,35.1927681691479,2.2791343212127684,26.558534622192383,2.830753445625305,1.798370599746704,3.144800877571106,0.5843340992927551,17.530175018310548,2508.948974609375,87.09011001586914,12.156897163391111,32.32523765563965,15.382898998260496,2609.8148628234862,5936.5476620674135,9506.70195785854,0.3441656201047864,880.9390361912731,153.01071630716325
93.69634355638728,39.053004760714245,2.367050886154175,27.03908767700195,2.913068962097168,1.7354490876197814,3.897769594192505,0.6902596056461334,18.206790924072266,2479.9174072265623,89.62256393432617,11.76979627609253,38.09044876098633,17.599983406066894,2562.84592628479,4983.885057449341,8814.25625022296,0.3916580622026231,886.0838950672296,153.3009527206421
97.84594741840132,35.32137019848451,2.4329519271850586,27.59390354156494,2.859590458869934,1.8002715110778809,3.2714395046234133,0.613765299320221,18.71287727355957,2630.89609375,87.97726821899414,12.33173370361328,32.859289932250974,15.8751558303833,2606.6016767501837,5147.525692892074,8740.142547648773,0.3571611303323311,885.9335521846485,154.09017357975245
89.56579361169648,43.38975224066526,2.468354344367981,26.202805519104004,2.955327558517456,1.9671651124954224,4.324618482589722,0.7319998681545258,18.984934997558597,2310.7561767578127,90.9226676940918,13.265254974365234,42.18267440795898,18.620053482055663,2487.9380113601683,4663.947689294815,8712.233786136843,0.4243057328625582,890.1667503861485,156.88681878894567
101.32888001689064,29.08220732011832,2.4293880701065063,24.72187118530273,2.9151598453521728,1.147864615917206,2.820724844932556,0.475304451584816,18.6867639541626,2538.4776611328125,89.68689498901367,7.8120335102081295,28.752012634277342,12.610849285125733,2653.841024208069,5775.197060585022,9081.050687814131,0.2998089385517463,879.1424523097227,142.27393511459232
105.34881925239726,32.319665329763666,2.4947967290878297,27.72693614959717,3.1097539186477663,1.6860768795013428,3.0705162525177,0.5290186047554016,19.189379119873045,2854.8346923828126,95.67371063232422,11.611953258514404,30.962366676330568,13.827193069458009,2672.543398284912,5778.964863681793,9135.998881487176,0.3246041098488852,880.3566365085095,151.7927700921893
95.92935527543716,35.14600477963686,2.4131860733032227,26.46981906890869,2.837322402000427,1.7980057001113892,3.40860002040863,0.6399979770183564,18.56127166748047,2483.0322265625,87.29216384887695,11.850431442260742,34.032799530029294,16.518021965026854,2606.184183692932,5363.796964931488,8926.49884204343,0.3564700611377334,884.6858736683171,153.02967498153447
99.37336880475904,30.26473370851017,2.282768273353577,25.151132011413573,2.9673274040222166,1.2651646614074707,2.693093276023865,0.5214520573616028,17.558277320861816,2546.3374267578124,91.29181671142578,8.443568420410156,28.22577209472656,13.51159839630127,2639.739110374451,5394.744269943238,8607.818324611522,0.2929549371299799,882.4018237504115,144.4488816909492
102.17887988991538,33.1904667655006,2.393794536590576,26.64340667724609,3.05520339012146,1.7827542543411254,3.17098228931427,0.585445374250412,18.412145614624023,2639.9451904296875,93.99540176391602,11.942542171478271,31.948390769958497,15.110009765625,2627.762557220459,5457.111071157456,8789.699039811083,0.3425924419125425,883.448202071472,152.89649213254452
104.10379731798471,27.69248222913593,2.2954506874084477,26.039626693725587,2.777297830581665,1.033322322368622,2.664582753181457,0.4989124089479446,17.656301498413086,2848.714453125,85.44546203613281,6.952289581298828,27.581009292602538,12.826483726501465,2687.8545463562014,5962.33039355278,9038.123960999026,0.2727840936127545,878.6984123580572,139.37457996606827
104.3973222284731,27.493617410678414,2.4141446352005005,24.067042922973634,2.6977389574050905,0.7940521597862243,2.450253319740296,0.4726490825414657,18.568873405456543,2676.792822265625,82.99777297973633,5.465253925323486,26.092243003845216,12.267795848846436,2677.10334854126,5906.39682688713,8906.020897190087,0.2636169672769028,877.8456174365274,133.60638894364237
103.44112070228655,29.11878095730208,2.4073611974716185,24.763326263427736,2.9064593076705934,1.0009912133216858,2.6001471042633058,0.4713383644819259,18.516302871704102,2685.714892578125,89.419189453125,6.810791540145874,27.499886322021485,12.5034987449646,2676.252512741089,6127.296960449219,9192.291559589468,0.2757827530988572,877.445909792688,138.85148219913245
101.40606654865476,33.33107880055904,2.314202070236206,26.539169692993163,2.918218231201172,1.811216115951538,3.102494096755981,0.5627728641033173,17.80057144165039,2636.5299072265625,89.7809669494629,12.290975570678713,31.49839687347412,14.659708023071287,2654.8207874298096,5914.191724538803,9358.671260652503,0.3241471735864508,880.3672862026688,153.13049228787423
104.8784852414822,27.70204565979075,2.396984934806824,24.837373352050783,2.7271715641021728,0.9414533734321594,2.587693476676941,0.4846644699573517,18.43612174987793,2772.79775390625,83.90328216552734,6.432647228240967,27.255519104003906,12.583623504638672,2693.2229915618896,5935.18255033493,8985.051671892963,0.2648238616897428,878.395754378735,137.5200272999704
100.8286204852982,33.395293758437035,2.490452766418457,27.98596057891846,3.102117419242859,1.7357350587844849,3.234962892532349,0.5757834136486053,19.155908584594727,2742.3108642578127,95.43876266479492,11.755273818969728,32.13059959411621,15.028963184356687,2625.2870948791506,5424.544813776016,8823.290935031884,0.3482450547676595,883.4537556664225,152.56149065792562
105.83181100450211,30.62605047300458,2.3707590103149414,26.95536060333252,2.8771937131881717,1.4240187287330628,2.8028207063674926,0.5359778106212616,18.23406791687012,2856.77919921875,88.51883926391602,9.467350482940674,28.8191011428833,13.939988136291504,2675.57971496582,5796.77559094429,9057.847243552842,0.3021058154629972,879.9244372015862,146.900766608119
100.77014691484506,35.41958936285228,2.428380370140076,25.731962776184083,3.012361001968384,1.7942132949829102,3.4167635679244994,0.5977983355522156,18.677295684814453,2520.6212890625,92.67734298706054,11.753813743591309,33.7084716796875,15.68524923324585,2627.1461610794067,5380.29969625473,8851.716366001963,0.3475695267462697,883.3905980455063,152.6378614872694
89.70234191737394,43.15939736929722,2.4381701946258545,25.896907997131347,3.044397211074829,1.849915027618408,3.919598245620728,0.7159809708595276,18.753954887390137,2289.715209960937,93.66297607421876,12.577574062347413,39.37183876037598,18.28536758422852,2522.3933135986326,4966.394947242737,8914.677242082544,0.3993765451596118,887.5689718836336,155.14871283620596
103.5278948410808,25.320731646195053,2.439232659339905,23.895582580566405,2.7999095916748047,0.6239492118358612,2.484286832809448,0.4230005413293838,18.76226062774658,2651.409619140625,86.14113845825196,4.119619607925415,25.75677070617676,10.957961750030517,2671.863601112366,5823.432966709137,8788.841168165765,0.2617350731103215,878.6190889389266,127.29618031531572
103.5306430032313,30.92537685800344,2.4225461959838865,26.14043254852295,3.0711222887039185,1.5745603799819947,2.978442144393921,0.5424127042293548,18.633452033996583,2687.17353515625,94.48517608642578,10.642154216766356,29.81862525939941,14.281435203552244,2655.8340059280395,5826.369102525711,9143.124283316543,0.3132320705908056,880.3048799396631,149.79400390833615
105.90655855542818,27.477713299193415,2.399647951126098,24.67286758422852,2.8373671531677247,0.7761914789676666,2.549944257736206,0.4437112510204315,18.45745086669922,2780.0540283203127,87.29356002807617,5.33319673538208,26.59116554260254,11.593285846710206,2696.914561843872,5980.943366670608,8984.905555553361,0.2628857845421434,878.0399205400663,133.02028184458612
103.4760842605104,30.21841924767941,2.3256019115448,26.54133548736572,2.9651390075683595,1.260599672794342,2.695760178565979,0.5039817094802856,17.88798599243164,2807.042651367188,91.22454071044922,8.327798080444335,28.43393669128418,13.019834899902344,2678.119290733337,6139.7359822750095,9281.842179157213,0.2895590315397958,878.1256319250558,143.72971273735166
102.77260602141412,28.540212076948954,2.4251988410949705,24.324961853027343,2.7461064577102663,0.8916873931884766,2.5325210332870483,0.459068152308464,18.65387344360352,2626.422216796875,84.48583068847657,6.006773233413696,26.928350830078124,11.985414409637452,2670.171444511413,5822.235627508164,8958.881645938196,0.2727912283467156,878.5832099553616,135.84015474542974
92.32178366191194,37.64355550417677,2.4110803604125977,25.008860397338868,2.89699969291687,1.8622924089431765,3.577472305297852,0.6457356572151184,18.545286178588867,2268.6848388671874,89.12815322875977,12.632773876190186,35.87301483154297,16.907411193847658,2542.911094856262,4874.819226884842,8720.016091614962,0.3713446554131224,887.681243713689,155.03070865273477
105.3520643506015,27.71163264950737,2.480302095413208,25.242641067504884,2.916697716712952,0.9153409898281096,2.600750875473022,0.4556788206100464,19.07773303985596,2743.3241943359376,89.73418807983398,6.110567283630371,27.344229316711427,11.932897090911863,2681.665703582764,6157.716414928436,9161.499183475598,0.2813764862832986,877.2034264743518,136.1623631745577
100.96306267270288,32.098019323591146,2.441213607788086,26.789007949829102,3.036111307144165,1.817798614501953,3.0402728080749517,0.5603223621845246,18.7763729095459,2651.6874755859376,93.4080047607422,12.139514255523682,30.9586540222168,14.581645202636718,2651.2405038833617,5837.016169691085,9234.60118655879,0.3245749478511488,880.596979575869,152.8144095554948
104.93731808833164,25.945375012699515,2.349152398109436,25.531203269958496,2.816191482543945,0.7326641499996185,2.547720766067505,0.4475004523992538,18.068506050109864,2891.1975830078127,86.64207153320312,4.931211709976196,26.29252643585205,11.574149799346923,2687.0657428741456,5776.723273086548,8790.474811369368,0.2583629637636477,878.1252918064995,131.23130415976047
100.7250890544475,33.5984522390645,2.41474723815918,27.314138221740723,3.05582332611084,1.7018797278404236,2.997346878051758,0.5553428828716278,18.572603225708008,2710.6431640625,94.01450881958009,11.461646938323977,31.082036018371586,14.625794792175292,2657.8284294128416,5922.582465839386,9353.66544195041,0.3183675726198588,880.0711551483153,151.4553156852722
107.30766712467366,23.732954885845537,2.407239317893982,23.861434555053712,2.6755719900131227,0.5002104640007019,2.285298156738281,0.4124782800674438,18.514986991882324,2759.931689453125,82.31579132080078,3.4800074338912963,24.360852241516117,10.77751579284668,2695.631188774109,5962.222454404831,8731.720714980922,0.2571454418590292,877.1517373220719,123.7420352736488
95.47057611148126,32.40116037484258,2.3378865718841557,27.308676719665527,2.83595290184021,1.8108941316604612,3.074210047721863,0.5760658740997314,17.982786178588867,2558.0344482421874,87.2500373840332,12.33880910873413,31.016881942749023,14.974012279510498,2566.175417327881,5349.426763629914,8789.720164349861,0.3284599625006152,884.8930342899484,153.83711032271384
100.89145531691376,27.89128048089333,2.496431493759155,25.159957504272462,2.9263269662857057,1.0659671545028686,2.738794708251953,0.4973933458328247,19.201069831848145,2649.111694335937,90.03043670654297,7.097976589202881,27.672880935668942,13.05086545944214,2631.300396728516,5601.331708478928,8592.348896531761,0.2774349618674023,881.5155953805682,140.200369566679
100.58342098424448,30.71386141949333,2.4592206478118896,26.167742347717287,2.8478779792785645,1.6344646692276,2.989132285118103,0.5531128823757172,18.91468963623047,2630.28916015625,87.6169044494629,10.818785572052002,29.774828338623045,14.407575035095215,2659.866094017029,5934.90860004425,9302.22216779422,0.3076958713730951,879.8722182916026,150.0761662185192
99.9065348943139,31.433940619649366,2.353094959259033,25.58272762298584,2.8771295309066773,1.6206053972244263,2.993655729293823,0.5303106606006622,18.098835372924803,2552.7226806640624,88.51685028076172,10.94700984954834,30.35898094177246,13.96095600128174,2648.8097036361696,5495.60457034111,8831.751160755568,0.3074612361126151,883.3221349044085,150.85079906433822
96.2118502347325,36.54395186249167,2.339072585105896,25.20773696899414,3.0545836687088013,1.7483841180801392,3.4182583332061767,0.6426978528499603,17.99175453186035,2375.1728271484376,93.9763557434082,11.86300277709961,34.067559814453126,16.52538356781006,2571.0511667251585,5028.457743978501,8666.930009086058,0.3538645027932944,886.2594081450486,153.310958224535
99.6346122903512,32.84871055725962,2.4394960403442383,26.893858909606934,2.8684332609176635,1.7506805777549743,3.0295318126678468,0.5575087487697601,18.763185501098636,2655.09931640625,88.24928283691406,12.038286209106444,30.935179138183592,14.506870460510251,2638.596025085449,5932.818953943252,9326.85358664114,0.3146874373496907,880.1924957884767,152.60535072386264
106.93529216216848,27.96759298946709,2.3600067138671874,24.48339614868164,2.8136719465255737,0.8939336895942688,2.528965187072754,0.4817816644906997,18.15279922485352,2714.660595703125,86.56453170776368,6.164077234268189,26.739650535583497,12.684043407440186,2681.1816455841063,6015.785591268539,9025.263413773291,0.2787815657335966,878.2350519760905,136.5039296336472
103.40251902249084,29.437292710179463,2.332490015029907,25.56753387451172,2.717221689224244,1.0638071060180665,2.6236647605895995,0.4906022012233734,17.939844131469727,2781.069799804688,83.59717407226563,7.102407217025757,27.479616737365724,12.83914785385132,2685.8867403030395,5960.702900123596,9093.623742601276,0.2705584192688539,878.7225421434662,139.8469157166779
102.53841338072588,31.83495898745023,2.3955220937728883,26.613075256347656,2.9211137294769287,1.7234180450439454,2.955789446830749,0.5592711985111236,18.4261173248291,2717.248120117188,89.87007293701171,11.446029472351077,30.010290145874023,14.656007862091064,2673.988198471069,5978.106771421432,9360.136533485353,0.3090421871153083,880.0730503476543,151.3950536325574
103.71599730986205,32.60357896257192,2.3423657417297363,26.936625289916996,3.066960096359253,1.8107304215431208,3.1943631410598754,0.5564778447151184,18.015783309936523,2727.9992919921874,94.35711135864258,12.135497093200684,31.535902404785155,14.519671630859374,2655.2466621398926,5566.901757717133,8856.873316499219,0.3222561731603074,883.2136931944071,153.21378540694712
99.03271032955726,35.37997996909544,2.2977568387985228,26.42759780883789,2.8444453477859497,1.8516274690628047,3.249730038642883,0.6208399295806885,17.673974609375,2549.6348876953125,87.51130676269531,12.447290420532228,32.90410537719727,16.123623657226563,2623.435450935364,5417.383016681672,8908.85268917121,0.3523280642285072,883.7539531686168,153.9899890869856
94.87715423144871,35.81981847751886,2.451522827148437,25.51284065246582,3.076102137565613,1.8287291646003725,3.595877242088318,0.623467355966568,18.85610008239746,2367.134155273437,94.63836822509764,12.196101093292237,34.97122650146484,16.09954376220703,2559.184426689148,5043.348847198487,8776.943037366867,0.3925133512646425,886.2944918786758,153.97970015108586
100.32106724055458,29.398300242517145,2.369914531707764,25.75522937774658,2.917611575126648,1.2382458090782165,2.6944345474243163,0.5240141451358795,18.229104232788085,2719.2148681640624,89.76228561401368,8.309429454803468,28.2642505645752,13.733304595947263,2658.3999626159666,5701.1042001724245,8920.549350395053,0.2781749263587687,880.7994147719379,143.95281315818428
88.0547446578782,42.34186352412216,2.4976260662078857,26.968359184265136,2.837669253349304,1.9519301772117612,4.01047306060791,0.7445415496826172,19.2102165222168,2334.09375,87.3028175354004,13.501640892028808,39.71474418640137,18.954795265197752,2521.8564216613768,4696.311544561386,8826.551843348332,0.4402643544250167,887.9240347565589,156.76472272872925
94.7432043983432,34.89897805415094,2.433557510375977,27.088938522338868,2.8508130311965942,1.6628446578979492,3.4139654874801635,0.6218526005744934,18.71859359741211,2517.532592773437,87.70725173950196,11.025586986541748,33.9140682220459,15.998634338378906,2581.9164323806763,5318.984931659698,8878.603904572688,0.3475745186395364,884.4073339114126,151.2960181325674
92.76840185147694,35.348041439522056,2.5088553428649902,27.15339298248291,2.9413691759109497,1.805893850326538,3.2522196531295777,0.6033929109573364,19.296689987182617,2481.0567626953125,90.49325408935547,12.395771026611328,32.95832824707031,15.613053131103516,2560.462559127808,5203.283794403076,8843.165970728547,0.3507652860759818,885.413202603678,154.1346212759614
86.61196024882133,40.990023338980976,2.3909735679626465,26.64780197143555,2.9592263460159303,1.8246446013450623,3.935934615135193,0.7391506671905518,18.39092063903809,2280.3549072265623,91.04260787963868,12.614493560791017,38.66406211853028,18.806563758850096,2518.166227149964,4668.511908626557,8803.858845042438,0.419268639665097,887.6287535231088,155.1242491081357
100.95139551508734,27.83746407057624,2.3703006505966187,26.453150749206543,2.826182150840759,0.985675609111786,2.64907853603363,0.4888805270195007,18.231398582458496,2708.9031494140627,86.94943313598633,6.721867036819458,27.312013244628908,12.633499240875244,2630.674875640869,5582.203143978119,8616.086365108378,0.2921896169951651,881.388483016866,138.90765142142772
99.02633384533668,33.23502360554412,2.466546058654785,26.09740829467773,3.0214228868484496,1.8937005996704104,3.218550133705139,0.5951416969299317,18.97249984741211,2516.7961669921874,92.95615310668946,12.732701301574709,31.99060344696045,15.599447536468508,2599.1691583633424,5407.897296237946,8828.947997189127,0.3518813881080423,885.0096969670645,154.6241936698556
105.88884161157702,25.256163664604536,2.4280271530151367,23.83418998718262,2.853378224372864,0.6442842125892639,2.4721285820007326,0.4579742044210434,18.675385093688966,2756.0532958984377,87.78609008789063,4.4800153255462645,25.64846878051758,11.889335346221923,2685.830363845825,6006.216723299027,8846.447186134383,0.2538776319241151,877.6598784511614,129.100470552966
105.65045719491629,25.65143029349856,2.2912241220474243,24.293125915527344,2.8983506202697757,0.7765602231025696,2.528970551490784,0.4659738510847092,17.62221336364746,2746.9507080078124,89.1697151184082,5.101974964141846,26.25624809265137,12.028097343444824,2676.9257637023925,5764.408706760407,8749.115039956941,0.2619662105251336,878.1566290352872,131.92930706590414
90.4599768017554,39.12641766988672,2.505552315711975,26.939195823669436,2.773049998283386,1.7266843438148498,3.8839110136032096,0.6752955794334412,19.270647048950195,2397.234716796875,85.3147979736328,11.589652633666992,38.03682327270508,17.26833438873291,2542.581463241577,4713.670646905899,8721.395771239326,0.3918735161889344,887.4394605418711,153.04559141248464
94.52442709272714,38.85665586199612,2.499718427658081,26.305884552001952,3.0450758218765257,1.8006362318992617,3.651567721366882,0.7077715516090393,19.2276668548584,2433.16337890625,93.68384628295898,11.83139991760254,36.498630905151366,18.25688800811768,2591.1581789016723,4888.733455085754,8731.076463257521,0.3923389733186923,885.932641450004,153.3679192006588
93.50913058844962,35.97316836100072,2.3199377059936523,25.63612728118897,2.7971030712127685,1.9486570358276367,3.258617472648621,0.5942024946212768,17.84455680847168,2355.027416992188,86.05477600097656,13.534838676452637,33.60085105895996,15.705235385894776,2576.3676443099976,5095.556822824478,8807.150981972367,0.3531148695717939,885.3833643848324,156.11100483685732
100.13727953023069,31.102985595632344,2.2756272554397583,24.971035957336422,2.9030150890350344,1.5965256690979004,2.9305413246154783,0.5492214620113373,17.50260372161865,2479.995581054688,89.31320648193359,10.950897216796877,30.013386917114257,14.213909149169922,2616.8014686584474,5535.4323466777805,8751.099472420476,0.3120046574432486,883.3300591303748,150.86280292868614
102.06292795993998,27.606473663868385,2.3612749338150025,24.30997657775879,2.871882128715515,0.8664107203483582,2.508263778686524,0.4785812735557556,18.16271686553955,2575.3589111328124,88.35541763305665,5.842439413070679,26.4085298538208,12.610206985473631,2645.4275119781496,5664.61018409729,8751.510484809614,0.2772067977115512,881.0687166093701,135.4671895056963
101.99960399495532,32.12727111587301,2.3802330493927,27.11811294555664,3.134669756889344,1.7788184881210327,3.1773249387741087,0.5529744684696197,18.308399200439453,2682.989990234375,96.44026794433594,11.986037063598634,31.333833312988283,14.352635478973388,2642.7029258728026,5531.006085968018,8880.335761479475,0.3412121986362512,883.01668876289,152.8785031080246
106.98529660820388,26.47980693296995,2.281570792198181,25.51712760925293,2.7604092597961425,0.7998161375522613,2.524886822700501,0.4736183285713196,17.548894691467286,2845.519140625,84.92589416503907,5.449791955947876,26.307842826843263,12.15931749343872,2685.977311325073,5996.128664255142,8970.216688890383,0.273993814791902,878.1463123624886,133.5821584403515
105.26031288089544,26.16811793919187,2.348246622085571,25.64931926727295,2.926938390731812,0.7340612769126892,2.515693593025208,0.4481465220451355,18.06118659973145,2806.59638671875,90.04923477172852,4.880723667144776,26.051915168762207,11.811639785766602,2655.848864555359,5618.227388048172,8497.577263626456,0.2749275930807925,880.5963537359603,131.15718620494007
101.13006572225704,31.61953862532973,2.35434513092041,27.870670890808107,3.1350162744522097,1.663295328617096,3.043758988380432,0.5375824570655823,18.10897617340088,2740.564306640625,96.45091400146484,11.465421676635742,30.58589458465576,14.172655296325685,2606.7104362487794,5448.268937969207,8741.972455341554,0.3329939494671241,883.419728127377,151.9872284643352
104.93049910095642,27.07652899553068,2.3594223737716677,23.646614837646485,2.845907783508301,0.6954241752624511,2.426924157142639,0.4381755232810974,18.14751262664795,2750.5890869140626,87.55629272460938,4.855369186401367,26.368849182128905,11.595234203338624,2693.8529027938844,6066.140177440643,8915.555599018931,0.2507472116674762,876.6396394689716,130.8270522441715
92.7012472543392,38.822576334280896,2.3018722534179688,24.92088108062744,3.008466601371765,1.7252482056617735,3.8146745204925536,0.6491752862930298,17.705698013305664,2266.348974609375,92.5575439453125,11.655348300933838,37.72334289550781,16.92953567504883,2551.598431396485,4990.140965890884,8857.671563109756,0.4013695122295758,886.0543139069727,153.01559496074916
101.16754178617182,29.305937838274986,2.4414674282073974,24.663388442993163,3.004532790184021,1.3056846737861634,2.7657044887542725,0.5179861783981323,18.77896213531494,2510.9579345703123,92.43651275634764,8.571254634857178,28.51907253265381,13.623991584777832,2646.2317918777467,5885.834602451325,9162.599381357804,0.3037392085898635,880.2956556186695,144.60402669236063
93.90034387263374,39.08614618019201,2.354875326156616,26.47319622039795,2.920783042907715,1.898658561706543,3.6316654682159424,0.709772777557373,18.11360740661621,2436.504052734375,89.85988235473633,13.20731258392334,36.39973602294922,18.09911193847656,2571.165612220764,4976.715983247757,8763.558775544167,0.3789282264391659,886.557741775651,155.96496662199496
101.80245337652455,31.10541553418152,2.428532171249389,24.79231948852539,2.782532930374145,1.416156029701233,2.832213568687439,0.5117785513401032,18.680006980896,2582.57568359375,85.60654907226562,9.3737398147583,29.357424354553224,13.258244514465332,2677.514461517334,6114.699458026886,9371.425650793874,0.286417262064422,878.3925584647228,146.5457752853632
94.59836112006246,35.966485516075046,2.507158041000366,26.91896495819092,2.8135045766830444,1.8071993589401243,3.5559950351715086,0.6464107632637024,19.283422470092773,2492.75947265625,86.55934524536133,12.358553886413574,34.884639739990234,16.814182662963866,2583.274794006348,5245.692985868454,8910.219862291962,0.3708726087933692,886.0234621151554,154.2671350061893
88.04009979835276,38.01728292121552,2.325718879699707,26.244572830200195,2.7789458990097047,1.8874687552452087,3.657525587081909,0.6324500262737274,17.888959884643555,2284.7057861328126,85.4962059020996,12.762943172454834,36.1120964050293,16.463483238220213,2518.735004043579,5052.583398866654,8985.071729930118,0.3736564834206203,886.4052091459089,155.09974199831487
107.23244472361615,30.38039260972291,2.279823994636536,27.09189682006836,2.9492014169692995,1.2833946466445922,2.669202280044556,0.5280313432216645,17.53610782623291,2948.713427734375,90.73415832519532,8.555476856231689,28.220556259155277,13.597142124176026,2691.528761672974,5974.029538059234,9124.119131347725,0.2920550343018514,879.1718159219132,144.35570767819885
98.19883271234802,34.804172625858335,2.400408983230591,27.528947257995604,3.009631395339966,1.903901219367981,3.3156751871109007,0.5865900874137878,18.46383285522461,2641.336303710937,92.59337844848632,13.239883422851562,33.08150520324707,15.17804718017578,2603.429517745972,5575.465681409836,8991.287456639857,0.3350817689696436,883.5392430434243,155.34933293312787
98.42570826222664,33.00264885909856,2.448765277862549,26.99529438018799,3.062655544281006,1.916342496871948,3.254779815673828,0.5943054854869843,18.834917068481445,2593.032861328125,94.22469711303712,13.302541732788086,32.24470520019531,15.39197063446045,2602.693482017517,5287.050485610962,8728.016501599737,0.3403343465221074,885.1436001151494,155.64127941429615
97.92070349170552,33.16660909410566,2.370133638381958,25.681446838378907,2.904602217674255,1.8121858835220337,3.08137309551239,0.5559603333473205,18.229692459106445,2475.187158203125,89.36205444335937,11.898179054260254,31.583935546875,14.698618125915528,2627.5354948043823,5595.941333293915,8962.29140746314,0.3153914081014649,883.0724684495392,152.7346538811922
105.09935928755374,28.20081962174736,2.266505742073059,26.048294258117675,2.9681366205215456,1.027733302116394,2.542054271697998,0.5022315502166748,17.4329252243042,2852.941870117188,91.31674575805664,6.728607940673828,26.792137718200685,12.93561019897461,2690.604196166992,5673.514552164078,8849.825535988808,0.2790436709972134,880.1081070836183,138.68213580176234
94.09679361478958,37.45797695564106,2.4621741771698,26.534766578674315,2.9249411106109617,1.7761152386665344,3.386725664138794,0.6349339604377746,18.938217163085938,2451.718237304688,89.98782196044922,12.288246154785156,34.58972015380859,16.368252754211426,2589.900344848633,5420.8923603057865,9020.723687429168,0.3489183815335028,884.8628381285874,153.94168054312468
94.74843301735145,34.66655863057822,2.4635109901428223,25.3437198638916,2.9180649280548097,1.8447299003601076,3.2830962896347047,0.6061632394790649,18.948434829711918,2357.560107421875,89.77625732421875,12.255809783935549,32.94217758178711,15.810625743865966,2580.132400894165,5371.27847905159,8906.120839746483,0.3360551806556276,884.9042615743717,153.80531515926123
94.74964668403506,37.4851294036489,2.391464710235596,26.577702522277832,2.8103328227996824,1.8502339601516724,3.623153567314148,0.6527233839035034,18.394799613952635,2462.5670166015625,86.4618408203125,12.58252992630005,35.88085594177246,16.72487316131592,2578.05778427124,4964.876752758026,8740.515021701902,0.3778003209488815,886.3455551343283,154.76429643034936
91.85101511667897,38.34602774879895,2.329932451248169,26.293585968017577,2.935984826087952,1.899969184398651,3.8305010318756105,0.6600847661495208,17.92192268371582,2369.321240234375,90.32757568359376,12.84129056930542,37.27992248535156,17.19062557220459,2509.0908294677733,4939.722459220886,8796.781777282991,0.4064238205610309,887.8016556745646,155.4920308575034
91.69399298438492,36.25962722986005,2.293769955635071,25.138324356079103,2.9374575138092043,1.7337841749191285,3.5630844116210936,0.6049887597560882,17.642608642578125,2264.893896484375,90.37289581298828,11.588261699676512,35.01822776794434,15.727597332000732,2517.370422554016,4963.961682844162,8755.690161419847,0.3825661271635908,887.508830525451,152.92654266357422
97.44763785729744,33.141991870570926,2.377389430999756,27.38912944793701,2.9537575244903564,1.7744887351989749,2.969772553443909,0.5535510241985321,18.286518096923828,2612.63046875,90.87436065673828,11.957246780395508,30.635049057006835,14.509634494781494,2592.8198720932005,5534.879607772828,8875.972212098166,0.3261762326715458,883.4967317259485,152.87010890245438
102.3597263165331,29.30104618431069,2.3528419733047485,25.84412040710449,3.058172607421875,1.2443305850028992,2.8049031496047974,0.5211631476879119,18.09627857208252,2670.1072021484374,94.08676223754884,8.617017936706542,28.66631679534912,13.39209966659546,2638.746597290039,5417.334962129593,8569.695403109863,0.2987030299642356,882.4851691718025,145.09285859465598
102.39877150881117,31.32403539037332,2.411402702331543,24.516758728027344,2.7566014766693114,1.5128154158592224,2.748068118095398,0.5410541534423828,18.546499252319336,2574.5132080078124,84.8087371826172,9.931621551513672,28.92577247619629,14.215875720977785,2684.8807107925413,6116.093766498566,9355.15331269484,0.2853001208812029,878.4472681227722,147.9381107725203
102.97015826425393,32.8011992785614,2.451050329208374,24.544651985168457,2.854026770591736,1.5825863480567932,2.8499974966049195,0.5313570082187653,18.852878189086915,2588.232885742188,87.80608367919922,11.034120655059814,30.23456974029541,14.07362174987793,2680.685714530945,6241.802715110779,9502.75971312821,0.2900220901720652,878.3045672502282,150.50156486183403
109.1514764374053,29.948812322597952,2.3343626499176025,26.47419548034668,2.945647430419922,1.2195204138755795,2.657159376144409,0.5197957277297973,17.95583724975586,2974.957275390625,90.62485198974608,8.200316238403321,27.91723403930664,13.435623836517331,2708.506363487244,5824.126285123825,8943.070846212655,0.2852533603274486,878.9511061001716,143.37405555844308
104.6057959016825,26.103389935637825,2.2801580667495727,23.753485107421877,2.9233370304107664,0.605166906118393,2.34672269821167,0.4377889066934585,17.53885860443115,2673.40498046875,89.93848342895508,4.011897253990173,25.04141845703125,11.411215019226074,2686.802114677429,5777.559024143219,8771.976457546465,0.2592164281522855,878.0854050823833,126.6145042721182
109.9560911663101,26.687795690540224,2.4497859477996826,23.46427059173584,2.86502628326416,0.7015748262405396,2.416416597366333,0.4408370792865753,18.84262466430664,2809.3641357421875,88.14450302124024,4.721189785003662,26.01843681335449,11.453393173217773,2716.5810050964355,6066.34293589592,8851.442396934517,0.2554329040227457,876.5597537311467,130.16848738491535
89.4353159024198,38.65588076887652,2.3979323625564577,26.41256160736084,2.991000032424927,1.9559675455093384,3.534278464317322,0.7074967980384826,18.4437255859375,2330.128857421875,92.02015838623046,13.519488334655762,35.605295944213864,17.908682441711427,2503.7001358032226,4842.930111646652,8691.84119866509,0.3714260087333969,888.2435498984814,156.62801369726657
95.2219601002511,37.36598104122095,2.4530599117279053,26.806924247741694,3.0329270362854004,1.6946815967559814,3.529390740394592,0.656997799873352,18.867174530029292,2497.0832763671874,93.31004638671877,11.334282970428466,34.96625900268555,16.872419357299805,2574.203151702881,4832.228734970093,8586.676518658362,0.3601559417380485,887.0698183657835,152.38941048234702
101.56923749549054,32.55865740892477,2.510061287879944,25.87684154510498,3.0224661588668824,1.6257472157478332,2.8897395610809324,0.523750239610672,19.306690788269044,2587.459765625,92.98824844360352,10.665998077392578,29.933203125,13.86446018218994,2631.4616273880006,5640.832939291,8850.253721326031,0.313864296390257,882.7083732878993,150.13276428729296
105.1810534371142,28.77364475503564,2.400378584861756,26.25650634765625,2.878701114654541,1.1329903483390809,2.675444984436035,0.501252043247223,18.46351127624512,2822.3779296875,88.56520919799804,7.576429557800293,28.09981918334961,13.195390033721925,2668.569373893738,5561.822653818131,8610.067918676697,0.2858738826005719,881.6176385648184,141.75346138998867
104.96219383486218,28.02482013772242,2.475406050682068,26.038401985168456,2.840860056877136,1.000673919916153,2.738539457321167,0.458218365907669,19.04029026031494,2842.469970703125,87.40099487304687,6.680952358245849,28.20029697418213,11.945741367340087,2675.2963514328003,5832.409221553802,8970.55221206285,0.2818063347159192,879.5436182712219,138.49125150591135
105.48771775125132,24.50987043513451,2.3583974123001097,23.302132606506348,2.728863477706909,0.5115474045276642,2.228396201133728,0.4041550308465957,18.13996696472168,2763.0816650390625,83.9553436279297,3.4887683153152467,24.09502124786377,10.702203273773192,2693.7837518692018,5923.288898849487,8710.489281958715,0.2489646030822769,877.0868749155259,123.78548945486546
91.65145130286116,35.7778351883404,2.43015456199646,26.306649208068848,2.893098950386048,1.951690912246704,3.335311126708985,0.5989424586296082,18.691871643066406,2377.1279296875,89.00816345214844,13.350306510925291,33.369380187988284,15.494529342651369,2563.4330633163454,5091.060423612595,8840.92764777299,0.3546101750500471,886.5849176647819,155.98372026979922
110.68324318549966,25.632263381988743,2.284035754203797,24.332359886169435,2.8536397933959963,0.6488264381885529,2.5016238689422607,0.4223424673080444,17.5678560256958,2828.6017578125,87.7941764831543,4.312817478179932,25.946234130859374,11.104693794250489,2695.4267736434936,6146.638207387924,8956.685010259225,0.2674867337773321,876.5588689398035,128.1303494721651
110.87681309101704,26.13125418815762,2.2490278482437134,23.81578712463379,2.754763507843017,0.6386743009090423,2.3312970876693724,0.4636863648891449,17.2991792678833,2839.75966796875,84.75219650268555,4.348752880096436,25.06553268432617,12.00023889541626,2709.021223258972,6443.975400304795,9050.2862722693,0.2540001268062042,875.2800216728698,128.17152272835375
100.93842021967755,31.03038970227353,2.377757787704468,24.82445869445801,2.7319849491119386,1.3489635825157165,2.730807018280029,0.5109393417835235,18.28897075653076,2604.7197021484376,84.0514015197754,8.981586360931397,28.8766149520874,13.45854320526123,2679.5014707565306,5774.43748960495,9083.735339974051,0.2814164456394287,879.7128712761354,145.68269039168953
88.61159815699821,45.26730014872737,2.436277389526367,26.567151641845705,2.9841179609298707,1.8917588591575625,4.116856813430786,0.7489178419113159,18.739500045776367,2316.15869140625,91.80841598510742,13.116808414459229,41.37251205444336,19.35725975036621,2536.298054885864,4712.454172515869,8859.356273275615,0.4267268586554564,887.9258228392803,156.2022656559944
94.5790707134026,33.86183291655034,2.3711116313934326,25.61880741119385,2.8993082523345945,1.7882009744644165,3.317070960998535,0.5751744329929351,18.238075256347656,2379.961181640625,89.19919891357422,12.212287902832031,32.51284599304199,15.121542167663574,2569.3775211334228,5259.137089109421,8831.611239978858,0.3452460235112966,886.0202316620868,153.82114201933146
96.48030130129902,37.05677295774221,2.4749733209609985,26.87988357543945,2.828967022895813,1.781283617019653,3.6644906044006342,0.663004332780838,19.037182807922363,2526.2005126953127,87.03510894775391,12.277653980255128,36.37725944519043,17.079772758483887,2573.1808309555054,4768.200578069687,8544.225127739832,0.3910036849498283,887.7071933875046,154.33486920148135
95.12907587469851,38.84474808936939,2.3134939670562744,26.72248516082764,2.929122877120972,1.9561837553977963,3.780572700500488,0.6917917907238007,17.795188903808594,2482.75625,90.11646881103516,13.543048858642578,37.27931861877441,17.765443420410158,2555.4198982238768,4927.151507091522,8727.612264372223,0.3918575428120675,887.8847930599313,156.73804086148738
104.93603174681444,27.29142127244268,2.4768473386764525,24.81703510284424,2.851315641403198,0.7315477192401886,2.439683938026428,0.4425373136997222,19.05051918029785,2773.621142578125,87.72267074584961,4.883213663101197,25.92791805267334,11.647350406646728,2678.5640825271607,6070.049018144608,9007.189776789211,0.2625093136053428,877.7226055292624,130.89829822704195
105.40732784426515,26.54827671232633,2.4487664699554443,24.470401191711424,2.788277292251587,0.6679666757583618,2.423168659210205,0.4398869484663009,18.83397674560547,2736.206298828125,85.78327026367188,4.55671124458313,25.791658210754395,11.424725914001463,2683.0765033721923,5822.492107534408,8816.013717982732,0.2662737220001873,878.6601491475601,129.53374121971427
99.59447557389498,34.40027285604738,2.319582986831665,25.878451347351078,2.895512843132019,1.7841039180755616,3.118183708190918,0.5914896786212921,17.84129524230957,2516.8787353515627,89.08242950439453,11.975485801696776,31.678181648254395,15.252865314483644,2638.9628324508667,5337.429341030121,8774.655981856584,0.3256888647716502,884.8474322443333,153.17625427544118
88.70639594470839,40.08009289521724,2.4600260496139525,26.70189380645752,2.930531620979309,1.8395943522453309,4.026532506942749,0.6830102562904358,18.920568466186523,2337.1748291015624,90.15983581542967,12.262463569641112,38.7858283996582,17.658502960205077,2489.670972251892,4667.775259160995,8691.750609453116,0.4044207566068508,889.8712509073666,154.86433852612973
95.32609690494616,33.34552111206576,2.38811719417572,26.360770225524902,2.90013325214386,1.8590410470962524,3.155932140350342,0.5660658419132233,18.367804527282715,2467.0998779296874,89.22458038330078,12.442998123168945,31.840935516357423,14.950376510620115,2594.865828704834,5523.189752531051,8988.536373968982,0.3291056721937236,883.6301967784908,153.8568797469139
103.12909273837307,28.3690941398032,2.3956228494644165,24.53789653778076,2.8900959491729736,1.0385124564170838,2.7254951000213623,0.4818982899188995,18.426746368408203,2597.8603515625,88.91577682495117,7.0880051612854,28.08898296356201,12.45143918991089,2645.6309309005737,5478.43212313652,8505.714390529134,0.2871265271009179,881.8351832533332,140.2270832620561
99.91022581992053,35.01079218965024,2.5111825466156006,27.016678428649904,2.9183069229125977,1.780085206031799,3.2590722322463987,0.602381581068039,19.315961837768555,2625.744482421875,89.78372116088867,12.041315078735352,32.63595390319824,15.716891479492189,2615.805204200745,5387.95523109436,8838.347515214607,0.3469296413557223,884.7903908408,153.36541879326106
92.43461629690012,38.00138603360392,2.3530755043029785,26.015588188171385,3.0073227405548097,1.902928340435028,3.4627629280090333,0.6147705495357514,18.099170684814453,2366.7904296875,92.52235412597656,13.0802791595459,35.2800968170166,16.046119499206544,2562.4904302597047,4956.158353328705,8783.032371714897,0.3690781793495851,886.4413449969943,155.6136530086398
92.6680614158002,38.51615769672208,2.3582065105438232,25.828869819641117,2.854329776763916,1.7691458463668823,3.817407655715942,0.6998886346817017,18.138694763183597,2342.90556640625,87.81542510986328,11.995413303375244,37.17154006958008,17.710303497314452,2540.9084087371825,4799.492247962951,8676.064075049759,0.4003404713701456,887.8351140442159,153.88494349122047
104.43228882234496,28.90325234667398,2.3449356079101564,25.623871994018558,2.8870168685913087,1.132342553138733,2.7015897274017333,0.5054287135601043,18.037067031860357,2785.5797119140625,88.82105331420898,7.819466781616211,28.420252799987797,13.10175724029541,2672.607936668396,5490.842728519439,8496.824193522893,0.2789023638732033,881.6127217647576,142.64484194144606
94.93104753990482,38.05233706953004,2.297863006591797,27.14505424499512,2.916007876396179,1.8770517110824585,3.653575444221497,0.6196623146533966,17.67453956604004,2522.2478759765627,89.71299362182617,12.998310089111328,36.21322441101074,16.3497615814209,2571.2535736083983,5333.497353410721,9005.243530986085,0.3725584605798944,885.1084437818375,155.3186565205455
101.34017364658256,31.942116199154405,2.3705005645751958,27.694063186645508,2.9651736497879027,1.7312569975852967,3.04408483505249,0.5452304363250733,18.233674430847167,2744.155639648437,91.22559356689452,11.862573337554933,30.75618457794189,14.19676570892334,2625.3450828552245,6095.952803850174,9467.853014772012,0.3255865801665658,880.2815335924863,152.31296913027762
105.42645077445266,28.21296498456504,2.440117025375366,25.472870063781738,2.7205496072769164,0.8879371166229248,2.4924598217010496,0.4790825992822647,18.76733684539795,2850.74697265625,83.69958038330078,6.147570037841797,26.84613800048828,12.4172776222229,2699.372735786438,5764.583173656463,8869.093872617745,0.2660045142128034,878.6304147158138,136.4801593504846
93.56516032751895,36.3790913855657,2.504061222076416,26.67866153717041,3.0543453693389893,1.7376246452331543,3.327097463607788,0.6272297680377961,19.259994506835938,2456.505078125,93.96903915405274,11.835109996795657,33.79895095825195,16.129265785217285,2584.658107185364,5135.885138845444,8786.240886856802,0.3390728702499231,886.2560648269107,153.23712484389543
105.62288486322866,28.71609360561706,2.389777112007141,26.563560676574703,2.80021550655365,1.0801513195037842,2.640490198135376,0.488977637887001,18.38210563659668,2853.700732421875,86.15055847167969,7.384803771972656,28.18734741210937,12.659329986572263,2682.509866714477,5680.454102754593,8895.916220542975,0.2939728733640282,880.2907843976024,141.03402987346053
98.12658056544709,32.10985895721242,2.4027820587158204,24.976088523864743,3.044889974594116,1.6966800093650818,2.950126791000366,0.5382251977920532,18.481568145751957,2423.85361328125,93.67811889648438,11.188200664520265,30.472280502319336,14.05940580368042,2595.1509099960326,5408.022955513001,8721.621219290235,0.3171284532200491,884.5257796089624,151.44449032992125
102.99402554021816,29.84557232467923,2.348846435546875,25.90353755950928,2.949784135818481,1.0601927518844605,2.61641058921814,0.4980895280838012,18.067397689819337,2800.402807617188,90.75213470458984,7.4122230052948,27.841269874572752,13.040743637084962,2680.16103477478,5571.309107637406,8726.153568154201,0.2708677073620492,881.6539538145031,141.29616490527988
102.41232160740137,29.66901674871333,2.341451644897461,26.55379161834717,2.768258881568909,1.1179744601249697,2.7023049116134645,0.4871815770864486,18.01033992767334,2789.1082275390627,85.16738662719726,7.600382041931152,28.161462020874023,12.618941688537598,2657.8029598236085,5656.710798883438,8898.81233479809,0.2917108330922071,880.4413526580081,141.74927997142078
103.4868449910476,28.694418258965012,2.382796239852905,24.05862522125244,2.709233021736145,1.0510361790657043,2.5853570222854616,0.5068343937397003,18.32699508666992,2642.14462890625,83.35140380859374,7.044480657577514,27.44499340057373,13.14744243621826,2680.6618139266966,5891.709364557266,8999.808552468196,0.2667824225688005,878.5025056707825,139.6871725477278
96.13974510459484,36.98062032023445,2.337340831756592,26.024334144592284,2.834582710266113,1.744895577430725,3.252329707145691,0.5885107040405273,17.977567672729492,2450.0048095703123,87.20787353515625,11.76188850402832,33.483451461791994,15.602321338653564,2595.9031587600707,5342.29396739006,8902.060919021442,0.3397909844120269,884.8089738820927,152.85667617022992
102.16916965413604,29.83551644636318,2.433545231819153,25.856052589416503,2.911085319519043,1.2444907426834106,2.705628561973572,0.5281231880187989,18.71752643585205,2693.628955078125,89.56154174804688,8.499166488647461,28.325478935241694,13.81805124282837,2636.4266332626344,5427.763770580292,8538.055628893339,0.2920650610438315,882.406207595759,144.67818196415902
86.6065228860273,42.55683175511658,2.293470859527588,26.847819900512697,2.8007643699645994,1.7565735816955566,3.851772689819336,0.776168167591095,17.641332626342773,2295.434423828125,86.16742095947265,11.879289627075195,38.929704666137695,19.642561531066896,2519.5981424331667,4826.176606178284,8906.531542812289,0.4091995078546461,887.8131769791537,153.8018364444375
98.2422104493654,34.26995471687987,2.371915817260742,25.364574241638184,3.063763213157654,1.847952699661255,2.9981316566467284,0.5975858509540558,18.24323081970215,2472.5224609375,94.25880279541016,12.52035140991211,31.33923397064209,15.597294902801512,2625.986741447449,5984.490242862701,9425.680861867031,0.3160311559640092,880.4437166938675,153.588132943213
98.02324836030284,33.13469799878076,2.4290120601654053,27.32061233520508,2.832835483551025,1.9565506458282471,3.0793801069259645,0.5970369279384613,18.68220272064209,2629.1006103515624,87.15411911010742,13.456097602844238,31.309909629821775,15.48198642730713,2625.249572944641,5787.473692369461,9263.098103166372,0.3402204453650997,882.0303997903102,155.40987619459628
96.90337363588138,35.56414919071831,2.4681875705718994,27.257357597351078,3.09380316734314,1.8451452255249023,3.4331039667129515,0.6358851969242096,18.98478126525879,2586.230541992188,95.1829704284668,12.862236595153808,34.12736015319824,16.559900283813477,2597.246326446533,4999.969056606293,8631.721327874064,0.3416197638825238,886.5448443652698,155.2057664111257
104.93360986784266,30.086979979509486,2.498410177230835,26.673585891723636,2.816151738166809,1.2299888491630555,2.66656379699707,0.5334342241287231,19.217474937438965,2866.507666015625,86.64081649780273,8.542309379577636,28.22162170410156,13.72120008468628,2696.865546798706,5939.68086643219,9131.366868076288,0.287940536687876,879.0171822873605,144.47118212357162
92.6420811201007,36.45631537139416,2.4554474353790283,26.558634948730468,2.838926315307617,1.7638068795204165,3.6298903226852417,0.6303174138069153,18.88678932189941,2413.6409423828127,87.34151840209961,12.031861400604248,35.32661514282226,16.520719146728517,2546.1782043457038,4906.485069036484,8748.879622791335,0.3875831389508676,887.3493002711278,153.81992087513208
99.4123800402434,32.98129004035145,2.365288734436035,26.303793907165527,2.894625854492188,1.6860283613204956,2.9338885068893434,0.5821470022201538,18.193487548828124,2612.6769287109373,89.05515975952149,11.134876251220703,30.66624336242676,15.13806209564209,2654.221370506287,5529.071103334427,8842.021041324177,0.3060201512678386,882.7835354346611,151.1232292920351
96.85206179355198,35.65629432406276,2.379843235015869,26.84067096710205,2.9149208307266234,1.8364821672439573,3.523280954360962,0.6097176432609558,18.305265426635746,2540.08125,89.67952880859374,12.377861976623535,34.725110626220705,15.76785373687744,2587.0683620452883,5147.42027258873,8770.81777849272,0.3586590214008457,885.1546470897003,154.11922467648984
90.6340069171222,40.30615677069873,2.454261302947998,25.62806339263916,2.9889381408691404,1.6962604522705078,3.731877517700196,0.6613172709941864,18.87684631347656,2288.366943359375,91.95673522949218,11.219947814941406,37.053069305419925,17.154440116882324,2564.7464586257934,5224.57906293869,9090.989123954252,0.3886966089805355,885.5618932419427,152.07199409008027
92.4238238573046,40.991432829154654,2.3503522872924805,25.62710361480713,2.9159246921539306,1.8894155502319336,3.709063577651978,0.6822343170642853,18.07716178894043,2326.929370117188,89.71042022705078,13.162199211120605,37.20075759887696,17.50825901031494,2569.470673942566,4950.833068609238,8823.899885106832,0.37840773134958,886.4828499920914,155.91123235076665
105.28850080450054,29.416061638155952,2.4947488069534303,25.042846870422363,2.938507103919983,1.2455562829971314,2.762947177886963,0.5155001759529114,19.18792266845703,2720.6425048828123,90.40515747070312,8.544262313842774,28.650071144104004,13.36382179260254,2669.329765129089,5689.384663629532,8882.43249286022,0.2867749284645075,880.6523816160654,144.6322681725025
104.809362763961,25.83712314844597,2.3252631425857544,26.086252975463868,2.7237531900405885,0.6975900232791901,2.496243381500244,0.4505427688360214,17.884912490844727,2871.584423828125,83.79813766479492,4.709485864639282,25.94685173034668,11.687421226501463,2673.1087020874024,5748.149033355713,8783.920030681602,0.2724670653726207,878.2527981657684,130.14948692768812
108.01062208270432,26.8594902749639,2.325150346755981,23.90455188751221,2.69934024810791,0.791053420305252,2.493322420120239,0.4656773179769516,17.884337997436525,2749.36337890625,83.04705963134765,5.303868627548217,26.264717674255373,12.01883316040039,2696.809785652161,6245.2288840770725,9047.161104245855,0.2608385433249394,876.4181917176672,132.74840616881846
95.40065040398336,36.11577296527103,2.484321355819702,27.2748197555542,2.871140718460083,1.7145248651504517,3.603634810447693,0.6678775668144226,19.10718536376953,2542.088671875,88.3325798034668,11.400791645050049,35.150496292114255,16.951140213012696,2577.864510345459,4920.626689338684,8656.350356050767,0.383460323503823,885.8196862929137,152.37666484713554
101.26095035866884,29.59329947484657,2.405492901802063,25.51871223449707,2.8912159204483032,1.179895281791687,2.651305174827576,0.5082364976406097,18.501547622680665,2657.4709716796874,88.95022506713867,7.900633430480957,28.08520641326904,13.076802730560305,2641.066170310974,5431.451215744019,8523.19367292989,0.2866372164455242,882.2200198660845,142.87132006436588
103.84143176299445,30.37958696894348,2.364891839027405,25.5541259765625,2.783057975769043,1.325918400287628,2.676507377624512,0.5330148935317993,18.1896032333374,2744.599682617188,85.62269134521485,8.831725788116454,28.475955772399903,13.793436241149902,2686.4204471588137,6510.364411401749,9538.871476385928,0.2779263099212671,876.9249650610261,144.94830618947745
100.30923540522303,27.50776534951292,2.4846746206283568,25.628919410705567,2.9601706504821776,0.9010453164577484,2.673193597793579,0.4541045993566513,19.11070156097412,2640.3054931640627,91.07167892456054,6.123265504837036,27.39217872619629,12.011602687835694,2647.0432266235352,5657.898969316482,8830.272100767494,0.2858769690559711,881.1175948491888,136.62971862182022
102.8349338480983,27.556046876381156,2.4760768890380858,25.544203567504884,2.752381658554077,1.0001154780387878,2.7059338092803955,0.4842427104711532,19.043788528442384,2686.4842529296875,84.67890319824218,6.892567539215088,27.793577003479005,12.5587553024292,2634.5387321472167,5649.572034549713,8675.388614533655,0.2851708280621096,881.3659315890757,139.4901654087007
93.17206017954857,38.18109628539533,2.393775463104248,26.02072410583496,3.007131099700928,1.8982127904891968,3.586610722541809,0.648294872045517,18.41118431091309,2384.5801025390624,92.5164405822754,13.010058403015137,36.26892395019532,16.782227516174316,2565.5658424377443,5262.817424631119,8941.739134142548,0.3605394639696647,884.8810753263606,155.33297824263573
103.1737847422946,28.975180447800085,2.313332748413086,25.43696231842041,2.841200852394104,1.236294198036194,2.8346155881881714,0.5046088576316834,17.79308376312256,2589.817846679688,87.4115119934082,8.37968463897705,28.60358619689941,13.28949327468872,2633.3372379302978,5414.210146760941,8583.109854275175,0.3113789150549564,882.3873337886198,144.35607994794844
100.83971173187209,29.801821320829912,2.4687776803970336,24.281019020080567,2.749189591407776,1.3245087385177612,2.820647644996643,0.5225524365901947,18.9893741607666,2521.2075439453124,84.58070831298828,8.827931976318359,28.66015567779541,13.552523612976074,2653.3922758102417,5579.459373092652,8699.888905277661,0.2853554353611514,882.0319721267264,145.50628975257277
99.10703692210352,33.44317523101345,2.3023483753204346,25.85875377655029,2.8944464445114138,1.7508003950119018,2.973633337020874,0.5611022770404815,17.708940505981445,2506.83994140625,89.04961242675782,11.825550842285155,30.943233680725097,14.79628257751465,2611.764918518066,5441.010726261139,8806.101419105753,0.3217505268548542,883.5568571582705,152.64708876162769
108.87875119653336,24.28687577897217,2.299556970596313,24.47574806213379,2.721933794021606,0.5240842282772065,2.351399302482605,0.3955962777137756,17.68753147125244,2855.3700927734376,83.74214401245118,3.4722167015075684,25.39515991210937,10.36714210510254,2690.857015609741,6042.690553712845,8793.33018944189,0.2601656542276032,877.3604200348589,123.65751634202896
108.40103291234452,25.09778435777407,2.2656644105911257,23.209273910522462,2.646369194984436,0.5517437934875489,2.3055533170700078,0.4294937998056412,17.4265775680542,2767.8593017578123,81.41735763549805,3.6674004077911375,24.81948642730713,11.279458808898926,2706.424844169617,6107.6548364162445,8867.51888822671,0.2512954153935425,876.2304763883782,124.6951162479818
98.09890281304918,34.76481646336615,2.318075656890869,26.420872497558594,3.0792175054550173,1.8297410011291504,3.213787150382996,0.594967371225357,17.83011817932129,2531.8701416015624,94.7342414855957,12.786659240722656,32.63635101318359,15.63348846435547,2634.1441604614256,5395.835047149658,8893.092976287753,0.3344083939490941,883.8435017982622,154.5775392174721
107.3898479815575,25.17163275294006,2.4671801328659058,24.007046508789063,2.8286664962768557,0.6594494163990021,2.461386275291443,0.442981493473053,18.9762544631958,2721.4982666015626,87.0258544921875,4.387329292297364,25.83854122161865,11.580209350585935,2686.723850250244,5749.340881490707,8693.011878142133,0.2677707414375618,878.0942228264569,128.57501916587353
100.03310765028132,35.00584267275408,2.396921992301941,27.754221725463868,3.0976542949676515,1.806423902511597,3.3468230962753296,0.593585592508316,18.436830520629883,2701.719873046875,95.30148162841796,12.008675575256348,33.19796142578125,15.545436000823974,2600.7122917175293,5457.240579795837,8852.679128718935,0.3366293993068061,883.5577612961417,153.1376015663147
94.01867255448478,37.353422397002575,2.323793411254883,25.768619728088375,3.027143669128418,1.8141460418701167,3.64546856880188,0.6347796678543091,17.873130798339844,2373.358349609375,93.13212890625,12.155071258544922,35.72035942077637,16.59849262237549,2566.7534057617186,4916.500993537903,8760.303816838375,0.3895977754174964,887.4720569012643,154.11394304931164
92.63340002091084,39.51234967731871,2.5111043453216557,26.864180755615237,3.0744330167770384,1.8378808498382568,3.5563564777374266,0.654057365655899,19.31507873535156,2444.2336669921874,94.58702697753908,12.558112716674804,36.62386322021485,17.051431083679198,2571.070645523071,4972.377713489533,8821.377097135968,0.3873452393483603,886.2680045480444,154.7606293961406
107.05536163165564,28.17906080228277,2.399474620819092,25.691628074646,2.95331449508667,0.9883769869804382,2.574313879013061,0.4927732646465301,18.456682395935054,2915.120581054688,90.86072463989258,6.606584262847901,26.990480995178224,12.65019874572754,2692.3241004943848,5720.004085588455,8796.711438453756,0.2668885357345875,878.7029008736821,138.11752874553204
99.89959933700108,32.16963410982862,2.4512848377227785,27.062802696228022,3.0532626867294312,1.8072561860084533,3.035614633560181,0.571148294210434,18.854272842407227,2699.6462890625,93.9357048034668,12.554688262939454,30.862903213500974,14.965346527099609,2653.796518135071,5777.416699647903,9185.5293092506,0.311764299412923,880.8018893126343,153.68139730989932
98.75034966347344,34.06699726684019,2.464787244796753,25.45701198577881,3.037101435661316,1.725723099708557,3.0515996694564818,0.5526568233966828,18.95736694335937,2483.493310546875,93.438525390625,11.772436141967772,31.13160972595215,14.382559108734132,2612.0130170822144,5541.870876264572,8858.209331412985,0.3158702236153491,883.4850622238431,152.54125812351705
104.54583557345634,24.73848788167816,2.358327388763428,23.381797218322752,2.672495722770691,0.5213933765888215,2.297210431098938,0.399736562371254,18.139083862304688,2674.4654541015625,82.22116394042969,3.49705183506012,24.61013851165772,10.59823293685913,2693.909630584717,5988.600414514542,8841.682929387316,0.2528857484343462,877.2361702606664,123.8469719722867
107.36103050638472,29.748203100217506,2.3053943634033205,26.864689445495607,2.945516324043274,1.2232375621795657,2.7311611413955688,0.5119281232357025,17.731789207458498,2966.4442626953123,90.62083358764647,8.37794532775879,28.53684482574463,13.359835338592529,2694.2984676361084,6041.168254566192,9127.60756210815,0.2860181434163634,878.0024212132521,143.86223268136382
105.33354752376124,27.719351298641413,2.257210922241211,25.1555082321167,2.7991209030151367,1.0073442220687867,2.648768758773804,0.4935346901416778,17.36126766204834,2684.170068359375,86.11687088012695,6.645485496520996,27.363138580322264,12.676434516906738,2670.0421129226684,5582.220688152313,8627.556579200736,0.2909407742292387,881.3759923523554,138.52270564585925
101.84074987304442,32.862695867056026,2.3928423166275024,26.05124034881592,3.058920121192932,1.7774400472640992,2.898486328125,0.5750823557376862,18.404559707641603,2652.7590576171874,94.10973815917968,12.027120113372805,29.99889736175537,15.092178535461423,2650.5045337677,5544.663419771195,8809.244496519863,0.3052833476360767,883.0903257225903,153.0086058974266
101.6809591187164,29.12508196090348,2.317210364341736,26.44588432312012,2.89625244140625,1.2159637689590457,2.850131940841675,0.4985542684793472,17.822830200195312,2734.735302734375,89.10521926879883,8.316938877105713,28.75429344177246,12.946151638031006,2643.522422981262,5522.65419626236,8630.935000105947,0.2919640317704761,881.9658378721222,144.14515846893192
99.55980297150924,29.642423795955256,2.374401235580444,25.636134719848634,2.98321053981781,1.3906161427497865,2.8988537788391118,0.533696073293686,18.263716888427734,2510.934716796875,91.7805274963379,9.613991069793702,29.307914352416997,13.920001029968262,2603.6515815734865,5500.352094936371,8739.77701400835,0.3154704972635954,882.8827331747592,147.76751098409295
103.62330826779558,28.087535180104897,2.470491814613342,24.57186985015869,2.882296776771545,1.01997766494751,2.625815224647522,0.4957951456308365,19.00248737335205,2609.7515869140625,88.67582626342774,6.975224113464355,27.40538005828857,12.889115238189698,2671.748879814148,5481.401252603531,8523.735942224786,0.2862148798594717,881.3895985028485,139.84571601450443
105.8848559497175,26.86461018100381,2.4585442543029785,25.773336029052736,2.853638458251953,0.8587937355041504,2.587994718551636,0.4784897536039352,18.91054344177246,2880.323193359375,87.79412841796875,5.938642501831055,26.87846984863281,12.415678596496582,2683.599142456055,5635.247930908203,8716.105090974457,0.2723612390807829,879.7705674381207,135.80021734312177
105.10688357580771,29.14542563636787,2.279192328453064,25.20992813110352,2.79797785282135,1.0591490507125854,2.6493528127670287,0.479407462477684,17.530075454711913,2760.61630859375,86.08169021606446,7.363508844375611,28.120990753173828,12.556380367279052,2693.8235000610352,6308.520346784591,9281.254992780834,0.2740257065231201,877.2481683349288,140.7370684802532
103.42955877270106,28.290509581309745,2.330363965034485,25.387469863891603,2.9010018825531008,0.8947451710700989,2.494624829292297,0.4842759728431701,17.925275802612305,2757.829760742188,89.25135040283203,6.19071478843689,26.77947864532471,12.652849674224854,2666.234439468384,5638.861567687988,8792.664951670356,0.2774887997860787,879.8744366268863,136.73250484615565
99.55164657951642,30.43534151590429,2.299213910102844,26.2984827041626,2.8958359479904177,1.3030876636505129,2.7566004753112794,0.4891233503818512,17.685339546203615,2658.6233154296874,89.09238510131836,8.656056213378907,29.22694091796875,12.693710231781006,2647.947275161743,5589.530336236954,8760.696634793469,0.2947065664047841,882.0630464363734,145.055329939723
96.2899670203769,34.78346248716116,2.396732807159424,25.90556221008301,2.989351439476013,1.8098331689834597,3.213756346702576,0.6104694545269013,18.434717178344727,2443.998510742188,91.96946487426756,12.00937843322754,32.974731063842775,15.9280255317688,2607.2642377853394,5243.259834003448,8787.434355373121,0.3432035803476507,884.6862132341855,153.29242925345898
107.68412229167708,26.81412876942195,2.3347384214401243,24.076409149169923,2.9232359647750856,0.7534401655197144,2.523348140716553,0.4403871268033981,17.957861518859865,2780.6494384765624,89.93531875610351,5.148124408721924,26.577198600769044,11.601458835601807,2692.720659446716,6138.248609924316,9000.85784825813,0.2577147696320425,876.87826429962,132.20740055851638
95.38011020190706,33.164196014218035,2.502508640289306,26.014190483093262,2.943206310272217,1.8371951580047607,3.213556027412414,0.5657630503177643,19.24762344360352,2434.14404296875,90.54978256225586,12.321279525756836,32.229549407958984,14.78076524734497,2578.435229873657,5452.249886083603,8922.869923087583,0.3393968761177343,884.8776243170257,153.83816894441844
91.5447537653809,44.37003247421235,2.4040032863616942,25.960156059265135,3.000405550003052,1.845966637134552,4.168898391723633,0.7456895649433136,18.49071884155273,2317.4343994140627,92.30950622558592,12.332123851776124,41.66980590820312,19.10600051879883,2511.691130447388,4659.720443868637,8722.113801776246,0.4327877111500129,888.9715457398539,154.92836738675834
104.73379470463703,24.642480018455537,2.3769322872161864,23.281508255004884,2.7086748123168944,0.5475054562091828,2.3034964323043825,0.4377725630998611,18.282341766357423,2721.841552734375,83.33423690795898,3.650011467933655,24.766506385803225,11.388120746612548,2692.690120887756,5847.730032777787,8709.499757793546,0.2503830086439848,878.3720822166106,124.71443026550114
105.91039840469996,28.761710986844264,2.316834044456482,24.74806900024414,2.769047236442566,0.9643738269805908,2.559738731384277,0.4765760391950607,17.8207368850708,2752.398291015625,85.19163131713867,6.716482830047608,27.668990325927734,12.393606567382813,2690.298381614685,5958.944074583053,9021.076586395502,0.2723306913639883,878.5989457904925,138.62576054930688
101.52347184288293,33.09744186853059,2.327008938789368,27.607464408874517,2.8464818477630613,1.6874059200286866,3.0020994186401366,0.5420882642269135,17.89886894226074,2744.08603515625,87.5739501953125,11.686640739440918,30.50062789916992,14.26516284942627,2637.4875326156616,5910.6697714805605,9280.094290283136,0.3242810326946568,880.0840521670783,151.93382783979175
106.48557231848324,26.58886636882089,2.27887647151947,24.625816535949703,3.030099558830261,0.8895784735679626,2.6293750286102293,0.4852306842803955,17.528451919555664,2682.2958740234376,93.22309265136718,6.050613594055176,26.89136867523193,12.604522895812988,2671.490940475464,5406.698511266708,8372.021119712106,0.2888354153372347,881.4196327560742,136.36643772795796
102.37782226953036,30.86129167121835,2.361237716674805,26.37344093322754,2.9322575092315675,1.4864090919494628,2.9280052900314333,0.51981800198555,18.162560653686523,2746.1696533203126,90.21291580200196,10.122804832458495,29.848528480529787,13.581420516967771,2662.376620864868,5984.224969768524,9262.389664239436,0.2961291232974954,879.6052478385378,148.48366030976177
99.3392656877784,33.19025605786592,2.4438509941101074,26.12553977966309,2.934144926071167,1.777682602405548,3.144113039970398,0.5901234984397888,18.79622840881348,2530.502490234375,90.27098846435548,12.121315956115724,31.612694931030276,15.42240505218506,2596.6259050369263,5628.910953187942,8929.938256184385,0.3314600183122658,883.2510663824607,153.25084617286922
98.57880734379506,32.450479469820856,2.379523587226868,26.2482629776001,2.8590603351593016,1.7336529731750487,3.047353434562683,0.5413038551807403,18.302727127075197,2538.5344970703127,87.96093978881837,11.718279170989993,30.67238655090332,14.261980056762695,2619.6628814697265,5649.784128761292,8965.816463948973,0.3191580809485573,883.0939109031555,152.36318353265523
99.48238509654551,32.778142938017844,2.442360639572144,26.61001853942871,2.909853720664978,1.8240602016448972,2.994241786003113,0.5597108244895935,18.78520965576172,2635.7958984375,89.52365188598633,12.0347580909729,30.789576148986814,14.456898880004882,2635.8302421569824,5948.491747999191,9325.134668468312,0.3121698054912762,880.2130712678961,152.5963806450367
103.64371505767691,27.84639970427379,2.467997336387634,23.909673309326173,2.7747451305389403,0.8460463464260102,2.464591312408447,0.485967606306076,18.98227462768555,2679.705737304688,85.36692886352539,5.779076957702637,26.240130043029787,12.66010284423828,2686.6769548416137,5935.382842540741,8938.969300009869,0.2558598176085802,878.0553698361706,134.90427782312037
110.43345579866786,25.261107623763383,2.306478977203369,24.771382522583007,2.806456279754639,0.6192785143852234,2.372361969947815,0.4511545538902283,17.739977836608887,2895.737109375,86.34253997802735,4.166440868377686,25.40810432434082,11.657621479034423,2695.557779121399,6092.860877895355,8840.46192110814,0.2637878264416941,876.3533143051878,127.3229908555746
98.16942300321284,34.18877581683919,2.3213202953338623,27.09304275512695,2.8357239723205567,1.796492087841034,3.185713577270508,0.5602049648761749,17.855287742614745,2599.568603515625,87.24297637939453,12.056538581848145,31.814777374267575,14.800607013702392,2610.9484676361085,5445.758177423477,8878.725552328304,0.3255643035679657,883.6290053783847,153.15162531137466
99.617478353451,33.52786745261401,2.324031352996826,27.547795867919923,2.914984059333801,1.865784215927124,2.98043224811554,0.5780575692653656,17.87538719177246,2695.694384765625,89.68147811889648,12.613272666931152,30.58016300201416,15.1441912651062,2652.270217514038,5763.811396074295,9211.900987456367,0.3221897212267917,880.8428851492529,153.75178031921388
101.79211381565936,30.875240263855083,2.494709300994873,26.770125770568846,2.951908230781555,1.6145896315574646,2.971155524253845,0.551799887418747,19.189096450805664,2718.776416015625,90.81750869750977,11.122418975830078,30.21313571929932,14.422632884979247,2619.615926170349,5280.029006052017,8522.760956380702,0.3060151006081906,884.486373872193,151.4171700336039
105.78066510583874,26.842783924750982,2.3206652402877808,24.047536849975582,2.8333298921585084,0.71771360039711,2.3860438585281374,0.465725177526474,17.84896183013916,2776.0749267578126,87.16933059692383,4.968545246124267,25.905087661743163,12.08424425125122,2690.104005050659,5797.486255455017,8733.626913282647,0.2569479760306422,878.885513244741,131.4838260512799
105.04714793925709,29.45855756821111,2.477982187271118,25.84811668395996,2.796830105781555,1.1406265497207642,2.6207545042037963,0.5153250157833099,19.059282493591308,2833.4111328125,86.04641494750976,7.716443634033203,27.760117530822757,13.348713302612303,2673.177149772644,5566.6967906475065,8637.081298992038,0.2732484353065956,881.6679923607983,142.27650903835894
104.07436478425538,30.35954969357699,2.2966865062713624,26.55505485534668,2.848712062835693,1.4315761089324952,2.823245906829834,0.5410156309604645,17.665691947937013,2781.578662109375,87.64258193969727,9.823244285583495,29.342704010009765,14.03552303314209,2666.5934240341185,6113.918920373917,9297.64300121665,0.2980573118266546,878.5914633155796,147.76686931625008
95.78537535029952,34.7075493041426,2.485328197479248,26.549260902404782,2.983293008804321,1.8531590700149536,3.024025583267212,0.563877284526825,19.115100860595703,2544.3209228515625,91.78304672241212,12.656851768493652,31.394525146484376,14.894530963897704,2640.24905834198,5983.494986534119,9532.676653551684,0.3126586183756856,880.2943686033802,153.78409857749938
94.87802983618644,38.985718097211794,2.347779154777527,25.144904136657715,2.978322887420654,1.6926064491271973,3.479278302192688,0.674392682313919,18.057811737060547,2338.1204345703127,91.63015594482422,11.231191062927246,35.52468719482422,17.40968837738037,2593.488439750671,5179.318855476379,8872.61991241891,0.3572115592441464,885.6381719145108,152.02455130815505
95.1374755255541,36.45654887314886,2.4186657667160034,27.4492151260376,2.8540051937103272,1.8416060209274288,3.304769587516785,0.6002386152744293,18.604315185546877,2559.2994140625,87.80541687011718,12.230542182922363,33.696902465820315,15.678528308868408,2564.0320863723755,5268.162820672989,8859.496875950694,0.3517069533223699,884.6286822813738,153.7540456518531
105.83516960217555,26.656488709943368,2.3702796697616577,22.89750385284424,2.7597044706344604,0.63557288646698,2.343051028251648,0.4373819500207901,18.23137760162353,2686.6390869140623,84.90421066284179,4.261156511306763,25.36248188018799,11.342447757720947,2703.454165840149,6253.194216060639,9005.551495295764,0.2485714931070106,875.9702304471284,127.81416961848736
103.16738394009954,31.00427388427779,2.3666162490844727,26.193156051635743,2.9443884611129763,1.6771833896636963,2.9735934495925904,0.5515746951103211,18.20227432250977,2698.223681640625,90.58612670898438,11.166138648986816,30.35044002532959,14.441566562652588,2674.127028465271,5885.433460760117,9221.175082603842,0.3072625040917058,879.9855227000138,150.8128560498357
94.85693993348274,34.70528136137873,2.5113091468811035,27.136320114135746,2.8126110315322874,1.8360355973243716,3.311668968200684,0.5698143243789673,19.31605529785156,2523.5257080078127,86.53190307617187,12.667259693145752,32.74619102478027,15.124665355682373,2563.4808637619017,5201.048127031327,8813.583807344921,0.3485844755080398,885.9466842330272,154.6762596592307
103.92469088415892,32.49444370903075,2.3014966249465942,27.29864883422852,2.951309585571289,1.733334720134735,2.959150958061218,0.5482156217098236,17.70196952819824,2825.8323486328127,90.79905853271484,11.87873296737671,30.573058128356934,14.324236488342285,2673.7288032531737,5956.42240691185,9324.695185807534,0.3115563287513053,880.2251406314542,152.34026378840207
101.83943668028408,29.292290000012144,2.458632302284241,25.72007141113281,2.9973438501358034,1.124322736263275,2.611048603057861,0.5068103671073914,18.91036491394043,2717.41396484375,92.21533126831056,7.742203855514527,28.12193145751953,13.150321006774902,2668.375994682312,5458.289048194885,8536.474510469474,0.2815406905137934,882.1131090087663,142.46920213475823
100.42893683479734,27.946649620635437,2.3700605630874634,26.74493103027344,2.797982358932495,1.1654463529586792,2.757864832878113,0.5104111135005951,18.22919807434082,2752.328759765625,86.08179397583008,7.696662425994873,28.093171310424804,13.146267414093018,2615.0771505355838,5527.713461637497,8572.145264391229,0.2857031386898597,882.2744715467531,142.24133676737546
103.33564284350513,33.85706087257713,2.2983617782592773,27.09711532592773,3.116332006454468,1.979339957237244,3.182620978355408,0.5677989602088929,17.677974700927734,2717.210986328125,95.8760757446289,13.708240509033203,31.999469566345216,14.725130844116212,2642.224102401733,5583.585989809037,8888.644722205401,0.3311264896508591,883.7130677666325,156.06047959029675
101.50870223498076,31.697033878555523,2.296249127388001,25.72732353210449,2.9073084115982057,1.6725189566612244,2.961710786819458,0.528580367565155,17.661862754821776,2563.5488525390624,89.44532318115235,10.94474048614502,30.33624897003174,13.819372653961182,2610.724394416809,5544.147937440872,8765.978502983973,0.315797213300473,883.304487533828,150.80067549943925
96.69865689759678,33.06143302549608,2.495333957672119,25.239048194885253,2.8029209852218626,1.771923565864563,2.883306312561035,0.5819066524505615,19.19400234222412,2481.13916015625,86.23376693725587,12.282377338409423,30.57886619567871,14.905280590057371,2619.758812522888,5590.987946605683,8861.249744264036,0.2957991213637283,883.0942175911632,153.46750179380177
89.8221857696897,43.45657610641793,2.3795926570892334,27.09844436645508,2.771175169944763,1.8524062275886533,3.9277340173721313,0.7116132855415345,18.303385734558105,2393.4486572265623,85.25709762573243,12.808333683013917,39.63727378845215,18.28283290863037,2526.126047515869,4921.030795288086,8932.853663860447,0.397882792254677,887.787648436067,155.60057868212462
98.3272017354668,31.78424528222531,2.356805324554444,25.90437870025635,3.000213932991028,1.6746829748153689,3.091835379600525,0.5725251853466033,18.127376556396484,2510.9623291015623,92.30363082885742,11.074997901916504,31.04561424255371,14.956042575836182,2602.780102920532,5253.3881991386415,8633.274352905899,0.3170972342979495,884.4028440589042,151.23296729028226
93.87839390498183,39.844887311197816,2.397510051727295,26.117714881896973,2.9414220809936524,1.8157697916030884,3.714040684700012,0.7292500734329224,18.44081974029541,2396.024853515625,90.49484558105468,11.975706100463867,36.939184951782224,18.517440414428712,2586.6702180862426,4750.901735591889,8665.693282295764,0.3965619731287006,887.6596276263674,153.84852846860886
99.72583436576936,27.67972604625393,2.256927347183228,24.77849464416504,2.723038077354431,0.871310967206955,2.518773007392883,0.4745114505290985,17.35947914123535,2637.553198242188,83.7761459350586,5.915534210205078,26.78305377960205,12.369135284423828,2647.893191337585,5869.631993627549,8978.006112233363,0.2650740230158415,879.5067598476984,135.6045118317008
90.78331951780316,43.14744762703776,2.387834620475769,26.7503942489624,2.960616040229797,1.8934972524642943,4.277673530578613,0.7526337623596191,18.365412712097168,2378.3700439453123,91.08539047241212,13.11995496749878,41.7214714050293,19.22463455200195,2532.954117012024,4611.619415473938,8694.832054862938,0.4284170800237916,889.1953917087419,156.37544516026975
108.26981096041769,25.419557308917867,2.316444182395935,24.10255088806152,2.733167123794556,0.6363280236721038,2.477491021156311,0.4317742735147476,17.817157745361328,2775.4140625,84.08774871826172,4.336737489700317,25.95514850616455,11.378535747528076,2692.927689552307,6206.250368022918,8975.354401316494,0.2611765084293438,875.894981281642,128.29161413125695
104.09309022647638,27.58561566825956,2.2896466970443727,25.447598266601563,2.827992987632752,1.0136602878570558,2.6741451978683477,0.4779555380344391,17.611693954467775,2762.157763671875,87.00514144897461,6.746240472793579,27.63517532348633,12.398146438598634,2665.8798736572267,5824.615422773361,8940.615777262672,0.2777465293088938,878.9495564699107,138.6437552243471
103.08281135942798,30.330361804086717,2.392135214805603,27.03302116394043,2.8202239513397216,1.486343252658844,2.9373979330062867,0.5368682026863099,18.399768447875974,2817.1671630859373,86.76612167358398,10.31066255569458,29.84656047821045,14.042948722839355,2674.4853607177733,6156.856271219253,9384.195861352791,0.2943106180570266,878.6450098029563,148.91366849020125
99.74557492591752,34.19438984226436,2.387666702270508,25.274390983581544,2.84461088180542,1.7386329174041748,3.311713576316833,0.558793169260025,18.36449813842773,2457.7448974609374,87.51639556884766,11.776686668395996,32.544579315185544,14.725577068328857,2598.256518936157,5607.094584369659,8953.649863917008,0.3325629045735069,883.1265246499067,152.58208878040313
96.37673493561992,34.83362428834662,2.346215009689331,26.81218910217285,2.8849258184432984,1.8822277784347532,3.1688301086425783,0.6128704786300659,18.04632377624512,2528.9133544921874,88.75671463012695,12.986723899841309,32.365496444702146,15.9660906791687,2580.716339874268,5447.744013023376,8911.49834287446,0.3443087031906374,885.1647490416835,155.12383708953857
104.39919348970191,25.17883126947563,2.2649389505386357,24.75623893737793,2.925356125831604,0.6460354745388031,2.459923934936524,0.4458195149898529,17.421755027770995,2736.175927734375,90.00055847167968,4.332856893539429,25.626844215393067,11.598554134368896,2655.941666984558,5629.780725908279,8421.183781547099,0.2665534261381254,880.4293083884362,128.53940249979496
112.10456234207324,24.90499653617153,2.349760890007019,24.677166557312013,2.82722544670105,0.5714242160320282,2.4054091930389405,0.4490245699882507,18.07370834350586,2918.312866210937,86.98152923583984,3.976225662231445,25.227597999572755,11.556932067871092,2709.0107564926147,6253.91060461998,8916.390094254351,0.264388223196147,875.8782449448779,126.3621013239026
108.92866951044653,27.794972099596635,2.289051413536072,25.902182579040527,2.982311534881592,0.8844182431697846,2.610959696769714,0.4472165405750274,17.606082725524903,2928.181884765625,91.75285110473632,6.046014881134033,27.622404098510746,11.739468955993653,2696.632256317139,6076.566813898086,9040.501952367462,0.2796441130143713,877.1659209992511,135.94118288010358
96.256835377345,34.50007825475186,2.461590528488159,26.350399589538576,2.8861342430114747,1.8077751398086548,3.250725841522217,0.5809130311012268,18.93337821960449,2485.64453125,88.79388809204102,12.642213821411133,32.916482543945314,15.137185287475583,2588.9270778656005,5529.1620408535,8952.01976454258,0.330196037131975,883.6455454448369,154.2885506182909
100.3452048230473,32.68659820663743,2.29068660736084,26.68805675506592,2.8845704555511475,1.6887959361076357,2.935251355171204,0.5595167934894562,17.61975860595703,2671.28779296875,88.74575881958008,11.643839931488037,30.15952205657959,14.663292121887206,2646.4632522583006,6139.288812446594,9499.501029054449,0.3051315514995087,879.1910036300436,151.81861537247897
107.64036708708925,26.97629625282716,2.426844573020935,24.91191921234131,2.7773192644119264,0.7976665377616883,2.4706631183624266,0.4777091592550277,18.666802597045898,2843.3189697265625,85.44613571166992,5.411385822296142,26.10980625152588,12.28891725540161,2685.617678260803,5797.115210103989,8761.446069273352,0.2650301912071882,879.0028014418218,133.45496307909488
102.32471650968044,28.29052718356252,2.4283949375152587,25.38590888977051,2.892881774902344,1.113489294052124,2.799822545051575,0.4983971565961838,18.67914905548096,2596.3022705078124,89.0014862060547,7.738562679290771,28.578199577331542,12.83488245010376,2647.191005897522,5667.080710744858,8936.039029902033,0.3087972389365419,880.436735431453,142.27379363179207
89.71914761054185,44.6792400828097,2.432666778564453,26.180523681640626,2.815164971351624,1.906764090061188,4.261849069595337,0.7908562541007995,18.71166038513184,2305.5096435546875,86.61047821044922,12.886357402801512,41.70049018859864,20.16057929992676,2513.887210083008,4729.066382169724,8834.788804577849,0.4303041841892991,887.8114759950586,155.82441806048155
107.9234217711989,26.10869269792456,2.2805779218673705,24.615075492858885,2.855446887016297,0.7098036050796509,2.476764416694641,0.4537549495697021,17.54218807220459,2842.2941162109373,87.849755859375,4.912890958786011,26.21855945587158,11.694388008117675,2694.902372932434,5796.2354917526245,8746.33386311233,0.2617215807957109,878.9037175802489,131.26581353619696
106.34854867901504,26.16706488428172,2.288560676574707,24.6410343170166,2.678230881690979,0.6059526264667511,2.391836023330689,0.4352320104837417,17.603104019165038,2790.06337890625,82.39763793945312,4.210225343704224,25.499610710144044,11.367812442779542,2692.906984329224,5901.044718265533,8834.06633309368,0.2610948552959599,877.4005116505253,127.62209923379125
90.91512433245092,38.66170129515231,2.385006666183472,25.733522605895995,2.805391550064087,1.802770018577576,3.642725920677185,0.7010487258434296,18.345431327819824,2299.8845458984374,86.30978622436524,11.950878429412844,36.24507637023926,17.742343521118165,2515.2924362182616,4751.763774824142,8647.597928728908,0.3907771720143501,887.597737433535,153.735198700428
106.56023532836404,26.553092089341952,2.3021212816238403,25.454830932617188,2.81299307346344,0.7510601580142975,2.4594029426574706,0.456917729973793,17.707474327087404,2898.22763671875,86.54364776611328,5.130835723876953,26.41912498474121,11.763174343109132,2693.4222518920897,6073.512224006653,8960.399869759567,0.2598210424883291,876.7442836374448,132.0930387724191
100.33642520011476,27.57326337599661,2.2868327379226683,24.60737743377685,2.748033380508423,0.8691851317882537,2.582784986495972,0.4587153077125549,17.588656425476074,2614.5350341796875,84.54513549804688,5.842814111709595,26.858366775512696,12.091463088989258,2646.4756158828736,5879.721938657761,9014.262655752153,0.2698388405829765,879.4767751609609,135.34411814436316
104.88696737463304,28.900064136926083,2.310343980789185,25.6559476852417,2.859539794921875,1.012641191482544,2.576168894767761,0.4710627973079681,17.7696533203125,2795.044580078125,87.97569046020507,6.846980571746826,27.75715789794922,12.222370529174803,2678.422096443176,6035.438997888565,9086.465566364675,0.2802802108636769,878.5702275743722,138.9669288173318
106.06050907968547,32.01521412152797,2.4003557205200194,25.36996212005615,2.99774866104126,1.4871126055717467,2.7990400552749635,0.5167641937732697,18.463488578796387,2702.6665771484377,92.2277946472168,9.867344188690186,29.28211479187012,13.549553680419924,2687.6774423599245,6159.325486660004,9378.214862749352,0.2987973344763043,878.5404909434981,147.81463347524405
110.7778643710454,27.603585154283792,2.3166040420532226,24.49919776916504,2.7815228700637817,0.8290554583072662,2.478169751167297,0.4743385910987854,17.818363189697266,2876.1021728515625,85.57545166015625,5.754008626937866,26.4507209777832,12.4805251121521,2714.569672203064,6050.114106798172,8934.361246997863,0.2640539113577688,877.0473501592423,134.83814724348483
104.44287953101755,26.713611289649272,2.3629247426986693,23.56525936126709,2.8711567163467406,0.6928413510322571,2.394895625114441,0.4569343984127044,18.175154876708984,2688.2879638671875,88.33309402465821,4.698304128646851,25.548393630981444,11.779414176940918,2689.101148414612,5891.674829959869,8819.402706758678,0.2559135507035535,877.549196450828,130.10115823298693
87.28380069433248,42.64303087051958,2.485710620880127,26.78354568481445,3.0241485118865965,1.7416175603866575,4.01451530456543,0.7376479148864746,19.11860942840576,2301.1844970703123,93.03995971679689,11.83153247833252,39.79990348815918,18.97239170074463,2517.961286354065,4869.851978254318,8988.66184648294,0.4387085430906154,887.2866635405874,153.73258623182772
106.1454735820282,24.66527203666046,2.3109103441238403,24.324524116516116,2.666154623031616,0.5296603739261627,2.2430787563323973,0.422254866361618,17.773734474182127,2777.678564453125,82.0260513305664,3.4831201791763307,24.283034133911134,11.035560703277588,2690.9069427490235,6119.5981566905975,8876.111592087522,0.2554812474292703,876.1444445595837,123.72225278429688
104.0465348863506,26.695779530727304,2.323864269256592,25.55213928222656,2.756367945671081,0.7203999578952789,2.5557488203048706,0.4384618014097213,17.874938774108887,2838.9973388671874,84.80156021118164,4.990327548980713,26.368569374084476,11.625381183624269,2671.154357337952,5792.573910570145,8837.54109468367,0.2649980398884509,878.1353809971293,131.51008557826282
92.63480696000806,37.63824614430778,2.478452229499817,25.014104461669923,3.0044218063354493,1.7828066945075989,3.540914273262024,0.6724668681621552,19.06208229064941,2279.1092041015627,92.43305053710938,11.899994564056396,35.87365646362305,17.064959144592287,2571.930994033813,4993.709185123444,8760.388586312718,0.3713244035476236,886.1250194555818,153.45979871600866
107.85867134837729,28.06495944231283,2.336550235748291,24.80558338165283,2.7973676204681395,0.910225147008896,2.5764612674713137,0.4624445527791977,17.972187042236328,2802.9190673828125,86.06294250488281,6.063547563552857,26.964962768554688,12.004376792907715,2684.3367290496826,6041.252453374863,8995.081842936761,0.2721146492862211,878.2711912530856,136.06585476770996
100.14363873245694,36.23675411958247,2.4650685787200928,26.46269359588623,2.9872514486312864,1.712416410446167,3.2543565034866333,0.5854073286056518,18.959835052490234,2580.298828125,91.90484085083008,11.32079792022705,33.07159423828125,15.416800594329834,2643.5628536224367,5518.568736076355,8987.041301297955,0.3404917444099939,882.7305730840351,151.63186945319177
88.96000283670023,38.529380444716665,2.302146983146668,26.46340408325195,2.914046621322632,1.7497001886367798,3.6722951173782343,0.701001238822937,17.70665168762207,2321.7838134765625,89.65263748168945,11.894622802734377,36.62354545593261,17.94594802856445,2537.395496559143,4803.89432463646,8772.643250390329,0.3868177808180917,887.8298097258433,153.66139962375163
94.52520544397696,35.74402468372136,2.420318841934204,25.70349922180176,2.844679284095764,1.795339822769165,3.372963213920593,0.6132530689239502,18.61710548400879,2382.9209228515624,87.51850280761718,12.329612731933594,34.281640625,15.848435115814208,2582.2300397872923,5100.031892251968,8772.916339156964,0.3603410580788454,886.3679118808825,154.18339341431857
105.55972230314094,26.56222370909527,2.3977579832077027,24.251025581359865,2.7623745679855345,0.6714605271816254,2.3640536308288573,0.4482249468564987,18.44296188354492,2824.6182861328125,84.9863883972168,4.487450027465821,25.483244514465333,11.686535739898682,2690.37329788208,6209.12998085022,8981.743572823889,0.2479597773328562,875.9072574271656,128.97974629476667
99.47582783139956,35.842608777992425,2.339909553527832,27.67918720245361,3.12180917263031,1.8559541702270508,3.381925225257873,0.6112683713436127,17.997570037841797,2681.177294921875,96.04460144042967,12.65575122833252,33.76420783996582,15.819829177856445,2597.975135612488,5067.002224683762,8615.675855915435,0.3465979166258132,885.1230401014552,154.5862962797284
91.78017400040665,34.74102910193615,2.346274375915528,25.09400577545166,2.9156172275543213,1.7206549882888793,3.452013087272644,0.6266932427883148,18.047526550292968,2270.542529296875,89.70096206665039,11.561447143554688,33.760911560058595,16.275702667236327,2540.3135694503785,5048.262358379364,8771.905347456597,0.3531969527471229,886.0839288816563,152.64631785303354
97.42914769249056,33.03408183185384,2.496081829071045,25.54762496948242,2.851260542869568,1.844175219535828,3.2085073471069334,0.5938492953777313,19.19874763488769,2430.913671875,87.72096481323243,12.698265075683594,31.97657470703125,15.453608417510988,2585.0640731811523,5397.193625545502,8842.659161306172,0.3486409846859744,884.905948362124,154.5378234922886
106.75015411506187,24.994198234961367,2.3003740072250367,25.05720462799072,2.794472885131836,0.5387785613536835,2.294651961326599,0.4325724512338638,17.69406929016113,2881.296826171875,85.97387161254883,3.656220459938049,24.78385524749756,11.276071071624756,2697.5929449081423,5771.450872468949,8669.055460225045,0.2594731546589173,878.47682832261,124.85182449705898
105.42363412843606,29.45640354489442,2.4023739814758303,24.997918319702148,2.724711608886719,1.1094160199165344,2.5923691272735594,0.5159178972244263,18.478406524658205,2769.078784179688,83.82761993408204,7.680602598190307,27.957583808898924,13.324589824676512,2692.8884061813355,6023.358981943131,9077.759113947675,0.272236151958449,878.895699351604,141.87068221196532
103.1045162084008,27.865976244444028,2.3704015016555786,24.204759979248045,2.8695513248443603,0.8350533485412598,2.532356977462769,0.4653422772884369,18.23168716430664,2591.51572265625,88.2837013244629,5.80788950920105,26.686858558654784,12.023326969146728,2649.0879333496096,5548.309797096253,8489.948723232374,0.2784804194991011,881.0117053617694,135.3730966862291
103.39038577033384,27.577746482146903,2.3351475477218626,25.124627304077148,2.932559037208557,0.9580339193344116,2.6934420108795165,0.4818367332220077,17.961779594421387,2628.5122314453124,90.2221794128418,6.689027643203735,27.627246475219728,12.544757652282716,2656.1272607803344,5538.288932466507,8581.425742205978,0.2944387227122206,881.4046888343095,138.83108681738378
104.94550357117,27.12607034957036,2.489089298248291,25.08520965576172,2.7856398582458497,0.871962171792984,2.582494902610778,0.4488928437232971,19.145352172851563,2753.7425048828127,85.70211257934571,5.736888360977173,27.238993072509764,11.654396057128906,2671.453131484985,5510.833352136612,8414.393740933016,0.2728953666985035,880.9266506430529,135.00863196924328
106.82685125122792,30.90858589457348,2.345326471328735,25.734398460388185,2.9352272510528565,1.4562435507774354,2.828759050369263,0.5363779783248901,18.038830947875976,2770.3108642578127,90.3043197631836,9.917470455169678,29.6399019241333,13.850849151611328,2684.284667778016,5869.404543209076,9084.390659554489,0.3011902098180912,879.5747349288737,147.99620917364956
99.8871640587716,31.471516974596305,2.281407713890076,26.091167068481447,2.9554436445236205,1.6748469114303588,2.9233409643173216,0.5643066763877869,17.548412132263184,2586.838818359375,90.92626266479492,11.489915084838866,30.143110275268555,14.636381244659423,2647.86621170044,5930.592749118805,9316.173754418083,0.3143282587916577,880.1392650873302,151.57940008193253
105.50655785274252,28.77978927111253,2.295297622680664,24.44056396484375,2.7516650199890136,1.0326053261756898,2.565846920013428,0.4861296683549881,17.655162811279297,2666.9807373046874,84.65685348510742,6.890127658843994,27.67490577697754,12.650040245056152,2694.108380317688,6307.441309165954,9270.945328305848,0.2770068171255342,877.0388262430886,139.0360170610249
104.90509683037268,28.93800008548424,2.3134280681610107,24.688942527771,2.821042060852051,1.1719956994056702,2.6847603559494018,0.5240469217300415,17.794897079467773,2626.7861572265624,86.79128494262696,7.932882690429688,27.9031192779541,13.489701271057127,2653.0047849655152,5398.632278537751,8463.290052497387,0.2941861758969025,882.2557895026669,142.96922152936455
106.00736011551498,28.187293184222654,2.2869818449020385,26.30139865875244,2.874873423576355,1.1040542125701904,2.7458688259124755,0.4897214472293854,17.591337776184083,2824.3046630859376,88.44748992919922,7.357026433944702,28.11975536346436,12.866024589538574,2677.4461612701416,5826.78229432106,9005.10499837473,0.2966135934477903,879.91415946971,140.88986495807768
100.8380298139284,30.89005187046714,2.3697259187698365,26.560036277771,2.799802112579345,1.3726031541824342,2.78820481300354,0.5221103489398956,18.227768325805663,2755.7502685546874,86.1377799987793,9.391185855865478,29.0701208114624,13.654364776611327,2660.156896018982,5924.796438026428,9204.27990510352,0.2882259574425914,879.4008621454474,146.7509062297642
96.58702354034216,31.723541851807383,2.4174651145935058,25.00186672210693,2.837600803375244,1.6307420611381531,3.024207592010498,0.53021360039711,18.59483947753906,2375.2349365234377,87.30072555541992,11.267466163635254,30.689966773986814,13.852052879333495,2582.5755651474,5588.607596349716,8916.736309219337,0.3182054458942718,883.3388405357658,151.5731127731502
105.58122645835547,28.639323713677005,2.386956691741944,25.84141788482666,2.8496015548706053,1.064339005947113,2.64882378578186,0.5104357361793518,18.360155868530278,2838.916088867188,87.66993026733398,7.338496303558349,27.759290313720705,13.28904151916504,2687.5604862213136,6047.631669998169,9115.21341460012,0.2783418064783715,878.7980084391962,140.74782494679093
94.24340382123076,34.97152807228267,2.4277113676071167,26.37838020324707,2.831583023071289,1.7374200820922852,3.279284954071045,0.6353262603282929,18.673126220703125,2435.044873046875,87.11558303833007,11.504948711395263,32.89477653503418,16.287292098999025,2542.498680305481,4951.701656770706,8613.58136918731,0.3578559666872024,887.2761103867131,152.66887696534394
99.66155526912068,34.684587948862465,2.47887659072876,26.33062343597412,3.0302658081054688,1.8085867166519165,3.0746410608291628,0.6040223360061645,19.066951751708984,2564.381103515625,93.22822265625,12.430673599243164,31.629024505615234,15.508973979949952,2611.5051277160646,5308.4286851882935,8680.82417602744,0.3251643034701094,884.7396592408688,154.0382738351822
103.6172804253107,31.1445557190571,2.482267880439758,25.59783725738525,3.027040386199951,1.639582598209381,3.0540820121765138,0.5511419117450714,19.09358901977539,2634.767260742188,93.12897109985352,11.305809116363523,30.348338317871093,14.212437343597411,2642.2556915283203,5504.181656885147,8734.792958413436,0.3107564384275602,883.367427711288,151.6216311007738
104.6105496761684,31.18225781857036,2.4742924690246584,25.341019439697263,2.9138736963272094,1.3730125904083252,2.724965786933899,0.5207079708576202,19.0312406539917,2710.984521484375,89.64733200073242,9.15183401107788,28.704874992370605,13.764005088806153,2690.5083936691285,5836.42868680954,9108.843369900622,0.2909695753035734,879.189474004586,146.05748846009374
100.64257751515166,31.18938343971968,2.491904759407044,26.408182907104493,2.839914965629577,1.4520629167556762,2.8271014213562013,0.5397856771945954,19.166429710388183,2686.3111328125,87.37191314697266,10.099230575561524,29.35417499542236,14.052510738372805,2643.7946849823,5910.84480676651,9219.526479517668,0.3017877817796776,879.4915517979673,148.47235918417573
103.2861534975114,29.41307098902762,2.3990598917007446,26.16332550048828,2.8344481706619264,1.1644065856933594,2.704366898536682,0.5047992944717408,18.45174045562744,2774.855810546875,87.20375366210938,8.056841373443604,28.5098783493042,13.238456439971923,2667.320337486267,5369.96359295845,8496.827348591945,0.2871262270200532,882.2581822080341,143.46703243255615
102.55570190490796,32.06516500771977,2.352282857894897,27.085229682922364,2.93116991519928,1.6809418559074405,2.9830780744552614,0.5548326432704925,18.09338359832764,2731.4758544921874,90.17944641113282,11.660843753814698,30.59960651397705,14.45983066558838,2650.880139923096,5958.259216070175,9311.386531208456,0.3186129376452926,880.2242832736953,151.88918153196573
89.20293049097045,45.20764882550575,2.464194297790528,26.413094520568848,2.930991625785828,1.9321054100990296,4.226004409790039,0.7819004416465759,18.954078674316406,2309.8117431640626,90.17395401000977,13.237445640563966,41.67403602600098,20.04458446502685,2531.8868333816527,4642.688664054871,8851.973239855095,0.4483337023295462,887.7773436029762,156.42742004394532
99.61203506165552,33.26671956004575,2.2857465744018555,25.37220039367676,2.943846035003662,1.921372890472412,3.00528085231781,0.5971118807792664,17.58148193359375,2517.3859375,90.5694465637207,13.221126556396484,30.99576416015625,15.323020744323731,2621.49677028656,5545.656115293503,8840.706999455393,0.3100839954530136,883.4061937168801,155.1834532916546
100.1734325574823,32.79921166552231,2.296159148216248,25.668510055541997,2.810241222381592,1.791326642036438,3.0391483545303344,0.5623965382575988,17.660446166992188,2548.0203857421875,86.45901260375976,11.93958568572998,31.25970134735108,14.75334358215332,2630.835432815552,6036.922018814087,9425.503155095688,0.3144256844448302,880.2333138358554,152.4029086381197
101.78104074466071,30.736189454840492,2.3847668409347533,26.0838264465332,2.7338805913925173,1.1786423683166505,2.678437876701355,0.498915308713913,18.343547058105468,2759.1598876953126,84.10969009399415,8.20254487991333,28.406938362121583,13.089972686767576,2675.5624979019167,5844.550792407989,9115.325790498406,0.2828482505610555,880.225107767788,143.6281971655786
91.86254824454588,35.751505374349655,2.2935171127319336,25.988498878479003,2.843223023414612,1.812580108642578,3.424509191513061,0.6049318671226501,17.641033172607422,2347.29580078125,87.47372589111328,12.403585624694824,34.17382469177246,15.604179286956787,2517.478394508362,4887.230570507049,8643.658644254134,0.3635088188573718,887.6070626029214,154.4892034634948
99.67895011924512,29.50775590077974,2.466465711593628,25.8441162109375,2.8848795890808105,1.1135653257369995,2.7145063877105717,0.4877791851758957,18.9715633392334,2598.0940673828127,88.75526123046875,7.782868719100952,28.589223289489745,12.840623092651366,2615.7382345199585,5815.898711013794,9082.809792951308,0.3015330720598657,880.4363699770638,142.3796202763915
100.30915430394371,33.324324291571976,2.2770440578460693,27.636722373962403,2.8809000730514525,1.7332295417785644,3.058580017089844,0.5976369976997375,17.51361656188965,2695.7179931640626,88.63284683227539,11.51633358001709,31.661560440063475,15.552141857147216,2626.138203048706,5181.420778369904,8636.41149803251,0.3346783610488677,885.5535666706928,152.3484722852707
98.80928264582086,35.295370783470574,2.476385712623596,25.42549858093262,2.8268884897232054,1.8600528240203855,3.1053820610046388,0.5752000212669373,19.046622276306152,2462.918017578125,86.97116622924804,12.637742042541504,31.90581321716309,15.1480806350708,2643.172409439087,5691.656203317642,9194.70434213709,0.3410223905445292,881.9579317046242,154.01471485644578
101.1643355139794,34.435072196368125,2.3428845405578613,26.847004699707032,2.9968775033950807,1.8180949687957764,3.0635560750961304,0.5564795017242432,18.020967483520508,2697.2604736328126,92.20099868774416,12.180103302001951,31.55136775970459,14.470674991607666,2668.0106201171875,5865.168428039551,9329.202737251297,0.3143104476657848,880.2632771491874,152.91898269355298
104.8590185104118,25.11784569291631,2.3724349975585937,23.904196166992183,2.844158101081848,0.5557409584522247,2.3200836896896364,0.4484802454710007,18.24863185882568,2779.4427734375,87.50243759155273,3.831834650039673,24.79100151062012,11.73364315032959,2689.8716291427613,5909.382079458237,8769.907034874148,0.2509583981940523,877.1910953250941,125.68215570636092
103.15652074300915,31.419487643800675,2.399954628944397,26.71009578704834,2.798225665092468,1.4119977951049805,2.8117772817611693,0.5032148063182831,18.460209846496586,2830.451416015625,86.08932647705078,9.34109115600586,29.34174747467041,13.281371974945069,2687.7709938049315,6148.274201822281,9378.09683514256,0.2839136501103695,878.321535441551,146.44355397224427
108.61557825260677,27.42115902437363,2.3735882520675657,24.73433895111084,2.8384185075759887,0.8825756430625915,2.590441656112671,0.4663059711456299,18.256743812561037,2819.0137939453125,87.32588043212891,6.131806898117065,27.3096284866333,12.201144981384278,2693.3499948501585,6232.892523860932,9085.932599737682,0.2704953238616518,876.7158616151064,136.3387049742043
103.56189140935376,27.23917628587224,2.462825894355774,25.343286323547364,2.853602409362793,0.8876802384853363,2.5351605653762816,0.4787140816450119,18.943742752075195,2758.121630859375,87.79303131103515,5.904427671432496,26.7361894607544,12.30067481994629,2652.1528203964235,5550.531962585449,8430.276672285236,0.2702591422828845,881.0178278090738,135.69847985953092
102.99412642868904,26.04102291772142,2.3963913917541504,25.012559509277345,2.7325358390808105,0.7044611036777496,2.448015809059143,0.4469444543123245,18.43215141296387,2733.2912353515626,84.06839141845703,4.720781993865967,26.06942386627197,11.728653049468994,2658.710430145264,5767.926672935486,8802.834704988263,0.2672578684128069,879.2647973930652,130.3369616165757
103.53250501212906,29.254017678136005,2.3743619680404664,23.793955039978027,2.8038894653320314,1.0211309432983398,2.580910444259644,0.4702646851539612,18.26263236999512,2596.785595703125,86.26358642578126,6.977658653259278,27.832908058166502,12.39296360015869,2681.1445936203004,5655.891254520417,8861.499534784258,0.2751363062995667,880.2768892245862,139.72002421319485
90.35590560670455,37.37641503112391,2.4124515056610107,26.273369598388676,2.9111709356307984,1.7601466298103332,3.542188096046448,0.6814368903636933,18.55664825439453,2337.994091796875,89.56417617797851,12.086430168151855,35.53413543701172,17.392081642150877,2520.337572288513,4938.528873872757,8767.152828470058,0.3824380784848472,887.5601332749117,154.0065955415368
96.39042553261427,34.87422682922333,2.443943500518799,25.8931489944458,3.047357130050659,1.870618462562561,3.368172025680542,0.6014086127281189,18.79703521728516,2443.9587158203126,93.75402908325196,12.672479629516602,33.48658714294434,15.680118560791016,2586.69137172699,5208.570139265061,8771.83324126359,0.3408370624975168,886.0875255224673,154.74453275054694
95.32829825724724,37.22770864176564,2.47920310497284,25.73339138031006,2.8210484981536865,1.881463396549225,3.475125241279602,0.6279268264770508,19.069446563720703,2402.378466796875,86.79150924682617,13.087568759918211,34.95434379577637,16.471976280212402,2572.452181816101,4905.284152460098,8651.934567941538,0.3606720453084563,887.6760127446847,155.80833135545254
103.030805310273,30.135592604056,2.436890149116516,25.58971290588379,2.8241724252700804,1.178698992729187,2.740706396102905,0.4828805476427078,18.744078826904296,2714.0552490234377,86.88762130737305,8.115055370330811,28.75079860687256,12.755919265747073,2670.3626203536987,5655.443509864807,8915.567902587354,0.2900155011124218,880.6418270361264,143.38330894783138
98.3418621866662,33.49150484940037,2.4882359504699707,25.560885429382324,2.834559464454651,1.8531713128089904,3.0073044300079346,0.5712985515594482,19.138403701782227,2461.330151367188,87.20717163085938,12.56937484741211,30.97496852874756,14.809601211547852,2626.349273300171,5388.4784283638,8807.464176232554,0.3237044308264911,883.6399179605138,154.08076814860107
102.06309230888976,27.506987629295327,2.3486626863479616,25.114453315734863,2.67852988243103,0.7957291722297668,2.442292332649231,0.4686148405075073,18.06593418121338,2770.414306640625,82.40678558349609,5.418790292739868,26.133649253845213,12.134545040130616,2675.4887134552,5899.399529123306,8913.783981112949,0.2575745411770185,878.077871468404,133.42267758250236
91.18439274156312,37.38440645029768,2.484269142150879,25.529674530029297,2.8435168743133543,1.6916493773460388,3.3564405918121336,0.6198438227176666,19.109039306640625,2296.0257080078127,87.48271713256835,11.236727905273437,34.359967422485354,16.06329936981201,2534.974940299988,5026.331720638275,8755.340824027919,0.3437540735489744,885.835924926943,151.9882875546813
100.71009569212256,32.51813711328432,2.350205492973328,27.13315658569336,3.036010479927063,1.667806887626648,2.8765270948410038,0.5570199131965637,18.077501106262208,2745.250244140625,93.40492172241213,11.00781707763672,29.609235191345213,14.49116563796997,2626.7471088409425,5295.430806255341,8568.81131007839,0.3025989796146424,884.3724790071617,151.03714783638716
91.00221811226608,42.477593925083056,2.338708639144897,26.54410037994385,3.013385200500488,1.955520343780517,4.204122114181518,0.7586892664432525,17.988421630859374,2363.1983642578125,92.70890502929689,13.435116004943849,40.676387786865234,19.36227741241455,2509.230594444275,4651.06411728859,8676.062815984526,0.4348765384638682,889.3146321082371,156.8905017748475
108.65939538214596,25.448127741739157,2.4570380210876466,25.09651470184326,2.7511611223220824,0.5687394201755523,2.381186580657959,0.4111310273408889,18.89925022125244,2889.252587890625,84.6413558959961,3.7713638305664063,25.313985061645507,10.926148414611816,2697.446649551392,5988.829427099228,8828.282053073868,0.2644130308995954,877.3262028882825,125.32173696830868
109.70729870499908,27.088229363574648,2.4781258583068846,25.076842880249025,2.8781641721725464,0.8009912371635437,2.540851163864136,0.4550863474607468,19.05988044738769,2883.993359375,88.548681640625,5.435965347290039,26.629528617858888,11.82817907333374,2703.371967124939,6089.858631658554,8995.303392028994,0.2692687900073433,876.8524253441828,133.35443128347396
108.85293232288532,27.710883637540974,2.350387787818909,26.759397506713867,2.981608200073242,0.8196363568305969,2.498647737503052,0.4496901780366897,18.078383255004884,3027.762890625,91.7312355041504,5.545385694503784,26.733939552307127,11.748209285736085,2691.2367057800293,6105.144565153122,9010.446249024755,0.2770271026587579,876.9577399174053,133.8917470909655
109.80694400562156,25.013903424749152,2.3589882850646973,25.13370761871338,2.7894798040390016,0.5870836973190308,2.369405722618103,0.4527817249298095,18.143771362304687,2920.8837890625,85.82023010253906,3.9545719385147096,24.90529670715332,11.70662603378296,2701.1585624694826,5997.514679336548,8788.478268141485,0.2632055473921355,877.4957712190459,126.31581228822468
106.89139679752844,24.27388143130811,2.4424736499786377,22.60672836303711,2.749302554130554,0.509653115272522,2.347057604789734,0.4290074646472931,18.78667221069336,2713.76220703125,84.58414916992187,3.525762510299683,24.79946632385254,11.103723907470703,2704.4879043579103,6126.64464802742,8827.853995497524,0.2477777041378431,876.1016801614103,123.9940604057163
107.35401908499544,24.580460307985778,2.2573373794555662,26.128660202026367,2.8990047693252565,0.5091907739639282,2.3390825271606444,0.4138358324766159,17.362800216674806,2971.8561767578126,89.18986434936524,3.4935394287109376,24.89421405792236,10.866278648376465,2693.214227485657,5801.881246852875,8698.944140817597,0.2652633712626994,878.4730493023496,123.92917751297357
94.1694121782806,40.40698308707215,2.3872605562210083,26.3052490234375,2.944218707084656,1.8126034379005431,3.634338212013245,0.7275868773460388,18.36253452301025,2426.1552001953123,90.58093490600588,12.5524640083313,36.88687248229981,18.708552742004397,2578.1291315078734,4899.34941034317,8708.877522152849,0.3744900436955504,887.5668492843959,155.00789866000414
98.06072713487036,36.319654749240726,2.337193489074707,27.08789234161377,2.857781934738159,1.983038067817688,3.182028341293335,0.5971780061721802,17.976163864135742,2592.3331787109373,87.9216094970703,13.715386390686035,33.29383506774902,15.742401313781738,2590.605368232727,5085.233986234665,8648.034585554338,0.3441807516830861,885.4616699676975,156.40890977978705
108.61564285395698,26.804305123048835,2.4595379114151,24.88088779449463,2.856508493423462,0.6788914799690247,2.3725475311279296,0.443568542599678,18.918592262268067,2888.52216796875,87.882421875,4.557644414901733,25.6916410446167,11.531699752807617,2698.577656555176,6255.616899633407,8997.050123863854,0.2598159814224345,876.0410530005292,129.2927652053535
105.35229483922988,30.74029869455844,2.372209358215332,25.19195594787597,2.9146844148635864,1.3393092632293702,2.803745222091675,0.5146501362323761,18.246594047546388,2701.50263671875,89.67225799560546,9.314575004577636,29.28791255950928,13.371935272216795,2682.992571258545,6172.24808716774,9311.312512652205,0.2897613442000558,878.373936686225,146.507935167104
103.71814654959788,28.536495224479587,2.2943462133407597,25.217452812194825,2.815526080131531,1.014081597328186,2.5991655826568603,0.4860254675149917,17.646782875061035,2726.468701171875,86.6215934753418,6.728513574600219,27.51656265258789,12.70941858291626,2659.941030120849,6055.643959712982,9099.254522339814,0.2769319265387152,878.4958404803983,138.5487154766917
104.921870206377,28.494918562006205,2.410903525352478,24.394899368286133,2.720360398292541,0.963874465227127,2.504121255874634,0.4982506573200226,18.544642829895015,2670.0459228515624,83.69378051757812,6.637564086914063,27.029863357543945,12.834708309173584,2681.5189847946167,5927.853479719162,9007.73210055642,0.2757921979684516,878.4099940726419,138.30165215805172
98.545025218015,32.998499274626376,2.3002727746963503,26.780192565917968,3.086043548583985,1.821881985664368,2.942989134788513,0.5681587338447571,17.693305015563965,2609.276733398437,94.94422454833985,12.37725820541382,30.580873680114745,14.67249231338501,2620.1439458847044,5566.782036828995,8871.531074522622,0.3154891922759776,883.1753641418596,153.64673346877098
97.66524905774082,37.25529110068455,2.460590124130249,27.30952224731445,3.0987524032592773,1.9330711364746092,3.545608568191528,0.6128833174705506,18.926040649414062,2603.8751708984373,95.33522186279296,13.322565078735352,35.196922302246094,15.982672691345217,2619.4008308410644,5070.715717840195,8760.052597455122,0.3653974928556754,885.3577407769793,155.85098334550858
101.13538883324284,29.838141145091505,2.447137808799744,24.94213085174561,2.982954978942871,1.2017329335212708,2.8421688079833984,0.4841544538736343,18.82216396331787,2583.292919921875,91.77264251708984,8.206037521362305,28.821144104003903,12.79505443572998,2641.2890047073365,5484.290524339676,8634.799900404736,0.2885797567156259,882.2369816793383,143.80205114111305
105.2188047678234,27.151725277095103,2.2719669580459594,25.90381488800049,2.912117338180542,0.8036386668682098,2.477673578262329,0.4601955294609069,17.474556159973144,2868.043041992188,89.59326400756837,5.470324373245239,26.75337162017822,11.858447265625,2671.1366716384887,5626.805491685867,8672.59525609482,0.2637281224800972,880.978235529826,133.8448809556663
98.42593058158278,30.048987628426403,2.2686069011688232,25.94955062866211,2.830515718460083,1.3287769556045532,2.798362755775452,0.5299124598503113,17.449244117736818,2578.1269287109376,87.08279113769531,9.11054515838623,28.788648796081542,13.80813512802124,2627.3049034118653,5404.418406867981,8658.313385626674,0.3002575930266175,882.6362316439936,146.39825565963983
95.44489188210704,35.40076956911944,2.4105160236358643,25.1531042098999,2.834368371963501,1.783139955997467,3.341366338729858,0.5840472519397736,18.5405330657959,2352.8378662109376,87.2013153076172,11.95314426422119,33.26243553161621,15.140040397644045,2571.537647819519,5005.914181280136,8663.525044346228,0.3507503964320423,886.2015903933585,153.4025720447302
105.9490487889646,28.566350411716847,2.4692673206329347,23.93869152069092,2.884905695915222,0.912518447637558,2.494778633117676,0.4696008026599884,18.99232845306397,2669.0392578125,88.7561019897461,6.044503593444825,26.62153625488281,12.418481254577635,2683.0340106964118,5886.427507638931,8932.084068065136,0.2738263649608495,878.0426169184277,135.91973077058793
101.96899544510632,33.000987843191254,2.4409361839294434,27.41096134185791,3.031333661079407,1.7856927633285522,2.989077925682068,0.5686605155467988,18.77486572265625,2788.5845703125,93.26106719970704,12.452432632446287,30.865342140197757,14.628479957580566,2655.299533843994,5826.405124139786,9170.742336398547,0.3118315139810971,880.6924697593328,153.4315848916769
100.83620291319258,31.43976129279472,2.336767292022705,26.47550277709961,3.02549889087677,1.6478235244750976,3.0389415502548216,0.5336638808250427,17.974400520324707,2619.206787109375,93.0815200805664,11.387043952941896,30.920153617858887,13.792862701416016,2616.039496421814,5326.2731732845305,8631.889705296233,0.3187583090003178,884.5382575261663,151.92913273721933
105.17340806548202,28.077233424503355,2.4468982458114623,25.268533325195317,2.9684662103652952,1.021604323387146,2.661019492149353,0.5017383575439454,18.82048282623291,2797.27177734375,91.32686767578124,6.937423515319824,27.597956275939943,13.098546123504638,2687.8978378295897,5722.447170591355,8877.302195415086,0.2730572853228968,878.8027615623334,139.34017593637108
100.4930333889301,30.775766437035053,2.426852583885193,24.645433616638183,2.8205039739608764,1.2897518277168274,2.759499192237854,0.5004754006862641,18.66665687561035,2538.6952880859376,86.77473449707031,8.948601150512696,29.11938323974609,13.267984390258787,2645.700348854065,5443.578060388565,8651.040977680497,0.2902590582845732,882.4585804076589,145.99869462400676
101.87075023217378,30.23556926101446,2.4091366291046143,24.822705078125,2.8191764116287232,1.2120044708251954,2.7052315711975097,0.4867879182100296,18.52934436798096,2548.2339111328124,86.73388748168945,8.059037590026856,28.520943069458006,12.71790714263916,2645.9398612976074,5474.534762334823,8631.762456246837,0.2984183041815413,882.1974015041138,143.36031522229314
103.94548666091082,28.341584821324798,2.3127145528793336,25.71210594177246,2.758189177513122,1.007973277568817,2.567687487602234,0.4950717478990555,17.788813400268555,2762.5842529296874,84.8575569152832,6.730123949050904,26.99130744934082,12.906377029418945,2670.127410507202,5540.855151700974,8534.444666025043,0.2808819608297199,881.293397137542,138.87135818824171
92.29095522617476,38.211666548857465,2.325343370437622,25.23024787902832,3.0286728620529173,1.925719392299652,3.501663446426392,0.6257195413112641,17.8865909576416,2290.258642578125,93.17920227050782,13.086821842193604,35.43633003234864,16.349885559082033,2566.334676551819,4943.362074613571,8797.900078546814,0.379827733640559,886.4452888074636,155.6415827989578
95.84387089148558,35.06996075101197,2.432106924057007,26.38162822723389,2.951538825035095,1.9641307592391968,3.2915255069732665,0.5687164306640625,18.70619773864746,2479.5937255859376,90.80614166259764,13.580509567260744,33.08263397216797,14.922366333007812,2584.439387321472,5186.694624662399,8784.208683720044,0.3423565736064081,886.3163203657634,156.29543902128935
105.42820039250618,30.94716641511768,2.3786550521850587,27.119118309021,3.0890052556991576,1.520288360118866,2.852490448951721,0.5371654391288757,18.29641933441162,2837.2351318359374,95.0353630065918,10.428366374969482,29.86793918609619,14.148198318481445,2675.1746822357177,5755.431225252151,9068.851107465103,0.3126459352774905,880.1752842412272,149.3259906515479
106.2278521228546,27.747024199925363,2.258440899848938,24.85944480895996,2.923981022834778,0.8617696821689605,2.570387935638428,0.4515915274620056,17.37050895690918,2812.1673095703127,89.95824356079102,5.723563766479492,26.89525527954101,11.780905818939209,2693.230870628357,6082.943688106537,9032.715440148117,0.2644020861393455,877.0431250828478,134.56704055964946
104.38919154342624,30.588421907182784,2.409731149673462,24.906243133544923,2.947971796989441,1.406579315662384,2.793971872329712,0.5415943384170532,18.53529090881348,2677.0669677734377,90.69638595581054,9.672942733764648,29.08446044921875,14.136006832122805,2677.6796873092653,6162.508707427978,9297.537049574405,0.2846446987868433,878.4354397228141,147.37979709133506
104.14124803976613,32.51963777537458,2.286385726928711,25.97743530273437,2.821618390083313,1.607695424556732,2.905331587791443,0.523687893152237,17.585484123229982,2689.93740234375,86.80903549194336,11.136066818237303,30.34125175476074,13.629251098632812,2682.6871658325194,6002.880906629563,9356.911721597611,0.3069510705036672,879.9615156900269,150.82437207996844
93.29008735834984,37.23399691684172,2.427948784828186,25.352238273620607,3.064243221282959,1.960938572883606,3.2325533390045167,0.5981345176696777,18.67472267150879,2328.175537109375,94.27357025146485,13.573762893676758,33.83844985961914,15.768605136871338,2583.0878673553466,5227.794293308258,8887.191918868199,0.3477445355910501,886.3977276152182,156.3599187538028
105.12645380472802,27.90150519618765,2.4442854642868044,26.149118423461918,2.7465739011764527,0.9959689497947692,2.579398536682129,0.4901837199926376,18.800442123413085,2892.8687255859377,84.50020828247071,6.67930760383606,27.22820129394531,12.846141147613526,2684.028379440308,6391.658451652527,9279.181867391244,0.2668828632914499,877.0103322416096,138.33746168017387
89.83361087883233,42.73898356109858,2.4665090560913088,26.67515983581543,2.958003616333008,1.9016111373901368,4.042533826828003,0.7362320423126221,18.971375465393063,2354.1876708984373,91.00500183105468,13.004932403564451,39.804413604736325,18.806015396118163,2524.634289550781,4784.044128799438,8833.454573840834,0.4166094335552771,887.9934146808067,155.94109751880168
100.29542794697912,30.585083481110637,2.460999321937561,25.3753942489624,2.7939265727996827,1.3553404927253725,2.846506428718567,0.500911545753479,18.929251861572265,2541.619213867188,85.95706024169922,9.13214807510376,29.33103904724121,13.196773529052734,2622.89469165802,6006.662199640274,9287.500244950315,0.3061879606441086,879.2739353093384,145.99413839429616
89.47179193631301,40.57435858203098,2.3760368824005127,26.285216903686525,2.863957715034485,1.7264902949333192,3.684158563613892,0.7074970722198486,18.276426315307617,2316.9899658203126,88.11162490844727,11.72931423187256,36.93851928710937,18.275589752197263,2507.0964891433714,4712.651569080353,8675.098265745677,0.3817780206212774,887.4131238120004,153.31962355524303
89.98941953215778,40.1629037624225,2.333040642738342,26.424757385253905,2.905334711074829,1.8051131963729856,3.928155660629273,0.6641825437545776,17.944738388061523,2339.3952392578126,89.38458938598633,12.13589735031128,38.41666030883789,17.136894035339356,2502.8365474700927,4811.230755662918,8768.558389041014,0.4052487269625999,887.777914948819,154.18064129501582
98.33205257618948,29.1278775525745,2.308957004547119,25.251025772094728,2.985081171989441,1.128926980495453,2.651525640487671,0.5064227938652038,17.760340690612793,2533.2734375,91.83807525634764,7.713279581069946,28.128749656677247,13.087395000457764,2615.579667663574,5541.457848978042,8671.84878914617,0.2917262251750799,882.3506776099282,142.34684837386013
93.7958483671647,36.52830819450319,2.4212818145751958,27.43627052307129,2.9223334789276123,1.7588894009590148,3.60130398273468,0.6499813556671142,18.62335586547852,2521.994873046875,89.90758666992187,11.966085720062257,35.04696388244629,16.818642997741698,2561.7979806900025,4672.737263870239,8530.580271034501,0.374809202333563,887.5799531170844,153.66595080196856
102.49929631866304,26.60883900336921,2.4162456512451174,24.422630310058597,2.873099732398986,0.7001366436481475,2.400674843788147,0.4521299302577972,18.58364143371582,2688.198583984375,88.39289016723633,4.747009372711181,25.78144989013672,11.807098197937012,2661.3371835708617,5794.779823589325,8820.041361266374,0.2626885250560008,878.284489267171,130.41461530961095
104.50569802207632,26.609865680709483,2.3872382402420045,23.820326614379884,2.940542078018189,0.7621548473834991,2.469101142883301,0.4547505676746368,18.362011528015135,2658.8908447265626,90.4677833557129,5.177894115447998,26.48799228668213,11.775941371917725,2678.9956188201904,5817.267409658432,8827.212971848063,0.2653440141846658,878.9387882775424,132.44409411400557
99.30665070231878,33.89453487824649,2.3816106796264647,26.11354160308838,2.9307181358337404,1.7331367492675782,3.023419499397278,0.5641762256622315,18.31919479370117,2584.613330078125,90.1655517578125,11.480596542358398,31.24581890106201,14.669375324249268,2643.460605812073,6049.808459043503,9492.441288735718,0.3101227704001346,880.1162834956943,151.5007271617651
100.72065363682228,32.50716536305845,2.493332314491272,27.671380043029785,2.846253681182861,1.7992676734924316,3.0997918128967283,0.5311521172523499,19.17706756591797,2730.41484375,87.56696472167968,12.19548807144165,31.417542457580566,14.0308988571167,2646.6346982955934,6141.047891426087,9581.979540952296,0.3257260965141754,879.26260656936,152.877145498991
106.1422254297258,28.11374089482706,2.28119375705719,24.94215049743652,2.8422617673873902,0.7932127594947815,2.4696792364120483,0.4515209585428238,17.54645690917969,2805.621533203125,87.44409637451172,5.364834833145141,26.262571334838867,11.943441772460938,2694.6259996414183,5828.09110031128,8877.217785965466,0.26921792330686,879.1624355190648,133.22835077792405
104.10391015777952,30.722380756260826,2.481373977661133,26.453018569946288,2.937598967552185,1.524866235256195,2.9381501197814943,0.5267059326171875,19.086279296875,2727.3293701171874,90.37723007202148,10.564609909057618,30.363408660888677,13.5880277633667,2651.0055618286133,5752.554409790039,8975.090964822099,0.3142276989762251,881.4524081286163,149.8521008208394
106.78787182334396,27.33515913703013,2.427055764198303,26.5813440322876,2.7814236164093016,0.829195910692215,2.4344332456588744,0.4704815864562988,18.66701278686524,2955.44462890625,85.57241668701172,5.470174169540405,26.25043449401856,12.13644857406616,2689.925390052796,5846.056177091598,8887.904856323079,0.2772192371136043,879.1510978958838,133.7155838623643
91.8689241325909,38.22090371097438,2.4102766513824463,26.46661071777344,3.055203986167908,1.9246657013893127,3.6887836933135993,0.697586190700531,18.5395450592041,2390.565283203125,93.99545822143554,13.345423698425291,36.39762916564941,17.792112350463867,2529.124408340454,4872.252529048919,8684.661705777049,0.37614638050145,887.8424575979982,156.36300844103098
96.83905530043988,36.476032042875886,2.512190103530884,26.70054988861084,2.85171959400177,1.9112645387649536,3.337598443031311,0.5996210694313049,19.32306861877441,2530.855810546875,87.7350975036621,12.95223331451416,33.630320358276364,15.590688991546632,2595.9554401397704,5289.010955381394,8845.081352385878,0.3409227674367629,884.9833921867983,155.11873025298118
95.55577725616726,38.73731718035415,2.459510564804077,26.08576946258545,2.911983394622802,1.8427222967147827,3.458439755439758,0.6625908970832824,18.918088912963867,2440.273974609375,89.58915405273437,12.397760391235352,35.52941207885742,16.947748947143555,2600.461838722229,5070.669353342057,8789.658728298546,0.3637266821584685,884.9974146003472,154.22897296249866
103.26787575167369,30.70572613920085,2.4943652629852293,26.572644805908205,2.9687420129776,1.506726360321045,2.9436190843582155,0.502955186367035,19.186637306213377,2766.3829345703125,91.33537216186524,10.008622074127198,30.133575630187988,13.16001558303833,2661.247804641724,5925.032134485245,9194.551667129248,0.3018093375023448,879.5610606803923,148.23153084069492
92.39346603783372,39.148900668416175,2.3059935569763184,25.143159675598145,2.97130982875824,1.7798055291175845,3.707687687873841,0.653632116317749,17.737522697448732,2282.164721679688,91.41435394287107,11.741273117065427,36.9154613494873,17.119463157653808,2555.4240869522096,4968.328613901138,8840.394300408661,0.3817764052451821,886.0462112749819,153.17056945711374
89.70043541298162,37.590086488844825,2.4461865425109863,26.046579551696777,2.898734712600708,1.9063284635543825,3.60832839012146,0.6308321535587311,18.815378189086918,2305.54736328125,89.18155212402344,12.872144603729248,35.74904518127441,16.356569862365724,2544.10455532074,4867.045466184616,8790.799138985016,0.3764819589705439,887.7250941829261,155.45575604885818
105.5684790812686,31.72460854477249,2.364483666419983,27.75091342926025,3.1431540727615355,1.7368012428283692,3.0623355150222777,0.5394013822078705,18.1869909286499,2833.2726318359373,96.7012451171875,11.721595573425294,30.85500545501709,13.975752067565915,2658.0605672836305,5519.837074232101,8769.234199227207,0.3276225103602853,882.9803033840395,152.36975385397673
109.71918992926024,25.775559742958286,2.4477811813354493,25.77351779937744,2.739448428153992,0.6175240695476532,2.4676029682159424,0.4340779334306717,18.82832279205322,2937.8390869140626,84.28105163574219,4.29474892616272,25.687040710449217,11.465149784088135,2691.610301017761,6099.314324569702,8924.616092816927,0.2733910122828092,876.3347823898109,128.07660931088031
103.32858300729328,28.60598960421048,2.4419875621795653,24.34647560119629,2.786256456375122,0.9629752159118652,2.5336570024490355,0.4874981552362442,18.783385276794437,2698.5923828125,85.72111434936524,6.50643310546875,26.904718017578126,12.767609691619873,2673.1142459869384,5641.637873649597,8791.076894825883,0.26461349275017,879.9795095678368,137.91547365412117
102.53870854037514,31.447638637386262,2.304070997238159,26.260386848449706,2.948596692085266,1.628047513961792,3.022810626029968,0.532880288362503,17.72246856689453,2627.6623779296874,90.71561584472656,10.964104747772216,30.393034362792967,13.828607749938964,2635.219618988037,5995.031631565094,9338.17750724163,0.3276812570751858,880.0268278340151,150.39444755911828
90.58703933530744,37.53213141541928,2.4306137561798096,26.063480377197266,2.840307354927063,1.886574864387512,3.6463449239730834,0.6114058315753936,18.69485664367676,2329.1955322265626,87.38401641845704,13.039926528930664,36.44980316162109,15.952537441253662,2549.4678876876837,5108.432887411118,8930.50396188628,0.3679427104030613,886.4751084928445,155.58464304357767
105.55949687843886,28.641490549687298,2.422560954093933,25.05548553466797,2.8919951200485228,1.1085509419441224,2.7316922903060914,0.4909389734268188,18.63316745758057,2749.1647705078126,88.97420883178711,7.427442455291748,28.10228614807129,12.751407241821289,2680.7536659240723,5657.742865133286,8852.46127404645,0.2814312099243384,880.4267697560299,141.16052780374883
107.20738407874003,28.30012447726913,2.292782974243164,24.374957466125487,2.966696071624756,1.0041653990745545,2.5805655002593992,0.4955742001533508,17.634563636779784,2708.1323974609377,91.27242431640624,6.672236204147339,27.238597297668456,12.956842708587647,2671.595021057129,5596.130780410766,8625.471013208478,0.2763827277027303,881.40423811129,138.641046448797
107.46378272835918,28.295784668880515,2.263703465461731,26.095517539978022,2.982111024856567,0.9278254032135008,2.483706831932068,0.499146631360054,17.412153053283692,2926.043603515625,91.74671020507812,6.30846095085144,26.49771041870117,13.035547256469728,2680.014928436279,5480.038307952881,8370.63962723147,0.2738157335785217,881.2577111322665,137.36873714998364
89.69466542648888,39.863888066541406,2.419869542121887,27.17668895721436,2.773117470741272,1.703048729896545,3.929484105110169,0.6674950242042541,18.61329460144043,2395.7,85.31685409545898,11.271597290039065,37.99869422912597,17.34168949127197,2492.150496673584,5050.788270616531,8976.783948822693,0.4091591288801283,887.4251443979927,152.46557607650757
95.36735088077324,34.786192984413354,2.4454294443130493,25.841049575805663,2.998403811454773,1.72398738861084,3.420233392715454,0.6149213671684265,18.80945472717285,2410.337939453125,92.24795608520508,11.741990089416504,33.854964065551755,15.934183979034424,2553.51565952301,4769.956088256836,8496.627724416368,0.3669214048888534,887.682662519312,153.15478717684746
106.08962610596366,26.293336324975822,2.4174617528915405,24.373437118530276,2.8263681888580323,0.7225544929504395,2.461498689651489,0.465399619936943,18.5947624206543,2721.720849609375,86.95516891479492,4.954614210128784,25.900643157958985,12.07796277999878,2672.2825059890747,5532.36714720726,8372.838139063306,0.2687802135944366,880.6758916050815,131.5889181263745
104.71766376129908,27.934358684998006,2.340266227722168,24.514726829528808,2.913257098197937,0.9850685238838196,2.6322900533676146,0.4943214535713195,18.00038719177246,2700.842529296875,89.62832946777344,6.668678283691406,27.17512321472168,12.921928882598875,2686.7462730407715,5943.915377283096,9023.043460285293,0.2717842337640567,878.5100010992617,138.32239348888396
92.06544299285947,42.49806881439872,2.3783202171325684,26.292941093444824,2.922272729873657,1.9028906226158144,4.155938291549683,0.7176977097988129,18.29386711120605,2369.9217041015627,89.90571899414063,13.014149284362793,40.18433151245117,18.455881690979005,2536.365397644043,4739.4939664363865,8774.050053483434,0.4261731185601093,887.983177420155,155.94159890264274
105.06035340557294,27.508081360510552,2.303466629981995,26.10547561645508,2.7800987005233764,0.941785567998886,2.6126981735229493,0.4729368567466736,17.71781406402588,2850.70615234375,85.53162002563477,6.355254793167115,27.36388397216797,12.232362747192385,2676.1791954040527,5820.970117616654,8936.566226556339,0.2802396003129267,879.4835409965981,137.3448532909155
97.38664821255163,31.238270614063367,2.294180631637573,26.55303554534912,2.9733343601226805,1.5443427205085754,2.9760475873947145,0.5168633937835694,17.64614486694336,2536.675634765625,91.47667007446287,10.35105047225952,29.963708114624023,13.715839195251466,2580.132457923889,5330.215992593765,8710.024163610675,0.3210484074814303,884.2837703607468,149.64935873299837
106.61594360242972,28.33720911364071,2.437653970718384,25.075045013427733,2.782578873634338,0.983063179254532,2.574268794059753,0.480422842502594,18.74961853027344,2819.16279296875,85.60795516967774,6.519461536407471,27.06751918792725,12.480030918121338,2696.1971530914307,5925.662389612198,8980.646174328402,0.2683321834748747,878.4007716566146,137.80446670353413
91.90869742924878,37.61551466821693,2.47552752494812,26.54952754974365,2.8250954866409304,1.778697419166565,3.3815046072006227,0.6647424876689911,19.04161834716797,2401.632373046875,86.91599731445312,12.291103744506836,34.202498245239255,17.153544425964355,2577.059635925293,4909.5204021930695,8722.19944002051,0.3527992691956948,886.0842116112384,154.15123993456365
105.15094132675434,31.07049765321426,2.4255030393600463,26.54336814880371,2.8864909410476685,1.4625428318977356,2.7932279109954834,0.5378134489059448,18.656238746643066,2852.9113525390626,88.8048713684082,9.787637519836426,29.23652210235596,14.086794567108154,2680.066076087952,5956.007000875473,9169.541826593317,0.290292420035197,879.4625349050053,147.64687108919026
89.82063447529083,42.29845977616496,2.5142276287078857,25.93541488647461,2.916318440437317,1.8384779930114743,3.763917970657349,0.7053003430366516,19.339157104492188,2295.680712890625,89.72254943847656,12.790525341033936,38.22649040222168,18.30211677551269,2531.077473640442,4729.973927688598,8743.027234719693,0.3928534871345618,887.8099034612635,155.44693661928176
106.0265733419881,24.2511030156631,2.43902599811554,24.562630653381348,2.7680947542190557,0.5195777952671051,2.353387475013733,0.4008205890655517,18.75951766967773,2779.432861328125,85.16236114501953,3.4756150245666504,24.958123397827148,10.593184185028075,2672.679379463196,5783.993385314941,8674.337310730294,0.2621573108248413,878.7677231123656,123.80248863883315
108.94093973869823,30.28539467919618,2.283903241157532,27.08168601989746,3.005823397636413,1.311751651763916,2.7392765998840334,0.5406338810920716,17.566058349609374,3020.158447265625,92.47621536254884,9.093443393707275,28.59535179138184,14.13023624420166,2695.721203804016,5951.969213247299,9081.893438452857,0.2889127064235575,879.348289345295,145.9356572009623
103.59339534059067,29.521628013066948,2.3516685009002685,26.164581108093262,2.8242482900619508,1.3153305649757383,2.805317640304565,0.5128961622714996,18.08892860412597,2735.4081787109376,86.88995971679688,8.698811149597168,28.85418834686279,13.260725021362305,2660.412237930298,6101.936840677261,9271.91868118234,0.2967955723245868,878.0820025079747,144.73192458748818
96.07139025190126,34.28348170709796,2.421738624572754,26.28740005493164,2.9989307165145878,1.857855200767517,3.24608473777771,0.6126376628875733,18.626745223999023,2475.392724609375,92.26416702270508,12.395687580108644,32.681666946411134,15.741334056854248,2592.4673252105717,4995.901352214813,8598.214300905354,0.336846227273157,886.3960968495965,154.25870101302863
96.72267867106964,35.17106934841722,2.3077549934387207,27.58802146911621,2.852516007423401,1.8631629943847656,3.22033281326294,0.6243277609348297,17.750301361083984,2610.1667724609374,87.75960006713868,12.859685897827148,32.830329513549806,16.01055335998535,2615.7059881210325,5071.728858470917,8682.546230451204,0.3362014948813844,885.283991963177,154.93762390613557
110.12569175194916,26.99293966505211,2.306278705596924,25.896673011779782,2.8511136770248413,0.8407907068729401,2.642292594909668,0.4515983432531357,17.73933982849121,2951.8744140625,87.71643600463867,5.795253038406372,27.23877544403076,11.774857234954831,2687.9144844055177,6071.692738151551,8973.776496313885,0.2786839874263846,877.0006937766582,134.93126158565283
104.40606964155144,24.91807347543072,2.270462131500244,24.107971382141116,2.829473376274109,0.5839787423610687,2.389655876159668,0.4333918333053589,17.46303596496582,2703.466064453125,87.05067520141601,3.929209351539612,25.514475440979005,11.32408046722412,2673.376375389099,5694.216873311996,8670.986570561678,0.2618798307725228,879.0671600844456,126.2930745895952
97.05395170635786,32.474935174454004,2.3966526985168457,26.322451972961424,3.0934537172317507,1.9084320306777955,3.119411015510559,0.5881142556667328,18.434988021850582,2504.426220703125,95.17220001220704,12.911920547485352,31.336977577209478,15.309076690673828,2585.685103416443,5135.555839395523,8626.039498676546,0.329025235809676,885.2808217984209,154.9343392252922
106.6135497990502,28.038224747171625,2.49301393032074,25.26183910369873,2.927850246429444,1.0038568019866942,2.5911224126815795,0.5023396968841553,19.175632095336915,2767.3138916015623,90.07732620239258,6.931071615219116,27.3061954498291,13.054603672027588,2674.5553998947144,5749.741748142243,8866.297906393185,0.2874091019056489,878.7898731013513,139.35594082027674
103.15730367387566,31.90317372824065,2.3596314907073976,25.09043865203857,3.00186824798584,1.4017855286598206,2.7985199451446534,0.5256302237510682,18.14876194000244,2644.1259033203123,92.35454330444335,9.76265172958374,29.1797550201416,13.877186393737793,2672.9799602508547,5873.293583011628,9187.009292616694,0.2939362733040424,879.4795790929835,147.68216111958026
106.227109502177,30.978378437412903,2.3556920766830443,26.433577156066896,3.0301926612854,1.4394461512565613,2.927362394332886,0.5043947756290436,18.11804637908936,2830.661206054688,93.22592086791992,9.792075729370117,29.815900993347167,13.273991775512696,2683.4278038024904,5955.177920103073,9184.253866829536,0.3007391324041967,879.5169470192835,147.70955464169384
100.98727098664004,32.74610939864069,2.2944281101226807,25.2328727722168,2.851977562904358,1.782572853565216,2.9964854955673217,0.5470351994037628,17.648482894897462,2562.6770751953127,87.74304428100587,11.664570808410645,30.68529491424561,14.16285743713379,2648.5106300354005,5890.517876815796,9230.292549099217,0.3053477994415495,880.0918883310899,151.83771018385886
99.06153332062384,30.619794953754173,2.3175199747085573,25.175264739990237,2.8512093782424928,1.2208753108978272,2.679972505569458,0.4965771973133087,17.82512321472168,2608.8448974609373,87.7193977355957,8.125854206085204,28.26238899230957,13.040159130096436,2646.4229196548463,5787.084599685669,9058.698927137442,0.2801903658448345,879.3104864651665,143.1656073205173
99.0451644247426,33.534020526567474,2.3092429637908936,24.80440502166748,2.991346740722656,1.779253327846527,2.978577828407288,0.5395920038223266,17.761999130249023,2452.56953125,92.03082427978516,11.893398761749268,31.02201404571533,14.228938865661622,2660.844710159302,6285.210613632202,9720.216538825072,0.3074109967276888,878.6682703894287,152.19678576886653
100.7685628890966,34.90054738484323,2.319624662399292,25.255092048645015,2.9038397789001467,1.776680827140808,3.071356987953186,0.5785306453704834,17.842650413513184,2499.0313720703125,89.33862915039063,12.313687801361084,32.06833114624023,15.247283840179444,2655.1127450942995,6202.660157394409,9683.588478740678,0.3160813271563912,879.3729317423382,153.1511602729559
102.98739487235837,27.301261053234334,2.489217686653137,24.742184448242188,2.785903596878052,0.9084605753421784,2.6849698781967164,0.454553684592247,19.14664306640625,2634.518798828125,85.71024093627929,6.058169555664063,27.327195167541504,11.793077850341795,2655.7780700683597,5863.868631458283,8993.15723991152,0.2848357004080632,879.263241118101,136.08905016183854
106.22718545150742,26.987109020189383,2.4523667097091675,26.27568645477295,2.857809042930603,0.7939511954784393,2.5603737354278566,0.4451442420482635,18.862597846984865,2954.618603515625,87.92244567871094,5.286126708984375,26.57173538208008,11.540085983276366,2675.3839195251467,5621.387830924988,8686.350047148206,0.2707493276393506,879.6258700997321,132.9149696558714
105.5851365910794,25.39539464476984,2.3538375377655028,24.21634101867676,2.7590622186660765,0.6274567067623138,2.4461626291275023,0.4368349134922027,18.105350685119628,2721.076611328125,84.88443908691406,4.25064115524292,25.684228515625,11.488951683044434,2672.2447093963624,6057.954398822784,8912.070337496325,0.2638915516698034,877.6441077499251,127.84998595155776
103.28044393464812,30.687096251314507,2.4235195875167848,24.60488109588623,2.870664072036744,1.3394402861595154,2.7302912950515745,0.5351308643817901,18.63976879119873,2615.60244140625,88.31788711547851,9.244255924224854,28.81885108947754,13.72612943649292,2681.9553068161013,6135.77971277237,9285.899392353183,0.2854909752892102,878.2307118233606,146.2807457499206
107.72783620329557,29.041533095855264,2.3903136014938355,26.55040912628174,2.776512789726257,1.1405616402626038,2.7710143089294434,0.4953737050294876,18.386328315734865,2950.1607421875,85.42130737304687,7.832420921325683,28.461661338806152,12.80902843475342,2680.8210571289064,5957.8949739456175,9026.766723952816,0.2832130523186842,878.9607674123641,142.3254582464695
97.8311879092303,32.86855380050838,2.390797972679138,25.26926670074463,3.094350719451904,1.7018836855888366,3.1581959962844848,0.5736911237239838,18.388522148132324,2416.0466552734374,95.19982147216795,11.48320484161377,31.263040924072264,15.101242923736573,2571.297243309021,5202.141226911544,8641.557140028663,0.3349965707317494,885.6611924993238,152.29783773124217
87.52658846448526,43.62013341374696,2.3207855463027958,26.89068603515625,2.8746119499206544,1.9907679200172423,3.990000462532044,0.7348839044570923,17.850324440002442,2325.582495117188,88.43940963745118,13.648169040679932,39.822029495239256,18.90183334350586,2492.0183561325075,4715.607831525803,8835.310704445466,0.4216209356673062,888.8063130518258,157.2166699975729
98.35766399429278,34.642030734568834,2.3878194093704224,26.769382286071775,2.8208348751068115,1.7423372268676758,3.0672101020812987,0.5668726027011871,18.36497688293457,2586.7924072265623,86.78489303588867,11.859058380126951,31.696514701843263,14.76280698776245,2609.014886856079,6052.7368223667145,9525.229148148186,0.3311528153424991,880.2969491820811,152.32350877821446
105.24739371067928,24.737218953389675,2.4681809186935424,23.80527877807617,2.866931915283203,0.5123576819896698,2.3041679859161377,0.4098067909479141,18.984149742126466,2685.8932861328126,88.20312728881837,3.5338908195495606,25.24864273071289,10.799117279052734,2679.366829872132,5789.007727384567,8738.627424681932,0.2626275469199754,878.823971180831,124.23012951500714
108.6008126065154,27.13360916376114,2.306962180137634,25.96979103088379,2.8540037155151365,0.8575765669345856,2.5516282320022583,0.452187305688858,17.744735336303712,2916.07060546875,87.80536346435547,5.655657863616943,27.052047348022462,11.8850604057312,2683.102765464783,5919.7819469928745,8904.46625773143,0.2803526791001248,878.0319321629675,134.3310374096036
100.63765782797108,29.581932224798948,2.3011753082275392,24.66770648956299,2.853396511077881,1.300476622581482,2.787685513496399,0.5212356328964234,17.7000394821167,2550.74677734375,87.78672332763672,8.89164981842041,28.871784591674803,13.600265502929688,2655.750165557861,5719.380944252014,9002.68852989152,0.290776166991223,880.8907058632012,145.60412731468676
107.4871730592121,30.169276927318425,2.3200957059860228,24.618882942199708,3.004891848564148,1.2728888630867004,2.725678300857544,0.5269626200199127,17.846108627319335,2702.8830078125,92.4475311279297,8.61962890625,28.281879806518557,13.735503387451171,2695.2389562606813,6016.5786090374,9165.110442811623,0.2898455405628895,879.289139243823,144.62003850266336
102.54059253613823,32.52242139587179,2.3023940324783325,25.491200256347657,2.8550893545150755,1.841723918914795,3.164315414428711,0.5582083463668823,17.709753227233886,2550.4901611328123,87.83877105712891,12.67506504058838,31.65242977142334,14.53428316116333,2650.129238510132,6010.513747358322,9437.411505261996,0.3273784824691555,880.4930033551543,153.8135849237442
105.68645043169728,30.78905970240012,2.34206600189209,26.562395668029787,2.8542542934417723,1.461032235622406,2.899747967720032,0.5068126916885376,18.014037132263184,2804.3350830078125,87.81305847167968,9.671255207061767,29.586156845092773,13.207542228698731,2666.811245918274,6070.420468568802,9291.506127220764,0.305349592661486,879.5374812749621,147.4192694015801
98.42868158947128,33.541623478382824,2.428403854370117,25.733156967163087,2.927817821502685,1.746536123752594,3.327720546722412,0.5977308511734009,18.677566528320312,2468.958081054688,90.07631454467771,11.779456520080569,32.68939476013183,15.383235931396484,2605.1430753707887,5390.325741004944,8859.104653098062,0.3565418166539752,884.7086579518145,152.8048675581813
97.6698221652868,32.23368038996123,2.436723518371582,26.3156795501709,2.808750605583191,1.5623252153396607,2.890362763404846,0.5362759530544281,18.74127197265625,2544.7617431640624,86.41315307617188,10.660113525390624,29.813929176330568,13.895233535766602,2624.5443193435667,5510.390777587891,8848.089068892226,0.3111308737547368,883.1154566970785,150.19230215996504
102.32094978752882,28.82595016490668,2.277316761016846,25.92672863006592,2.8273916482925414,1.1674230217933654,2.708824801445007,0.5165256798267365,17.51695442199707,2690.1683837890623,86.98664779663086,7.896810293197632,28.01528778076172,13.35599603652954,2649.571095085144,5313.557147264481,8479.632711211778,0.2942976289778016,883.4469889752361,143.06045840084553
102.1352844865407,33.21697303527035,2.5119500398635863,26.57693557739258,2.902607274055481,1.833718192577362,3.063848185539245,0.5464109539985657,19.321685981750488,2640.9978271484374,89.30071182250977,12.731922149658203,31.34810428619385,14.473091506958008,2627.249332618713,5560.21987953186,8859.092540591582,0.3239607921005375,883.1961162171829,154.34578285217285
99.16461206349496,33.10902694221586,2.314696788787842,26.259492874145508,2.940155291557312,1.7735898852348329,3.0899858474731445,0.5437191128730774,17.803906440734863,2542.64267578125,90.45587921142578,12.084284782409668,31.14443340301513,14.174297046661376,2608.2302297592164,5517.392626142502,8871.248372442647,0.3285232225046448,883.5948972670151,153.1367803633213
108.39143875936745,27.950039397296496,2.35172438621521,26.824373054504395,3.007403326034546,0.8959098339080811,2.600163388252258,0.4672968298196792,18.089293479919437,2992.150854492188,92.52480392456054,6.133291578292846,27.044855880737305,12.276044845581056,2688.267104721069,5774.940753936768,8877.5393536916,0.2848708820622695,878.6418619868424,136.3529407784343
91.71604119583974,37.85006720195524,2.275490164756775,25.40819549560547,2.885130596160889,1.793235146999359,3.678777050971985,0.6858949840068818,17.502580642700195,2289.20322265625,88.76302490234374,11.94596118927002,36.03610496520996,17.507342529296874,2527.146119499206,4772.733794164657,8645.160636104643,0.3867013438488357,887.745092209306,153.7169969573617
106.51923311327718,28.60338526389096,2.2685760498046874,24.594527435302734,2.791566848754883,0.947168481349945,2.593582820892334,0.4631727069616317,17.44984359741211,2749.533447265625,85.88447875976563,6.542385387420654,27.69738063812256,12.14509744644165,2692.338345146179,6276.67967915535,9183.971587815508,0.2713065902492694,877.0380672670469,137.88243479356169
98.90048040225636,30.94142229827121,2.2798704862594605,26.04578552246094,2.7616885185241697,1.4239848852157593,2.8022897481918334,0.5114991724491119,17.53645896911621,2607.214526367188,84.96524276733399,9.427694320678713,29.48742656707764,13.233441925048828,2608.45902633667,5670.551757860184,8789.624560702034,0.2971955427944827,882.3650029395409,147.10089403390884
90.45325080405864,42.996973467571664,2.31279730796814,25.720050430297853,2.9753650188446046,1.7610915899276731,3.988649964332581,0.7677848637104034,17.788997650146484,2281.7059814453123,91.53914489746094,12.098761653900146,39.8661003112793,19.568051528930663,2552.453663063049,4737.751999902725,8799.480950505658,0.425177470233757,887.7887623181745,154.26046753227712
102.05688487170372,30.313925186358397,2.4740840196609497,25.22072944641113,2.9524391174316404,1.3836151123046876,2.912123799324036,0.5169822692871093,19.02900009155273,2565.08623046875,90.83381881713868,9.575390625,29.516184616088868,13.655081176757813,2615.4135417938232,5230.987905502319,8488.066386682913,0.309416102495743,883.8412649273014,147.76241393610837
96.23504061429458,33.28182252924889,2.3884730339050293,25.71977024078369,2.991640543937683,1.709496021270752,3.232869505882263,0.5955752551555633,18.371078491210938,2423.837109375,92.03987045288086,11.584761619567873,32.51887893676758,15.415681457519533,2602.5123802185058,5061.646391391754,8649.17715365868,0.3366282583260391,886.1371438509959,152.60325743258
109.83678891471192,25.67279038592242,2.260426449775696,25.70322895050049,3.0058186531066893,0.642273199558258,2.507477879524231,0.4205822885036469,17.386633682250977,2931.33173828125,92.47608489990236,4.436493539810181,26.36410255432129,10.99957342147827,2689.7161729812624,6109.442249536514,8928.075500752962,0.2750951817346504,876.5242383682813,128.80975221022965
107.42609134132522,25.484800973860548,2.2736973762512207,23.262064743041996,2.8117688417434694,0.5382826387882232,2.308379077911377,0.4087749809026718,17.48852596282959,2770.2352783203123,86.50597763061523,3.614350414276123,25.07072505950928,10.599277877807618,2711.7149580001837,6162.172515010834,8892.212686266565,0.2517003648448735,876.8253272721624,124.49922888576984
100.6710509215225,28.29168424650561,2.406535768508911,24.054034805297853,2.7582829713821413,0.915260374546051,2.5801360845565795,0.464460813999176,18.509684753417968,2541.711669921875,84.86046142578125,6.346640110015869,27.50059070587158,12.28007116317749,2658.487235069275,5716.387232685089,8943.660841943323,0.277656141009182,880.0418317053176,137.3839341931045
100.07374048043508,30.435824390035123,2.4705972909927367,25.99965057373047,2.8242001295089723,1.4762426733970642,2.872800278663635,0.5368712544441223,19.002517318725587,2552.5103759765625,86.88843994140625,10.153815174102784,29.670610237121583,13.852259826660156,2613.6969175338745,5207.115246677398,8541.036825843341,0.3156836592912441,885.3620499497526,149.4029179543257
103.09027371410976,33.796824203617874,2.418447494506836,26.660812187194825,2.894805312156677,1.6774330139160156,2.970172643661499,0.5644116878509522,18.602283477783203,2731.499951171875,89.06065216064454,11.142624855041504,31.173558044433594,14.875318813323975,2684.8037618637086,6034.846885347366,9449.73657549862,0.3076400602712031,878.8687777615712,150.72593742907048
92.03576598701996,37.14223420070484,2.340672731399536,24.85859928131104,2.9600841283798216,1.710314965248108,3.5599673986434937,0.605414766073227,18.00452423095703,2249.73955078125,91.06901168823242,11.467620658874512,35.543942260742185,15.896379280090333,2555.121862411499,5068.777399253845,8893.877136903257,0.3843959817328141,886.1579066370192,152.52913687676192
90.44775636503633,44.922303922800346,2.3435466289520264,26.728030586242674,3.045416259765625,1.7868725419044496,4.472766542434693,0.766925448179245,18.02517890930176,2357.590185546875,93.69430313110352,12.321687984466552,42.90393753051758,19.490684700012206,2536.421548080444,4548.449657249451,8733.149751585162,0.4670609040185809,889.0511499407133,155.00148593187333
96.05414326280064,36.799084060173485,2.470165491104126,25.767630767822265,2.952251935005188,1.9611436128616333,3.3005674839019776,0.6191441476345062,18.999876022338867,2426.39775390625,90.82804489135742,13.585665321350096,33.90406837463379,16.02492485046387,2606.5130842208864,5024.688101577759,8684.069729055836,0.3382884436926416,886.6540153054004,156.42440356016158
98.01953053570756,32.61781784724444,2.2995424270629883,25.970681381225585,2.9997507095336915,1.751101851463318,3.1366215705871583,0.557216477394104,17.687623977661133,2494.5611328125,92.28936996459962,11.739441871643066,31.77450981140137,14.705204963684082,2603.117133140564,5188.574505281448,8649.381714233943,0.3259982735360265,885.8888298561506,152.8186889961362
89.27744256687066,46.80918018799275,2.326287722587585,27.02124156951904,2.8025496006011963,1.827000880241394,4.311839532852173,0.7919855654239655,17.892227554321288,2363.57119140625,86.22233810424805,12.505563640594485,43.64053497314453,19.990190505981445,2491.335757255554,4679.0220528125765,8798.517489956506,0.4499415723839775,888.8294759849363,155.46079956889153
103.28784468442288,25.337021908187307,2.4058436870574957,23.37525119781494,2.717919492721557,0.6194444358348846,2.478837084770203,0.4460835576057434,18.505195999145503,2603.58359375,83.61861190795898,4.31463851928711,25.60709133148193,11.695240211486816,2660.001481437683,5906.654505681991,8831.972276621125,0.2579272569302702,878.6578830963866,128.3568632569164
107.29048907195678,28.83063926277682,2.306103467941284,26.20757293701172,2.89782235622406,1.0674339532852173,2.7049728631973267,0.477564325928688,17.736753463745117,2944.477612304688,89.15347290039062,7.433966159820557,28.26215648651123,12.495759201049804,2702.3265466690063,5934.64226346016,9009.373018050752,0.2752010889587488,878.6923192470073,141.0179475992918
100.46455843817137,30.48475291118957,2.451717185974121,26.85897235870361,2.921284008026123,1.3584041953086854,2.847312903404236,0.5211674511432648,18.856406593322752,2706.832763671875,89.87529983520508,9.434664344787596,29.187638664245604,13.630356788635254,2632.4520120620728,5515.071665763855,8724.999966169893,0.3004845972114708,882.731839168982,147.3099614135921
98.26259014476086,33.90979340393096,2.342061996459961,25.7714750289917,3.029237508773804,1.7179656624794006,3.304536724090576,0.5726426720619202,18.01349639892578,2474.0319580078126,93.19656219482422,11.607145309448242,33.078883743286134,15.004332160949708,2594.2395895004274,5291.888147354126,8743.985790694132,0.3353696713645517,884.6393493312484,152.46135347485543
91.87178509017238,38.44361416916363,2.4821224212646484,26.18483066558838,2.8693806409835814,1.7718746185302734,3.568041372299194,0.6943998873233795,19.09256935119629,2366.934814453125,88.27847747802734,12.191551971435548,35.99045257568359,17.90258369445801,2546.133967781067,4646.88415646553,8528.543469483406,0.3680221134563908,887.507885682637,154.1710431024432
104.39798905474026,31.70260795773938,2.484497594833374,24.823336601257324,2.951927781105041,1.5011022329330443,2.8090476036071776,0.5390603423118592,19.109444999694823,2612.0138916015626,90.8180809020996,10.33490800857544,29.43639659881592,14.095670413970948,2680.3861492156984,5785.916920614242,9116.029488924518,0.302390775309396,879.9845733291826,149.0957258567214
99.98472681143576,29.99411763767712,2.2862637042999268,25.95592498779297,2.81133496761322,1.2079890012741088,2.709407067298889,0.5084962785243988,17.58561897277832,2641.181103515625,86.49267196655273,8.218465900421142,28.20498924255371,13.412470531463622,2642.5998622894285,5480.327012014389,8671.921270161682,0.2924232270277571,882.3294398541541,143.8874079398811
97.72439423965484,34.50124447550625,2.3267507553100586,26.871122550964355,3.0381633281707763,1.8875349760055544,3.3016589641571046,0.5735355198383332,17.895780563354492,2564.8514404296875,93.4711700439453,12.731045722961426,32.81441307067871,15.007288074493408,2610.447375679016,5168.748968553543,8750.897344922647,0.344257375449891,886.17520121954,154.8034844994545
96.20635435055324,36.15775358341634,2.283362865447998,25.081550979614256,3.043772912025452,1.7283018827438354,3.269836187362671,0.6111479103565216,17.5624267578125,2365.080517578125,93.64373321533203,11.523646354675291,33.03326606750488,16.007125282287596,2573.960692977905,4921.819055366516,8562.012477546185,0.3400629926348348,885.9557860345856,152.52635173797609
93.89177742585898,40.23279605917632,2.4661457538604736,25.446572875976564,3.0875940322875977,1.8019415140151975,3.687800168991089,0.704751580953598,18.968204498291016,2339.4413818359376,94.99194259643556,12.206496238708496,37.67105827331543,18.227347755432127,2571.1277980804443,4821.158311414719,8690.3669921726,0.3964420159405563,887.5101001886666,154.34431849867104
109.48188890021233,27.4611526273191,2.4335209131240845,25.03669967651367,2.7819026708602905,0.97452654838562,2.6366432428359987,0.4836979478597641,18.716946029663085,2846.2209716796874,85.58715362548828,6.624311828613282,27.53585929870605,12.421676635742188,2693.490546798706,5894.6611727237705,8885.597649551555,0.277718052223607,878.3710742582261,138.24681517928838
106.74756375233189,30.33823441551067,2.3106460094451906,25.14023666381836,2.8543129444122317,1.2365456461906432,2.7688533782958986,0.4947597622871399,17.773024559020996,2756.3568603515623,87.81489715576171,8.567530727386474,28.96166114807129,12.937784385681152,2694.8958456039427,6141.835259628296,9242.021983854658,0.2838723458674452,878.1109344244378,144.44373322874307
106.142206641632,29.94985158503987,2.403168034553528,26.35840759277344,2.9872352123260497,1.1836055159568786,2.666085934638977,0.5144792437553406,18.48468017578125,2870.6839111328127,91.90434036254882,8.225010585784911,28.31578369140625,13.441100311279296,2693.07954826355,5965.450993585587,9108.38330469001,0.2882224122614237,878.9758644692004,143.48112092763185
99.65792543559172,32.63797085531987,2.5064500331878663,26.18690490722656,3.018321943283081,1.6554668426513672,2.976046776771545,0.5381268441677094,19.278956413269043,2561.8506103515624,92.86072540283205,11.523014068603516,30.490367698669434,14.229438877105713,2622.3657205581667,5129.484566640854,8572.79076029528,0.3184486909383849,885.6688384757781,152.39716620519758
98.63042658177608,32.474130931450055,2.3300681114196777,27.794940185546874,3.0543228149414063,1.7053082704544067,3.150773978233337,0.5661622583866119,17.922142028808594,2673.554370117188,93.9683349609375,11.524816036224363,31.610305404663087,14.760123920440671,2602.7426305770878,4966.311471986771,8505.840381774678,0.3361828124249518,886.1388040086792,152.4271913304925
103.03188609617602,26.26440796724055,2.476660871505737,24.015266990661623,2.887640905380249,0.6875544130802155,2.418184757232666,0.4546517491340637,19.049445152282715,2598.971435546875,88.84025955200195,4.736586952209473,25.87818470001221,11.807054424285887,2656.496724510193,5635.9334438800815,8534.164274532348,0.2692879247711971,880.5146908289214,130.59687452577057
100.7912845626102,29.471063667396084,2.4169663429260253,25.197342491149904,2.754941201210022,1.1230799317359923,2.585444378852844,0.5056633174419403,18.59097270965576,2654.7394287109373,84.75765991210938,7.475315952301026,27.703771591186523,13.103321266174316,2665.321922492981,5921.953665733337,9102.298890279231,0.2770576099555704,878.6620289046689,141.1497255064547
96.96316441911988,34.55551093481481,2.315337896347046,27.233539199829103,2.926043963432312,1.7768304347991943,3.2376531600952148,0.5675598859786988,17.809280586242675,2580.4773193359374,90.02174530029296,11.83767032623291,32.756469345092775,14.91844539642334,2584.968688774109,4996.226693582535,8607.924282604083,0.3454672882317872,886.2462708560652,153.14015239775182
100.65585589679038,33.49452620046213,2.305749607086182,25.8511682510376,2.912661075592041,1.7387561917304992,2.984161710739136,0.543130362033844,17.735169982910158,2619.620166015625,89.61002960205079,12.002653408050538,30.81818332672119,14.259119415283203,2667.505100631714,5799.30380692482,9215.995114131272,0.3049913877423058,880.6051087590655,152.57616145163774
90.04380936625776,42.41781172445044,2.298714160919189,26.45931625366211,2.89701373577118,1.7706496834754943,3.971268916130066,0.7029630720615387,17.681510543823244,2338.108740234375,89.12861022949218,12.104940605163574,39.30640335083008,17.992291259765626,2542.064950180053,4707.453222560883,8814.09407794252,0.4306218390585855,887.6928802306251,154.1875764131546
102.7862729973184,31.614958869758997,2.342080569267273,24.7622802734375,2.821787214279175,1.3503451585769652,2.768668293952942,0.5016935467720032,18.01351661682129,2558.349560546875,86.81421127319337,9.30852108001709,29.474757385253906,13.334461212158203,2672.5541118621827,6031.139484548568,9342.794017593937,0.3030031709509176,879.472022159036,146.52825935184956
106.96354369129484,25.324366038967856,2.3755507946014403,24.00655899047852,2.829211688041687,0.6273964405059814,2.4685142993927003,0.4291989862918853,18.27263736724853,2731.825390625,87.04263458251953,4.173573207855225,25.732227897644044,11.137388992309573,2691.551246452332,6037.375604438782,8904.68931740243,0.2645161686756182,877.4366204671344,127.43439596407116
96.06287985984208,35.88872870290652,2.3126407861709595,27.27936744689941,3.087599301338196,1.6568996906280518,3.496178412437439,0.6050961315631866,17.787105560302734,2561.3570068359377,94.99206237792968,11.028003692626951,34.389011001586915,15.67668228149414,2571.6775285720823,5152.450745344162,8786.487975307367,0.3673220233888234,884.7004280382796,151.34573829323054
104.76971077415814,31.61130652506836,2.432600212097168,25.694144821166997,2.9111732244491577,1.5985469698905943,2.9073479413986205,0.5441249370574951,18.71153163909912,2683.6802978515625,89.56424255371094,10.986192226409912,29.87831897735596,14.212701034545898,2666.7003887176515,5954.134687900543,9237.055686026995,0.3073218499938123,879.8261736515797,150.48528961911796
97.44274567636612,34.39284678017721,2.320639371871948,26.88902053833008,3.01367073059082,1.7174579977989195,3.3209158182144165,0.622901713848114,17.848918914794922,2559.1888916015623,92.71765213012696,11.475580215454102,33.16337242126465,16.11653709411621,2602.0670957565308,5190.633038902282,8732.486070871912,0.3462101804700662,885.7908406881324,152.3997804492712
99.99156877098488,30.366815905179827,2.36814227104187,26.072122001647948,2.9140398502349854,1.295349168777466,2.773523592948913,0.516700142621994,18.21558303833008,2593.050439453125,89.65245208740234,9.000696468353272,28.911741256713867,13.482327651977538,2631.3332973480224,5449.63393316269,8685.899282355793,0.3076861343142809,882.6611658999458,146.14922409057618
105.18592418269424,25.09191943779588,2.2526061296463014,24.716930961608888,2.7297045946121217,0.5463540911674499,2.2555006980895995,0.4293792992830276,17.32610969543457,2817.9029296875,83.98123397827149,3.620590543746948,24.78761520385742,11.277581882476806,2696.813243484497,5989.557624101639,8832.636407264881,0.2546153047238476,877.365266626222,124.50716008506716
102.74570255093072,27.556654152995907,2.429174590110778,24.927251434326173,2.8187599658966063,0.9709603786468506,2.6468843698501585,0.469982099533081,18.68502922058105,2640.14619140625,86.72108154296875,6.556936883926392,27.807929039001465,12.169313907623293,2662.180895805359,5628.869167566299,8800.706044478342,0.2813180943136103,881.3219988893154,138.29693389013408
94.94454528171364,33.642321550101045,2.38560733795166,25.794995880126955,2.8584288597106933,1.7183120250701904,3.2846105337142943,0.5550138056278229,18.349946975708008,2403.7373046875,87.94158248901367,11.484397888183594,32.721632385253905,14.40511474609375,2555.7380661010743,5450.690614080429,8924.770768926106,0.3421855384132065,884.7691244463756,152.21370356976985
109.97304959424773,27.497103563859127,2.339918828010559,26.60003452301025,2.907282567024231,0.948255968093872,2.6153626441955566,0.4771802604198455,17.998540496826173,2989.061962890625,89.44450759887695,6.492419767379761,27.619150733947755,12.440421772003171,2700.0087671279907,5912.328092384339,8940.266861837357,0.2865575883172278,878.4282227196811,137.7391574576497
94.66339916385486,38.58793133106083,2.375355124473572,25.00396556854248,2.862211537361145,1.7963297963142395,3.4290817260742186,0.6572046101093292,18.271072387695312,2318.4256591796875,88.05789108276367,11.780963897705078,35.4349967956543,16.895701217651368,2599.054679107666,5209.399392795563,8907.767863458395,0.3663746871534385,885.888732733285,153.17192541360856
100.2787555161693,29.066598923131824,2.408922624588013,25.78279476165772,2.709353518486023,1.038511335849762,2.5978263139724733,0.4945210188627243,18.527901649475098,2741.940673828125,83.35514373779297,6.935890769958496,27.356364250183105,12.8174654006958,2656.438401412964,5836.498693227768,9012.53262395896,0.2690018170049955,878.9498087574677,139.30760784447193
96.27089579586028,38.239075802080336,2.4977171421051025,26.68361434936524,2.9018508195877075,1.8766208052635196,3.4759038925170898,0.6525630593299866,19.21220970153809,2509.736279296875,89.2774169921875,12.670663833618164,35.74271583557129,16.733366012573242,2587.2065855026244,5018.314008426666,8724.131037797406,0.3725403035670752,886.4742498625419,154.9465643212199
102.12267684237042,30.587423174548896,2.439194250106812,26.25018310546875,2.915282654762268,1.31544828414917,2.776443934440613,0.5082787573337555,18.76186981201172,2772.0830078125,89.69065628051757,8.95112419128418,29.05142135620117,13.422673320770263,2660.979028701782,5479.789980173111,8623.864590547048,0.2846646484336815,882.5917658397666,145.98127977997063
110.78973415597852,24.877536578150465,2.252936029434204,24.214512634277344,2.8184535264968877,0.5338564157485962,2.3412830591201783,0.4065573364496231,17.3290225982666,2838.0228759765623,86.71166915893555,3.585762310028076,25.250608253479005,10.606137943267822,2707.597368812561,6360.067464017868,8984.03972769063,0.2635075767640956,875.7848493826914,124.2545634355396
108.21131117396938,25.997703745681797,2.314360666275024,23.47511558532715,2.7424894332885743,0.5558891594409943,2.3391561985015867,0.4185932427644729,17.801944541931153,2772.6135498046874,84.37456130981445,3.8271656036376953,25.20731086730957,10.88183250427246,2704.419040298462,6352.173189544677,9029.89704206977,0.2530980790732428,875.8294413132787,125.60151171498
95.2650577139152,36.68801747113466,2.428109884262085,25.3161584854126,2.864175295829773,1.89848792552948,3.5247958421707155,0.5982104480266571,18.676597595214844,2359.221435546875,88.1183090209961,13.089277267456056,35.356414031982425,15.742384147644042,2569.0465044021607,5050.652220201492,8803.081314625591,0.3766249059548999,886.6377984776933,155.63651951551438
98.9250114545545,30.388273245538585,2.492595362663269,23.757244110107425,2.8098185300827025,1.1087668538093567,2.648089051246643,0.4811278074979782,19.17280712127685,2487.4874267578125,86.44599533081055,7.654491996765136,28.32101154327393,12.683546829223634,2658.7386278152467,5922.698397302627,9156.743365827948,0.2738794228993726,878.6734008342571,141.77295170873404
98.05081966481498,32.5752255895175,2.4218466520309447,26.20596046447754,2.8909316778182985,1.7721217632293702,3.041825366020203,0.5540090262889862,18.627619361877443,2511.2304443359376,88.94150924682617,12.351517486572266,30.93212261199951,14.614900207519533,2593.957724189758,5476.905393171311,8838.175279370882,0.3297432182531522,883.6789523828029,153.72988989576697
96.80196383229938,34.70252969986759,2.337171196937561,26.80638027191162,2.96716194152832,1.9054399728775024,3.3052517414093017,0.6130952894687652,17.97597312927246,2534.4771484375,91.28676910400392,13.208481216430664,32.805916976928714,16.111284255981445,2572.5228759765623,4833.978524780274,8512.98299921304,0.3569593532525728,887.6351368638759,155.87745663970708
96.07599722797768,34.69712288980372,2.3730409145355225,25.857990646362303,2.8098551750183107,1.7014755010604858,3.1120692014694216,0.6052027225494385,18.253345489501957,2441.7599609375,86.44711532592774,11.433191680908203,31.789558601379397,15.613811492919922,2604.153981971741,5398.478930091858,8839.842308468744,0.3194431339434885,884.6370381079662,152.08111283928156
102.08099884635077,29.36476205200888,2.3974067687988283,25.857311630249026,3.0167481660842896,1.2305071473121645,2.812966513633728,0.4790765047073364,18.440624809265135,2678.642529296875,92.81231918334962,8.225258159637452,29.08359851837158,12.665426540374757,2650.38396320343,5435.244240236282,8603.243634883314,0.2963289445353439,882.199572074003,143.88545856252313
94.29011831590944,38.35998627324589,2.360922813415528,25.15548248291016,2.982686543464661,1.8072766661643984,3.72166440486908,0.6946112871170044,18.15973281860352,2320.11083984375,91.76437759399414,12.196949195861816,37.27136001586914,17.844196319580078,2540.541477394104,4718.120412254333,8563.598100611754,0.3949387485801708,887.7067705717666,154.23987761586903
98.72173697078472,33.91871547312476,2.3852226734161377,27.588213157653808,3.095519781112671,1.7023600935935974,3.3226811170578,0.6190283536911011,18.34635734558105,2649.901806640625,95.23578567504885,11.43063383102417,33.23586845397949,15.937696361541748,2567.8641315460204,5009.071092653275,8544.705826744996,0.361280086847546,886.0381264691562,152.33315733224154
101.88640858531316,28.270606085727923,2.288378882408142,25.090999603271484,2.794732451438904,1.038708257675171,2.6374901056289675,0.489596351981163,17.602108573913576,2636.0392822265626,85.98184051513672,7.110936021804809,27.766344833374024,12.866338348388672,2643.732860374451,5522.789101505279,8525.505473822914,0.2838706456765066,881.517674638883,140.31949433758854
104.2632579045418,26.524356297659686,2.386470913887024,23.530964851379395,2.5810059785842894,0.5889772176742554,2.304563593864441,0.425576263666153,18.355802726745605,2763.423046875,79.40645294189453,3.884840202331543,24.99955940246582,11.23902997970581,2695.808853149414,6168.913288164139,8982.495323816129,0.2447252857557032,876.3502595807956,125.83705947063864
99.25509040795694,35.48253878951073,2.344677448272705,26.94070682525635,2.961143374443054,1.7442758083343506,3.245454525947571,0.6020879089832306,18.03511428833008,2604.1392822265625,91.10161819458008,11.913320541381836,32.93894538879395,15.69623384475708,2612.3291631698607,5270.909599542618,8764.251733816975,0.3527682228537252,884.7631644174817,153.12085039913654
102.5362190883347,30.738307855976743,2.422727370262146,25.683440971374512,2.9930455923080443,1.2725316047668458,2.6866576194763185,0.505898529291153,18.63513240814209,2736.956127929688,92.0830795288086,8.541496276855469,28.55568504333496,13.076018047332765,2680.2235349655152,6007.353734731674,9208.502425662056,0.2835354238841279,879.1256028226671,144.40397150889038
101.33049365750932,28.977922156685963,2.298011374473572,24.65405559539795,2.8831916093826293,1.1916107773780822,2.807642436027527,0.5025226831436157,17.675604248046874,2523.655615234375,88.70338973999023,8.17357931137085,28.56195640563965,13.13531265258789,2660.306175804138,5910.060576963425,9186.57891795989,0.2992937489985981,878.948376466514,143.32227349504828
93.88859788386767,39.88976768911816,2.403470754623413,27.340928649902345,2.9473642826080324,1.798262107372284,3.6543126106262207,0.6580059111118317,18.487150192260746,2515.002978515625,90.6776885986328,12.374127101898193,36.52082633972168,17.1793155670166,2555.6548059463503,4964.3182542800905,8796.19017819129,0.3805224226147402,886.186902316396,154.41673379391432
101.55931516572704,27.923878673510625,2.433945417404175,24.354129600524903,2.749416971206665,1.0222397804260257,2.56427583694458,0.4961005687713623,18.72078514099121,2544.853564453125,84.58765335083008,6.752646493911743,27.293848991394043,12.873247241973877,2634.5898401260374,5388.319798612594,8432.85213772878,0.2856424913508817,883.0130487910731,139.14936377629638
103.96370681049524,24.91545839619357,2.309087872505188,23.32801685333252,2.718130731582641,0.5163081645965576,2.2819536447525026,0.4293347477912902,17.760037422180176,2735.64638671875,83.62514419555664,3.5958112478256226,24.849715423583984,11.07377405166626,2695.7737958908083,6019.403879642487,8824.49427102916,0.2465762160369195,877.3858263655318,124.4336396060884
97.50221741152087,33.33827476985753,2.3836441040039062,25.835098838806157,2.9962640047073363,1.695826292037964,3.0860480308532714,0.5748126566410064,18.33352470397949,2461.15302734375,92.18211059570312,11.419450759887695,31.38977432250977,14.876457214355469,2602.979459762573,4993.727575874329,8557.31348620262,0.3380732943555394,886.1363076643553,152.22573212087156
106.96248308768229,28.220093422243373,2.4001038551330565,26.077376556396484,2.8889246940612794,0.9974888026714324,2.713887405395508,0.4641443222761154,18.4606071472168,2835.906713867188,88.87974853515625,6.786690187454224,27.78470096588135,12.183847045898435,2688.930200958252,6089.150195121765,9153.15427983962,0.2916324484050462,877.4079464688064,138.76367563679815
102.22280369892576,30.107583790039644,2.333995985984802,24.965942764282225,2.9553582668304443,1.159348237514496,2.6689808845520018,0.494397234916687,17.951620674133302,2588.3933349609374,90.92363128662107,8.016573047637939,28.60684642791748,12.975372314453123,2640.600790786744,5362.36391415596,8499.075220151804,0.2964904745051172,883.5293592825277,143.41864397898317
103.98506520106469,31.64148006211035,2.45227313041687,24.59753017425537,2.8361651420593263,1.4578300714492798,2.864677000045776,0.5223067820072174,18.86271228790283,2607.676806640625,87.25655593872071,9.979265880584716,29.4089204788208,13.773396301269532,2677.709271430969,5857.731772375107,9162.893718791194,0.2932196795335719,879.4926549208989,148.17408880591393
95.1121942741952,36.58141798172146,2.406522750854492,26.53902816772461,3.0193302631378174,1.7514072060585022,3.4768346309661866,0.6541959583759308,18.51026439666748,2470.27939453125,92.8917594909668,12.026187896728516,34.377340698242186,17.030651473999022,2579.9762578964232,4813.844246006012,8586.185884437338,0.3615800983650842,887.2999330163541,153.7816291987896
101.71398754539244,33.79306887658313,2.28729259967804,26.251455116271973,3.0233052492141725,1.7876450538635251,3.1446537494659426,0.5497495472431183,17.593063354492188,2592.092041015625,93.01404266357422,11.907503986358645,31.627063179016112,14.537519645690915,2642.921716880798,5434.262673807144,8838.15030664634,0.3423644368838435,883.5039715365158,152.8013914987445
101.58190894899684,27.32770760399289,2.356399726867676,24.88950672149658,2.8554636001586915,0.8585247814655304,2.572279930114746,0.4542815148830413,18.12379264831543,2689.267724609375,87.85026702880859,5.747980546951294,27.112747764587404,11.946932697296145,2656.063520622253,5835.028796958924,8922.047081855126,0.2683589440769673,878.4756867470744,134.73822526782752
97.20244665049776,32.66185756614432,2.2793435573577883,24.816956520080566,2.791634941101074,1.6898680925369265,2.9343783140182493,0.5458990573883057,17.532710838317872,2435.94375,85.88655014038086,11.524340534210204,30.25038547515869,14.150144577026367,2628.096392440796,5714.364849758148,9067.488652359136,0.3048611658954326,881.8954059499056,151.91248217076063
103.70532704410591,26.797785152238795,2.449926924705505,24.6270393371582,2.8671104669570924,0.7484144628047943,2.457875061035156,0.4493544399738312,18.844604873657225,2673.19423828125,88.20863494873046,5.037393569946289,26.20617656707764,11.805705642700197,2672.595188522339,5573.787175989151,8478.470143443532,0.2728498729644343,880.5900462849061,131.98717084676028
104.77634463734177,28.36285332953557,2.3023743629455566,24.607738304138184,2.8605861902236938,1.076687216758728,2.762945222854614,0.4819376617670059,17.708560943603516,2631.644018554688,88.00787582397462,7.450703620910644,28.365538597106934,12.67471923828125,2676.65254650116,5976.137656545639,9122.920392135904,0.290019376108389,878.8824656293466,141.12373918294907
97.24341182415276,33.80255554616451,2.412868022918701,25.80461616516113,2.8837815046310427,1.7010105967521667,3.246019005775452,0.5925489962100983,18.559558868408203,2452.8051025390623,88.72151412963868,11.25444736480713,32.30158882141113,15.370278930664062,2577.4523878097534,5152.49682059288,8673.141297685355,0.3421590559661799,886.1202589549688,151.92518369853497
102.10987633631406,33.16132887289859,2.286864757537842,25.063478088378908,3.090767335891724,1.8048357009887692,3.0707013845443725,0.5571073651313782,17.589908599853516,2534.654956054688,95.08956375122072,12.19140338897705,31.57439517974853,14.425179195404052,2663.749757575989,5951.024531173706,9362.125780088269,0.3180050049074838,880.2716187259488,152.88837157934904
101.30097605581844,28.097481041960418,2.404512572288513,25.237642288208008,2.758966636657715,0.9366645336151124,2.6436067819595337,0.4713287889957428,18.49488983154297,2668.4904296875,84.88150787353516,6.5148632526397705,27.428829956054688,12.467513942718506,2647.9189142227174,5716.344919872284,8927.337950115838,0.2789269377192357,880.0719790676983,138.0520164884627
89.3792675211161,39.67930931276642,2.3161540031433105,25.74314193725586,2.9339075565338133,1.6908276677131653,3.689592027664185,0.6845369338989258,17.815943717956543,2269.4001953125,90.26366348266602,11.37778730392456,36.96485328674317,17.7655611038208,2513.5233800888063,4750.392703819275,8723.093747531064,0.3899947776197223,887.4382322725314,152.57569058388472
96.64734481664212,37.39703112756833,2.356010913848877,25.232104873657228,2.8469740390777587,1.8202502727508545,3.3070688009262086,0.6345605313777923,18.122255325317383,2383.2486083984377,87.58911895751953,12.615755081176758,34.27555885314941,16.44956684112549,2593.915069580078,5116.590229606629,8728.3007354578,0.3530791821939692,885.1989012908267,154.5725640654564
101.4848866294569,31.056116292625667,2.502857804298401,26.639853477478027,2.8055819988250734,1.630724811553955,3.044796419143677,0.5492664456367493,19.25096492767334,2710.799365234375,86.3156608581543,11.248784923553467,30.46028614044189,14.19819507598877,2629.754661369324,5710.879131031036,8923.982698274962,0.3084144014918094,881.6826056131224,151.29658364355564
90.29344445733012,42.62987457439304,2.351655888557434,27.039937019348145,2.991151213645935,1.778718113899231,4.319212245941162,0.7690290570259094,18.0887393951416,2391.388525390625,92.02484893798828,11.76752233505249,41.717728805542,19.544824600219727,2516.8614555358886,4459.792706918716,8602.710701970756,0.4381339318817481,889.1289751097632,153.88227655291558
104.72596338601136,24.47682184632868,2.3340463638305664,23.90281314849853,2.6462815523147585,0.5079621493816375,2.2502960681915285,0.3942112594842911,17.953304290771484,2708.854736328125,81.4146957397461,3.479339528083801,24.48983402252197,10.229859924316406,2676.1926786422728,6070.158087348938,8850.68592869602,0.2544304250390269,877.3451430484405,123.73849922139198
103.92653782667642,29.2068807520438,2.3001652002334594,26.886841773986816,2.8422900199890138,1.0911332607269286,2.628812503814697,0.5090809762477875,17.69110050201416,2827.4255126953126,87.44499053955079,7.520400094985962,27.837705421447755,13.10598850250244,2667.130887413025,5720.367207050324,8947.706498337724,0.2966779827663565,880.4203412612966,141.50098548009993
104.42739691658036,29.471089125471188,2.271551489830017,25.453723526000974,2.7393582344055174,1.065551793575287,2.57284677028656,0.4942604035139084,17.471408653259278,2764.8618408203124,84.2781997680664,7.068553972244263,27.391076850891118,12.944195652008055,2693.1015338897705,6016.846161365509,9140.018291610666,0.2780510722320425,878.6996348631903,139.71869327127934
100.64974263871076,30.367962777102367,2.271456360816956,26.61525402069092,2.839959454536438,1.4302132725715635,2.8816497325897217,0.5170770585536957,17.471066665649413,2703.4096923828124,87.37331085205078,9.52711000442505,29.369458389282222,13.523245811462402,2640.6307149887084,5513.6336029529575,8713.716991723515,0.2977726267157714,882.8800265728794,147.43465294018387
103.12286986762156,28.948661970626564,2.487411451339722,24.717840576171877,2.909296417236328,1.2308828353881835,2.7387948513031004,0.5260007202625274,19.13272819519043,2594.627197265625,89.50646362304687,8.223612403869629,28.14849224090576,13.46338939666748,2639.8864072799684,5199.306043100357,8341.771916525438,0.2926122041011695,883.3628290092558,143.96559375599026
100.85923949627376,29.37214885172434,2.4310696601867674,25.21303577423096,2.9228806018829347,1.0951964259147644,2.632838416099548,0.5013944745063782,18.69813690185547,2606.2767578125,89.92440261840821,7.427768611907959,27.705810356140137,13.142303371429444,2633.5429775238035,5907.334142208099,9113.425466684252,0.2910404880092184,879.8538528609664,141.1201104991138
90.16245601451392,42.8777754469309,2.379240036010742,27.18500499725342,2.83383948802948,1.803148818016052,4.157126474380493,0.7314635753631592,18.30113220214844,2407.4577880859374,87.18501510620118,12.346837425231934,40.42344856262207,18.895626640319826,2543.524775123596,4682.098308753967,8796.62321321126,0.4206681193609256,887.6754287648589,154.71431393474342
101.26500578269288,33.03426383752376,2.359691691398621,26.052903366088863,3.0212319612503054,1.691115176677704,2.959886407852173,0.541925573348999,18.14917125701904,2679.34638671875,92.9502944946289,11.55302267074585,30.364930725097658,14.16961841583252,2655.106225013733,5842.504729604721,9194.193031425588,0.3016974412507,880.4798869983366,151.72388146817684
109.58226731401774,26.388009009347297,2.469116139411926,23.811773681640624,2.7232916355133057,0.7330875039100647,2.439473938941956,0.4726594179868698,18.991977882385253,2826.4992919921874,83.78392333984375,5.017356109619141,25.818568611145015,12.311533164978028,2708.573873519897,6061.717921686172,8864.583262358607,0.2553665248793549,876.6361425172094,131.5392562009394
107.34764679733836,29.7900551473489,2.389099597930908,27.34621238708496,2.804317593574524,1.192425441741943,2.795724034309387,0.4912086129188537,18.37601203918457,2949.2173828125,86.27674407958985,8.27389440536499,28.90139389038086,12.75312385559082,2678.943444252014,5836.073078823089,9028.659069896676,0.3013526393659101,880.246743407923,143.84947989434005
95.78793352172174,35.927865957375616,2.504934000968933,26.364770317077635,2.8140369176864626,1.8441780805587769,3.422993278503418,0.5940521478652954,19.26719856262207,2470.5366943359377,86.57575607299805,12.584053993225098,34.24517478942871,15.55958824157715,2562.0402460098267,5164.614602804184,8793.967707397975,0.367227632112576,885.0980214653777,154.47943800091744
92.48700580732483,34.83672552388161,2.452465534210205,27.219250297546388,3.0650311946868896,1.7531068921089172,3.2312323808670045,0.5885872960090637,18.863330841064453,2479.960302734375,94.29777755737304,12.063189506530762,32.554962921142575,15.42351026535034,2551.236534500122,5036.174590206147,8709.985484195127,0.3455912081519735,886.2052175597404,153.59416569173337
94.5750333985009,36.378684885660185,2.3226375579833984,26.479443550109863,2.8201633214950563,1.889108657836914,3.5305394649505617,0.6302260041236878,17.865217208862305,2450.070678710937,86.76427688598633,13.094541454315186,35.418521118164065,16.36957778930664,2552.401017189026,4963.7999488830565,8689.884226592443,0.3736416347976394,886.4413327425704,155.6304648295045
107.80196505217316,28.021223438251763,2.4451754093170166,25.655417251586915,2.958566284179688,1.0060089826583862,2.5699885368347166,0.5035862386226654,18.806156158447266,2850.937182617188,91.02232513427734,6.673879623413086,26.957249641418457,13.123536586761476,2687.498148918152,5731.451013708114,8840.06931317374,0.2834574499230872,878.7121983112768,138.3456794142723
101.3648982297792,30.29024736313149,2.321730065345764,26.5625207901001,3.0000311374664306,1.1383657813072203,2.6434244871139527,0.4870810329914093,17.857075691223145,2761.5375,92.2980239868164,7.756868743896485,28.26173496246338,12.759390544891357,2637.57935962677,5640.918828439712,8789.110228133573,0.2883801722200587,881.784959224108,142.43699302971362
106.57831293263196,26.55972411970142,2.2961073875427247,23.23778533935547,2.7561938047409056,0.599070566892624,2.3892863035202025,0.4266668140888214,17.661549186706544,2710.057421875,84.79617919921876,4.130082321166992,25.454120254516603,11.10309591293335,2687.25762424469,6333.490906810761,9040.642630702816,0.2524687790661118,876.0589591722886,127.1709326699376
100.86627474640304,34.730102928262205,2.2871272563934326,25.488164138793945,2.858920192718506,1.7056658267974854,3.090199089050293,0.5582566201686859,17.59175205230713,2528.50810546875,87.9566535949707,11.401710987091064,31.449946212768555,14.739760971069336,2671.801985549927,5870.43915758133,9371.7464584874,0.3196011781823931,880.061836794516,151.36113845407962
106.5154032520942,26.383836652990432,2.336169767379761,24.09894962310791,2.670770525932312,0.6901465952396393,2.454946064949036,0.4381676733493805,17.969569587707518,2802.573681640625,82.1680908203125,4.76084156036377,26.33409767150879,11.346327877044676,2698.5532978057863,5871.724342536926,8783.416628226452,0.2556460951134795,877.5891655236235,130.42797160819174
107.323545514007,28.576534904539585,2.3287521600723267,26.54603977203369,2.9133227586746218,1.0801409959793091,2.7262313604354858,0.4986611127853393,17.912264823913574,2921.5909423828125,89.63036880493163,7.425401258468628,28.002669525146484,13.043660640716553,2674.5413722991943,5680.558437013626,8837.799019750022,0.2895699999944503,880.5023916265066,141.18219400271772
104.04795822966192,28.359016203787174,2.465706849098205,23.79544239044189,2.852009153366089,0.9655912041664124,2.514962768554688,0.488473442196846,18.96585884094238,2617.4753662109374,87.7439971923828,6.527418565750122,27.075573539733888,12.642397022247314,2684.4621463775634,5960.12327747345,9008.619197636845,0.2696905678596025,878.4178619661216,137.84591123089194
99.0277785646442,31.072375632729383,2.4719181060791016,25.423583221435543,2.7717713594436644,1.3936040163040162,2.702655339241028,0.5412392437458038,19.01380443572998,2589.750390625,85.27546463012695,9.282567977905272,28.64729290008545,14.142114925384522,2634.4381206512453,5496.245277452469,8663.877035708352,0.2866304757581331,882.6168794227951,146.74760818034412
90.3861831649736,40.26700882748701,2.2836780548095703,25.770022773742674,3.0507336378097536,1.970161783695221,3.9861839532852175,0.6908802688121796,17.565875816345216,2288.8772705078127,93.85791854858398,13.618104267120362,38.852417373657225,17.687159919738768,2510.9209480285645,4676.730264043808,8687.904397470504,0.42109687901102,887.9820389751661,156.85826523154975
108.50570180276142,26.34908264311962,2.327187013626099,23.86020431518555,2.71400318145752,0.601338905096054,2.3262093305587768,0.4380904227495193,17.9000581741333,2806.927416992188,83.49816131591797,4.048230266571045,25.07412433624268,11.484772777557373,2702.462081718445,6116.172002792358,8911.22588633448,0.2552486388245597,876.3700831732498,126.72910830527545
105.0868526769834,27.71585869116243,2.352769660949707,24.967515754699708,2.7856582164764405,0.9254734933376312,2.6878719329833984,0.4541723519563675,18.096998405456542,2703.2508056640627,85.702685546875,6.389100074768066,27.77091884613037,11.815894508361817,2664.2131185531616,6002.707304143905,9056.534027897938,0.2851912641899564,878.4301996949052,137.39880311265588
104.76058807612792,31.56941341664642,2.483015203475952,26.277476501464843,3.038302373886109,1.509455680847168,2.9101280212402343,0.5175160109996796,19.09930419921875,2749.136083984375,93.47547073364258,10.269960403442385,29.92859306335449,13.428322315216064,2681.237832069397,6029.47691488266,9339.387563351542,0.306728683133987,879.7769558530605,148.88018808066846
102.0217668269158,32.40914683127776,2.4876034259796143,27.457824516296387,3.00971782207489,1.8716254234313965,3.163435387611389,0.5565671324729919,19.133285522460938,2717.193041992188,92.59604873657229,12.862961769104004,31.48818950653076,14.670272636413577,2612.7513200759886,5603.216863107681,8878.10692357663,0.3350838468483829,883.2793597019903,154.54884782880544
93.17849041601826,34.99554626457393,2.282937693595886,27.156963920593263,2.81950204372406,1.8081588745117188,3.11650128364563,0.6011453688144683,17.560211181640625,2489.35048828125,86.74389038085937,12.640237522125243,31.96920433044433,15.814552879333496,2550.728369140625,5325.396206283569,8884.256830530987,0.3402774968957823,884.9048938960339,154.46453483104705
105.81023870850424,26.45117186277639,2.286438679695129,22.741378211975096,2.606554937362671,0.6566037833690643,2.3405176162719727,0.4639494657516479,17.587056159973145,2698.905346679688,80.19243392944335,4.540639638900757,25.36336784362793,12.12138376235962,2694.8275981903075,5969.739116382599,8795.005289531686,0.2471254422503989,877.7165561985732,129.34350562877952
109.96531608882796,25.657575874147007,2.269256281852722,23.91579208374024,2.7852226734161376,0.7245361566543579,2.5124316692352293,0.4556598514318466,17.45452766418457,2794.7418212890625,85.68928909301758,4.964237689971924,26.43657531738281,11.722485733032226,2696.697031021118,6070.118460416794,8865.542596419527,0.2621415879635606,876.696635241379,131.32822133153678
104.44629686266482,29.11330190994777,2.315018510818481,24.59350128173828,2.8468677043914794,1.0206572771072389,2.5961441516876222,0.4892060697078705,17.806807136535646,2644.780322265625,87.58578186035156,6.912338495254517,27.590180778503417,12.750034427642822,2666.104917907715,5862.319235372544,9007.320943278632,0.2873281099515036,879.7485976207048,139.36713023930787
102.68886458118716,25.544974882365203,2.369520378112793,25.627047729492187,2.811310911178589,0.6512627482414246,2.3699737310409548,0.4575248658657074,18.2260591506958,2804.594970703125,86.49192581176757,4.345733118057251,25.39081554412842,11.745417404174804,2665.509314727783,5747.608211040497,8753.33716490809,0.2638292991148773,879.090650862232,128.47333248853684
101.75077877386283,28.077645560307428,2.4241316080093385,23.71323566436768,2.7325538396835327,0.8984138429164886,2.5668148517608644,0.4629976630210876,18.645874977111816,2566.346362304688,84.06887283325196,6.077129602432251,27.107625007629395,12.170621490478515,2653.707025718689,5978.998134613037,9029.29425084386,0.2664796688366991,878.1593656850339,136.08915801048278
101.81475430851732,32.60067125819624,2.337360906600952,24.775670433044432,2.9840575218200684,1.6260821223258972,2.874241304397583,0.5432735443115234,17.977830505371095,2567.8390625,91.80656127929689,10.781961345672608,29.68186683654785,14.075162792205813,2677.825183868408,5885.1503325939175,9247.092239600232,0.2961340117782298,879.8835571182819,149.9751401871443
87.50562034288049,45.28729954268783,2.285290122032165,26.647841262817384,2.770050621032715,1.7214266896247865,4.227798748016357,0.7835947692394256,17.577319145202637,2293.432421875,85.22250061035156,11.482248306274414,41.74323348999023,19.817366981506343,2508.252993774414,4657.983864545822,8805.41500061974,0.4170788184739649,888.7480647316781,153.26882216632367
91.28823136655772,39.55756849739701,2.3488097190856934,26.34800262451172,2.8712854623794555,1.782645297050476,3.878027606010437,0.6607472956180572,18.067087173461918,2364.8979736328124,88.33704528808593,12.16298713684082,37.97324752807617,17.065036964416503,2536.370823097229,4732.4010066509245,8710.133402492665,0.3897983362898231,887.7183668587998,154.19762030392886
96.5969705176512,33.76299771005288,2.4181582927703857,25.17623863220215,2.810388398170472,1.6811355352401731,3.216765308380127,0.6110467135906219,18.600099563598636,2384.258935546875,86.4635139465332,11.137375831604004,32.427477264404295,15.735398197174073,2583.827480506897,5284.49850025177,8726.403428290225,0.3248999271431791,884.3852819642168,151.46181256473065
105.46203700845038,32.77572733331472,2.40204119682312,26.93135356903076,3.148840236663818,1.801077961921692,2.9971468925476072,0.5611202597618103,18.47422790527344,2750.6293212890623,96.8762550354004,11.97711248397827,31.060597038269044,14.643469047546386,2648.7756187438963,5363.025295972824,8611.583463121578,0.3264066468687264,883.5243635519786,152.94238466620445
98.4965212043672,32.2141401315108,2.429300546646118,27.50714530944824,2.972786784172058,1.7596755027770996,3.0851003408432005,0.5619813740253449,18.68625259399414,2649.2074462890623,91.4598175048828,11.95188331604004,30.82844696044922,14.49175043106079,2577.3134874343878,5428.6259411335,8752.932360140048,0.3237303062578958,884.7383187761905,153.05459063202142
95.07614798901444,39.79692441029474,2.36659574508667,25.146084213256835,2.970617890357971,1.9766337871551516,3.7100528955459593,0.7089414238929749,18.202978134155277,2339.7074462890623,91.39308700561524,13.604364395141602,37.57830276489258,18.28323574066162,2594.979694366455,4928.861481571197,8755.182746912911,0.3851549670347595,886.6553607164867,156.69085729420186
99.96952420973292,30.28931549866684,2.357559871673584,26.98548164367676,2.990314793586731,1.3946876287460328,2.764463448524475,0.5451238691806793,18.1341157913208,2680.9029052734377,91.99907302856444,9.470384693145752,28.728565979003907,14.172517490386962,2629.1396091461183,5354.567592144012,8620.508563754334,0.3098488230258226,883.9912887500581,147.5324228927493
105.93655610981186,26.988239657320083,2.3027697086334227,25.23751125335693,2.7536295890808105,0.694966858625412,2.4288291931152344,0.4415472209453582,17.712284278869628,2789.9052490234376,84.71732330322266,4.7120020389556885,25.84332447052002,11.519798469543456,2670.884446907044,6168.380586004258,9053.118938044272,0.2726699379883939,876.6715749844556,130.09020268991588
105.7778225676534,25.251846169051717,2.388481378555298,25.21001625061035,2.709635972976685,0.5321622669696808,2.285246205329895,0.4301282793283462,18.371256828308105,2864.1580322265627,83.36382369995117,3.690626645088196,25.036384773254397,11.125621032714845,2685.017664909363,6155.21138958931,8947.897843576968,0.2554838274721988,876.1876860592347,124.8930391486734
106.93903915566172,27.065269909519703,2.280319404602051,24.002793884277345,2.7769416332244874,0.7247373044490815,2.394007849693298,0.4545433163642883,17.539487075805663,2740.743115234375,85.43454437255859,4.957012605667114,26.013047790527345,11.7896577835083,2692.80171585083,5945.733400154114,8864.059630753287,0.2585485297983753,877.8448115194672,131.33279948458076
99.97839817832424,33.68123251525685,2.332662510871887,26.0998254776001,2.9612895965576174,1.7650070071220398,2.967825174331665,0.5463947832584382,17.94256534576416,2627.105029296875,91.10608444213868,11.894271278381348,30.63822402954101,14.45701208114624,2625.192046928406,5444.050364255905,8727.306176974624,0.3021132642802674,883.6233801513827,152.7835244655609
107.3410153525984,28.663688097149134,2.410559558868408,24.27681484222412,2.8846747636795045,1.05542334318161,2.665656805038452,0.4805965602397918,18.54002571105957,2741.2801513671875,88.74899215698242,6.995018434524536,27.83265171051025,12.499436283111573,2699.782381248474,5928.928197717667,8998.291318200156,0.2728476360022621,878.6266101769521,139.47025979682803
96.00849465294618,35.09516939325258,2.324106454849243,26.69129524230957,2.9842397212982177,1.918354880809784,3.1689167976379395,0.573641550540924,17.876373291015625,2512.8939697265623,91.81217346191406,13.121582984924316,32.06256217956543,15.16440315246582,2576.38082447052,5518.198343515396,8975.541396103614,0.3414065091918439,883.989253747859,155.1584591090679
106.879054574227,25.448306980985212,2.329074740409851,23.39980812072754,2.627939462661743,0.5365156471729279,2.215838408470154,0.4259991824626922,17.915023803710938,2759.6093017578123,80.85039138793945,3.562428665161133,24.59750785827637,11.14610481262207,2698.18582572937,6167.962179040909,8893.390300862491,0.2517593038734048,876.7199902949545,124.14205503761768
97.35101601066548,33.56725652371533,2.5141031742095947,26.8262321472168,2.925786757469177,1.9270464301109316,2.930217266082764,0.5790686428546905,19.33755378723145,2564.312939453125,90.01382141113281,13.113814735412598,30.96697006225586,15.024508380889891,2592.430124282837,5271.234287166595,8663.4053543685,0.3194780557760667,884.9800272832694,155.24975546449423
107.0428737978156,30.181312525458637,2.437618637084961,27.60981311798096,3.026412773132324,1.3620213627815247,2.824224615097046,0.5132012307643891,18.75003852844238,2949.28095703125,93.10963516235353,9.088064384460449,29.03407688140869,13.41644582748413,2684.9273471832275,5727.983412694931,8993.56717055645,0.3074335662298486,879.6385293713338,145.9387119576335
100.67578826782572,29.336086881905796,2.4599399089813234,27.278444290161133,2.811256742477417,1.2824878096580503,2.8401891946792603,0.5288312613964081,18.920146942138672,2732.010791015625,86.49023895263672,8.939962387084961,28.89855098724365,13.713331985473634,2629.2615201950075,5305.824821043015,8558.32992186863,0.3088657980406424,883.6393846360661,146.0854613304138
105.10018600724425,24.719456909550352,2.286787366867065,23.51421585083008,2.8404613018035887,0.510148537158966,2.195222592353821,0.434158581495285,17.589333915710448,2709.817065429688,87.38874816894531,3.4781989097595214,24.08241996765137,11.395434188842774,2701.3473484039305,6129.396436786652,8899.378629151546,0.2515824910020455,876.225037141272,123.7169585570693
98.91580137339756,29.408503570430916,2.306926870346069,25.16630439758301,3.002336883544922,1.1461337327957153,2.787029528617859,0.4881619065999985,17.74486389160156,2513.8348388671875,92.36894989013672,7.913600730895996,28.507966995239254,12.870905017852785,2624.380641365052,5552.834041500091,8735.950149752573,0.3010660174681107,881.8062615363657,142.92490011900662
93.42356444086072,35.8928387619555,2.363779306411743,25.30269012451172,2.810652160644531,1.6859338879585266,3.561511564254761,0.6601990222930908,18.182002449035643,2316.3191162109374,86.47164535522461,11.252774715423584,34.75867538452148,17.015921783447265,2564.972876548767,4744.970944213867,8580.15025046412,0.3739672400435666,887.5503337961069,152.19716726988554
102.48060916392085,29.743142172601075,2.342712569236755,25.676103401184083,2.8053584814071657,1.1764530539512634,2.6047658681869508,0.5207109034061432,18.018817138671874,2753.30009765625,86.30876083374024,8.018915510177612,28.058423233032222,13.623666858673095,2673.191099357605,5494.875528097153,8563.340151863358,0.2749478141311556,881.6976567031263,143.2155082874
103.641417935949,28.10362274148501,2.443066573143005,25.776746940612792,2.8452409982681277,0.8356378316879273,2.4657386779785155,0.4750929594039917,18.79071960449219,2818.651049804688,87.53578643798828,5.799935340881348,26.460639190673827,12.500390529632568,2678.6870897293093,5783.805347299576,8908.896150004304,0.2723866292042657,878.4368778727119,135.03745166286825
88.51785343146729,43.5188655812759,2.460180950164795,26.533457946777343,2.793285346031189,1.8332130908966064,4.18720817565918,0.7723740816116333,18.92274780273437,2312.5488037109376,85.93734893798828,12.408306789398193,41.577349472045896,19.47006759643555,2485.7535598754885,4667.798513126373,8707.028208984808,0.4174992159940302,889.9033522693287,155.33576228767637
91.72221532991374,38.304375792853534,2.4708988666534424,25.92386035919189,2.790672397613525,1.8381424427032471,3.781582832336426,0.6944623291492462,19.005327224731445,2330.5264892578125,85.85695037841796,12.3125470161438,36.96139907836914,17.940958976745605,2520.4523391723637,4893.31468462944,8764.525823318214,0.4070239879074506,887.5069132000026,154.5081238999963
106.88993244315412,24.72411459325813,2.3933513164520264,25.13144245147705,2.766224431991577,0.5254458248615265,2.3194414615631103,0.4033696830272674,18.40945053100586,2861.444702148437,85.10483856201172,3.494013214111328,25.106580924987792,10.572360801696778,2692.7776712417603,5710.547452878952,8637.265259485319,0.2630876219598576,878.7184907665578,123.92779059633612
102.841434972195,27.35856233998202,2.3979032039642334,24.43452377319336,2.837521862983704,0.8884191453456879,2.5236783027648926,0.4740030229091644,18.44374008178711,2622.285498046875,87.29830932617188,5.976445531845092,26.877602577209476,12.35934190750122,2647.3787336349487,5840.051451396942,8922.88076353483,0.2789108124008786,878.5330137031317,135.75146832317114
107.08385184654284,28.034697437658902,2.304818630218506,27.027411460876465,3.0003988981246947,1.0230331420898438,2.6846790075302125,0.4883042246103287,17.727405548095703,2952.754541015625,92.30932846069337,7.099690437316895,27.810856819152832,12.6725830078125,2687.1780965805056,5690.10502319336,8862.343316877634,0.2922374432539179,880.2623197913024,140.056063079834
91.89443441199236,39.6398420473095,2.443205952644348,24.90297164916992,2.80540874004364,1.731092059612274,3.6495199680328367,0.6777438342571258,18.792739868164062,2248.2736083984373,86.31033706665039,11.51608657836914,36.45574989318848,17.26265182495117,2547.5046051025392,4731.014386415482,8659.839754621498,0.3841776962217409,887.500825804221,152.85652571320534
99.37020214926886,29.029881584760734,2.335040736198425,24.30726318359375,2.714913558959961,0.9634257018566132,2.541745352745056,0.4745145827531815,17.96047172546387,2533.452001953125,83.52615661621094,6.683659410476684,27.435385513305665,12.318769836425782,2631.817769050598,5709.734628868103,8919.2720487874,0.2794645905253148,880.0969667583765,138.6643117532134
108.1911428231937,27.84540476081893,2.26023781299591,24.780671310424804,2.753488302230835,0.8977822065353394,2.517601156234741,0.4819086521863937,17.385765075683594,2843.31533203125,84.71299285888672,6.07718563079834,26.63845901489258,12.686077213287351,2694.594989395141,5915.660922431945,8885.967951133101,0.2655542272550519,878.2845234128257,136.14380573630334
111.4845371666659,27.263245352031664,2.396201109886169,24.18300151824951,2.920146083831787,0.8430600166320801,2.544008183479309,0.459162551164627,18.431309127807616,2852.17763671875,89.84030227661133,5.849729871749878,27.19001293182373,12.032574462890626,2704.566866493225,6117.362094354629,8947.079352751933,0.2652401155530242,877.1539667899727,135.26060796193778
95.8405907131327,36.055324293253946,2.4518966674804688,26.422736167907715,2.8462836503982545,1.7654296278953552,3.353570246696472,0.6495709538459777,18.85956573486328,2475.530639648437,87.56785049438477,11.811572933197022,33.87620391845703,16.88586597442627,2562.7551389694213,5027.91789302826,8686.228731478379,0.3694567873433698,886.1501320869138,153.19333176016806
93.81371203714328,37.81561810141429,2.294475793838501,26.66350555419922,3.02001211643219,1.914358913898468,3.49979784488678,0.6221301257610321,17.648090362548828,2456.84853515625,92.91274795532226,13.208282566070556,35.167453384399415,16.14809799194336,2574.271563911438,5424.717622518539,9045.07623398006,0.356568072412048,885.1864609425465,155.6340657606721
101.81399021071972,31.15529724508524,2.397544741630554,24.9790412902832,2.921838021278381,1.5259811878204346,2.9147005796432497,0.5248873293399811,18.441714477539065,2570.108764648437,89.8923568725586,10.326035213470458,30.057412528991694,13.861818313598633,2636.529909133911,5480.178719568253,8674.122018344515,0.2985251571898185,882.9995148259708,149.4039777971804
98.39745669861728,29.472560351062565,2.462119126319885,25.2860954284668,2.763204836845398,1.222723627090454,2.8068825721740724,0.4842011928558349,18.93664417266846,2509.6094970703125,85.01188812255859,8.17750825881958,28.848266983032225,12.546291065216064,2607.4166917800903,5562.225814914704,8734.241375879943,0.2977666198057704,882.4597853190601,143.76195637732744
104.05216834711376,29.84713018252514,2.473207640647888,24.42245388031006,2.9496145009994508,1.16428781747818,2.698846173286438,0.489717036485672,19.02346382141113,2654.7540771484373,90.74691467285156,7.99480357170105,28.667724800109863,12.691901874542236,2682.5832275390626,5729.629924678802,8929.778774074093,0.279196575622669,879.2096722810554,142.86413690447807
99.21731300918772,33.22239884026349,2.3859809160232546,26.20925960540772,2.9569188594818114,1.8111991882324217,2.9438061475753785,0.5895457327365875,18.352275848388672,2544.5251953125,90.97162246704102,12.647881507873535,30.5023494720459,15.331478118896484,2621.1492824554443,5153.186739444733,8607.934767877125,0.3225555406750022,886.1245604119176,154.5682033270597
99.91722819098588,31.897451039543377,2.3591253995895385,26.02845859527588,2.984952926635742,1.5463948011398316,2.882862186431885,0.5315506279468536,18.145335960388184,2664.801123046875,91.83407287597656,10.409263134002686,29.77899227142334,13.977802562713624,2638.3372566223143,5803.784907722473,9045.79996655993,0.2941015945876685,880.1247178387636,149.2054187938571
100.27242933587874,31.41217749970965,2.4456470012664795,26.85760498046875,3.11909499168396,1.6754380583763122,3.0639026165008545,0.5416213274002075,18.810264587402344,2635.0011474609373,95.96110916137695,11.202990341186524,30.404445075988768,14.113661766052246,2629.7083662033083,5559.753530931473,8855.291285820864,0.3202480304883925,882.7346681996933,151.23542602956294
101.56831869656608,32.34572713309899,2.4249870777130127,27.682883644104,3.018275809288025,1.8850513100624084,3.066521334648132,0.5748031795024872,18.652031326293944,2735.6272216796874,92.85932388305665,12.947195911407473,31.061720848083496,14.789114856719973,2607.9379272460938,5255.609878253937,8592.626141013205,0.3293655430795016,884.9995751335613,154.96915970891715
109.0707678237158,27.664219959662297,2.302018833160401,24.32404766082764,2.8093680143356323,0.8945607364177703,2.498613238334656,0.4883793741464615,17.706941032409667,2822.6269775390624,86.43211975097657,5.980955505371094,26.4072359085083,12.828043937683104,2699.98735370636,5943.444355964661,8885.121088046953,0.2641973701596726,878.3033492738035,135.75931383892893
101.8262821957822,27.87471666969359,2.4073314666748047,24.006952667236327,2.802219033241272,0.7944642663002014,2.4152920961380007,0.4561452001333236,18.515834426879884,2708.465966796875,86.2122200012207,5.297296953201294,26.1542537689209,12.044587802886962,2678.852618980408,5923.737146091461,8911.904577064142,0.2518453314600453,877.8152819807983,132.78836428895593
109.3207584481097,27.24594494467601,2.291026544570923,24.52207260131836,2.9341280460357666,1.0035064339637756,2.676381993293762,0.4898713290691375,17.6217529296875,2810.271630859375,90.27043762207032,6.787331914901733,27.599295997619627,12.612033462524414,2695.552536010742,5772.01589922905,8807.916475433483,0.2739826349740372,878.9751480103944,138.8767601415515
92.31126554742936,36.23894224939868,2.4686411142349245,26.54792423248291,3.0222413301467896,1.8170703649520876,3.360786962509155,0.6483211278915405,18.98872203826904,2411.9622314453127,92.9813133239746,12.642048835754396,33.873440170288085,16.695619964599608,2527.239991760254,4783.146970033646,8542.31707248725,0.3569358334498247,887.8886110625641,154.9446788609028
91.05583532587056,38.572538528312,2.282499575614929,27.11671257019043,2.8768144845962524,1.7818129062652588,3.539741420745849,0.6340587317943573,17.556271934509276,2428.1081787109374,88.50716171264648,12.235136032104492,35.846609115600586,16.316077995300294,2531.8086191177367,4774.745439004898,8682.104484510981,0.384612022669171,887.8549571874534,154.25096374154091
106.7534998133475,27.693345538619905,2.2719901323318483,26.1977840423584,2.775041389465332,0.9274275839328766,2.605929017066956,0.4711488485336303,17.475797843933105,2934.4044189453125,85.37606887817383,6.162280178070068,26.947353744506835,12.284549808502195,2691.9460802078247,6093.176224803925,9073.759075420536,0.2700090482204257,877.2400024327366,136.35575636550783
91.3400862799626,40.33112348443829,2.3491029739379883,26.28400859832764,2.938300132751465,1.8867588996887208,3.669491314888,0.7261816382408142,18.0688533782959,2357.9408203125,90.39883041381836,12.755361461639405,37.71397743225098,18.483184242248534,2566.6721824646,4584.947266197205,8580.61390254274,0.3998578646976966,887.6870068452215,155.3252931073308
108.38132135746204,28.03820409723557,2.28763484954834,25.98069953918457,2.9242990732192995,0.9992937445640564,2.6485996007919312,0.4657582104206085,17.595312118530273,2877.9415771484373,89.96808395385742,6.649173927307129,27.7425199508667,12.194537448883056,2687.2523431777954,5748.729668283462,8852.594135883823,0.2897309624309683,878.8234643154544,138.25165868997573
103.69270011041463,33.153240889217706,2.4841364860534667,26.84067859649658,2.984438896179199,1.8283859252929688,3.00612051486969,0.5430608332157135,19.10718822479248,2769.213256835937,91.81830978393556,12.216710472106934,30.86846523284912,14.371940326690671,2682.909486961365,6240.496538734436,9613.203177144753,0.3081097382129927,878.680355693806,152.8276248216629
102.64847223362048,31.29151355368085,2.2734553098678587,25.02399139404297,3.0431814908981325,1.5676600813865662,2.979160809516906,0.5311977922916412,17.487277603149415,2591.930126953125,93.62554550170898,10.523528575897217,29.925307273864743,13.879914855957033,2673.501071548462,5617.764811563492,8894.177380133235,0.3070578594245963,881.5234427339763,149.6405374839902
109.19534795354409,26.213460236648096,2.3750651359558104,24.20412654876709,2.773787498474121,0.735282588005066,2.5823833465576174,0.434022656083107,18.268622589111327,2762.1982177734376,85.33747024536133,4.9232134342193605,26.444057273864747,11.330475234985352,2696.5177892684937,6337.970565652848,9114.175371849537,0.2703805646904677,876.2285727965664,131.0813804961741
102.9748275747025,30.8653451000806,2.417494583129882,24.262227249145507,2.937014651298523,1.3022827982902527,2.7637134075164798,0.5089780330657959,18.595148277282718,2587.771142578125,90.35926971435546,8.80273895263672,28.723569488525392,13.452820873260498,2676.927606201172,6078.43664264679,9264.793701394276,0.2843665247851106,878.1077991005383,145.0647507570684
106.2531399164248,26.75369046917185,2.286817955970764,23.93765354156494,2.797951102256775,0.7238567292690277,2.463336181640625,0.4479861766099929,17.58892707824707,2780.41357421875,86.08088302612305,4.879731178283691,25.971879959106445,11.78296251296997,2691.894930267334,6296.4099129676815,9058.313511796669,0.2527527111087693,876.3513226588038,130.9369917564094
107.16929447757929,24.13296592248371,2.335577726364136,24.64735641479492,2.900597333908081,0.5126711308956147,2.337122225761413,0.4027525275945663,17.96515464782715,2812.73564453125,89.23888397216797,3.505784010887146,25.1401029586792,10.59679479598999,2677.4197954177857,5967.979015731811,8763.019538243487,0.2627482605865225,877.1383776970742,123.91673738844692
107.0438229508666,28.714342800341548,2.337251091003418,25.20496711730957,2.910805892944336,1.1035237669944764,2.672166919708252,0.5020112812519073,17.977638244628906,2808.39658203125,89.5529296875,7.549366044998169,28.220527839660644,12.989194774627686,2699.0038566589355,5808.949141597748,8910.413464377261,0.2798020768075066,880.0137632567515,141.5344070635736
89.24094511912827,41.81375749502331,2.3896055221557617,26.800755310058594,2.85122299194336,1.8619406819343567,3.7769532680511473,0.7113101005554199,18.37999153137207,2354.745068359375,87.7198356628418,12.960980415344238,38.32702713012695,18.34592895507813,2542.2415578842165,4841.041379356384,8853.590219631045,0.3979032858267098,887.7187217780381,155.7986111804843
92.3611272792689,35.82893668245524,2.4119787216186523,25.72122287750244,2.8225818872451782,1.8575249791145323,3.502221035957336,0.5863779664039612,18.552640914916992,2335.62919921875,86.8386962890625,12.917499542236328,34.76514778137207,15.412250232696532,2554.0981163024903,5213.509477186203,8958.6637147611,0.3780389482451926,885.3276630179564,155.09894004911183
88.60242364304584,41.259125884529205,2.48505973815918,26.50121250152588,2.791443109512329,1.8381091594696044,4.127964496612549,0.7402470588684082,19.11477851867676,2310.86298828125,85.8806655883789,12.717320919036863,40.07880401611328,18.953388214111328,2474.9749799728397,4420.871946907044,8581.0169841012,0.4251559698022902,891.1416552964023,155.9635110422969
104.31064254158024,25.55161859218497,2.329844427108765,24.76543273925781,2.704052948951721,0.6522011458873749,2.363646674156189,0.4589419484138489,17.92106056213379,2782.62060546875,83.19201583862305,4.288417291641236,25.18568878173828,11.747959423065186,2678.910820007324,6015.230986166001,8896.591040970572,0.2552565413032425,877.6087562834704,128.03969162479044
96.67245602907182,32.2271510027349,2.3517268896102905,26.05859508514404,2.97096586227417,1.8232513785362243,3.1163015842437742,0.531853300333023,18.088699340820312,2467.1365966796875,91.40380249023436,12.069607830047609,31.157840538024903,13.983820056915285,2589.070510673523,5304.021338176727,8780.755006164498,0.3342483933994492,884.790797685783,153.28459248542785
92.96323309872729,36.69582539368421,2.3399603366851807,26.586372947692876,2.8521868228912357,1.7939230799674988,3.508500862121582,0.6215746581554413,17.998050689697266,2426.76865234375,87.74946441650391,11.750898838043211,34.95517578125,16.127447509765624,2526.787794494629,4902.166455793381,8663.776411205157,0.3669283441617154,887.4389052915482,153.2625167429447
103.43878040794765,26.91462043365464,2.25857925415039,23.12810001373291,2.6128392457962035,0.6444195151329041,2.3209431648254397,0.4344754964113235,17.371979331970216,2654.6700927734373,80.38584899902344,4.323205900192261,25.594342041015626,11.440061378479005,2679.4907011032105,6302.098516082764,9069.06777337808,0.2480703823908698,876.0688222675788,128.14650228582323
105.19277441877436,31.672399610234425,2.471333885192871,24.439707946777343,2.7895518064498903,1.3516356110572816,2.773431825637817,0.5245104849338531,19.008817291259767,2646.1991455078123,85.82246780395508,9.42724895477295,28.956243133544923,13.816938591003415,2691.4933059692385,6322.355810832977,9466.729905872791,0.2820172395796561,877.9476794989965,146.7571394689381
98.38240887688974,33.95970832407475,2.405287504196167,26.710056877136232,2.938869881629944,1.732085120677948,3.007690668106079,0.5838746428489685,18.500995635986328,2565.96552734375,90.41635513305664,11.551175117492676,31.29207420349121,15.176268577575684,2599.1695194244385,5333.647037029266,8742.118291002698,0.3296722086846254,884.6973052292567,152.31524925231935
90.32262128968377,45.03656555656344,2.2769611120224,26.4753080368042,2.9125296592712404,1.839772343635559,4.160607433319091,0.8372100234031677,17.513254356384277,2340.365600585937,89.60599746704102,12.5961332321167,41.46283073425293,20.906180763244627,2512.7536390304567,4555.893286323548,8623.410756852105,0.4319719870807603,889.1041972610594,155.50879050940276
102.7379277452939,28.246599974134007,2.480656147003174,24.023978996276856,2.9039560556411743,1.0128334522247315,2.605527114868164,0.4873836576938629,19.0802433013916,2626.665771484375,89.34220962524414,6.876294851303101,27.54675407409668,12.548799419403077,2673.3772180557253,5814.694572782517,8922.097043037415,0.2688495200781658,878.9152966505626,139.13703308030964
105.25011645466633,26.15484156728489,2.344561672210693,25.25170783996582,2.845512270927429,0.6016140878200531,2.3863977909088137,0.444137966632843,18.032944107055663,2888.938940429688,87.54417190551757,4.192147874832154,25.26900520324707,11.59123649597168,2685.8369676589964,5886.486373519898,8820.391249026918,0.2560194347170181,878.6948479200161,127.66653330475091
94.09084326902044,35.915321555687115,2.3901820182800293,26.6011022567749,3.039565205574036,1.8180628538131716,3.470927429199219,0.5885965585708618,18.38429489135742,2455.82783203125,93.5142936706543,12.700535774230955,34.295664596557614,15.502260398864744,2562.951299095154,4934.118871450424,8718.34243375454,0.3682788195162972,886.2565751141246,154.85206269472835
102.3930346484542,28.559047790337356,2.3492560386657715,26.504358863830568,2.7373748064041137,1.0682711601257324,2.568772792816162,0.5023675382137298,18.0705509185791,2800.5388916015627,84.21722183227538,7.183783292770386,27.46923904418945,13.09849729537964,2669.5786277770994,5838.980292654038,9037.632388018816,0.2843669203251542,879.8055152014429,140.31279363110662
93.28845856120384,40.34978825123981,2.3995532989501958,25.124006462097167,2.9239445447921755,1.7166940331459046,3.7205923795700073,0.6609354674816131,18.45713806152344,2298.643505859375,89.9571647644043,11.540179538726807,37.66576232910156,17.14935131072998,2564.814797401428,4951.865739870072,8812.336079477147,0.3914262462203624,885.9278107151404,152.7924678772688
106.7164114758455,24.58058166576084,2.405620574951172,23.50890026092529,2.697809672355652,0.507487028837204,2.294337272644043,0.4020706802606583,18.503854751586918,2725.8023193359377,82.99998474121094,3.485184478759765,25.11504554748535,10.597808933258056,2697.059557723999,6064.412595653534,8813.8487917386,0.2549735307111405,875.992626861412,123.759715330787
101.13783381737974,32.631952674640345,2.408757376670837,25.3709415435791,3.0250680208206178,1.785358715057373,3.0483558893203737,0.5616709768772126,18.527885055541997,2535.438427734375,93.06830062866212,12.249266719818117,30.808388900756835,14.8081524848938,2638.1791412353514,5903.753154373169,9275.011071092076,0.318175165550692,880.2103475077116,153.00081142783165
107.448364292576,23.641612853494006,2.421543502807617,23.732255744934083,2.825826144218445,0.5006776034832001,2.3192455530166627,0.4116266041994095,18.624835968017575,2770.8857666015624,86.93850708007812,3.4927043437957765,24.725974082946777,10.676585483551026,2686.098932647705,5677.217154979706,8539.725377696566,0.2590029369224794,878.8027851426189,123.97474359571932
103.44701459082928,34.360294511821124,2.426011323928833,27.79231777191162,3.0381068706512453,1.8619272708892824,3.036231827735901,0.5665374338626862,18.65920352935791,2827.1656005859377,93.46946640014647,12.385826110839844,31.3823299407959,14.69749813079834,2653.246315574646,5765.717600440979,9131.44241893422,0.32180595583196,880.7260832919965,153.3628910779953
107.6268793915274,25.856743775377986,2.4618972539901733,23.56330394744873,2.866147255897522,0.6203561723232269,2.453681778907776,0.4280122101306915,18.934758949279782,2724.640234375,88.1790054321289,4.258745336532593,25.810197257995604,11.32438039779663,2702.6724231719973,5879.245017671585,8803.729699320906,0.2600520239502657,877.3300425176043,127.91646752245724
102.21497457689216,30.63146827737801,2.353562116622925,25.1337158203125,2.956690859794617,1.384500408172607,2.841146373748779,0.5239231884479523,18.10231418609619,2580.8404296875,90.9646125793457,9.553693771362305,29.25234775543213,13.67217206954956,2622.374151992798,5300.473495674133,8499.93689360097,0.3039907219208544,884.0795126801283,147.77291110605
106.4937715770889,24.5154892844148,2.308823895454407,25.595803451538085,2.787449860572815,0.5618937313556671,2.4196813344955443,0.4393615990877151,17.759178161621094,2921.8421142578127,85.75780181884765,3.861696529388428,25.211155891418457,11.429795932769776,2675.588578796386,5862.630485105515,8712.544247153215,0.2589922890358139,878.4722260827991,125.95667584314944
96.4371584584194,36.70399776697159,2.364245176315308,27.629221534729005,2.9269558668136595,1.802265763282776,3.429013776779174,0.656712555885315,18.18545913696289,2603.719091796875,90.0498062133789,12.170312881469728,34.347951889038086,16.958379173278807,2575.3574377059936,5004.999731111527,8650.931213103235,0.3575175568970735,886.3085693333084,153.93433939367532
98.82931488669792,32.4285404718481,2.4975759029388427,27.72921543121338,2.881528258323669,1.6185238718986512,2.915951108932495,0.5332726001739502,19.20937900543213,2686.463354492188,88.65215835571288,11.058657264709472,30.230574989318846,13.958900356292723,2599.908303260803,5574.300368738174,8850.128234050795,0.317506765595494,883.2705993246833,151.12416147440672
103.92242867470912,25.893670532130635,2.313356876373291,24.12665634155273,2.813858437538147,0.7399707734584808,2.549127960205078,0.4528579741716385,17.793599319458007,2636.9294189453126,86.5702911376953,5.043713188171386,26.394514274597167,11.713363075256348,2659.801182746887,5730.642899703979,8782.714307503029,0.2754723502730485,879.5732498375528,131.90524579696358
102.11847788659024,29.71690795142204,2.340511417388916,26.22007369995117,2.846314239501953,1.1501399278640747,2.653303384780884,0.4908658415079117,18.0027193069458,2778.1586181640623,87.56880264282226,7.66669111251831,28.113786506652836,12.74657793045044,2649.8538080215453,5559.806767368316,8587.303141519613,0.2807964269828517,881.8044650469016,142.103793348372
106.13468934021716,27.228141654701904,2.468224573135376,24.86446361541748,2.785238814353943,0.781928026676178,2.536862277984619,0.4516142636537552,18.98443946838379,2797.5427734375,85.68977813720703,5.454994487762451,26.788175964355467,11.751714420318605,2683.914590072632,6124.26852927208,9038.183332178742,0.2655867515650102,876.8673798907345,133.53282646872103
102.99421905498052,29.909995719371363,2.36019983291626,25.5629976272583,3.102844071388245,1.4346651673316957,2.9110790491104126,0.518396931886673,18.153284072875977,2603.06923828125,95.46112670898438,9.462910079956057,29.23259162902832,13.514502143859865,2649.6039329528808,6063.125914573669,9333.97826234959,0.3138690167356876,879.4896468140232,146.88261493891477
106.49250729960218,25.23783567685168,2.4677854776382446,22.981807136535643,2.605505871772766,0.5176959216594696,2.227015829086304,0.4006423830986023,18.982141494750977,2734.545849609375,80.16019592285156,3.4983401536941527,24.43287582397461,10.63686752319336,2706.27859954834,6486.396939992905,9058.699934660455,0.2456824040738865,874.845436831402,123.69052533321084
92.60119237097794,38.69672737675719,2.3215757846832275,25.950639724731445,2.825675106048584,1.8387449383735657,3.5380479097366333,0.6612654030323029,17.857177734375,2361.599072265625,86.93382339477539,12.860034465789797,35.606245803833005,17.026744079589843,2571.361421585083,4783.668924999237,8648.492286979406,0.3657775522668089,887.9923742756706,155.41882774680852
103.54112827929862,27.735123809007927,2.372839093208313,26.26401271820068,2.9336486577987677,0.9145607888698578,2.6169639825820923,0.470449098944664,18.25057983398437,2812.435229492188,90.255704498291,6.355155897140503,27.52247009277344,12.32572431564331,2665.52029132843,5374.9688482761385,8436.106785408407,0.2817769701418001,881.5978006540357,137.58216288611294
108.87401708883108,27.44029227104038,2.279871416091919,26.638710594177248,2.8528078317642214,0.9291283071041108,2.546564817428589,0.4842575699090957,17.534893608093263,3007.154370117188,87.76858291625976,6.326653051376343,27.228343391418456,12.668147945404051,2698.6201026916506,5838.5702391147615,8856.736896394938,0.2792454383830772,878.2256747659027,137.1114376962185
99.04231180685233,34.33559473352507,2.2766830921173096,24.945886039733885,2.8328102827072144,1.8372196197509765,3.025050330162048,0.5622597932815552,17.51238250732422,2445.54541015625,87.15333251953125,12.59770622253418,31.62721481323242,14.535848426818848,2650.58570804596,5712.577932071686,9150.34601683896,0.317180086246746,882.1260030001653,153.9252744078636
92.35434144191728,39.28926411624998,2.2927424907684326,25.73692398071289,2.9577295064926146,1.8872382760047912,3.517807006835937,0.6588199079036713,17.635841369628906,2338.1974365234373,90.9965675354004,12.982712841033935,35.69760627746582,16.93967914581299,2568.9301467895507,4957.73388915062,8793.249978083,0.3621150526418518,886.4739293884595,155.506919747591
103.24192827334366,31.611909027025103,2.3496358156204225,25.7006685256958,2.918097424507141,1.8433444261550904,3.036748123168945,0.5782993733882904,18.07316188812256,2584.340209960937,89.77727890014648,12.618001556396484,30.832308959960937,14.792193412780762,2648.106778717041,5467.000369691848,8763.156108285115,0.3302853961445507,882.4131595778796,154.02873748987912
97.8881558930338,36.45500728171319,2.2770459413528443,26.52390232086181,2.897975325584412,1.7670154213905334,3.228224849700928,0.6228642702102661,17.51427631378174,2549.51103515625,89.15821533203125,11.848482513427737,32.99915351867676,16.33068904876709,2627.605584716797,5809.717228889465,9325.7910453137,0.3340578838449984,880.6215719150321,152.43204138875006
102.38447294478658,29.66668826038949,2.4443634748458862,24.780181312561037,2.787986898422241,1.330223345756531,2.76154363155365,0.5288292825222015,18.80149040222168,2554.259228515625,85.77428283691407,8.962658882141113,28.96335277557373,13.598906993865969,2638.8764225006103,6084.385974216461,9250.186692772431,0.2999924435978108,879.2623762598887,145.5366246625781
106.55170426243266,25.420769657287742,2.2724319458007813,23.74806365966797,2.6519189357757567,0.7070308983325958,2.4816087245941163,0.4486755222082138,17.478959846496583,2795.5994873046875,81.58807373046875,4.677108240127564,26.15619201660156,11.62326364517212,2695.595140647888,5700.980441522598,8644.847002030723,0.2540609372314065,879.3155315990901,130.1324529133737
104.46338760153792,28.43192826579325,2.344477725028992,24.99403190612793,2.846496558189392,1.0741783142089845,2.6788963794708254,0.4857336014509201,18.032121849060054,2701.9773193359374,87.57443161010742,7.382950830459594,28.21549892425537,12.603988552093506,2666.542965888977,5457.074879980088,8471.110713782347,0.2801561263564508,882.0203387948008,141.2864612430334
106.46669521782265,27.463951837341305,2.4455013990402223,25.60434741973877,2.7350421667099,0.8462487876415252,2.475363612174988,0.4789233416318893,18.80936317443848,2900.7255615234376,84.14545364379883,5.687647294998169,26.36699981689453,12.507032108306884,2699.962020111084,6125.473104381561,9051.88516239561,0.2625060197976012,877.0488057185096,134.47770264595746
100.5684901351955,32.19318060935475,2.4560892820358275,27.309694290161133,3.1226008892059327,1.7909328937530518,3.055049681663513,0.5534716784954071,18.89015121459961,2683.113916015625,96.0689567565918,12.28946943283081,31.149682426452635,14.592487812042236,2617.994632339477,5073.651001882553,8505.888466660119,0.3232055157887655,885.0408303005818,153.75627037882805
108.14643002008889,26.48932485349942,2.426755595207214,25.62028312683105,2.978830480575561,0.7305509686470032,2.5271677494049074,0.4327043682336807,18.665212440490723,2881.63544921875,91.64576034545898,4.826273441314697,26.21044807434082,11.31539011001587,2679.833414077759,5766.553187084198,8786.031775034964,0.2790117063443176,877.9823521224578,130.70059201270342
94.06773671684748,37.25595697094686,2.327408790588379,27.482843589782718,2.829848957061768,1.7938110828399658,3.451921582221985,0.6452114999294281,17.90158176422119,2532.296337890625,87.06225128173828,12.472292041778564,34.982211685180665,16.768268966674803,2550.8058153152465,4847.09952454567,8614.966624056548,0.3715509143774397,887.6470575489777,154.68945827484131
91.49337544072291,38.19748191246763,2.4488232135772705,25.281981658935543,2.891858720779419,1.7617806553840638,3.683524656295776,0.6434477627277374,18.834949493408203,2273.8142333984374,88.97001876831055,11.83511266708374,36.63127021789551,16.627040100097656,2522.352967834473,4971.175827026367,8806.592355235853,0.3914662251598201,887.3387947682997,153.50297089070082
103.54159434361756,28.96734047490172,2.283545970916748,26.714982986450195,2.754553246498108,1.2329744577407835,2.856240439414978,0.4885017305612564,17.564848518371583,2823.90263671875,84.74569854736328,8.16271905899048,28.861834144592287,12.639253425598143,2664.2517461776733,5961.752368450165,9145.686592192387,0.2901495499002876,879.0794568251861,143.26308865919708
99.34732873489972,34.353931683767584,2.427187442779541,26.47404041290283,2.9465880393981934,1.8251420259475708,3.3062867164611816,0.5854194521903991,18.669691848754884,2560.628979492188,90.65381469726564,12.746057510375977,32.62770881652832,15.424410152435303,2600.3903106689454,5196.552291679383,8688.838737612963,0.3373595082832299,886.145894630027,154.84478066563605
95.5691334073891,33.06790960626677,2.340982437133789,26.65952625274658,2.864982080459595,1.767297303676605,3.1443249940872198,0.5503617525100708,18.00665855407715,2506.444677734375,88.14311828613282,11.999224662780762,31.40436782836914,14.515879344940185,2592.7250637054444,5697.18790512085,9070.279838882014,0.3189815776974467,883.197865675986,152.94599949419498
92.99727579014676,37.44572272207588,2.47105405330658,25.58704090118408,3.044914174079895,1.8793569803237915,3.419351506233215,0.6181473135948181,19.006502151489254,2341.025537109375,93.67885360717771,13.041529750823974,34.62750473022461,16.023141288757323,2576.8923707962035,4726.493524217605,8587.47701019589,0.3694755813742685,886.5438884839525,155.47193021178245
101.11195549267477,32.16646207161248,2.445929288864136,27.520333671569823,2.994691848754883,1.7806153535842897,3.1422698497772217,0.5733371317386627,18.81408634185791,2721.465502929688,92.13372344970703,12.170146942138672,31.265236473083498,14.744212913513184,2639.817707061768,5939.674032974243,9336.157719343342,0.3285308109061017,880.2531907789999,152.87694155573843
90.2444224127315,41.40519987754524,2.3632991313934326,26.80930404663086,2.818914699554443,1.854472267627716,3.7417989492416384,0.6787081003189087,18.17840576171875,2381.6025390625,86.72582778930663,12.30354928970337,37.67175064086914,17.747307205200194,2557.4307584762573,5030.335011529923,8983.196857181005,0.3868043960857903,886.3389451332052,154.3714125201106
109.5629328449661,23.5782238240703,2.437833547592163,24.270515632629397,2.8330409288406373,0.508107191324234,2.291272687911987,0.4222367703914642,18.751304626464844,2866.902416992188,87.16042022705078,3.4919756412506104,24.735541343688965,11.027148818969726,2689.945780181885,5722.297690200806,8532.910916221143,0.2600748394732363,878.7116305031129,123.94533893428743
99.22175125856106,32.01879916898906,2.4214271306991577,25.299138069152832,2.951378917694092,1.7689485907554627,3.096840333938599,0.5371909201145172,18.62568130493164,2485.5495361328126,90.80117568969726,11.702903652191162,30.67027282714844,14.02335329055786,2604.9210914611817,5575.290573930741,8842.518964532017,0.3133278035038514,883.0454109849704,152.34682447910308
105.57608129927344,25.4056080065202,2.4232203722000123,24.309323692321776,2.8036975860595703,0.6059165239334107,2.479400300979614,0.4211371123790741,18.63775100708008,2688.4315185546875,86.25765914916992,4.113326025009156,25.857048797607423,10.949318408966064,2658.709463119507,5658.238840818405,8569.14893995449,0.268746640579775,880.314756508256,127.39694800749422
104.66924160720588,33.321231736801565,2.3641955852508545,26.101231002807616,3.107624316215515,1.771532416343689,3.1297845602035523,0.6019207239151001,18.18439292907715,2664.214916992188,95.6081642150879,11.685879707336426,31.51138744354248,15.394506549835205,2644.764082527161,5556.163008308411,8788.06894487813,0.3213134684268815,882.9894119945733,152.3456084817648
106.61895265489837,30.55779197816737,2.4713849782943726,25.701547050476076,3.039501690864563,1.4130787253379822,2.8530313968658447,0.5159222662448884,19.00950050354004,2786.7844482421874,93.51232070922852,9.460890865325927,29.34426517486572,13.391570472717286,2700.8896493911743,5943.024534273148,9163.665128936806,0.2954439031258057,879.3839950276451,146.84224025160074
97.64640518889124,32.59073785590008,2.3632049798965453,26.115449523925783,2.854503846168518,1.7098368406295776,2.877836275100708,0.5501932919025421,18.17705745697021,2568.4796875,87.82076416015624,11.304004669189451,30.249086952209478,14.477947330474851,2619.671119117737,5635.960698318481,8883.68957299143,0.3009030766932351,882.9342661854404,151.47426800131797
109.36942973726104,28.15578218519222,2.2641698122024536,24.670487213134766,2.8650895833969114,0.8388172388076782,2.4903380155563357,0.4583152830600738,17.41555061340332,2869.701171875,88.14642791748047,5.8205322265625,27.03108787536621,11.858518028259278,2712.2997051239013,5977.54383263588,8913.977113216184,0.2646821066824486,878.1852664512705,135.08462009951472
98.05043005120136,35.914946352085096,2.370071053504944,25.819847297668456,3.111851215362549,1.715572476387024,3.6090800523757935,0.6489084303379059,18.228759765625,2464.084228515625,95.7382438659668,11.505802631378174,34.89223709106445,16.723752975463867,2587.7741901397703,4928.4750231742855,8606.554441156424,0.3746321306854952,885.9682381219521,152.59049866497517
91.07322087743262,38.03993056416512,2.3019139766693115,26.793706130981445,2.800810861587524,1.810075032711029,3.605754375457764,0.6531207799911499,17.705917358398438,2399.806494140625,86.16887130737305,12.619362354278564,35.73522262573242,16.868195724487304,2560.259527206421,5032.97813615799,8909.306564504466,0.381266420782049,886.4895205121568,154.84855145365
97.61599731301484,32.410420202557,2.347732186317444,25.99031085968017,3.0184197425842285,1.5329529643058777,2.836846947669983,0.5216114282608032,18.05771999359131,2521.2784912109373,92.86376113891602,10.1379638671875,29.488912773132324,13.689468383789062,2620.058770751953,5857.593245744705,9200.20813950952,0.3131838922815541,880.0821961468257,148.57091923207045
103.56549890060046,30.327636655420065,2.330140352249145,24.790997886657717,2.92929208278656,1.29334557056427,2.862334537506104,0.4894067734479904,17.923251152038574,2639.026611328125,90.12163314819335,8.896807384490966,29.63249492645264,12.818125247955322,2646.4721870422363,5465.992473936081,8561.426107118465,0.2883412932390917,882.5376707652443,145.80354898422956
103.00513147934726,30.72390917930752,2.4938351631164557,25.31906852722168,2.845350503921509,1.3329727292060851,2.8422741413116457,0.498584309220314,19.18122386932373,2676.159326171875,87.53914413452148,9.057727718353272,29.264576721191407,13.029948711395264,2671.5205240249634,5941.058850002289,9189.758881654405,0.2899680702223385,879.2999961017492,145.86425145938992
93.61805957778007,35.995946389436725,2.384920859336853,25.363767623901367,2.9586694955825807,1.8338131666183477,3.426830792427063,0.5874480783939362,18.343548202514647,2333.09560546875,91.0255111694336,12.33807668685913,34.184194564819336,15.425885581970215,2532.1925567626954,4794.93812417984,8557.603495585547,0.3614553928055102,887.8793631770128,154.33924673497677
99.13911739748832,31.21282012942247,2.505761218070984,25.06411666870117,2.8497658729553224,1.6792667746543883,2.929266285896301,0.5663277685642243,19.274254989624023,2444.0841064453125,87.67499923706055,11.197106647491456,29.6743127822876,14.791539764404297,2611.153564834595,5413.483854293823,8713.358470163494,0.3159691688163205,883.1877113592651,151.35318043231965
96.82450455597264,32.4604992069304,2.325363874435425,25.90002822875977,2.959383821487427,1.8171064734458924,3.1187154054641724,0.543970400094986,17.88654193878174,2486.767236328125,91.0474967956543,12.50186128616333,31.467839241027832,14.084937286376952,2620.762770652771,5603.210449123382,8963.202586570382,0.3138257948840987,883.2810430895382,153.893430916965
105.76608838709744,32.07080535409041,2.364885759353638,25.98173408508301,2.914704203605652,1.6573105931282044,2.9759434700012206,0.5240421295166016,18.190339851379395,2734.4904296875,89.67285232543945,11.30573558807373,30.905739784240723,13.629347896575927,2681.670962333679,6095.124195003509,9378.885005758702,0.30601120062756,878.8927829678444,151.1032618999481
102.29070945114184,31.419348929543048,2.279544639587402,26.874664497375488,2.9584429025650025,1.615354323387146,2.902379512786865,0.5459416031837463,17.533828353881837,2753.15009765625,91.01852722167968,10.8181902885437,29.850865364074707,14.272808074951172,2676.7840171813964,5674.116000938416,9004.274055949785,0.3089800439559488,881.5688002828862,150.34527799487114
102.51650323431473,32.493663598410784,2.301622486114502,27.107513999938966,3.0916431665420534,1.8089814066886905,3.049813270568848,0.5486962497234344,17.70411376953125,2699.6633056640626,95.11652145385742,12.365334796905518,31.039058113098143,14.165715885162353,2635.715625953674,5424.349069356918,8733.05660342034,0.3279020989860663,883.5979116390414,153.70558781027793
106.09835091741644,26.61864829012193,2.385113620758057,26.1630651473999,2.911190390586853,0.8087329506874085,2.563196897506714,0.477593383193016,18.34482135772705,2862.14658203125,89.56477737426758,5.623296594619751,26.48837203979492,12.545764255523682,2681.474471092224,5525.201308441162,8467.030482367612,0.2801388682797551,881.0064428756384,134.6198244482279
99.48052582966116,27.77163304369897,2.431009173393249,25.75498504638672,2.9034740209579466,0.8306972324848175,2.456373143196106,0.4680787742137909,18.69907760620117,2716.8843994140625,89.32735595703124,5.698714399337769,26.67021751403809,12.2349063873291,2653.865228652954,5670.35976228714,8861.75794619061,0.2722915423620102,879.6321894995395,134.72084786966442
102.34420770622404,32.67464542393573,2.512342929840088,26.09259910583496,2.851324510574341,1.860131585597992,3.041852021217346,0.585246878862381,19.32302074432373,2651.5702880859376,87.7229621887207,12.53119192123413,31.31587085723877,15.334762954711914,2651.592131996155,5883.820167016983,9236.723825329356,0.3134532152653783,880.266854709429,153.56470169126987
111.5692056460143,24.11655269678449,2.416316556930542,24.34604797363281,2.7065833568573,0.5073719501495362,2.299283766746521,0.4145897626876831,18.586232948303223,2890.1341796875,83.26990432739258,3.5097225666046143,24.39139461517334,10.905514526367188,2710.85174369812,6249.631783866882,8890.474136471563,0.2595450068241917,875.6272575686689,123.89824893753976
109.010619636903,27.96232870449312,2.4660240411758423,27.10921630859375,2.819246459007263,0.960620266199112,2.6404796838760376,0.4758240491151809,18.96768569946289,3030.2226318359376,86.73603515625,6.625792360305786,27.554921913146973,12.535311031341552,2698.828726005554,5839.739715957641,8914.228540422953,0.2852859083176861,878.256390599738,138.23234777078034
101.03841697479464,32.149720274889845,2.477467656135559,25.316786575317384,3.0581667184829717,1.5657776236534118,2.919434905052185,0.528805422782898,19.05646324157715,2572.592163085937,94.08659133911132,10.875216388702391,30.00638942718506,14.00731086730957,2649.2570278167723,6169.679241514206,9487.123148518242,0.3027312076906134,878.9137304764387,150.2396124869585
93.27273946052652,37.09609366711229,2.4746429920196533,26.76458683013916,2.888237953186035,1.8690353512763975,3.536361312866211,0.634056133031845,19.034419059753414,2447.879736328125,88.85862045288086,12.510517120361328,35.293684768676755,16.427095413208008,2556.124173545837,4941.308425569534,8728.376452575438,0.3805095392541261,887.5169926347837,154.77798538058997
92.38960300940018,37.607643777597694,2.2989087104797363,26.352598190307617,2.8836559295654296,1.7990623235702514,3.547848463058472,0.6445184707641601,17.682031631469727,2388.84580078125,88.71764068603515,12.541661739349363,35.14704513549805,16.62409839630127,2541.8862096786497,4884.863949394226,8719.136936742998,0.3859282539226115,887.7322981533565,154.84271995127202
97.2505632096559,35.04009760534391,2.5058841705322266,25.102637672424315,3.095283031463623,1.7434831261634829,3.2688993215560918,0.6071337163448334,19.275084495544437,2388.711962890625,95.22849044799804,11.848058319091797,32.68639984130859,15.72791166305542,2595.1127593994142,4930.671027374267,8548.392577983812,0.3333427958888933,886.045024516746,153.17287455648184
104.48265711909949,26.22876923466101,2.326032447814941,24.956970024108887,2.852670669555664,0.6236247777938843,2.423035144805908,0.438836932182312,17.89170150756836,2844.539526367188,87.76438674926757,4.343325233459472,25.610331535339355,11.4784122467041,2675.911273765564,5821.249950551986,8760.572215011902,0.256610877107596,878.7936579593236,128.497147943452
101.61805384649784,33.41942167486995,2.4404938220977783,26.61264839172363,3.0923248052597048,1.76052987575531,3.0062109231948853,0.5539479315280914,18.770397186279297,2673.302416992188,95.13749084472656,11.968545913696287,30.70490055084229,14.326451396942138,2635.634686470032,5299.662015724182,8621.0808198072,0.3157456465724876,884.6854297730345,153.07566072046757
100.72929586923688,29.73963388474658,2.426774883270264,25.91243915557861,2.7772190093994142,1.1864949464797974,2.7322128057479858,0.4953105181455612,18.665141105651852,2688.809936523437,85.44307556152344,8.176598644256591,28.745664596557617,12.936503982543943,2646.332745170593,5892.311424732208,9117.1154109044,0.287508058210238,880.1743627588796,143.53969272002578
92.69136829275472,40.36152706257999,2.276320219039917,26.936501693725585,3.0629255771636963,1.7966877222061155,4.022105932235718,0.7305486023426055,17.509138107299805,2446.365307617188,94.23298110961916,12.296416282653809,39.25498886108399,18.53978500366211,2539.3776281356813,4568.749479246139,8522.820591565036,0.4009216747479513,888.9338775462187,154.71734510958194
102.1451284679514,29.437003697501492,2.4093008279800414,26.67218437194824,3.014696168899536,1.1946759581565858,2.732444930076599,0.503678822517395,18.532089614868163,2778.639404296875,92.74919357299804,8.029136848449706,28.302342033386232,13.108908081054688,2656.468514060974,5823.762774133682,9072.740630380624,0.293023862214132,879.3527191921187,142.89080148264765
100.4984377151664,27.765444801631386,2.452497386932373,24.97046070098877,3.008303141593933,0.9405252933502196,2.6264849662780763,0.4686193138360977,18.86253604888916,2579.63935546875,92.552490234375,6.359632110595703,27.374564552307127,12.24723138809204,2629.034120941162,5423.513503694534,8485.8192502575,0.2884345797996502,881.5223270330804,137.56884797737
94.10430036985905,36.2242907345295,2.4431759119033813,26.23809680938721,3.0548439502716063,1.8914570331573488,3.232853317260742,0.6358928859233857,18.79274559020996,2424.5156005859376,93.98433990478516,12.771697998046877,33.42665100097656,16.51741828918457,2565.6941509246826,5075.6967855930325,8724.045339039712,0.3605193147967536,886.3759741714493,155.00574368983507
107.47571128383454,26.708261219155972,2.433345603942871,25.4170373916626,2.830785799026489,0.8446087002754211,2.5938205242156984,0.4734766691923141,18.71674175262451,2809.18271484375,87.0910758972168,5.861216878890991,26.825646591186523,12.176369380950929,2692.019500732422,5758.554984951019,8843.977955212258,0.2838875797839136,878.4695749461887,135.34364647604525
108.46280187961597,28.34254951640032,2.4369659423828125,24.872422981262208,2.7375733613967896,0.8915632784366607,2.554842400550842,0.4636249452829361,18.744507026672363,2828.2958740234376,84.22331008911132,6.031773805618286,26.84391345977783,12.224856567382812,2702.0373043060304,5937.263587665558,8940.968017224408,0.272075598739717,878.2487168044972,135.95557044297456
104.33889361085969,28.0839952012524,2.4454216241836546,26.72103042602539,2.870089030265808,1.017397141456604,2.6691585540771485,0.4872602164745331,18.80872173309326,2839.7423095703125,88.30023040771485,6.983612203598023,27.64469337463379,12.551029682159424,2657.9492622375487,5756.084457874298,8941.035904022865,0.2934645954866897,880.1716036119375,139.6816335082054
105.20971700948178,32.16766168535687,2.460866951942444,25.318798637390135,3.01253674030304,1.7411918997764588,2.918963098526001,0.5678952693939209,18.92881908416748,2651.2444580078127,92.68276824951172,11.707635498046876,30.224645614624023,14.580005264282226,2665.5131385803224,5765.286011314392,9025.100605422258,0.3117279343166182,880.5403805357922,152.00333478450776
107.18127035184976,26.188496739813125,2.4484633207321167,23.90068531036377,2.7692180633544923,0.619429087638855,2.335467362403869,0.4521324574947357,18.83343296051025,2766.8582763671875,85.19685211181641,4.204582595825196,25.031510734558104,11.885413265228271,2688.0786060333253,5910.72632522583,8790.591417836771,0.2556027449842076,877.3137557449614,127.56094684265554
97.7161220879353,33.57509949496016,2.381430912017822,26.55086669921875,2.7930184602737427,1.7348670482635498,3.0078493118286134,0.5406533300876617,18.31733112335205,2618.803662109375,85.9291374206543,12.066070556640623,30.854437828063965,14.359115886688231,2653.509224510193,6091.822424125671,9575.110768306067,0.301814967037019,879.1979207785371,152.63726846724748
107.54520789299109,28.03898941045627,2.391674947738648,25.13537178039551,2.8624166011810304,0.8806139886379242,2.60590717792511,0.4541374534368515,18.395985221862794,2761.6841796875,88.0641975402832,6.148762035369873,27.50716724395752,11.970085716247558,2680.0178060531616,5579.513739919663,8610.999357516319,0.2853740667866077,881.13702113203,136.72218088246882
89.00678543111451,44.90497624464333,2.3598455429077148,26.56947593688965,2.928949785232544,1.8034597158432009,4.485499525070191,0.8433139026165009,18.151412963867188,2307.275,90.11115646362305,12.322304916381835,43.28307342529297,21.212558364868165,2519.736078643799,4300.244690513611,8628.303508110344,0.4765953441150486,890.6415650974152,155.28908842504023
102.55612441676432,28.96939976196736,2.384886240959168,26.510921287536625,2.7849096298217773,1.044643521308899,2.548243689537048,0.5029383420944213,18.34415626525879,2825.9275390625,85.67965621948242,7.203278064727783,27.642696571350097,13.143080711364746,2661.9653347015383,5719.398406124115,8908.513674520702,0.2811799710617813,880.2228552170694,140.42623846679925
102.15819135150691,28.32044805539772,2.368590831756592,26.08856601715088,2.741680884361267,0.9947894811630248,2.545395278930664,0.4961057871580124,18.21700859069824,2795.0614501953123,84.34969940185547,6.699123382568359,27.026502418518067,12.830894947052002,2654.904269218445,5680.769610023499,8839.606456858479,0.2767587292007453,880.1066414292887,138.6014427959919
97.4970412839538,34.03762973528355,2.4757614135742188,26.95776309967041,3.059493160247803,1.8457045316696168,3.063178706169128,0.5819372951984405,19.04185485839844,2574.81904296875,94.12741012573242,12.48077459335327,31.755744171142577,15.069904804229736,2595.43196182251,4985.553185415268,8514.392872150056,0.3275303769320012,886.3840975441228,154.35439930558204
108.93497598889908,27.38093702173792,2.313514757156372,25.229416847229004,2.9607606649398805,0.8494559824466705,2.435219430923462,0.4865969032049179,17.795454025268555,2900.34755859375,91.08981399536133,5.635953187942505,26.193375968933104,12.582075119018556,2699.8310400009154,5808.531003952026,8782.650341220758,0.2701318351493683,879.2373010803105,134.35389686226844
99.07461173873006,34.02113264393993,2.4664249420166016,25.243286514282225,3.037827706336975,1.9244176387786864,3.2576916456222533,0.5923376321792603,18.971529006958008,2437.1460693359377,93.4608543395996,13.265909004211426,32.89392280578613,15.550521183013917,2588.875797080994,4980.474032115936,8550.01418964509,0.3536283067821841,886.592682848077,155.82167915552856
99.80263881020004,29.66770890969783,2.4671254634857176,26.01286582946777,2.989959573745728,1.2015949964523316,2.7254897356033325,0.4947012305259705,18.975747108459476,2662.2560546875,91.98816604614258,7.919458961486816,28.12684383392334,13.08103151321411,2607.478247642517,5560.605024480819,8654.333313298226,0.2901689811609685,882.3535024421974,142.94274658337235
99.39303871645562,35.007179313898085,2.411940336227417,25.56110610961914,2.9198055267333984,1.850974678993225,3.202737736701965,0.5899432182312012,18.552413940429688,2474.8009033203125,89.82980880737304,12.37367820739746,32.740321731567384,15.23926239013672,2601.3827053070067,5199.8248676300045,8674.674113944173,0.3429056399386942,886.0479517376895,154.1622375100851
106.52178840885104,24.991768944682555,2.3730478286743164,23.53749008178711,2.6718936920166017,0.5138373792171478,2.262867569923401,0.3983334124088287,18.251983642578125,2716.4654052734377,82.20262603759765,3.4957178115844725,25.09932403564453,10.343649291992188,2694.424586296081,6290.066322517395,8960.368260716088,0.2536879110033624,875.7256889782351,123.82899160832169
97.42755860010888,32.532567219249906,2.3450998067855835,27.28138847351074,2.907817769050598,1.842703342437744,3.126218318939209,0.575203800201416,18.037117958068848,2604.5900390625,89.46099853515625,12.638631820678713,31.08017292022705,15.06518621444702,2597.644523620605,5426.40464105606,8821.32962676324,0.3223309339006668,883.7049110174419,154.2059600263834
93.07161073293324,36.89327048910782,2.350815534591675,25.047325325012206,2.817078971862793,1.7942405939102173,3.426210641860962,0.6287599563598633,18.081344604492188,2290.664990234375,86.66936416625977,12.314368152618409,34.42997589111328,16.271544647216796,2539.709497642517,5227.798464441299,8894.668066434562,0.3652875598324695,885.1471710593847,154.02031251639127
102.75949052259811,31.973918412439524,2.455817699432373,27.6184684753418,3.0090038776397705,1.6726850867271423,3.083391165733337,0.5501190304756165,18.889135360717773,2763.368115234375,92.574072265625,11.174541473388672,30.93958511352539,14.34546251296997,2647.81058139801,5541.06301369667,8814.47274105791,0.3209927074820289,882.7512464090644,151.1916513264179
107.6156555083273,27.67200336782262,2.303210520744324,23.70514430999756,2.82657630443573,0.8324860870838166,2.462260937690735,0.4711171329021454,17.71510238647461,2753.0206298828125,86.9615379333496,5.735559320449829,26.78031978607178,12.243349266052244,2700.814022445679,5709.133352422714,8722.488478308358,0.2601115075376583,878.4002117448981,134.7436222217977
103.519173940173,28.139960257429628,2.3496898889541624,24.4673303604126,2.7858997106552126,1.0538081884384156,2.6244048357009886,0.5078795611858368,18.072999954223636,2625.2265625,85.71011047363281,7.021080017089844,27.43366928100586,13.033610916137697,2676.6269487380982,5516.291785669327,8540.273765922338,0.2795883538492489,881.3600806985421,139.8939543902874
102.54428803435864,29.82205688660033,2.440492868423462,26.2413969039917,2.870603561401367,1.2470906376838684,2.842563819885254,0.4917072534561157,18.771412658691407,2713.7222900390625,88.31609115600585,8.61755075454712,29.175575256347656,13.030474853515624,2669.0713396072388,6030.988053607941,9296.803651809509,0.3009030248557292,879.159079297767,144.712574775517
96.47137266845846,36.31096859155223,2.283416748046875,27.47260513305664,3.0371991634368896,1.743900179862976,3.1993013858795165,0.5871146857738495,17.563831329345703,2594.572265625,93.4415298461914,11.922510147094728,33.15250396728516,15.221764373779298,2606.593188667297,5167.3651326656345,8755.45864570588,0.3440045707090853,885.9262078974607,153.290585654974
101.83531033698914,31.13097303118557,2.364428687095642,25.164191246032715,2.793262767791748,1.3136215686798096,2.7398568391799927,0.5196373701095581,18.1859827041626,2590.463256835937,85.93665390014648,9.142327880859376,28.78955802917481,13.674168491363526,2659.8026933670044,5709.09992852211,9006.804445218295,0.3016362271007691,880.944199154132,146.30849685147405
102.54674822003332,29.62363433269784,2.393722987174988,26.038624572753907,2.8923827409744263,1.2663544774055482,2.733750081062317,0.5242984592914581,18.4124210357666,2721.65302734375,88.98614273071288,8.718115139007569,28.60945358276367,13.572718715667724,2669.6698581695555,5709.924129915237,8991.707065339015,0.2954198451701685,880.8148313576248,145.14362813830377
106.48776618658836,23.87786085677799,2.303462028503418,22.747488021850582,2.595723366737366,0.5069375693798065,2.2134487628936768,0.4237080812454223,17.717723846435547,2705.1092041015627,79.85919799804688,3.477432918548584,23.901230239868163,11.108905124664307,2697.243975830078,5858.943947315216,8652.057567000204,0.2504539498360827,878.3789329827662,123.80821691621097
106.79613749378586,29.468382764421403,2.3337916851043703,26.7381196975708,2.8458322048187257,1.2558880209922791,2.781234550476074,0.5100104331970214,17.95064220428467,2869.897216796875,87.55399551391602,8.43517599105835,28.67686901092529,13.255810070037844,2692.965019416809,5726.224683475494,8966.871023505368,0.3005232287106104,879.4740017684741,144.0772805251181
89.88043507892829,36.761049241991714,2.3156723976135254,26.847210693359376,3.011326098442077,1.8116373777389527,3.473918890953064,0.6330886065959931,17.812179565429688,2380.267919921875,92.64551086425782,12.410901260375976,34.6986888885498,16.439841079711915,2519.960817337036,4938.1932129383085,8770.753113583289,0.3724163031525677,887.7134618457494,154.56711885929107
91.2365745392238,42.36665807319805,2.369903326034546,25.29623870849609,3.0680577754974365,1.8199395656585693,3.925834631919861,0.7769813418388367,18.2285270690918,2264.685229492188,94.39092559814452,12.49327735900879,39.369032287597655,19.84620189666748,2555.5196643829345,4609.870251607895,8672.329865579493,0.4191852758289315,887.6092457210827,154.95918295681477
98.7620951871446,34.076686955522746,2.374555826187134,25.83704643249512,2.963885259628296,1.827674150466919,3.0820295572280885,0.6029435932636261,18.263507843017575,2488.4125,91.18596496582032,12.552928924560549,31.486767578125,15.799949169158936,2631.3099138259886,5317.98342499733,8779.222520272247,0.3311307905968884,884.9293010824025,154.2699614405632
104.53442729456148,29.43607967505232,2.4232301712036133,26.70180988311768,2.9944787979125977,1.0322738766670227,2.584945273399353,0.4820536613464355,18.639265060424805,2869.2137451171875,92.12722930908204,6.885898113250732,27.392733001708983,12.578699493408203,2677.2623081207275,5873.802953624725,9042.235716416317,0.2878254472478439,879.7510401879997,139.27062454968691
94.32501254749316,35.628019156120715,2.3291995525360107,26.07348480224609,2.9321907997131347,1.8677093386650083,3.222091293334961,0.6000881373882294,17.91466522216797,2417.4038818359377,90.21084518432616,12.633070945739746,33.00287437438965,15.494092559814453,2578.454012680054,5361.853335523605,8915.878062204643,0.3416716477032053,885.0670364551391,154.51875654906036
94.97561950225814,36.5954411896877,2.394615173339844,27.28297576904297,3.008315587043762,1.7650019526481628,3.581954288482666,0.6313774108886718,18.418428421020508,2536.2597412109376,92.5528564453125,11.794715881347656,35.30154647827148,16.47078456878662,2571.2115264892577,4894.630872392654,8674.385741814598,0.3673918944958131,887.2871704119592,153.36058066338302
108.3597917182006,27.970497143105604,2.458483839035034,26.35641975402832,2.7375984668731688,0.9594756126403808,2.5438632488250734,0.4948796093463897,18.909481048583984,2997.5999267578127,84.22411499023437,6.599964427947998,27.18758163452149,12.738412857055664,2705.0822244644164,6142.088272190094,9044.901152059436,0.2695878575830533,877.2923092925212,138.0759484730661
94.90062969079987,36.824438754050064,2.3730263710021973,25.91052875518799,2.9226884126663206,1.7923166394233705,3.4453049659729005,0.6083710789680481,18.253358840942383,2408.422314453125,89.91849136352539,11.90963897705078,34.270412826538085,15.982613563537598,2580.3854919433597,4906.267617511749,8692.156535847298,0.3675408411669195,886.0203801068176,153.35979803055525
105.3536319211172,26.91305701381061,2.417264771461487,24.027610206604,2.6830652475357057,0.741039103269577,2.4149014949798584,0.4456534951925278,18.59338207244873,2687.911572265625,82.54634323120118,4.857575798034668,25.973549461364748,11.606417751312256,2683.3511348724364,5696.287881278991,8743.299871701562,0.2657880998187465,879.4511035515143,130.972443100065
98.31763886838614,31.00826182262972,2.2856337070465087,24.864825439453124,2.862295937538147,1.252075719833374,2.746301007270813,0.4957447975873947,17.580206680297852,2538.598022460937,88.06047897338867,8.550471782684326,28.709948539733887,13.127108192443847,2655.181319236756,5927.402458620071,9247.381503662094,0.2859171350008873,879.1121257285846,144.39342863336205
100.13951119581688,33.977141990046945,2.423136711120605,27.2197021484375,2.8909823417663576,1.836558496952057,3.0175158023834228,0.5884114027023315,18.6381950378418,2716.3304931640623,88.94307479858398,12.841512680053713,31.169065093994146,15.256238842010498,2632.14337348938,5128.383770561219,8523.33949775938,0.309581133561568,886.1555652074582,154.95331510305405
101.09650255183124,30.283680301858112,2.3716274976730345,26.23075351715088,2.979975390434265,1.344315779209137,2.79996600151062,0.5095577418804169,18.24166488647461,2712.0216796875,91.68093490600586,8.8457350730896,28.76987228393555,13.442906284332276,2659.172940635681,6017.683663320541,9274.135238010436,0.2916673830988813,879.1927990375316,145.1785433590412
99.31906943516633,32.38553628614172,2.4918880462646484,27.841100692749023,2.8372125148773195,1.7872208118438722,3.146126508712769,0.5499545276165009,19.167394638061523,2691.9177734375,87.28879318237304,12.22045431137085,31.69616756439209,14.200003051757813,2617.5257820129395,5382.483604049683,8791.892628714257,0.3432366600394376,884.8517638544224,153.5978164717555
88.75547714448868,40.79182344004512,2.417440891265869,26.87389221191406,3.0016011953353883,1.8081709146499636,3.677858805656433,0.7066303253173828,18.59331321716309,2353.7818359375,92.34630966186523,12.46796989440918,37.72942428588867,18.063842964172363,2524.131445121765,4813.759279870987,8771.215621439926,0.3877078639518004,887.9241279712994,154.83358545452356
93.3094162102268,36.390472440235314,2.4647693634033203,26.1256383895874,2.8775453567504883,1.7027240991592407,3.504833650588989,0.607120007276535,18.95735740661621,2394.37666015625,88.52962875366211,11.291264533996582,34.44276847839355,15.893954086303712,2571.349480247497,4884.303888893128,8685.198021341674,0.3613347225356847,887.0650620753935,152.25601225048302
107.38280406206977,26.572928433306515,2.2694782972335816,24.932287979125977,2.693400502204895,0.6806814730167389,2.427646255493164,0.4451556712388992,17.456538963317872,2894.622119140625,82.86433563232421,4.684564924240112,25.899733543396,11.726767253875732,2699.9023487091063,6325.632636451721,9052.793140320293,0.2540253201835862,876.1771315064777,130.03445030488075
98.06152124784045,30.27837209138088,2.3185979604721068,25.748923301696777,2.762139105796814,1.2469860315322876,2.678566646575928,0.5056143045425415,17.834308624267578,2598.1855712890624,84.97909774780274,8.202650547027588,28.16161727905273,13.14652910232544,2646.3040807724,5912.710254001618,9228.134379098006,0.2893139899435116,880.2780419323692,143.54854026436806
100.317329247959,30.468239292642103,2.3005095720291138,24.81070156097412,2.898728990554809,1.443339455127716,2.9138685941696165,0.5166335344314575,17.69531707763672,2506.11220703125,89.18138885498047,9.782505512237549,29.66967830657959,13.476481246948245,2647.0575037002563,5592.085136270523,8793.13514230214,0.3007205290385251,882.4717742958886,148.05570262447
97.40574954491537,34.3446206683293,2.331967830657959,25.140360641479493,3.0633671045303346,1.713371515274048,3.061141610145569,0.5847635686397552,17.936330795288086,2401.030859375,94.2465721130371,11.300533294677734,31.85082893371582,15.29093942642212,2587.575223731995,5090.1730370521545,8582.122375454008,0.3253684857008999,886.0810662158198,151.989970472455
98.49780695834356,31.787989439116792,2.3390644788742065,24.932797622680663,3.006834292411804,1.3835487484931943,2.794188404083252,0.5110420703887939,17.990737533569337,2508.657885742188,92.50731887817383,9.617643070220948,29.433613967895507,13.278302192687988,2631.617411804199,5485.924291563034,8736.998248203658,0.2941802482179277,882.7841999762229,147.7467985391617
100.56334941783668,34.21074828561395,2.370523452758789,27.587632751464845,2.8756057024002075,1.683351469039917,3.0964411973953245,0.6013047933578491,18.23179054260254,2733.019482421875,88.4699951171875,11.140286922454834,31.65891990661621,15.4845778465271,2666.602366256714,5706.804544639587,9137.09748413954,0.3195089106738086,881.6477040265847,151.05019239485264
105.53861541178658,28.01270784495864,2.434811735153198,26.00798625946045,2.95033495426178,1.0379036664962769,2.659579277038574,0.4891803950071335,18.728435516357425,2806.9470703125,90.76908416748049,7.197299718856812,28.023127174377443,12.659401130676269,2687.3446577072145,5721.688002347946,8908.932829742693,0.2901789798774591,878.9154285204993,140.30131651237608
104.97537475093196,26.074458282918204,2.3348366737365724,24.910606384277344,2.6624698638916016,0.571807038784027,2.301261067390442,0.4345729440450668,17.959318351745605,2835.16796875,81.91268386840821,3.961976218223572,25.16036949157715,11.456682205200195,2675.9905086517333,5774.201983547211,8709.444006784446,0.2557118149125017,879.0401648072296,126.50925965830685
105.51956100196142,29.350733775040133,2.327843689918518,26.68752517700195,3.0046398401260377,1.1388911604881289,2.602473473548889,0.5028179168701172,17.905034255981445,2884.30048828125,92.43980560302734,7.542235231399536,27.823549652099608,12.99774227142334,2685.2218658447264,5799.725463533401,8969.51632994525,0.2904249826693214,879.2742299074893,141.40488522052766
102.4343359714344,33.69717260440812,2.2999253273010254,26.37955207824707,3.0164473056793213,1.862285017967224,3.038672137260437,0.5939826488494873,17.691097259521484,2676.71220703125,92.80306015014648,12.731299591064452,31.41092166900635,15.587889099121094,2661.37487449646,5765.635377264023,9151.55721794404,0.3172649666358673,880.9369915338578,154.01119447797538
92.66549026918815,38.81949743330479,2.413041830062866,25.65915756225586,3.005252170562744,1.785589337348938,3.612742519378662,0.6684468448162079,18.560599708557127,2336.9260009765626,92.45864944458008,12.302008628845217,36.61069030761719,17.416133308410643,2553.039944076538,5113.519181871414,8876.082084965146,0.3670308154844414,886.2795858975799,154.28958038538696
97.21659834732912,35.38415220468305,2.499188184738159,26.6116735458374,2.8487781286239624,1.8116755485534668,3.327531123161316,0.6059393882751465,19.222944259643555,2528.67060546875,87.64461059570313,12.67550449371338,33.217610931396486,15.823348999023438,2602.9252475738526,5607.817561292648,9063.362293871864,0.3420222288125701,883.1848517839717,154.32784007936715
94.1784299258193,34.93965956121683,2.323530435562134,27.18779773712158,3.0647576570510866,1.7367427587509154,3.3087620973587035,0.6005799233913421,17.871021270751953,2513.4146484375,94.28935012817382,11.605786323547363,33.03592109680176,15.490737342834471,2544.78861579895,4961.524909257889,8613.068017569929,0.3457768928395407,887.3104505136507,152.86516934782267
107.00121982470392,26.208234638511204,2.3834089279174804,25.74623832702637,2.9332020044326783,0.7931812524795532,2.542025828361511,0.4530727565288543,18.332527351379397,2859.3267333984377,90.24198837280274,5.258003234863281,26.62915802001953,11.727566337585449,2679.5211336135862,6056.27118229866,8994.571602345259,0.2783597535680993,877.9077150043152,132.5973685055971
93.45535874441364,35.44005416315049,2.3704514503479004,25.807547760009765,2.9177204847335814,1.8052932024002075,3.3101089715957643,0.583773136138916,18.23208236694336,2373.097729492188,89.76565399169922,12.555241584777832,33.24641876220703,15.210140323638916,2548.845840072632,5101.3104157447815,8760.217926671728,0.3465225186861819,886.537926285468,154.58611406236886
97.68357467626797,36.006026638206095,2.504455804824829,26.08047561645508,3.110756587982178,1.788862943649292,3.3875834703445435,0.5934869408607483,19.26410675048828,2487.785693359375,95.70455932617188,12.379319190979004,34.2084342956543,15.634820652008056,2584.5191501617437,5018.26022195816,8629.09594047703,0.345198504174857,886.3669776280155,154.2913131415844
103.65589043279492,27.04601531191729,2.416839671134949,26.09057903289795,2.7700942516326905,0.7292735874652863,2.4567870616912844,0.4602491736412048,18.59021739959717,2832.8521728515625,85.2238555908203,5.082354736328125,25.983627700805663,12.088182163238525,2663.8452445983885,5582.762104701996,8483.200188307837,0.2717840984463692,880.810280477144,132.23418407216667
94.13584786674237,37.22750487457961,2.427585363388061,25.138667869567872,2.89349160194397,1.7495592832565308,3.383512592315674,0.6158305764198303,18.6729736328125,2323.824560546875,89.02023391723633,11.867900848388672,34.30946502685547,16.083319664001465,2589.9330530166626,5227.292102193833,8899.621364329942,0.3487503007799583,885.8917550841416,153.27212812900544
96.53478006680166,33.817839081492274,2.3103848695755005,24.86878070831299,3.0202152967453,1.6621553897857666,3.000813674926758,0.5510206758975983,17.77088165283203,2389.0206787109373,92.91899490356444,11.023963928222656,30.710107040405276,14.410913944244385,2616.666207122803,5438.072213983536,8848.045868633315,0.3097564755887721,883.2977425694364,150.95461852401496
107.49770323498426,27.27714886853937,2.461624336242676,24.383610725402832,2.7779194355010985,0.929236900806427,2.610569882392883,0.479726442694664,18.93389720916748,2735.14462890625,85.46460189819337,6.274226999282837,27.155041885375976,12.57433624267578,2688.0876596450807,6152.20151553154,9067.347260207684,0.2738998420859949,877.3022286733728,136.8606794387102
102.24780374474032,32.57938106600195,2.275748133659363,24.92678413391113,2.986184000968933,1.5100385546684263,2.848031663894653,0.5247147262096405,17.50432300567627,2558.033276367188,91.8719970703125,10.515229225158691,29.778173446655277,13.91611032485962,2648.807488822937,6167.28463087082,9454.238749858923,0.3029647557336018,878.8926046375946,149.41993406563998
99.38776783593204,34.333296409156176,2.4396939277648926,25.426745414733887,3.038738799095154,1.828968524932861,3.133879542350769,0.5779946863651275,18.765798568725582,2464.786669921875,93.4888641357422,12.559362888336182,31.860391044616694,15.154949760437011,2612.177169418335,5275.739491796494,8729.198905526846,0.3362718128568916,884.9300380439287,154.30649751722814
90.12907897350284,42.19480454651639,2.462714433670044,27.059031105041505,2.9532211303710936,1.932055377960205,4.042376232147217,0.732357519865036,18.943063735961918,2399.785620117188,90.8578483581543,13.17403049468994,39.90176963806152,18.85549545288086,2545.739454650879,4696.209937143326,8773.19011909701,0.4078890101343859,887.9295251136533,156.20683342516423
104.33686892132356,24.31358898273902,2.2497854232788086,23.835189628601075,2.674023675918579,0.5022935926914215,2.2928375720977785,0.4039551019668579,17.30425453186035,2666.72236328125,82.26821441650391,3.496903228759765,24.78885841369629,10.675482749938965,2658.9215133666994,5927.968216323852,8763.911367016472,0.2608183065312914,878.4101284717951,123.97464453205468
102.62643690359702,31.84742815895006,2.321067452430725,26.81751937866211,2.930803871154785,1.503119707107544,2.7880374431610107,0.537517112493515,17.85304069519043,2779.87685546875,90.16817626953124,10.181551933288574,29.374695205688475,14.092018127441406,2663.009640693665,5952.544102525711,9240.940008806996,0.300901006070481,879.7766785341598,148.6573647543788
100.10777067326316,30.79596234099008,2.34578070640564,24.80908908843994,2.8632163763046266,1.2650616765022278,2.724957251548767,0.5050490736961365,18.04264717102051,2566.2404541015626,88.08885192871094,8.540387439727784,28.48336715698242,13.22834529876709,2659.3919105529785,5917.575756645203,9198.41965905726,0.2869357376238369,879.072061702612,144.36443405523897
104.59583066079772,23.548786993057,2.473129272460937,22.86067180633545,2.7912352800369264,0.5005890667438507,2.2405973196029665,0.3976299196481704,19.021085739135746,2647.636474609375,85.87425918579102,3.474603772163391,24.15247344970703,10.42469825744629,2691.44907875061,6053.920248556137,8826.86544903256,0.2503356029745191,877.1045455503757,123.7023265361786
100.7225415341103,33.14117178311572,2.42467999458313,26.666580200195312,2.8938470602035524,1.8341717720031736,3.244444704055786,0.5903496384620667,18.65066719055176,2610.2587646484376,89.03118286132812,12.335126876831056,32.13876609802246,15.283023357391356,2630.009592247009,5222.846257781983,8665.547869797982,0.3300567133482136,884.8205504713376,153.88235056698323
103.3931776323954,26.14242206143681,2.248059940338135,25.23611373901367,2.682189130783081,0.5681858003139496,2.35211079120636,0.4319365084171295,17.290396690368652,2863.6795654296875,82.51941680908203,3.9595627546310426,25.076273918151852,11.36304531097412,2672.85218372345,6069.427647018432,8926.734260924906,0.251890136860311,877.6020114207531,126.39080960601568
90.5494885822409,37.34997838623822,2.431589722633362,25.36562843322754,3.000031971931457,1.8514202237129207,3.685699772834778,0.6677015960216522,18.703109741210938,2259.340283203125,92.29802932739258,12.336143493652344,36.189152526855466,17.366000938415528,2498.8566411972047,4882.781065559388,8764.409313183278,0.3988601888122502,887.9344301565441,154.48888051509857
94.04450261807732,37.81955958670005,2.3341009616851807,26.676333236694337,3.039812064170837,1.7656909227371216,3.4926151990890504,0.63347989320755,17.95389175415039,2462.9829833984377,93.52189865112304,11.943159103393556,34.960749816894534,16.47770938873291,2568.244039344788,5188.662213897705,8864.469518601149,0.3556183278300436,885.0595867826065,153.33570459634066
104.25502694718936,29.55650647734292,2.354602646827698,25.85667133331299,2.7976531267166136,1.2950457334518433,2.778140926361084,0.5173176944255828,18.11099452972412,2746.297534179688,86.07171859741212,8.620661163330078,28.708670234680177,13.506853485107422,2678.6515613555907,6089.50824713707,9239.940127339773,0.2915873780403529,878.1042832295486,144.52174559012056
99.22795043573328,33.61153812566772,2.3456480503082275,26.574035453796387,2.971097445487976,1.7612791061401367,3.0052721977233885,0.6007240176200866,18.04222583770752,2570.0647705078127,91.40783615112304,11.806764602661133,30.81460456848145,15.431262683868407,2629.6966360092165,5434.631280374527,8818.597619096934,0.3313201753950853,883.5844544322903,152.6477488011122
107.17425889559752,30.88397190766409,2.2684895753860475,24.863710403442383,2.8464555978775024,1.2860733270645142,2.679749059677124,0.519729471206665,17.449084663391112,2721.32900390625,87.57313995361328,8.921355056762696,28.89586238861084,13.576408100128171,2698.55373878479,6055.097951889038,9186.888840711115,0.2872812627052935,878.284900680321,145.44798759669067
92.06904587001284,39.86278449543752,2.368915557861328,26.711417198181152,2.995622229576111,1.675405478477478,3.977000141143799,0.6671044230461121,18.221355438232425,2410.1941650390627,92.16238403320312,11.185729694366454,38.51863975524903,17.390635871887206,2514.678178215027,4687.677607059479,8649.706219140533,0.4141822045552544,887.2112647794413,152.18750617355107
106.87409127416844,26.257737770443786,2.3345520973205565,24.91136951446533,2.7148809671401977,0.7666754007339478,2.574857497215271,0.4581383287906647,17.95702381134033,2816.87353515625,83.52516479492188,5.295224237442016,26.534296417236327,11.97014560699463,2694.3839458465577,5977.118555593491,8914.362935354375,0.2659288775961613,878.0404136352251,132.86005102060736
101.20970271985776,29.22011970123276,2.326177859306336,26.619817543029782,2.914582586288452,1.0830619096755982,2.6059839725494385,0.5208606719970703,17.891535377502443,2758.915087890625,89.66910095214844,7.465102910995483,27.50527114868164,13.446890354156494,2638.980973815918,5772.61939997673,9003.122547798232,0.2924385236722476,880.3859970177393,141.35637992918493
94.33459478858931,37.599773794505744,2.396085023880005,26.367337036132813,2.8735962867736817,1.9320555329322813,3.6602102279663087,0.6439327776432038,18.42957305908203,2437.8987060546874,88.40814437866212,13.309345245361328,36.39347534179687,16.65713233947754,2552.3346370697022,4912.582144021988,8672.528043404036,0.3668373573425924,887.7264974159923,156.24822297394277
102.23598158863922,28.61781666283496,2.3242659091949465,25.58812713623047,3.002928948402405,1.0565253853797911,2.766803574562073,0.4655490100383758,17.876812171936034,2698.818017578125,92.38715286254885,7.000431776046753,28.05879325866699,12.369773006439209,2668.246587753296,5889.774056053162,9120.272911673785,0.2876734487850811,879.8452686727062,139.67266975715756
107.10914375774408,26.192410179506982,2.440503478050232,24.603035736083985,2.7114006519317626,0.5897498607635498,2.344877886772156,0.4331284433603287,18.771674156188965,2800.515185546875,83.41809005737305,4.051209735870361,25.32837009429932,11.392900371551514,2701.9637619018554,6269.716653871536,9040.342249398866,0.2611892358225304,875.8652797048456,126.7380005914718
101.0922874167667,30.699648874532432,2.4649094581604003,27.34114570617676,2.908784818649292,1.5199575066566466,2.903967952728272,0.5415444314479828,18.958873558044434,2765.6515625,89.49073333740235,10.250661659240723,29.77352695465088,13.913092994689942,2646.676480674744,5801.728559350968,9048.91283981558,0.3058406731211031,880.0468683004601,148.82604329511523
101.77714722800856,32.72620184170082,2.291119384765625,24.98371543884277,2.946263885498047,1.7852131009101868,2.941787147521973,0.5858133912086487,17.622615814208984,2523.670458984375,90.64382095336914,12.332048320770264,30.2965295791626,15.309287071228027,2659.752179145813,5622.770266485214,8936.568994608522,0.3152290998234169,882.0693002677515,153.41471434384584
100.96701301363024,31.73616835959256,2.385907602310181,26.239112281799315,2.799007844924927,1.5546428084373474,2.8929864168167114,0.5213115632534027,18.350504875183105,2690.478466796875,86.11337966918946,10.239032649993897,29.787871742248534,13.57655897140503,2672.30805015564,5965.491203212738,9318.331834383867,0.2962620342500961,879.6272748575291,148.70817685052754
103.33399429775132,26.083201380399988,2.279597806930542,24.57337188720703,2.7814745903015137,0.6929106950759888,2.5733339309692385,0.430090868473053,17.533327674865724,2689.797534179688,85.57396545410157,4.779345464706421,26.4285888671875,11.192594814300538,2652.07096157074,5868.378015422821,8883.785907202773,0.2701144636928802,879.0179056635737,130.63988019488752
99.95010199545683,34.33149319374934,2.44377977848053,27.07757701873779,2.9114535808563238,1.8244433403015137,3.032628059387207,0.5754186332225799,18.797611236572266,2666.7143798828124,89.57284240722656,12.40938949584961,31.194832801818848,15.114091777801514,2653.314779281616,6072.491559076309,9564.524635853992,0.3152674094995989,879.228899607587,153.29332358539105
96.43644848168972,36.28661256777123,2.293073058128357,25.414666175842285,2.8726211547851563,1.7857025861740112,3.444419384002685,0.65373615026474,17.63816261291504,2392.7950927734373,88.3781723022461,12.142583560943605,34.92860488891601,16.945285034179687,2586.166305732727,5085.396052122116,8734.72982897628,0.363480265477076,886.3615380315325,153.8756427809596
111.21029283037926,27.86687834304757,2.263335394859314,23.72685127258301,2.866776442527771,0.8493887066841126,2.4739601612091064,0.4694082140922546,17.408377647399902,2828.0157958984373,88.19835739135742,5.656453037261963,26.40948867797852,12.251797103881836,2706.0174322128296,6128.381977510452,8950.04439022038,0.2589572433294961,877.172163889818,134.34617977812886
105.91007608292452,30.04727737158537,2.41736741065979,24.322558212280278,3.006689572334289,1.1072594165802,2.6807005167007447,0.4793016910552978,18.593919563293458,2672.4419921875,92.502880859375,7.516324138641357,28.12381534576416,12.745510482788086,2679.7049728393554,5828.461629343033,9006.040177662111,0.2851648002725531,879.920932011255,141.43182779401542
100.8001310248892,29.31580313080922,2.31480324268341,25.696054649353027,2.7939736604690557,1.2175407409667969,2.673052978515625,0.516172593832016,17.804447174072266,2630.3767822265627,85.9585090637207,7.994005680084228,27.831374740600587,13.25341329574585,2648.301048088074,5873.642184638977,9121.17006444577,0.2955007632637413,880.1237980808612,142.87390628606082
107.55967254071022,28.93421852975153,2.32334098815918,26.06957263946533,2.7800460338592528,0.9451800644397736,2.5227206707000733,0.4674282371997833,17.870901107788086,2976.690625,85.530029296875,6.409965705871582,27.298057746887206,12.17235050201416,2711.1917125701902,6383.262644290924,9217.27165096011,0.2598988316976979,876.012564193429,137.15539529770612
91.15156386812576,38.481170557485896,2.31751036643982,26.62883586883545,3.056338262557984,1.8383217096328732,3.73677122592926,0.7037613749504089,17.824840545654297,2385.5078125,94.0303237915039,12.419287204742432,36.94871215820312,17.78949680328369,2538.910208892822,4736.339522123337,8668.413048763201,0.4002771607105387,887.8339826917654,154.6757389470935
107.60382403660915,24.84738116157241,2.2572975158691406,24.12489719390869,2.772824597358704,0.5153336822986603,2.298494029045105,0.4050692826509475,17.362125205993653,2832.999462890625,85.30783538818359,3.4930779695510865,24.961582565307616,10.583027553558347,2694.790793991089,6177.870499134064,8883.717839328387,0.2545739565626718,876.7358022254961,123.77303914483636
105.96878594302612,29.2501307194354,2.3152088642120363,25.34650287628174,2.918600606918335,0.9710986196994782,2.5295020580291747,0.4701274126768112,17.807855987548827,2868.553076171875,89.79271011352539,6.664031648635865,27.56268482208252,12.27619571685791,2696.1711545944213,5778.812909412384,8854.91246958319,0.2644848356723943,878.928920285049,138.43578576296568
92.35346563546386,36.11124179502949,2.4397733211517334,25.43238906860352,2.9666789531707765,1.7739062309265137,3.3726611614227293,0.6470234334468842,18.765979766845703,2312.347412109375,91.27192916870118,12.150273323059082,33.79322624206543,16.820391845703124,2554.995860862732,5089.473932075501,8809.25679657776,0.3553360065768192,886.3711475222641,153.88744621574878
104.78026836394368,28.65693045861553,2.263797926902771,24.662694931030277,2.845129680633545,0.9875335454940796,2.52886061668396,0.4817676603794097,17.41160888671875,2687.6162109375,87.53236770629883,6.684710597991943,27.40888919830322,12.61059923171997,2684.7222343444823,5964.564574337006,9052.917889774964,0.2783984463461869,878.6026608777167,138.46718154549598
108.95305441256691,26.26125684089493,2.2585034370422363,23.978219985961918,2.9185578346252443,0.7279283106327057,2.467612099647522,0.4476836234331131,17.371877098083495,2763.255126953125,89.79141845703126,4.813230085372925,26.034069442749026,11.568183422088625,2706.918424415589,6247.700575590134,9045.18758306764,0.2658837488706922,876.2927753867094,130.55151347219945
104.41945702199186,25.901706630410622,2.253300929069519,23.15217037200928,2.797790789604187,0.5909908711910248,2.282522749900818,0.458642166852951,17.330526733398436,2644.958544921875,86.07597122192382,4.028273820877075,24.81519317626953,11.84343957901001,2687.4872714996336,5796.175594949722,8716.03440398462,0.2549507583898958,878.6869740548558,126.85175101533532
101.8056949062642,33.43115971162915,2.3383405208587646,26.53575115203857,2.953982639312744,1.7639307975769043,2.9693859815597534,0.5601186335086823,17.985483169555664,2630.6306640625,90.88132400512696,11.599987030029297,30.87393398284912,14.72088165283203,2643.390399742126,5327.19068274498,8684.358703326807,0.3256679304660879,884.7093149916072,152.34859386384488
104.7154529984322,30.636919460073116,2.3945131301879883,25.563780784606934,2.9162976503372198,1.5734257578849793,2.893631076812744,0.5555456876754761,18.41727638244629,2702.7809814453126,89.72187042236328,10.75185422897339,29.68868045806885,14.206024742126464,2675.1622842788697,5773.186183691025,9061.511045586876,0.3005343258016329,880.118327879058,150.00062873214483
106.52788657036994,26.352373629575595,2.3678216457366945,24.528593254089355,2.964974570274353,0.742857939004898,2.421482539176941,0.4746726393699646,18.211519050598145,2753.4892822265624,91.2194435119629,4.918910980224609,25.643099784851078,12.166496181488036,2685.7438692092896,5527.909681749344,8375.71698180791,0.2671750813024118,880.7269323143264,131.36333916708827
99.44698845266814,34.71679151821881,2.45117712020874,25.70287628173828,2.91038601398468,1.7746564149856567,3.1281965017318725,0.612887167930603,18.853046417236328,2489.872534179688,89.54003677368163,11.62348461151123,31.85607185363769,15.94283962249756,2610.461363220215,5295.941508197784,8737.656688549741,0.3347779734273806,884.6603164817061,152.5066620633006
93.78747045682852,35.32434781063348,2.321107625961304,25.908620643615723,2.932761287689209,1.8154975175857544,3.1114742517471314,0.575666868686676,17.853116989135742,2390.958837890625,90.22838287353515,12.534872055053713,31.88661308288574,15.05730619430542,2552.877021408081,5107.526475572586,8712.78214280475,0.3343541677674755,886.388769159637,154.47048889547585
103.69211749602786,29.6233604896348,2.377736973762512,24.0082914352417,2.812776041030884,1.0317302823066712,2.624738836288452,0.4884734869003296,18.28873481750488,2627.757080078125,86.53697280883789,7.109292316436767,27.7602294921875,12.693063259124756,2691.8963691711424,5893.849671268463,9035.498205605149,0.2714733913890115,878.5848767718696,139.93415067717433
93.9084437452727,37.84279957637191,2.435227560997009,26.50588493347168,2.8819796562194826,1.7888447284698483,3.769563674926758,0.6563431859016419,18.730775833129883,2441.266015625,88.66605911254882,12.106644821166991,36.60980377197266,16.998376655578614,2574.529261779785,5031.756357192993,8843.084393459,0.3745992953663517,886.3065550056657,153.90799986571074
100.86487697116604,28.73562526542228,2.4516888856887817,24.332146835327148,2.685530161857605,1.011397659778595,2.535908842086792,0.5032809793949127,18.85831356048584,2611.715380859375,82.62217178344727,7.044518518447876,27.455188751220703,13.02979736328125,2650.130333709717,5730.574618053436,8875.491586081498,0.2670762442150289,880.3033247144209,139.94639016985894
101.34832887744872,30.81078687715344,2.466807413101196,26.50436019897461,2.991556167602539,1.387793135643005,2.8556909561157227,0.513233095407486,18.9746301651001,2715.42958984375,92.03730926513671,9.43659210205078,29.278704261779787,13.393344402313232,2653.877844429016,5822.716950941086,9141.380701607091,0.3013057436269199,879.8434825084965,146.89434674307705
106.68737563697717,27.33291841428727,2.357481598854065,24.803816032409667,2.817964959144592,0.8125896632671357,2.585544753074646,0.4459074646234512,18.133024787902837,2748.633471679688,86.6966453552246,5.626509189605713,26.939235115051268,11.752466773986816,2684.140441513061,6005.114455795288,9019.68643859867,0.2778535427210302,878.1933837756012,134.3416129473597
91.38856845578508,43.107916955882686,2.5040690898895264,26.511779594421387,2.876516318321228,1.7323458194732666,4.122918558120728,0.7242345035076141,19.25984764099121,2372.388427734375,88.49795608520508,11.544416618347167,40.38899459838867,18.58662929534912,2530.8478170394897,4686.443890810013,8760.502360194829,0.4359917597961612,887.3214993195609,153.09918603599073
93.39121136422004,38.598997491598126,2.4120962619781494,26.66347484588623,2.880029630661011,1.71625018119812,3.5770925521850585,0.637453818321228,18.553691864013672,2445.631518554688,88.60608978271485,11.472312927246094,35.87257690429688,16.631762313842774,2589.6060897827147,5142.036893320083,8919.049547202885,0.365704598353243,886.2156814012757,152.59853014349935
95.294200008874,34.52220140509307,2.2918200492858887,25.560592651367188,2.964901328086853,1.778206706047058,3.343192625045776,0.5659299254417419,17.628454208374023,2391.63955078125,91.21723251342772,12.158312797546388,33.00334358215332,14.992317295074464,2581.005125427246,5347.026100349426,8905.102129325085,0.3380294656977517,884.915268039018,153.58424938619137
104.97847499836894,27.71669853888452,2.358062529563904,24.88395462036133,2.764376354217529,0.9613085687160492,2.598384737968445,0.4820772171020507,18.13802509307861,2729.798046875,85.04793395996094,6.33746600151062,26.90320415496826,12.67435531616211,2685.550107765198,5905.055614089966,8986.02606867049,0.2760785959036709,878.2720268711182,137.06800969541072
100.55437587157478,30.43021327997558,2.278404951095581,26.88065223693848,2.8340796709060667,1.4318028450012208,2.9514609813690185,0.4984713733196259,17.524362564086914,2710.6101318359374,87.19241714477539,9.470107364654542,29.81981964111328,12.96549654006958,2620.09587173462,5278.637316036225,8544.176704549416,0.3043960057193457,884.021268687315,147.40595556348563
93.84381954790187,36.59706965349615,2.301156997680664,26.075342178344727,2.929630732536316,1.7457892894744873,3.467627930641174,0.6102211177349091,17.698898315429688,2401.3540771484377,90.13209609985353,11.485946655273438,34.85622673034668,15.852183532714845,2559.4924657821657,5168.341976356506,8852.275485682487,0.3702964394199354,884.8487933960132,152.34976354688405
104.91616834037868,29.12098142798059,2.4015464305877687,24.4818172454834,2.969333529472351,1.1790473103523254,2.758618879318237,0.5169607818126678,18.4724796295166,2636.531494140625,91.35358200073242,8.163826751708985,28.282958030700684,13.368277645111084,2672.726049041748,6136.192873811722,9222.38120351564,0.2861312891700104,877.9913767610633,143.28150467127563
99.28379918844482,30.37403958081268,2.355423736572265,27.042853355407715,2.875642466545105,1.3969047784805295,2.8319377660751344,0.5449454307556152,18.11738395690918,2666.862670898437,88.4711067199707,9.703947925567627,29.07442169189453,14.061764240264893,2616.030659866333,5363.683207035065,8630.500177365728,0.3082750886271242,884.0424592769202,148.11648498475552
99.42766517638816,33.05437751375139,2.4981560707092285,27.526544761657718,2.8678529262542725,1.7373144626617432,3.140096521377564,0.5901074945926666,19.21525764465332,2664.2068115234374,88.23144989013672,11.78629961013794,31.586779403686524,15.248303985595705,2598.168437385559,5660.420909643173,8952.15180933345,0.3399830529063906,882.9924991408792,152.54088185429572
100.22519625774724,29.986764652607963,2.261969232559204,24.574960899353027,2.867425274848938,1.0798895239830018,2.615217757225037,0.4900256812572479,17.39857177734375,2617.04775390625,88.21829986572266,7.459140205383301,28.034476470947265,12.886738872528076,2663.1647245407103,5882.084187173843,9082.756166851334,0.271385984914087,880.0307743479491,141.2779325813055
106.39339472507568,24.300422692368738,2.477811813354492,23.57164783477783,2.7399206161499023,0.5158998429775238,2.324768590927124,0.3968591690063476,19.05809593200684,2753.50673828125,84.29552001953125,3.4801623106002806,25.00528450012207,10.416313552856446,2691.906734085083,5810.303801345825,8680.343782635591,0.2552533954614773,878.3612813217827,123.83656517267228
101.38661769557456,32.12348787197843,2.4345972776412963,26.51598052978516,3.0666837215423586,1.7782960295677186,3.037031316757202,0.5499931454658509,18.725888442993163,2617.486572265625,94.34863891601564,12.285546875,31.135982322692872,14.449560260772705,2624.266561317444,5357.547598457337,8685.580845305696,0.3278076170479572,884.879515094611,153.76388893723487
110.3191657754463,27.46531887257006,2.4164113759994508,24.23385410308838,2.894230437278748,0.8317379891872406,2.5828945875167846,0.4477524399757385,18.58633918762207,2816.414721679688,89.04297943115235,5.633503055572509,26.904392814636232,11.794458389282228,2697.940953063965,6105.901303339005,9005.992666966467,0.2677444051298283,876.9907313897656,134.2897193081677
95.71860889128564,37.71177425934002,2.3057950258255007,25.50516548156738,2.931311917304993,1.9677484035491943,3.305428385734558,0.6072673380374909,17.735572814941406,2393.002099609375,90.18380889892578,13.619344711303713,33.90778770446777,16.000264644622803,2576.034834098816,5139.780313158035,8790.674602643587,0.3425993676008788,885.5167747652129,156.32188971191644
106.98537458255484,26.820168499229474,2.443031311035156,23.84771308898926,2.708564209938049,0.7863562107086182,2.455672287940979,0.4766835570335388,18.79155540466309,2700.4433349609376,83.33081436157227,5.436476707458496,26.216496086120607,12.425604248046875,2689.072878265381,6199.132408046722,9022.856324568203,0.2645426914939889,876.2813010717385,133.3745151810348
93.0619563476402,37.82995763104409,2.4120097160339355,26.125034141540528,2.957378387451172,1.8360059142112728,3.588462567329407,0.6247384309768677,18.55276298522949,2385.076220703125,90.98576965332032,12.41739730834961,35.53746337890625,16.180788803100587,2576.058590316773,4869.867177963257,8751.045751180127,0.3798918009153567,887.4407961169236,154.59099600613118
105.22273892680668,26.269473345181904,2.458086037635803,24.68332118988037,2.950930190086365,0.7996893227100372,2.528952813148498,0.4667898416519165,18.90576591491699,2743.34248046875,90.78738250732422,5.275058746337891,26.241820335388184,12.082999992370606,2674.9065687179564,5819.001025104522,8815.86733683981,0.2721972194791305,878.9291686493677,132.81589652970433
101.16724170109018,32.51149187521078,2.470239853858948,24.775935173034668,2.957601046562195,1.662758708000183,2.874140763282776,0.5585109889507294,19.000967979431152,2544.1551513671875,90.9926155090332,11.3107084274292,29.771224784851075,14.697255039215088,2668.1014207839967,6155.054390525818,9483.448582071063,0.2956209156238297,878.9141994091153,151.10706724226475
99.42282137714302,36.102043338492514,2.442006349563598,27.7747257232666,3.0953750371932984,1.9473968744277956,3.217825436592102,0.6433477580547333,18.78298759460449,2692.6056396484373,95.2313362121582,13.445878982543944,33.27211799621582,16.45436038970947,2614.901244544983,5322.740695095063,8751.59743652977,0.3314518901629517,885.1169366626855,155.95730585455894
106.6827457520658,27.646740461373703,2.316593956947327,26.66464500427246,2.9411596775054933,1.028874671459198,2.6950576305389404,0.4653009682893753,17.81812267303467,2942.13642578125,90.4867935180664,6.789203023910522,28.00803451538086,12.072109413146972,2690.189313697815,6210.531738519669,9164.879701853357,0.280977260294624,876.9526255910266,138.6802567869425
100.86882397570604,33.950391854997726,2.349018096923828,26.275858879089355,2.918248724937439,1.8102030754089355,3.1171084880828857,0.5611860930919648,18.066755294799805,2600.8693115234373,89.78190078735352,12.610669136047363,32.06031379699707,14.743635082244872,2627.0820989608765,5563.93991765976,8886.044424221105,0.3190418623281062,883.2422169948798,154.12008168697358
90.63280727663653,37.96657154005952,2.3330328464508057,25.810261154174803,2.984378480911255,1.7974167466163635,3.567648410797119,0.6834827840328217,17.94413661956787,2306.0095703125,91.81644134521484,12.322932624816897,35.93726577758789,17.367719650268555,2526.859029960632,4778.298511981964,8632.180220248923,0.3701361708925105,887.8442454825439,154.4472350269556
93.79886843739835,34.960558568499984,2.5043904781341557,26.926523780822755,3.0504857778549197,1.857563018798828,3.218339681625366,0.6299073755741119,19.263233184814453,2483.046557617188,93.85028991699218,12.90168571472168,32.600643157958984,16.406810569763184,2539.5715717315675,5188.352556991577,8767.435136163793,0.3473453842821841,885.1637890255377,155.0095853179693
90.2194000909782,43.876658397959545,2.3525965213775635,27.118914985656737,3.035846281051636,1.7531904697418212,4.223380088806152,0.7730278670787811,18.094277381896973,2398.58466796875,93.39990463256837,11.764803981781006,41.49483413696289,19.682565116882323,2544.0359897613525,4595.61619772911,8701.773999222554,0.4228848521364853,888.7766651888844,153.81139141619207
92.23410461282842,41.72987339124084,2.4978359222412108,25.12381534576416,2.8160191059112547,1.7936208844184875,3.890161967277527,0.7466687023639679,19.21304225921631,2272.6106689453127,86.63675003051758,12.391766452789309,38.82364006042481,18.9505334854126,2553.16694355011,4726.859798574447,8693.763980126194,0.4001900608767755,887.7673956178829,154.75893812477588
99.7034796677946,33.396229727426544,2.487714886665344,25.580001640319825,2.825062561035156,1.942000377178192,3.1610445737838746,0.5480473577976227,19.1345853805542,2502.9521484375,86.91495971679687,13.39856071472168,32.23917465209961,14.26366548538208,2645.664719581604,6006.1803584575655,9498.07132165581,0.3249489510840636,880.6015176723901,155.09214829206468
104.64032446808282,29.11834530811757,2.4542616605758667,24.92346572875977,2.899426531791687,1.0034749507904053,2.594920587539673,0.4759373128414154,18.877721786499023,2708.4888671875,89.20286254882812,6.63268518447876,27.277691459655763,12.438148975372314,2673.5751375198365,6323.392351531982,9287.345511800424,0.2786166030433282,876.9821262844725,138.12796750217677
98.97722208133216,31.126524343853816,2.4869333028793337,25.06662368774414,2.9851087093353272,1.702958381175995,3.062001729011536,0.5628460586071015,19.129440116882325,2461.5390380859376,91.83891677856444,11.512141990661622,30.32032375335693,14.41826114654541,2634.56001701355,5293.432009887695,8651.07687858995,0.3114923918803456,884.4976414038329,152.13817553818225
96.67794813271604,36.51380385006778,2.396587610244751,27.170050811767577,3.06504602432251,1.7221883893013,3.297211694717407,0.6044111549854279,18.43458366394043,2569.00185546875,94.29822692871092,11.446856212615966,33.57026062011719,15.92513313293457,2592.1287454605103,4989.264970350266,8651.99844974503,0.3509784416048205,886.0874154214231,152.4054677784443
106.73583581311824,29.761608644947408,2.4455086469650267,24.288646507263184,2.9703510761260987,1.1720760345458985,2.6086316108703613,0.51610968708992,18.810614585876465,2725.15888671875,91.38488159179688,7.791075086593628,27.72464714050293,13.475365161895752,2707.941856765747,6349.387128782272,9308.561576557346,0.2692368765499606,876.4109760364138,141.84627663567662
103.86674578133383,32.420712364884096,2.4576987266540526,26.14328117370605,2.973461222648621,1.7467662930488586,3.082888102531433,0.5394641041755677,18.90408878326416,2682.7846923828124,91.48055648803712,12.135076332092286,31.105474090576173,14.219005393981934,2663.1059120178224,5985.772719097137,9371.243371580542,0.3159686205074449,880.246760259012,152.83688006848098
104.41947483947452,27.543120416160672,2.3811192512512207,26.51178607940674,2.981127452850342,0.995064377784729,2.64107825756073,0.4823927074670792,18.315399169921875,2850.901440429688,91.71641845703124,6.6254730224609375,27.32234992980957,12.629265403747558,2659.7814214706423,5758.660192394256,8890.788630315288,0.2877920722913867,879.0127393858231,138.19434905797243
103.78795985417032,28.22010760805569,2.394660782814026,25.13022918701172,2.7629267454147337,1.0204657673835755,2.689024782180786,0.4803654074668884,18.419697952270507,2706.1941162109374,85.00339736938477,6.797533082962036,27.72727603912353,12.398652172088624,2671.237759208679,6044.9201934814455,9127.713398272355,0.2804829912761176,878.4938164139785,138.7644546546042
93.61421840644768,36.26739755738527,2.342314481735229,25.04100780487061,2.862140393257141,1.8362738490104675,3.314926671981812,0.6461750090122222,18.015671157836916,2306.055859375,88.0557029724121,12.616027450561525,33.4694263458252,16.873582458496095,2569.4294872283936,4999.570563268661,8677.477618676052,0.3360514324798912,886.4266132774762,154.73263470828533
101.122816910671,27.67256835300941,2.3305102586746216,24.81117992401123,2.798773980140686,0.9978340327739716,2.687414526939392,0.4750244468450546,17.926064682006835,2580.7510009765624,86.1062141418457,6.788276720046997,27.842377281188966,12.484242725372315,2650.202890777588,5581.266675043106,8632.454372732527,0.284058404393727,881.5175785236017,139.2125483252108
101.62805548068576,32.34430266846903,2.3490609884262086,25.70414218902588,2.979682922363281,1.51427001953125,2.811865735054016,0.5266418278217315,18.06868267059326,2633.07509765625,91.67199783325196,10.162118625640868,29.54719829559326,13.840550327301026,2651.637497329712,6046.627267980575,9354.381952178665,0.3024871264499962,879.7110975341144,148.55358218178154
88.57865970615357,44.380750451330094,2.544049429893493,26.23431053161621,2.9512616872787474,1.9395965337753296,4.340480852127075,0.7798852562904358,19.56770439147949,2286.9919921875,90.79760284423828,13.3196759223938,42.69961700439453,20.0732328414917,2475.497323799133,4621.304648590088,8761.612228011432,0.4427101752953604,890.0125430158299,157.01453104019166
102.9729794245618,26.303823446063326,2.2679852485656737,25.133012962341308,2.6662117719650267,0.6152328014373779,2.3936727046966557,0.4191638320684433,17.445200538635255,2771.208374023437,82.02782440185547,4.223889875411987,25.940297889709477,11.141880989074709,2667.6847715377808,5965.599424791336,8899.847861038148,0.2603013350977562,877.459350474686,127.74355680532751
108.06805846099049,27.51847998360172,2.3709051847457885,26.306379508972167,2.7884487867355348,0.9094914853572844,2.5815491676330566,0.4773608326911926,18.235986518859864,2947.511572265625,85.78854751586914,6.18930230140686,27.09380111694336,12.486958694458009,2686.8881116867065,5778.221899890899,8840.341102685594,0.2781230166100609,878.6571476325192,136.5746960543096
104.98197755147032,26.50765071120113,2.303853797912597,24.745600318908693,2.786063861846924,0.7425330340862274,2.4718613624572754,0.452287420630455,17.721098709106446,2737.5096435546875,85.71513977050782,4.944350004196167,26.04625377655029,11.656778335571287,2677.294037246704,5846.311508321762,8859.195991255901,0.2718537088425364,878.9314774838076,131.29934518262743
91.82402638511746,42.23743313257582,2.311513900756836,26.448483276367188,2.896422433853149,1.6722470283508302,4.243059253692627,0.727315354347229,17.779966354370117,2377.8212890625,89.11042633056641,11.16721305847168,40.60278205871582,18.806982231140136,2546.5574588775635,4702.643736028671,8777.575146158972,0.4300142294494435,887.3871861571315,152.30835961997508
100.96885925795829,30.427645626571028,2.3502822160720824,26.40433120727539,2.879079222679138,1.3823061823844909,2.8473307847976685,0.515891844034195,18.078078079223637,2628.157690429688,88.57683181762695,9.31905755996704,29.2320219039917,13.361426639556884,2633.520361328125,5469.20510020256,8716.353212438524,0.3123408411397325,882.6321382318304,146.87761681452395
94.7104988176815,36.34958580285311,2.416289019584656,27.48517894744873,2.9243133783340456,1.7850654125213623,3.4955567121505737,0.6142586231231689,18.58587074279785,2553.5139404296874,89.96849822998047,12.404091835021973,34.484801864624025,15.990698146820067,2576.407043075561,5497.697356462479,9059.07415177971,0.3522408854505383,883.6686778807859,153.97004811167716
105.75343930744988,27.807691740081644,2.3793365001678466,23.810128021240235,2.9236389875411986,0.7965861141681672,2.445151805877685,0.4535636812448501,18.299961853027344,2705.65791015625,89.94774322509765,5.337214040756225,26.20768604278565,11.80934419631958,2694.401975250244,5652.351043844223,8741.685522939264,0.2631594568170839,879.6303542981557,133.1951085217297
110.54480407652446,28.08401575088501,2.2668868780136107,25.013288497924805,2.879130744934082,0.9644534528255464,2.497875475883484,0.494183224439621,17.436520957946776,2902.198974609375,88.57846450805664,6.473288106918335,26.974765396118165,12.86742868423462,2708.571642112732,5886.486160564423,8856.15496397391,0.2721108558180296,878.4393305163616,137.64907802939416
95.5182648086866,34.38085970748216,2.4734528064727783,25.456146049499512,3.040480875968933,1.6853601932525637,3.399595141410828,0.5757875919342041,19.0251407623291,2386.0046630859374,93.54246444702147,11.16838550567627,33.23642807006836,15.025451183319092,2557.0112089157105,5082.059642505646,8674.821471361816,0.341695732038085,886.0253837976292,151.7768014729023
89.57841292764877,40.15918656531721,2.439049243927002,25.721059608459477,3.022658109664917,1.8011846542358398,3.8536335229873657,0.7216447949409485,18.76046085357666,2268.155639648437,92.99412307739256,12.41193675994873,38.22715187072754,18.522851753234864,2548.337347602844,4818.136072444916,8820.05455142893,0.402179769705981,887.9943451026113,154.770430020988
101.26915009623764,32.04352753702551,2.4265874147415163,27.478951072692876,3.0868712663650517,1.5582061529159543,2.8552010536193846,0.5278943777084351,18.663902473449703,2732.383935546875,94.9697250366211,10.607470512390137,29.832716369628905,13.827453136444092,2658.286957740784,5859.929417467118,9255.50846969299,0.3200149974331782,881.0326367111932,149.8284705966711
88.96662080349002,39.10045853103511,2.302805685997009,26.53905410766601,2.875885939598084,1.9130991101264956,3.82254741191864,0.6912838101387024,17.71285057067871,2330.0894775390625,88.47853240966796,13.114371871948242,37.42874031066894,17.64169521331787,2518.169762611389,4798.9124348163605,8779.595446883328,0.3851523453951813,888.1188823009732,155.9752616018057
101.71193840635326,33.85308882705867,2.390424966812134,26.28151664733887,2.953474926948547,1.8065948486328125,2.9951831102371216,0.578541499376297,18.386839866638184,2664.5135986328123,90.8657112121582,12.60072898864746,31.06887741088867,14.87355318069458,2658.157651138305,6030.081429576874,9429.394572656416,0.3071945478336751,880.501781602944,153.68977917730808
93.45447220665277,38.70949082667939,2.288010835647583,25.586504554748537,2.9816291332244877,1.842438554763794,3.499805760383606,0.6755430281162262,17.599212646484375,2345.0517578125,91.73187103271484,12.642491722106934,35.539574432373044,17.364000701904295,2567.830248832702,4960.638897991181,8761.74017937202,0.3772550508147105,886.3739274230466,154.88847997635602
108.26361579553785,29.30785437533632,2.3196506023406984,24.12406406402588,2.718012499809265,0.9719608664512634,2.606923747062683,0.4694862633943558,17.8424222946167,2741.232788085937,83.62152404785157,6.704990673065185,27.396608352661133,12.437368392944336,2707.444629096985,6457.703074169159,9321.46809614133,0.2667971869537016,876.2898822614297,138.3188376106322
89.97028205519828,44.90514828120358,2.3276082992553717,26.506678199768068,2.8287986278533936,1.770569884777069,4.281072568893433,0.7495151877403259,17.903066444396973,2335.853466796875,87.02992172241211,11.794959831237794,42.19940910339356,19.36517677307129,2510.375723838806,4642.4191149711605,8752.343190102838,0.4314659120747819,888.7997960802634,153.89812843203543
105.60639096251164,29.644563342048787,2.339163374900818,24.505869483947755,2.882068705558777,1.0528563499450685,2.625451135635376,0.4898653984069824,17.991722869873048,2711.778686523437,88.66881790161133,7.203569889068604,27.71768093109131,12.702987575531006,2699.465866851807,6381.691731262207,9348.509871398284,0.2719318718385744,876.2770655691326,140.02178484499456
105.40478680152972,28.415879978984595,2.4947460651397706,24.82617053985596,2.9154370546340944,1.0624027967453002,2.606802558898926,0.4921753972768783,19.189029884338375,2734.576318359375,89.69540786743164,7.095164966583252,27.49107780456543,12.88911018371582,2694.282713699341,6060.043865823745,9106.14923262857,0.2773851670318794,877.439320325531,139.80960898324847
106.51909394853064,26.69796138044912,2.251587510108948,24.049019432067876,2.885479187965393,0.7643226683139801,2.486721730232239,0.4509867906570434,17.31886558532715,2726.8863525390625,88.77371978759766,5.212428379058838,26.594239807128908,11.89042444229126,2691.2522174835203,6082.120281600952,8983.472160449437,0.2637391890311846,876.8209801913508,132.4420197449625
95.86687886408072,36.29175229594112,2.4700961112976074,26.82123794555664,2.844893789291382,1.7965689897537231,3.4243149757385254,0.6481981575489044,18.99907398223877,2513.903173828125,87.52510604858398,12.51600170135498,34.4470630645752,16.67111301422119,2577.2793773651124,4883.079666137695,8590.207017481885,0.3594981770322192,887.4748850937576,154.75042233020068
106.3663538177204,26.599993994971737,2.443548154830933,24.660888671875,2.803771162033081,0.626225757598877,2.3933225154876707,0.4381993561983108,18.795496559143068,2805.0499267578125,86.2599006652832,4.357487678527832,25.545414924621586,11.353314399719238,2694.2449638366697,6016.022009468079,8885.842592775449,0.2593575748964213,877.4500624955093,128.3818059027195
101.78345859799568,29.201555276382717,2.305854797363281,23.841711616516115,2.7640601873397825,1.1147139072418213,2.637531065940857,0.4966014385223388,17.73590087890625,2557.7863525390626,85.03820419311523,7.660529613494873,28.075954246521,12.838168048858645,2673.219116783142,5701.367718791962,8914.083901334181,0.2734831775429024,880.4555593610348,141.96876514926552
99.5918831637746,34.74764214390889,2.3089115619659424,27.531359481811524,3.1078784227371217,1.785497546195984,3.2518080949783323,0.6304899215698242,17.759178161621094,2674.5747314453124,95.61602249145508,12.365347862243652,32.5990707397461,16.176084136962892,2619.141747283936,5026.67763056755,8559.539266119338,0.3295222676181824,886.4180144381411,154.2047568410635
97.40352325084191,34.46678059045225,2.294675016403198,25.416099739074703,3.0450873136520387,1.6984393000602722,3.202631425857544,0.6123979389667511,17.64888286590576,2418.0407470703126,93.68420181274412,11.201482772827148,32.15947036743164,15.88977336883545,2583.310391807556,4747.523699951172,8400.814914381504,0.3473911571054486,887.4425009541221,151.9364594861865
99.23207297260322,30.83941155239008,2.367780375480652,25.358609008789063,3.038120770454406,1.418237566947937,2.7385592699050902,0.5283737778663635,18.2125244140625,2540.9184814453124,93.46989974975584,9.333242511749267,28.808610343933104,13.687918567657473,2618.713547706604,5460.130258703231,8654.488857349008,0.3001917684500199,882.7451948834481,146.93214675337077
92.87413097374092,37.64315626318567,2.3878979444503785,27.244742965698244,2.957756853103638,1.8534944653511047,3.700220489501953,0.6249703705310822,18.367382049560547,2483.647265625,90.99740142822266,12.818942737579343,36.50192832946777,16.138962936401366,2566.9147983551024,4832.483187055588,8710.530473097786,0.3735576134204166,887.5496511520353,155.3438503459096
98.44172125294946,33.83118570437655,2.3594863414764404,27.512582206726076,2.8937600374221804,1.87735538482666,3.100774550437927,0.5501860022544861,18.14919662475586,2663.0466552734374,89.02853164672851,12.83515739440918,31.62675495147705,14.39697561264038,2612.1253776550293,6149.561354351044,9624.964013787732,0.3281539159927785,880.657547199083,154.13885102570055
91.90301951794554,39.31436460642144,2.5139149904251097,25.79937629699707,2.841000247001648,1.849368357658386,3.7749714136123655,0.6931598305702209,19.336718940734865,2331.1118896484377,87.40533676147462,12.678050136566162,37.70189628601074,17.945337104797364,2540.2011569976808,4748.215290403366,8656.9086690614,0.3782103701002631,887.8491708197037,155.18715907782317
91.18705722055036,39.91196105778217,2.3275670766830445,26.395120048522948,3.013718581199646,1.9237579107284544,3.909107232093811,0.6729381859302521,17.90349006652832,2367.099365234375,92.71910247802734,13.140548706054688,38.39427642822265,17.272937774658203,2545.471592903137,4754.659454298019,8745.434308006614,0.393579413354746,888.1161486752026,156.05122903287412
104.23871105514496,30.211810426507142,2.4906033992767336,26.14188995361328,2.882048463821411,1.426518702507019,2.8662081956863403,0.5198913991451264,19.157204818725585,2719.20751953125,88.66814956665038,9.434370231628415,29.49603385925293,13.571597862243651,2652.875827026367,5513.377708005905,8632.720710181073,0.3062514828671948,882.096985125223,147.11011384427547
100.03222398067088,34.05782949924469,2.515277862548828,27.66339168548584,2.9125661134719847,1.8567727088928223,3.0433488130569457,0.5714019358158111,19.34707736968994,2715.39052734375,89.6070930480957,12.365477180480957,31.79002571105957,14.834125518798828,2627.283539581299,5792.641314411163,9173.989428214543,0.3261025881141339,880.7324000213823,153.34353419989347
105.14929500362398,29.96004635272548,2.387468814849853,26.271776390075683,2.998838806152344,1.4003112316131592,2.899494695663452,0.5159731805324554,18.364235877990723,2760.5630126953124,92.26133346557616,9.564601612091064,29.69569969177246,13.49486608505249,2673.046760940552,5860.485789012909,9109.5741518436,0.305814562818821,879.3621986659746,147.13377433121204
104.42562766725788,29.020060169277716,2.363086700439453,24.736182975769044,2.754121017456055,1.013038408756256,2.51809675693512,0.4928224116563797,18.176054191589355,2687.016064453125,84.73240509033204,6.918662595748901,27.308891677856444,12.929343128204346,2669.790725708008,5873.01822347641,8986.330217174069,0.2787706767631478,879.7641850998385,139.39883495643736
101.84063862970308,30.383569112885745,2.492837738990784,24.17901992797852,2.701295518875122,1.1201546669006348,2.633710503578186,0.4894113063812256,19.1732572555542,2594.232885742188,83.10721282958984,7.648470735549926,28.079168701171877,12.920449352264404,2665.870559883117,5650.091430473328,8867.115941365435,0.2757050194402909,880.4006527839883,141.900012447685
101.83307041707091,32.911263022758064,2.326362609863281,25.488311576843262,2.861551380157471,1.8103628396987916,2.9642170429229737,0.5700694739818573,17.894229888916016,2589.4433349609376,88.0375846862793,11.930349636077882,30.378083610534667,14.84973087310791,2675.6807056427,6033.807266187668,9453.491733026132,0.3060260678141102,879.1449914045094,152.32211637198924
97.58451880688898,31.890115634771064,2.271900177001953,26.54648971557617,2.9590888261795043,1.5069613456726074,2.811385107040405,0.5246810019016266,17.474679946899414,2569.9529296875,91.0384147644043,10.104261875152588,29.35685329437256,13.683041858673096,2607.661957740784,5466.263705348969,8773.955370337144,0.3120891377403614,883.0435880537436,148.8793094336987
106.7526678176846,25.38345490929205,2.3192172050476074,22.615953636169436,2.6739314794540405,0.5151018142700196,2.2119057178497314,0.4004442095756531,17.838533401489258,2719.780419921875,82.26534118652344,3.4887166023254395,24.396363067626957,10.57686882019043,2698.394313240052,5995.287829971314,8773.783698815852,0.247538778046146,877.2865976393674,123.7901230365038
99.44571619486456,36.97067616255954,2.4028096199035645,27.32434883117676,2.965885329246521,1.7747909069061278,3.5387905120849608,0.6715111255645752,18.48155212402344,2640.5778564453126,91.24749298095703,12.189555168151855,35.75207633972168,17.119599533081054,2619.925326728821,5121.811296844482,8704.97293377202,0.3580570036196324,885.9004104268643,153.96367398053408
102.29546900774676,33.1404662870802,2.472790551185608,26.965834426879884,2.941551899909973,1.7853647470474243,3.2311283111572267,0.603195583820343,19.02081680297852,2673.8056396484376,90.49887237548828,12.32403564453125,31.904743003845216,15.74104928970337,2642.968616104126,5513.3834919452665,8890.52318424657,0.3369088134695832,883.0429051693842,153.59798172712323
105.55524820769068,28.81956980074756,2.448152589797973,26.11933116912842,2.990895295143128,1.0717461109161377,2.660068893432617,0.4958296179771423,18.830698013305664,2800.9939453125,92.01693115234374,7.29559621810913,27.827282905578613,13.05738525390625,2662.6875072479247,5804.338026428222,8980.148185854963,0.2946426011468656,879.0326470689445,140.6129997320473
108.42771470244286,27.14578878548928,2.293823790550232,24.25156650543213,2.781840181350708,0.7676703751087188,2.4659411668777467,0.4668852180242538,17.64405403137207,2841.1570556640627,85.58521118164063,5.278692054748535,26.07301082611084,12.187328815460203,2697.072779846191,5938.400997972489,8848.918159789964,0.2585284058965044,877.9810348347671,132.78169731274247
100.15164935051762,30.359988669469026,2.37144513130188,26.27769241333008,2.906155014038086,1.1536032676696777,2.643827700614929,0.5049830734729767,18.24096355438233,2746.41376953125,89.40985107421875,7.949351024627686,28.11841907501221,13.224705505371094,2652.625284767151,5903.787408876419,9134.521686325596,0.2808059093118633,880.1642932067452,142.84415912255645
100.05672391014026,31.499220509594306,2.27878794670105,25.150849914550783,2.8507593154907225,1.482122004032135,2.772746229171753,0.5307560443878174,17.527721405029297,2517.5508056640624,87.70556869506837,9.82751750946045,29.08153514862061,13.739258575439454,2644.277192687988,5491.053309297562,8747.42754151076,0.3036806513100221,882.9461250317429,148.18786234408617
104.85122228528851,29.182500442583112,2.317249226570129,26.6519416809082,2.962654638290405,1.1121957182884217,2.764916729927063,0.4774640202522278,17.823854827880858,2808.6445068359376,91.1481086730957,7.444609069824219,28.237363052368163,12.568496036529542,2678.247801589966,6129.988937234879,9283.815265718662,0.2985630509980926,877.7647628435531,140.99571163654326
91.82249198158952,36.479664913099256,2.497452735900879,24.97729949951172,2.977056670188904,1.8280519127845765,3.5676987886428835,0.6292854070663452,19.20932006835937,2259.3196044921874,91.59118194580078,12.12776222229004,35.5781753540039,16.314461326599123,2565.3270238876344,5112.841164779663,8872.84493503049,0.3616104187813916,884.8509121417374,153.65887792408466
99.09009843215088,34.007039186358455,2.3930768966674805,25.98235034942627,3.01945378780365,1.67286479473114,3.05131413936615,0.601681137084961,18.40719223022461,2512.5799560546875,92.89558486938476,11.203100204467772,31.183195686340333,15.768577671051023,2622.855613136292,5574.6966077327725,8931.887981402315,0.3291494837825247,882.7641265166822,151.31393100023269
98.98080514966288,29.68088980577886,2.274949073791504,25.98344192504883,2.960949277877808,1.2183536410331726,2.7503825664520263,0.5074805676937103,17.497834777832033,2600.80107421875,91.09563369750975,8.332445621490479,28.47852230072021,13.105548095703124,2623.3451959609984,5507.860467147827,8694.472880533338,0.29764687356801,882.3636385056889,144.21808970868588
88.58598140964861,40.2625017630402,2.3267388343811035,26.11408023834229,2.8898648262023925,1.8465763211250303,3.840047597885132,0.6792274951934815,17.897077560424805,2280.46865234375,88.90868453979492,12.347283554077148,37.81503143310547,17.66208381652832,2508.572324180603,4746.96889462471,8797.816596543975,0.41011740550166,887.718120134114,154.56359968930482
99.28284578954788,32.86548728235066,2.371801853179932,25.96881675720215,3.0925130605697637,1.7636691331863403,3.04881808757782,0.5559671938419342,18.242828369140625,2544.3420654296874,95.14327926635742,12.024730682373049,30.921426391601564,14.614954853057862,2590.736839103699,5349.369805669785,8679.563094389625,0.3188549524160645,884.8707357171327,153.23687054514886
103.1944194150565,32.93011081367731,2.363802671432495,25.882472801208497,3.05712685585022,1.804322838783264,3.1162686347961426,0.5957359254360199,18.18045997619629,2603.6085693359373,94.054598236084,12.109933853149414,31.416253662109376,15.26900930404663,2646.985231208801,5275.7948201656345,8599.393846545368,0.3237101702851146,884.7630512014817,153.40058281421662
104.63796136984428,30.299424138572068,2.3672794580459597,26.47308483123779,2.8386507749557497,1.4002472162246704,2.958346009254456,0.49944908618927,18.208688735961918,2730.7255126953123,87.33303375244141,9.481717300415038,29.770476150512696,12.993731784820556,2649.3310022354126,5981.193988323212,9235.963652384467,0.3137430635019402,879.5068765036801,146.93663724139333
101.0238885355075,30.42903821882792,2.356250548362732,26.43740692138672,2.851048541069031,1.229025411605835,2.735023140907288,0.4932861477136612,18.12309665679932,2751.9727783203125,87.71445693969727,8.404413890838622,28.70828170776367,13.043198108673096,2650.3578943252564,5553.120583438873,8686.679001867957,0.2868438503865036,881.8715887318037,144.376938483119
91.4179924623045,43.189569977484645,2.407634019851685,26.87776737213135,2.7890250444412232,1.9102335929870609,4.083118915557861,0.770643675327301,18.5189697265625,2409.195556640625,85.80627822875977,13.091829776763916,40.9306079864502,19.42508316040039,2543.833727645874,4631.3930015563965,8647.851639660448,0.4114112720417324,887.7795657186907,156.1078367143869
102.63292001135868,26.190472244890408,2.281751203536987,24.9159517288208,2.6850704669952394,0.7133471250534058,2.530745887756348,0.438027560710907,17.550963401794434,2754.3756103515625,82.60802917480468,4.9348243236541744,26.594254875183104,11.531598949432372,2676.3673149108886,6071.666301012039,9023.639362083562,0.2578170496416476,877.8477089919822,131.23848917037247
99.93826057521476,28.65633226018399,2.415657687187194,26.432156562805176,2.92898371219635,1.1843559265136718,2.728914785385132,0.5044591844081878,18.58107681274414,2685.7388427734377,90.1121696472168,7.810838890075684,28.150642585754397,12.972430229187012,2635.498935317993,5744.804433250427,8974.603552118502,0.297423379368002,880.5879156832249,142.41234936192632
97.02184978596485,35.34421178111806,2.311282157897949,25.609484672546387,3.056266450881958,1.9221879243850708,3.3137016534805297,0.5953302025794983,17.777935028076172,2430.6848388671874,94.02816162109374,13.171873188018798,33.312717819213866,15.366532516479491,2599.893740463257,5621.203572511673,9096.110961927288,0.3505290809126496,883.4522190974109,155.2136312276125
91.29880786712904,40.78352034371346,2.4815070629119877,25.510035896301268,2.920428228378296,1.7014419317245484,3.819297957420349,0.6812327325344085,19.08551597595215,2292.83662109375,89.84899978637695,11.438672065734863,38.27942962646485,17.73842296600342,2546.7466724395754,5149.64634604454,9000.771521183104,0.3856858139391989,884.6457207825704,152.4388440966606
100.76167366068584,33.08878689082339,2.330301690101624,25.486359786987304,2.9692785024642943,1.7933342814445496,2.9401565551757813,0.5745345950126648,17.92466220855713,2547.839990234375,91.3518913269043,12.370357131958007,30.35370712280273,14.980092334747315,2627.187754821777,5353.027355480194,8650.99398880098,0.3133871024008395,884.9614052256911,153.91858819574117
106.43390083871228,29.09073692280799,2.29907283782959,26.59397068023681,2.949133563041687,1.086103582382202,2.563468599319458,0.5107321560382843,17.683247375488282,2914.8560302734377,90.73212356567385,7.2455309391021725,27.373396110534667,13.094717121124267,2691.4067974090576,5687.351926803589,8864.01438911073,0.2870580802733483,880.3273620661337,140.46787008494138
105.22009463045978,28.365162101364696,2.4666372299194337,24.997059631347657,2.7134790897369383,0.865017694234848,2.5496096849441527,0.4597482204437256,18.973033142089843,2778.0113525390625,83.48203811645507,6.037147283554077,27.062934112548827,12.04743595123291,2689.3620639801024,6333.22849407196,9228.922059437446,0.2664221095134613,876.6263457892898,135.9122034870088
98.60020257714442,34.83276017550379,2.4066267013549805,25.28634605407715,2.863904428482056,1.8112597465515137,3.1372106790542604,0.6070516705513,18.5114164352417,2431.4107177734377,88.10996932983399,12.497904777526855,32.433448791503906,15.885161876678469,2615.951124191284,5435.292706346512,8869.564334156177,0.3371305158099055,883.7216409835822,154.05062163472175
86.96599925095138,44.95623981133103,2.411781549453736,27.017069625854493,2.7944333791732787,1.9736096858978271,4.393796396255493,0.8143297433853149,18.550769805908203,2310.140112304688,85.97263641357422,13.618927001953123,43.04436798095704,20.607441902160645,2513.3012159347536,4556.548938751221,8756.055265629106,0.4316032761940732,889.3438561164785,157.35641410499812
101.70719120304628,33.29436256336048,2.449615716934204,26.794401741027837,3.095718669891357,1.8316588521003725,3.006793737411499,0.5873742282390595,18.84222984313965,2651.6259521484376,95.24191589355468,12.464938163757324,31.18040809631348,15.083224391937256,2627.190193176269,5389.719925403595,8684.838011743874,0.3273611437176423,883.6315213087051,153.90710650980472
108.46581202771168,26.48548698304221,2.2922163009643555,24.63067626953125,2.973624110221863,0.805103349685669,2.613390755653381,0.4641248106956482,17.630504417419434,2802.327099609375,91.48558731079102,5.578606224060058,26.770194053649902,12.022783660888672,2693.910316467285,6062.544497156143,8963.729137864522,0.272083891017884,876.922143435193,134.03300181925297
96.8289602058701,32.97481342991814,2.47855281829834,25.015140342712403,2.9857798337936403,1.7659096717834473,2.9772277593612677,0.5414787709712983,19.062911415100096,2420.551245117188,91.85955505371092,11.850244617462158,30.56573429107666,14.243533992767334,2607.8370405197143,5441.899750757218,8809.088482005522,0.3090037929964371,883.4640737296643,152.70376804172992
100.64318700757865,29.875649764761327,2.487306332588196,25.555719947814943,2.829373025894165,1.3620406985282898,2.8966396331787108,0.5153355121612548,19.13170909881592,2606.850390625,87.0475975036621,9.323674774169922,29.2878381729126,13.548936462402343,2651.6188238143923,5791.651002073288,9110.3680448398,0.2980975021783704,879.7149001953283,146.6286245085299
102.12002490156122,28.489816838642582,2.3779332876205443,24.276670265197755,2.8405353307724,0.91771599650383,2.48848819732666,0.4765261143445968,18.29026508331299,2613.9953125,87.3910125732422,6.198386526107788,26.83006057739258,12.398853492736816,2682.749207496643,5894.487513971329,9030.675535402075,0.2723417099888285,878.1730687750314,136.58745824173093
99.23191095000207,31.597680207015948,2.4606791734695435,26.36919612884521,2.9297799825668336,1.5966804265975951,2.851121044158936,0.5482823014259338,18.9270170211792,2624.56396484375,90.1367042541504,10.658486652374268,29.91567668914795,14.375064373016356,2632.821085739136,5774.760436534882,9050.112230492756,0.3073304438917496,881.457266707029,149.9506021156907
102.59220492314948,25.37475294987671,2.300723433494568,23.83395118713379,2.818990635871887,0.5920495092868805,2.4528488636016847,0.4227872610092163,17.69718532562256,2710.358349609375,86.72820358276367,4.0160435199737545,25.69289302825928,11.010461235046389,2675.737850189209,5991.660869073868,8861.722715284117,0.2502055825956631,877.4352461372004,126.63140013404193
104.05226506975391,31.36089223907329,2.3050585269927977,26.34539966583252,2.8581361770629883,1.482230043411255,2.807578206062317,0.5296607673168182,17.73040828704834,2801.39072265625,87.93252334594726,9.983046054840088,29.348658180236814,13.85262393951416,2691.54027633667,5867.383629703521,9157.561236191726,0.2922909820312194,879.6488397307094,148.1760081835091
105.98594737505098,27.76351420180872,2.4731932878494263,23.857259941101077,2.8886932134628296,0.8231094181537628,2.525622510910034,0.4533078283071517,19.02364444732666,2717.7977294921875,88.87260971069335,5.523988389968872,26.53366794586181,11.846753978729248,2686.835561370849,6197.465255498886,9061.59495902136,0.2589571409344799,876.2867249274829,133.71201842054725
103.98827409720168,29.930532595375556,2.476966071128845,25.00522346496582,2.94926495552063,1.3110679864883423,2.7785563468933105,0.5286122977733612,19.051831245422363,2661.0344970703127,90.73615188598632,9.029626750946044,28.604647064208983,13.823773002624511,2671.4910650253296,5756.385297441482,9011.56200049352,0.2920304603167714,879.6140859990195,145.82896183803678
96.5876371904885,36.19317145291716,2.4097530841827397,25.793433380126952,2.958107447624206,1.7547810077667236,3.423699855804444,0.6154158413410187,18.5354118347168,2435.0927978515624,91.00826034545898,11.625085830688477,34.148672866821286,15.837514972686767,2577.8072257995605,5320.13437628746,8850.032159130089,0.3549244297854578,884.6059430406931,152.59037150740625
96.8230644793666,36.89355587046593,2.3283403158187865,27.08744258880615,3.063186264038086,1.9769121408462524,3.2342100620269774,0.6043319225311279,17.909594917297362,2570.26689453125,94.24099349975586,13.687220573425291,33.17418937683105,15.890280723571776,2603.8329204559327,5575.664907836914,9070.89121281933,0.3386483030053795,883.5572791528514,156.1158046156168
90.51053791179818,39.22004475165159,2.292690753936768,27.24131317138672,2.9583494663238525,1.930528557300568,3.905506420135498,0.6717569231987,17.634272575378418,2423.456884765625,91.01564559936524,13.23815336227417,38.06270790100098,17.295722007751465,2529.7312173843384,4681.67693901062,8694.499639409221,0.4009735855448525,887.9444012603748,156.16797900497914
91.10638461902208,39.58143735891208,2.461327075958252,25.46285457611084,2.859948420524597,1.863052344322205,3.6843080043792726,0.6527770221233368,18.93251037597656,2280.285986328125,87.98827743530273,12.499015808105469,36.58070602416992,16.896285438537596,2559.470194244385,4899.675843858719,8853.652530149371,0.3960236084763892,887.4432750525084,154.82365681827068
105.64318681969908,26.9135567837162,2.335416913032532,25.84125804901123,2.8554468393325805,0.7112627446651458,2.375669765472412,0.4730766475200653,17.963851356506346,2931.9204345703124,87.84972305297852,4.8724329471588135,25.412105369567872,12.390225887298584,2688.497240829468,6010.928378391266,8898.726921070926,0.2573897122434573,877.9016801215306,130.9248448546976
93.50156505974512,36.208822472579776,2.448636054992676,26.00715293884277,2.9198076725006104,1.839373815059662,3.5268994331359864,0.6240040838718415,18.83359909057617,2386.366870117188,89.82986221313476,12.763049411773682,34.61009407043457,16.362736701965332,2550.611353683472,4850.438998126983,8638.998360435293,0.3720456181428744,887.6791378271198,155.19806397855282
96.4711235512456,35.70035184030421,2.294296622276306,26.40784969329834,2.9143388509750365,1.7022008895874023,3.178862738609314,0.6323298573493957,17.646699905395508,2493.694018554688,89.66163024902343,11.30198268890381,32.83190269470215,16.213373756408693,2625.4381658554075,5541.967928218842,9008.997288573348,0.3309991629407959,882.9897749800642,151.65307170003652
106.58436809539891,28.526154692750424,2.279292917251587,24.966240310668944,3.030403900146484,1.177931296825409,2.767857170104981,0.5128019750118256,17.532125091552736,2740.7087646484374,93.23244552612304,8.051239967346191,28.485396957397462,13.307381439208983,2692.4259136199958,5780.549362802505,8956.251026123948,0.2875459925028804,879.4865180071354,143.03068068325518
101.1822605861334,33.001964214164765,2.337711882591248,25.345423316955568,3.059883880615234,1.7733812093734742,2.962158131599426,0.5671528100967407,17.981188201904295,2509.6623779296874,94.13941192626952,12.266712474823,30.67815742492676,14.765814971923827,2613.300018310547,5233.85867729187,8567.56209662687,0.3211244932680339,884.8042146626801,153.67941666096448
100.456425463297,33.38549274690449,2.327139139175415,25.986355781555176,2.8765784740448,1.9242430925369265,3.048419833183289,0.5926685214042664,17.898901176452636,2554.7019775390627,88.49989471435546,13.357361793518066,31.295428466796874,15.22138843536377,2647.314676094056,5242.30410451889,8654.640138053335,0.3213972004893785,885.1011679803181,155.6707538127899
99.27098610820642,31.29120578612201,2.4636707305908203,25.373362922668456,2.792154335975647,1.543730092048645,2.9843838214874268,0.510800814628601,18.94863796234131,2518.56005859375,85.90252456665038,10.41519899368286,30.23559703826904,13.485824394226077,2629.129337310791,5607.380977582931,8854.913649099693,0.3062244979627577,882.5685238488862,149.5865481324494
102.17931957044075,32.70116099398583,2.5115933418273926,27.46829128265381,2.907959818840027,1.7810861349105835,3.1282493352890013,0.5868285357952118,19.31781730651856,2741.8192626953123,89.46537170410156,11.742888927459717,31.914913749694826,15.09394474029541,2642.0293464660645,5762.876044416427,9091.79130588714,0.3244995590070925,881.8062278765094,152.2996996715665
98.67640447034364,35.356514058168976,2.3023815155029297,25.223294830322267,2.9635727643966674,1.846029627323151,3.1288408517837523,0.5985862255096436,17.709156036376953,2453.650244140625,91.17632064819335,12.732074546813966,32.16310272216797,15.578652572631835,2639.4061500549315,6096.340350294113,9621.23813852463,0.3169268136935477,879.4056246744309,153.9473920091987
108.53126305841094,26.26956521871034,2.284697580337524,25.83838481903076,2.873927116394043,0.8238243699073792,2.5857796907424926,0.4771501541137695,17.57234630584717,2925.6662353515626,88.41832885742187,5.622016191482544,26.573870277404787,12.33957576751709,2697.193537330628,5948.418671607971,8906.614466394298,0.2737685036001494,878.1598545061948,134.28864717781545
105.36634978214948,28.630537364725026,2.3856685161590576,25.321740531921385,2.794727396965027,1.0559406995773315,2.639126515388489,0.4956674873828888,18.34963779449463,2788.06435546875,85.98168258666992,7.03428544998169,27.58006381988525,12.961410903930664,2689.31466884613,6033.733715867997,9106.272744497284,0.2749767603272982,878.6445039544509,139.5995961740613
96.74821290850558,31.10545256100595,2.362397074699402,26.99950828552246,2.7552407026290893,1.4139100790023804,2.7968940258026125,0.5152659237384796,18.17118549346924,2631.79033203125,84.76688156127929,9.354788875579834,29.007217788696288,13.425419235229493,2585.407788467407,5433.761847639084,8690.88774099555,0.3010551345952533,883.9403316981658,147.15547775551676
99.97797092708954,33.22836451064795,2.502678155899048,25.989906883239748,3.0261607646942137,1.7285420894622805,3.083953523635864,0.5651177167892456,19.249854850769044,2542.7727294921874,93.1019271850586,11.80376148223877,31.19362621307373,14.897333431243895,2639.319099426269,5705.99125995636,9124.6268081557,0.3382966755757399,881.6913389051773,152.38010271638632
92.08400392969898,37.32648819675669,2.4444735050201416,25.15229110717773,2.972639775276184,1.840454697608948,3.436717081069946,0.6289839446544647,18.80242347717285,2283.4086181640623,91.4553123474121,12.75978183746338,34.31835823059082,16.557965087890626,2563.8284046173094,5289.890826129913,8983.788797542826,0.3487213577412466,884.8294372931108,154.80942374616862
112.2622185538672,26.086235999292693,2.4624096393585204,24.55611915588379,2.728349232673645,0.6485324680805207,2.4402064085006714,0.4288153618574142,18.939371871948243,2893.933959960937,83.93953857421874,4.299458360671997,25.66164245605469,11.372577571868897,2709.572335624695,6235.93344912529,8977.080865948461,0.2657762650283984,875.9266515909309,128.00255254283547
110.2862449134516,27.16328668834176,2.411540508270264,25.554077339172363,3.0074207067489622,0.8192855775356293,2.4502589464187623,0.4858156979084015,18.548407554626465,2935.5406494140625,92.52537841796877,5.539469194412232,26.05747413635254,12.523258399963378,2707.8935964584352,5999.133416318893,8913.41881527286,0.2757981920673046,878.0128284503841,133.8772058621049
99.37780637652229,33.62524380693212,2.4738428592681885,26.00859260559082,3.0495047092437746,1.871620535850525,3.1095742702484133,0.5639493763446808,19.026912689208984,2525.0303955078125,93.82010421752928,12.850549697875977,31.44290065765381,14.859478855133055,2614.957956314087,5290.197083950043,8720.990236478672,0.3297356306926978,884.8478575958536,154.76495877206327
97.78113468332288,36.290337472967806,2.500006437301636,26.28960227966309,2.820415163040161,1.807917594909668,3.221452760696411,0.6154672503471375,19.22914123535156,2512.288159179688,86.77202682495117,11.947640419006348,33.40351524353027,15.992217540740969,2619.162417602539,5576.331895685196,9026.863393211925,0.3347267691805783,882.9482916551824,152.95506504178047
103.2991266965448,29.974831660371272,2.407000494003296,25.980514335632325,3.0125261783599853,1.3054163813591004,2.74551055431366,0.5258842051029206,18.51343536376953,2731.4064697265626,92.68241806030274,8.677014255523682,28.357982063293456,13.781360244750976,2644.563523864746,5242.022563409805,8394.737390496395,0.2949777562986128,883.682322930609,145.28286643102766
102.49910077176816,30.357785406382757,2.37282247543335,25.961186790466307,3.059552049636841,1.5608189821243286,2.905998873710632,0.552508544921875,18.25069351196289,2620.053100585937,94.12922592163086,10.764716720581054,29.96720790863037,14.165167236328124,2650.705365562439,5133.507605361939,8453.082974397763,0.3169361462889355,885.2580065023146,150.7635880060494
104.5151667904544,28.21214514952153,2.4961129426956177,24.75702819824219,2.9500353813171385,1.176455593109131,2.738860464096069,0.5076290786266326,19.19874782562256,2629.133862304688,90.7598976135254,7.752414655685425,28.11366367340088,13.064838695526124,2673.2866184234617,5761.371284484863,8966.576872826554,0.2957602744925685,879.129281421189,141.98980612233282
103.64744448652384,27.767506522429176,2.311011266708374,25.633663940429688,2.7609861373901365,0.8894334137439728,2.5945550203323364,0.4563099890947342,17.776244926452637,2718.9999267578123,84.94359283447265,5.953835248947144,27.027693939208984,12.04111442565918,2655.79980430603,6063.752937936783,9132.917598575168,0.2867777450290606,878.3634224676773,135.63973335549235
87.96153675792466,45.42558770324104,2.40706205368042,26.64769401550293,2.880831408500671,1.9102015733718871,4.354830169677735,0.766916936635971,18.51471328735352,2297.799951171875,88.63076782226562,12.882438945770264,42.88846664428711,19.37590293884277,2507.5116052627563,4529.165265464782,8747.065313977562,0.4466141042998061,889.0462096050542,156.03029745966197
99.92477539675129,34.658891066443175,2.3357675075531006,26.44148960113525,3.1266830444335936,1.7866003870964051,3.4151215314865118,0.6075393676757812,17.966106414794922,2569.171533203125,96.19453125,12.094832706451417,33.72715797424316,15.84776439666748,2596.4683488845826,5134.327424716949,8653.687842859701,0.3620503882491538,885.0951202906697,153.52543691396713
97.78780054994496,34.7909197403118,2.273228168487549,27.08460750579834,3.0405301570892336,1.7231372594833374,3.415764570236206,0.6194535315036773,17.484102249145508,2586.4448486328124,93.5440055847168,11.492854118347168,33.98896026611328,16.036183166503907,2617.6695659637453,5429.61000905037,8911.45522749927,0.345124818551444,883.4620045443546,152.12105130255222
103.94210110850928,29.074423948442565,2.4008516550064085,26.84557113647461,2.97149121761322,1.2790541529655457,2.7941859006881717,0.5293959975242615,18.467054176330567,2789.6759521484373,91.41999053955078,8.798944473266602,28.991596221923828,13.525144100189207,2646.5192684173585,5428.584453725815,8538.259050677716,0.3026657836715458,882.5784273855836,145.55229035690428
93.7860304524532,36.05347932484001,2.283685207366944,26.27212257385254,2.8323198795318603,1.9637118339538573,3.2300684690475463,0.6148997247219086,17.5646915435791,2421.433666992188,87.13826293945313,13.496339797973633,33.17060737609863,16.177390098571777,2589.4820154190065,5199.741339111328,8848.213849783875,0.3449289450340062,886.4190729733673,156.20211844444276
109.1876779776106,26.7337285483256,2.344207286834717,25.23569564819336,2.982568287849426,0.7589536726474762,2.447116255760193,0.4511525362730026,18.03100452423096,2879.6434814453123,91.76072540283204,5.029463148117065,26.147492790222167,11.782275199890137,2694.116866874695,6044.619075250625,8938.941953998805,0.2717918557726079,877.8674523447237,131.62358843535185
103.13212908855483,29.38298373850994,2.465721535682678,25.690125465393063,2.979633522033692,1.0674393773078918,2.6652714014053345,0.4790570855140686,18.965779304504395,2694.979345703125,91.67044601440428,7.230865526199341,28.01490020751953,12.468809795379638,2641.791345214844,5910.890641212463,9078.434498638471,0.2953365464936918,879.8026084451994,140.46986820325256
92.42113660969878,38.532761914469305,2.50061297416687,26.89298782348633,2.990999746322632,1.6884055137634275,3.779391145706177,0.6584525585174561,19.232808113098145,2435.9826904296874,92.02015609741213,11.271438598632812,36.772822570800784,17.173809432983397,2540.877801132202,4938.629052257538,8819.826260937192,0.4019051169103477,887.1293397817659,152.3507705271244
109.7050174504974,24.517988154105844,2.3754460334777834,23.628656578063964,2.7389418363571165,0.5333115458488464,2.351592469215393,0.401002037525177,18.270789909362797,2809.194018554688,84.26543579101562,3.509328293800354,25.31185321807861,10.600978469848632,2706.9506797790527,6215.918587779999,8880.169769796916,0.2567119721905328,875.5534967421852,123.78022728189826
102.14101242453232,32.7056238993071,2.379117965698242,25.333602142333984,3.0039723396301268,1.818859910964966,2.963499140739441,0.5749095022678375,18.29869079589844,2546.557666015625,92.41926040649416,12.134736061096191,30.3748613357544,14.95217924118042,2657.571018218994,5952.483080673218,9357.516809576937,0.318642643567769,880.1812856185439,152.7501186788082
92.78116314640428,36.42329652551562,2.311474323272705,26.539270210266118,2.9366290092468263,1.8231205940246584,3.54928195476532,0.5958853244781495,17.77936363220215,2422.96591796875,90.34740982055663,12.356163501739502,34.729081344604495,15.745525550842284,2543.550966835022,5021.707988929748,8787.482927182875,0.3550121985087242,886.3127604237809,154.2533093512058
98.89429258414518,32.1342426023446,2.466615676879883,26.9099494934082,2.901587700843811,1.944688081741333,3.1163880825042725,0.5818416595458984,18.971309661865234,2608.889721679688,89.26934814453125,13.398887062072754,31.36667232513428,15.08768606185913,2623.9143550872805,5675.510277462005,9034.385696942732,0.3324039184915618,882.283393550053,155.33670487999916
108.92271701765276,27.41843240109738,2.323324751853943,24.555275917053223,2.8575584173202517,0.8309764206409455,2.4867843866348265,0.4822654575109482,17.870912551879883,2865.9168212890627,87.91473846435547,5.756890916824341,26.467069244384767,12.532328605651855,2706.8398948669437,6066.797749185562,8930.243188802526,0.2595935086428653,877.0472439610188,134.82378471381963
92.2829525386352,37.46546266749501,2.4155831336975098,25.151974487304688,3.0025859117507934,1.8228533744812008,3.648078083992005,0.6287578701972961,18.579833984375,2279.452392578125,92.37661285400392,12.748597621917725,35.91847724914551,16.317891120910645,2522.55251121521,4917.26374707222,8741.124697488547,0.3855034719454124,887.7291586273517,155.238335826993
104.0599218531629,27.704415878257716,2.379220485687256,26.178171348571777,2.959609317779541,0.9355909526348114,2.635697627067566,0.4865209281444549,18.300166511535643,2854.8078125,91.05441513061524,6.487547206878662,27.24942054748535,12.523237133026123,2658.243719863892,5560.066590404511,8491.15693427194,0.2734682219917886,881.3527143118579,138.07761533483864
102.37502670327964,31.370575643423944,2.302907466888428,27.351533699035645,2.993799567222595,1.5165470838546753,2.844476819038391,0.5362210273742676,17.71351013183594,2800.78271484375,92.1062843322754,10.199013328552246,29.448267555236814,13.82002649307251,2657.3596364974974,5578.589577627182,8765.39930003248,0.304872640148324,882.6281243778507,149.07826250195504
90.45354241205936,39.19786677407101,2.457414150238037,25.997540855407717,2.873675894737244,1.8799238204956052,3.5264962911605835,0.6864279091358185,18.90115737915039,2318.5321533203123,88.41057815551758,12.751554489135742,35.9540355682373,17.838846588134764,2541.5146276474,5175.646991205215,8969.674211439491,0.3688128826654161,885.1185894893497,154.9331791371107
104.06694675187204,26.97065865031909,2.2739491701126098,26.731955146789552,2.9330490589141847,0.8668938040733337,2.615049266815185,0.4756704062223434,17.49088649749756,2875.135229492188,90.23724899291992,6.041084957122803,27.030716133117675,12.467506599426269,2653.940513420105,5809.786061191559,8909.29252797179,0.283161784850514,878.5879166116756,136.0445218488574
109.69805839785658,25.613687779009343,2.3112542629241943,25.23093948364258,2.7743021726608275,0.6627243161201477,2.4995742559432985,0.443485277891159,17.776805877685547,2933.7079833984376,85.35330352783203,4.608428478240967,26.087782096862792,11.46820821762085,2701.949811935425,6355.207374000549,9043.159121244773,0.2612816473963903,876.1867069715314,129.61228284835815
105.3027884485252,28.356156292185187,2.4700761318206785,25.566430854797364,2.8964999675750733,0.8382274627685546,2.476382350921631,0.450764861702919,18.99932117462158,2881.6580322265627,89.11282806396484,5.813060235977173,26.9989652633667,11.85284776687622,2694.1041149139405,6129.501936388016,9080.409372206592,0.2613389892707346,877.0821073773666,135.11905358284713
102.0614827050697,31.21747242184356,2.488407039642334,26.63762168884277,2.8917458295822143,1.4155094861984252,2.869187092781067,0.516945892572403,19.13898582458496,2744.394384765625,88.9665542602539,9.74536771774292,29.448877143859864,13.53210515975952,2664.613101768494,5808.080961942673,9137.264506015368,0.2990934481988222,879.9565999596125,147.693591453135
110.8736537335678,26.42126079262234,2.293300652503967,24.437238121032717,2.7972253561019897,0.7462078094482422,2.5655659675598144,0.4369846314191818,17.63856735229492,2861.29599609375,86.0585548400879,4.957484769821167,26.43466396331787,11.512095069885254,2703.922409439087,6219.0934959888455,8999.071439236403,0.2653851958719315,876.2573485069843,131.16959224641323
104.3641288859595,28.013858094066386,2.365190362930298,24.819312858581544,3.0230127573013306,0.9942187428474426,2.730276131629944,0.4667069345712661,18.191597175598144,2633.385791015625,93.0050521850586,6.80771279335022,27.842711448669437,12.32827081680298,2648.405435371399,5490.498361444474,8531.946524530835,0.2932886322960257,881.7789766674941,139.2359280064702
101.4839262132281,28.630056077055634,2.278582119941712,26.15966567993164,2.9095233917236327,1.1389594435691834,2.7744332551956177,0.5037184059619904,17.5263463973999,2674.2279296875,89.51350402832031,7.923267316818237,28.50687885284424,13.20218210220337,2638.890237617493,5430.521373081208,8591.802957585827,0.300312463924638,882.2973831801625,143.03184515088796
109.05316086199151,25.909545075288044,2.343583655357361,24.648765563964844,2.8213780403137205,0.7344362020492554,2.4937219619750977,0.4499601483345031,18.02571392059326,2801.3868896484373,86.80161361694336,4.879535818099976,26.19005298614502,11.820069408416748,2682.8113874435426,6192.247382211685,8999.180133990385,0.2732122661662288,876.8298337577774,130.9169106423855
98.69429257624408,30.293855164339767,2.4802135705947874,25.33372802734375,2.905678725242615,1.372124183177948,2.84010853767395,0.5070413291454315,19.076233863830566,2507.846044921875,89.39520034790038,9.145007133483888,29.185880661010746,13.334873390197751,2618.221336555481,5475.591267204285,8731.983910315297,0.3023987668857444,882.6591786329249,146.4961465165019
96.4685694038598,32.88152116807178,2.301988625526428,25.79556064605713,2.872899866104126,1.8053079962730407,3.033711934089661,0.53062784075737,17.7058406829834,2508.0759521484374,88.38675079345703,12.049665164947507,31.189004135131835,14.073936939239502,2632.0529396057127,5707.832756185531,9125.14895565547,0.3080167157096621,882.0487289511497,152.88955689519645
105.84587946388712,25.406562605081128,2.260231804847717,23.36538181304932,2.600677227973938,0.5973149299621582,2.3582451581954955,0.4496121793985367,17.385658264160156,2758.520654296875,80.01160888671875,4.097374248504639,25.28932838439941,11.543468761444093,2697.389140892029,6003.047024297714,8805.859415244126,0.247515005239984,877.6149584312456,127.11599524356424
102.94257659827728,28.87532592904754,2.3037574768066404,26.06570987701416,2.9276224851608275,1.0515653371810914,2.707958126068115,0.4896332710981369,17.71991729736328,2725.760888671875,90.07031784057617,7.2915846824646,28.074282264709478,12.706411647796632,2663.0707902908325,5482.577016305923,8571.864906759001,0.2913830072735436,882.0509378642589,140.97025247141718
99.18805190159988,32.292617856385185,2.4301291704177856,25.338633155822755,2.921971607208252,1.7310017585754394,3.045931577682495,0.5360863447189331,18.69211521148681,2457.5741455078123,89.89644775390624,11.727964687347413,30.790639877319336,14.016444492340089,2606.514403533936,5358.801018571854,8729.395577369072,0.3240158286766512,884.6315040526722,152.61777592152356
98.25210480641984,33.45834672488272,2.4960567951202397,27.3142692565918,3.1000789642333983,1.8188635110855105,3.300027632713318,0.5800068616867066,19.198455810546875,2619.277709960937,95.37605361938476,12.188344955444336,32.34768409729004,14.94860486984253,2583.461348342896,5122.347892713547,8639.542938152328,0.3494125930809587,886.3393257047683,153.82357655763627
101.66192428138024,32.42336773318239,2.2908474683761595,25.222868537902837,2.8841986656188965,1.6807523965835571,2.8499017000198363,0.5671832680702209,17.619553565979004,2589.70390625,88.73433456420898,11.39968957901001,29.897452354431152,14.85695209503174,2673.6708866119384,5861.692734384536,9232.884277937748,0.3025174997126542,880.0534547046809,151.32554384768008
102.44438637268368,31.330462492397054,2.36378026008606,26.80441818237305,2.7815274000167847,1.413970410823822,2.779494380950928,0.5215258061885834,18.180245208740235,2760.019213867188,85.57559738159179,9.773903560638429,29.53481559753418,13.46097526550293,2668.437133598328,5818.92130599022,9147.335101079196,0.3028404247670679,880.0718510882791,147.8060918517411
111.50257178876696,27.024078358802942,2.47144193649292,23.922793769836424,2.938856911659241,0.7381130814552307,2.3704386949539185,0.46650570333004,19.008788108825684,2831.95791015625,90.41592559814453,4.8996693134307865,25.507234954833983,12.156228923797608,2718.177115631104,6220.021384382248,8982.138659415952,0.2627666319400304,876.1984149707707,130.94657206907868
95.95970593919574,38.36999676628038,2.3380613327026367,26.364495277404785,2.9159127950668333,1.8507294654846191,3.413235831260681,0.6477651715278625,17.984079360961914,2478.135229492188,89.71005172729492,12.920188903808594,34.85814323425293,16.825686645507812,2591.287907409668,5202.696321344376,8836.969019185752,0.3480048891051693,886.2254287387041,155.31966195106506
106.76603982419948,27.564928348641843,2.3166633367538454,23.824681282043457,2.880322670936585,0.9268959045410156,2.515336036682129,0.4853397667407989,17.818587684631346,2737.7895751953124,88.6151023864746,6.112099742889404,26.70400733947754,12.618123149871826,2695.0512458801268,5934.490599012375,8905.96386829894,0.2587286303195789,878.3053248210672,136.21711136251687
105.23686071653307,29.522918068943547,2.4208415746688843,26.30196800231933,3.032698655128479,1.3251242518424988,2.846451258659363,0.5142328619956971,18.62050666809082,2837.8998046875,93.30302810668944,9.031496810913088,29.423386573791504,13.28699083328247,2694.502012252808,6203.31213555336,9300.32367058415,0.2870409103427748,877.5776930676755,145.6055768057704
102.27966316769108,33.361251547653225,2.3975350856781006,27.088134384155275,3.0727916717529298,1.8258672952651975,3.0519084692001344,0.5966632664203644,18.441431045532227,2738.2571044921874,94.5365707397461,12.726724624633787,30.904850578308107,15.616204071044924,2660.4114070892333,5501.107378005981,8828.85743889194,0.3140810093733636,883.2519162298595,154.32245024442673
106.28044679708856,27.99169930203352,2.365192937850952,24.282194328308105,2.796969723701477,0.940799343585968,2.52833776473999,0.5007851839065551,18.191877365112305,2748.7079833984376,86.05069732666016,6.485400438308716,26.854656791687013,12.851770877838137,2700.496111869812,5766.242458963394,8819.3156980915,0.2627476087122787,878.8129685367894,137.71670772135258
107.72758437568493,29.735043775243685,2.4728150367736816,26.08628826141357,2.9584303855896,1.0068993806838988,2.5635097503662108,0.4698148697614669,19.020220947265624,2967.1139892578126,91.01813049316408,6.803441905975342,27.838493156433103,12.429654121398926,2704.2342372894286,6265.975687551499,9187.229274731317,0.2653192751079839,876.8566371323053,138.7153630591929
102.76739180796288,28.2599432209041,2.445621061325073,23.727462577819825,2.6856754541397097,0.9045298278331756,2.477946281433105,0.4713238269090652,18.81169490814209,2590.2003662109373,82.6266700744629,5.985872030258179,26.66596813201904,12.268570041656494,2670.7861808776856,5982.729290962219,9019.062138829566,0.2652288528604076,878.1874760309845,135.68716597035527
104.89556237848488,27.21817817222327,2.3796890497207643,24.58053131103516,2.6962899446487425,0.7565479278564453,2.44687283039093,0.4404093563556671,18.304320335388184,2785.174462890625,82.95321578979492,5.093655967712403,26.542838859558103,11.602536964416505,2677.251284790039,5994.283632135392,8897.191642860136,0.2534388587395919,877.8918379706178,131.93983369395136
88.87151730771227,38.7869862711057,2.3034603595733643,26.72125816345215,2.983333420753479,1.8877070188522336,3.7406991481781007,0.6596180617809295,17.717491149902344,2343.1385498046875,91.78427047729492,12.925786304473878,37.40361442565918,17.21282367706299,2499.237547111511,4765.960736751556,8724.616540122963,0.3856942590267863,887.9177848033498,155.58373682051896
91.8119559039233,38.68445985019207,2.4137277603149414,27.00789737701416,2.998257160186768,1.8963661193847656,3.460086989402771,0.6257332623004913,18.565025329589844,2443.20224609375,92.24342422485353,13.106575965881348,35.519348526000975,16.52091407775879,2568.526592063904,5253.089428424835,8983.71655238159,0.3577519310993607,886.2610016740146,155.6581937402487
97.08671696279984,36.39243541918695,2.436053276062012,25.33793811798096,2.923848605155945,1.8627270460128784,3.351052236557007,0.5943229079246521,18.736164093017575,2403.539697265625,89.95421905517578,12.929699897766112,34.115081787109375,15.728903102874757,2613.7768493652343,5356.428540039063,8953.300938655808,0.3590350539836428,885.0307825868119,155.06332641541957
94.4334101732771,33.49328590827063,2.289163589477539,26.494217681884766,3.016299819946289,1.9518229365348816,3.185311460494995,0.5475871503353119,17.607927322387695,2461.381396484375,92.79854583740234,13.576861572265624,32.10240135192871,14.387567710876464,2583.629502296448,5606.946551990509,9084.490487811714,0.333079201839052,883.689522396888,155.84102878719568
103.12427977089382,28.07121049594134,2.4721635580062866,26.570881652832032,2.861948585510254,1.0330047607421875,2.750740313529968,0.4756008863449096,19.01551551818848,2794.3644775390626,88.0498146057129,7.021481037139893,28.087109184265135,12.4473126411438,2659.377280426025,5721.549319839478,8953.400313809514,0.2940113382155315,880.2977290080165,139.8210913799703
91.74375972842113,37.19290192564949,2.490081787109375,25.63124980926513,2.828162860870361,1.7929207682609558,3.712635111808777,0.6643658936023712,19.152816772460938,2311.976123046875,87.01035003662109,12.18378448486328,36.26883964538574,17.220862197875977,2542.8198162078857,4971.601721096039,8807.443590295874,0.3803493613682803,887.4218137402102,154.2075448527932
102.41995521538294,30.07061326822732,2.3563437461853027,26.0307975769043,2.8507137060165406,1.1511417031288147,2.6585108757019045,0.5118783473968506,18.124341011047363,2784.784912109375,87.70414962768555,7.973606443405151,27.95546989440918,13.464426803588868,2682.4623682022093,5802.965357065201,9047.875745067558,0.2784729197487999,879.4257963198609,142.8059609055519
105.79001746023546,24.748956213370548,2.40287835597992,24.59632625579834,2.7323593854904176,0.5594544649124146,2.3788367033004763,0.4292296379804611,18.48189926147461,2796.963427734375,84.06288681030273,3.7713644742965697,25.232714080810545,11.180764389038083,2688.268213844299,5965.645042800903,8826.45351856798,0.2582399046630598,877.2613167852869,125.29353044331074
101.5369922646666,32.15252685984596,2.382510495185852,25.893289947509764,2.9998318672180178,1.7591184258461,3.021626830101013,0.5491229116916656,18.325585174560548,2594.7908203125,92.29189987182616,11.794811820983886,30.590045356750487,14.182025146484374,2631.295211029053,5357.833591270447,8645.857015741803,0.3158985175941801,884.7726638944165,152.76583360880613
93.1454976434096,41.13713669218123,2.5071065425872803,25.40704936981201,2.912107825279236,1.8408071994781492,3.984949350357056,0.6960829257965088,19.284046173095703,2314.2491455078125,89.59299545288086,12.809165000915527,38.90147132873536,18.00090103149414,2537.3202379226686,4834.232430505753,8768.61547808647,0.4112553396786097,888.0811647126299,155.53066551089287
94.24753206330712,39.96393840629607,2.300006985664368,25.35521125793457,2.9765298128128053,1.7113535761833192,4.069439935684204,0.7335123777389526,17.6902437210083,2336.04375,91.57494659423828,11.28390874862671,39.13525466918945,18.498620223999023,2540.7789890289305,4598.735271120071,8466.45900201667,0.3915831748628989,888.6653505311209,152.65531146079303
107.4430470246256,30.31374197448604,2.3434566259384155,25.657375717163085,3.023135709762573,1.3946944713592528,2.885856199264526,0.5321518123149872,18.025867652893066,2776.317456054688,93.00880432128906,9.637825393676758,29.24662246704101,13.766620349884032,2696.5670791625976,5895.694326686859,9113.606040263365,0.3002714170361646,879.3928693426942,147.31379468217492
93.83431960304112,36.216379293054345,2.487958669662476,25.905852699279784,2.818446135520935,1.6955950260162354,3.514154624938965,0.6175186634063721,19.137189865112305,2386.1528564453124,86.71141510009765,11.441344261169434,35.14723663330078,15.89502248764038,2567.801880073547,5055.058925056457,8749.844006036223,0.3528727593823584,886.0901779509062,152.46222022622825
102.25701077599236,29.11303421081975,2.5001616954803465,25.56970977783203,2.9878122568130494,1.1676170706748965,2.710213041305542,0.5098496615886688,19.230179595947263,2708.28251953125,91.92209854125976,7.925241279602051,28.122885513305665,13.383718776702882,2665.1839281082152,5398.058688354492,8538.028802829422,0.2833682118769502,882.2055776842262,142.9744491882622
99.20379517675596,32.53613301073201,2.482959675788879,26.046793746948243,2.915957760810852,1.5464624881744384,2.870796823501587,0.5219709813594818,19.09871711730957,2652.8612060546875,89.71144027709961,10.775556755065915,30.15742607116699,13.68108139038086,2672.5957874298097,6079.483070850372,9433.755552681909,0.2897314361011696,878.7718263245033,149.9925306916237
103.79591193017366,29.329252291796728,2.388274884223938,24.81666393280029,2.9729796648025517,1.1833430171012878,2.680821657180786,0.5208014011383056,18.36993103027344,2701.4584228515623,91.46575546264648,8.03644618988037,28.04546165466309,13.537725257873536,2675.9044773101805,5801.339408111572,8980.752091788687,0.27541422867525,879.4023422349146,142.99208746701478
91.23363735587564,37.54123644428328,2.481369733810425,27.070082092285155,2.9729156255722047,1.805988132953644,3.598448133468628,0.6093542754650116,19.08436584472656,2433.388354492188,91.4637954711914,12.40050926208496,36.05347595214844,15.913383769989014,2526.164528465271,4862.519977426529,8709.71486578025,0.3671479396842187,887.4847562563766,154.5702865228057
106.02421548790392,27.38308128162753,2.2700922012329103,25.93278102874756,2.940325975418091,0.8568626403808594,2.5570521116256715,0.4745649486780167,17.461190223693848,2886.647143554688,90.46113357543943,5.971525716781616,26.91749649047852,12.371603965759276,2685.398227119446,5701.246157121658,8798.48623597361,0.2752663236198714,879.8388813295471,135.89068738631903
95.75095775797244,33.80017241816968,2.3126935958862305,27.252117347717284,3.0103317499160767,1.9009580850601195,3.126122093200684,0.5819077253341675,17.788740158081055,2564.6959228515625,92.61492691040038,13.21800193786621,32.03647041320801,15.108264923095703,2612.6506759643557,5398.332770299911,8865.261426235735,0.3278913717740878,883.8999298489805,155.28115327060223
107.20344604132008,24.452017111331223,2.2762072563171385,25.40608692169189,2.697297954559326,0.5168149173259735,2.305468249320984,0.4039584964513779,17.50808334350586,2895.617724609375,82.98422241210938,3.4859504222869875,24.537248420715333,10.708048057556152,2686.7552947998047,6407.86622915268,9066.425004067272,0.2599002367933281,875.803645460069,123.74763090610504
100.15812122951934,31.760059094149614,2.3599709272384644,26.25924758911133,2.946622085571289,1.7847947359085083,3.0650069236755373,0.5627975225448608,18.15257740020752,2590.929833984375,90.65485458374025,12.057448768615725,30.728839874267575,14.608695888519287,2629.650241851806,5938.346246671676,9281.269523247518,0.3180876525433213,880.212505322405,152.62182771712543
106.7411899184836,27.87069204829168,2.4229026079177856,26.28489875793457,2.745596146583557,0.8522359251976013,2.525675368309021,0.4618835657835006,18.63670654296875,2963.5875244140625,84.47013931274414,5.747858285903931,26.62497653961181,12.012896919250489,2696.2110721588133,6044.190148258209,9018.824381700715,0.2654550273559148,878.148543325816,134.7812057428062
105.64963254508952,30.437520769611,2.2993980646133423,25.520832061767575,2.946068620681763,1.3395122647285462,2.807183957099914,0.5250701427459716,17.68674945831299,2763.77900390625,90.63780670166015,9.068963527679443,28.751837158203124,13.75478811264038,2684.722936248779,6173.05972943306,9294.46235161163,0.2851270728193267,878.3254689468919,145.76251768991352
105.45403582017158,26.116951778135263,2.420686459541321,23.802128028869628,2.763601016998291,0.7002857744693756,2.503175568580628,0.4414697259664535,18.61950054168701,2701.746630859375,85.02410278320312,4.7029530048370365,26.048512077331544,11.527752017974851,2691.509469604492,5940.047244501114,8860.633466679044,0.2572290164476726,877.6372293832843,130.097949449718
100.18027118380542,30.387361990800127,2.338798832893372,26.035395240783693,2.996261477470398,1.277084457874298,2.710644698143005,0.5073555052280426,17.989643096923828,2651.1772705078124,92.18204498291016,8.685114669799805,28.70885238647461,13.140890884399417,2650.2215410232543,5819.177329349518,9123.923978094756,0.298568004685393,879.6092194546618,144.88973441123963
109.5022724809336,26.81713515711017,2.256437373161316,25.512685012817386,2.9634981870651247,0.715314757823944,2.419488477706909,0.4638098537921905,17.355466842651367,2959.6548583984377,91.1740333557129,4.949774312973022,25.785125160217284,12.193779945373535,2706.598413658142,5990.691878461837,8902.929606802203,0.2641070109879365,877.8155382022458,131.27723243720828
103.3405771974158,32.66652270369232,2.4247992038726807,27.45903148651123,3.0048732280731203,1.779892921447754,3.0729153394699096,0.5559384405612946,18.65102767944336,2775.7296630859373,92.4469467163086,11.897961616516112,30.666370010375974,14.691142177581789,2640.745006179809,5540.212350797653,8808.069414986856,0.320743036020665,882.9772311193213,152.69465484321117
100.69710780984262,31.755563497869296,2.403463673591614,26.21144790649414,2.831929659843445,1.6012760400772097,2.8789724588394163,0.5412203013896942,18.486430168151852,2592.5901611328127,87.12626113891602,10.891990852355956,30.222570419311523,14.023325443267822,2622.1517503738405,5585.750586128235,8785.471991523915,0.3154379600819758,882.685978804564,150.65714973807334
92.15603546915834,36.48431003605947,2.4481006860733032,25.5155574798584,2.924075627326965,1.7082147598266602,3.537927174568176,0.657625949382782,18.829917907714844,2309.5936767578123,89.9611602783203,11.556427001953123,35.11371574401856,16.888047981262208,2546.875218963623,4946.448774051666,8736.446734417044,0.373879100944032,887.2023020169756,152.88113053590058
109.63478810709408,26.01105415888596,2.261266493797302,24.27722816467285,2.8469836473464967,0.6801345825195313,2.451969575881958,0.4485874742269516,17.39345817565918,2871.253173828125,87.58941268920898,4.6308187484741214,25.82660369873047,11.598822402954102,2705.435734176636,6002.347835111618,8838.63374620676,0.2587915894400794,877.6923471196062,129.78091048337518
99.41007749599451,32.60460812575184,2.50104660987854,25.34478359222412,2.9539095163345337,1.628123867511749,2.882509684562683,0.5356980443000794,19.236977577209476,2565.7817626953124,90.87905883789062,10.763002681732178,29.79851131439209,14.184724044799804,2657.449802970886,5859.598090791702,9225.830047795547,0.2983713283128694,880.7083214726426,150.05178382992744
99.47995932297528,30.44381180536002,2.4311742782592773,24.802788734436035,2.844666528701782,1.4736875295639038,2.830522346496582,0.5399293661117553,18.698265075683597,2499.7096923828126,87.51812362670898,9.891185760498049,29.22759456634521,13.979149532318116,2639.9009334564207,5580.63129734993,8745.681897427887,0.2960256360292232,882.3844905948281,148.27527590692043
91.40052192106312,38.64946195017546,2.4549901485443115,25.994829177856445,2.8369612455368043,1.7214088439941406,3.539436292648316,0.6358881771564484,18.883642196655277,2338.916845703125,87.28103561401367,11.382847785949709,35.55556526184082,16.680505561828614,2559.149471664429,4919.583015871048,8798.233164164983,0.3613724711787654,887.1301962918831,152.53625832945107
97.9045120083795,33.95179205052555,2.3972655534744263,26.196870613098145,2.9750967264175414,1.879355192184448,3.171703553199768,0.5837557077407837,18.43794822692871,2507.8973388671875,91.53088912963868,12.766977310180664,32.16779327392578,15.136216926574708,2612.23254699707,5263.86602101326,8744.93584154956,0.3330964482215278,884.9910961631874,154.69374446868898
96.10777945700384,36.51121995942667,2.448986053466797,27.548493576049804,2.92895565032959,1.806354641914368,3.4481077194213867,0.6253781735897064,18.83666610717773,2589.563818359375,90.1113380432129,11.844107055664065,34.40920066833496,16.38696346282959,2562.713700866699,4914.717712497712,8585.517025021836,0.3508385068838834,887.286364715593,153.43384889662266
92.52350119281203,36.7027782545425,2.4458014965057373,26.443217086791996,3.060141849517822,1.692065954208374,3.645552086830139,0.6651239216327667,18.8126220703125,2404.52744140625,94.147354888916,11.247633934020996,35.4784595489502,16.99742546081543,2537.322220802307,4963.524712705612,8710.291882330366,0.3666117079352261,887.188094512235,152.24872488379478
105.778029373925,30.10646648155525,2.4519615173339844,25.273731994628907,2.8371867418289183,1.3214994072914124,2.7097850799560548,0.5291429579257965,18.859335136413574,2727.5271484375,87.28795700073242,9.069628715515137,28.77771759033203,13.667099094390869,2689.519915390015,6091.385119104385,9222.705252661744,0.2871126483779743,878.2830915223021,145.8888333439827
90.6867000821098,43.24968586089089,2.510930061340332,26.7209831237793,3.018321323394775,1.6910375714302064,3.962314510345459,0.7825509548187256,19.313751411437988,2378.81630859375,92.86070861816408,11.210228729248048,39.80389938354492,19.61348476409912,2571.963757133484,4687.944636297226,8733.592510564438,0.4159308086149395,887.3630169788543,152.42234350591897
104.98510034898004,29.30942332749255,2.3252025842666626,26.001640701293944,2.927353429794312,1.3113118410110474,2.801893472671509,0.5220700800418854,17.884519577026367,2728.3856201171875,90.06205902099609,9.03606357574463,29.173669242858885,13.606896209716798,2654.3524877548216,5817.124261379242,9033.183655735103,0.307074068441823,879.7613513690242,145.86806511804463
107.70350656868892,28.56683367858641,2.265298676490784,24.922572517395015,2.7574330806732177,1.0487801551818847,2.6226402521133423,0.504775196313858,17.424588203430176,2818.349462890625,84.83430328369141,6.98463544845581,27.278766250610357,13.24067325592041,2702.482126998901,6126.536031675339,9094.691229118593,0.2710941393731104,877.5096036962643,139.41010282561183
104.32158808398545,25.4912951192935,2.4397288084030158,25.359634971618654,2.8701831102371216,0.6005739390850067,2.47979736328125,0.4288632154464721,18.765485954284667,2847.8197509765623,88.3031623840332,4.191114282608032,25.80280742645264,11.208864402770995,2682.988062477112,5778.271439504623,8761.777729173005,0.2607662331720348,878.074021934166,127.65551256053148
92.40895353233122,38.90622098934837,2.4715614318847656,26.439367866516115,2.815571928024292,1.8714884400367735,3.79668881893158,0.7055542171001434,19.01023292541504,2396.3401611328127,86.62301330566406,12.699554252624512,37.35693969726562,18.14576587677002,2532.3078090667723,4754.302220535278,8654.407074164414,0.383943987096427,887.8594074273453,155.22264609485865
97.10273375181052,34.128298312891275,2.3899502754211426,27.63563270568848,2.904861402511597,1.799723744392395,3.1007874727249147,0.559302830696106,18.383325576782227,2629.3736083984377,89.37006988525391,12.031712341308594,31.60975589752197,14.49122200012207,2590.289820098877,5443.191151237488,8843.95674390439,0.3226963703760535,883.8406701836997,153.13609105050563
106.15069293966386,27.479304214566945,2.378209972381592,24.79257621765137,2.8856999397277834,0.8848976194858551,2.5349229335784917,0.4814230501651764,18.293073654174805,2793.47578125,88.78054580688476,5.938610792160034,26.5555326461792,12.510773277282714,2683.704043960571,5606.222205877304,8720.335959970578,0.2690885736519703,879.7405037148368,135.7180028744042
106.42423301484244,29.338250214699656,2.340715384483337,26.60202865600586,2.8009592294692998,1.077999472618103,2.6127176523208617,0.4850186109542846,18.003984451293945,2880.077514648437,86.17343673706054,7.062883043289185,27.547737693786623,12.751726436614993,2690.0978618621825,5749.719720983505,8953.1482009165,0.2915335714367718,878.9784145097314,139.76042016297578
93.3627486384946,38.379778501112014,2.3907315731048584,25.75384330749512,2.870192360877991,1.898794269561768,3.849827647209168,0.6753223836421967,18.387789154052733,2352.324072265625,88.30341262817383,13.139055156707764,37.14713287353516,17.603842544555665,2537.845376014709,4673.010247135162,8619.306815124675,0.4109943850140553,887.8733564447939,155.9610702931881
105.1044913286,26.28528177428525,2.427809977531433,23.354671287536625,2.8221054315567016,0.7493860721588135,2.4032281398773194,0.4648317098617553,18.673433685302733,2722.4742431640625,86.82402038574219,4.910639715194702,25.90719814300537,11.97562837600708,2694.657114601135,6054.587734556199,8907.394666917437,0.2504886631970294,877.7956596296274,131.05256414338947
104.8254953112518,30.925387290818616,2.4274261474609373,27.793285179138184,2.8443886280059814,1.4443229913711548,2.80815966129303,0.5470195710659027,18.66967487335205,2880.111376953125,87.50958862304688,10.097334957122802,29.36454544067383,14.261569213867189,2674.7787761688232,5857.721801519394,9161.664052754082,0.3121027194496154,879.5357803553073,148.46535684466363
100.76808666282602,33.874800867959856,2.37898063659668,26.147876930236816,3.117297959327698,1.783219814300537,3.219367575645447,0.5967936217784882,18.298980712890625,2561.6704345703124,95.90577392578123,12.024358749389648,32.13130798339844,15.38873586654663,2640.0412561416624,5308.342243862152,8742.63767152261,0.3397346030194472,884.7712599812705,153.27085784077644
95.89831817668524,32.52102483748458,2.2759063720703123,25.521152877807616,3.009147572517395,1.7252058148384095,3.020533776283264,0.5454422652721405,17.505370140075684,2412.116162109375,92.57849807739258,11.835938739776612,30.6749059677124,14.178121185302734,2595.842547035217,5379.725437164307,8816.699355087801,0.3200273001170574,884.7582630233228,152.86992724388838
103.13187280261504,27.48448769962415,2.3554730653762816,25.368711853027342,2.807241654396057,0.9224321007728576,2.550541114807129,0.4796873658895492,18.11655731201172,2789.1432861328126,86.36670684814453,6.135827827453613,26.921171760559083,12.579369068145752,2673.732982063293,5969.612170028687,8991.732271413692,0.2633061733957978,878.2852634269933,136.35160859152674
103.63707463854824,26.99706995866727,2.2587984800338745,25.132825660705567,2.85194046497345,0.8724806427955627,2.553846788406372,0.4829009652137756,17.37446689605713,2700.2094970703124,87.74189453125,6.032374382019043,26.9250150680542,12.387632369995115,2661.255701255798,5653.402379512787,8789.837817670032,0.282952715549618,879.8643987575311,136.14904960095882
88.25670332467841,39.11114652683027,2.436898970603943,26.61277904510498,2.8680110454559324,1.8137514472007752,3.7852813959121705,0.7140017747879028,18.743693351745605,2316.4479736328126,88.23634719848633,12.324061393737791,37.2614330291748,18.0008544921875,2519.206809616089,4786.70777463913,8798.217606841028,0.3954320528398966,887.7820255730697,154.5266043648124
109.20253883623714,25.101340684876774,2.354539132118225,24.68940372467041,2.9317883253097534,0.6315435826778412,2.4462888479232787,0.4532306849956512,18.11108741760254,2866.943115234375,90.19850845336914,4.377817010879516,25.72166004180908,11.684567642211912,2693.059492111206,6120.076342058182,8885.883197601512,0.2606201940623577,876.4768446269854,128.49138615056873
95.30473802104332,33.87076172921807,2.428892135620117,25.80624904632568,2.927882981300354,1.8134987115859984,3.179333543777466,0.6058838486671447,18.682025909423828,2412.3164306640624,90.0783073425293,11.928516006469726,31.93002243041992,15.862678909301758,2570.82381362915,4965.9582312583925,8594.638441074454,0.3445603516376004,886.0935527329505,153.29742930978537
91.58475568791376,38.92806918355636,2.457845687866211,24.97814807891846,2.838025116920471,1.749310350418091,3.599401593208313,0.6388728857040405,18.905820846557617,2252.905419921875,87.31380081176758,11.815472221374511,36.07008438110351,16.64456787109375,2537.301044464112,5022.747264242173,8828.787238454632,0.3618334587750723,886.0398536740398,153.2881698191166
99.80610442689002,30.31637129490264,2.3500136852264406,26.508921813964843,3.0412479639053345,1.5084296584129333,2.904406690597534,0.528049373626709,18.07518539428711,2672.0841552734373,93.56608123779296,10.119195652008056,29.740627479553225,13.876922607421877,2637.304390335083,5447.69438290596,8689.618448612653,0.3016067823651376,882.8863893245077,148.91872071325778
100.97952592283784,31.4014679254964,2.317341089248657,25.411485481262208,3.019269251823425,1.5677883625030518,2.883826494216919,0.5451825737953186,17.824100494384766,2566.05810546875,92.88987503051756,10.687119483947754,29.777893257141116,14.055038356781006,2663.860708618164,5910.953186178207,9273.365306620111,0.3085307390776718,879.8693969011205,149.83156065046788
106.01594617638676,28.69926878102124,2.4184234619140623,26.499147033691408,2.810008668899536,1.1499867558479309,2.7932852268218995,0.4808369547128677,18.60233192443848,2854.2302001953126,86.45184936523438,7.707966136932373,28.70695209503174,12.61240882873535,2689.701719093323,6310.21107172966,9340.63923682887,0.2885067162325037,877.284386669379,141.78771633356808
106.22892962567826,31.085461185500023,2.497293853759765,26.412627601623534,2.836476254463196,1.652306079864502,2.963369917869568,0.5538289070129394,19.20893802642822,2791.110205078125,87.26615295410156,11.15080518722534,30.064990615844728,14.405475044250489,2682.628010368347,6031.09114060402,9301.60585498698,0.3052175221436637,878.8228780031386,150.77781974077226
94.61434965293896,39.08902137521655,2.311598777770996,26.34601345062256,3.0589017629623414,1.709957718849182,3.4884712934494018,0.6385360836982727,17.780040740966797,2446.6208984375,94.10919799804688,11.456533432006836,35.486534881591794,16.765720939636232,2579.784265327454,5069.720512962342,8799.016059134714,0.3514555300422981,886.0673765281302,152.5189384639263
100.4017968130722,32.60139320441522,2.5009122610092165,25.63131046295166,2.954339027404785,1.7362020015716553,2.962253212928772,0.541472214460373,19.235842323303224,2545.2031005859376,90.89226608276368,11.687836265563964,30.79729175567627,14.019978523254396,2622.327927398682,5306.658240556717,8638.56581486743,0.3153357343436356,884.5306655600958,152.5197361305356
104.1962617094255,29.94305315259844,2.304587388038635,24.920031547546387,3.0210944414138794,1.3880513668060304,2.7638129711151125,0.5380150318145752,17.72556037902832,2647.854248046875,92.94605178833008,9.182731533050536,28.66580467224121,13.937741661071778,2659.689277267456,5502.454296827316,8597.545962082222,0.2917307176251497,882.1126946378783,146.50900387465953
87.61062441934087,44.41859522685409,2.387656092643738,26.513102340698243,2.8674091339111327,1.841313624382019,4.146498680114746,0.8252377331256866,18.36546401977539,2290.2441650390624,88.21779556274414,12.138081550598145,41.222704315185545,20.51477222442627,2491.4244672775267,4561.862372112274,8647.4104501158,0.4245271345833316,889.6468822545273,154.8043221488595
98.98108208646455,31.26537658786401,2.403085231781006,26.02201404571533,2.8846688270568848,1.4947315454483032,2.868840551376343,0.543607622385025,18.48423023223877,2650.204931640625,88.7488395690918,10.326171875,29.443593788146973,13.969958686828614,2646.543553352356,5969.376582956314,9281.439859208464,0.2893019254316865,879.7526619075255,149.00120297521352
106.5406808006972,28.99174152719788,2.300609660148621,24.080800437927245,2.835164761543274,0.9805619180202484,2.5221818923950194,0.4756685256958007,17.695813369750976,2772.8919189453127,87.22577133178712,6.605106973648072,27.239411735534667,12.447245788574218,2699.3654695510863,5889.632089281082,8897.160313297249,0.2587374698981319,878.4445333133168,138.1545312575996
90.35899588378116,35.70621731979772,2.4108424186706543,27.0168909072876,3.0102426767349244,1.840899109840393,3.2839662551879885,0.5816241502761841,18.54341697692871,2411.70146484375,92.61216278076172,12.543540000915527,33.20749359130859,15.095179176330566,2553.063281440735,5201.312607240677,8946.498481173068,0.3554997199425189,885.1796305164804,154.35798576921223
100.32734859513693,32.21212125523016,2.4815285205841064,26.811478424072263,3.067838168144226,1.7917945384979248,2.944438624382019,0.5678563237190246,19.08560562133789,2634.8215087890626,94.38414688110352,11.8751482963562,30.385172843933105,14.719094276428224,2638.0967014312746,5836.038603782654,9203.01074870508,0.3270813747382536,880.6317586133591,152.32513815313578
107.04289785042828,28.36707904469222,2.3292641639709477,25.747958946228028,2.8804251670837404,1.0833616256713867,2.7180858850479126,0.4880494624376297,17.914844512939453,2808.8466552734376,88.61824569702148,7.316074848175049,27.852711296081544,12.835191917419433,2679.8900245666505,5609.093973016739,8808.597365733982,0.2940331033666294,880.3231929261092,140.81253774017097
96.68013672018984,34.58032252732664,2.3604676723480225,26.77216033935547,2.9058976650238035,1.803763508796692,3.24449508190155,0.5763764798641204,18.15487670898437,2530.362963867188,89.40190277099609,11.883374214172363,32.4381462097168,15.054047298431396,2569.8988805770878,5565.70680398941,8995.755027053132,0.3505061670304764,883.4592004418024,152.82972424924372
104.27691305943912,29.5105273833964,2.450427770614624,24.24652500152588,2.7783129453659057,1.0862890481948853,2.626916289329529,0.4921076774597168,18.84820671081543,2624.0421875,85.47669525146485,7.475284099578857,28.087751388549805,12.952553176879883,2686.292472076416,6149.623321199417,9216.9080857154,0.278289150120981,877.5904907875232,141.14972099959851
93.67070531863298,37.02893088329584,2.397836685180664,24.894637298583984,2.849943232536316,1.7996317505836488,3.512587547302246,0.6538119733333587,18.442285537719727,2289.8018798828125,87.68047256469727,12.51067066192627,35.10971870422363,16.964566230773926,2550.154752540589,4932.293987464905,8676.360163667798,0.3544406728688045,887.5148883794172,154.77122271507977
