Time,Site,leafC,stemC,leafn,stemn
2012-08,MD1,512.7304653,1768.970275,18.8856804,11.93729696
2012-08,MD3,277.6871943,5031.230403,15.28902181,32.92425102
