Time,OrgC,MineC,OrgN,MineN
2012-08,2339.086294,2633.604061,101.5701542,152.1038519
