NPP_pft0,NPP_pft1,NPP_pft2,NPP_pft3,NPP_pft4,VEGNSTR_pft0_Leaf,VEGNSTR_pft0_Stem,VEGNSTR_pft0_Root,VEGNSTR_pft1_Leaf,VEGNSTR_pft1_Stem,VEGNSTR_pft1_Root,VEGNSTR_pft2_Leaf,VEGNSTR_pft2_Stem,VEGNSTR_pft2_Root,VEGNSTR_pft3_Leaf,VEGNSTR_pft4_Leaf,VEGNSTR_pft4_Root,VEGC_pft0_Leaf,VEGC_pft0_Stem,VEGC_pft0_Root,VEGC_pft1_Leaf,VEGC_pft1_Stem,VEGC_pft1_Root,VEGC_pft2_Leaf,VEGC_pft2_Stem,VEGC_pft2_Root,VEGC_pft3_Leaf,VEGC_pft4_Leaf,VEGC_pft4_Root,SHLWC,DEEPC,MINEC,AVLN,INGPP_pft0,INGPP_pft1,INGPP_pft2,INGPP_pft3,INGPP_pft4
306.2599432207644,71.97103042267263,10.453742930386216,2.529551237821579,0.5216140336240642,43.260440063476565,68.3870635986328,24.621696281433103,10.903414821624756,10.32758855819702,4.395770406723022,0.7208101749420166,0.1058637239038944,0.3420258104801178,2.459436225891113,0.0690467245876789,0.0465451151132583,941.802197265625,3444.0905517578126,941.3374389648436,293.9519348144531,182.3427947998047,269.9324035644531,4.119416284561157,5.785795736312866,20.8959903717041,89.32409439086913,1.5687489628791809,1.082580304145813,512.1434836864471,1241.5019890114663,2319.583888332289,0.7434726643376053,1334.189306218177,281.73419947624205,18.07889325991273,17.755633676052092,1.4033687446266412
331.8915394509212,63.24878554940224,10.393974158447236,2.3097898051142693,0.4898107608780265,43.251132583618165,67.39493255615234,25.10856437683105,10.913231563568116,10.256843090057371,4.5492918491363525,0.6853607892990112,0.098377576470375,0.3188407361507416,2.313856720924377,0.0629752658307552,0.0487493965774774,1008.711865234375,3763.7249267578127,962.3812561035156,267.4877471923828,195.21334838867188,279.4783477783203,4.113245010375977,5.393266153335572,19.188698387146,79.50255508422852,1.3755839586257934,1.1754927039146423,517.5351454257965,1244.3017589569092,2343.2487694789306,0.7219777937978507,1341.678391676396,280.0837180361152,18.120205212384462,17.749146509170533,1.3965513451956213
323.4931160937995,68.74427536688745,10.537232386879625,2.254358634352684,0.4924951467080973,43.75620346069336,69.06617584228516,24.72610397338867,11.33204927444458,10.296084880828856,4.645726203918457,0.6996066153049469,0.1066321514546871,0.3186316877603531,2.2420572996139527,0.064857792109251,0.0492217779159545,1008.012274169922,4702.751953125,948.4380798339844,294.08055419921874,191.726318359375,295.1385803222656,4.115801811218262,5.854835748672485,19.39056282043457,76.03789520263672,1.4307068705558776,1.138033425807953,513.3795011520385,1259.6747555956244,2379.7251192792087,0.725836860993877,1339.0701310694217,282.40294867008924,18.060100010037424,17.68906658887863,1.395073375850916
324.3948293538764,65.69752066470683,10.333766729198397,2.6771640703082085,0.4687615627422928,45.47932929992676,68.81014556884766,25.06414051055908,10.716481399536132,10.588915157318116,4.305843162536621,0.7145015060901642,0.1013543717563152,0.3195374190807342,2.486650896072388,0.0640058271586895,0.0488400772213935,1039.4986572265625,4542.716552734375,958.3474426269532,271.9977752685547,188.71862030029297,262.82744750976565,4.118321704864502,5.552099418640137,19.260351371765136,93.40476150512696,1.3727023243904113,1.1255248546600345,515.9357821464539,1268.6318488880993,2407.3455463914665,0.7442168068140745,1341.280298615247,279.63755670785906,18.060592376440763,17.760706102848054,1.3921740694437177
323.0796451434493,65.33673163577915,10.248511510901151,3.301226112246513,0.5230965312104672,44.7112476348877,68.47591705322266,25.33910751342773,11.266004180908205,10.73955488204956,4.494275093078613,0.7177107453346252,0.0986191064119339,0.3176787853240966,2.5558873414993286,0.0650824591517448,0.0474901288747787,1036.2765625,3911.9781494140634,965.0000610351562,282.97247924804685,200.69595184326167,284.7778350830078,4.1188740730285645,5.388560199737549,19.21822910308838,108.03402099609374,1.4819002747535706,1.139364767074585,513.9859532356262,1254.1037061080335,2386.5280581772795,0.726983541669324,1338.0728042826056,281.05273264721035,17.994036316126586,17.76869728565216,1.3928227610420436
328.0266076538712,65.14651059135795,10.275416620168835,3.0508193999528883,0.4564104220713488,44.11990509033203,72.73030014038086,25.137858581542968,10.362241554260256,10.217606544494627,4.422131061553955,0.7382668852806091,0.0990069784224033,0.3111793756484985,2.4631643533706664,0.0655035562813282,0.0486879702657461,1020.9954895019532,4609.384521484375,957.7869995117188,264.368212890625,160.46595611572266,269.5491607666016,4.122232437133789,5.411695909500122,18.75085506439209,99.61848068237305,1.3805392980575562,1.123664426803589,515.7792597532273,1253.552892524004,2357.0945186346885,0.7486127950251102,1340.8264440461994,276.5662063747644,18.080212086439133,17.797209918498993,1.3937966393772512
340.36780676320194,65.83290057703853,10.349128612224012,2.365715217590332,0.4726620894158259,48.74542121887207,73.19132614135742,25.68316650390625,10.869903087615969,9.961525917053224,4.363250732421875,0.7146501541137695,0.1035617992281913,0.3134529083967209,2.369024419784546,0.0614059329032897,0.0488994251936674,1135.8571533203126,4964.452880859375,982.8480102539064,274.7716400146484,188.98273620605468,276.4999542236328,4.118376302719116,5.665193796157837,19.038443756103515,82.81106719970703,1.3180355072021483,1.1843131184577942,513.1969274520874,1270.3892590686678,2437.042849830695,0.8292003027629107,1344.9224091432989,279.7138350442052,18.01053529307246,17.68090957403183,1.3857142837718128
307.7834324169904,74.93434205688536,10.169985829666256,2.9260581374168395,0.5198136093677022,46.23963012695312,71.42325057983399,25.199742317199707,11.203968143463134,10.486756801605225,4.621511459350586,0.7325450241565704,0.096950951218605,0.3164011716842651,2.59018394947052,0.0694697856903076,0.0462137330323457,990.3385681152344,5196.72880859375,965.6942138671876,305.5827270507813,225.2161666870117,282.42064514160154,4.12127423286438,5.290904378890991,19.097413635253908,102.5052703857422,1.57999187707901,1.072707426548004,511.2459051370621,1245.4007266789674,2292.6356098143965,0.8215485169552267,1333.9636386990546,285.47873533815147,17.98251190632582,17.73737950325012,1.3970043992623686
337.9544379366562,58.95178800821304,10.5651417366229,2.3475884988904,0.5008219162584282,44.613896179199216,66.02503280639648,26.26455020904541,10.642405891418456,10.034193515777588,4.497103500366211,0.7270822525024414,0.0981510259211063,0.3403248518705368,2.2394508838653566,0.0673706568777561,0.0474656980484724,1086.3732788085938,3721.463403320312,1008.5672607421876,251.31564483642575,153.91118621826172,275.29942321777344,4.120448112487793,5.394135713577271,20.63736724853516,77.77178115844727,1.4937731266021728,1.1122954607009887,514.5826135635376,1273.6938193008305,2434.660096305527,0.7203303425107151,1346.759583875537,274.7451358884573,18.115401232242583,17.734816205501556,1.4021017063874752
310.43552762009205,76.19700308330357,10.224628021288662,3.026180526614189,0.459512294374872,46.396182250976565,71.8648193359375,25.142887306213375,11.433410930633546,10.477573108673097,4.440206098556518,0.7371645987033844,0.1027115792036056,0.3144300818443298,2.617266583442688,0.061510357260704,0.0491725035011768,999.2024230957032,4832.9689453125,957.0662536621094,319.9294464111328,172.42715148925782,275.9099365234375,4.121970987319946,5.602062606811524,19.162884330749517,105.66752700805664,1.3030165314674378,1.183179795742035,511.6557615995407,1243.1318583145735,2199.932121139095,0.8496971694752574,1332.027206042409,282.7621914312243,17.92460848726332,17.705219101905822,1.378616168629378
322.3200653742999,60.799759067967535,10.429903890565038,2.3661381945014,0.4821532887173816,43.66132774353027,65.61544189453124,25.740324401855467,11.176229476928713,10.5613618850708,4.329571294784546,0.7164026260375976,0.1004110433161258,0.319730469584465,2.392042064666748,0.0627020895481109,0.0508158631622791,981.5253112792968,3780.5529541015626,982.4151184082032,266.99708862304686,188.0907943725586,267.8798553466797,4.118686962127685,5.495321035385132,19.36444797515869,83.35481796264648,1.3514124870300293,1.2577001333236697,514.8489190101624,1236.2758208945393,2257.277403426991,0.7436864305753261,1340.148959043622,279.23209869712593,18.1347729831934,17.773118448257446,1.396090139611624
307.5919118557125,60.8611053340137,10.410520249418914,2.305519488453865,0.4993578150752,45.38820533752441,70.3106689453125,25.952749061584477,10.967863464355467,9.67046308517456,4.713914585113526,0.6823230981826782,0.0975059121847152,0.3223450899124145,2.3257022857666017,0.0686157196760177,0.0518193740397691,975.1451843261718,3363.87841796875,993.8151611328124,264.67812194824216,152.2244873046875,299.76300048828125,4.112686634063721,5.3315034866333,19.504685401916504,79.75242233276367,1.5070794105529786,1.2681890726089478,509.1270713806152,1228.8418710455298,2237.5229242318137,0.8253903077915311,1340.2217874750495,276.57840850129725,18.150815253704785,17.771972906589507,1.4056489834561945
321.10143838319925,61.25142963267863,10.421124976035207,2.62876590192318,0.5112115590833127,47.39449119567871,69.68152923583985,25.4079683303833,11.119901657104492,11.021770858764649,4.460486268997192,0.7101799011230469,0.0960520699620246,0.3147026479244232,2.289067578315735,0.0648835763335227,0.0515769373625516,1065.928564453125,3042.220092773437,973.824969482422,263.3593688964844,230.2471496582031,272.34992065429685,4.117627286911011,5.25847053527832,19.08653907775879,85.12119216918946,1.453148603439331,1.244791567325592,513.5209954738617,1238.755821916461,2250.591875536804,0.7943679132033139,1343.2814398638905,281.1669467389584,18.08267809599638,17.74328396320343,1.397779542161152
338.7095119651407,64.47295810766518,10.339475985709578,2.2922273188829423,0.4737171726068482,48.11842613220215,68.43254623413085,25.190512084960936,10.583964347839355,9.921133422851565,4.44511194229126,0.6972524404525757,0.0958389595150947,0.3186816513538361,2.2793551683425903,0.0672690317034721,0.0506978508085012,1143.4044067382813,3427.224072265625,966.118682861328,267.91578369140626,159.10655212402344,272.2558654785156,4.115383052825928,5.258919143676758,19.16447525024414,78.14447021484375,1.4488812923431396,1.1796659708023072,512.9559649944306,1243.3784044206143,2310.999319721648,0.8079376183450222,1346.115412465483,276.61653676480057,18.031322659552096,17.676482129096986,1.3940770012326538
341.2537964692339,61.32068958729506,10.363767226040364,2.314503240585327,0.5295595510338899,47.057783126831055,73.60851821899413,24.80316047668457,10.57503662109375,10.424428558349607,4.609955453872681,0.7368622124195099,0.1017489574849605,0.3245339304208755,2.356513810157776,0.0664211928844451,0.0504251319915056,1116.7403930664063,4966.6732421875,948.752178955078,255.7713195800781,176.85531311035157,281.47515563964845,4.121959114074707,5.58571138381958,19.492042541503903,81.14767761230469,1.50886013507843,1.2658671736717224,516.2732636451722,1283.6262783959507,2503.6078417237677,0.7495938025880605,1346.9442127302289,276.9631392389536,18.07699958384037,17.72101011276245,1.40003413350787
318.1865677751601,63.98380069211125,10.307323023118078,3.1987079620361327,0.5083031332585961,44.39061546325684,63.92625274658203,24.33764820098877,10.944726371765135,10.638607406616211,4.340804529190064,0.7030919015407562,0.0986581809818744,0.3211534410715103,2.5377716064453124,0.0683449007570743,0.0472138945013284,984.0120483398438,2904.5826416015625,927.9704650878906,269.65467224121096,205.66893157958984,270.9398681640625,4.116410779953003,5.395924282073975,19.366953659057614,105.29109191894533,1.5273648500442505,1.1179664492607118,512.9924758672714,1243.6342915669084,2344.031177108956,0.8095732692629098,1337.1630485117437,280.7372920230031,18.07560644224286,17.816705083847047,1.4010825050529092
335.15713850650934,62.289826235175134,10.258423017989845,2.360533595085144,0.4978320902795531,46.74247055053711,72.49705200195312,25.182790756225582,10.738808059692383,10.596205711364746,4.461541175842285,0.7399866938591003,0.0962355755269527,0.3363646417856216,2.191554307937622,0.0670564942061901,0.0498311031609773,1084.890771484375,4998.05322265625,964.825164794922,262.13096008300784,177.76876068115234,281.9311828613281,4.122499608993531,5.271714544296264,20.118644332885744,76.4295783996582,1.4716967821121216,1.2335140228271484,514.6532472610473,1262.8525960505008,2436.871294691356,0.7718384770676494,1345.540045171231,277.8143450319767,18.093493875861167,17.713297045230867,1.399397928151302
328.0196557154879,69.24883321896195,10.337695032544437,3.1847229421138765,0.4517744146869519,44.818779373168944,70.87705688476562,26.01888465881348,11.89038496017456,10.897711277008057,4.715136766433716,0.7379508018493652,0.0986456267535686,0.3204195976257324,2.521863341331482,0.0609028093516826,0.0479834955185651,1007.7241821289062,4583.327880859375,998.2848449707031,306.3829315185547,229.0629852294922,293.63890075683594,4.122130870819092,5.39911003112793,19.48334445953369,104.66335372924804,1.272460699081421,1.1645822525024414,515.2156558513641,1282.6323258340358,2453.941551275156,0.771588328294456,1334.375280071795,286.0770359575748,17.959942727535964,17.729034626483916,1.3796759996097534
363.1678865451366,79.23796063531191,10.087764936778694,2.271206721663475,0.4406840211362578,51.21581993103028,64.95260314941406,24.483452987670898,11.48373727798462,10.406778717041016,4.612231016159058,0.7331375300884246,0.0985785618424415,0.3042928457260132,2.2185062170028687,0.0619407746940851,0.0476640164852142,1226.493115234375,3238.572998046875,932.842901611328,322.9113525390625,224.52371673583983,292.12221069335936,4.121269702911377,5.415450763702393,18.230191040039063,76.45567474365234,1.2816022634506226,1.1536908149719238,519.1084164619446,1338.8998889863492,2488.955530250352,0.713882741658017,1338.9006816253066,286.8025770239532,17.75640663653612,17.36819270849228,1.3659849456045776
328.9182808822021,64.66507079266012,10.462221479788422,2.346199928224087,0.4956727246346418,44.117638778686526,65.67960739135742,24.509105682373047,10.84327392578125,10.504807090759275,4.585676765441894,0.7249770760536194,0.0983160383999347,0.3196502149105072,2.250867772102356,0.0680795542895793,0.0509624671190977,1042.630712890625,3436.9219970703125,938.35771484375,269.0320709228516,202.4702575683594,290.99529418945315,4.120083427429199,5.387004089355469,19.39405403137207,78.16454010009765,1.4897922992706298,1.2586760759353637,514.1893920421601,1239.4857456415891,2275.2417112151743,0.7259955014567823,1342.832360958308,280.5113575272262,18.09875312000513,17.7256320476532,1.4008356501115486
334.10109922718254,62.78825834579766,10.291692037228495,3.029837913811207,0.4829138237982988,44.88501663208008,65.42311630249023,24.556167221069337,10.999846076965332,10.227361583709715,4.403793621063232,0.6989045977592468,0.100254825502634,0.3369562417268753,2.541390919685364,0.0682570494711399,0.0465306777507066,1078.1871215820313,3809.704174804688,941.4644592285156,267.34898071289064,213.04046173095705,267.4606964111328,4.115632343292236,5.471619558334351,20.467806816101078,102.47658233642578,1.486376702785492,1.0842849016189575,518.3421733856201,1251.7511289566755,2329.7246955266805,0.7047377598006278,1342.1555728584528,279.9313567101956,18.02079884558916,17.767505943775177,1.3952970407903194
308.571345224604,63.75608954261988,10.594705008342862,2.918715238571167,0.5216808155644685,45.70797500610352,66.44344863891601,26.00992698669433,11.19383716583252,10.730993175506592,4.425569534301758,0.7044976055622101,0.0998948067426681,0.3400814950466156,2.451364254951477,0.0681497693061828,0.0478355627506971,996.700146484375,2974.2830810546875,995.4601745605468,274.29368286132814,208.31613464355468,283.4515502929688,4.116651678085328,5.4879385471344,20.730934715271,96.73578796386718,1.5514814496040343,1.0992401719093323,507.5285090923309,1219.0642809093,2207.9395748620736,0.8522706957999617,1337.9692631848156,281.1754443190992,18.074903670698404,17.784270226955414,1.402340628625825
327.7227111103013,62.01088057942688,10.421673601400109,2.324999116361141,0.4396083224215544,45.14931106567383,67.21856079101562,26.24220466613769,10.96251459121704,11.060365200042725,4.702227401733398,0.6951964378356934,0.0960856489837169,0.3395768135786056,2.3674545288085938,0.0619511168450117,0.0470515079796314,1030.9734619140625,3769.534033203125,1007.7047058105468,261.24774169921875,226.73333892822265,294.97088623046875,4.115026950836182,5.262419319152832,20.52843608856201,81.65633773803711,1.2733234405517575,1.0863173604011536,512.2807112216949,1242.3991216108202,2315.878421389009,0.7858315466437489,1343.0217312276363,281.2015518844128,18.11821566522121,17.75535328388214,1.3910790467634797
303.21314971712565,66.10115997828544,10.852680407837031,3.1364816147834063,0.531578575243475,35.60075492858887,25.11705493927002,0.1275226846337318,10.078644180297852,8.398998260498047,3.262881350517273,0.7066456139087677,0.1076424770057201,0.3451443910598755,2.7711923837661745,0.0720336943864822,0.0295428246259689,1034.069598388672,140.47527465820312,4.529301881790161,272.9134246826172,133.12022857666017,195.7538604736328,4.116010427474976,5.895174837112426,20.71048641204834,104.6187957763672,1.6630660057067872,0.7101380407810212,521.5178472995758,1496.6977556616068,2546.661395357392,0.4953526709694415,1383.2991108776594,285.7138989366591,18.800744785368444,20.67049903869629,1.4797296318341977
305.1897107858211,71.88576282598078,10.367800893913955,3.168017965555191,0.470698003435973,45.88633651733399,69.39210433959961,24.856761932373047,10.99755973815918,10.441968059539796,4.627953052520752,0.7420268356800079,0.105945286899805,0.3423013567924499,2.618096351623535,0.0627487577497959,0.0492455773055553,974.0992065429688,4513.592529296875,945.3888854980468,294.979345703125,196.63161926269527,282.14849853515625,4.122803211212158,5.813536691665649,20.67592086791992,108.17934951782226,1.3418443560600282,1.1985456943511963,511.40331506729126,1236.41319462955,2202.020804370602,0.844143581436947,1334.0664798751473,282.81647175848485,18.011406947672366,17.776784896850586,1.3866524211131035
324.9984020836652,75.25322566144169,10.342343707103282,3.142188784480095,0.5113806063542142,46.79325942993164,66.27870254516601,23.79344959259033,11.457095050811768,10.217573928833009,4.386023569107056,0.7254004001617431,0.0962125070393085,0.3279674559831619,2.4781169176101683,0.0659124813973903,0.0490795563906431,1043.8688354492188,3934.773706054688,907.692529296875,318.44194946289065,170.61276245117188,268.96388244628906,4.119990921020508,5.266461181640625,20.013980102539065,102.24796295166016,1.4881861090660096,1.159424114227295,513.1464311599732,1242.2333777144552,2272.786697199481,0.8307568169664592,1334.089096005261,282.3470913037657,17.900457832962275,17.68014315366745,1.386635490972549
311.9392730643973,71.87753746956587,10.24054565699771,2.287300980091095,0.4452723708353005,48.029706954956055,68.33771438598633,24.10161476135254,11.957051181793211,11.117324352264404,4.463604164123535,0.702383840084076,0.1046962156891822,0.3271046757698059,2.1638091802597046,0.0612101133912801,0.0475287467241287,1045.8466552734376,3236.647900390625,925.064990234375,317.36034240722654,208.52799072265623,283.92608947753905,4.11624550819397,5.7260395050048825,19.7627067565918,74.2513442993164,1.2782310605049134,1.089794671535492,508.9069209814072,1248.6557651877404,2258.357293309848,0.8585477382410318,1337.0677590057253,285.77018035128714,17.972537951916458,17.61668744087219,1.3809568899217992
324.02868615612385,65.20111257396638,10.538093508593738,2.186207690834999,0.5208098881761544,44.55878257751465,73.09213333129883,25.704158782958984,11.402553939819336,10.546973991394044,4.673603057861328,0.7208102881908417,0.1044189490377903,0.3309310138225555,2.2395007610321045,0.0690581232309341,0.0463591553270816,1015.5247131347656,4886.341064453125,977.3386840820312,283.82098388671875,221.11127471923828,283.59983825683594,4.119418954849243,5.731723165512085,20.124761199951173,74.45705108642578,1.568400752544403,1.0715359091758727,513.554330444336,1249.7954526856545,2422.0333356584424,0.7369826012291014,1340.6233169466257,283.270185212791,18.086528592556714,17.701534283161163,1.4039996452629566
339.8102571859956,62.09033134020865,10.230863776244224,2.4595853447914124,0.4609630491118878,46.39531478881836,68.74241409301757,24.496296882629395,10.770093536376953,10.83441925048828,4.52875280380249,0.7314800083637237,0.0972790226340293,0.3222639352083206,2.2466719150543213,0.0647332452237606,0.0473132297396659,1113.4061889648438,3315.713134765625,938.8385437011718,257.792431640625,225.0070709228516,274.9586883544922,4.121134901046753,5.313936996459961,19.38276481628418,80.34191055297852,1.365544319152832,1.1353891611099245,515.0497279167175,1284.427831323445,2474.874619949393,0.7578028159681708,1346.3786680951714,280.33713659197093,18.07580620869994,17.71654373407364,1.3927294784225523
310.3525986356661,67.1333442479372,10.437045075558126,2.5818246454000477,0.4693708133185282,46.06161804199219,68.0241600036621,24.830814361572266,10.837921619415283,10.820621967315674,4.333617210388184,0.7088934481143951,0.1018522940576076,0.3286673545837402,2.402450680732727,0.0660858355462551,0.0484703350812196,990.65576171875,3167.819091796875,952.0828247070312,277.11048583984376,203.84165802001957,269.49761962890625,4.117417335510254,5.571467065811158,19.992072105407715,88.3189811706543,1.412774658203125,1.1336409449577332,509.4279641389847,1208.463287051022,2135.6034064838723,0.8803820630535484,1338.3176932662725,281.77856739759443,18.09097413569689,17.761858522892,1.396412209328264
318.39384013134986,67.3541017923504,10.439333859179168,2.4625039115548133,0.4671287378063425,43.490454483032224,68.12499160766602,24.61031436920166,10.711803722381593,10.757812023162842,4.470467805862427,0.6881606578826904,0.1005949668586254,0.3302029728889465,2.210659861564636,0.061040187254548,0.0469005588442087,994.33974609375,3054.96552734375,938.5019775390624,272.7242767333984,214.51790771484372,284.7948608398437,4.113757944107055,5.503777360916137,20.03912773132324,79.0356575012207,1.3015910387039185,1.10672265291214,514.541675376892,1253.3802764952184,2376.462776399246,0.7290103652980179,1340.128644883633,281.9031574606896,18.11831080988049,17.745200955867766,1.3925332187209278
324.483040991053,59.5204293012619,10.251827499642967,2.914771059155464,0.4873014224111102,48.29207992553711,70.84283828735352,24.88242301940918,11.202475929260254,10.526619625091552,4.328861570358276,0.7025329411029816,0.104028932005167,0.3238365322351456,2.422827744483948,0.0640861429274082,0.048685197904706,1073.732995605469,5276.213525390625,948.1043395996094,258.8471252441406,220.7504638671875,267.34595642089846,4.116313409805298,5.678745317459106,19.55456085205078,95.57464294433592,1.3937708616256714,1.1948492765426637,510.38055856227874,1246.195070129633,2301.118332649814,0.8312357735354453,1343.6462640166285,279.6967690333724,18.06546905338764,17.772199952602385,1.39352698023431
311.82734186686577,73.21095799468458,10.377697671856732,2.7328889578580857,0.4285563372308388,46.818949127197264,66.37721786499023,24.14931411743164,12.002097511291504,10.642847728729247,4.734515905380249,0.7016811430454254,0.0980575181543827,0.3125562965869903,2.4774752378463747,0.0631929539144039,0.0479433264583349,1023.2920715332032,3071.0712646484376,921.167626953125,321.0477020263672,223.57257843017575,290.14027709960936,4.116092109680176,5.385941457748413,18.933623123168942,94.48009185791015,1.2819836854934692,1.1299049139022828,513.5796894311904,1238.9255063816904,2247.988080221048,0.8174687721300871,1333.4385545700788,287.26128122508527,17.928431341052054,17.668256998062134,1.3782340103760362
315.7662172457203,73.58865983560682,10.35157265532762,3.017284950613976,0.5226127170841209,44.96107635498047,68.21644897460938,24.46428241729736,11.311694526672364,10.399582862854004,4.486502408981323,0.698623651266098,0.1019965335726738,0.3365180730819702,2.5760857105255126,0.0662605844438076,0.0511282674968242,989.0386535644532,3544.1990478515627,936.851416015625,307.9899200439453,190.52932891845705,275.2420623779297,4.115557718276977,5.580944585800171,20.478727531433105,103.74190673828124,1.5077743172645568,1.2290973901748656,514.3423639774322,1237.80081833601,2267.424866887892,0.808384791854769,1333.146130028367,283.4317504093051,17.969393300265075,17.733966362476348,1.392457261076197
320.38668279349804,64.80821133814752,10.558820281829686,2.988950315117836,0.4876634090091102,45.71527252197266,67.85084838867188,25.64922046661377,10.388022994995117,9.91199779510498,4.549421310424805,0.6896351397037506,0.1024702474474907,0.334691047668457,2.465838980674744,0.0639517374336719,0.0461509600281715,1055.856640625,3982.9717041015615,983.324951171875,262.6322265625,172.03824005126953,275.5767364501953,4.114022254943848,5.627375841140747,20.385856056213377,98.63908386230467,1.4012874484062194,1.079024875164032,512.6872880935668,1244.7533123776316,2366.2880523989325,0.7485968730878085,1342.3655171975493,277.1008218720555,18.05851187184453,17.78010584115982,1.3934740388765932
333.063867569156,66.31176299788058,10.437315099220722,3.022862872481346,0.4710421805502847,44.03302688598633,65.90365066528321,24.387624740600582,11.120218658447266,10.13109941482544,4.3496569156646725,0.7147942781448364,0.0990367241203784,0.3313216954469681,2.560386896133423,0.064596801251173,0.0498364362865686,1045.6670166015624,3106.4756103515624,930.4982299804688,285.38848266601565,167.51895141601562,272.7781524658203,4.118385314941406,5.429654216766357,20.16689949035645,103.16497268676758,1.3900139689445496,1.1605212092399595,514.6489659786224,1261.3637189760805,2419.2251793215923,0.7290160352364182,1338.2768108353018,278.8338226079941,17.993402890115977,17.750272595882414,1.3883042515721171
315.839695263654,75.66128458529711,10.305895856581628,2.883947992324829,0.435194047621917,43.15174293518066,67.4641014099121,23.812983512878414,11.369297695159911,11.117184829711912,4.662677145004272,0.6831032037734985,0.1044638708233833,0.3084587723016739,2.464394450187683,0.0635700605809688,0.0482757799327373,989.002099609375,3329.878173828125,908.6513061523438,312.3023315429688,219.4129638671875,291.71653747558594,4.11278338432312,5.740428781509399,18.51326103210449,96.8167449951172,1.297383689880371,1.1586013078689574,515.233618593216,1255.6702699765565,2398.152206317574,0.7245190517045558,1333.457181931287,285.88713108897207,17.973000026494265,17.710163795948027,1.382196521013975
337.7473999189213,67.9943248551339,10.134684746712448,2.5107631891965867,0.506259613961447,48.320410919189456,69.41338195800782,24.9241247177124,11.672347164154052,10.992181301116943,4.625009775161743,0.7000069975852966,0.0965176232159137,0.321116641163826,2.433813571929932,0.0645531862974166,0.0502409234642982,1129.7786743164063,3397.24423828125,953.1095886230468,298.5520935058594,226.6006317138672,284.6297912597656,4.115797185897828,5.273572111129761,19.33417663574219,88.31929092407226,1.4486765384674072,1.1870493292808533,514.4387971878052,1262.241415557265,2315.517441715166,0.8193347366526723,1340.663288103789,284.5977156221867,17.928819110989572,17.648776745796205,1.3868555297143756
331.15076834075154,67.2961635313928,10.260752926580608,2.312368991971016,0.4383593121427111,45.23038864135742,68.99903869628906,24.977676582336425,11.026803112030027,10.684091472625733,4.763100910186767,0.7260230123996735,0.1016100414097309,0.3369486659765243,2.3758734703063964,0.0641449950635433,0.0480971559882164,1050.408837890625,4388.0078125,958.2601379394532,281.2994964599609,216.7695785522461,294.6621826171875,4.120225048065185,5.58146653175354,20.07573013305664,81.80225830078125,1.317995810508728,1.1257219076156617,514.3296021938324,1267.3134214788674,2387.04163227618,0.7435645001009107,1341.6552892148495,282.66561356186867,18.05515975058079,17.708994817733764,1.3889808981213718
332.0087630517781,72.19595033749938,10.42823784807697,2.241408625245094,0.4615083356620744,43.67060279846192,69.39457092285156,24.12611198425293,11.290063285827635,10.247274589538574,4.625777196884156,0.7134913146495819,0.0971433579921722,0.3176734775304794,2.2118022441864014,0.0665247999131679,0.0477836541831493,1038.7871459960938,3674.8678955078126,926.6729125976562,303.7980712890625,180.8326858520508,291.5199829101563,4.118184328079224,5.318179368972778,19.355303955078124,74.83679580688477,1.4125372767448423,1.1077752709388733,518.7149448871612,1335.6318767935038,2540.15985535307,0.6867247213143856,1339.3291349995882,282.5415761694312,18.01745611280203,17.653649163246154,1.3912960659712552
348.5249619856477,61.43457941804081,10.29080124218017,3.263433054089546,0.5071096697472968,43.47261199951172,67.97786254882813,24.613612174987797,10.76591854095459,10.237102031707764,4.485625267028809,0.6872212886810303,0.105013532936573,0.3382154285907745,2.5892994165420533,0.0698954090476036,0.0471679273992776,1070.5661010742188,4064.822143554688,939.7465576171876,262.132080078125,158.84302368164063,285.0733947753906,4.113574504852295,5.729836273193359,20.55347900390625,108.67719802856443,1.5591330409049988,1.1272825121879575,520.344926404953,1314.920255023241,2536.949975514756,0.6993253114633262,1342.1762855142356,275.9256539426744,18.024492083489896,17.795221829414366,1.3993446736130863
336.12323297318073,65.03685330711305,10.232312234677376,2.202341704070568,0.4583447974058799,47.93210792541504,73.04614562988282,26.38950252532959,11.006454753875731,10.644368648529053,4.380218505859375,0.7357849299907684,0.0981798455119133,0.3288534998893738,2.2824119329452515,0.0604306831955909,0.050080019980669,1112.7733764648438,5276.87451171875,1010.6204345703125,278.0228637695312,179.55494995117186,274.1954864501953,4.121833801269531,5.367292404174805,19.800138664245605,76.32714767456055,1.2688614845275878,1.2279266119003296,516.5145977497101,1248.6222681313752,2350.8620635251573,0.7729672859888523,1344.5190222620963,279.27524911016224,18.03326424285769,17.668137621879577,1.384544066991657
310.38054115176203,60.45517390742898,10.46649623978883,2.170701029896736,0.44140403784113,47.88131141662598,68.66824188232422,26.106772422790527,10.633195495605468,9.888023853302002,4.349387168884277,0.7083235263824463,0.1048462055623531,0.3413461327552795,2.2831186056137085,0.0636568799614906,0.0482190269976854,1020.5519897460938,3898.302734375,993.6616943359376,254.5985076904297,157.45001220703125,275.6464233398437,4.117323780059815,5.727721643447876,20.792329788208008,75.41495285034179,1.3012846469879151,1.163120687007904,507.9504473924637,1186.4132517531514,2066.659764420823,0.9047057865653187,1343.758340190351,275.8206570774317,18.157534623146056,17.754788434505464,1.395088716968894
328.42392120175066,73.69103380329906,10.336591820977628,2.7107866242527963,0.4759127963101491,43.46893119812012,72.45407409667969,24.20746688842773,11.092502021789551,10.433140468597411,4.535412836074829,0.7254133284091949,0.1052416875958442,0.3306429713964462,2.399685335159302,0.0612846903502941,0.0478728849440813,1033.820556640625,5226.811767578125,927.307354736328,305.71827087402346,163.97024688720705,280.1064849853516,4.120033597946167,5.750981378555298,20.162529754638676,91.02267303466796,1.3224489569664002,1.159091055393219,517.7001597881317,1262.4551196679472,2353.3179543342326,0.7160614070948214,1337.121136032045,280.4859535008669,17.97665465474129,17.68951244354248,1.3834566199220717
320.5538538366556,77.25051782093942,10.30793390609324,3.159143489599228,0.5186255626846105,42.74847640991211,72.7432014465332,25.325681686401367,11.234664726257323,11.086727142333984,4.442078113555908,0.7415403842926025,0.1037256471812725,0.3129065960645675,2.638451910018921,0.0704314269125461,0.0474293310195207,1010.4359741210938,4980.81455078125,971.898406982422,313.7907379150391,210.03336639404296,281.9302062988281,4.122659492492676,5.686142683029175,18.96611423492432,109.04075317382812,1.6026069045066833,1.0974753499031067,515.3618118286133,1308.254213732481,2485.14098415486,0.6887437930796295,1333.2685258314011,284.8670527547598,17.92275041118264,17.720578837394715,1.3938738694880155
328.7187185801566,61.71136689018458,10.422151163220406,2.4470950782299044,0.5077825658197981,47.2594612121582,73.76116943359375,23.937927627563475,10.780530452728271,9.941585350036622,4.3445650100708,0.7393614947795868,0.1042879432439804,0.3178071230649948,2.336741662025452,0.0662274926900863,0.0487658645957708,1074.5377319335937,5336.608642578125,913.6913452148438,263.61375122070314,154.65978088378907,273.92051696777344,4.122401714324951,5.705571556091309,19.32194385528565,83.24593582153321,1.4679622769355771,1.226510524749756,512.8451370239258,1272.4128214612604,2441.3837299472943,0.7925821761135012,1344.4199167266488,276.06290074810386,18.083298789709808,17.73484547138214,1.3984858420444652
328.52884605638684,64.79761258028448,10.623878200072795,2.1874309897422792,0.4590665623894893,43.81530418395996,69.73338394165039,24.68575325012207,10.543401527404786,10.319799041748048,4.38983998298645,0.7316325783729554,0.1072771452367305,0.3193112790584564,2.303630232810974,0.0664589807391166,0.0473095715045929,1061.7770874023438,3062.522143554688,940.7391357421876,267.6958801269531,159.11722106933593,273.30510864257815,4.121179389953613,5.893117618560791,19.498859024047853,76.57444839477539,1.3940734028816224,1.1482860088348388,516.5349135875701,1266.391267454624,2388.594642976672,0.7066869378555566,1343.7592408642172,276.7525658249855,18.093772020190958,17.714342093467714,1.395508478442207
305.1636956358328,65.01744905002415,10.585164144262672,3.138337543606758,0.5282289784750901,44.99674110412597,68.12633895874023,25.998049354553224,11.125988960266112,10.467172145843506,4.414563512802124,0.6817948997020722,0.0977771803736686,0.3267763078212738,2.627311611175537,0.0670286133885383,0.0503458466380834,968.1434326171876,3062.4550537109376,994.7994995117188,276.6777404785156,207.8368988037109,281.21217346191406,4.112576818466186,5.3658191680908205,19.96767559051513,107.8734245300293,1.5233696341514589,1.2488895177841186,511.5905341386795,1214.0145162165163,2137.9987474819004,0.7920298188459128,1335.4906970448792,281.3462931975722,18.05842272862792,17.814208960533144,1.3995895728934555
329.5693362640217,63.66258414387703,10.450645065959543,2.1442351222038267,0.4808535085991025,44.114505767822266,67.35310745239258,24.724437522888184,11.081947708129883,10.863665866851807,4.368571138381958,0.6943743407726288,0.1059487968683242,0.3157973796129226,2.2923677444458006,0.0627146914601326,0.0523269213736057,1046.5289916992188,3724.587817382812,947.6255065917968,271.52208251953124,215.5733474731445,270.9021697998047,4.114875364303589,5.792325448989868,19.251321220397948,75.24807586669922,1.3511062502861022,1.2956190586090088,515.4945622444153,1235.5418365776538,2260.848525068216,0.7443156958092004,1343.0468875341116,281.33830041736366,18.09370331391692,17.71032416820526,1.3932826763950288
320.8870031086728,63.28478285931051,10.375722852628678,3.249998271465301,0.4737957242643461,47.03850059509277,68.37600784301758,25.066241645812987,11.403226470947263,10.924557209014893,4.56041259765625,0.6829665184020997,0.1054499194025993,0.3305864483118057,2.584346985816956,0.0636015400290489,0.0510500833392143,1039.1097412109375,4417.54853515625,957.0338989257812,276.8695434570312,227.2927047729492,283.3998168945312,4.112736177444458,5.763072347640991,20.15813007354736,108.2735107421875,1.3656315326690671,1.236566185951233,510.8306099891663,1246.5548303559422,2319.845006287127,0.8589617772493512,1338.887128379941,282.537333984673,18.009316845983268,17.781168842315672,1.388230963610113
331.6606684897095,66.6042733605951,10.453959865309296,2.88678242713213,0.5006378681049682,43.90628776550293,68.0751220703125,26.127697563171388,11.124834156036377,10.137178230285643,4.588791275024414,0.716545683145523,0.1054360352456569,0.3373459964990616,2.434180331230164,0.0644579336047172,0.0501130647957325,1020.0677490234376,4170.368603515625,1002.2277221679688,284.5484924316406,182.35541381835935,285.53429260253904,4.1186933517456055,5.766376209259033,20.62813777923584,95.56139373779295,1.4224318623542789,1.247112214565277,517.022862958908,1232.8086519494652,2273.9422201204347,0.7518412408884615,1338.6503282360732,280.5269640803337,18.036716691404585,17.750677990913392,1.3928845720365644
321.50662307795136,69.67997464761137,10.292042578477412,3.179461544752121,0.4628707160125486,46.81567802429199,69.15044708251953,24.06155204772949,11.60772533416748,9.93018035888672,4.630884647369385,0.7120278954505921,0.0964031063020229,0.3329536706209183,2.5845548152923583,0.0636642269790172,0.0499464552849531,1061.219091796875,3547.019189453125,921.186883544922,306.89617309570315,168.38062896728516,290.2550842285156,4.1178327083587645,5.281430625915528,20.19279899597168,107.24865493774412,1.358000648021698,1.175962257385254,510.7635193347931,1247.5345148354768,2359.2437558956385,0.8066371072549373,1335.5472013525664,280.47291626781225,17.905869895964862,17.70353661775589,1.3805754859466106
328.67866669092325,62.49185819141567,10.359265424497426,2.583986896276474,0.5077466332120821,46.37702522277832,71.32555618286133,25.935162925720213,11.331517696380615,10.371925258636477,4.404859495162964,0.7039349794387817,0.095622318983078,0.3412698656320572,2.4540877103805543,0.0695257045328617,0.0477326087653636,1037.1049682617188,5317.483154296875,993.4554870605468,274.7284820556641,201.6998809814453,271.32642822265626,4.116556644439697,5.257033586502075,20.4235538482666,90.29290542602538,1.5487799406051637,1.1501171708106994,511.6691350221634,1243.659286688268,2218.2469495087453,0.8481285810470581,1340.8961216777564,281.0004915073514,18.06247115805745,17.75066057443619,1.4014915117993951
332.7389727815986,62.09665850326419,10.19703474668786,2.5853346675634383,0.4756735262228176,42.49282188415528,65.83064651489258,25.781081199646,10.257790660858154,9.808697032928468,4.489377498626709,0.7180119097232819,0.1038933411240577,0.3105813711881637,2.3852245807647705,0.06372801810503,0.05054029263556,1034.7094970703124,3030.251342773437,982.546124267578,250.21025695800785,163.77941131591797,279.75389099121094,4.118959903717041,5.66992220878601,18.61320056915283,87.68025970458984,1.374501311779022,1.17334246635437,515.7358528614044,1260.0943021073938,2360.907406294305,0.7014958754647523,1343.8556079402565,275.7050603866577,18.132465516775845,17.788335847854615,1.3971049202606085
336.62137602940203,67.55529724247754,10.352223895676437,3.2019204795360565,0.4878520401543937,42.14205780029297,69.11844863891602,24.5600944519043,10.794972801208496,10.582501983642578,4.712999248504639,0.6897621572017669,0.1016252912580966,0.3164771974086761,2.5094916343688967,0.0630688801407814,0.0486494667828083,1033.0686767578125,3081.23056640625,943.5146667480468,279.69383850097654,181.72152862548828,295.29681701660155,4.114005851745605,5.544523429870606,19.332718467712404,104.32213134765624,1.3828632712364195,1.148859965801239,516.947757434845,1284.869945396483,2395.232959255902,0.691053722333163,1338.6399000216277,279.7652729138732,18.014477350190283,17.77114028930664,1.389465143997222
326.82832715511324,66.19936266168952,10.547149790544063,2.4239964842796327,0.4963484502281062,44.6008846282959,69.18147354125976,25.69009323120117,10.80181140899658,10.17181921005249,4.484308958053589,0.7398321449756622,0.1066033989191055,0.347980335354805,2.3828874826431274,0.0636852495372295,0.0490863602608442,988.4888488769532,5059.295166015625,985.9176940917968,275.22759704589845,183.7378921508789,276.0697937011719,4.1224775314331055,5.851453733444214,21.15449523925781,84.3257568359375,1.406194019317627,1.1584261536598206,516.1932130336761,1245.0348829388618,2342.9607431910235,0.7768207305110991,1339.4930062919857,280.13918097019194,18.109400651603934,17.758130037784575,1.3970992522314192
341.78644504100083,62.41849704682827,10.470308871008456,2.4811690971255302,0.4850428074249066,44.63741264343262,69.85111465454102,24.75027561187744,10.864818382263184,9.942683219909668,4.427127838134766,0.7353227198123932,0.1057576842606067,0.3163823932409286,2.249931812286377,0.0639027871191501,0.0488570407032966,1094.4505493164063,3092.748046875,942.7912902832032,264.2311096191406,183.33650970458984,280.8173370361328,4.121764659881592,5.792065620422363,19.270599937438966,80.89084854125977,1.3837061762809753,1.212336182594299,518.2712215900422,1240.2146235242485,2338.420058904291,0.7408948582131416,1344.7172118857502,278.35390280261635,18.07105599045753,17.714941596984865,1.3931791542097929
319.2143895033747,70.86278095189482,10.314346644189207,2.8372106075286867,0.4549961623153649,45.07389793395996,70.19868774414063,26.148845863342284,11.211405658721924,9.9358172416687,4.389615058898926,0.7077316820621491,0.1013968378305435,0.3129159867763519,2.424177384376526,0.0660985298454761,0.0465141586959362,1017.2424560546876,4093.95849609375,1002.6078491210938,299.7015014648438,165.66536407470704,279.2905670166016,4.117122507095337,5.533604860305786,19.073436737060547,94.3249412536621,1.3891103267669678,1.098270010948181,514.7494682312011,1237.6910902872685,2258.0897837698226,0.7627335627563298,1336.7003990069031,280.3926503442228,17.998291096091272,17.718421924114228,1.3886753853876144
321.71964582800865,59.25956208109856,10.12881700694561,3.058908674120903,0.4956979418755509,47.916230010986325,70.6759422302246,25.7223180770874,11.025515842437745,10.275307178497314,4.216061401367187,0.6949223279953003,0.1029560126364231,0.3181388825178146,2.4943448066711427,0.068025903403759,0.0481069289147853,1070.40810546875,4028.796411132813,982.3977355957032,261.21348266601564,166.58522338867186,260.17406311035154,4.114960193634033,5.620885992050171,19.042094039916996,101.07832946777344,1.4900649070739749,1.1931781768798828,509.6604407310486,1244.4868271544576,2199.372786620393,0.8159387244842946,1342.622049920261,276.21945689320563,18.04743867516517,17.781233417987824,1.3973301359452308
342.06716630831363,60.50352829247713,10.379692042432726,2.7088385209441186,0.4557947347755544,48.03894996643066,69.14305572509765,25.52637901306152,10.80441255569458,10.67582368850708,4.398035526275635,0.6967051684856415,0.100338914245367,0.3236481636762619,2.5171213150024414,0.0658995568752288,0.0514693148434162,1139.0526123046875,3886.025268554688,976.6085205078124,257.73253173828124,188.02801971435548,271.46278381347656,4.115288257598877,5.4825211524963375,19.73243637084961,95.27387008666992,1.3785823225975036,1.2564138770103457,516.3887169837951,1233.6467771396042,2316.8511601240143,0.7731314158067107,1345.7482598304748,277.3798677369952,18.022168063372373,17.73818963766098,1.389766424940899
334.2480079935864,65.50103710051626,10.50197036061436,2.4119672223925592,0.4903937397350091,42.94866256713867,64.87475204467773,24.787796592712404,11.052613639831543,10.210893821716308,4.494944381713867,0.6926030695438385,0.101172200590372,0.322276297211647,2.320523238182068,0.0646981462836265,0.048006697371602,1028.9637573242187,3465.8865478515627,947.4910278320312,280.64268798828124,169.16500549316407,286.55589599609374,4.114540195465088,5.560408973693848,19.50287914276123,81.97917709350585,1.412330448627472,1.1750544786453248,517.4648782730103,1262.7986374393106,2385.415277524182,0.6923055747523904,1340.750595024228,278.9961957760155,18.06722505912185,17.72072515487671,1.394753213459626
313.017282483913,65.10097262002527,10.271313069295138,2.19841068983078,0.4752211771497968,47.77373352050781,70.09743118286133,26.407816696166996,11.050679683685305,10.142354393005371,4.684486722946167,0.6786618411540986,0.0999632999300956,0.320786303281784,2.321087050437927,0.0630662538111209,0.0514615468680858,1046.7589233398437,3385.1823974609374,1012.8070556640624,276.96282348632815,193.6993789672852,289.73407592773435,4.111989641189576,5.48298659324646,19.15754222869873,77.41882934570313,1.3519340991973876,1.2596410155296325,510.7293216705322,1243.1161615520716,2214.3755523217783,0.850979675212875,1341.9581684708596,280.70656867474315,18.075186724215747,17.70742573738098,1.392221166100353
332.18756286967545,67.06576573811472,10.581456864625215,2.3454392895102503,0.4768389109638519,42.81305694580078,66.58402404785156,25.81731071472168,11.633532524108888,10.761484146118164,4.817795753479004,0.7159587621688843,0.1051881253719329,0.319255331158638,2.3864699840545653,0.066743791103363,0.048580253496766,1039.313073730469,3946.9026611328127,986.5438232421876,294.1593597412109,225.53860626220705,301.5115692138672,4.118601703643799,5.781273031234742,19.487941169738768,82.93843460083008,1.43856520652771,1.160318922996521,519.1256844043731,1330.049209010601,2553.598032037064,0.6740535472519695,1339.8402383238076,284.3767359554768,18.025193637609483,17.693764901161195,1.393195971660316
317.02535434477034,61.530329539626834,10.41431090971455,2.9562938645482064,0.4774954082735348,47.671065139770505,66.39838485717773,24.23020076751709,10.540731048583984,10.621796131134031,4.6608099937438965,0.6920653700828552,0.1003589823842048,0.3349770277738571,2.464665579795837,0.0613222502171993,0.0503452975302934,1044.0823974609375,3863.67021484375,925.3883178710936,252.45784912109372,188.0372344970703,297.1585693359375,4.114456796646119,5.479561996459961,20.416058349609376,97.90904312133787,1.31387779712677,1.2617219924926757,507.3725456476212,1250.9239137992265,2204.006141903508,0.8971192061901092,1343.0784559115768,277.5433003783226,18.097008598595856,17.803634822368622,1.39147364879027
345.95942108538003,61.17405049242079,10.518007755838337,2.5572533503174784,0.4762154598953202,45.00322074890137,68.67316513061523,24.2700569152832,10.74833173751831,10.08460054397583,4.525452756881714,0.6835023462772369,0.1029815040528774,0.344091048836708,2.36778085231781,0.0626384578645229,0.0468036364763975,1079.508874511719,3450.01162109375,931.8024597167968,258.59190063476564,176.54058380126952,282.2793365478516,4.112862205505371,5.660117816925049,20.82647762298584,86.58302230834961,1.3559481739997865,1.0782934308052063,517.8894228935242,1304.1547655314207,2533.163841991621,0.7754208927974104,1344.7014586903156,277.45330430716274,18.08092296645045,17.750199174880983,1.39287967258133
315.1685464948416,60.20401218086481,10.457641224563124,2.7060566768050194,0.5405740772839636,47.83201179504395,68.71350784301758,25.90675640106201,10.619623470306395,10.004900455474854,4.469526529312134,0.7149432063102722,0.1042016550898552,0.3439824193716049,2.3898181915283203,0.0659147202968597,0.0500472281128168,1038.7735961914063,3485.9036376953127,991.2024230957032,255.68509674072263,154.8476318359375,271.1147003173828,4.118444442749023,5.711311101913452,20.83830680847168,90.27654342651368,1.514788579940796,1.250044047832489,508.5066041707993,1196.2365912109613,2155.484696046164,0.909164841286838,1342.796049362421,275.383039650321,18.109934102743864,17.782724595069887,1.4026922696037218
309.92492067664864,71.05108395144343,10.415214782394468,2.478642852604389,0.4798554209526628,44.61267509460449,65.07846069335938,25.78059062957764,11.261530303955078,10.721398258209229,4.572355461120606,0.7098933935165406,0.0997369095683097,0.324918070435524,2.348779797554016,0.0661256700754165,0.0503180764615535,969.3458068847656,3114.175830078125,983.5502685546876,297.0192504882813,210.11669464111327,292.5079833984375,4.117575550079346,5.478152227401734,19.57447204589844,84.3607681274414,1.4265634059906005,1.2187479496002198,513.0159125804901,1240.8163145050407,2304.1076177289883,0.7963364392053336,1335.5002306051551,284.1512284487486,18.06278381422162,17.72406599521637,1.395031899306923
312.37436809837817,65.26545633450151,10.3370406717062,3.1754650294780733,0.5040333078766708,43.047414779663086,74.12934875488281,25.74796657562256,10.363947105407714,10.4349928855896,4.461608695983887,0.6800964117050171,0.0966295659542083,0.3159377664327621,2.485008406639099,0.0640662729740142,0.0480602916330099,936.3024658203124,5309.039990234375,979.8633422851562,264.82032775878906,156.15113067626953,275.3598388671875,4.112273120880127,5.297946214675903,18.917479515075684,102.61296081542967,1.4182668447494506,1.181952857971191,514.1833903551102,1241.1026315137744,2247.65123673146,0.7547118720598519,1336.8309386581182,276.6757859647274,18.126331097632647,17.84198114871979,1.3988015228649602
332.1594720741734,71.93776699714363,10.265977464895697,2.686325062811375,0.5017281857202761,46.00382080078125,70.78768844604492,24.786410331726078,11.380760288238523,10.72756290435791,4.701517343521118,0.6773563623428345,0.0973426267504692,0.3242783069610596,2.469277262687683,0.0696701526641845,0.0485227465629577,1058.8925537109376,4093.050537109375,945.6325378417968,305.258984375,192.8662399291992,290.61371154785155,4.11168909072876,5.335701751708984,19.54063472747803,93.17514038085938,1.545663070678711,1.17357759475708,515.9377011299133,1275.984893529117,2409.23940780104,0.7740685588214546,1337.5197992056608,283.2541931644082,17.949953818321227,17.68446365594864,1.3935503572225572
318.7496453166008,65.88995228577406,10.413433467503635,3.19793381690979,0.5269973843358458,45.39463310241699,69.06561965942383,25.11777420043945,11.081505298614502,10.723668956756592,4.622795534133911,0.6968442440032959,0.0980662673711776,0.3369726359844208,2.491238903999329,0.0698903359472751,0.0490047294646501,1006.6745910644532,3319.5629150390623,957.4409790039062,281.1343170166016,184.7916473388672,295.54478759765624,4.115308904647828,5.391148900985717,20.285729598999023,103.4615982055664,1.5970241904258728,1.1480499982833865,511.3745901346207,1244.62738391608,2241.504801167582,0.7982418161816895,1337.3264178618788,280.34799663200977,18.03436715975404,17.78140116930008,1.4018688915763051
305.94363720007243,70.11708324663341,10.133999078162017,3.285163387656212,0.505172295565717,46.08616828918457,65.85521087646484,24.347146606445317,11.675554752349854,11.087316608428956,4.671310138702393,0.7245178997516633,0.1031460925936698,0.3323483824729919,2.511980748176575,0.0684124447405338,0.0515921626240015,998.3343200683594,2970.2255615234376,926.3125,305.8252746582031,210.37926483154297,292.3968536376953,4.119969654083252,5.627771377563477,20.046909523010253,106.00281829833985,1.5232911467552186,1.254640793800354,510.4381101846695,1228.0921103060246,2173.5234551753383,0.816333036730066,1333.0216884240508,284.49214024245737,17.963348139822482,17.73686554431915,1.392765101697296
328.2513050021604,71.8440579071641,10.372951506078245,3.179264086484909,0.4762549406150356,44.879934310913086,67.71228408813477,25.46157932281494,11.848844718933105,10.707434940338135,4.653016805648804,0.7393476963043213,0.0965782836079597,0.3344225645065307,2.5027005672454834,0.0645163394510746,0.0484824825078249,1024.9099609375,4138.400146484375,977.5264587402344,315.36378173828126,206.3529067993164,288.84624633789065,4.122321128845215,5.289340496063232,20.40408058166504,103.86642456054688,1.3951629161834718,1.1615805506706238,515.1317161560058,1259.7546164661646,2360.448091946572,0.7688340601045638,1333.7719421841205,284.9219012737274,17.92237382605672,17.69931936264038,1.3833360927645115
335.08296355754135,60.31292118001729,10.295590734947472,2.6208748862147333,0.4481861282722093,42.87314109802246,71.89184799194337,26.265155792236328,11.081141090393066,10.256771564483644,4.41371750831604,0.7114736378192902,0.1005623631179332,0.3201743811368942,2.307211828231812,0.0603102348744869,0.0463595241308212,1015.5032592773438,4691.605712890625,1003.0414428710938,263.07652282714844,177.98929138183593,281.3918151855469,4.117859363555908,5.496801519393921,19.27495880126953,85.56553573608399,1.2540973782539369,1.0772849917411804,517.4541306972503,1287.2437140509487,2468.507040933397,0.6973836237564683,1342.2765971563756,278.11507371068,18.115573258697985,17.769497323036195,1.3897749628871678
316.31285049393773,73.57509073726833,10.29541658954695,2.3424494534730917,0.5387516796472482,45.9114013671875,67.42154922485352,24.82994155883789,11.545749855041503,10.997939109802246,4.707922506332397,0.7360900521278382,0.0968728810548782,0.316505566239357,2.241483569145202,0.0657098524272441,0.0472123563289642,1038.4600830078125,3199.6668701171875,952.864715576172,310.41871643066406,226.6061019897461,293.3792419433594,4.121858024597168,5.306177568435669,19.107564163208007,77.97484817504883,1.5212257504463196,1.129763424396515,514.7413226604461,1265.171944731474,2449.4801485813864,0.7549057594966143,1337.4797793194653,286.32767233252525,17.993034641444684,17.64753314256668,1.394646500982344
331.1254676520824,62.38030201084912,10.197718065232038,3.053625699877739,0.4798943965812213,44.24407958984375,67.94611053466797,26.186062812805176,10.227784729003906,9.872147560119627,4.31493878364563,0.6888279318809509,0.0996254540979862,0.330046197772026,2.676277995109558,0.0673888310790062,0.0500968653708696,1062.3688354492188,3074.773803710937,995.5984497070312,251.93853912353515,155.50929107666016,274.2799377441406,4.113877773284912,5.449879932403564,19.747937774658205,108.22166442871094,1.4637988567352296,1.1512230038642883,517.0126851081848,1239.204967957735,2327.240076473431,0.7285828335210681,1342.5783599495887,274.4961581006646,18.057726308703423,17.81434061527252,1.3965585186611862
323.08381489310415,68.68678174782545,10.550653140991926,2.257502095401287,0.5456763702328317,43.40086326599121,66.73621444702148,24.00196762084961,11.121911525726318,9.92345552444458,4.580939674377442,0.7424987077713012,0.1008777827024459,0.3426243543624878,2.316865873336792,0.066680084913969,0.0485181540250778,1019.1021606445312,3659.670068359375,921.4192138671876,290.1611602783203,176.5132034301758,291.3297119140625,4.122871589660645,5.545330905914307,20.81770877838135,78.60971221923828,1.552474844455719,1.1507088780403136,514.424865102768,1270.4904545381664,2422.2636501395377,0.7015024384483695,1339.635099621862,280.65576243028045,18.06103008165956,17.699398720264433,1.4011152845807373
339.94618914630263,65.8770472113043,10.193807060737162,2.923378382623196,0.4539059909409843,44.37295837402344,69.67804336547852,25.80515956878662,10.371807098388672,9.873054504394531,4.388883113861084,0.6934219539165497,0.1043537713587284,0.3167677074670791,2.5624116182327272,0.0635125704109668,0.0492620058357715,1059.2255737304688,5147.79150390625,988.2845153808594,265.32412109375,160.23889923095703,280.8585845947265,4.114706039428711,5.699599075317383,19.04115562438965,101.21505508422852,1.3298028230667114,1.178959321975708,518.0461109161376,1311.6347422361373,2525.3271913692297,0.7154118174221367,1342.289839221537,276.5596936047077,18.04412479847669,17.78049463033676,1.388924871198833
311.7232067761943,70.19968986995518,10.283957329951226,2.806926275789737,0.4317259880132041,45.7809196472168,65.13368301391601,25.18150520324707,10.95599431991577,10.04281520843506,4.501410722732544,0.7002998948097229,0.1015769720077514,0.3111361056566238,2.381237864494324,0.0632097728550434,0.0495625481009483,1003.2864501953125,2886.417456054688,966.2463073730468,290.8399719238281,177.46581115722657,276.1952178955078,4.115923404693604,5.540328931808472,18.89620933532715,92.0258888244629,1.2831698060035706,1.1677671074867249,509.7104258537293,1226.7668434634804,2162.365235040162,0.8613353222608566,1336.758373787999,281.0700647890568,18.039570672065015,17.73840057849884,1.3860661424230785
336.3499662818387,70.91258225515485,10.164679234288633,3.049575963616371,0.5085777483414858,45.94872512817383,69.36325912475586,25.92507839202881,11.508878421783448,10.991952800750733,4.513512229919433,0.6925981342792511,0.1035429313778877,0.31265769302845,2.522720456123352,0.0647979117929935,0.0482287906110286,1044.7084350585938,5034.735107421875,994.4831848144532,303.835009765625,211.09201049804688,282.3567749023438,4.114492654800415,5.672778844833374,18.736085510253908,102.27233352661132,1.4478550791740417,1.1945709586143494,515.5752655506134,1263.9684517994524,2371.4770030102577,0.8121506871189922,1336.2298890016973,284.32438677847387,17.94311405196786,17.712473511695862,1.3877760048024357
324.6858997831121,71.29667838085443,10.30647421106696,3.153139853477478,0.5132616222370416,44.53867683410645,72.2762825012207,25.71545696258545,11.459421634674072,10.761401176452637,4.561930179595947,0.6880157828330994,0.1004348382353782,0.3368512719869613,2.482853412628174,0.0678088136017322,0.050618253275752,1006.2828857421875,4703.69775390625,986.5660705566406,305.79527282714844,186.5885787963867,287.5574035644531,4.1136791706085205,5.511943006515503,20.28889961242676,102.48623657226562,1.5174113035202026,1.2685226798057556,514.0310080051422,1289.630043208599,2463.3837591890247,0.7460899906698615,1334.7246826611458,282.65784870386125,17.96434525102377,17.728416526317595,1.3928600242594258
330.82136863283813,70.95288286674767,10.398905115853996,2.7651388496160507,0.5244948000297882,42.5216552734375,68.58781280517579,25.251454734802245,11.386781406402587,10.61944637298584,4.602937889099121,0.6968412160873413,0.1022655226290226,0.3264233380556106,2.3447673320770264,0.0646608613431453,0.0498702734708786,1003.3744750976564,5229.0830078125,969.1120300292968,300.845346069336,205.0034927368164,291.7902069091797,4.115299224853516,5.588138055801392,19.93898200988769,89.90450973510742,1.4838606119155884,1.1311366081237793,518.0109430313111,1305.3899397924542,2435.459260933875,0.6809251642320305,1336.9562547527253,283.62021239846945,18.014439963921905,17.714600837230684,1.3946089542936533
331.70308493766936,72.96929206214845,10.408090164232998,2.6023377627134323,0.525767395470757,43.71937255859375,66.95882949829101,24.13021755218506,11.793933486938476,10.81249189376831,4.508807420730591,0.7093068361282349,0.0965053036808967,0.3389968395233154,2.4636042594909666,0.0695740327239036,0.0471708662807941,1063.567041015625,3168.7000732421875,923.393017578125,315.51299438476565,221.03489685058597,282.1040496826172,4.1173996925354,5.299681091308594,20.60088539123535,91.32039794921874,1.588830041885376,1.1308392405509948,517.9651684284211,1287.4567897245288,2438.273149096075,0.7120413629338145,1336.260611847043,286.0307471111417,17.920990520715712,17.654750716686248,1.3933274880517277
328.88666690383104,65.26459789033979,10.47527393391356,2.7760618925094604,0.5072643822524696,46.982343673706055,67.92114486694337,24.460674285888672,11.17646837234497,10.618655586242676,4.524317121505737,0.7127632319927215,0.1034040451049804,0.3180329889059067,2.556444835662842,0.06339126303792,0.04791328497231,1066.3358276367187,4837.528173828125,934.9888732910156,279.93248291015624,200.7871612548828,288.7733276367188,4.118019533157349,5.678553199768066,19.321238327026368,98.14481048583984,1.41588397026062,1.1670051574707032,515.8645040988922,1235.702528476715,2268.6842027885605,0.7809596482198685,1340.5704718627037,280.9586164742708,18.00854772478342,17.74147366285324,1.3905741572380066
312.53250632658603,76.44228796586394,10.155165593326092,2.5091150045394897,0.5215824530110694,45.45995101928711,69.37884368896485,25.475375938415528,11.157474613189695,10.574732303619385,4.656740188598633,0.7418692708015442,0.1016003422439098,0.3222662210464477,2.270529079437256,0.0658951193094253,0.0505001697689294,993.2833190917968,3253.1799560546874,971.9076782226564,312.43198547363284,172.696923828125,295.5762176513672,4.122782707214356,5.545988512039185,19.38749713897705,82.29083633422852,1.4982909440994263,1.2006984233856202,516.2299173355102,1255.6272577404975,2362.97181883569,0.7681487335357815,1335.1153704419733,282.74486761689184,18.013573710620403,17.67769123315811,1.3949115000199526
317.62111375033857,69.858143735677,10.40752656692639,3.052639003098011,0.4881495813373476,44.3243522644043,64.50813903808594,24.14334697723389,10.91235694885254,10.585364818572998,4.4503882884979244,0.7146515011787414,0.0959589980542659,0.3359490901231766,2.466799736022949,0.0650833174586296,0.0469982612878084,983.0083923339844,2983.211010742188,925.687725830078,287.300830078125,197.3189697265625,274.1119842529297,4.118385028839112,5.239545059204102,20.52693710327149,99.87437591552734,1.426684069633484,1.0994889259338378,512.5207614898682,1241.5461844176054,2225.2900122531983,0.8179302911739796,1335.58032643795,282.1608935877681,18.045001102611423,17.77303853034973,1.3937215839512649
325.7455206561834,71.10827052667737,10.12873015878722,2.8355624809861184,0.514811884588562,46.65061378479004,68.11388702392578,25.136029052734376,11.320170307159424,10.482311248779297,4.4871861934661865,0.7330019116401673,0.0974019758403301,0.3090254902839661,2.54552583694458,0.0667320638895034,0.0504137117415666,1066.4434814453125,4340.529541015625,956.8415222167968,302.363037109375,177.14080810546875,286.9532775878906,4.121326923370361,5.327712154388427,18.54432430267334,99.07371139526369,1.5097619771957398,1.1921452283859253,514.6117115974426,1275.2045010864736,2479.422422553552,0.761788380658254,1337.5647270798684,281.3473512880504,17.941070757061244,17.697714114189147,1.390627701068297
285.94931635676903,73.70788531899453,10.73309812163934,3.267223327606916,0.4972680758219212,33.04514770507812,15.431476402282716,0.0117358970455825,11.43658504486084,10.545127582550048,3.978786015510559,0.7250028252601624,0.1053766459226608,0.3337223768234253,2.778765273094177,0.0687944076955318,0.0293550327420234,960.1645080566408,12.424483680725098,0.427202957868576,326.3272399902344,207.29242095947265,253.01441192626956,4.11944694519043,5.7579100131988525,20.096049118041996,107.66791458129885,1.5394743800163269,0.7168280601501464,520.7596228122711,1500.8608350776135,2767.7312122544563,0.4532853566808626,1372.324436235621,294.97637113556266,18.693006720393896,20.592349112033844,1.4651853857329116
320.34010832645,72.17409591116011,10.266718907747418,3.116029535233974,0.4410565633210354,42.0590072631836,69.78534698486328,24.9786018371582,11.327922344207764,10.789783000946043,4.632651424407959,0.6824175775051117,0.1001863054931163,0.3136926025152206,2.4832507848739622,0.0640285074710846,0.0487952139228582,958.4313903808594,4940.6951171875,954.8116760253906,302.9341186523437,212.68331451416012,281.69004821777344,4.112531471252441,5.474829387664795,18.970343780517577,101.75675430297852,1.3220369815826416,1.1466502904891969,518.9953980445862,1244.012614773214,2353.272442468116,0.6900947419926524,1333.2268692947923,284.5918508246541,18.010280354321004,17.75483908653259,1.3860068032052368
331.8270384199917,70.11115914434194,10.263464954681696,3.0141579851508142,0.496934675326338,46.048363876342776,70.48750762939453,24.74159145355225,11.001454162597655,10.348232746124268,4.456477403640747,0.7005711197853088,0.094779085367918,0.3293157279491424,2.553340435028076,0.0692998722195625,0.0488483868539333,1055.0568969726562,3807.996948242188,947.7979125976562,287.6848876953125,218.2428771972656,280.27711486816406,4.115936279296875,5.20666470527649,19.699584007263184,102.73969192504885,1.5204281687736512,1.2214519381523132,517.2729948520661,1267.6931419610978,2426.423014040588,0.780126679642126,1338.5948006927968,283.2222135588527,17.982275599986316,17.742571794986723,1.3943886267254129
326.7740976406261,62.17145242411643,10.44297598619014,2.4808508425951006,0.4643053616629913,46.193932342529294,70.15389709472656,24.25159072875977,11.069574642181395,10.005187511444092,4.361910820007324,0.6858897149562836,0.097154015302658,0.3341086506843567,2.368406891822815,0.0670459941029548,0.0499946177005767,1045.4945922851562,4406.348388671875,929.1784362792968,271.2004364013672,160.02144927978514,278.26832580566406,4.113339900970459,5.314015626907349,20.34205703735352,85.06205825805664,1.4123437762260438,1.2355211973190308,512.5890242099762,1270.3234296575188,2442.67420542562,0.8038130943663419,1342.2513888895512,277.36866851076485,18.075549672544003,17.740020442008973,1.3955553133739158
326.4830908441916,65.3472508046776,10.15878993552178,2.195524828135967,0.5026664944831282,45.17797508239746,66.34301834106445,25.44035816192627,11.296414566040038,10.826811790466309,4.3827855587005615,0.6807467758655548,0.1025009296834468,0.3271054118871689,2.3289595365524294,0.0633852265775203,0.0498710535466671,1042.8364624023438,3992.7321533203126,974.572265625,283.7106872558594,202.3623275756836,272.0338714599609,4.112385749816895,5.608299732208252,19.505123901367188,77.64957046508789,1.4163516640663147,1.14949768781662,512.8612469673157,1240.9968790471553,2368.2149688497825,0.7433143687434495,1341.3110765099525,281.9030688583851,18.05785787701607,17.696034932136534,1.3942636750172823
335.01922256462274,61.41908163055778,10.397582135442644,2.991793666779995,0.4634866427746601,47.5040714263916,68.4482666015625,25.132762908935547,10.840800666809082,10.455058193206789,4.684555768966675,0.7193349599838257,0.0993728317320346,0.3151917427778244,2.493147850036621,0.0625523939728736,0.050904931500554,1083.9680297851562,3872.0513916015625,961.1474609375,260.83091125488284,183.7163116455078,298.2835388183594,4.119174003601074,5.424103546142578,19.264918708801268,99.80376663208008,1.324310791492462,1.2353691458702087,515.124079322815,1283.3270429089666,2467.443130443577,0.8254046963527799,1343.3329853489995,277.96909085661173,18.045540342479946,17.773502266407014,1.3884988775942475
318.17945392951367,62.13596309181303,10.46295041758567,2.776118096709252,0.5188210373511538,43.814012145996095,67.63964233398437,24.114994049072266,10.857089519500732,10.223455429077148,4.504027605056763,0.7050644755363464,0.0980951845645904,0.3138703614473342,2.4804571866989136,0.0712901003658771,0.0472726840525865,977.7458190917968,3123.6779296875,924.0415954589844,265.74164123535155,163.6312026977539,285.29518127441406,4.116761684417725,5.3841509342193605,18.94391460418701,95.02987670898438,1.6041868448257446,1.1379642486572266,512.7595966339111,1244.4040231645108,2368.6115619605816,0.7796904820483178,1338.6280720092357,277.1820115342736,18.11519210636616,17.806764566898345,1.407961625419557
339.409691536054,62.57376351840794,10.406353425513952,2.878637871146202,0.5067306112498045,43.727333068847656,64.63123245239258,26.308478355407715,10.86946210861206,10.308780193328856,4.7321388721466064,0.7187457621097565,0.0959049738943576,0.3368824452161789,2.425401735305786,0.0674750350415706,0.0477957315742969,1052.8005493164062,3107.8251953125,1007.5928649902344,261.5911590576172,215.21017456054688,297.790771484375,4.119078159332275,5.248345232009887,20.441913032531737,94.98616561889648,1.5054583549499512,1.1347000002861023,515.5493442535401,1235.3533755868673,2322.057981135632,0.7365375713910908,1342.2848120875656,280.2705415725708,18.073241570591925,17.775695955753328,1.3998186780139803
321.9866644648835,75.16902144737541,10.316582955420015,2.564282724261284,0.5398107448243536,45.92172203063965,69.12547073364257,24.35516834259033,11.295968627929687,9.969606018066406,4.531654119491577,0.6950469017028809,0.0992739349603653,0.3160454154014587,2.404849052429199,0.0699703902006149,0.0491619616746902,1056.6882568359374,3131.627978515625,929.8516845703124,315.53326110839845,157.0469985961914,278.0229034423828,4.1149210929870605,5.445017385482788,19.114340209960936,88.37260208129882,1.6107262015342712,1.2343302369117737,515.3104190587998,1255.2493314087392,2344.3660401355883,0.7646128302905708,1336.1655274495483,280.6014836102724,17.93474682047963,17.652519464492798,1.3953984869411216
338.82725138422103,62.55872404649854,10.41547616282478,3.1463556736707687,0.5191595109645277,45.4296989440918,67.44093246459961,24.331880950927733,10.59681797027588,10.234565162658692,4.455930948257446,0.7021106004714965,0.1011045739054679,0.33680020570755,2.550746536254883,0.0681452788412571,0.0481924042105674,1098.5772216796877,4244.69873046875,932.2967956542968,262.06969299316404,168.62341766357423,270.03443908691406,4.116227102279663,5.550734424591065,20.373672676086425,105.01944351196288,1.5327579259872437,1.2066723108291626,518.2746421337127,1257.1951079279183,2347.512298446597,0.7122791391331702,1343.254383289069,276.2029753267765,18.013656531274318,17.77159399986267,1.3969572674483062
325.1353577843867,72.8360096026212,10.175797348376364,2.203316286206245,0.4391439662431368,46.66379852294922,66.16354141235351,25.622496604919437,11.208330345153808,10.19798994064331,4.586886882781982,0.705908477306366,0.099633914232254,0.3251570522785186,2.295063614845276,0.0626803249120712,0.0495408531278371,1055.5192260742188,3289.94775390625,984.019775390625,301.8142425537109,193.0677612304688,293.31280517578125,4.116887331008911,5.44616289138794,19.52455501556397,76.81049880981445,1.294773268699646,1.1396397471427917,514.7271596193314,1253.6902714118362,2349.629838897288,0.7890197751577943,1339.358314904198,283.2264471270144,18.007515726238488,17.653566098213197,1.3844243285711857
317.72896713074294,71.26567092239857,10.435979591775686,2.716618572175503,0.5236671121441759,45.72711372375488,65.43992462158204,24.030731773376463,11.1981107711792,11.071045875549316,4.686043787002563,0.7258722186088562,0.1042463347315788,0.3348922282457351,2.431387186050415,0.0655084937810897,0.0511783324182033,1004.488525390625,3491.6819091796874,923.309521484375,297.6005249023437,212.1683120727539,283.06211547851564,4.120218133926391,5.7202550888061525,20.311125373840333,92.2249153137207,1.490439736843109,1.2307268619537353,514.3658500671387,1244.1210241645574,2386.9782914775947,0.8026010127272457,1336.4818842247128,284.211816008389,18.022426099330183,17.72643985748291,1.395306347636506
364.77920307610185,74.62501657549292,10.201378765888512,2.453393267095089,0.442012769007124,51.44872589111328,66.44459838867188,25.730164527893063,11.883579540252686,10.923892879486084,4.422866249084473,0.724935132265091,0.0943796269595623,0.3098665177822113,2.196485137939453,0.060902027413249,0.0473976779729127,1231.026452636719,3981.367309570313,983.7843688964844,322.42218322753905,217.91741485595705,279.4922729492188,4.1198811531066895,5.157554054260254,18.919244384765623,79.01242599487304,1.2604802131652832,1.1516246914863586,517.7669579029083,1358.52142598629,2545.1668214240985,0.7329196702223271,1341.275987098366,286.02603206634524,17.783116199076176,17.52402514219284,1.3680534672923386
344.1687159202993,61.81505872793496,10.232130274549126,3.186944451928139,0.4536439261049964,44.47047271728516,69.14130554199218,24.166337966918945,10.239074420928954,9.984992504119871,4.526781558990479,0.6978074133396148,0.1023711144924163,0.3285409897565842,2.526497006416321,0.0641296356916427,0.0510564345866441,1079.296044921875,4518.726806640625,921.0862121582032,249.9748336791992,158.95095977783205,283.86839294433594,4.1154890060424805,5.6017598628997805,19.697456741333006,104.6538948059082,1.331344473361969,1.2803479194641114,519.424320602417,1313.2651570096612,2486.8937793699383,0.7165941214188933,1344.4150366276504,274.75918217748404,18.060776564478875,17.803831934928894,1.3899875831091777
333.1125029897317,65.20539654567838,10.077081839740275,3.0431507125496866,0.4713930057885591,47.676008224487305,68.50807647705078,24.382868766784668,11.07495641708374,10.30997896194458,4.267906904220581,0.6821783602237701,0.0944434411823749,0.3230503767728805,2.515351700782776,0.0643255420029163,0.0478364787995815,1120.9289428710938,3119.12939453125,933.197723388672,282.805419921875,161.00135040283203,261.57281494140625,4.112584590911865,5.165403938293457,19.289887619018558,101.84994125366212,1.3723005414009095,1.197265660762787,514.1417394161224,1295.2050209492445,2460.231047712988,0.7985022156964987,1341.061265385896,277.6390754625201,17.94474795460701,17.7136198759079,1.384253876027651
333.2217530164868,62.04885866306722,10.371324811410158,3.190082287788391,0.4985728317522443,41.97732391357422,72.6856803894043,25.439291191101077,10.896437454223634,10.231571197509766,4.6027604103088375,0.7269308388233184,0.095879478752613,0.3245261251926422,2.583007574081421,0.0657529212534427,0.0469344824552536,1013.9038269042968,4756.24169921875,969.3461669921876,262.0069305419922,201.5218688964844,292.71592102050784,4.120416927337646,5.241598510742188,19.69234504699707,106.99980239868164,1.4566147804260254,1.1038566827774048,516.4114161014556,1289.4521417215467,2437.230757144897,0.6780313330236822,1340.396108722687,279.2261301904917,18.07061993926764,17.81890594959259,1.3969276882242412
337.47798239458353,64.55487887263298,10.418306438066065,2.2819497391581534,0.4544731478672476,46.18352127075195,69.23251037597656,26.44374942779541,11.295608234405517,10.628269386291503,4.608775615692139,0.695195734500885,0.1031320340931415,0.3124495476484298,2.149327349662781,0.0637640483677387,0.0509189929813146,1118.9065063476562,3089.2725830078125,1015.173583984375,281.20848693847654,204.56281127929688,282.44008178710936,4.115013980865479,5.636069965362549,19.09904289245605,73.55662307739257,1.339675533771515,1.201625406742096,512.7255450248718,1279.2316128253938,2447.6365548099275,0.7641343947965652,1344.2614651337267,281.47998782247305,18.022334218025208,17.65152462720871,1.3878304682672025
310.55268361438067,61.08277035616338,10.398751822672784,3.362898272275925,0.5101075845304877,47.16435012817383,69.78110122680664,25.028005599975582,11.044994258880616,10.187621688842771,4.754328489303589,0.7200729548931122,0.1044859752058982,0.3179411083459854,2.538530945777893,0.0692139878869056,0.0524248369038105,1005.2219604492188,4779.461181640625,961.4053833007812,260.8900390625,207.23285980224608,303.5103454589844,4.11929988861084,5.7061910152435305,19.3798734664917,108.18318252563476,1.5405930042266849,1.2939890027046204,508.4435920238495,1217.2511032238604,2135.152512446011,0.8615354869049042,1339.621103978157,279.6698478579521,18.07816145196557,17.82681921720505,1.4017210200894623
335.6105707462877,65.1350666590035,10.167666111513972,2.878379563987255,0.4738715484156273,43.3784839630127,66.31680068969726,25.44206523895264,10.916610431671142,10.553997135162351,4.421412229537964,0.7174142956733703,0.1019940547645092,0.3341042965650558,2.589868187904358,0.0661812342703342,0.0512102533131837,1057.5741821289062,4144.263916015625,970.487921142578,277.2293212890625,173.59393005371095,274.248828125,4.118803262710571,5.5708483219146725,20.086797332763677,101.47123794555664,1.4216226816177369,1.226721107959747,517.6781442642211,1279.923708254099,2485.4165781546208,0.6871105634607375,1340.537457960844,278.3917240202427,18.012193167209624,17.757421004772187,1.3912794715259225
319.6880394281819,71.87492188811302,10.416995402332397,2.282151448726654,0.5321910336031579,43.64981765747071,68.8315330505371,25.83334827423096,11.445055770874024,10.418211650848388,4.7423083782196045,0.6989123702049256,0.098445563018322,0.3387365281581879,2.151604390144348,0.0655718170106411,0.0502144210040569,1025.1844604492187,3187.33349609375,987.6893310546876,302.6424926757812,229.22412872314453,292.4380798339844,4.115676403045654,5.409905815124512,20.420438957214355,73.62117004394531,1.5032338738441466,1.218547511100769,511.85605709552766,1270.7992872074246,2428.491138630564,0.7425925263669342,1338.5585818082095,285.6917189717293,18.0316543020308,17.658076465129852,1.396661030454561
307.306529629603,70.11557760629803,10.102808402944357,2.799388319253921,0.4748682947945781,47.45039176940918,65.07609405517579,24.988113403320312,11.13424768447876,10.505246829986572,4.514693546295166,0.7073160648345947,0.0946450516581535,0.3281643688678741,2.446222162246704,0.0659301601350307,0.0492301072925329,1022.1093627929688,3643.0945068359374,958.167999267578,295.87331237792966,169.740771484375,287.2094390869141,4.117072343826294,5.176884174346924,19.55823764801025,94.42811279296876,1.4214563608169557,1.1612937331199646,510.8909195184708,1239.3853177905082,2185.928443630697,0.8326736845076084,1337.1886005923152,280.23916986435654,18.0065948754549,17.724976551532745,1.3909004419576376
324.831856074743,61.817230416089295,10.424466859456151,2.502706035971641,0.4835987805039622,46.04750709533691,71.04119491577148,25.14020156860352,10.490618801116945,10.580654525756836,4.531942892074585,0.7077540516853332,0.1026344642043113,0.32527876496315,2.222368836402893,0.0673339948058128,0.0506355207413435,1051.9728881835938,5308.5791015625,960.2833251953124,253.083349609375,189.07867431640625,280.5907440185547,4.11722469329834,5.629079341888428,19.5999547958374,80.2075439453125,1.4506116390228272,1.2540680170059204,511.9238919019699,1255.211383512616,2426.05586204367,0.7715591860469431,1345.1649380780757,277.713834528625,18.12938397154212,17.756743025779723,1.401060004089959
319.9616677988321,67.8022462811321,10.298174893297254,2.641828899085522,0.4632708358694799,45.89581832885742,67.42702789306641,23.872318840026857,11.487211418151857,10.71155242919922,4.68416485786438,0.6953317224979401,0.101045299321413,0.3392015993595123,2.270673084259033,0.0646405950188636,0.0470463927835226,1006.3425964355469,3423.2798583984377,916.6012634277344,296.01588745117186,187.6911499023437,296.0804382324219,4.115042352676392,5.540935420989991,20.364504051208492,84.78358993530273,1.3759839296340943,1.0909196376800536,512.5699441432953,1239.9547173023225,2255.000402694865,0.8098135201726109,1337.4103759899735,282.39280217587947,18.03746798262,17.708943819999696,1.3908120313659311
334.5029367435724,70.94514001868666,10.10942757083103,2.431545026600361,0.4538958614342846,44.83039474487305,71.16582336425782,24.85975379943848,11.665234661102296,10.157264804840088,4.525975275039673,0.6864087641239166,0.1001232556998729,0.3180627763271332,2.284037637710571,0.0651239961385727,0.0503288496285676,1056.39287109375,5330.472509765625,946.6026611328124,311.2458099365234,175.29614715576173,280.77149353027346,4.113352966308594,5.470515537261963,19.07320156097412,81.31279067993164,1.3717817664146423,1.1702627539634705,516.875251340866,1271.124970676005,2374.2611041488185,0.7057695289142429,1338.1457767561078,281.9492325901985,17.961697628349064,17.64249974489212,1.3853690817486497
340.13283448647707,66.1920858418569,10.266782984510064,2.7659753069281576,0.4405055226990953,45.04053802490235,67.19932174682617,23.87845516204834,11.188642311096192,10.26961088180542,4.682136297225952,0.6971122026443481,0.0998407013714313,0.3331224709749222,2.4867571115493776,0.0637796051800251,0.050800047814846,1080.0468383789062,3159.0083984375,913.3037719726562,285.2889801025391,176.66205902099608,298.44440307617185,4.115328311920166,5.455559349060058,20.18378734588623,95.34979858398438,1.316123127937317,1.1987146019935608,519.9211313724518,1257.710468004644,2388.859592149308,0.7196903546340764,1340.282699444145,279.7826449468732,17.98665462806821,17.716591930389406,1.3842626460827887
318.7208791773766,74.43320091813803,10.172930111829192,2.708238053321838,0.4851862203562632,44.86357192993164,70.30669479370117,24.473577308654782,11.69174928665161,10.69268970489502,4.396265983581543,0.6962855339050293,0.0979528874158859,0.3193534851074219,2.2992029905319216,0.0619254767894744,0.049038553610444,982.7685363769532,5273.002734375,932.0056640625,318.0711608886719,209.10433959960935,269.44313049316406,4.115173625946045,5.364838266372681,19.101638412475587,87.19374084472656,1.3615034461021422,1.1189781427383425,511.5551407814026,1248.695754942298,2327.967248001101,0.8169980523642153,1333.7354759246111,286.1171925798059,17.98830109462142,17.68083851337433,1.3862748147454114
322.75967684797945,73.7504603575915,10.125704448949543,2.782709863781929,0.4309591670520604,42.73800849914551,63.72479286193848,25.762554931640626,11.561767292022704,10.830849647521973,4.771557331085205,0.7216850578784942,0.0996741510927677,0.3096385896205902,2.3504930973052978,0.0635105974972248,0.050007926672697,996.0932800292968,2898.6542724609376,984.9029479980468,311.3009094238281,220.429899597168,303.19065856933594,4.119527816772461,5.441644287109375,18.601428413391112,90.51178283691408,1.2884271740913391,1.1896209001541138,518.9162874698638,1267.5253418534994,2398.037107964442,0.6830791214946658,1334.344654005766,285.92603957653046,17.989321479201315,17.69522784948349,1.3827036592178046
338.42230074740945,76.7133801497519,10.521771529782564,2.311999723315239,0.505330500198761,42.96772651672363,69.87649536132812,26.37454776763916,11.842064666748048,10.683720588684082,4.840236568450928,0.7029359579086304,0.097821369767189,0.3163973152637481,2.34155821800232,0.0665993101894855,0.038665747269988,1055.5766235351562,3843.8345947265625,1005.5112915039062,326.8940887451172,219.7111572265625,302.2434326171875,4.116281270980835,5.371279335021972,19.344531440734865,80.48050994873047,1.5228309869766234,0.9477433025836944,517.5514556884766,1353.5236136063934,2563.0620792445434,0.6974648787174373,1338.497572171688,287.7729936748744,17.96121876016259,17.76202483177185,1.394310848088935
347.91610762514176,58.70733869113028,10.652672008611262,2.157362499833107,0.5038046559086069,43.7006462097168,72.73399276733399,24.21392650604248,11.000185775756837,10.31848669052124,4.4572587490081785,0.7243727922439576,0.1087465494871139,0.3408829838037491,2.306277561187744,0.0675286658108234,0.0504959482699632,1065.46875,4597.92060546875,929.2020568847656,255.85883178710935,169.53081970214845,284.8775360107422,4.119964408874512,5.974341297149659,20.818909454345704,75.9389045715332,1.5011827230453492,1.1878183126449584,517.5078395366669,1278.570046107471,2443.430246445135,0.7157410048879683,1345.7943790495397,276.7063106968999,18.12201585397124,17.733229088783265,1.403049629321322
326.6184113342315,76.12291070055217,10.256654813420027,2.22224497795105,0.5372240303200669,44.40935020446777,67.62880020141601,24.27987232208252,11.14940938949585,10.442469692230224,4.465647983551025,0.7390410840511322,0.1030394122004509,0.3204682677984237,2.2035316467285155,0.0688632570207119,0.048971027880907,1004.7374694824218,4889.573388671875,928.7513549804688,312.94773254394534,159.27252197265625,281.99342346191406,4.122304439544678,5.629612684249878,19.37858448028565,74.1680892944336,1.5901851296424865,1.1590525269508365,517.1499081134796,1231.6117543056607,2295.379490216816,0.7673655936960131,1336.6441841341557,281.518881315738,18.021909131854773,17.649363100528717,1.4001502397935837
319.71462045535446,66.84229693189263,10.186453338246793,3.2188313364982606,0.5382993436418474,46.30122871398926,70.30151824951172,24.284517288208008,11.494595050811768,10.28615427017212,4.674835681915283,0.7007061660289764,0.1020990557968616,0.3307532966136932,2.622283816337585,0.0671911381185054,0.0464414119720459,1048.3793701171876,4759.361083984375,926.061492919922,295.1405944824219,176.5697006225586,295.5514373779297,4.115928649902344,5.568493509292603,20.06683101654053,109.42513580322266,1.56193870306015,1.075905430316925,511.6624571800232,1259.325676637888,2401.1904170812863,0.7521274920087307,1336.7386515319347,280.0899101041257,17.943712563067674,17.739691305160523,1.3934507104568183
319.03971512317656,74.30660548917949,10.244384985417128,2.4876498952507973,0.5273206531768665,44.86820983886719,68.79767303466797,25.473974227905277,11.393270587921142,10.307034492492676,4.503768682479858,0.6980740189552307,0.0984418496489524,0.3209157735109329,2.4233169555664062,0.067838566750288,0.0482772536575794,1034.1533569335938,2991.554931640625,974.5799560546876,312.4788787841797,179.1442611694336,286.748779296875,4.115480899810791,5.390015172958374,19.34818878173828,87.39225387573242,1.5470635056495667,1.1806693077087402,513.3876823902131,1264.511101320386,2467.3935588838126,0.7210199322085827,1335.9293103136122,282.61342455744744,17.96228683590889,17.667523634433746,1.3941260477527977
319.7726078243926,62.82191406637431,10.384921895340083,3.0358019545674324,0.4526977391622495,47.23096656799317,69.23559112548828,24.99128246307373,11.026544189453125,9.798804473876952,4.624310874938965,0.7070386826992034,0.1024927705526352,0.3361375391483306,2.5959487676620485,0.0611404694616794,0.0505738344043493,1059.6350830078125,3326.086865234375,954.91416015625,272.0787750244141,171.9687469482422,282.9727478027344,4.117084598541259,5.63304648399353,20.23048267364502,104.76877975463869,1.2680063128471375,1.2690018892288208,509.7905529499054,1247.0107650637626,2169.544316887425,0.8342077714856714,1340.3590306982398,277.9601456671953,18.019550815969705,17.773352932929992,1.3836936231935395
312.3993351854384,76.64366545304657,10.259584473539144,2.762732747197151,0.4441973274108022,43.65923881530762,68.19177551269532,24.72326374053955,11.284862327575684,11.12568941116333,4.474400281906128,0.7261745572090149,0.1006208769977092,0.3177810072898864,2.3275387287139893,0.0612730380147695,0.0473368521779775,988.9550537109376,3144.0869140625,941.9536743164062,313.5233825683593,214.6036529541016,274.6397247314453,4.120270347595215,5.506807041168213,19.173341751098636,89.26638336181641,1.263124132156372,1.1507379412651062,515.3193345546722,1270.6643612146377,2456.4177693523,0.6997139417566359,1334.132181100547,285.7399564832449,17.99275153502822,17.69172043800354,1.3814701273106038
334.45193627811966,58.54954243227839,10.43095508860424,2.424144963920116,0.490451608877629,46.30329208374023,73.14185180664063,24.293911743164063,10.97052516937256,10.29325532913208,4.327859401702881,0.714361596107483,0.0961834222078323,0.3304687887430191,2.402667260169983,0.0650284558534622,0.0499516401439905,1088.5308227539062,4669.705908203125,932.0784790039064,257.8729736328125,156.8899658203125,270.9872528076172,4.118336009979248,5.274611949920654,19.98224449157715,85.08025131225585,1.4302438616752624,1.1538645505905152,514.4117199420929,1238.107200539112,2305.1004026551263,0.7562498828861862,1345.3137971684337,275.36697013676167,18.080259769409896,17.74013297557831,1.3963798456359655
317.392162951082,63.6741031980142,10.522508063260466,2.646400934457779,0.4786213050887454,44.30259056091309,73.1128532409668,26.210985946655278,10.440532016754153,10.661654567718506,4.452468013763427,0.7382666766643524,0.1073068276047706,0.3253664821386337,2.4604920148849487,0.0628505483269691,0.0512941680848598,988.2753479003908,4743.7107421875,998.7587768554688,254.87384643554688,207.62469177246092,283.91175537109376,4.122221183776856,5.88919677734375,19.705988121032718,91.63443756103516,1.34692884683609,1.2772827982902526,511.0835365056992,1246.5301076442004,2210.5877345972053,0.7763028257060796,1341.5340333148838,279.3577023334801,18.14775201529265,17.81284495592117,1.3964858276071026
317.06471140123904,74.89850432053208,10.091439551021905,2.7135722234845163,0.4734964382369071,44.42876663208008,66.65407485961914,25.317606925964355,11.950287818908691,11.223645210266112,4.775596380233765,0.6962841868400573,0.0994015991687774,0.3145794004201889,2.304694890975952,0.0616056699305772,0.0469532888382673,993.9293090820312,3327.830078125,962.888214111328,325.94289245605466,216.050895690918,290.81321716308594,4.115164756774902,5.4311683654785154,18.848906135559083,87.56994705200195,1.3251896739006042,1.142195463180542,512.9553427219391,1255.929438407719,2410.870594358444,0.7556865964550525,1332.7535023272037,287.2850071266293,17.95340697467327,17.657626450061798,1.3819645916577428
316.59591668564826,68.09862415958196,10.371055931318551,2.3955217838287357,0.4701742791221477,44.15179252624512,69.21402206420899,24.5456693649292,10.590924549102784,10.306069660186768,4.381252193450928,0.7310243427753449,0.1036629602313041,0.3331059962511062,2.4078139066696167,0.0670139677822589,0.0496112968772649,1004.2556945800782,3553.7910400390624,942.3729125976564,275.1289581298828,181.85788269042968,280.8267303466797,4.121076774597168,5.6599071502685545,20.25207958221436,84.60981369018555,1.43401095867157,1.1555720686912536,511.39579849243165,1243.7284230291843,2310.260859359015,0.7631686426699161,1340.0359305359425,279.65795804560184,18.097581849247216,17.751003658771516,1.397897560195997
321.965976206027,59.72160163260996,10.219476067926736,2.8945397779345514,0.5343283835798502,48.19992790222168,70.22502136230469,24.12197971343994,10.600111961364746,9.911375045776367,4.1910905838012695,0.7272342622280121,0.1003780156373977,0.3378607243299484,2.422124981880188,0.0660190500319004,0.049735065549612,1068.9138671875,3777.070190429688,925.6421508789062,253.16065368652343,155.05673370361328,256.9564666748047,4.120471239089966,5.475867748260498,20.359099006652837,95.1342788696289,1.5236088156700134,1.1482014179229736,508.1878522634506,1194.305406756699,2100.2491491394817,0.8912183749023825,1343.7874590530992,274.75685646981003,18.08572053164244,17.783104968070983,1.4013440394308418
317.6729771029204,65.78715602010489,10.375315261539072,2.728121393918991,0.493389829644002,47.82825546264648,73.80577392578125,25.09750747680664,10.601228332519533,9.892765045166016,4.458759117126465,0.7317876279354095,0.0966174244880676,0.3274953365325928,2.4296872854232787,0.0644666485488414,0.0505404084920883,1034.5504516601563,5317.786767578125,954.9637756347656,270.84967041015625,166.9532470703125,275.4474578857422,4.121202230453491,5.311035394668579,19.62508029937744,92.2763427734375,1.412120521068573,1.2387148022651673,509.2590836763382,1246.6967835783958,2242.6216358177944,0.8947720659896732,1341.1278518095612,277.95765068382025,18.07219982594252,17.76337996721268,1.394855397660285
302.9838466254063,77.09181724227965,10.16537465499714,3.1342481285333634,0.5029909719829447,46.10526657104492,66.96967468261718,24.13620700836181,11.561259269714355,10.820179080963134,4.701809406280518,0.7206290662288666,0.1040200904011726,0.326085638999939,2.6333879232406616,0.0683284513652324,0.0473445117473602,990.844110107422,3993.34892578125,927.4193603515624,323.4723388671875,197.41053009033203,290.6761749267578,4.119195652008057,5.711246490478516,19.49056739807129,108.4050552368164,1.5306540250778198,1.0928756237030028,510.2114198684693,1247.635227446258,2284.126784665749,0.7777240845374763,1330.7909448757769,284.96752078682186,17.910205728560687,17.7068771481514,1.389285746961832
314.82984564434736,67.74947528336197,10.380944603588432,2.26606762111187,0.521714249328943,46.02236747741699,69.5717658996582,25.27209949493408,11.207171154022216,10.345984363555909,4.79349422454834,0.6996058344841003,0.1042932420969009,0.3304950624704361,2.216943907737732,0.0706870056688785,0.0514926925301551,1011.7298095703125,3350.1705078125,970.0979370117188,290.87408752441405,168.3856460571289,302.49420471191405,4.115792512893677,5.701749181747436,20.07427082061768,75.42141952514649,1.5904242515563964,1.2850350141525269,509.4333179235458,1247.269776237011,2227.2436402709573,0.8552506108768284,1339.0638159781695,280.3382726982236,18.06908508390188,17.69365402460098,1.4040187569335103
322.9687409022823,67.9136480204761,10.66224156403914,2.8448152393102646,0.483918947877828,44.37129783630371,68.47491073608398,24.86184616088867,10.80072317123413,10.883935546875,4.427834272384644,0.7245303273200989,0.0984199218451976,0.3257582902908325,2.457999587059021,0.0622777510434389,0.0497186079621315,1022.6854064941406,3744.6601318359376,953.5682373046876,278.4454833984375,210.3374267578125,274.6190887451172,4.120028638839722,5.412287759780884,19.938126182556157,95.65367126464844,1.3497084140777589,1.2263000011444092,514.3281355381012,1258.3596784979104,2454.9971464248897,0.746640440588817,1339.4891029432415,281.76584887057544,18.05116397961974,17.76154135465622,1.390118597331457
329.9716221267357,72.4320222619921,10.458311480190606,2.1427923411130907,0.496974187757587,48.70195350646973,71.26639862060547,24.579710006713867,11.442018604278564,10.571195602416992,4.4883349418640135,0.6942308902740478,0.1062989972531795,0.3207991749048233,2.263215184211731,0.0631279729306697,0.0505982514470815,1105.7631591796876,4216.630126953125,941.8175354003906,307.77008361816405,188.66434478759768,284.7914733886719,4.114796161651611,5.8339423656463625,19.55741004943848,74.53443832397461,1.3912846803665162,1.2600018382072449,512.0908603429795,1288.353235183656,2490.1036065709427,0.8397258139681071,1340.580960331857,283.23495416790246,17.95472057759762,17.60931532382965,1.3856576728634535
318.9029624275863,63.41840936243534,10.491463843267413,3.119720339775085,0.4733583196182735,44.52612838745117,64.7005386352539,23.948897552490237,10.3841890335083,10.2958664894104,4.36198353767395,0.679314136505127,0.0991014912724495,0.313695365190506,2.6862566471099854,0.0642395079135894,0.0499354846775531,1007.941357421875,2875.884155273437,912.8333435058594,259.3841522216797,164.0851791381836,264.57086181640625,4.112124300003051,5.442166614532471,18.99333038330078,109.86813049316406,1.3799677610397338,1.18272465467453,515.5001453638076,1252.553916107118,2421.155715477094,0.7474517883732915,1339.2205979824066,276.3606447294354,18.072749304026367,17.831506168842317,1.3932256211061032
313.01648433804513,66.63920469582081,10.438927629310635,2.619306075572968,0.53215412896825,44.39167175292969,65.05963516235352,26.007431983947757,11.574969291687012,10.64770050048828,4.410340070724487,0.7296563684940338,0.0967383243143558,0.3152859985828399,2.497860550880432,0.0655091509222984,0.0515427011996507,964.3426086425782,3659.617919921875,998.3647094726564,290.6894561767578,230.69113464355468,275.1606109619141,4.120858907699585,5.287727928161621,19.24279193878174,92.62347564697264,1.4949594855308532,1.284779155254364,511.5677374839783,1242.0963701933622,2246.7662872788555,0.7971682509407401,1335.5190432623028,284.75068856477736,18.06477831229568,17.75852656364441,1.39843461480923
305.7987125556916,71.60856841504574,10.539547231141478,3.0613794535398484,0.5183938135625794,43.08605766296387,66.20877838134766,25.40205364227295,10.92596082687378,11.24961814880371,4.7935669898986815,0.7152335941791534,0.1005614906549453,0.3430259227752685,2.588625979423523,0.0668347544968128,0.0466122899204492,933.0855407714844,3911.2314697265615,972.8487365722656,289.25303039550784,234.80951385498048,297.38011779785154,4.118487071990967,5.526314067840576,20.8342077255249,104.87249298095703,1.5123415112495422,1.1039162635803224,511.088000369072,1244.7257325515152,2247.88968887013,0.7520527295768261,1332.749942011386,284.86725099533794,18.05987413972616,17.801730728149415,1.3989693753886967
327.0243594560772,77.92713728882373,10.396301661245523,2.3219751551747323,0.4490985623560846,46.03925094604492,74.10913925170898,24.4826774597168,11.312687110900878,10.47084093093872,4.730398893356323,0.7007075190544129,0.0963880471885204,0.3297290205955505,2.3720849752426147,0.0602519795298576,0.0484734088182449,1056.6057739257812,5326.614306640625,936.8083190917968,318.23753967285154,204.8260498046875,285.9157257080078,4.115932989120483,5.287870121002197,20.03685245513916,82.10578308105468,1.255412769317627,1.167913031578064,517.2925543785095,1315.852280253172,2537.682024302077,0.7233552512247116,1337.3146254621447,285.41979466676713,17.94267592057586,17.63139216899872,1.3778818922583014
321.1706757176668,65.83141943365335,10.390764285437765,2.232990877330303,0.4390918858232908,46.23492012023926,71.36924285888672,24.691038131713867,10.682275676727295,9.993036270141602,4.726227045059204,0.7107570171356201,0.0985851757228374,0.339214488863945,2.279221534729004,0.0633974112570285,0.0465748980641365,1015.818585205078,4323.87255859375,947.112060546875,271.8645751953125,168.37813415527344,300.5152130126953,4.117736339569092,5.412709617614746,20.35401268005371,76.7199920654297,1.2993118643760682,1.095098078250885,514.5228032588959,1237.4993956133724,2314.040277523733,0.7983900999184698,1341.6775984421372,278.5987609535456,18.113369268924,17.730260622501373,1.3920561629813164
308.73726929500697,73.62661713957786,10.30608253357932,2.5917813286185263,0.5094670813414268,47.29070320129394,71.40242614746094,24.24664077758789,12.14969367980957,10.533701992034912,4.628227281570434,0.6898861527442932,0.0965309344232082,0.3233495533466339,2.4678725004196167,0.063736855238676,0.0489421915262937,1009.6106018066406,5321.23505859375,923.4192565917969,327.7344573974609,210.9552978515625,279.97755126953126,4.113968372344971,5.279191589355468,19.67967300415039,91.259610748291,1.4337832808494568,1.172337806224823,509.80187928676605,1246.066368365288,2238.8200757078475,0.8337965427432209,1332.9704325571656,286.61617778092625,17.926053250581027,17.65420640707016,1.385616313945502
326.95179744698106,65.06898670569062,10.536896295659243,2.9674819320440293,0.4557524397969246,47.6746166229248,68.89251556396485,25.49424934387207,11.17530574798584,10.858901977539062,4.735236883163452,0.7136364698410034,0.1059388980269432,0.3360179990530014,2.5410918951034547,0.0644415766000747,0.0473187230527401,1065.5309814453126,3905.379150390625,976.4859313964844,276.88433532714845,228.37079315185548,294.9737243652344,4.118208408355713,5.8115486145019535,20.55514736175537,101.31034545898436,1.3600040316581723,1.0950337648391724,513.073610830307,1281.0821910873055,2448.325029109465,0.8157710434868932,1340.610166874528,282.6228369042277,18.01092832237482,17.755718398094178,1.3881228728219868
313.1402723236009,68.91297351159156,10.118039521202444,3.159964302182197,0.5252910933399108,45.105587768554685,65.85688400268555,24.815703773498534,10.740491390228271,10.461377143859863,4.774911165237427,0.7076092839241028,0.1037758022546768,0.3265835016965866,2.5076131343841555,0.0691585183143615,0.0484157312661409,1018.3230285644532,3873.445190429688,948.5727905273436,281.1586029052734,187.3763854980469,301.6245910644531,4.117191314697266,5.664485311508178,19.57048645019531,103.48058013916015,1.5643620848655702,1.2135667681694031,510.8065143108368,1245.5845104143025,2347.6384887407244,0.753672388382256,1338.195289812237,280.3475989408791,18.02700162678957,17.7752938747406,1.3995534647023304
321.8637113507837,60.06095139943064,10.503182332217694,2.982230404019356,0.5408228639396839,46.33158988952637,65.43462982177735,25.3074068069458,11.039332580566406,10.025164699554445,4.653957271575928,0.6894950687885284,0.0995255328714847,0.3404805690050125,2.642323136329651,0.0661993212997913,0.0523010395467281,1053.5144287109374,3496.66943359375,966.3440246582032,263.15467224121096,168.26614227294922,292.48203430175784,4.113986921310425,5.470898818969727,20.62595386505127,105.50585632324218,1.524425172805786,1.3067911624908448,511.3220273017884,1245.5762318193913,2331.79455344663,0.7824861469678581,1341.2621963702145,276.71989133656024,18.04244299307465,17.794852089881896,1.398539000051096
327.68296220321207,70.26631916891783,10.34778210837394,2.227239838242531,0.5230176951969042,47.67840003967285,66.72177581787109,25.58614196777344,11.17129831314087,10.849258995056152,4.725478553771973,0.718743097782135,0.1038035027682781,0.3287694096565247,2.207607865333557,0.0647315882146358,0.0470846030861139,1067.67236328125,3609.0488037109376,979.34248046875,294.69798278808594,194.6790771484375,298.87355651855466,4.119065046310425,5.664327716827392,20.066957473754883,74.39147720336913,1.47634117603302,1.1073423624038696,513.733390545845,1241.4202548637986,2289.290050158027,0.8346068116370589,1340.921125205606,282.657222097367,18.0246668368578,17.655742025375368,1.394757870864123
321.2552720317617,67.72567475959659,10.267403164785357,2.993293018639088,0.4439054762711748,45.45791931152344,69.50270080566406,24.41497592926025,10.640883922576904,10.007289123535156,4.302798461914063,0.6877504706382751,0.1051902174949646,0.329883936047554,2.575010323524475,0.0616568274796009,0.0504573553800582,1029.0514770507812,3964.402124023437,935.9230712890624,275.1116912841797,191.9461883544922,264.18829650878905,4.113631629943848,5.770064830780029,19.748312568664552,103.0849723815918,1.2789315462112427,1.1717435479164124,515.4128929138184,1236.19720800817,2286.150759032846,0.7770847594831138,1339.347744331509,280.1609272032976,18.035319780558343,17.779691767692565,1.3855436058249324
330.5200151927769,73.1565259905532,10.300869400333614,2.35613801330328,0.5108662911050488,45.34168395996094,64.70974349975586,23.8502628326416,11.248721885681151,10.690542221069336,4.582241773605347,0.7171272218227387,0.1003772675991058,0.3340036541223526,2.280688166618347,0.067631759494543,0.0484610591083765,1055.9716918945312,3000.928466796875,915.5844848632812,302.1652191162109,214.50597229003907,289.5483856201172,4.118782377243042,5.5087282180786135,20.071947288513183,79.58324432373047,1.5116889238357545,1.193508505821228,518.987492609024,1309.6972729474303,2509.769078503159,0.7287089677061885,1339.00770400092,285.0024890817702,17.99911236092448,17.661662888526916,1.395003877906129
312.28455735053865,75.61665437351913,10.29041838357225,2.3888000175356865,0.4629014928825199,43.79349708557129,66.03283615112305,25.386695861816406,11.643973445892334,10.838490772247315,4.899850988388062,0.7011339247226716,0.0964135251939296,0.3348656088113785,2.276176905632019,0.0612788159400224,0.0478919923305511,961.2157958984376,3372.2759765625,971.7738342285156,317.9218475341797,221.2197052001953,312.52882080078126,4.116050481796265,5.3013475894927975,19.979823684692384,80.0725700378418,1.303103268146515,1.1333989024162292,514.6357401371002,1237.8683172747492,2308.641119185189,0.7544656810816377,1333.2198183059693,287.06759126856923,18.02123511955142,17.672964251041414,1.3854507104028015
314.35528506189587,68.61767112202942,10.38922655051574,2.270769585669041,0.5213309584069066,48.64152183532715,65.4244270324707,24.80556011199951,11.17567710876465,10.708999156951904,4.693628787994385,0.729349035024643,0.1033174037933349,0.3199896216392517,2.3330920934677124,0.0644126430153846,0.0518037393689155,1055.972509765625,3047.0799560546875,944.7116027832031,292.22947998046874,181.49353790283203,287.78981018066406,4.120806217193604,5.639442491531372,19.57376899719238,79.50722045898438,1.45837699174881,1.2709684371948242,508.9653939247131,1216.8508847400549,2142.512772141438,0.9102202653419228,1339.8898114278911,281.38799368739126,18.02926667742431,17.67948398590088,1.3940844626165927
317.5835252964869,72.68848439753056,10.20476661901921,2.553531548380852,0.5264197750482709,45.44232864379883,67.03962173461915,26.044466972351078,11.823715877532958,10.424635124206542,4.544355154037476,0.6957356095314026,0.0992367967963218,0.3113425731658935,2.286728882789612,0.0650121144950389,0.0493346765637397,1004.5968505859375,3801.709448242188,999.617315673828,321.0043395996093,162.44339752197266,288.64397888183595,4.115053033828735,5.430668067932129,18.728913497924804,83.82080764770508,1.4929548740386962,1.1442301869392395,512.1265787601471,1243.0404654324054,2230.336623718578,0.7931241213809699,1334.3568377114832,282.0715721651912,17.96969625800848,17.65518453121185,1.3916753808036446
315.88075382541865,73.51656446494162,10.315262607764453,2.334446448087692,0.5038299744308461,44.37972755432129,66.51623764038087,25.70652503967285,11.665094184875487,10.019383907318115,4.654787588119507,0.7328569531440735,0.1022110879421234,0.3243440926074982,2.2973282098770142,0.0635251723229885,0.0493482813239097,973.8372497558594,3796.563720703125,985.1392517089844,318.4371978759765,168.75130310058594,287.7423553466797,4.12136812210083,5.615047931671143,19.450934219360352,79.69120025634766,1.4125999808311462,1.2053955912590026,511.7870585441589,1244.3611378356811,2368.37199898925,0.7977270476985723,1333.9832321219146,282.9728422626853,18.01516389176249,17.665953195095064,1.390484313527122
325.6563627852127,72.77339225169271,10.080139164999128,2.9396067380905158,0.4821284783654846,41.81551971435547,63.56999473571777,25.62658977508545,11.000275993347168,10.3507004737854,4.739791297912598,0.7169682800769805,0.0972428172826767,0.3340756475925445,2.5533737659454347,0.0625278897583484,0.048802064359188,1010.919091796875,3032.809643554688,978.6875122070312,298.3658905029297,180.83124542236328,299.8169281005859,4.1186936378479,5.308353328704834,20.00139389038086,101.3131202697754,1.3523203611373902,1.2176369905471802,515.7516913414001,1288.0719070523978,2425.13407470276,0.6897537207230926,1335.693423537165,281.49133954718707,17.98731684535742,17.738216161727905,1.3857927287230267
326.52826852574947,60.9877923918888,10.205782455671578,2.8654042810201643,0.5117299161385744,47.41950912475586,70.16008529663085,25.684922409057616,10.962556838989258,10.850408363342286,4.364120578765869,0.6815296590328217,0.1023996569216251,0.3182756692171097,2.438225626945496,0.066183640062809,0.049828340485692,1086.2204345703126,3642.9736083984376,978.3575012207032,258.7218811035156,216.2856430053711,276.7902557373047,4.112508487701416,5.604328346252442,19.03789882659912,95.26792068481446,1.4810572385787963,1.2162930727005006,513.2908899307251,1241.738014613092,2311.7704723552333,0.7931303672026843,1343.9587940633296,279.59924706593154,18.055414989590645,17.765206825733184,1.397436353424564
317.27971462123094,63.075857649743554,10.520268209744245,3.206099972128868,0.5094382395269349,47.80684852600098,66.88640518188477,25.63815078735352,10.283005809783935,10.18958625793457,4.456307220458984,0.6911193490028381,0.0971598841249942,0.3243236571550369,2.641612148284912,0.0678665466606616,0.0487918555736541,1044.6750610351562,3559.9816162109373,974.8284362792969,254.0576950073242,171.8145950317383,278.3609313964844,4.114293813705444,5.339153528213501,19.65973320007324,109.70912857055664,1.514505922794342,1.1846415400505066,509.4755469322205,1241.7161009669303,2241.7664389333686,0.8783735463395714,1341.669770476222,276.3820099398493,18.063046453893183,17.823505306243895,1.399463575473055
309.1452053524554,75.56943187378347,10.513384018000217,2.994888050854206,0.4326133009628393,47.00546722412109,67.68995742797851,24.892097854614256,11.549883270263672,10.0358380317688,4.367397594451904,0.7085941433906555,0.1031343154609203,0.3135655403137207,2.461889839172364,0.0641900166869163,0.0503384485840797,1022.8389526367188,3071.368017578125,949.229071044922,321.7485107421875,167.69930267333984,268.0891387939453,4.117275047302246,5.662821102142334,19.218280029296874,98.91434631347656,1.313062596321106,1.1839988231658936,508.5216085910797,1249.4458870097994,2198.589082228299,0.874148485576734,1332.8949718058109,282.53580716997385,17.917133580520748,17.67700308561325,1.379024707665667
333.92787774149326,77.23228384908289,10.44211339149624,2.775304079055786,0.4893327868892811,42.968008804321286,67.98188095092773,24.278507804870607,11.753627681732178,10.772907066345216,4.734115171432495,0.7018139719963074,0.0967875272035598,0.3390306860208511,2.367136025428772,0.0653036892414093,0.0467144276946783,1029.7883178710938,3466.8394287109377,929.4407531738282,325.9161712646484,221.1419677734375,298.3461181640625,4.1160801410675045,5.3161476135253904,20.59621391296387,90.73280563354491,1.450137162208557,1.0774384021759034,521.0773003578186,1346.0798073291778,2571.5933230127207,0.6782737759873271,1336.470168714225,287.49544670432806,17.959023448079826,17.801241636276245,1.3901575736235827
312.73101847283544,63.31863322779536,10.37287096604705,3.106751909852028,0.5198857064708136,46.296847915649415,64.35948257446289,25.501060485839844,10.340115737915038,10.846868228912353,4.618664932250977,0.6836390793323517,0.0960322618484497,0.3309226602315903,2.4846072435379027,0.0673306807875633,0.0486391428858041,1011.672332763672,3324.4519775390627,978.1293395996094,252.37201538085935,211.7302703857422,280.8995849609375,4.112925720214844,5.268627786636353,19.85722064971924,101.41116638183594,1.522408401966095,1.1568475365638733,509.3643990755081,1222.8788279667497,2166.8943056741614,0.8540316327940672,1341.3209168598055,279.0393790692091,18.11093304604292,17.827045571804046,1.4032597560901194
338.4473328847438,61.4930018927902,10.203248491510749,2.6159467533230782,0.5420321483165026,42.61687507629394,68.5320556640625,24.549931716918945,10.798803424835205,10.38096513748169,4.477069091796875,0.6835051119327545,0.1009994328022003,0.3321719616651535,2.334348464012146,0.0686339303851127,0.0463749315589666,1028.8197875976562,4596.770361328125,942.9723815917968,258.6440185546875,205.02796478271483,271.2924865722656,4.112898683547973,5.514587116241455,19.904734420776368,86.45887985229493,1.5927335143089294,1.0717217445373537,517.8377027511597,1277.7136031493544,2425.808118739334,0.6788660755380989,1343.2106903336942,279.05107194185257,18.113117277622223,17.77441351413727,1.4073885324411095
324.07503910437225,71.08931959494949,10.343327125627548,2.820552444458008,0.444554120185785,43.05293922424316,69.28306655883789,25.495166015625,11.229790306091308,10.619912147521973,4.815378904342651,0.6802241384983063,0.0989329472184181,0.3341917097568512,2.5560816526412964,0.060972598940134,0.0500679314136505,979.9640380859375,4209.537109375,972.3591003417968,296.9922302246094,207.93441772460935,301.3009033203125,4.11228494644165,5.43725438117981,20.041512298583985,99.0062728881836,1.261648404598236,1.1872384548187256,514.9823033809662,1236.4944236427546,2332.470680205733,0.7321267251390964,1335.1748007416725,283.9919706702232,18.01939164698124,17.7516517162323,1.3834925706498324
318.8306884078309,71.76830260455608,10.411506959144026,2.554057323932648,0.5196412833407521,42.58739318847656,68.21537780761719,25.55500774383545,11.383059310913088,10.77020196914673,4.363233041763306,0.688290399312973,0.1017634972929954,0.3428165674209594,2.24477083683014,0.0681163899600505,0.0485527545213699,962.4036437988282,5182.853076171875,979.8937683105468,303.22467346191405,206.405940246582,270.7527618408203,4.11376576423645,5.55993161201477,20.91375026702881,82.14658660888672,1.5304702520370483,1.2188993334770202,515.1325237751007,1236.526518419385,2249.9317749764946,0.7266594312619418,1335.3321174263954,284.37042727917435,18.053417936712503,17.708801424503328,1.3996951987501234
308.2672573616728,65.81158012375235,10.587138760462404,3.0461659476161005,0.529266455816105,47.378933334350585,69.65550003051757,25.2487699508667,10.95358066558838,11.07496976852417,4.623264408111572,0.7311754286289215,0.1015956982970237,0.319604617357254,2.549932074546814,0.0668923623859882,0.0481765933334827,1020.7180603027344,3795.2864013671874,964.7155212402344,275.28444519042966,219.0457794189453,283.730615234375,4.121092844009399,5.5771256446838375,19.54969272613525,103.07351531982422,1.5251815438270568,1.1811429262161257,507.7327021598816,1251.2311017051338,2278.1851316888933,0.8722408934496343,1338.8505353666842,282.05847884565594,18.044467528909443,17.78512647151947,1.398623457038775
333.6942575924098,75.28662101775407,10.218124800454826,2.725743314623833,0.5121456995373592,45.50535202026367,66.6871109008789,25.14556541442871,11.830409240722656,11.022597789764404,4.707939147949219,0.6929881811141968,0.1012429103255272,0.3303658962249756,2.412311148643494,0.0688682816922664,0.0501273572444915,1083.1336669921875,4187.907666015625,959.6446899414062,321.9191650390625,226.0719421386719,300.4396209716797,4.114458274841309,5.53394045829773,20.06870517730713,91.9723876953125,1.5543903827667236,1.186635529994965,516.2905617713928,1316.6151709541678,2472.36990069442,0.7200393124017864,1336.437599055469,287.1414526835084,17.877318558096885,17.63108915090561,1.3888956180773675
345.10759617052975,65.65089916680009,10.098983543366192,2.8393416926264763,0.5010819560149684,45.7145450592041,69.38554000854492,25.56178932189941,11.377564716339112,10.349592685699465,4.722967052459717,0.6987428903579712,0.0965676799416542,0.3146796077489853,2.4355958223342897,0.0635509006679058,0.0469615131616592,1096.2854370117188,4703.489794921875,976.424578857422,286.97096252441406,189.75348358154295,300.29624938964844,4.115469741821289,5.270818901062012,18.8887149810791,94.8553451538086,1.4112724184989929,1.14140442609787,518.383249950409,1267.5233887940644,2410.5289852776623,0.7413858084473759,1340.9941191099583,280.9470725059509,17.9705069988966,17.704008555412294,1.3878626017365605
327.7260386995971,70.18546609729529,10.276752361282709,3.0670373767614363,0.463920494535705,46.38490791320801,72.2653305053711,24.98607635498047,11.24963493347168,10.60321044921875,4.654059934616089,0.7054777145385742,0.0963689684867858,0.3119062185287475,2.436719536781311,0.061321098357439,0.0501799572259187,1054.6448486328125,4740.013671875,951.0319458007812,296.5616058349609,202.2656448364258,283.11529541015625,4.116778802871704,5.276719951629639,18.844728088378908,99.0965217590332,1.300884735584259,1.230780005455017,514.5855462551117,1268.397151657939,2444.98731273858,0.764413654897362,1338.0087626561522,283.0368656337261,17.96536692529917,17.7152237534523,1.381806896487251
317.5419346962124,61.384672795422375,10.562000967282804,2.915829235315323,0.490989407087909,44.39283599853516,70.74527511596679,25.6638032913208,10.878687000274658,9.824623584747314,4.36472373008728,0.7337761163711548,0.1026895247399806,0.3412112861871719,2.6174552917480467,0.0634870506823062,0.0484410103410482,996.354266357422,4122.431005859375,984.392431640625,261.31895751953124,180.15442810058596,277.70021667480466,4.121499538421631,5.6333166599273685,20.803800201416017,103.09952697753906,1.3827070355415343,1.209128987789154,511.2766819953919,1238.0481495782733,2183.449351329461,0.7894716896116734,1339.7904133923353,277.8318623520434,18.09681046083569,17.82072706222534,1.394727721507661
330.7575772184879,61.6513817306608,10.434224487561732,2.5597306907176973,0.4390268086106516,44.30466957092285,69.98772735595703,25.17906093597412,10.828003025054931,9.876626300811768,4.649505138397217,0.7203658521175385,0.1013851426541805,0.3134771198034286,2.413832426071167,0.0635527268052101,0.0493056058883667,1021.8853637695312,5148.74462890625,966.077392578125,263.96654052734374,156.76468048095705,294.380615234375,4.119348049163818,5.560301733016968,18.93484306335449,88.25238418579102,1.305362629890442,1.147672140598297,514.9312579154969,1250.0977407172322,2337.1997935606983,0.7490553928073496,1341.9986302122477,276.4733239278197,18.104561744630335,17.771196281909944,1.3917173749767244
323.59390861950817,63.79808481708169,10.352910464629533,2.535025824606419,0.4829282615683041,47.31441688537598,69.12220458984375,24.824363708496094,11.343204593658449,10.22417449951172,4.525897026062012,0.7285935819149018,0.0970374710857868,0.3133223176002502,2.293932056427002,0.0646863639354705,0.051247863471508,1078.033642578125,3948.966552734375,946.8451538085938,278.18402404785155,212.58726501464844,280.33799743652344,4.120685577392578,5.323866605758667,18.864905166625977,83.5742301940918,1.3990016341209413,1.2639254927635193,511.5227776050568,1247.0953175261616,2353.763645193854,0.7979193968232721,1342.5823560476304,281.5529316499829,18.04153149798513,17.70577847957611,1.3920568111352625
329.0835715757683,74.5528508413583,10.236569364368917,2.260464471578598,0.4657480172114446,45.126639938354494,68.81812210083008,25.86767578125,11.176589488983154,10.13760471343994,4.71228289604187,0.733008623123169,0.1024716474115848,0.3291020303964614,2.146439719200134,0.0635902166366577,0.0482680555433034,1044.1526000976562,4484.342529296875,992.0104675292968,307.2500305175781,187.70318603515625,285.67588806152344,4.121383237838745,5.594528484344482,19.917251205444337,73.06073532104492,1.3609858274459838,1.113488602638245,516.0191366195679,1254.4456811591983,2338.110870813951,0.7576451862696558,1339.0469665020703,283.336527402699,18.010122088342904,17.637379932403565,1.387741293059662
338.70758363343776,70.07003381606191,10.241213048994542,2.5481192395091057,0.4501676094601862,47.79716339111328,65.95510025024414,26.09345817565918,11.865548133850098,10.522523880004885,4.51931619644165,0.6852090656757355,0.1020237557590007,0.3165767431259155,2.326849341392517,0.0615579549223184,0.0506441574543714,1123.938330078125,3883.474365234375,1000.5026916503906,311.8651184082031,188.9353820800781,287.92723083496094,4.113113737106323,5.594033050537109,19.098904609680176,85.29654693603516,1.292613649368286,1.1930334568023682,515.8755456447601,1262.9140899807214,2385.718439262057,0.8031376786530018,1339.3151987098158,283.1034347072244,17.897124686837195,17.614974474906923,1.3768942718394102
364.04246397055687,72.03739836066961,10.26480950396508,2.501545014977455,0.4337630347930826,50.42438583374023,67.58441543579102,23.633374786376955,11.677927494049072,9.796726608276368,4.358847427368164,0.6981160402297973,0.10047507584095,0.3332216769456863,2.342989301681518,0.0615542270243167,0.0462744444608688,1212.4679809570312,3959.373901367188,904.4667358398438,315.793017578125,161.05318908691407,272.3331329345703,4.114146327972412,5.502103424072265,20.367013359069823,85.52498397827148,1.2660697817802429,1.0825849413871764,519.3138765811921,1328.1188216418027,2491.3182810999106,0.7530745188239962,1338.8010455958545,280.52578699439766,17.762927477806805,17.412269937992097,1.3659613837022335
327.1794515920803,71.78153027333319,10.56643368564546,2.408119730651378,0.4785696999577339,43.525675201416014,67.29987335205078,25.99891624450684,10.997936153411866,9.938050651550292,4.539389705657959,0.7087458431720733,0.1032122388482093,0.3282680302858353,2.290372085571289,0.0650844290852546,0.048074060305953,1014.8659729003906,3599.6329345703125,993.9594665527344,298.5401611328125,154.2272216796875,281.2409912109375,4.117363977432251,5.667111110687256,20.04679946899414,80.91960906982422,1.401197373867035,1.178780436515808,515.44280295372,1268.733470287919,2403.109952166845,0.7226359247695655,1338.2338913314045,279.47973849773405,18.03568008169532,17.691218781471253,1.3918508066330104
329.0312013179064,70.53789652213455,10.391278575733304,2.981556403636932,0.4780605347361416,43.74339256286621,66.46309890747071,24.809398651123047,11.350725841522216,10.860018253326416,4.6655348777771,0.7057494938373565,0.0998286180198192,0.333480167388916,2.4852622747421265,0.0675096929073333,0.0499145302921533,1028.063037109375,4187.237451171875,947.2917175292968,300.1061248779297,201.32353820800785,290.02052307128906,4.116750955581665,5.47702579498291,20.22148723602295,99.46237564086914,1.462962067127228,1.1703569889068604,518.7099994182587,1234.5296923443675,2291.5221943569195,0.7143772902898491,1336.4826316863298,282.97103735506533,17.972455004602672,17.721243453025817,1.3906362810637802
344.17896523810924,72.03943603150546,10.493999609537422,2.2886365577578545,0.480910426727496,42.14243698120117,73.94706878662109,26.295940780639647,11.549376487731934,11.67096471786499,5.07583703994751,0.7258690059185028,0.0972489990293979,0.3274340122938156,2.297341465950012,0.0631095349788665,0.0294094445183873,1039.728125,4931.12099609375,1001.6770263671876,309.7051116943359,209.98998260498047,316.95745544433595,4.120196390151977,5.332117223739624,19.81282272338867,77.21765823364258,1.4211126685142517,0.6897989988327027,521.0127170085907,1363.6887655973435,2640.7522872644827,0.6806504738982767,1347.644215644896,285.62650016993285,18.159048006683587,18.25614016056061,1.4063814038061535
337.71153717990967,63.32787574119866,10.452226875908671,2.554835267364979,0.4587275231373496,44.31019325256348,71.69491195678711,25.16381931304932,11.334487533569336,10.808589935302734,4.540776681900025,0.6901664137840271,0.0965631730854511,0.3129377424716949,2.397365498542785,0.0615737114101648,0.0474431090056896,1051.2098510742187,4639.3533203125,966.170343017578,278.6143737792969,195.46707611083983,284.85943603515625,4.1140772819519045,5.288479566574097,19.045004081726077,87.68110961914063,1.3013004660606384,1.120055949687958,515.8190998077392,1244.0923093318938,2339.4383635423496,0.730832002684474,1341.4194580294193,280.6961591809988,18.04493228420615,17.727115714550017,1.3874362014234063
333.03387371888385,60.74339741654694,10.655927434936164,2.5736332908272743,0.5151620538556017,46.05319900512696,71.95991744995118,24.63295841217041,10.882280158996585,10.280301570892334,4.605435132980347,0.682191002368927,0.0998253494501113,0.3331748336553574,2.4410367012023926,0.0673921629786491,0.0487834755331277,1030.149169921875,4828.2572265625,946.0733581542968,260.227197265625,175.74974060058594,292.2815826416016,4.112659454345703,5.481436109542846,20.38240165710449,89.51418685913086,1.5231187343597412,1.1175293684005738,516.2099386692047,1246.7765746742486,2351.6034503252245,0.7758704972919077,1342.4419958256185,277.61331124678253,18.10220858156681,17.778317856788636,1.403079236112535
303.1475492445752,76.87717860862612,10.211986687593162,2.480889327824116,0.4839709163235966,45.41476135253906,66.6067008972168,24.83528671264649,11.251114082336423,10.529693412780762,4.699508810043335,0.7420235574245453,0.0971429072320461,0.3156240254640579,2.277452492713928,0.0669296212494373,0.0487558580935001,964.8303466796876,4277.677294921875,952.1337158203124,312.8142456054687,206.4477966308594,291.3958374023438,4.122792387008667,5.302139854431152,19.045762252807616,81.94824447631837,1.449975883960724,1.193510401248932,510.9403850078583,1243.555447818339,2202.6732556741745,0.8138842928688973,1334.1500072330236,285.7160272732377,18.032914843410254,17.68851810693741,1.39382620700635
305.7947481011972,61.79173171930015,10.693357480503618,2.485472837090492,0.4538418049691245,47.9134017944336,71.882080078125,24.097182273864743,10.695010089874268,9.956287956237793,4.416406393051148,0.7009981274604797,0.1037872083485126,0.3239232689142227,2.449194550514221,0.0643455117940902,0.0472534783184528,1007.9227172851564,4291.889892578125,924.8900756835938,258.136767578125,181.1452407836914,276.5991668701172,4.116054058074951,5.699368143081665,19.841567039489743,87.9115234375,1.3504112243652344,1.0880622863769531,507.2316228866577,1250.863060203195,2245.0271586657445,0.8967712716665119,1342.0139343984424,278.0568894907832,18.129816377907996,17.78866574764252,1.3959182670805603
332.4430438384414,65.53295553065837,10.480919707659632,2.546102739870548,0.4953885461320169,45.17426567077637,73.5165023803711,24.447608375549315,10.517278957366944,10.394530296325684,4.465860843658447,0.7190391421318054,0.1023813731968402,0.316834220290184,2.4210866928100585,0.0647493906319141,0.0495923403650522,1071.1640991210938,4902.446533203125,935.8591003417968,269.19898681640626,163.6936264038086,273.52003479003906,4.119124889373779,5.604726123809814,19.339657402038576,88.33087158203125,1.4218846201896669,1.2164838671684266,516.0543931484223,1284.1683042570949,2495.9847425597663,0.7416319027077407,1343.346079787612,277.3014354333281,18.05833934023976,17.73872447013855,1.3944718475453557
322.9080349953845,62.452033119276166,10.597259717714042,2.735737833380699,0.5268952128244564,47.02071533203125,65.15648345947265,25.114577865600587,10.6752498626709,10.34968843460083,4.419694614410401,0.7275345802307129,0.1068112500011921,0.331491282582283,2.472710418701172,0.0686008401215076,0.0511856362223625,1066.097265625,3206.423046875,959.346551513672,259.1045257568359,196.91815185546875,276.1273956298828,4.120513868331909,5.8660569190979,20.23653087615967,94.03049011230468,1.559214973449707,1.2440382957458496,510.0985197067261,1245.352907755971,2201.708145331801,0.8361224328633398,1343.0636869505047,278.60899565070866,18.075830637663604,17.77325996160507,1.40268397978507
316.53699529012664,66.50846203304827,10.459605310764164,3.088351173698902,0.513161550485529,42.99841651916504,71.17753829956055,23.83600025177002,10.625783157348632,10.40337905883789,4.5203948497772215,0.7301054239273072,0.1069813147187233,0.3307831585407257,2.585914063453674,0.0652651749551296,0.0501052856445312,968.4783081054688,4761.863720703125,915.7417602539062,274.9791259765625,154.33682556152343,286.6158050537109,4.120899724960327,5.849202728271484,20.208003044128414,105.23679733276369,1.4602317333221435,1.2394082903862,513.6066727638245,1262.5356875598432,2454.990421668137,0.722841180069372,1336.8684972167016,277.24943657144905,18.07397443987429,17.813751125335692,1.3972235619788989
328.22991538960486,75.08355010487139,10.377622587326917,2.765732415020466,0.49977182156872,43.43969612121582,69.78490371704102,25.0182466506958,11.356024551391602,10.563740253448486,4.501657962799072,0.7018204092979431,0.0993648432195186,0.3181262999773026,2.522473216056824,0.0693195164203643,0.0484546832740306,1023.5207824707032,3597.7691650390625,958.198699951172,313.1426727294922,194.41706390380855,273.91819763183594,4.116127061843872,5.444783449172974,19.35900993347168,96.7887680053711,1.526795649528503,1.2166341543197632,516.0584755897522,1277.4954260662198,2366.4452057304384,0.7289719481021166,1334.8370118200778,284.0212100416422,17.945444282144308,17.692452490329742,1.391989325778559
301.550744073838,69.66302246339619,10.391507520526648,2.4273979753255843,0.5313967566471547,46.88876876831055,67.4722511291504,23.94190216064453,11.74567165374756,10.176153659820557,4.505399227142334,0.7053381264209747,0.0956300012767314,0.3159498333930969,2.3954120874404907,0.0672139875590801,0.046939805150032,1002.3950256347656,3022.507080078125,918.8870483398438,308.6185791015625,183.8010620117188,276.6559051513672,4.116776466369629,5.24521918296814,19.12488803863525,85.05158081054688,1.5415863037109374,1.1275864481925963,508.29945597648623,1239.0740911960602,2193.2564790730075,0.8236631726846099,1335.2821214050057,282.7820927157998,18.006200039386748,17.686434960365297,1.3968176847323774
318.8023577967659,65.12317021042108,10.385191366169602,2.4791103661060334,0.4809286493808031,44.05203742980957,71.86300201416016,24.30285968780517,10.632797622680664,10.198204898834229,4.6327179908752445,0.692471694946289,0.0993210822343826,0.3359539955854416,2.2324406623840334,0.065461690723896,0.0494057595729827,980.6423828125,5072.446337890625,930.7015808105468,270.0445892333984,161.87088623046876,288.7378204345703,4.1145344257354735,5.453402423858643,20.119352722167967,80.09977493286132,1.4104745268821717,1.2019019365310668,514.0716467857361,1236.121292833984,2205.743437973544,0.7434234600048513,1340.2505175560714,277.78959976136684,18.13273350298405,17.759973001480102,1.3992760703898963
303.77865175381305,74.33319344278425,10.29009532146156,2.586270578205585,0.5039157781517133,45.458258056640624,68.78072586059571,24.07127265930176,12.1844388961792,10.860315322875977,4.91588568687439,0.7350034117698669,0.1001883417367935,0.3232502371072769,2.426927590370178,0.064895375072956,0.0492383390665054,981.4884887695312,3216.1201171875,919.0517761230468,329.9715179443359,208.08223876953124,311.1306915283203,4.121658802032471,5.492477130889893,19.52641696929932,89.61751251220703,1.4523623704910278,1.1595423817634585,510.9629903316498,1240.3379495590923,2144.741637915175,0.8178689341060817,1331.2218183398247,286.8772220239043,17.948963118344544,17.65951325893402,1.3878425566945225
318.67399378418924,67.85625968854875,10.184454760700463,2.474367845058441,0.5220710924419109,45.56226425170898,68.60932235717773,24.26248340606689,10.640982055664065,9.86829595565796,4.727420330047607,0.6798316419124604,0.0978614166378974,0.3286268770694732,2.321071052551269,0.0647033110260963,0.0516594141721725,1047.1942749023438,4213.5052734375,930.360284423828,278.2312469482422,158.80831604003907,298.6739166259766,4.112209272384644,5.353040170669556,19.639706230163576,83.28745803833007,1.463044536113739,1.276226043701172,513.4575392246246,1241.7396718591451,2304.893856440735,0.7579274170100689,1341.6862362481654,277.89634402915834,18.05904514566064,17.72044838666916,1.396738516050391
328.9235123042017,76.31315166316926,10.43639425644651,3.033896765112877,0.5107416051323526,42.60048408508301,69.90928573608399,24.498439216613768,11.233117389678956,10.8293062210083,4.557143306732177,0.6982040047645569,0.1015009388327598,0.318284261226654,2.43054027557373,0.0656801275908947,0.0497921649366617,1036.7439208984374,3404.8597900390623,938.8590270996094,312.93463134765625,194.4513442993164,283.8530334472656,4.115451765060425,5.566061687469483,19.43619899749756,98.32861404418944,1.4774609327316284,1.1952823400497437,518.3556879043579,1319.046514646709,2532.757718400005,0.6895139022264629,1335.2965474508703,283.8860318541527,17.93116377070546,17.68942506313324,1.3884425452444702
315.43213789090515,66.58310653343797,10.49364122292027,2.4824594780802727,0.466742676240392,43.00605583190918,71.07985763549804,25.275594902038574,11.08728141784668,9.82554006576538,4.615475416183472,0.7191895306110382,0.1037584193050861,0.3383443564176559,2.2491222858428954,0.0634197108447551,0.0475561767816543,949.1842346191406,5166.9076171875,970.8862426757812,286.3522613525391,157.05242309570312,281.9140625,4.119152545928955,5.6718333721160885,20.67779083251953,80.80636215209961,1.3528854727745057,1.108363687992096,513.4775119304657,1245.8316642791033,2382.929291695531,0.7234505119267851,1336.8421809613706,278.8009791702032,18.11164873763919,17.744439280033113,1.394527720985934
328.29775937311354,73.28303106576205,10.380078815482555,2.433080714941025,0.5130519026017282,44.53550987243652,74.1034782409668,24.16716423034668,11.90386266708374,10.604983043670654,4.556277418136597,0.7337500929832459,0.1050696790218353,0.331726261973381,2.213684630393982,0.0645546078681945,0.0497169513255357,1025.5501708984375,5462.421533203125,926.511749267578,317.6575622558594,230.1323440551758,285.77955932617186,4.121401023864746,5.766337585449219,20.088581466674803,78.8499969482422,1.4490474343299866,1.2286208271980286,517.3929448127747,1280.123913563788,2400.021722154558,0.7158264355733991,1336.509486924857,287.1729676440358,17.977910916507245,17.639860820770263,1.3899056188529355
334.6921087346971,69.51255713123828,10.388685242086648,2.621454159915447,0.5012138089979998,43.351453399658205,64.4085319519043,25.810163497924805,11.5234112739563,10.46768856048584,4.472533464431763,0.7376427710056305,0.1024948514997959,0.3119984686374664,2.3862264156341557,0.0631246246397495,0.0496589187532663,1028.9390014648438,3351.7857666015625,983.4222534179688,302.6102905273437,178.959716796875,285.14930725097656,4.122102689743042,5.594759893417359,19.123212242126463,88.72833099365235,1.3972980737686158,1.2320931553840635,515.0851824760437,1244.509035602212,2343.667175020598,0.7400888565462083,1337.1238966956737,281.83776227161286,17.99593826942146,17.693417823314668,1.3885624371701852
322.761775126122,62.82238592915237,10.35394548457116,2.7387934535741807,0.4720944376196712,44.412457656860354,67.72118682861328,25.85841579437256,10.379879760742188,10.258948707580569,4.409430503845215,0.7101811528205871,0.104577212780714,0.3243841856718063,2.336464548110962,0.0624466765671968,0.049665730446577,982.6620361328124,4132.1984375,987.335870361328,253.32422790527343,186.59035949707032,271.75169067382814,4.11763596534729,5.719487524032592,19.538406944274904,88.80202713012696,1.341948640346527,1.1437536120414733,510.9814736604691,1243.2496960312128,2206.5090007087274,0.8449938841629774,1341.5819927230475,278.1053637519479,18.16108480170369,17.8124121427536,1.3973346493206915
313.2182558042929,71.28940735086799,10.28839556556195,2.3965012788772584,0.524001901585143,45.430484008789065,64.61754531860352,23.839438438415527,11.9158034324646,10.351521015167236,4.659796476364136,0.7188903748989105,0.0990171551704406,0.3393456697463989,2.273278951644897,0.0679625123739242,0.0460775606334209,988.3174255371092,3166.68896484375,911.5109802246094,318.9698211669922,172.2749008178711,283.0857849121094,4.119081974029541,5.42632565498352,20.44162082672119,80.16859359741211,1.553172218799591,1.0688676953315734,510.4839491844177,1232.182878446579,2187.4028410918663,0.8428411657456308,1333.9518191292882,283.1464437454939,17.99916455820203,17.658738362789155,1.3967495910357683
304.17389086559416,63.49808017611504,10.63723709154874,2.3757795304059983,0.4632353252032771,47.46507225036621,68.22110061645508,25.66673412322998,10.694456577301024,9.78748893737793,4.707628297805786,0.7401431202888489,0.1024555243551731,0.3180776864290237,2.3658571243286133,0.0622145034372806,0.049933411180973,1000.5399230957032,4012.3502197265625,983.9291076660156,265.0754333496094,170.60719299316406,292.80955505371094,4.1225266456604,5.616568088531494,19.491545104980467,82.67656326293945,1.3177065134048462,1.186025857925415,505.49708318710327,1171.8086496591568,2097.170368697413,0.9288054675329476,1340.960341938585,277.9396947056055,18.130739691853524,17.764431416988373,1.393861750839278
330.0539391450584,62.46287528425455,10.386362076643854,3.1654981046915056,0.4809732360765338,43.26128234863281,73.55445404052735,24.99090995788574,10.749566459655762,9.901573753356931,4.519558000564575,0.6787904441356659,0.0974566765129566,0.3425014108419418,2.6376527309417725,0.0628232926130294,0.0505444657057523,1041.59755859375,5265.53427734375,957.0682800292968,265.2084106445312,159.8884262084961,281.618798828125,4.1120141506195065,5.355659770965576,20.587291717529297,108.85020294189454,1.3619351029396056,1.215227484703064,515.736537361145,1275.71952239722,2423.152099657245,0.7077582190278917,1340.8271027483047,276.2890856564045,18.03572002500296,17.802604162693022,1.3897999220062047
332.6423425881192,64.37202122211457,10.49910574350506,2.642582958936692,0.4514545577811077,43.10033073425293,68.21061096191406,24.52794647216797,10.57501802444458,10.36974811553955,4.316327619552612,0.707187169790268,0.0982226528227329,0.319785737991333,2.281807708740234,0.0616991035640239,0.0471732415258884,1012.1393371582031,3659.245190429688,939.091552734375,262.482553100586,195.02487487792968,270.6924133300781,4.11712703704834,5.37898998260498,19.44891109466553,85.03842315673828,1.286082088947296,1.1178938746452332,518.5065936088562,1232.9586922198534,2296.166885858285,0.713025287212804,1341.859566103667,279.2885573208332,18.12054868414998,17.770311343669892,1.3917950658127665
314.6579715553671,64.17764062955976,10.462058662436904,2.294130030274391,0.52422830000869,44.815636825561526,65.72495498657227,25.47555160522461,11.003997135162354,10.208897399902344,4.503164672851563,0.7119060099124909,0.1025134168565273,0.3442149341106414,2.1527964591979982,0.0649649329483509,0.04968450255692,977.9797912597656,3157.610034179688,976.8459350585938,273.10853271484376,184.74958190917968,282.55893859863284,4.117929410934448,5.63273401260376,20.69376850128174,73.69387435913086,1.468203604221344,1.230149519443512,510.0263050556183,1244.973153117299,2240.8435156375112,0.8359450494404882,1339.7250792458651,280.23792400211096,18.14223054721952,17.73870505094528,1.4026907216059044
332.25905289221555,71.68184312954546,9.972937526833269,3.260186353325844,0.4804562424775213,45.065806198120114,68.28761749267578,24.12417316436768,11.393071269989012,9.912188053131104,4.697977304458618,0.7316196262836456,0.0987782999873161,0.3271506071090698,2.543138599395752,0.0644352585077285,0.0506880898028612,1057.912683105469,3171.882568359375,926.521026611328,307.6508178710937,166.10423431396484,287.5175079345703,4.1210870265960695,5.396474838256836,19.492299461364745,106.98183135986328,1.4012670874595643,1.2141411900520325,517.6720911979676,1265.37084518373,2347.450466444489,0.7467828830238432,1335.2885916959494,280.7295504793525,17.908558555692434,17.703921508789062,1.3828445060178638
335.6310089722276,59.05721262805164,10.476599932461976,2.9085293263196945,0.4759542726096697,45.16822357177735,71.2439208984375,24.643223762512207,10.991930484771729,10.196843147277832,4.258888101577758,0.7197745859622955,0.09850629940629,0.3133543342351913,2.430737257003784,0.0642110303044319,0.0471526257693767,1090.7249145507812,4372.354248046875,944.0075012207031,255.943701171875,188.6319381713867,263.083740234375,4.119238615036011,5.395545101165771,19.091515731811523,95.78545684814452,1.385109806060791,1.1131344318389893,516.8338091373444,1244.3478915929795,2324.326448425464,0.7115867517888546,1344.7028041526676,277.30642346143725,18.05943484008312,17.766880226135253,1.3925110719632356
337.2415949868038,59.36736112535,10.487423871550709,2.7084605783224105,0.4640792510122992,45.57305450439453,69.16789169311524,25.321075439453125,10.79336986541748,10.469118118286133,4.557279348373413,0.7347052037715912,0.0989171624183654,0.3152459919452667,2.3057836294174194,0.0633846074342727,0.0478861201554536,1086.469641113281,4131.9423828125,967.4862060546876,254.17514190673828,176.88162384033205,281.2476440429688,4.121669292449951,5.403611660003662,19.310588073730468,87.23405151367187,1.34342303276062,1.1460748434066772,517.3216833591462,1295.5267695873977,2474.1239167113845,0.7179904373828322,1345.6817514568568,276.33033606410027,18.088616044074296,17.75440146923065,1.392437770590186
310.5141124974936,73.79953895453363,10.099688412528485,2.597022685408592,0.5105436512851156,43.65202255249024,64.0783302307129,23.682526969909667,11.98295316696167,10.61032314300537,4.7163838863372805,0.7421782314777374,0.0943515866994857,0.3207212537527084,2.3315473318099977,0.0694879986345768,0.0489384051412343,948.3220520019532,3431.635302734375,904.9925842285156,323.2130920410156,204.46478424072265,298.0851470947265,4.1227820873260494,5.152372360229492,19.1960506439209,86.24544143676758,1.5610075354576112,1.1509256839752198,515.4890928268433,1236.8864043712615,2297.612415341585,0.7485606736503542,1330.9436171136797,286.4488292597234,18.003406766057015,17.683606564998627,1.397296911943704
341.1593063833192,67.0790204335004,10.351373910345137,2.809792247414589,0.5370442263782025,45.162130737304686,68.50757904052735,25.65048599243164,10.620216369628906,10.477761554718018,4.420080423355103,0.6893636405467987,0.0967768333852291,0.3097475975751876,2.376671981811524,0.0676715560257434,0.0490033831447362,1077.6576049804687,4155.242919921875,982.2112426757812,272.2139007568359,194.22752227783204,278.374755859375,4.11397123336792,5.297267484664917,18.745853424072266,91.9021827697754,1.5599714517593384,1.173622190952301,519.1249121189118,1278.223214685917,2383.978381657752,0.7294268750119954,1342.750277607888,280.0208716996014,18.035610366612676,17.739169311523437,1.4001491784118116
321.67972160540523,63.035889042541385,10.40805555107072,2.4566511899232863,0.5229386035352945,43.60107498168945,68.23868026733399,26.1968053817749,10.58300714492798,9.835558032989502,4.367131996154785,0.742344343662262,0.1004518687725067,0.3237304896116256,2.3528675556182863,0.0694884046912193,0.0505457453429698,972.218359375,5038.6435546875,996.444696044922,259.9088653564453,178.16188049316406,272.3425689697266,4.122868299484253,5.495517587661743,19.5654354095459,83.84797592163086,1.5779048562049869,1.1688896775245667,513.6522282600403,1241.1157562866806,2272.945233735873,0.7424326863139867,1340.8645166754725,277.9665721148252,18.16234352588653,17.793612205982207,1.4097142107784748
319.2183047384024,66.00838217027486,10.344107491057366,2.7410935401916503,0.4999762171937618,45.990377044677736,70.62504119873047,24.623662376403807,10.86171064376831,10.73982458114624,4.3524576187133786,0.6898999214172363,0.1004873923957347,0.3115216672420501,2.51381356716156,0.0642907798290252,0.0490260478109121,1021.3967651367188,4079.6344970703126,942.3430114746094,276.5470886230469,187.172607421875,271.5206756591797,4.114057874679565,5.5216224193573,18.655142402648927,95.7227798461914,1.419000792503357,1.2075926542282105,513.4901165246963,1240.221691969037,2271.016465201939,0.7895549406763166,1339.5374656878412,279.85994233042004,18.05439622178674,17.766301095485687,1.3941387119935826
314.1045363087207,59.555220699310304,10.462418430112304,2.539180225133896,0.5137864264193922,46.08382453918457,68.80129928588867,24.601383781433107,11.175850582122802,10.038951778411866,4.352168130874634,0.7147970974445343,0.0986501894891262,0.3268488228321075,2.3615916967391968,0.0639763958752155,0.0469570785760879,1005.0670959472656,3801.230908203125,939.2736511230468,260.30235900878904,200.25980072021488,267.5148071289062,4.118417835235595,5.3843026638031,19.96920680999756,85.89773178100586,1.4400804162025451,1.1059849977493286,508.204186463356,1239.2581777393818,2269.942490807426,0.8468276243191213,1341.6302086904643,279.18636412471534,18.131836753338572,17.781563305854796,1.4004783210344611
328.6760940469801,76.27576731462031,10.187752590607852,2.1737516194581987,0.5158674106933177,44.63673400878906,68.85466384887695,25.51931953430176,11.17603588104248,10.334480285644531,4.576524019241333,0.7415501296520233,0.0976321391761303,0.3225385993719101,2.2161898374557496,0.0697884529829025,0.0507410507649183,1048.6098754882812,3814.159057617188,972.2273864746094,311.31324462890626,185.44640045166017,287.5217559814453,4.122713088989258,5.339450216293335,19.38633804321289,73.60625305175782,1.570879590511322,1.2301395535469055,516.7101387023926,1298.1451378270983,2465.1719182811967,0.7241448648273945,1338.6383110299707,283.51692493259907,17.993178015947343,17.629769039154052,1.3973518199287356
323.22166083212943,66.55284961499274,10.2633580962196,2.77024954110384,0.5252503916504793,47.67947311401368,66.98679656982422,24.69654502868652,11.535454368591308,10.503964805603028,4.490161991119384,0.7239217817783355,0.0948980964720249,0.3392269253730774,2.309687042236328,0.0699303150177002,0.0504988104104995,1075.57080078125,3204.72080078125,948.8206359863282,297.16216430664065,159.8072296142578,283.85387268066404,4.11988000869751,5.2100461483001705,20.335573387145995,88.7493995666504,1.599780511856079,1.170817220211029,509.99121699333193,1246.7267888188362,2233.01351062521,0.8417748493142426,1339.0767682414505,279.0937371827662,17.97664154022932,17.682536172866822,1.3978105829097331
332.0621690424159,66.1294046599418,10.327030102722349,2.3126856580376627,0.4389267306309193,46.17697944641113,73.24751815795898,26.1250789642334,11.198867416381836,10.46976146697998,4.355374383926391,0.7184464871883393,0.0972664520144462,0.3321755170822144,2.167489767074585,0.0615670602768659,0.0473067119717598,1054.5674560546877,5425.16630859375,998.9667053222656,285.65862731933595,176.4489532470703,274.08929138183595,4.119006776809693,5.314963722229004,20.130967903137208,74.72690124511719,1.2668824791908264,1.093536555767059,512.2373822212219,1243.8914499238133,2318.051096135576,0.7970090873073786,1341.8232610993086,280.11775215417146,18.055725596100093,17.67869927883148,1.3861801634542643
333.96623511388896,66.19717584513128,10.466303153708576,2.654193437099457,0.4335137813352048,43.41291084289551,70.43838577270508,25.46100234985352,10.467761611938476,10.488005352020265,4.34404091835022,0.7042187452316284,0.1031039416790008,0.3235416650772095,2.360973358154297,0.0646850414574146,0.049640678986907,1037.7376831054687,4545.51904296875,977.70771484375,268.16343994140624,172.97319641113282,274.0812530517578,4.116611003875732,5.646937036514283,19.67612991333008,88.25652160644532,1.3179860591888428,1.159597623348236,518.5910435199737,1241.6772064581514,2315.143822887819,0.7174446188844741,1342.165368770808,277.90414294600487,18.08181188851595,17.75535192489624,1.3909087230451405
338.48750225156545,64.16370448414236,10.485432157572358,2.2449753805994987,0.4498292702017352,44.26732330322265,68.99178848266601,24.186975479125977,11.235948371887208,10.36724853515625,4.393075656890869,0.7114735901355743,0.1048903636634349,0.319750303030014,2.201532244682312,0.0649403341114521,0.0480006337165832,1034.0416870117188,4130.30419921875,928.055322265625,281.08568115234374,170.25400390625,278.3291015625,4.117856025695801,5.733374309539795,19.567590522766118,74.44646377563477,1.3582284092903136,1.0997384786605835,517.7940011024475,1298.146792420745,2504.170631615148,0.7262145295739174,1341.769485170394,279.36253399252894,18.08105841614306,17.69835193157196,1.3929676762782035
319.7130092082545,63.877335938066246,10.452461678534746,2.476825474202633,0.5473610048298724,44.01034278869629,70.23860244750976,25.472481155395503,10.49944839477539,9.906159019470214,4.382437419891358,0.7060516953468323,0.1043604537844657,0.3185772180557251,2.4140649795532227,0.0686316363513469,0.0482505813241005,992.790460205078,4452.884619140625,977.6592224121092,259.38194885253904,191.49337768554688,270.38995056152345,4.11692180633545,5.729682445526123,19.17680435180664,86.46111373901367,1.590126919746399,1.174380910396576,512.0590158462525,1244.9375786080957,2357.982538305526,0.765174034005031,1341.4949223518372,278.70107924342153,18.14065136834979,17.79133322238922,1.4089337685145438
313.67603405565023,65.6944911269471,10.51742731416598,2.8589647322893144,0.4802457585697993,47.996150207519534,65.32860717773437,24.722131538391118,10.984961223602294,10.978189849853516,4.507882738113404,0.7267796397209167,0.1074828371405601,0.321257409453392,2.5776346921920776,0.064551343768835,0.0508502259850502,1046.57197265625,3031.001953125,943.9961791992188,275.54918212890624,208.97921905517575,288.5808807373047,4.120381259918213,5.900107526779175,19.573057174682617,100.5718780517578,1.3894664525985718,1.268753170967102,506.9576255083084,1253.1460650891063,2288.4455214407994,0.9157577685080468,1339.6416207045318,281.4237119987607,18.032493755221367,17.76660521030426,1.390926221688278
336.7280475238338,68.16147495992482,10.466004874464124,2.3295336037874224,0.4610461819800548,44.92644844055176,69.52173156738282,24.89801406860352,11.585869407653808,10.225881671905515,4.654303073883057,0.6845595836639404,0.0968548521399497,0.330842188000679,2.212700533866882,0.0609461802989244,0.0472907572984695,1076.1615844726562,3566.619384765625,954.323486328125,298.6783386230469,201.92671813964844,282.1906433105469,4.113066673278809,5.308362770080566,20.180201530456543,76.71044921875,1.2961897134780884,1.1052199602127075,517.1478839874268,1310.1231856361032,2509.1260828570403,0.7204220398794859,1340.811138510704,283.37171197980643,17.99587022140622,17.64812307357788,1.3838062986265869
328.8958093108609,71.4597993761301,10.435351779684424,2.432384952902794,0.5009246770525351,42.86458663940429,67.8588638305664,24.0689380645752,11.444209671020507,10.660649871826172,4.607709121704102,0.7272288799285889,0.099747147411108,0.3295949459075927,2.379137873649597,0.0651787213981151,0.050931291654706,1007.8396423339844,3547.343505859375,917.775811767578,307.6758239746094,174.18401641845702,281.5636291503906,4.120448589324951,5.4559368133544925,20.15203075408936,84.58301086425782,1.4500827074050904,1.2031975984573364,517.4573510169982,1296.545248994231,2478.566787356115,0.7223730446770787,1336.40384285599,282.05667642802,18.00812955908477,17.685832011699677,1.3922685438767075
331.3641271702945,63.43687907941639,10.499270755331963,2.756264106929302,0.5394433129345998,47.11055297851563,73.6273582458496,24.079969215393067,10.422519493103028,10.557871532440185,4.576923942565918,0.6994676113128662,0.1070582322776317,0.3419958144426346,2.5321081399917604,0.0683253593742847,0.0484616801142692,1063.1756713867187,5309.360205078125,918.321728515625,254.736506652832,204.44663696289064,286.4476257324219,4.115772008895874,5.8824951171875,20.69542179107666,96.65969161987304,1.582772982120514,1.1232001066207886,514.7984860897064,1238.9735879346729,2338.8002689187765,0.7898863904178143,1343.6458511903882,278.872499281168,18.0796501621604,17.78810086250305,1.404280007397756
335.09160903859885,63.01320465039462,10.482125534024089,2.436254632472992,0.4612316558952443,43.18896713256836,65.09351959228516,24.547069549560547,11.005300903320313,9.957723617553713,4.406167888641358,0.71815624833107,0.1007160075008869,0.3376795709133148,2.4099873065948487,0.0611706245690584,0.0495634585618972,1037.692529296875,2983.8529296875,938.8871887207032,268.8045684814453,187.9025436401367,281.50221557617186,4.1189696311950685,5.533874607086181,20.401050758361816,85.57986679077149,1.2908236742019654,1.2000582575798036,517.9965085983276,1251.4708189830185,2388.503606717073,0.6967126172501594,1341.7234855011106,279.2190157212317,18.08599437326193,17.74701370000839,1.3895600714255123
334.60345297297465,60.37524047270417,10.503781219013035,2.603474792838097,0.5128107332217041,43.25174446105957,72.80022430419922,25.164088630676268,10.648806762695312,10.258502578735351,4.310398101806641,0.708037406206131,0.1019691072404384,0.3240391671657562,2.3961296558380125,0.0641154780983924,0.0478576153516769,1028.0173095703126,5062.04287109375,966.536163330078,251.95426025390623,181.6020309448242,269.13677368164065,4.117260313034057,5.590118885040283,19.657969093322755,88.44234313964844,1.43333044052124,1.1769833207130431,513.4280460357666,1242.266252475977,2275.423399093002,0.7403835759498179,1343.741877029091,277.0082422211766,18.13040992990136,17.790507793426514,1.3999742990359665
328.7829967610538,63.03003239352256,10.430776129476726,2.441919982433319,0.4825015063222963,43.97033538818359,64.4197769165039,25.263013648986817,10.428151416778563,9.7642427444458,4.65348105430603,0.7145070552825927,0.1012278839945793,0.3272318184375763,2.3523886442184447,0.0633125223219394,0.0475893191993236,1016.0494873046875,3091.883276367188,962.0461486816406,258.70631713867186,154.97828521728516,291.81569519042966,4.118356227874756,5.562225151062012,19.637366104125977,83.58363189697266,1.36605966091156,1.1709619879722597,516.3686058521271,1234.8432315453888,2280.739480072109,0.7393257123418152,1342.2567917346955,275.9909661769867,18.13232048004865,17.77251853942871,1.3967140523483976
337.3158746112138,62.64884814284742,10.502840031962842,2.824150560796261,0.5165714061644394,44.28983840942383,69.12617340087891,24.07071170806885,10.839533615112304,11.077794647216797,4.458740949630737,0.7222939193248749,0.1059540323913097,0.3174716949462891,2.5325957536697388,0.0707101292908191,0.051885525509715,1046.924169921875,5003.997607421875,917.965301513672,261.47422790527344,227.02558135986328,276.1420593261719,4.119664669036865,5.795223569869995,19.43763484954834,98.05466918945312,1.5842481136322022,1.280877661705017,513.7382826805115,1286.7873977541924,2418.0787943200908,0.7551300161052495,1342.3680800318718,280.6851525291801,18.07200741842389,17.78787145614624,1.4038808434735983
332.11499963738027,61.69692764729261,10.452495501562954,2.5409893810749056,0.4921363656991161,44.334402084350586,73.94363555908203,24.170163536071776,10.967107963562013,10.07180404663086,4.24396448135376,0.7290406227111816,0.1030433870851993,0.3200344890356064,2.376625800132752,0.0689854435622692,0.0475070383399724,1024.7158081054688,5097.474462890625,920.8469360351562,264.5683074951172,189.67209167480468,259.31524963378905,4.120702886581421,5.624703216552734,19.57355480194092,86.53042755126953,1.516960906982422,1.0926724076271055,514.8030913829804,1237.2229627609254,2304.09406493745,0.7683363939169794,1342.0558818146587,279.0821355447173,18.106072836369275,17.76564222574234,1.4028195437975228
328.9119236115366,62.3099036090076,10.18952248552814,3.0684231713414194,0.4665917057194747,46.05970344543457,64.76103897094727,25.936135292053223,11.00734272003174,9.815433502197266,4.442060232162476,0.6931493282318115,0.1009052976965904,0.3223195016384125,2.497320890426636,0.0662023998796939,0.0484956037253141,1046.082604980469,3427.8936767578125,994.8034973144532,271.8844787597656,152.534912109375,276.1817321777344,4.114655923843384,5.52301287651062,19.275569915771484,101.39071273803712,1.416998279094696,1.107886791229248,514.9151381015778,1287.3409702017902,2470.933389120357,0.7654880682006479,1340.4846089795233,276.54499547183514,18.036516904830933,17.77571712732315,1.3929698830470445
322.5562054608017,75.2482283854857,10.296337064076216,2.670997039973736,0.5162492636824026,47.68883781433105,69.0401481628418,25.538305282592773,11.101338005065918,10.431790351867676,4.67210865020752,0.6923235893249512,0.1048724681138992,0.3302929252386093,2.4336025714874268,0.0666662238538265,0.0501014720648527,1063.3215087890626,5305.216796875,973.7968139648438,309.61525268554686,160.9345245361328,297.172119140625,4.114439487457275,5.746470594406128,19.99038543701172,91.56970138549804,1.5020129561424256,1.2366862654685975,512.24824488163,1246.2184696093202,2356.044129463285,0.8122262040153145,1337.2690238386392,280.582807161659,17.939967609196902,17.668832111358643,1.3903204516973346
322.23106669075787,68.7222149129957,10.123108892235903,3.221792107820511,0.4474409847403876,46.198786926269534,64.6279312133789,25.895481300354003,10.716824913024904,10.306734085083008,4.50622410774231,0.7116081118583679,0.1026198670268058,0.3045586973428726,2.5293668031692507,0.0607442706823349,0.0478199239820241,1073.9928833007812,3299.645874023437,985.9652099609376,283.04873046875,158.09425354003906,286.6415710449219,4.117831707000732,5.602870941162109,18.31208915710449,105.59303436279296,1.260431706905365,1.1567631363868711,513.5625842094421,1263.078682379425,2401.661774499895,0.7391121838707477,1339.4536048427224,277.70502928197385,17.97163192033768,17.743552720546724,1.3800404605455696
317.8730972209945,78.7918837774545,10.116621420625597,3.176754021644592,0.5266354783205316,42.82625045776367,66.18350524902344,24.684157371521,11.353655052185058,10.864237308502195,4.503968000411987,0.6897553265094757,0.0939656928181648,0.3303010612726211,2.619743180274964,0.0665096901357173,0.046372840180993,979.4737854003906,2968.5714111328125,947.6357421875,321.9288726806641,200.67313690185543,279.1304870605469,4.113964080810547,5.1340094089508055,19.86431579589844,108.61243515014648,1.5255036234855652,1.095437467098236,515.8285170078277,1248.6936298936605,2370.350691967149,0.7381531990133225,1329.9839453056454,285.1973289296031,17.92052125558257,17.71652591228485,1.38978024199605
337.56546226628126,64.45768787898123,10.514374981354925,2.187559944391251,0.5209030281519518,43.77273216247559,66.15741653442383,23.925602912902832,10.57977647781372,10.073600959777831,4.648647689819336,0.7132045865058899,0.1074870094656944,0.3156504422426224,2.241918730735778,0.0654075227677822,0.0473297834396362,1035.3419921875,3738.67958984375,915.890106201172,266.5447692871094,163.24958038330078,287.510205078125,4.118151664733887,5.905196952819824,19.087745666503903,74.50281982421875,1.4879486918449405,1.0871522426605225,516.1815573692322,1250.8135229259728,2335.430570318486,0.7556461792904884,1343.2772359736264,277.5417291224003,18.11848996579647,17.725212490558626,1.4020615205168725
319.64687109701333,62.71882649324834,10.631900122016669,2.5201987117528915,0.5193138429429383,44.72407836914063,66.75470733642578,26.169754028320312,10.440551567077636,9.571946334838866,4.704190254211426,0.718451589345932,0.0995841898024082,0.3285852700471878,2.3126596927642824,0.0643955335021018,0.0504639197140932,988.010284423828,4031.1224609375,1003.1580871582032,257.4512542724609,156.34577178955078,296.2063781738281,4.119023609161377,5.458486080169678,20.09276599884033,83.71589889526368,1.449668788909912,1.2349829435348512,513.1127304077148,1242.8772422462705,2373.097269846569,0.7945896942168474,1341.689448904246,276.12365986183283,18.15762112215161,17.790370225906372,1.402693181252107
329.5765190064907,68.77940060254187,10.353003077115863,2.614322303235531,0.4998039214755408,45.04704933166504,65.20862045288087,24.416369247436524,11.444861221313475,9.745399856567383,4.611151695251465,0.7016891896724701,0.1035654388368129,0.3252086341381073,2.3770341873168945,0.0681014262139797,0.0482083238661289,1034.987353515625,3250.706298828125,931.403289794922,299.7956268310547,161.2069854736328,294.4114685058594,4.116145610809326,5.688661050796509,19.57833652496338,88.23346557617188,1.506949245929718,1.1633710265159607,516.351098203659,1251.185391078889,2329.032332117815,0.768591207684949,1337.617424876988,280.23160876482723,17.999582653492688,17.69684770107269,1.3948454813100395
320.6867169601843,64.6875315155834,10.473041043803097,2.4016764611005783,0.4746145110228099,43.7043041229248,74.76831741333008,25.2811222076416,11.11531047821045,10.90964412689209,4.497889709472656,0.7018326580524444,0.1055495463311672,0.321195101737976,2.191305947303772,0.0670544244349002,0.0503326937556266,978.5722412109376,5513.0626953125,969.7620483398438,276.1329376220703,206.25486907958984,282.18482971191406,4.116194343566894,5.78686375617981,19.44671287536621,77.16530532836914,1.4373538017272949,1.1974079847335817,514.1305116415024,1237.069299519062,2240.543773853738,0.746145185129717,1339.7014062955975,281.62867970317603,18.125021187961103,17.741243720054626,1.400122154969722
335.5656282192096,61.45178753696384,10.325762498751285,2.445292577147484,0.5129060184350237,46.854012680053714,68.53379516601562,25.33643341064453,11.12819538116455,11.003893375396729,4.396936416625977,0.740459018945694,0.0979192778468132,0.3097640067338943,2.4154625415802,0.0644154801964759,0.0514169711619615,1085.8964965820312,3156.1333251953124,972.6769409179688,264.60442810058595,227.9770355224609,268.4835357666016,4.12257194519043,5.373177623748779,18.579935836791996,86.00746994018554,1.4476292252540588,1.2338926792144775,513.0165684700012,1261.6142431095243,2351.3442161652083,0.8012687754817307,1343.8992249526084,281.24986040592194,18.066504363715648,17.73382865190506,1.3962023055180908
310.26794251427054,72.5675238981843,10.246117768343538,2.823413248360157,0.5060795282712206,45.36624603271484,66.68280715942383,25.757372856140137,12.02758617401123,10.166251277923584,4.421736097335815,0.6886853337287903,0.0974894784390926,0.3204133182764053,2.3597660064697266,0.0649169787764549,0.0497130583971738,989.0274658203124,2876.8174072265624,980.5678833007812,323.73109741210936,176.7093963623047,281.17039489746094,4.113796710968018,5.331131505966186,19.385964584350585,91.69871139526369,1.4554767370224,1.1741676807403565,509.7464464902878,1228.4726866960525,2189.19998440682,0.8479646530933678,1331.8198569715023,283.78740963712335,17.9524776250124,17.673902666568758,1.3885839344002306
333.59152505937965,67.52892930544913,10.133956667874008,2.9429701238870623,0.5138526083203032,47.02759666442872,63.95884742736816,23.787837409973143,11.12876501083374,10.09889326095581,4.529647207260132,0.6909609198570251,0.1007504023611545,0.3206111878156662,2.461882448196411,0.0668226100504398,0.0513100527226924,1128.0740844726563,3072.962744140625,907.159765625,287.16493835449216,185.0824737548828,285.66908569335936,4.114047384262085,5.502519416809082,19.317257499694826,97.90067901611329,1.507745635509491,1.2292066931724548,514.3548067569733,1244.5015398442745,2301.412481948972,0.7491653230041265,1340.9114039987326,280.15566521734,17.935232807695865,17.691402554512024,1.3903293878305705
298.0021624289453,66.13948934506625,10.291743343602866,2.226188337802887,0.4516382819623686,46.675575256347656,65.50184020996093,24.787220001220703,11.517672061920166,10.60113286972046,4.46887731552124,0.689231026172638,0.0996569611132145,0.3269072651863098,2.3267324447631834,0.0654279686510563,0.05159308090806,985.80576171875,2907.293334960937,951.4009399414062,293.0617279052734,175.05498504638672,285.61594848632814,4.113945007324219,5.437105417251587,19.80902214050293,78.23809127807617,1.3568391799926758,1.273451805114746,505.8643407583237,1138.0361045852303,2039.6056123454125,0.9075129081960768,1336.6068984299898,280.853836004436,18.071547171473505,17.703938949108124,1.3920107152778656
338.065203842707,60.27753426786512,10.570756163913757,2.164542755484581,0.4500769654521718,44.46017265319824,72.34701614379883,24.597585678100582,10.768142318725586,9.84437084197998,4.646770715713501,0.740772956609726,0.1037272080779075,0.3206870585680008,2.291442394256592,0.0613345835357904,0.0496238730847835,1052.2772705078123,4937.4533203125,940.6229064941406,258.77720031738284,152.6292465209961,293.21520080566404,4.12262487411499,5.6763664245605465,19.644826698303223,75.61224365234375,1.2724657654762268,1.1905147910118103,517.2433436393737,1269.9661045402288,2370.7857429637106,0.7302139948587865,1345.0137231089177,275.3561497166753,18.12602647282183,17.732747960090638,1.3912194894161076
337.8113597601652,65.13424408901483,10.30710923941806,2.2183615133166312,0.520991846639663,46.86575508117676,73.43010940551758,26.02906723022461,11.158832359313966,9.851834964752197,4.41008996963501,0.7356312870979309,0.1009658224880695,0.3217479228973389,2.1842586994171143,0.0706461615860462,0.0503590144217014,1103.4697265625,4963.473388671875,993.164794921875,282.67095336914065,162.87049865722656,281.03428955078124,4.121809005737305,5.536663961410523,19.342537117004397,73.41264190673829,1.5909989953041077,1.251587975025177,512.426781797409,1287.252642285824,2498.3705981125413,0.790732640447095,1344.0181591317055,278.39832358285787,18.03429126814008,17.658885431289672,1.401412202604115
355.8288188379258,72.94680942036211,10.169816443230957,3.089704781770706,0.4622631096979603,49.21487693786621,64.13996353149415,24.90271797180176,11.927287769317626,10.091876602172851,4.255879211425781,0.7065903961658477,0.0945473603904247,0.3166053473949432,2.604110860824585,0.0641252793371677,0.0464031655341386,1168.0695068359375,2895.85048828125,953.121160888672,321.66526184082034,190.22117767333984,266.12583312988284,4.116143465042114,5.183579635620117,19.22489700317383,107.16551971435548,1.3743436336517334,1.0811606407165528,519.5723043441773,1333.918644040823,2486.630544150545,0.7077065616846084,1334.136299226433,283.3720233157277,17.70604290738702,17.464064717292786,1.368039400456473
325.5142953809351,67.59899033382536,10.5216675683856,2.1212819099426268,0.5056332193023991,42.37187690734864,67.88142852783203,24.377517318725587,11.03899850845337,10.813820266723631,4.647312498092651,0.6990488052368165,0.1028550162911415,0.3243984699249267,2.2884058475494387,0.0678140521049499,0.050319405272603,990.2931457519531,3693.28681640625,933.9066772460938,284.9397888183594,184.27076263427733,294.4233703613281,4.115685892105103,5.636468315124512,19.75997257232666,74.59788284301757,1.4990150094032288,1.2567700028419495,515.8194880485535,1254.4971265926956,2415.491363669408,0.7026314871385694,1339.3604659490288,281.1801937580109,18.098667602986097,17.711666429042815,1.4013773067388684
319.539462577831,68.00558098703623,10.413328006584198,2.7052387610077857,0.4600391200510785,47.55776863098144,71.0530906677246,24.61342487335205,10.747776985168455,10.829345893859864,4.604222774505615,0.7288932621479034,0.0962113715708255,0.3387914597988128,2.4955480337142943,0.0642275787889957,0.0503326043486595,1049.0860473632813,4613.0822265625,945.5916320800782,276.31695556640625,214.2477478027344,292.2578369140625,4.120723581314087,5.262415838241577,20.63260478973389,94.34668579101564,1.3583722710609436,1.1868650555610656,509.6599616289139,1250.061372281611,2361.8516738221165,0.839957869425416,1340.845237873867,281.68384584337474,18.043593975901604,17.750601887702942,1.3901742059271782
328.65384093467145,71.20824380777776,10.50382038364187,2.3571134895086288,0.4931305435893591,43.66311111450195,69.26486206054688,26.16666603088379,10.884193706512452,10.837586879730225,4.430479049682617,0.7234831035137177,0.0986529521644115,0.3232120871543884,2.299896359443665,0.0670779854059219,0.0524677075445652,1002.884796142578,4682.214111328125,1001.9351501464844,291.5125274658203,186.9076675415039,271.4954528808594,4.1198577880859375,5.404567432403565,19.717456817626957,80.13943023681641,1.4657036542892456,1.2957321405410769,518.1409828186036,1266.8620257094503,2436.364792706282,0.7068049180321395,1338.8133336804808,281.8263859868049,18.06459309011698,17.709044015407564,1.397189335990697
327.4090096897445,66.40897956192494,10.26378057859838,2.512448976933956,0.4572114574722946,43.70293769836426,64.76625289916993,24.609764862060548,11.00002384185791,10.295512199401855,4.68812928199768,0.6833740472793579,0.1029581435024738,0.3099725812673569,2.266045093536377,0.0628497645258903,0.0471170168370008,1055.6191650390624,2969.4189453125,945.5884399414062,280.5934692382813,181.8081970214844,299.3725280761719,4.112873077392578,5.640055465698242,18.591813468933104,82.10856246948242,1.3283843517303466,1.0900089263916015,513.0472495555878,1287.143116363883,2443.85301991356,0.7176797952037305,1341.4947498310355,280.1075097620487,18.04887089505792,17.708256888389588,1.3892311662435533
322.0782099382952,58.955413571745154,10.62732382621616,2.6339293256402017,0.5252474035602063,44.72070503234863,70.28141708374024,25.60431652069092,11.064301013946531,9.89234094619751,4.552977800369263,0.7236341655254364,0.1071421846747398,0.3334968894720077,2.314373922348022,0.0673932842910289,0.0469198618084192,975.7412902832032,4701.925439453125,976.6298583984376,257.5865966796875,173.21407318115234,284.8472412109375,4.119885587692261,5.875942277908325,20.36749420166016,85.99361038208008,1.533442282676697,1.098500418663025,511.0551138401032,1246.983938755095,2293.0918412449946,0.8018218791112304,1341.0454182952642,277.7073589026928,18.15977127701044,17.801172816753386,1.4072593779303133
330.5147766809911,62.363458027131855,10.612728625629098,2.855499432981014,0.4814113410189747,45.4610595703125,71.08377609252929,24.43431282043457,10.692775630950928,10.613234901428225,4.438522386550903,0.695745587348938,0.1025940768420696,0.331385064125061,2.4462074041366577,0.0621890116482973,0.0503752566874027,1030.767041015625,5163.658935546875,937.4210205078124,254.87186737060543,220.0587310791016,283.82456970214844,4.11512565612793,5.6370189666748045,20.183680152893068,95.28018493652344,1.3458554863929748,1.214488506317139,517.3317471981048,1272.2793384104966,2455.0330182057805,0.748308123741299,1342.8660177715124,279.85382738262416,18.105066256225108,17.800531017780305,1.393816433288157
338.20737718604505,64.51774591431021,10.254988803621382,3.0468167319893835,0.4687254369142465,45.5545223236084,69.68182754516602,24.14495735168457,11.159278106689452,9.927190685272215,4.619156122207642,0.7032261729240418,0.1006357856094837,0.3386133730411529,2.6345640420913696,0.0625564038753509,0.0503348987549543,1077.0951904296876,4399.875732421875,925.3013244628906,279.8392700195312,181.65203857421875,282.0340576171875,4.116393089294434,5.493303918838501,20.565872573852538,106.61433639526368,1.3355019450187684,1.2264534831047058,516.9221789360047,1312.4659827083349,2498.288785239856,0.7370163984131068,1340.2309611916542,279.61373661309483,17.975031818449498,17.75179398059845,1.384298267588019
322.1692775838077,70.51630700752139,10.492667965590954,2.4292396306991577,0.5126460025785491,48.25289497375488,67.39189682006835,25.64568176269531,10.814142608642578,9.961184978485107,4.521603107452393,0.7379542589187622,0.0997035734355449,0.3202826172113419,2.2681076765060424,0.0704964399337768,0.0494858894497156,1084.7569946289063,3087.9246826171875,979.960107421875,290.79990234375,156.5370635986328,276.42274475097656,4.122162485122681,5.463180112838745,19.583066177368163,80.61728744506836,1.590191376209259,1.1390542149543763,515.334140586853,1244.3575115829706,2395.424275460921,0.7938039392232895,1341.1025803096593,278.6661039918661,18.010806252807377,17.672286367416383,1.3997433948330582
328.6057834915817,66.665512586385,10.27050433345139,2.882370483875275,0.5058667412609793,44.8550365447998,68.01243133544922,25.58484344482422,11.24557237625122,10.239795684814451,4.436266183853149,0.7248287796974182,0.1000444240868091,0.3131431430578232,2.39805908203125,0.0665481567382812,0.0479943163692951,1018.8957580566406,3553.848022460937,973.9648620605468,284.2140289306641,220.87681884765624,269.8855438232422,4.120077610015869,5.466653060913086,18.91688995361328,94.06184005737305,1.4835565567016602,1.1494092345237732,514.1232398033142,1275.3092713803053,2455.262959782034,0.792749534547329,1338.6161221131683,283.250601054728,18.04379760995507,17.75084388256073,1.396647349651903
327.23182389177384,69.55597747042775,10.249257301632316,3.025280599296093,0.4458060412318446,45.730277633666994,68.91210632324218,25.78622512817383,11.69345293045044,10.335588455200195,4.4579674243927006,0.7120190560817719,0.0993367008864879,0.3209242612123489,2.4260485887527468,0.0621050264686346,0.0487012639641761,1045.9457885742188,4828.61728515625,988.7420166015625,306.65033264160155,184.2045227050781,282.07627868652344,4.117787790298462,5.45532259941101,19.245093154907227,97.97170486450196,1.287182295322418,1.1812690496444702,515.4577511548996,1281.4518764153122,2468.403568502923,0.7428239054512232,1336.5436016872525,282.27753052413465,17.945072032511234,17.69573942422867,1.3796926313079894
326.81142755411565,62.14302163552493,10.53345939712599,2.710424283146858,0.4777381074964069,45.4394115447998,70.94561996459962,25.674921417236327,10.631773662567138,10.041638660430907,4.665074443817138,0.6874901294708252,0.099729835242033,0.3195566564798355,2.4457597017288206,0.0624513629823923,0.0475932843983173,1001.9748107910156,5339.03447265625,976.6763305664062,254.26683044433597,202.45906524658204,293.0592895507813,4.113629770278931,5.463754272460937,19.4457275390625,92.39307022094728,1.351218032836914,1.1041427731513975,513.4886550426484,1242.6568352863192,2312.262389356905,0.8257929984014482,1341.9881178528071,279.15733483284714,18.13407315760851,17.80923076868057,1.3960964679252357
333.22468047067525,75.12597288955003,10.320943016652018,2.9728898853063583,0.4694646948366426,42.4637752532959,65.56401901245117,24.84914321899414,11.298295021057127,10.692774391174316,4.647010040283203,0.6869342863559723,0.1007455110549926,0.3394167602062225,2.483333206176758,0.0640326626598835,0.049056552350521,1033.8572631835937,2925.727905273437,952.0808654785156,308.88921813964845,217.1935012817383,292.41639099121096,4.113415241241455,5.531259250640869,20.4770881652832,99.2897232055664,1.365895140171051,1.2119715213775637,520.7167155742645,1276.2939911782742,2447.091157501715,0.6787558462005109,1335.1323272794484,285.1874778240919,17.940897219628095,17.699627006053923,1.383544567367062
321.9028330123052,60.012425294891,10.2596823990345,3.312361013889313,0.4890737998473923,46.92901992797852,70.37458953857421,25.614718437194824,11.183295822143554,10.31730318069458,4.717323780059815,0.7165476500988006,0.0996322587132454,0.3236081928014755,2.552770733833313,0.062738287448883,0.0484376057982444,1024.2045776367188,4790.35009765625,979.0358581542968,259.7160064697265,218.56896362304687,291.3831329345703,4.118712902069092,5.461533927917481,19.35310401916504,107.93180541992189,1.3685091137886047,1.187484586238861,509.1081607103348,1238.0802786529064,2233.2196220337414,0.90113916490227,1340.5651172839105,280.31507736295464,18.069275699555877,17.81954734325409,1.3921537096612155
338.0261865325272,62.522237949445845,10.389544197823852,2.723502829670906,0.4652661954169161,46.00465202331543,70.08345336914063,24.70410270690918,10.721335315704346,9.661467170715332,4.3653346538543705,0.6803511381149292,0.0980765499174594,0.333334755897522,2.356929755210877,0.0654551438987255,0.0510230276733636,1105.48427734375,5375.089208984375,947.5499389648436,264.98487243652346,159.9955795288086,267.4327880859375,4.112297391891479,5.391432905197144,20.024527168273927,89.52837142944335,1.3904234647750855,1.2191254377365113,516.2867053508759,1257.553425192833,2369.946258589573,0.7290030028671026,1344.774978531897,276.1721766233444,18.03814771473408,17.729767191410065,1.3916736910585314
323.87113059908154,71.12576686516404,10.538965458609164,2.785837750136852,0.5157229427364655,46.42187652587891,68.1185203552246,24.166234016418457,11.743288135528564,10.849477195739746,4.579032325744629,0.7196153402328491,0.0991201780736446,0.3267009258270263,2.4305320978164677,0.0702180504798889,0.0497452188283205,1051.9460571289062,4467.432861328125,919.5164611816406,309.9104888916016,217.15469512939453,282.2190826416016,4.119152545928955,5.448659515380859,19.97288761138916,93.70084915161132,1.5922045826911926,1.1479833602905274,513.1232416152955,1269.7748309195042,2475.296063769475,0.7752532122191041,1336.6088677838443,285.19332145750525,17.94324495345354,17.678820395469664,1.3950934555381536
335.0772406587377,70.94475925564765,10.584625578392297,2.4422853976488117,0.4848245999892242,44.815486145019534,71.86813659667969,24.22884559631348,11.0673583984375,10.394357681274414,4.678671360015869,0.7033699691295624,0.1058445550501346,0.3326332181692123,2.2098774909973145,0.0647443562746048,0.0462308377027511,1076.327233886719,4102.483154296875,926.8733825683594,295.99822387695315,182.0278717041016,283.6596069335937,4.116438245773315,5.81694393157959,20.339959144592285,78.84203872680663,1.4142471551895142,1.0894810795783996,517.244624710083,1284.819814734161,2435.258517477242,0.7449187056627125,1341.0027240730822,281.5132787749171,18.001754266023635,17.660182678699492,1.3902136296965182
339.6812107546255,60.31698484569788,10.170539354439825,2.6704999059438705,0.4950282663572579,44.55145874023437,67.16083450317383,25.218684005737305,10.897906398773191,10.070829391479492,4.448755979537964,0.7382669031620026,0.1030782394111156,0.3116588115692139,2.5041146278381348,0.0661620065569877,0.0505018703639507,1062.7475219726562,4205.66259765625,967.6681518554688,259.0688812255859,183.36890563964843,273.00537109375,4.122231483459473,5.633126974105835,18.646538162231444,93.8802879333496,1.4516829252243042,1.2319029808044433,516.2611023426056,1276.2447448968887,2403.4542928031588,0.7289000150747598,1343.5815397642552,277.6609750673175,18.07740492746234,17.77359198331833,1.3972609516233203
331.544986788556,70.4440973041579,10.184964455571023,2.8095864415168763,0.5022602550336159,47.75268974304199,68.8940315246582,24.69257640838623,11.562077808380128,10.988670158386231,4.5454894542694095,0.6821757733821869,0.0974788196384906,0.3276920974254608,2.338787126541137,0.0659218624234199,0.0495693314820528,1070.422314453125,5311.377978515625,939.9718139648436,301.3988006591797,232.00760955810543,288.47633056640626,4.112577819824219,5.331640338897705,19.7133996963501,90.60846557617188,1.4708698511123657,1.1672270059585572,511.812429189682,1246.200764401257,2310.431558716088,0.858036678750068,1338.6009640023112,285.5149829596281,17.960373844206334,17.680385863780977,1.3903398585971445
336.1502040823922,69.06375359408557,10.38417325746268,3.1973656862974167,0.5321560623240658,43.041603088378906,69.46340560913086,23.756287002563475,10.699812412261965,10.377431392669678,4.280745220184326,0.7415258944034576,0.1062208861112594,0.3384653836488723,2.532008409500122,0.0685753859579563,0.0471768997609615,1025.1844665527344,3857.372216796875,907.5264282226562,281.2557312011719,184.88390045166017,265.45497741699216,4.122600221633912,5.825519323348999,20.48500385284424,105.16123275756836,1.5796270370483398,1.0923248529434204,520.2406576156616,1255.6803035870194,2393.416079923232,0.7120404369197786,1338.2657363854348,280.0081606820225,18.019642219692468,17.775180172920226,1.399615475954488
311.3809667883441,61.47505939938128,10.387098977155985,2.127870063483715,0.4903217925224453,46.61438751220703,64.12434234619141,24.155198287963863,10.994287300109864,10.33806085586548,4.694998741149902,0.6785326361656189,0.0993447750806808,0.3250375330448151,2.2955127954483032,0.065934433043003,0.048808678984642,997.407977294922,3055.7383056640624,927.5940856933594,260.6247039794922,210.2496551513672,294.4112701416016,4.1119794845581055,5.442202186584472,19.54263401031494,74.86205596923828,1.4361036896705628,1.1845765709877014,507.4080160856247,1191.7971301317216,2079.775816029578,0.9280665271449834,1341.6015138857067,280.66797864437103,18.15629911348224,17.75462212562561,1.402275772439316
332.3964640410617,71.97854345478117,10.43331686463207,2.3565420359373093,0.5145785345404874,45.99198455810547,71.18368911743164,24.760377883911133,10.986695766448976,10.689488697052004,4.41801118850708,0.7172750651836395,0.1055770084261894,0.3404113352298736,2.2270848989486693,0.0655589491128921,0.0487195175141096,1069.0583129882812,4550.851318359375,949.9591918945312,296.576416015625,184.06014404296877,268.8210754394531,4.118813943862915,5.794231271743774,20.648995018005373,77.7273178100586,1.4691819906234742,1.2189092636108398,517.6212442874909,1288.1631526485085,2513.1433809217297,0.7425340797752142,1340.8729654349386,281.8730225458741,18.010123298317193,17.660877203941347,1.393488461500965
325.0157459555194,64.68988866768777,10.481802751403302,2.134545958042145,0.5567640805908013,43.68301658630371,66.6088478088379,25.101967811584476,11.27566843032837,10.112746238708496,4.675184440612793,0.7387373864650726,0.1002002127468586,0.3392068833112717,2.2853152751922607,0.0672715090215206,0.0498304571956396,998.82861328125,2992.5125732421875,962.2647094726562,280.6219543457031,192.9495620727539,294.1586303710937,4.122305393218994,5.474944829940796,20.73828296661377,74.78044509887695,1.5709487438201903,1.2431806921958923,512.2217599391937,1255.3421530470252,2436.836432069208,0.7621860919520259,1339.6006057724358,281.2858931198716,18.10793758444488,17.71757642030716,1.4053887129295617
315.82571642082183,63.5400634907186,10.601516466680916,2.7998030960559843,0.4775687536224723,43.70930786132813,64.49092102050781,26.19733619689941,10.46718339920044,10.418357849121094,4.504765272140503,0.6787921786308289,0.1026462718844413,0.3168212026357651,2.553563857078552,0.0624999191612005,0.0499665290117263,959.9542663574218,3088.0986572265624,999.9474731445312,253.10286865234372,217.09212646484372,285.32471618652346,4.112032890319824,5.629386234283447,19.30706958770752,98.19295196533204,1.337501633167267,1.2446258068084717,513.9813281059265,1240.3202141851186,2215.193912773463,0.78902055346407,1339.3187228150666,279.98752326890826,18.15197734311223,17.843660068511962,1.396471394225955
336.0450546978042,72.76543947774917,10.292047407571228,2.327242946624756,0.5403737509914208,43.43643035888672,67.41631622314453,23.83068561553955,11.724805736541748,10.543230533599854,4.647812843322754,0.6938220262527466,0.0950488604605197,0.3309257209300995,2.2507976770401,0.0684060506522655,0.0495537750422954,1054.7647094726562,3558.377685546875,912.022528076172,314.4898284912109,200.021012878418,294.99351501464844,4.114724159240723,5.219926595687866,19.876486396789552,78.0310302734375,1.5749724745750426,1.2472362875938416,517.7828930854797,1276.7945550605657,2415.240691866586,0.7210037851706147,1337.723071308434,284.8262799233198,17.962728440761566,17.62976778745651,1.3955255784094334
325.6977139607072,65.5389158230275,10.13274144269526,2.790304605662823,0.525975846266374,42.69249572753906,68.89719924926757,26.127751350402832,10.883785057067872,10.254180526733398,4.284288311004639,0.7340860426425934,0.0959422394633293,0.3166117429733276,2.5347399950027465,0.0699660785496234,0.0472973983734846,1005.6804321289062,4419.21171875,997.9548400878906,276.87314758300784,179.2508117675781,260.4064880371094,4.121554183959961,5.237965869903564,18.938623428344727,97.4864974975586,1.5937403917312625,1.119291317462921,512.6284751653671,1265.1426164090633,2423.6956813393217,0.729540521837771,1338.9837835803628,279.1945843502879,18.062817811220885,17.777705442905425,1.4035481793340296
333.7861985608935,74.72764054983854,10.404911910556256,2.259463354945183,0.5164034276618622,45.1714672088623,71.30110778808594,25.31525230407715,11.487156009674072,9.796133995056152,4.332326650619507,0.7356207966804504,0.1032578587532043,0.3228880852460861,2.300208592414856,0.0645377919077873,0.0485305603593587,1043.1292358398437,4072.214111328125,967.343115234375,318.58083190917966,156.3863052368164,269.86717224121094,4.121766090393066,5.668431234359741,19.59094295501709,78.28261871337891,1.458181953430176,1.1782262086868287,515.3205144405365,1303.9469189941883,2536.7221478623164,0.7702759488485753,1336.966242516041,281.32901082634925,17.96532228142023,17.629379916191102,1.389522568974644
339.76371363662184,72.44799984283745,10.37284262785688,2.2249478727579115,0.5193793884362095,45.344848251342775,68.49715805053711,23.81357593536377,11.30289602279663,9.711951732635498,4.672944307327271,0.699040412902832,0.0965868175029754,0.310749489068985,2.234966397285461,0.068452637642622,0.0489168804138898,1098.3219116210937,3131.2598876953125,907.5799072265625,308.4462432861328,155.34497528076173,284.4657287597656,4.115644836425782,5.297424173355102,18.84980525970459,75.37889099121094,1.5454508423805238,1.208834958076477,519.3615974903107,1271.2727131232618,2409.100268757931,0.7175459487363696,1339.8536926835775,280.1087837725878,17.953274965286255,17.612401688098906,1.3934264897136015
324.9967842692509,75.09054203294218,10.336149858124552,2.484322729706764,0.5347440434386954,44.324261856079104,69.45668487548828,24.857766532897948,11.1864972114563,10.451653575897216,4.796681499481201,0.7267701745033264,0.105636778473854,0.3143598556518555,2.296502757072449,0.0687285482883453,0.0484981283545494,1036.4140747070312,3509.3939453125,954.29287109375,310.8442657470703,166.15718688964844,303.1872039794922,4.12034239768982,5.771593236923218,19.173179817199703,82.78237075805664,1.5744269967079163,1.208156669139862,513.8626034736633,1240.8076883494855,2319.220104200317,0.7451273524202406,1336.9834099046886,281.4341337375343,17.980204648524523,17.659100127220153,1.396562125231139
328.3369523474947,60.13524300269783,10.347405873984098,2.4432880729436874,0.4336907512391917,48.88435249328613,64.81012649536133,24.53274726867676,10.904247093200684,10.087917900085449,4.438182640075683,0.7037936449050903,0.0975713349878788,0.3302826970815659,2.414299416542053,0.0633084878325462,0.0465985100716352,1097.705859375,3425.86455078125,941.9209899902344,256.0730895996094,200.47976989746093,269.4835266113281,4.11653790473938,5.336572694778442,19.973024559020995,85.89929580688477,1.291759979724884,1.0774694204330444,513.7252985000611,1239.400586812198,2318.857622016652,0.8265596029814333,1345.3576705045998,278.53986578285696,18.077689429372548,17.74156230688095,1.3891658790875223
341.5000257216394,72.29123243615031,10.212408842798322,2.831780435144901,0.4450695449369959,44.912125778198245,69.89414901733399,23.83466148376465,11.116452980041505,9.738820552825928,4.544927358627319,0.7215408563613892,0.0973982751369476,0.3221565157175064,2.399064421653748,0.0633758872747421,0.051860187202692,1052.7119140625,5227.306640625,912.989794921875,301.7665710449219,162.83329162597656,283.4900360107422,4.119492197036744,5.3235588550567625,19.453273963928225,93.32314682006836,1.3088151335716247,1.273089587688446,519.9362407207489,1262.642425726354,2358.3585365199715,0.7302668769843876,1337.949623940885,280.32652147710326,17.96797795444727,17.693578326702116,1.3824063128326087
327.81869430467486,61.12001212239265,10.386522308923304,3.068690839409828,0.4552065966418013,44.37360153198242,70.61246032714844,24.73307113647461,10.89455156326294,9.594219875335693,4.264119482040405,0.7183054268360138,0.1034594967961311,0.3221842110157012,2.613671612739563,0.0617630630731582,0.0500656526535749,989.8843688964844,4575.399462890625,947.3403686523436,264.49293823242186,152.5053253173828,267.0063446044922,4.118999767303467,5.642875289916992,19.669468498229985,105.95455703735352,1.2836467385292054,1.254039645195007,512.512128162384,1243.2629035234452,2242.917315716169,0.8309563039336354,1338.8529089339077,276.079907502234,18.08526600562036,17.82342449426651,1.3888511007186026
320.3881616286933,70.93637699633837,10.317256369255484,2.632897272706032,0.4736995010578539,45.9454532623291,67.10692672729492,26.10226421356201,10.758241558074952,10.134414958953858,4.543098115921021,0.7373342335224151,0.0981200717389583,0.329162448644638,2.4332216024398803,0.0632795967161655,0.0505942359566688,1011.6573303222656,4396.439208984375,994.1055419921876,285.43853454589845,196.8892578125,285.8644256591797,4.122075796127319,5.372066879272461,19.85070323944092,90.55784225463869,1.3505804181098937,1.2640260338783265,515.7697061538696,1235.5417828813197,2276.2065751825457,0.793996478850022,1338.6513929516077,281.97618502229454,18.054143891483545,17.742327642440795,1.39035814946983
334.59044234547764,66.80215788148344,10.366367568448188,2.671597790718079,0.4424317651195452,45.90206871032715,70.04997863769532,24.040719985961918,11.399869918823242,10.434815883636476,4.370167255401611,0.7227382659912109,0.1028269551694393,0.3359149068593979,2.379154086112976,0.0645637698471546,0.0505000256001949,1050.3726928710937,4554.8173828125,920.7804626464844,290.751123046875,194.80316314697265,271.1310272216797,4.119720458984375,5.640100049972534,20.296227264404298,89.40983581542969,1.3231671094894408,1.2533665895462036,515.2000398635864,1306.6217933893204,2516.506325454131,0.7765400401316583,1339.7977044560016,282.05121016949414,18.014296697080134,17.71137139797211,1.386487786984071
325.92482619527726,72.6985768115148,10.55611061938107,2.580371278524398,0.4487890840275213,42.33073959350586,66.0361572265625,23.81572208404541,11.801324367523192,10.817458629608154,4.6357707500457765,0.7023811638355255,0.0996939159929752,0.3388388782739639,2.24302351474762,0.0612196803092956,0.0490286994725465,1020.9118225097656,2883.51611328125,915.159735107422,316.0104614257813,203.8571746826172,295.6511993408203,4.116219997406006,5.477426242828369,20.720748710632325,82.7391731262207,1.275763714313507,1.173606288433075,517.250215959549,1314.5314538866282,2538.4829286950057,0.6883556763641536,1335.579918029532,285.187146101892,17.973615223914386,17.6546835064888,1.3810105891432614
329.85036433469503,64.80691293235868,10.469513383787126,2.307762561738491,0.5204694507992826,48.56400756835937,70.0916877746582,25.480852127075195,10.510805892944337,10.223485946655272,4.402140283584595,0.7299582719802856,0.0985070690512657,0.3216230303049087,2.208163118362427,0.0694729670882225,0.0496350556612014,1093.1890014648438,4295.419580078125,972.791241455078,265.5658477783203,161.56884002685547,280.9670043945313,4.120900058746338,5.410506248474121,19.43631191253662,75.960595703125,1.566559410095215,1.2098234057426454,512.3145796060562,1242.8266198560596,2241.058695529972,0.8768195565324277,1345.2063284866513,277.0555632263422,18.081221183389424,17.7029559135437,1.4034635168034584
348.7060433581472,76.6196975607425,10.743244742788374,3.278971882164478,0.4629659036232624,44.36503868103027,65.99605026245118,16.436148834228515,11.079378128051758,10.14987859725952,3.8039520502090456,0.7288747131824493,0.097652567923069,0.3466379016637802,2.762206268310547,0.0633688524365425,0.0281021187081933,1141.2991943359375,3745.371875,631.2630310058594,328.88214416503905,166.1272933959961,242.97357788085935,4.1206135749816895,5.343230724334717,21.076943778991694,107.58615417480468,1.3759296774864196,0.6722104549407959,522.5353736400605,1427.362307716906,2684.9015368729074,0.6103826292790473,1378.482775247097,290.0813162915409,18.476775160431863,20.480237913131717,1.4443375096074305
311.4574018899351,63.56418732013553,10.3464914820157,3.040525496006012,0.4919576318818144,45.15485725402832,69.00825119018555,25.899619102478027,10.888601779937744,10.768208980560305,4.510146379470825,0.6845651149749756,0.0963717773556709,0.322383826971054,2.5948265552520757,0.0625381559133529,0.0494931582361459,972.909246826172,3506.208984375,990.3835754394532,263.9882110595703,227.91304931640624,286.614501953125,4.113101482391357,5.278270721435547,19.39947643280029,104.63034744262696,1.378204071521759,1.1474080801010131,510.5305491447449,1235.6978263244032,2226.3084862501537,0.8729111661203206,1338.0558353997767,281.656899715215,18.09825143739581,17.82976657152176,1.3948269684333354
325.91583806201817,78.66452135927975,10.350028933025897,2.258568303287029,0.472367771109566,42.67854614257813,65.3502426147461,25.33613739013672,11.565803146362304,10.926139736175536,4.771077442169189,0.7153652369976043,0.103650464117527,0.3190712630748749,2.184214949607849,0.0612444631755352,0.0503931485116481,999.014453125,3160.030639648437,966.9964233398438,324.1411590576172,226.45110778808595,297.1446502685547,4.118426084518433,5.672521018981934,19.388081741333007,74.33386917114258,1.3187143445014953,1.1987067222595216,519.9721177101135,1260.291764573753,2386.0851688885946,0.6910574512090534,1334.7023603588343,287.88430301994083,17.98853865861893,17.62612224817276,1.383886328805238
311.50927204601464,65.2630983537063,10.317157820612191,2.365153296291828,0.4896433965419419,46.8684139251709,69.33972091674805,24.447543907165528,10.80214776992798,10.021605968475342,4.421255826950073,0.7323990046977997,0.103134249895811,0.3395119726657867,2.175234842300415,0.0641238257288932,0.0494121685624122,1007.7960327148436,3791.403076171875,933.1725036621094,270.67578125,190.2826156616211,277.9226837158203,4.121304035186768,5.649742317199707,20.36314830780029,75.89736557006836,1.407601177692413,1.141751766204834,506.9164927959442,1225.1859793171286,2158.4707114700054,0.9022582748439164,1341.332402665168,280.260526047647,18.12559583559632,17.734365975856782,1.398330726707354
333.6845772761852,67.36481088809668,10.23674423294142,2.199693539738655,0.5100958699709736,45.95667190551758,68.24051208496094,24.95928325653076,11.180817031860352,10.457255268096924,4.325039386749268,0.7376445055007934,0.097657773643732,0.3117745727300643,2.317806911468506,0.0661240614950657,0.0491696927696466,1062.1356811523438,3587.257568359375,949.4794128417968,291.2214019775391,159.96845397949218,264.6724395751953,4.122128009796143,5.332764148712158,18.828393173217773,77.43636322021484,1.4841768145561218,1.1650301098823548,516.1604771137238,1233.5424771249295,2298.9369032342397,0.7834967322647571,1340.8942421600225,279.1395969569683,18.03252491205931,17.673230397701264,1.3956844124477357
341.6587052671239,59.146391885727645,10.582891818322242,2.4360601231455803,0.5034313445794396,46.17379951477051,73.22263107299804,24.96528434753418,11.084521865844726,10.629982948303224,4.5553810596466064,0.6844308555126191,0.0975109316408634,0.3176447838544846,2.243652892112732,0.0640821419656276,0.049877343699336,1086.1583129882813,5193.93017578125,956.1803588867188,257.6800201416016,188.91837310791016,289.8411437988281,4.113072729110717,5.350551176071167,19.37219982147217,79.72792358398438,1.432359528541565,1.1417686700820924,512.6823801517487,1275.3961793094873,2377.983564947231,0.7944864958524704,1345.8386487923565,278.09002029374244,18.093073972314595,17.729973018169403,1.397582709975541
308.9243017617613,63.97468822561204,10.572951789293436,2.544150637090206,0.476212540466804,43.32536582946777,65.18157501220703,24.202345275878905,10.77646312713623,10.80331563949585,4.638569736480713,0.6941043555736541,0.1058841258287429,0.328800681233406,2.2509538412094114,0.0615522190928459,0.0473106671124696,948.1225341796876,3388.431127929688,923.5607238769531,264.70363159179686,216.02861328125,284.5007354736328,4.114832544326783,5.795977449417114,20.074763107299805,81.95464630126953,1.3233897805213928,1.1288071990013122,512.6921508789062,1241.9311520695687,2255.9236128306247,0.7455595139414072,1338.9991921588778,281.2277675613761,18.16687900274992,17.79007281064987,1.3968554639723152
327.91727378349754,65.49548904001713,10.305153419915587,3.0406232610344888,0.4867092292639426,43.6099739074707,68.11043701171874,23.944146728515623,10.573869895935058,9.840351581573486,4.714682102203369,0.7301112115383148,0.1032847844064235,0.328189542889595,2.447234606742859,0.0631770111620426,0.0522190548479557,1026.2729125976562,4248.700146484375,914.1660766601562,266.6299591064453,184.0101272583008,298.1602935791016,4.120934963226318,5.671665954589844,19.61835651397705,98.81798248291015,1.3702306628227234,1.3019756078720093,517.7098980426788,1258.9733495816588,2436.044924552215,0.7031918249092997,1340.8914760619402,278.63205294087527,18.070932061970232,17.78807314634323,1.3925156855024396
329.9852587508038,62.05149113200605,10.433319498691707,2.716037453711033,0.4649079273920506,42.51182289123536,67.5568344116211,26.198384284973145,10.846127700805663,10.512030696868896,4.3635313510894775,0.71378293633461,0.1028233110904693,0.33834969997406,2.4396398067474365,0.065820675343275,0.0470363721251487,1013.3961486816406,3508.58447265625,1004.378125,259.31862182617186,222.7777801513672,265.87547302246094,4.118250846862793,5.645132827758789,20.374187660217284,92.31863555908204,1.3990034341812134,1.0962358117103577,516.4915006160736,1286.0623690530658,2481.9438140678744,0.7033154582139105,1341.8070894144475,280.4099182248116,18.112779593467717,17.794485127925874,1.3972358115017414
313.7173529291525,60.05004941616208,10.549515263549983,2.498376099765301,0.5030963833793066,44.00795974731445,69.40294189453125,26.38630065917969,10.63071937561035,9.844633674621582,4.574495267868042,0.7133504271507263,0.101196850836277,0.318064346909523,2.3040382862091064,0.0660261407494545,0.0487234041094779,971.8545349121092,3567.9724609375,1011.2643188476562,251.9582305908203,162.4237289428711,288.7597961425781,4.118176746368408,5.532277774810791,19.423974609375,82.92346954345703,1.460754930973053,1.1710630893707277,512.4579313755036,1245.986307682097,2379.783557720267,0.7710564999375492,1341.6929937087,276.03912762477995,18.18407573476434,17.805779302120207,1.4051994305104016
316.11161855235696,64.67391342781484,10.491140883974731,3.211466905474663,0.4487115187919698,43.78758430480957,69.15690689086914,25.53486862182617,10.993916034698486,9.923379802703858,4.283387804031372,0.7103239953517914,0.0976791352033615,0.3154350250959396,2.5823482036590577,0.0626977123320102,0.0471121147274971,962.8527587890624,3759.141357421875,979.2913818359376,276.24700622558595,177.76464080810547,263.7090087890625,4.117657279968261,5.354505157470703,19.189934158325197,107.3724365234375,1.299822199344635,1.1416805624961852,513.8913797616958,1239.224095632136,2230.956906715699,0.7673847238533199,1335.90968240723,279.176972733438,18.06775103732944,17.81642289161682,1.388575283344835
334.3499838974327,70.15805334448814,10.548192829079929,2.3674246072769165,0.5386982697993516,47.15299301147461,66.65481719970703,24.04256935119629,11.16196355819702,9.79178695678711,4.450805854797364,0.7091597437858581,0.0973829038441181,0.3335134208202362,2.356212592124939,0.0666898727416992,0.047340727224946,1080.5701904296875,4059.22763671875,920.2223022460936,298.99425048828124,154.39508056640625,269.59996032714844,4.117353010177612,5.345838356018066,20.41142635345459,82.45292892456055,1.5478981852531433,1.1057756304740909,513.2777850627899,1274.7852567911148,2450.441825464356,0.8282966954167932,1340.1257060281932,279.0914573773742,17.983431765437125,17.662759637832643,1.3956453415099532
330.74595297705383,62.61869013477117,10.341410490032285,2.4809742659330367,0.48575789880706,47.86752700805664,71.93182601928712,26.0985164642334,10.592110919952392,9.982835292816162,4.4211039543151855,0.740459018945694,0.1052455738186836,0.3125688284635544,2.386801743507385,0.0663829252123832,0.0507541541010141,1066.1236572265625,5367.10791015625,998.9342041015624,255.9511917114258,198.15257263183597,279.4860382080078,4.122575283050537,5.764368200302124,18.81871528625488,85.66849899291992,1.4419076681137084,1.2212192296981812,514.938183927536,1248.6900861442089,2376.0134445401027,0.8026150600984693,1344.6604919500649,278.66454590782524,18.103506018221378,17.759008324146272,1.3986264738254248
345.9645079331473,73.21585555765778,10.247231538034976,2.2987885564565658,0.531163482775446,43.55538673400879,66.55831909179688,23.860801124572752,12.020475387573242,10.455409812927249,4.445150852203369,0.6775905132293701,0.1011099115014076,0.3136774837970734,2.3255170822143554,0.0651598639786243,0.0503532212227582,1051.2144653320313,4232.144287109375,915.9169555664064,326.49200744628905,171.57496032714843,282.1914794921875,4.1114997386932375,5.523389005661011,19.06325435638428,80.05494537353516,1.5020227313041687,1.1915836453437805,517.9763259887695,1307.6836610347032,2470.1950401477807,0.7233355478383601,1336.0433304987848,283.34004279375074,17.923191080242397,17.610831606388093,1.389068051148206
328.29752097055314,60.88783851340413,10.39324855459854,2.7288833618164063,0.5233737109811045,46.710492324829104,66.22856292724609,24.52322559356689,11.052388000488282,10.85455026626587,4.362769508361817,0.7165459334850312,0.1059570230543613,0.3286819189786911,2.3475414752960204,0.0655376382172107,0.0502181846648454,1049.6096435546874,4117.77607421875,937.8124450683594,262.44261169433594,202.3349548339844,275.1031555175781,4.118700313568115,5.812163257598877,19.807361793518066,89.17586135864258,1.4913067936897275,1.1844226717948914,514.1403485059739,1238.4731746047737,2227.04864250847,0.8168631505221129,1342.8253622099758,279.6231688685715,18.08827294185757,17.763790023326873,1.4001082363072783
316.804115707241,66.79606947097928,10.2316520226188,2.317129983007908,0.4894175345660187,44.57490768432617,69.79279403686523,25.90994892120361,11.352806854248048,10.418297576904298,4.47702956199646,0.72632936835289,0.0970636673271656,0.3193480938673019,2.172715902328491,0.0683046728372573,0.0490974929183721,979.1823120117188,4672.703369140625,988.951239013672,286.76365051269534,214.48192291259767,283.8243469238281,4.120321416854859,5.301273775100708,19.18080596923828,74.90116653442382,1.490741217136383,1.1701837301254272,510.5369944572449,1245.259319575131,2264.104101585632,0.8044875343330204,1338.5430590756237,283.4813877336681,18.104593956470488,17.71499546766281,1.4012644555419684
335.5834874184802,61.746399419382215,10.520538532175124,2.7387515261769293,0.5185257575009018,48.403446960449216,68.37556457519531,25.32816982269287,11.187186431884763,10.525060272216797,4.584814548492432,0.6983578562736511,0.1055778019130229,0.3285073727369308,2.4184987545013428,0.0653964951634407,0.0496751192957162,1109.8000244140626,4840.611572265625,972.126220703125,266.0680358886719,224.3112075805664,289.7938262939453,4.115581512451172,5.7938258171081545,20.02691059112549,92.14873733520508,1.4841760754585267,1.163468313217163,513.593811583519,1286.2185730367898,2456.631312194775,0.8152125494554638,1344.3997487217189,280.8869994416833,18.03042628839612,17.734731662273408,1.395805177791044
327.5005926573649,73.27731042057276,10.373576824739576,2.6765458792448045,0.4328950832714326,42.19771499633789,66.4251808166504,24.977181243896485,10.92437391281128,10.449950122833252,4.609839296340942,0.7086000800132751,0.0984099105000495,0.3301202952861786,2.3074540853500367,0.0643501825630664,0.0485763352364301,1018.9012329101564,3695.03525390625,959.050848388672,299.27965087890624,171.78452911376954,284.72874450683594,4.117324542999268,5.37328200340271,20.1597583770752,86.84244308471679,1.3064265847206116,1.166622197628021,519.9901919364929,1288.5166895121336,2452.823793927918,0.6559972448740155,1337.9462776854634,280.87242038697,18.015918865799904,17.70162703990936,1.3856889872346074
331.6795910306275,63.28513185046613,10.511890002992004,2.6797562927007674,0.5355354201747105,48.04958534240723,71.5623779296875,24.260746002197266,10.535325622558592,10.449699401855469,4.377450466156006,0.709038895368576,0.1072314128279686,0.3184407234191894,2.389321208000183,0.0682130314409732,0.0463730074465274,1075.5686279296874,5114.024658203125,930.8694152832032,262.7735534667969,165.21701049804688,265.89256591796874,4.1174397468566895,5.866219806671142,19.503909873962403,89.82885971069337,1.5717467069625854,1.0902557969093325,513.2190155029297,1257.297766828537,2409.1699371547847,0.8189108902122826,1343.81021707505,276.7541254982352,18.068194905295968,17.752815151214598,1.40293276081793
337.3555236138403,62.01160116419196,10.484958927240225,2.7241917714476585,0.4929932559432927,46.5621753692627,66.73438415527343,24.067788887023926,10.63261604309082,10.003792762756348,4.549477624893188,0.728134161233902,0.0994828768074512,0.3455168098211288,2.312089729309082,0.0682184137403965,0.051334448903799,1097.269934082031,2954.938330078125,918.9416625976562,260.99712524414065,164.36610412597656,274.70762023925784,4.120584678649903,5.448412418365479,21.06695671081543,87.81310501098633,1.4876012206077576,1.279236614704132,515.9777232646942,1273.8354129225015,2412.913859264785,0.7927796050906182,1344.4092472970483,276.50478127449753,18.063884665071964,17.739697444438935,1.3982753638876602
334.5038753520697,68.89572796933354,10.228300206549466,2.82150301784277,0.5036644283100031,43.02049522399902,69.63767623901367,25.82981014251709,11.515433025360108,10.648398971557617,4.524966526031494,0.6874728798866272,0.1022905327379703,0.311339783668518,2.4804484605789185,0.0642831370234489,0.0466574862599372,1043.6533447265624,3594.167578125,990.5643920898438,298.7851165771484,198.5607894897461,289.6248382568359,4.113529777526855,5.60781192779541,18.68245639801025,96.23057861328124,1.4346848130226135,1.1142706513404843,514.9345207214355,1255.7940933644772,2334.196750827221,0.73444468928501,1337.4720502234995,282.80392576530573,17.971445985138416,17.70976437330246,1.3891155273653566
335.72488716896623,66.23167637251318,10.604051398206504,2.630898562073708,0.4522321541095152,43.79043655395508,67.02292938232422,25.48744201660156,10.837148189544678,10.521154403686523,4.322047472000122,0.7222927212715149,0.1075784884393215,0.3185882657766342,2.3947662115097046,0.0634112253785133,0.0495366510003805,1042.2529052734376,3633.611083984375,972.5291198730469,274.39951477050784,205.88402557373047,266.3561248779297,4.119662570953369,5.90600266456604,19.49069652557373,89.08571243286133,1.3206909894943235,1.2056052088737488,515.9342450618744,1246.3493653565645,2337.255760695652,0.730506437877193,1341.3038769721984,281.10136168003083,18.06205080524087,17.743567979335786,1.38952418807894
320.1990189891309,68.52342315651477,10.198033781256528,2.686201211810112,0.4864782378193922,46.61321868896484,64.45558547973633,24.45750198364258,10.754658317565918,10.550466060638428,4.583196067810059,0.702243584394455,0.0954865716397762,0.3328654944896698,2.3715785264968874,0.0650030642747879,0.0490381203591823,1077.3642822265624,2945.36982421875,931.8880493164064,280.0382537841797,199.74808349609376,282.72389221191406,4.116231203079224,5.230996894836426,19.892323875427245,89.39457702636719,1.4082676410675048,1.233537745475769,512.1983070850372,1244.8152083575726,2345.4834088696807,0.7800024836324155,1341.3207986146213,280.9103735342622,18.02222418040037,17.717082834243776,1.3913215060951187
327.55660145804285,72.42407358605415,10.122720983810725,2.6039379060268404,0.4710053891758434,45.50263938903809,67.8839096069336,25.013068199157715,11.549579620361328,10.405843734741213,4.680617094039917,0.7398190498352051,0.0970106825232505,0.3331766366958618,2.334171295166016,0.0654069133102893,0.0481259703636169,1064.511669921875,2936.28212890625,960.2601318359376,312.63709411621096,168.75225067138672,298.64073181152344,4.122407865524292,5.310947561264038,19.9393741607666,86.5781852722168,1.3936701655387878,1.2072855353355407,514.5577358722687,1289.322937050462,2442.11452648812,0.7481846279464662,1337.0040038950742,281.62741577029226,17.944602300971745,17.64961804151535,1.3849943198263646
318.17264663092794,78.17616990059614,10.45327933356166,2.3081211507320405,0.481333263264969,42.9116943359375,66.7314064025879,25.360678672790527,11.439437198638917,10.27687644958496,4.629941463470459,0.7074678838253021,0.0999227799475193,0.3319845616817474,2.304116988182068,0.0621933624148368,0.0503868740051984,968.7652099609376,3228.152587890625,972.727783203125,321.433837890625,198.2396774291992,290.76304626464844,4.117162227630615,5.471648788452148,20.26565170288086,79.37896728515625,1.3550901055335998,1.1827723979949951,513.0742438793183,1240.092262160778,2305.119267833163,0.7593948628753424,1333.182210201025,285.81492537856104,18.009110936522482,17.661019551754,1.387215871270746
332.22370913121847,67.36461799778044,10.420759005378931,2.6023409932851798,0.5019026941270568,43.187042236328125,64.4306869506836,24.097286796569826,11.440746402740478,10.665287017822266,4.456177949905396,0.7012725234031677,0.0957979254424572,0.3407392650842666,2.48356032371521,0.0660816110670566,0.0515791494399309,1033.6755737304688,3342.6026611328125,924.5328979492188,293.5739288330078,191.48238067626957,281.7814025878906,4.1160753726959225,5.255732107162475,20.65542869567871,91.86459274291992,1.4606199979782104,1.282754158973694,515.9971043586731,1268.6999889031051,2354.8237323023554,0.7182331873103976,1338.2374659828845,281.9003166846931,18.00767421349883,17.717571890354158,1.392997594922781
339.8570096150041,59.87872619815171,10.307517091184854,2.9963903054595,0.4394117053132504,47.93211631774902,67.22620697021485,25.29740390777588,11.061126899719238,10.875745487213134,4.674965190887451,0.7179878354072571,0.1000824697315692,0.3296707272529602,2.573449778556824,0.0648555189371109,0.0498306866735219,1132.3754760742188,4324.11787109375,964.2947326660156,257.47948303222654,216.55828247070312,292.00368041992186,4.118836164474487,5.464030790328979,20.05173854827881,103.14890747070312,1.3411428332328796,1.137602436542511,514.9990428447724,1295.6637713447212,2511.525342107838,0.7737247490789741,1345.040823943913,279.24534340798857,18.00946077182889,17.759323596954346,1.386899640969932
321.4709069231525,74.63632900919765,10.392976699676364,2.2656456634402278,0.4795899296645075,42.3029899597168,67.41472473144532,25.01107864379883,11.708699321746826,10.440515041351318,4.744752693176269,0.6772287786006927,0.1009552858769893,0.3422001183032989,2.289794445037842,0.0675279259681701,0.0471722889691591,966.1015625,4852.925341796875,957.9375366210936,315.6920593261719,228.93365173339845,302.45580139160154,4.111657571792603,5.520056343078613,20.840358543396,77.94656753540039,1.4624342799186707,1.1125035881996157,518.7711837291718,1316.5837315946817,2531.499894181639,0.6746124160010367,1334.5770839884876,287.3706369534135,18.02557391449809,17.67186087369919,1.3944413939025253
308.5401325045153,60.38325604274869,10.424981535598636,2.992353400588036,0.5001251761219464,47.75759048461914,72.4170524597168,24.009705352783204,10.982707977294922,10.190057277679443,4.454580307006836,0.7097499370574951,0.1050570182502269,0.3390372782945633,2.5473254919052124,0.0676695220172405,0.0500856008380651,1006.849365234375,4472.728515625,921.8676025390624,264.2484649658203,157.92899475097656,277.7568664550781,4.117564964294433,5.757780408859253,20.52682456970215,101.86936492919922,1.4932633638381958,1.2163808822631836,507.4382773399353,1220.2187918260693,2214.3469152945445,0.9092615140601992,1339.7590420812369,276.4067252159119,18.082071007043123,17.807866907119752,1.3997688037808984
309.0569939985872,61.19559972584248,10.39795167921111,2.928564637899399,0.4875384424580261,46.24915580749512,68.33697204589843,25.759468650817876,10.774546432495118,10.344841194152831,4.367533922195435,0.7063325941562653,0.0969076298177242,0.3298199564218521,2.3953744649887083,0.0671703964471817,0.0479692120105028,996.1299072265624,4555.112744140625,983.2360778808594,260.38584289550784,171.0350601196289,273.0326904296875,4.116971015930176,5.291253995895386,20.04981803894043,94.64426498413086,1.4540019273757934,1.1922178864479065,508.24650421142576,1249.053623180091,2212.0703684066075,0.8247442966792733,1340.69632589221,277.0130022451282,18.117835500091317,17.806231129169465,1.4003306383732703
309.9623396284878,64.32961885891855,10.516455945000052,2.4637242421507835,0.5045316992560401,45.16742172241211,69.68894958496094,26.07926959991455,10.530546283721923,10.628726577758789,4.370324182510376,0.7410855531692505,0.1051325060427188,0.3457713842391968,2.2359137773513797,0.0702172078192234,0.0475509144365787,977.952569580078,3964.960424804688,1001.0312316894532,263.50107727050784,178.90888671875,272.37184753417966,4.122671127319336,5.756113243103028,21.036230278015136,79.87963027954102,1.5572254180908205,1.1257221579551695,510.59753687381743,1246.1965342864394,2334.448633436591,0.8007126107346266,1340.7846779949964,278.2589689448476,18.158147271722555,17.77483049631119,1.4084915097802877
323.2138894882053,71.24923403449357,10.445785476639866,2.3550654381513594,0.4499726290116086,44.802965545654295,63.82472457885742,24.302818489074703,11.699588775634766,9.98075304031372,4.474713563919067,0.7047719240188599,0.1046548977494239,0.3399551033973694,2.1652133464813232,0.0614241003990173,0.0495812352746725,1041.3399658203125,2975.500366210937,925.114404296875,314.6093505859375,157.03606872558595,280.9021942138672,4.116655158996582,5.750510597229004,20.617892265319824,75.63142929077148,1.2877524614334106,1.1593013882637024,512.712139749527,1241.2122252479196,2268.566603370133,0.7507959985174238,1337.0162359789017,280.6987690269947,17.979505912214517,17.62748963832855,1.3818934357259425
326.05076132994145,71.03021759279072,10.095419254153969,3.316993719339371,0.5450070344377309,45.068106460571286,70.42257080078124,25.13336181640625,10.7996919631958,10.084699153900146,4.416497278213501,0.7060397744178772,0.0962253749370574,0.3215403109788894,2.545347285270691,0.0658990904688835,0.0496645141392946,1073.8007202148438,3795.3773193359375,961.5096618652344,287.3509704589844,203.27277526855468,269.5029602050781,4.116861963272095,5.250922918319702,19.33070487976074,107.95607452392578,1.5389495611190795,1.176020610332489,514.2738792896271,1285.805405780673,2437.3446016827656,0.7286635437048972,1338.8238074824214,281.646253053844,17.9520218975842,17.740791547298432,1.3928605423308908
348.4050483897328,71.15894155576825,10.14740366274491,3.114001524448395,0.4643026761244982,49.53395309448242,67.37655334472656,25.18937397003174,11.303436946868896,9.658390998840332,4.186701250076294,0.6857309341430664,0.1031715176999568,0.3064294397830963,2.541834139823913,0.0665216170251369,0.044265130162239,1176.5827758789062,2942.6713134765623,965.67080078125,302.3630096435547,174.86526489257812,260.7648406982422,4.113160037994385,5.658719873428344,18.477216529846192,104.93875732421876,1.423492705821991,1.038630437850952,519.4628136634826,1304.4394858270884,2430.4086228807164,0.7354307856410742,1337.2725380800664,280.407793147862,17.780259588360785,17.499962854385377,1.3751254126895218
332.01786019131544,72.1038174919784,10.471792005188764,2.508226715028286,0.5190602883405517,46.05996322631836,71.53120803833008,23.907812118530277,11.460308074951172,10.79689884185791,4.720927000045776,0.7365532100200654,0.0974503792822361,0.3128906786441803,2.2250768899917603,0.0663364991545677,0.0510874167084693,1064.04951171875,4123.928466796875,915.3926147460936,304.8506164550781,220.21829986572263,292.419921875,4.121923923492432,5.352025699615479,19.029969787597658,80.6968376159668,1.495009219646454,1.2767539620399475,513.3582350730896,1253.8907564267515,2338.240742998506,0.7980082251597196,1339.0066461853685,285.3440164923668,17.98379653170705,17.653158283233644,1.3927949416916818
312.25597302913667,69.86984581053257,10.302240436617286,2.273793713748455,0.512735284504015,46.78396835327148,66.03377914428711,24.71879711151123,11.116899394989014,10.294124126434326,4.430397272109985,0.724080228805542,0.0994042836129665,0.3138303399085999,2.195634198188782,0.0689397618174552,0.0506018623709678,1001.4000671386718,4113.34619140625,946.26220703125,293.51494140625,178.26082611083984,276.85760498046875,4.119954586029053,5.45264573097229,18.799847221374517,74.86721343994141,1.5473182916641235,1.2030004858970642,510.9933678150177,1208.530796323717,2146.097485405847,0.8595145747065545,1338.510844515264,281.6232440531254,18.07106047794223,17.690177273750304,1.401725830184296
316.4614347979426,67.60973364636303,10.234665992017836,2.726610527932644,0.4445079484954476,44.72048988342285,68.28181991577148,23.90678195953369,10.940538215637208,10.12129192352295,4.614501714706421,0.7293488562107087,0.1007933378219604,0.3360808968544006,2.471732497215271,0.0624935742467641,0.0475918143987655,987.6475463867188,4610.989990234375,912.8861206054688,282.6731658935547,180.1078338623047,293.2463806152344,4.120805025100708,5.519706583023071,20.113633728027345,93.83316421508788,1.2983263731002808,1.0966932415962218,512.0752882003784,1242.0514589488507,2255.018383205007,0.7791920836549252,1337.698304449022,280.11048392876984,18.06865065842867,17.765844893455505,1.388705639913678
329.8447053125128,76.95891912989319,10.41918655205518,2.370864510536194,0.4903599161538295,44.24984474182129,68.42017440795898,24.254324913024902,11.273440837860107,10.386990547180176,4.738744640350342,0.6817847311496734,0.0981008619070053,0.3143855363130569,2.3408714532852173,0.0636270724236965,0.0487116005271673,1036.4263427734377,4928.803759765625,930.5567443847656,313.80719604492185,211.69283294677732,287.9532684326172,4.112520742416382,5.363464260101319,19.253506088256835,82.02215270996093,1.395736610889435,1.180832314491272,519.265379190445,1329.0775723829863,2511.131221073447,0.6825642347801477,1337.323815109581,285.5537257373333,17.969116935133933,17.65179716348648,1.3870699127670378
320.8667873058468,68.2042401369661,10.309161901287734,2.776547425985336,0.4495602454757318,48.031267166137695,64.7027473449707,25.478573989868163,11.355990028381347,10.266436576843262,4.613654041290284,0.7058967351913452,0.1054760180413723,0.3143305778503418,2.381106805801392,0.0599144965410232,0.0492936745285987,1068.169921875,3105.82177734375,972.6623779296876,294.70338439941406,180.5266098022461,290.65765075683595,4.11680965423584,5.795002031326294,18.875466537475585,91.56975784301758,1.251353096961975,1.165356981754303,513.260888004303,1241.0600456982852,2271.559947192762,0.8360264519695193,1338.9037876747548,281.2996812663972,17.981093979626895,17.696035933494567,1.3803017420694232
319.1600904313848,66.31409480199218,10.137572890147569,2.235944025218487,0.482313582918141,46.61232681274414,68.33254165649414,23.91860446929932,11.450093936920164,10.47681360244751,4.410875749588013,0.6782710194587708,0.0970174878835678,0.3209528774023056,2.3135579347610475,0.064527678489685,0.0468625202775001,1061.7522216796874,3391.6169677734374,915.4474609375,289.4646392822266,207.04898529052736,273.8931579589844,4.111911725997925,5.296100234985351,19.23699359893799,78.08511810302734,1.4045151710510253,1.101776123046875,510.9109754562378,1244.5232463613152,2235.423170657415,0.78678924953565,1340.993930312246,282.55603013336656,18.030023941397666,17.677467620372774,1.3917964191175998
332.51929561300204,70.57343733645976,10.31937766307965,2.666345010697841,0.5234537248499691,48.27887954711914,66.57888793945312,25.34109687805176,10.890191841125487,10.40357313156128,4.344189405441284,0.7230282068252564,0.0986075758934021,0.317519947886467,2.408208012580872,0.0699139527976513,0.0465969033539295,1099.197119140625,3687.398193359375,973.1032836914062,292.7000213623047,156.47391357421876,273.51922607421875,4.1197357177734375,5.380207014083863,19.40748672485352,90.47443161010742,1.5955874562263488,1.0864625573158264,512.7320314884186,1269.181254296005,2433.117093662021,0.8594837424810976,1340.5288479417563,278.60026057735087,17.968733901157975,17.684829330444337,1.3971172015648334
293.37672100133807,73.02158537711948,10.852426886651664,2.7851281385868787,0.5184588200470899,33.815818786621094,13.77360610961914,0.0149427938275039,10.793314933776855,8.711270904541015,3.068768048286438,0.7412615418434143,0.0999974973499775,0.3338847666978836,2.681437969207764,0.0688803479075431,0.0288072859868407,983.312255859375,35.47231864929199,0.5476341247558594,307.9121063232422,156.89151611328126,191.21028594970704,4.121947574615478,5.479075908660889,20.054426193237305,94.46932983398438,1.57471045255661,0.6824482560157776,525.1969307899475,1490.3233534052968,2609.3130568098395,0.4435479696840048,1377.888058054691,291.40003023147585,18.766295339912176,20.60145537853241,1.472402207320556
332.34847009330986,68.26500116474926,10.276656254101544,2.793364334106445,0.4471393941552378,44.760215759277344,64.82400054931641,23.86605930328369,10.994436454772949,10.23225736618042,4.754920244216919,0.7025274395942688,0.0965832114219665,0.3372663468122482,2.3959558248519897,0.0642617598176002,0.046713538095355,1080.914208984375,3022.63671875,916.2649475097656,285.00555419921875,192.2336791992188,299.77635192871094,4.116283798217774,5.295971822738648,20.27033634185791,92.41921691894532,1.335143995285034,1.1162761330604554,515.9723930358887,1265.5309945896267,2410.849379465025,0.7148661249317229,1340.629665900767,281.003740375489,17.994625729322433,17.710470736026764,1.385757271340117
319.99952442534266,68.68946768082678,10.4367146669887,2.809272323548794,0.4872265834361314,47.5635440826416,64.31986236572266,25.21339607238769,11.359534740447998,9.881741523742676,4.741212368011475,0.6811331868171692,0.097064159810543,0.3165536880493164,2.4383350610733032,0.0667084753513336,0.0491373244673013,1054.5639892578124,3396.49169921875,961.5740661621094,297.34727478027344,169.23990020751953,296.0951202392578,4.112417697906494,5.312377071380615,19.35667476654053,94.3776237487793,1.4550551533699037,1.193194818496704,513.6374700307846,1257.3399052754044,2392.127953616012,0.8074880407191813,1338.0138248443604,280.48593068122864,17.974126352742314,17.705011880397798,1.3905648275278508
340.6221048619598,69.66255178637803,10.20595308309421,3.090640886127949,0.4574813875951804,45.66791458129883,70.98229141235352,25.23521137237549,11.31575984954834,10.40798807144165,4.746911907196045,0.6889472007751465,0.1021320700645446,0.3185184121131897,2.4797703981399537,0.0615756567567586,0.0466755576431751,1080.9296264648438,5140.81708984375,967.1058654785156,299.13254699707034,168.65155944824218,302.6469665527344,4.113817405700684,5.60520372390747,19.082651329040527,101.32044906616213,1.301518976688385,1.1157840490341189,517.0936151504517,1323.3596749663352,2566.0164063647853,0.7584120743907988,1338.442054462433,280.42372811213136,17.929904785752296,17.701034820079805,1.3795949880499392
347.93278444036844,63.18658324256539,10.369003414083272,3.017745405435562,0.5137904887087643,47.54453811645508,66.67370147705078,24.73431396484375,10.922116374969482,10.350674629211426,4.623766660690308,0.7136285305023193,0.1009470604360103,0.3152321189641952,2.6063778400421143,0.064263892173767,0.0471636593341827,1150.5284790039063,2976.2525634765625,941.3741638183594,267.3691925048828,207.50363159179688,281.24070739746094,4.118167638778687,5.535526704788208,19.124627113342285,104.97445297241212,1.4517691254615783,1.1239149689674377,518.4522079944611,1253.9732279658317,2326.5555525844397,0.7859043148346245,1343.2520114719869,279.75961604863403,17.960085248947145,17.73256849050522,1.3889088925905526
354.26106698904186,71.52832829039544,10.361834719218312,3.021098282933236,0.4428570263786241,49.46965446472168,69.62905044555664,25.380990982055664,12.008060836791993,10.15208616256714,4.404585838317871,0.724653285741806,0.1014432214200496,0.321073517203331,2.536588191986084,0.0616749174892902,0.0465474687516689,1154.388330078125,4839.39482421875,970.232452392578,316.8737518310547,212.5560729980469,278.1251373291016,4.11990442276001,5.573363256454468,19.62580795288086,103.0532096862793,1.281306803226471,1.1199289679527282,515.9562557697296,1339.8267821505665,2476.038075881765,0.7229501388967037,1335.6375327460469,284.7924880467355,17.7600464142859,17.4778871178627,1.3665088275447488
327.49117523944005,73.32592630200088,10.118416571151466,2.2699453815817834,0.4444749035872519,45.4764877319336,67.36913986206055,24.16939926147461,11.212720108032226,10.807200908660889,4.448567390441895,0.7218451619148254,0.0993791960179805,0.3207678020000458,2.348964214324951,0.0633300878107547,0.0499263368546962,1038.849523925781,3148.5606689453125,928.4261108398438,301.72540893554685,217.84054565429688,278.8411926269531,4.119579315185547,5.4330751419067385,19.16447734832764,80.05376815795898,1.31122545003891,1.1908077001571655,514.3614218235016,1238.8514871746302,2317.132604352862,0.787555770156905,1338.291531034559,285.14686971604823,18.014014445990323,17.6705726146698,1.3856394790112971
310.6881379712373,63.934249030053614,10.37655057804659,2.3144894033670425,0.5050659687956796,46.66842155456543,70.47166595458984,26.23884029388428,11.31076946258545,9.9947829246521,4.665576457977295,0.6911177814006806,0.1014084421098232,0.3231657534837723,2.32373595237732,0.0647995233535766,0.0481284577399492,997.0862243652344,4832.097412109375,1007.4759826660156,281.5171752929688,175.0897445678711,290.7456817626953,4.114292144775391,5.5382905960083,19.63714599609375,79.99705200195312,1.4350066304206848,1.195019245147705,509.6062870502472,1244.150376389921,2254.6720379955427,0.8477318146731705,1339.487413418293,279.94048825353383,18.092033541202547,17.729918944835664,1.3976071167970077
325.7448814947158,63.60822531376034,10.283801577053964,2.686547742784023,0.4987002883397508,43.63767852783203,67.03705139160157,25.081072998046874,10.526268005371094,10.422775268554688,4.641846084594727,0.7068982720375061,0.1049310147762298,0.3269672811031341,2.3750028371810914,0.0630493320524692,0.0512057337909936,1029.1964965820312,4394.469091796875,955.2926818847656,263.41197814941404,155.45242004394532,295.6093475341797,4.117061948776245,5.740632963180542,19.65275821685791,89.37172088623046,1.3852248191833496,1.282480525970459,516.2357983112336,1238.9730014428496,2295.5708171894366,0.7095435908529908,1342.2773339539767,276.0902790412307,18.096703270077704,17.770645999908446,1.3951807209756226
332.46636111522093,60.139416568726304,10.332915972918272,2.9653198316693308,0.4543387944577262,47.35696449279785,67.33125610351563,24.130294227600096,10.91521224975586,10.59011392593384,4.534763813018799,0.7252772867679596,0.0993277572095394,0.3332400679588317,2.4909200191497805,0.0610247042030096,0.0473558936268091,1075.9911865234376,3490.204565429688,927.0335754394532,258.14136657714846,195.1745391845703,274.1503540039063,4.120146799087524,5.437190866470337,20.120882415771483,99.19516448974608,1.283877170085907,1.1053825259208678,511.0613442659378,1248.544971384108,2369.8479046494235,0.8641354245133698,1343.1602844513952,278.46033892631533,18.059277749806643,17.779852867126465,1.3872323331888765
324.3416648261249,72.05412131510676,10.611165466159582,2.2987506806850435,0.5378174031386151,46.280917739868165,66.01087951660156,26.199811935424805,11.05010995864868,10.433492279052734,4.399120330810547,0.7200691759586334,0.1045689597725868,0.3375195741653442,2.2963364839553835,0.066564243286848,0.0473060794174671,1041.5896118164062,2992.0401611328125,1004.3331909179688,295.5033325195312,202.49234008789065,274.3715362548828,4.119292259216309,5.745708513259888,20.65198459625244,78.8585433959961,1.5402132987976074,1.112945318222046,514.211822271347,1237.4602600708604,2315.7229124617297,0.8106144026853144,1339.1323913946749,283.5093853890896,18.031823240965604,17.679927396774293,1.3985592098906636
332.82564490661025,62.170170057937504,10.59580087857321,2.31923248320818,0.5315164699219167,47.87607688903809,71.92850341796876,24.063954734802245,10.494215869903565,9.816243934631348,4.498208093643188,0.7037930488586426,0.0988192968070507,0.3411396950483322,2.2963355779647827,0.0694038577377796,0.0519334390759468,1100.3807983398438,5088.193701171875,920.8711853027344,255.73684692382807,168.96375122070313,286.4531646728516,4.116519021987915,5.418669319152832,20.86639194488525,79.17081069946289,1.581861639022827,1.274271512031555,510.8261782884598,1245.4188725844026,2257.291164947371,0.8238666858058423,1346.420453002304,276.4518066555262,18.090987070649863,17.72461391687393,1.4050207872409373
313.8013411502354,60.28813798725605,10.59189063673839,3.0302819162607197,0.4566488956916146,48.058773803710935,70.39243011474609,26.41964340209961,11.089855098724366,10.27821922302246,4.591359424591064,0.7011364698410034,0.1029690079391002,0.3407257080078125,2.409569501876831,0.0657948426902294,0.048524297773838,1049.540380859375,3660.9117431640634,1014.7205810546876,264.31334228515624,179.77986907958984,284.9927978515625,4.116072177886963,5.65712537765503,20.779721069335935,97.14951019287108,1.3854142665863036,1.1322696566581727,508.7539219379425,1197.7302738711237,2133.706712082855,0.8947022835258395,1341.6040378294886,277.7264750629664,18.063688909262417,17.776438355445862,1.3930561988148835
343.08485078588126,77.74756037481129,10.363822297099976,2.3799492537975317,0.4670374659937806,42.825880432128905,66.14595413208008,25.41887760162353,11.334569454193115,10.377936267852784,4.719421148300171,0.6838920831680297,0.0993420831859111,0.3398215502500534,2.2776546716690063,0.0604858975857496,0.0500190872699022,1057.2897216796875,3913.91416015625,970.8184509277344,316.5885223388672,215.7692886352539,291.7019348144531,4.112908887863159,5.442349052429199,20.65911750793457,80.06476974487305,1.2870850920677186,1.241841435432434,522.1797979831696,1316.0941385507583,2461.1111807436973,0.6661083180457353,1337.73607025519,286.1480739101768,17.948599532991647,17.628591656684875,1.379985880665481
329.61385596040634,72.31086102426052,10.306017378997058,2.9986025765538216,0.4811164798331447,44.048271560668944,65.41435852050782,24.88098773956299,11.839593601226806,10.277047729492187,4.565656042098999,0.708441150188446,0.1040100648999214,0.309799924492836,2.529018259048462,0.0657806523144245,0.0472543008625507,1042.8020751953125,3227.0805908203124,948.6781433105468,317.75824279785155,188.08153839111327,286.53907470703126,4.117205715179443,5.708371019363403,18.742036819458008,101.66586685180664,1.4327974796295166,1.1215272307395936,515.738273525238,1325.8444934517145,2514.705383398972,0.7126722807530314,1334.3055058017374,283.7077324658632,17.90059574767947,17.68083847761154,1.3841463992837817
336.3117104865611,59.36706372648477,10.2347911067307,2.401271343231201,0.5180716291302815,49.27772979736328,72.32872314453125,25.88394947052002,10.948884391784668,10.31196928024292,4.3658709049224855,0.7196260273456574,0.1008136875927448,0.3135430663824081,2.36874315738678,0.0671551644802093,0.0487877275794744,1115.2474975585938,4900.91591796875,984.377880859375,255.31934204101563,185.77776184082032,276.1621948242188,4.119201612472534,5.515830039978027,18.796113967895508,83.42661514282227,1.509541153907776,1.2049370288848875,512.2991617441178,1243.7236077696084,2263.239401052729,0.8526622476521879,1346.4532753527164,277.4052945971489,18.07464581206441,17.728922295570374,1.4000337307108566
304.92215183638035,62.05059399269521,10.275108624435962,3.069969269633293,0.4697452756110579,46.50348739624023,67.91449813842773,24.23876895904541,10.877700042724609,9.918240547180176,4.464062881469727,0.7081800401210785,0.1047159776091575,0.3301598638296127,2.62920343875885,0.0624657414853572,0.0472066558897495,987.973760986328,3861.13837890625,929.195361328125,267.0389465332031,158.45747833251954,276.9313507080078,4.117287683486938,5.729235219955444,19.85236473083496,106.6186981201172,1.3329576015472413,1.140630340576172,508.1022154808044,1216.6772579848766,2230.281039603468,0.8898331495467573,1338.1526380181313,276.7383617118001,18.0771733649075,17.820192110538482,1.3908823623787612
317.0298406139016,74.00191560983657,10.380061952397227,2.9984123036265373,0.4596352119348011,44.77546844482422,68.97254486083985,24.10928649902344,11.880629634857176,10.82338056564331,4.600822973251343,0.7158041179180146,0.0954708904027938,0.3129166752099991,2.5876981258392333,0.0646787904202938,0.0511212844401598,973.7694091796876,4517.070947265625,924.7440063476564,319.9298828125,222.227067565918,288.9014526367188,4.118532180786133,5.21912784576416,19.147296333312987,103.90703887939452,1.3670256018638611,1.231623935699463,514.4922194719314,1239.4602329194545,2337.9828710581933,0.8079565273597836,1331.054233120382,287.1141683772206,17.94548894651234,17.714165556430817,1.3835139031987638
335.31296725831925,64.24888898655772,10.33264442672953,3.0113440200686457,0.4880813258234411,45.30033378601074,68.65340805053711,25.40375328063965,11.00502052307129,10.414305210113524,4.583923578262329,0.7221414804458618,0.0988557264208793,0.327165737748146,2.438288903236389,0.0673346377909183,0.0496417842805385,1091.8811401367188,4112.962890625,966.956298828125,270.0969543457031,223.60104064941407,287.613037109375,4.119622707366943,5.432849884033203,19.6213228225708,98.05437927246092,1.4769150614738464,1.1535914540290833,517.8813863277435,1246.7812475159765,2333.7135965207067,0.7158832194283604,1342.7188318610192,281.2201893180609,18.016241455078124,17.746100318431854,1.3943490657489748
343.078143619746,66.24076381009073,10.271598699036986,2.4103901460766792,0.5132662686053664,43.83228912353516,64.35349807739257,24.27390956878662,11.073885822296145,10.763425350189207,4.53303074836731,0.7009977638721466,0.1034271962940693,0.3197756588459015,2.20120165348053,0.0669209435582161,0.0485448010265827,1064.4388061523437,3085.770751953125,925.1527709960938,278.9353759765625,210.8485900878906,289.5636138916016,4.116046333312989,5.670994567871094,19.14476718902588,77.80785751342773,1.4981473803520202,1.1930137276649475,518.4096848011017,1258.5407774806022,2375.471557668393,0.7038336617406458,1342.3070568546652,282.15046726837755,18.05692692026496,17.695820808410645,1.398412873176858
329.5591158863157,65.19491453431547,10.460988408420237,2.714425376057625,0.547851979942061,47.6997615814209,72.83834228515624,25.76008129119873,10.958255195617676,10.761398315429688,4.488998174667358,0.7012747526168823,0.1015211142599582,0.3334222227334976,2.3257241249084477,0.0666086971759796,0.0464987456798553,1059.7020263671875,5363.6048828125,982.9351806640624,272.6710601806641,215.52488861083984,282.9201202392578,4.116096496582031,5.556667470932007,20.32725505828857,88.14564361572266,1.55807067155838,1.0797882676124573,513.1072149038315,1273.515273323655,2439.188382886583,0.8342408986762166,1342.301396496594,281.6408149421215,18.057012800127268,17.739132857322694,1.4014768419321626
327.1751088172197,72.51949769705534,10.018852522224188,2.6984525874257086,0.5238572193076834,46.07757110595704,66.08823013305664,24.2407751083374,11.787903022766113,10.37029218673706,4.478703022003174,0.7107383787631989,0.0938087657094001,0.3212255030870438,2.476431655883789,0.0668955102562904,0.0479348488152027,1061.92275390625,3469.0040283203125,925.1193237304688,313.90387268066405,222.27366485595704,275.9930114746094,4.117649078369141,5.123148679733276,19.19483871459961,93.75401992797852,1.5265516996383668,1.148391842842102,515.4202593803406,1259.821918259561,2374.959503750969,0.7788824362214655,1336.1323876336216,285.8592177078128,17.922902478277685,17.664607965946196,1.3902345957700164
316.1891834992915,71.05268287546933,10.556316256523132,2.756768600642681,0.5179707071045414,43.82684669494629,67.64124450683593,25.650883674621586,11.164449310302734,10.975149631500244,4.6398255825042725,0.7127702832221985,0.0985462881624698,0.3165413826704025,2.495550751686096,0.070823723077774,0.0472714938223362,971.7339965820312,3473.7745361328125,984.3508605957032,295.75367126464846,207.8973937988281,291.41408081054686,4.1180739402771,5.417214059829712,19.2557014465332,95.38821029663086,1.6050060272216795,1.0892914533615112,516.0866501331329,1234.5190059050915,2359.7795146833814,0.7369104813784361,1334.963155031949,283.5491658180952,18.04027645662427,17.752483069896698,1.4026120198890566
329.55847985222937,65.7059534072876,10.309681318327783,3.116387464106083,0.4799738477566279,46.255038833618165,66.53851699829102,26.02940254211426,11.12834424972534,9.912812900543212,4.351076316833496,0.7363729119300843,0.0959308445453643,0.310472697019577,2.467036819458008,0.0625942833721637,0.0503066942095756,1069.903857421875,3793.54931640625,989.7173583984376,281.2931549072265,187.8451477050781,273.40184631347654,4.121552848815918,5.272348260879516,18.61124153137207,101.13879928588868,1.3639532685279847,1.1670217752456664,516.2898658275604,1234.8473862975836,2254.1186859445124,0.7787069265265018,1340.044826306403,280.25339148938656,17.995366962254046,17.742168021202087,1.3868967958725988
331.0339581988752,67.34317614920437,10.476204390171915,2.929070398211479,0.4788119279895909,40.91859741210938,48.607041931152345,9.628396034240724,11.297775173187256,9.930360794067385,4.515044355392456,0.7294775545597076,0.1046636052429676,0.3220224022865295,2.5108183145523078,0.0669539153575897,0.0378529384732246,1109.4772094726563,2165.748291015625,368.2668884277344,292.3494873046875,173.64832153320313,278.98240966796874,4.120650911331177,5.740046739578247,19.60488567352295,98.6598663330078,1.5098684191703795,0.898838996887207,518.7267129898071,1352.4953669264912,2453.7131297481305,0.6281877585221082,1344.8494198363271,280.18436760157346,18.035356833785773,18.022346925735476,1.400312458910048
327.62786707393826,69.06116432994604,10.385844401456415,2.285591305792332,0.5277502626762726,47.68614540100098,68.83925857543946,24.17469692230225,11.079981136322022,10.324848651885986,4.559654283523559,0.7177181839942932,0.0994450971484184,0.3415462344884872,2.256666564941406,0.07177015542984,0.0496893301606178,1070.6180419921875,3832.0660400390634,920.9141235351562,286.28908081054686,222.5302062988281,284.5921234130859,4.118901252746582,5.467670440673828,20.51349792480469,77.22159194946289,1.6275704979896546,1.2317481637001038,512.6136615753173,1252.338031756878,2391.132007250545,0.8409341336227953,1341.8305072799326,283.6494619578123,18.03926642984152,17.679851031303407,1.403789728693664
319.3260809756815,68.57409153804183,10.317786543630064,2.3642339020967484,0.502786027773982,47.19084701538086,68.96775741577149,23.913142204284668,10.719283199310302,10.399915313720705,4.624846982955932,0.7132041811943054,0.1031108155846595,0.3273826450109481,2.18479471206665,0.069747494906187,0.0476970098912715,1038.91416015625,4463.439208984375,913.119873046875,277.7364532470703,209.35923614501957,284.2270874023437,4.118143558502197,5.632603120803833,19.812994384765624,76.28189468383789,1.5383490324020386,1.1784418940544128,511.2480542182922,1243.061798119545,2248.5474779358947,0.8242090346757323,1341.923754864186,282.09660909920933,18.084275100380182,17.708181047439574,1.4024391954531894
307.39927343615904,77.2547928262502,10.955779267568142,3.71779051348567,0.5452437309199013,35.802649688720706,8.933855342864991,0.0011351481778547,10.788483238220214,10.258920574188233,3.919200420379639,0.7123151957988739,0.1047099091112613,0.3341147154569626,2.853445863723755,0.0672562398016452,0.0288423279300332,1036.9785888671877,19.768204116821288,0.0398826226592063,322.85751953125,165.00723724365236,240.17069244384768,4.117882013320923,5.736000728607178,20.441209983825683,118.88140029907228,1.5780200600624084,0.7230544507503509,525.787154340744,1520.1822556324305,2716.741705769068,0.468453806953039,1374.5717026644124,289.85828215926887,18.583533785492182,20.585833978652957,1.4605093591380864
321.9710434634238,67.232776170969,10.334534063749016,2.709545196592808,0.4912928626057692,46.74152374267578,66.70700302124024,25.316530418395995,11.239255428314207,9.93268642425537,4.487602472305298,0.7002797245979309,0.1046500615775585,0.3260380834341049,2.525284671783447,0.0682979844510555,0.0472620449960231,1038.3198364257812,3904.9294921875,970.4817810058594,290.96172485351565,164.04155731201172,281.03050231933594,4.115838766098023,5.707013940811157,19.93037986755371,95.62275161743165,1.5032959222793578,1.0991512298583983,512.2687284708023,1243.2719658106566,2309.0196559599367,0.8498470509890467,1338.310855719447,279.2923335582018,18.005127481371165,17.7300857424736,1.3950951672159135
326.0361330820248,64.93944586850702,10.333224087953568,2.409172010421753,0.5397296159761027,42.59535942077637,69.15230789184571,24.95976734161377,11.148172283172608,10.751783561706542,4.395749282836914,0.6983534157276153,0.0993331834673881,0.317131096124649,2.214009714126587,0.0705398634076118,0.0492868568748235,989.7479309082032,4486.86328125,957.2199584960938,279.5594055175781,194.34969024658204,269.7550323486328,4.115543460845947,5.428506469726562,19.16258316040039,78.13568344116212,1.614059603214264,1.2423805236816403,515.0497256278992,1265.901861424744,2382.503196351271,0.6946262170094997,1339.8423103511334,281.2361895143986,18.105192287266256,17.732740116119384,1.4078245738288389
335.3572773937136,61.51559632383287,10.344899299833925,2.423605614900589,0.4725888262619264,46.52277183532715,67.96427459716797,26.169490814208984,11.07638292312622,10.24575662612915,4.7440361976623535,0.7120490968227386,0.0999666228890419,0.341408348083496,2.3631085395812987,0.06089888215065,0.0471925497055053,1106.847802734375,3014.0749755859374,996.8415222167968,265.8597076416016,191.01508178710935,301.97471618652344,4.117950677871704,5.485427188873291,20.52409172058105,83.74970245361328,1.3034754157066346,1.1563423991203308,515.805157661438,1252.4413671582938,2398.5892970534915,0.7479542016983032,1344.6429530501366,278.8703225545585,18.05020109117031,17.712866497039794,1.3876665327697992
323.78907172307373,71.87249162569643,10.255002721305935,2.985613985359669,0.5304409854230471,43.61480827331543,69.08598175048829,25.95774974822998,11.496417236328124,10.51444034576416,4.50523796081543,0.6991739213466645,0.0979481890797615,0.3325053304433822,2.5105539560317998,0.067821679264307,0.0502239100635051,1008.703057861328,3422.3020751953127,995.989678955078,308.87134704589846,184.86632843017577,277.89634094238284,4.115614461898804,5.371571826934814,19.9921049118042,100.56930465698242,1.5494829773902894,1.2436546444892884,514.7396983623505,1237.845564801991,2295.032802735642,0.7479020128492266,1334.1925088293851,282.6994770422578,17.95859786719084,17.715393197536468,1.3938618520507589
326.0943324038759,62.42729194387793,10.243638558126984,2.6899695217609407,0.5420412280713208,47.84329605102539,67.9987922668457,24.740598297119146,10.405031299591064,9.517551231384278,4.385556840896607,0.7333179473876953,0.1004623338580131,0.3298697352409362,2.4926515102386477,0.0683769151568412,0.0518822386860847,1097.6277954101563,3517.8816162109374,944.1499450683592,256.6855712890625,152.7021011352539,277.51520080566405,4.121432304382324,5.497614765167237,19.798947906494146,93.89178695678712,1.580992341041565,1.2545797228813171,510.48272793293,1246.2364284723997,2368.747359404288,0.8308043458964676,1344.631161070615,274.7951114021242,18.061274863779545,17.761058616638184,1.4026211184915156
307.28939235620203,68.40999444983899,10.381756336521358,2.960503187775612,0.5184554212726653,47.16787986755371,68.98989181518554,23.890993118286133,11.648823928833009,10.30722999572754,4.470861673355103,0.7175614595413208,0.096589558571577,0.3326099812984466,2.551865100860596,0.0678115688264369,0.0465030137449502,1008.5725219726562,3477.277587890625,911.1355590820312,304.712744140625,165.65446014404296,276.5378723144531,4.11883544921875,5.303131103515625,20.12220497131348,101.69884872436523,1.5382731437683106,1.099221169948578,509.3761544704437,1224.6230029046535,2158.4153344430147,0.8936763278208673,1334.4301962032914,280.7675869047642,17.97064749374986,17.726550698280334,1.39408575091511
317.8202300917357,71.95239009745418,10.397004213370383,2.259204903244972,0.4596846467698924,44.75210380554199,73.4177864074707,25.90808582305908,10.858301734924316,10.66409397125244,4.593208312988281,0.679963231086731,0.1003691911697387,0.3244614541530609,2.2084027528762817,0.0661513529717922,0.0504676587879657,1021.4703735351562,5433.651904296875,994.1978759765624,291.2047973632813,207.07362365722656,277.5291442871094,4.112239027023316,5.489006996154785,19.717298126220705,75.01118087768555,1.383154273033142,1.2654582858085632,514.8644712924958,1238.073581069708,2341.355963122606,0.7370545501820743,1340.0353492759168,282.9759922787547,18.059763384610413,17.68517197370529,1.392788040009327
309.3338942587376,72.29956648498774,10.322426138538868,2.421403494477272,0.5194748792448081,45.46240997314453,68.46205444335938,25.96976852416992,11.005539512634275,10.725215435028076,4.348153114318848,0.7417139530181884,0.1051175035536289,0.3284147769212723,2.191241860389709,0.069821199029684,0.0509723346680402,980.0464782714844,3882.962744140625,987.1578063964844,295.7169250488281,201.7475433349609,267.78253173828125,4.122766971588135,5.752991008758545,19.81377258300781,77.65089569091796,1.5751872181892397,1.228228747844696,508.3438290596008,1208.3853975698353,2134.3242026193707,0.8658842972945422,1337.018308967352,283.413154104352,18.07629076167941,17.70427348613739,1.4034057446755468
338.65729268975554,71.89009824991226,10.28282231995836,2.3362045660614967,0.4616028971853666,47.83157157897949,69.93016738891602,24.829929542541503,11.484189891815186,10.39804000854492,4.8254029750823975,0.6892185866832733,0.0948797777295112,0.3205445408821106,2.330248236656189,0.065924073010683,0.0499225124716758,1126.0921508789063,3495.419311523437,953.6901062011718,303.3759429931641,228.9647171020508,302.5968475341797,4.113874340057373,5.2161369800567625,19.22445182800293,80.98642349243164,1.3921071410179138,1.2260578274726868,514.3890043258667,1322.116683191061,2553.341063894064,0.7974654849618673,1341.0052949883045,285.5614534199238,17.935138316452502,17.624686586856843,1.384700261685066
316.62891142852607,72.03350971266627,10.466787808109077,2.5415930822491646,0.5536013942328282,44.10536422729492,68.72708129882812,24.089878273010253,10.98951301574707,10.602021980285643,4.456271266937256,0.697392737865448,0.1052612327039241,0.3411812275648117,2.381742358207702,0.0666926011443138,0.0488718289881944,970.9005737304688,3054.00859375,919.7078430175782,291.17225646972656,225.9373580932617,283.6514923095703,4.115405321121216,5.755228424072266,20.84746608734131,86.79584503173828,1.5630268692970275,1.1680761575698853,513.793728351593,1235.4967583015562,2196.5206324232568,0.8235123481601476,1335.8726343892515,284.9573322944343,18.07086871787906,17.74201364517212,1.4025661743246018
338.68029241785405,66.33822149112821,10.275367911532522,3.140626111626625,0.4926960890647024,44.32878074645996,72.34229354858398,26.17816638946533,11.217928504943847,10.66827564239502,4.730475521087646,0.6888071119785308,0.0950621172785759,0.3175407409667968,2.524927091598511,0.0663422770798206,0.0462566334754228,1057.1877685546874,5133.33369140625,1004.2568603515624,286.9494201660156,176.5261657714844,299.91949157714845,4.113766241073608,5.212778282165528,19.100718879699706,103.94859008789062,1.4622582912445068,1.0937219738960269,516.4867143154145,1261.722699607909,2344.122680520604,0.7147060333285481,1338.881314704567,279.85050927698614,17.97435069605708,17.741984617710113,1.3908231572248042
322.586048068665,66.18496778123081,10.552812035381796,3.115740369260311,0.5174925720319152,44.45539207458496,73.29044723510742,25.18008728027344,10.575274467468262,10.418805789947507,4.440722703933716,0.6930145502090455,0.0989174157381057,0.3377022951841354,2.539186429977417,0.0646909222006797,0.0477514769881963,986.6857849121094,5304.300634765625,965.9898620605468,272.85959777832034,163.5317352294922,269.7720153808594,4.114631271362304,5.422174453735352,20.635166931152344,103.86674880981444,1.4637108325958252,1.1291287302970887,514.7475477695465,1239.673670849204,2333.442310776608,0.7598318145610392,1337.8910906299948,277.7545067101717,18.06769354119897,17.80654196739197,1.3972080437466503
327.84033396421,59.87245171517134,10.4661282829009,3.015715052187443,0.5368831092724576,44.80545501708984,67.13507995605468,25.690622329711918,10.60461835861206,9.848236179351806,4.489964056015015,0.726480883359909,0.0964831806719303,0.3297311395406723,2.637449836730957,0.0697769112884998,0.0493773445487022,1060.6927490234375,3998.28681640625,986.7027526855468,253.2620407104492,155.47125244140625,280.3477478027344,4.120348739624023,5.285665655136109,20.058445549011232,105.925048828125,1.595257806777954,1.2412685871124267,514.4744544029236,1248.3341130673884,2406.441849425639,0.7456125919241459,1342.935716433823,274.6671439215541,18.064591766148805,17.809686374664306,1.4035353974904865
326.9244662146084,77.78486401736737,10.282906611636282,2.491331128776073,0.5132046759012155,41.83754348754883,70.72183761596679,24.69032230377197,11.64580945968628,10.636601448059082,4.609048128128052,0.7299515962600708,0.0991116188466549,0.3254402995109558,2.274486780166626,0.0703235022723674,0.0497515171766281,987.700421142578,5246.99853515625,948.1619445800782,326.24547119140624,204.60175476074215,285.10546875,4.120865201950073,5.428548097610474,19.6582181930542,82.16074066162109,1.577734935283661,1.2128215670585631,520.9490801811219,1298.248902690411,2498.025742165669,0.6552253284025937,1333.773905210942,286.2288875222206,17.972024559229613,17.6488321185112,1.3961277951020747
327.0819932935759,67.30458601638675,10.398229061998428,3.210907307267189,0.5100702563184314,43.39339599609375,68.45736999511719,25.460234451293942,11.224597930908203,10.37330904006958,4.398375701904297,0.6954555034637451,0.0958828575909137,0.3403050392866135,2.5577625751495363,0.0673318073153495,0.048995940759778,1010.5312927246092,4961.775390625,975.7377563476564,288.19512939453125,195.73836364746091,271.7581756591797,4.115020656585694,5.259009742736817,20.61423091888428,106.49617385864258,1.5015806794166564,1.2192919850349426,513.8979368686676,1240.555926814675,2273.651103138772,0.7406563279218972,1336.7217686764895,281.4866524338722,18.001507715135812,17.768850791454316,1.3945421967888252
316.9503424456343,67.53169670496136,10.266555194370447,2.6880227118730544,0.4476967136433813,43.99874992370606,68.08189468383789,25.21423301696777,11.392528915405274,10.91785535812378,4.479088068008423,0.7285922765731812,0.1008630916476249,0.3331622809171676,2.3426719188690184,0.0620428510010242,0.0498983398079872,963.734307861328,3864.66728515625,967.7470520019532,290.86497497558594,210.05208892822264,282.99737243652345,4.120677900314331,5.501480627059936,20.16924304962158,88.25529479980469,1.2759843707084657,1.244551420211792,513.5441321611404,1239.591424369812,2297.8409151655333,0.7950705554801971,1335.974340776354,283.5925839476287,18.074846437573434,17.74732998609543,1.3878867854364216
316.2332653088495,61.27173611782492,10.512410892825574,2.6681443005800247,0.4738412144419271,48.22816276550293,64.91411056518555,25.787177276611327,10.923025417327882,10.059307098388672,4.4644200801849365,0.7091809213161469,0.1064721025526523,0.3414483189582825,2.3873465061187744,0.0639766789972782,0.0475121960043907,1060.876318359375,3202.05205078125,987.1418029785156,262.8329833984375,185.11685333251955,272.01893615722656,4.117465496063232,5.833158206939697,20.829071235656738,89.51084518432617,1.368133509159088,1.16458420753479,508.7467952489853,1239.5785460337995,2197.543715202098,0.8943607036024332,1342.840428441763,278.4171214967966,18.07860382273793,17.757575309276582,1.3931486329529434
341.0195437299088,67.36954054236412,10.313229869492352,2.322589322924614,0.5006532359984703,47.25115776062012,70.56443252563477,24.47125816345215,11.382008361816409,9.966885375976563,4.52196216583252,0.7068947672843933,0.0953230388462543,0.3107507407665252,2.1615875005722045,0.0637623459100723,0.0470893383026123,1137.3328125,4331.79736328125,935.8038940429688,292.4969543457031,190.4423599243164,277.531494140625,4.117027282714844,5.229213809967041,18.736266136169437,74.8734130859375,1.4170032739639282,1.1340346455574035,515.8256255626678,1257.8259169459343,2334.001576808776,0.7454567248001694,1343.371378710866,281.45482236742976,17.971250570565463,17.621519947052,1.388026314601302
307.27637813799083,69.13166206181049,10.230591455381363,2.866773560643196,0.5080916819919367,45.25165786743164,65.26190795898438,25.70895118713379,11.551655673980711,10.852187156677246,4.393807029724121,0.7236294269561767,0.1013048216700553,0.3199810981750488,2.415851235389709,0.0679874211549758,0.0493662573397159,981.2823364257812,3235.04140625,987.154266357422,301.8469573974609,187.7582565307617,276.66991271972654,4.1198633193969725,5.530839157104492,19.33921375274658,94.5173683166504,1.513863134384155,1.2151738286018372,508.5915704965592,1247.775846786797,2167.9068952591624,0.8346374249085784,1334.5841763280332,282.58429681360724,18.020920976251364,17.73346390724182,1.3964254989055918
328.6248483154923,73.55610281098635,10.096480195503682,3.267592215538025,0.4863289335393347,44.703086853027344,70.98960571289062,25.175693702697757,11.047044563293458,10.827906227111816,4.664087200164795,0.6932687640190125,0.1015206895768642,0.3071389079093933,2.491121935844421,0.0649268560111522,0.0482129719108343,1079.9232788085938,4571.17822265625,961.559930419922,297.3568420410156,231.5106979370117,293.86505126953125,4.114580392837524,5.539526844024659,18.50595169067383,104.90340270996094,1.4143461346626285,1.192252767086029,514.7374187946319,1291.05989818871,2468.129964897677,0.7125163673888892,1338.198498353362,284.7296745225787,17.924875968694685,17.710632693767547,1.384891026839614
342.4905108137056,66.11605161912739,10.219337249640375,2.394984646141529,0.48565776378382,45.12713737487793,70.16108322143555,24.5719575881958,11.50288257598877,10.796327590942385,4.544763803482056,0.7067552804946899,0.0956565335392952,0.3311265289783477,2.247172713279724,0.0643952764570713,0.049410019442439,1099.0332153320312,3943.09375,940.3387451171876,290.8975494384766,205.01180267333984,279.8821105957031,4.117020606994629,5.228416824340821,19.96154613494873,79.22160339355469,1.396006667613983,1.2386414766311646,515.4952471733093,1253.1311795949937,2325.7689619480457,0.7581568249501288,1342.0810176745058,282.5196821719408,17.99666992649436,17.65762679576874,1.388836573041044
324.16717002931983,75.57071487121284,10.436478183511644,2.219078965485096,0.534140093147289,43.09171562194824,68.47280502319336,24.51771450042725,11.44941520690918,9.891713619232178,4.366055965423584,0.6947847664356231,0.1058211967349052,0.3178200781345367,2.3280400037765503,0.0692275896668434,0.0499752964824438,980.3374633789062,4552.175,941.4642333984376,319.2030944824219,159.69315185546876,274.4807586669922,4.114935493469238,5.809645700454712,19.265380096435543,78.25246047973633,1.5838629722595214,1.2409469485282898,518.0811492443084,1243.8029163628817,2354.735385755863,0.7197540726047009,1334.5107807815075,281.8483041957021,18.007243379205466,17.657948625087737,1.3990006806328892
329.04890725389123,76.7219867568463,10.00368227250874,2.9617284655570986,0.5424779049819335,43.5532470703125,70.28859786987304,23.836174964904785,11.383572769165038,10.606350898742676,4.613846778869629,0.6979337215423584,0.0980190455913543,0.3293351411819458,2.4472086429595947,0.0666490599513053,0.0471815433353185,996.4103576660156,4111.728515625,914.8099853515624,319.8375579833984,172.15401611328124,288.22007751464844,4.115447521209717,5.348850679397583,19.66660804748535,97.65960845947264,1.545843195915222,1.1549826860427856,515.8807380676269,1256.304282809794,2375.928256975219,0.7548234513029456,1332.8146482907237,282.96066146194937,17.944712825119495,17.693422758579253,1.3925944299437103
322.5252458382398,70.36182661578059,10.323458253685384,2.519872856140137,0.4785496852709912,42.04694519042969,73.41880874633789,23.74744281768799,11.111494827270509,9.948829460144044,4.374986839294434,0.6932848691940308,0.1024831786751747,0.321400961279869,2.429398369789124,0.0621457211673259,0.0495198681950569,982.1414001464844,5031.88076171875,906.3991088867188,297.2069366455078,158.98989868164062,270.7267242431641,4.114664793014526,5.603933429718017,19.45513458251953,88.11814727783204,1.3436601519584657,1.1885182976722717,515.4660887241364,1259.2362446561456,2403.068752213632,0.7108906998764724,1336.569568564743,279.6502971321344,18.044006909430028,17.72649689912796,1.389386209845543
332.9587513331324,76.8432851113379,10.118304128944876,2.767420352995396,0.5341927485424094,43.6079833984375,69.88713073730469,25.125581550598145,11.340782356262206,10.374361419677737,4.579038286209107,0.7340580880641937,0.0967097483575344,0.3121917724609375,2.528307032585144,0.0677625708281993,0.0494662791490554,1052.4638671875,3645.1061767578126,956.3955871582032,318.6614624023438,176.97662353515625,286.3434051513672,4.121453809738159,5.290246343612671,18.757984161376957,97.1315460205078,1.56094286441803,1.2008588194847107,518.4403050422668,1255.2707207471133,2364.120662771544,0.7240028439089656,1335.0317176148296,282.73446581810714,17.90607384368777,17.665197479724885,1.3906274263747036
337.8063177797943,69.81573326475919,10.256958946958184,2.280019824206829,0.5292532960185781,45.26917953491211,66.5950210571289,23.814361572265625,11.11154088973999,10.833127212524412,4.798984050750732,0.7267783403396606,0.1016603276133537,0.3236099809408188,2.268645739555359,0.0689983330667018,0.0508943609893322,1099.6401611328124,3307.548828125,906.5760192871094,288.99904479980466,225.66462249755855,305.5782836914062,4.120373725891113,5.549010848999023,19.62671203613281,77.5703239440918,1.5763173341751098,1.2297688841819765,515.9761881351471,1277.353430338204,2384.668555210036,0.7162286204751581,1342.4020447298883,283.9905997209251,18.007076322287322,17.658460104465483,1.398748336499557
321.2749519018456,72.18429838735611,10.270190920867028,2.949301695823669,0.447082257666625,43.0700180053711,67.70577087402344,24.145059013366694,11.88233404159546,9.821706867218015,4.60933666229248,0.6901481449604034,0.1025491401553154,0.3382827788591385,2.532165384292602,0.0611627511680126,0.0472259029746055,997.4805419921876,4282.4103515625,921.9397094726562,321.9132995605469,155.12694854736327,291.4938232421875,4.11396017074585,5.629416418075562,20.360962295532225,100.81310577392578,1.2699205875396729,1.1485195398330688,515.834528017044,1265.7567471414804,2414.32304291128,0.7038244306109845,1332.4066658206284,280.9795313067734,17.925634996592997,17.69090129137039,1.377285866485909
324.36798778343945,61.55261746942997,10.483645281568169,3.105406168103218,0.454208272206597,45.7999755859375,72.66432876586914,25.510007858276367,10.254541301727295,9.735286235809326,4.4981529712677,0.7114736139774323,0.0984067372977733,0.3350499093532562,2.501149535179138,0.0651480428874492,0.0514058984816074,1058.8518310546874,5141.572998046875,975.8055725097656,251.19271850585935,151.24639892578125,275.9625549316406,4.117857456207275,5.397157049179077,20.33542957305908,102.13021469116212,1.35748610496521,1.2583518028259275,512.9863273143768,1245.6681017786264,2367.305908505077,0.7485636841040104,1343.6371017217637,274.1635577976704,18.078885887563228,17.805466306209563,1.3924685881473124
311.2367213100195,63.44733493477106,10.359795267041772,2.6924068182706837,0.4865827764268033,43.84113845825196,71.93319625854492,24.403254890441893,10.351600646972656,10.311264896392824,4.2863915920257565,0.6790531814098358,0.1029819048941135,0.3263628572225571,2.497011137008667,0.0660579800605773,0.0466699887067079,949.7207885742188,4247.141748046875,929.7371826171876,252.87763366699215,202.83490447998048,264.1820007324219,4.112081289291382,5.627834606170654,19.681097412109374,93.8581314086914,1.4382171750068664,1.0965761065483093,513.8565110445022,1243.6988174065948,2307.070008552668,0.7622187224216759,1339.79773388803,278.8425322234631,18.17031775936484,17.84052667617798,1.4031634560786188
330.1166945083067,75.66293147727848,10.07012486308813,2.3732996806502342,0.4380166227580048,45.09151153564453,67.77576217651367,25.24541187286377,11.80842342376709,10.460463523864746,4.794691276550293,0.6796875596046448,0.1004031121730804,0.3322324156761169,2.349793553352356,0.0638100579380989,0.0490382958203554,1080.000085449219,3508.7848876953126,966.6647338867188,324.1689758300781,203.1646499633789,305.72240295410154,4.112091302871704,5.493298482894898,19.875027656555176,82.52057266235352,1.3052961349487304,1.2099937796592712,516.0722300052643,1290.420021222532,2440.288105787296,0.7200050837825984,1336.8574909545482,285.7567353837192,17.9008703276515,17.605236721038818,1.3777780486270783
322.94637377113105,63.783837261796,10.341403436567637,2.2921767204999925,0.4676436140609439,44.0985523223877,69.4364128112793,25.340930557250974,11.401019191741945,10.83364839553833,4.632635545730591,0.7100384116172791,0.1000155761837959,0.3406798213720322,2.238270807266235,0.0622809898108243,0.047708760201931,992.0557983398436,4004.1634521484375,967.2349182128906,278.61387329101564,225.56520233154296,283.6157684326172,4.117607450485229,5.477728843688965,20.49018077850342,76.6023048400879,1.3219926595687863,1.1643851041793822,514.3422192573547,1237.0581845104691,2271.4903587166687,0.7407116103451699,1339.8922359198332,283.0713551431894,18.110659375041724,17.72758697271347,1.3929252701811492
335.1295298211277,59.0157541975379,10.426788955833764,2.4024069264531134,0.4560106395394541,45.021650314331055,69.049365234375,25.4433536529541,10.896492099761964,10.227415084838867,4.531474828720093,0.7296568393707276,0.0978187680244445,0.3425027936697006,2.254955291748047,0.0642980352044105,0.0505863223224878,1043.1563598632813,5208.970703125,973.6246459960936,253.85082397460937,175.7661361694336,282.5080871582031,4.120865821838379,5.354111385345459,20.730659866333006,79.37396621704102,1.3413331627845764,1.236663579940796,513.9861721038818,1243.794934879243,2351.2772095987166,0.7600045111496001,1344.7831801488996,276.9858395144344,18.1364607706666,17.756681764125823,1.3957098500803111
314.93792717382314,72.17898461036384,10.395636240951715,2.9005287155508994,0.4584340446919668,43.16871948242188,65.50315628051757,23.868441772460937,11.514271450042724,10.989722633361817,4.486952066421509,0.6853587985038757,0.0971293069422245,0.3223218709230423,2.518499183654785,0.0607934270054102,0.0516602639108896,953.3761840820312,3390.038818359375,914.932196044922,304.88970947265625,229.6095489501953,285.1190948486328,4.11323881149292,5.341031265258789,19.382899475097656,99.13981246948242,1.2778720617294312,1.2657867074012756,514.345181274414,1252.523882998526,2353.3681277787546,0.7409823169000447,1332.4078578941524,286.2090239264071,18.01700748205185,17.748831927776337,1.3840273393783715
307.8195082731048,63.90190945994109,11.147377766855062,2.927717583999038,0.5758149972360116,35.12279777526855,2.8226885080337523,6.807927945828851e-07,10.634788417816162,8.48949213027954,3.2820461988449097,0.721539455652237,0.1040193080902099,0.3647747308015823,2.7281312704086305,0.0704532898962497,0.029514273814857,1022.2199951171876,0.2888653427362442,2.3320740183407903e-05,274.7840179443359,179.70468139648438,204.9838180541992,4.119474792480469,5.711606884002686,22.17955818176269,98.8847038269043,1.6936099171638488,0.6922759771347046,525.7877251625061,1514.718535435945,2894.8571236850757,0.4505889725056476,1381.676262655163,290.2040205847472,18.82139674052596,20.66370221376419,1.4825585777754895
317.3011102957651,61.61988881714642,10.411054240353405,2.633500733971596,0.4670564899104647,43.06501197814941,68.92972946166992,26.021282577514647,10.560943603515623,9.737306022644043,4.258410787582397,0.6808804452419281,0.1015365317463874,0.3425485134124756,2.2861773490905763,0.0660593539476394,0.0510445058345794,949.5638549804688,5141.05859375,996.4975769042968,257.2392852783203,157.3620376586914,265.01311645507815,4.112413930892944,5.570512342453003,20.53420829772949,84.91026763916015,1.390586268901825,1.274147641658783,510.35948302745817,1250.695038355887,2344.4134388069388,0.7833542556036264,1340.153440900147,276.2551280245185,18.17904240116477,17.811575865745546,1.401414758292958
327.8132597535849,63.72039068434388,10.329287526663393,2.7622548922896386,0.4874900445342064,44.40961608886719,72.48002853393555,24.32863540649414,10.7987699508667,10.107365703582763,4.762163209915161,0.6845623254776001,0.1011122092604637,0.315522688627243,2.4771538257598875,0.0658391311764717,0.0460190594196319,993.7106079101562,4890.277392578125,934.6589477539062,268.37083740234374,169.04387817382812,301.9410888671875,4.113081455230713,5.548055601119995,18.88828353881836,94.67046966552736,1.4403624653816225,1.069774293899536,512.1793523788452,1244.7652005016805,2277.995158273168,0.804121800372377,1339.536802735552,278.1680711738765,18.09585572332144,17.792893874645234,1.3982797354925425
327.32608538866043,66.01844752449543,10.594765119068324,2.6677271723747253,0.4378974293184001,45.56899642944336,65.06538009643555,24.236417770385746,10.833106231689452,10.719735145568848,4.629369020462036,0.7132044494152069,0.1052103050053119,0.3429997324943542,2.4267646074295044,0.0645717002451419,0.0485977381467819,1041.6076904296874,3436.7313232421875,926.1659423828124,274.72626953125,190.4039077758789,293.8579071044922,4.118147850036621,5.776007604598999,20.971460914611814,91.0058219909668,1.3145264983177185,1.1910282135009769,514.5432076454163,1242.1167085409163,2359.688593000313,0.7683221724815666,1340.8569923602045,280.1934202775359,18.05747863128781,17.74831042289734,1.38899308135733
327.78618563087656,75.9446029894054,10.282087496016176,2.24403591901064,0.4391406866256148,48.23227767944336,71.95549392700195,23.98790225982666,11.077022743225095,10.40565013885498,4.335292291641236,0.6954605042934418,0.099819116294384,0.3129885286092758,2.177177667617798,0.0633063159883022,0.0458082728087902,1076.6336547851563,5282.080810546875,921.7833801269531,311.0799133300781,163.52547454833984,265.37379150390626,4.1149900436401365,5.452955484390259,19.01653385162353,73.82588958740234,1.3075454592704774,1.066522443294525,512.8577114582062,1240.8172390326858,2270.972434608627,0.8501015002839267,1339.3612531740218,281.3132397711277,17.97003998607397,17.61470172405243,1.3824753055814654
325.93013716749846,66.50380576830358,10.332037780247628,2.368254840373993,0.4558605714875739,46.17298126220703,65.25844039916993,24.60067367553711,10.498746109008788,10.569048404693604,4.42008638381958,0.7166915357112884,0.0998440094292163,0.3168556541204452,2.2606634855270387,0.0600835215300321,0.0477697104215621,1086.6765869140625,3430.74130859375,939.209503173828,265.1212860107422,216.0366668701172,279.26084899902344,4.118734359741211,5.460963249206543,19.14484977722168,78.9966827392578,1.2532453298568726,1.1756179690361024,513.8148055553436,1239.6212136492134,2323.39380279858,0.7688524214085192,1344.7472594618798,280.5161394484341,18.077436795085667,17.712094032764433,1.386854436667636
322.5659753336571,75.15877149999142,10.424160885438322,2.8040230512619018,0.4382631647167727,43.03775215148926,68.5785125732422,24.699085235595703,11.173650074005128,10.361287593841553,4.40359845161438,0.6885578036308289,0.0967177718877792,0.3121747463941574,2.3364833116531374,0.0645116314291954,0.0494073782116174,985.6615295410156,3417.73876953125,948.8839416503906,306.5367004394531,209.57369384765624,269.13133239746094,4.113815259933472,5.315065193176269,18.847151374816896,90.32404098510742,1.3097692131996157,1.2419093251228333,514.7704082965851,1260.2415319293737,2359.4615720244124,0.7450197248719632,1334.9112818796189,284.89529516100885,18.011842937767504,17.71186081171036,1.3855660848785192
321.0719258215278,78.0806319244206,10.433413415960969,2.979465892910957,0.4501608604332432,44.05899543762207,72.16570053100585,25.509685516357425,11.887676525115968,10.836933135986328,4.454359292984009,0.6782591283321381,0.1035939909517765,0.3128983497619629,2.5349045991897583,0.0620849952101707,0.0486731696873903,968.515887451172,5384.51806640625,976.528350830078,331.2205352783203,227.5209945678711,273.0920104980469,4.111846923828125,5.678405284881592,19.132706069946288,101.5127212524414,1.3027069211006164,1.146199595928192,517.7753331661224,1283.060200574994,2492.147267977963,0.7313577817287296,1329.531062528491,288.5421645075083,17.919377148523928,17.68798589706421,1.3785600732080638
328.5569162543863,69.98019559346139,10.47403508014977,2.9413027435541155,0.5136970699590165,44.55302848815918,69.09413681030273,26.08086204528809,11.174606037139892,11.2175874710083,4.695481300354004,0.7094571888446808,0.096775559335947,0.3164317101240158,2.4366453647613526,0.064716150611639,0.049052657932043,1062.0639526367188,3315.296875,995.456512451172,292.2775146484375,229.67897338867184,286.216845703125,4.117466926574707,5.31329460144043,19.264442443847656,96.79089431762696,1.449927854537964,1.2329746961593628,518.151936340332,1265.9211930513382,2345.2064428875456,0.7032721043098717,1338.8337653629485,284.200851674378,17.97671690583229,17.71522651910782,1.3901693494291976
331.35495332796125,72.7471205573529,10.428565991763026,2.709092716872692,0.5166141108842567,45.23317794799805,66.39826889038086,25.618600845336918,10.917048454284668,10.104998111724854,4.659435749053955,0.7255704879760743,0.0992759682238102,0.3238452941179275,2.513836693763733,0.0707521148025989,0.0502347685396671,1055.338952636719,3325.2476806640625,983.1763610839844,296.0233459472656,180.6291030883789,291.4830017089844,4.120157146453858,5.458160781860352,19.59082088470459,95.24134979248046,1.6010647892951966,1.1750423789024351,517.6263249397277,1295.7449705809354,2505.683294375701,0.72855523256585,1338.348631568998,281.5714070826769,17.978400141000748,17.71082615852356,1.3981289584655314
343.49754625335333,71.23436494674533,10.301724151615051,3.0011048808693888,0.4784494828782044,43.96620101928711,69.12349319458008,24.68222370147705,11.36993408203125,10.667507648468018,4.772075366973877,0.693811297416687,0.096912994235754,0.3125716030597686,2.477938199043274,0.0654074534773826,0.046327992901206,1075.0400390625,4102.995166015625,944.2936218261718,304.6508728027344,173.84569702148437,302.0576904296875,4.1146598815917965,5.308564472198486,18.95382614135742,99.63519058227538,1.423646903038025,1.0747303009033202,516.6982574462891,1332.0430471032855,2568.52684203501,0.7171259458642453,1337.6941782034933,281.37742374539374,17.921758364886045,17.689396679401398,1.3852875497192143
340.6875242590904,72.8859396431595,10.338468237780036,2.739375054836273,0.540962693921756,45.11867980957031,71.80294647216797,23.81688861846924,11.725459861755372,10.299660110473631,4.537297010421753,0.6980646550655365,0.1037590242922306,0.3299676984548568,2.5155727863311768,0.0657777778804302,0.0506033096462488,1079.3518798828125,5313.8109375,907.4713745117188,315.5385284423828,196.70086975097652,284.1986694335937,4.115426921844483,5.696163558959961,20.00654582977295,96.10644607543944,1.526534330844879,1.2361866116523743,517.2380816936493,1268.35200663656,2388.77942082074,0.740479008667171,1336.601054623723,284.29474296867846,17.891249453276394,17.65488044023514,1.388142649596557
326.2373418658972,71.91442875936627,10.50221817139536,2.736503230035305,0.4916878676856868,42.6872974395752,66.04379348754883,24.1824031829834,11.221345806121828,10.217665767669676,4.695838260650635,0.7005627989768982,0.0966673530638217,0.3308407038450241,2.320790004730225,0.0636240690946579,0.0459808517247438,1024.8856811523438,3075.282568359375,928.1191040039064,299.5612396240234,199.07772369384764,297.19285888671874,4.115878820419312,5.31483039855957,20.077018356323244,88.48435134887696,1.4042577624320984,1.0693318367004394,518.3024865627289,1280.0576511859897,2427.786572955933,0.6890265965368598,1337.4253283627331,283.1121990993619,18.005900780111553,17.702239072322847,1.3899381916970015
345.1927320366725,65.03056420553476,10.463576214201748,2.7503263503313065,0.5347927824303043,44.229465103149415,71.32257385253907,25.76623058319092,10.963114261627195,10.244932079315186,4.5768210887908936,0.6869550943374634,0.1040842860937118,0.3303052872419357,2.4667075872421265,0.0664587810635566,0.0481402862817049,1068.0081298828125,4473.90234375,985.9913269042968,274.68524780273435,189.1040573120117,289.2256774902344,4.113531112670898,5.700680875778199,20.141611289978027,94.18218841552736,1.519694411754608,1.210007083415985,518.3517526626587,1309.9246761620043,2531.5303998485847,0.7276539782527834,1342.0592741042376,280.0572900645435,18.030342438071965,17.744965064525605,1.39773127483204
341.4116132955998,68.56786182988435,10.276062778104096,2.4793177261948585,0.5335374406073242,47.01315002441406,67.29424057006835,24.37850570678711,11.039824676513671,10.59704246520996,4.5588698387146,0.6919242322444916,0.1005848713219165,0.319827002286911,2.25596821308136,0.0674808502197265,0.0509432516992092,1120.667333984375,3827.71875,935.036199951172,285.55055541992186,208.3475799560547,287.94044494628906,4.114404487609863,5.506893730163574,19.297896957397462,81.2129280090332,1.5474942684173585,1.2486624717712402,514.5991141796112,1265.425127147138,2373.0727707848537,0.786963608302176,1343.1287048377096,282.3633084662259,17.990746898949148,17.663939344882966,1.3962702348828315
339.54872660133987,62.45584820322692,10.63269789898768,2.301606070995331,0.5354244973394089,43.70834693908692,67.85219802856446,25.26937484741211,10.310094833374023,9.77705898284912,4.333294630050659,0.7121952176094055,0.1009048789739608,0.3356432229280471,2.3053314685821533,0.0686463989317417,0.0503699373453855,1072.062744140625,3176.3454345703126,966.9780456542968,253.68506774902343,157.02943267822266,274.4361114501953,4.1179803848266605,5.538707447052002,20.510351181030277,79.05517654418945,1.5762243390083313,1.2019886374473572,519.4506239414216,1264.0448128029705,2340.5644688745087,0.6877030890900642,1345.6028778247537,275.3725443959236,18.11478830948472,17.741760635375975,1.4063841808587312
326.9736156372353,65.13769686929882,10.312510185875,3.2906302332878115,0.5079037422896363,48.3179801940918,67.01231002807617,24.204620361328125,10.6027512550354,9.92917184829712,4.645253896713257,0.7302604615688324,0.1016080141067505,0.3175780266523361,2.539132833480835,0.0652505800127983,0.049212722107768,1097.250634765625,3736.0501708984375,928.8585144042968,266.51625366210936,184.1337127685547,295.52081298828125,4.120934963226318,5.554981756210327,19.275582695007323,107.13733291625977,1.4676475286483766,1.1369885802268982,510.9687957048416,1256.7786670953035,2406.296290939499,0.8396481438539922,1342.1314795389771,278.21195280253886,18.002218785881997,17.769598245620728,1.3926485986448824
340.14607179686425,64.99008876066655,10.376226252038032,2.5300629302859305,0.5030176935193594,44.9407356262207,69.48512954711914,26.16742992401123,11.300228691101074,9.746219444274905,4.465092468261719,0.733456552028656,0.105166770517826,0.3203202575445175,2.2951422691345216,0.0658192172646522,0.0500626701861619,1090.4927856445313,3268.1116455078127,1000.400439453125,284.7180938720703,170.05929718017578,284.8833251953125,4.1213696002960205,5.77576060295105,19.31712703704834,83.57670364379882,1.4582216024398804,1.2366592168807984,515.3025014877319,1238.5908610790968,2306.5614679168384,0.7436158867552877,1341.950268890709,279.115454506129,18.012911634147166,17.685646879673005,1.393025010684505
346.677492230013,64.51096937954426,10.411820784024894,2.7582839161157606,0.4842726090922952,47.80526962280273,69.84305267333984,24.08861389160156,10.944091415405271,9.930793762207031,4.604224061965942,0.6862806081771851,0.1047223731875419,0.3331861466169357,2.449018096923828,0.0617781236767768,0.0485001340508461,1139.7854248046874,5066.181640625,922.3421936035156,275.5783325195313,164.29220733642578,294.08583068847656,4.113363742828369,5.745794582366943,20.2300859451294,93.7972053527832,1.343650257587433,1.191566777229309,516.0719241142273,1311.7156351476908,2524.4506703289226,0.79328349721618,1343.8990239918232,277.5712340950966,17.97323337495327,17.702173924446107,1.3846649622311815
339.5750001510605,59.313283164426686,10.241362659074364,2.9812336325645448,0.4311333425575867,47.39584846496582,66.35906524658203,24.581372833251955,10.681419944763183,10.332089710235596,4.186944103240966,0.6813997030258179,0.0986092373728752,0.3162219524383545,2.518822693824768,0.0641313545405864,0.048417480289936,1102.9404296875,3933.500073242188,943.6044860839844,254.28737182617184,156.2366180419922,257.1108673095703,4.112493562698364,5.38945164680481,19.03822765350342,100.6238899230957,1.294529139995575,1.1718485355377195,512.0907923221588,1243.1126837521792,2258.37713305786,0.840266426326707,1344.543650107831,274.69468282610177,18.04337285608053,17.775361120700836,1.3869542171247304
322.6088116599247,61.61822138242424,10.706886750925332,2.764158307015896,0.5310678180772811,43.15949935913086,65.55238342285156,23.93782138824463,10.958769607543946,10.60879135131836,4.491258382797241,0.7140714883804321,0.1005671352148056,0.3373055517673492,2.356709718704224,0.0721917584538459,0.0486487373709678,988.381378173828,3317.42880859375,916.2168090820312,259.53228454589845,218.13211975097656,285.6797332763672,4.118286180496216,5.527096366882324,20.634723281860357,90.0868362426758,1.635701322555542,1.2179651141166687,513.128909444809,1243.0072842106224,2326.582632470288,0.741715477546677,1340.6116352759302,280.55020968690513,18.13529409393668,17.801450788974762,1.4109736232319847
328.3160044040531,65.11676812320948,10.111593888513744,3.130671089887619,0.4547871007875074,46.60708503723144,66.6077491760254,25.663325309753414,10.49246129989624,9.951589584350586,4.671502113342285,0.6842956960201263,0.0996932670474052,0.3181474775075912,2.5779882669448853,0.0645897425711155,0.0498656716197729,1093.969482421875,3888.843505859375,982.98154296875,265.35064392089845,173.87948608398438,293.5940399169922,4.11302661895752,5.450171661376953,18.999283027648925,105.8559226989746,1.349723482131958,1.2240030169487,515.0003301620484,1240.990157701075,2379.806777132396,0.7677855131216347,1342.4718363977968,277.2128377497196,18.005685669928788,17.7690256357193,1.3871634313371033
326.311346943304,70.79859542287886,10.302509137708691,2.491952607035637,0.5267432140768505,45.63429145812988,64.48745269775391,25.02307586669922,11.228910541534423,10.290742874145508,4.316111326217651,0.711327177286148,0.1028629824519157,0.3212930560111999,2.389601969718933,0.0662470020353794,0.0492443729192018,1031.943933105469,2931.2987060546875,959.9956115722656,300.54013977050784,166.13072967529297,269.7510528564453,4.117812013626098,5.610233402252197,19.586359977722168,86.19240951538086,1.5221885323524476,1.1227227926254273,514.0253861904145,1271.9480981081724,2467.979581534496,0.7821555916685611,1337.4313923045993,280.6599856987596,18.006891690939664,17.69346058368683,1.3959990854375064
358.8780256053433,76.20457106269896,10.30125037599355,3.29885737746954,0.4557803343050182,50.021783447265626,71.03690032958984,27.147220802307128,11.676209831237792,10.85630702972412,4.7586729526519775,0.6972316086292267,0.1037865847349166,0.3174106329679489,2.5951107501983643,0.0588510923087596,0.0291130444034934,1170.9576904296875,5028.49990234375,1041.7371826171875,324.0143280029297,211.31533508300785,291.87542419433595,4.115240144729614,5.700516414642334,19.26624183654785,109.1774513244629,1.2986461639404296,0.7063966274261475,518.301806306839,1361.246756079793,2566.042527795368,0.7455588721204549,1341.107179391384,285.7408306628466,17.80972353890538,17.916634023189545,1.375531100912485
339.6789713421837,68.61854883097112,10.64666641689837,2.498690311610699,0.5097959890495986,42.36643333435059,73.32455825805664,26.882470703125,10.836281108856202,11.454957866668702,4.762017393112183,0.6804877281188965,0.1064808197319507,0.3451526463031769,2.2926422119140626,0.0682045966386795,0.0286412579938769,1026.60595703125,5817.168310546875,1032.0947631835938,278.764013671875,246.49175567626952,297.1086944580078,4.112339973449707,5.84060845375061,21.04067478179932,81.4896728515625,1.5794901251792908,0.6665667593479156,519.4649349689483,1354.6189993470907,2599.4959916875755,0.6789943792391568,1348.337628341466,284.690554279089,18.199711879342797,18.185723531246182,1.4168313041562215
332.20755189359187,69.10753639657051,10.554315898008644,2.386557127535343,0.4516079626919236,46.03024024963379,69.31727905273438,24.85943260192871,10.832968997955325,10.049705028533936,4.7744978904724125,0.7345453500747681,0.1043173931539058,0.3297389477491378,2.32181031703949,0.0613542590290308,0.0472450859844684,1061.9548828125,4863.125927734375,951.8192993164064,282.4368133544922,195.3143325805664,302.4291107177734,4.121614217758179,5.732462549209595,20.074152183532718,81.54632873535157,1.27476646900177,1.1584938764572144,517.5671629905701,1275.7502809226512,2473.061422322679,0.7489169507753104,1342.0111350536347,281.4546872459352,18.046977414935828,17.70128344297409,1.385977651271969
319.0496372295544,63.8646918065846,10.254471999499946,2.39506054520607,0.525427775317803,45.87457008361817,70.7734275817871,24.512208938598636,10.48168716430664,10.342297744750976,4.475119733810425,0.7163983821868897,0.0981437750160694,0.3203850328922272,2.40744104385376,0.071017924696207,0.0508780796080827,1028.5179321289063,4159.307275390625,940.5654052734376,256.8501434326172,205.3062255859375,284.19647216796875,4.118667125701904,5.370003843307496,19.16578750610352,84.51863861083984,1.602109706401825,1.2651452422142029,512.185171508789,1242.675908486545,2278.332887845661,0.7916678669396788,1343.228811492026,279.3171767160296,18.127711747586726,17.774041402339936,1.4087599645368756
314.9016087187454,61.62021291647106,10.544826305191965,3.257272931933403,0.4836411729571409,45.015386962890624,69.5233154296875,25.04998531341553,10.155432319641111,9.53481855392456,4.4696839332580565,0.6905748903751373,0.100402845442295,0.3246171116828918,2.5533817768096925,0.066189282387495,0.0475305285304784,983.9768798828125,5305.354248046875,961.598583984375,246.49801330566407,150.87893371582032,285.20753784179686,4.114180278778076,5.512683725357055,19.67128677368164,106.84761505126951,1.432579016685486,1.1458938002586363,512.1331148862839,1246.2876925945282,2256.440318008553,0.7950563800055533,1341.01267266348,274.10626883730293,18.13324254229665,17.861234200000762,1.399969579000026
327.83083267658947,67.7771016350016,10.174665655754506,2.632659623026848,0.5191607424756512,48.813503646850585,69.96787643432617,24.25573253631592,11.263681316375733,9.865424251556396,4.362378072738648,0.689350825548172,0.1013148687779903,0.3119732618331909,2.4600688457489013,0.0672963574528694,0.0471906773746013,1080.4981689453125,5311.71865234375,925.5532836914062,291.9307434082031,171.99368896484376,276.36370544433595,4.113930606842041,5.533132171630859,18.80535945892334,91.6890739440918,1.53249089717865,1.086687409877777,514.4010459423065,1238.4560859382152,2270.3016177173763,0.8173967298585921,1340.061748982221,279.9645182684064,17.977719077467917,17.69693684577942,1.394654291216284
336.47887404598293,65.21474600546063,10.442731308192014,2.867966167628765,0.5421310182660818,42.98778228759765,72.59178924560547,24.625008583068848,10.624533939361571,10.46068286895752,4.542061233520508,0.695883160829544,0.1052717886865139,0.3225349485874176,2.562735676765442,0.0674399010837078,0.049913277849555,1023.4643127441408,4688.580859375,941.7555603027344,266.6013916015625,190.9350067138672,289.7884826660156,4.115146160125732,5.765961408615112,19.596005058288576,100.08370895385742,1.5545557737350464,1.2376815676689148,518.6174605846405,1291.8111490413546,2496.705381539342,0.6924208901356905,1340.7800946943462,279.21235774979,18.067077135294674,17.793989181518555,1.4019964447012172
336.0617569794878,63.64844873994589,10.400180666986852,3.098303447663784,0.4455133994575591,44.42902183532715,67.19935760498046,25.380703926086422,11.088969898223876,10.23559856414795,4.419480085372925,0.7118998527526855,0.1004723854362964,0.33376125395298,2.6899166345596317,0.0628256008028984,0.0498839821666479,1047.6255615234377,2954.5352783203125,973.3776245117188,274.6510528564453,183.65985107421875,276.3326416015625,4.11790976524353,5.491149759292602,20.3926456451416,109.76231384277344,1.2929495453834534,1.2387475490570068,514.5083515167237,1287.7706968322395,2448.439813236467,0.7563088992610574,1338.9929759949446,279.24879525452855,18.00610379092395,17.783512771129608,1.3841469462960958
349.4021384028718,64.74884343631565,10.275356696080417,2.3372726529836654,0.5070583984954282,49.23770980834961,69.65181198120118,24.867383003234863,11.108467292785644,9.906787776947022,4.380560159683228,0.6781349182128906,0.1026380069553852,0.3073025912046432,2.2587815523147583,0.0637292966246605,0.0499149579554796,1172.6072021484374,4232.344482421875,954.6278381347656,280.49957580566405,172.53494262695312,268.1408233642578,4.111855363845825,5.636300563812256,18.43117160797119,78.49615631103515,1.4265141010284423,1.2028531432151794,516.6955864906311,1248.7561259374022,2328.342343398353,0.8258231547195465,1345.2555554933847,278.73010185062884,17.970500794053077,17.637211215496063,1.3886038867291064
349.4124935052358,81.16469865627587,10.792130781058225,3.3868504099547865,0.4732134054298512,46.68092155456543,65.52887878417968,18.534716415405278,11.197495079040529,10.54773244857788,4.130784702301026,0.7218227565288544,0.1064432211220264,0.3430331319570541,2.745229983329773,0.0642560750246048,0.0283139748498797,1194.131640625,4284.4830078125,709.8206420898438,337.6148376464844,226.7543258666992,257.71002197265625,4.119467115402221,5.845706653594971,20.87609252929688,109.2279281616211,1.4152864456176757,0.6721614897251129,525.9946690559387,1413.6741579458117,2641.893758380966,0.6145184981171041,1378.1366008426994,295.7454677514732,18.378348045051094,20.426352632045745,1.4402584952884354
330.8531749147922,72.14953427836299,10.06910927090794,2.8090182915329933,0.5415909852716141,43.65240707397461,66.7915771484375,24.12360382080078,11.171923446655274,10.65018539428711,4.665913867950439,0.7320868372917175,0.0963085651397705,0.3178766518831253,2.493740916252136,0.0673618011176586,0.0478459578007459,1027.6219116210937,3770.237060546875,920.0616760253906,300.5904205322266,196.2641174316406,283.2600921630859,4.121211528778076,5.255890607833862,19.03706150054932,96.47825546264647,1.5688367128372191,1.1114041805267334,516.0187982082367,1258.538963714242,2395.0369964315382,0.7153105461038649,1336.7076064214111,283.0387980312109,17.982054840028287,17.71618525981903,1.3964228865224868
326.77472946252675,69.68941168040037,10.22736830515787,3.14007573723793,0.4389200603007339,43.56230354309082,65.81858749389649,23.931571197509765,11.07033929824829,9.92201042175293,4.679467487335205,0.7087433159351348,0.0950575187802314,0.3201263070106506,2.6716846942901613,0.0647034086287021,0.0505765378475189,1004.3765808105468,3484.400927734375,915.84375,293.655615234375,165.79197692871094,288.9101531982422,4.117354869842529,5.192722463607788,19.35243949890137,109.8874282836914,1.3281072497367858,1.2159765243530274,516.9726449489593,1280.0124287858605,2493.897795371723,0.7207420283928514,1335.22451665774,279.85689724236727,17.982688762247562,17.766936898231506,1.3843932456802577
311.3773174278438,70.3927342414856,10.244045721646398,2.553277970850468,0.4587500618014019,44.67591171264648,68.47110519409179,24.32067260742188,11.343070316314698,9.837565994262697,4.356803226470947,0.7030901908874512,0.1042017228901386,0.3331447422504425,2.4442105293273926,0.0638631649315357,0.0502792604267597,969.3141235351562,4308.7755859375,932.7146850585938,302.4335021972656,162.2957321166992,269.78142700195315,4.116407966613769,5.687810230255127,20.14267387390137,89.36182098388672,1.3412421703338624,1.231499207019806,509.9436923027039,1248.1068214520812,2354.6194943759124,0.8214065713342279,1334.903777628392,280.6619904339313,18.037713692337277,17.72521506547928,1.3888158618006856
325.084557444416,61.15332676656544,10.282669805921614,3.152822831273079,0.4817940956389065,44.1609992980957,64.44292831420898,24.00597286224365,10.281226539611817,9.705897331237791,4.57830286026001,0.6962958991527557,0.0984929487109184,0.327689465880394,2.6944345235824585,0.0679368041455745,0.048287308588624,998.793505859375,3172.716064453125,918.995831298828,248.2512435913086,159.3279266357422,281.6250305175781,4.115227222442627,5.39389386177063,19.620824813842773,110.75609588623048,1.4579211592674255,1.2128433227539062,512.3409375667572,1251.162188385427,2382.0460325192603,0.808667822694406,1340.4424965523183,275.0671011030674,18.109186374396085,17.85826267004013,1.3996047612745317
337.88747116187585,63.20745446607471,10.496312532108275,2.807049468159676,0.4442742974846624,43.72372665405273,63.680799865722655,25.7749662399292,11.171299648284911,9.945829391479492,4.555289268493652,0.6913870275020599,0.1053747124969959,0.334402534365654,2.3537243604660034,0.0647110402584076,0.0511569529771804,1056.6865966796877,2926.1430908203124,989.9634033203124,273.31451721191405,193.6209930419922,285.50707092285154,4.114337921142578,5.780046463012695,20.3484001159668,90.95127487182616,1.330121600627899,1.2598594427108765,516.9454929351807,1291.6169203206896,2517.32677981754,0.7191392095759511,1341.509187123552,280.13133077472446,18.048385147750377,17.743715739250185,1.3893591563683003
327.5859958568588,66.70232241488993,10.314080869685858,3.1989638835191725,0.4898058319929987,47.08863258361816,72.29739303588867,25.68789577484131,11.255012798309329,10.16493034362793,4.607324123382568,0.7410733819007873,0.1024190321564674,0.3322858393192291,2.5077763557434083,0.0685110129415988,0.0478646587580442,1093.795947265625,4334.582275390625,984.7595336914062,286.44611206054685,203.12689819335935,284.53179931640625,4.12260537147522,5.600530624389648,20.22983283996582,104.3481590270996,1.4941663980484008,1.1883827328681946,513.6603157997131,1263.3040137276053,2408.6752409914043,0.757037061965093,1339.8813032515347,281.5482336297631,17.951572504639625,17.724659395217895,1.3906151819974184
325.20502154640855,73.47053861562162,10.36622744789347,2.8008521467447283,0.5305222461000085,43.245392608642575,71.19629135131837,25.24017906188965,11.310230922698974,10.089533710479737,4.444359302520752,0.6793023943901062,0.1034216038882732,0.3138724207878113,2.401211881637573,0.0684491850435733,0.0500440001487731,1026.3120849609377,4812.28916015625,969.0606079101562,308.0301879882812,181.3543273925781,280.1317443847656,4.112063598632813,5.64695291519165,19.216705894470216,92.81614379882812,1.5733527898788453,1.17735116481781,517.7429488658905,1286.655879610777,2513.737500022823,0.6988356119953096,1336.3716559447348,282.2372550621629,17.966300988569856,17.69375059604645,1.3958999704103916
323.2258614392951,76.1570192605257,10.1901025027968,2.783296766877174,0.5041174102225341,42.112849426269534,66.91573104858398,24.454536819458006,11.59634609222412,11.02339792251587,4.670060157775879,0.734690123796463,0.0993038460612297,0.3192909091711044,2.394597101211548,0.0660940185189247,0.0487304933369159,1022.6440673828124,3673.468359375,933.8153442382812,320.5501708984375,209.314274597168,292.83973083496096,4.1215911388397215,5.42496919631958,19.31564464569092,92.30599822998047,1.4835899353027344,1.1200519919395446,519.8830756187439,1318.161989352107,2502.3637863570243,0.6474280078429728,1334.6025016888975,285.61154055148364,17.936349619179964,17.66661932468414,1.388882369082421
321.3399119965732,61.17143897861242,10.323303898237643,2.4378310978412627,0.5200472372933291,44.25158233642578,66.74778900146484,25.30578002929688,10.795382404327391,10.662161254882813,4.505326271057129,0.679444032907486,0.1058946527540683,0.3361850500106811,2.228576397895813,0.0652914516627788,0.0504571687430143,985.5503967285156,4239.43369140625,964.9961303710936,258.60401306152346,190.5149169921875,277.7695373535156,4.112147951126099,5.7733055591583256,20.345642471313475,79.09927978515626,1.464595103263855,1.2674498915672303,512.5665811538696,1241.348825351894,2266.5967625422754,0.7867257776670158,1341.8672728136182,278.6975966691971,18.16237400472164,17.777323687076567,1.4040864266688005
303.83431077413263,73.68932519014925,10.525283574406057,3.196182635426521,0.4342469869647175,42.94083671569824,65.64773101806641,24.993379974365237,11.365723609924316,9.9522198677063,4.4222979068756105,0.694633549451828,0.0994899205863475,0.3344806134700775,2.5784628868103026,0.0642630763351917,0.0499203585088253,932.306414794922,3957.928564453125,955.2393005371092,311.2090667724609,166.63957977294922,280.5654724121094,4.114838075637818,5.46650071144104,20.37955207824707,107.11868209838867,1.313643741607666,1.1767215132713318,510.1440378189087,1250.6006307154894,2403.0279624467016,0.7510352632030844,1329.4963833659888,281.5365591660142,17.99286452382803,17.759527683258057,1.3840926620177925
329.03843428026886,69.53000460267067,10.30784048670903,3.2088313341140746,0.4846555321360938,43.26938323974609,70.18993606567383,24.712785720825195,11.227859687805177,10.184582233428957,4.549648761749268,0.7014102697372436,0.1014412492513656,0.3221761286258697,2.5925998210906984,0.065771098434925,0.0500667039304971,989.2102111816406,5204.205712890625,944.7179504394531,292.83351440429686,200.56191864013672,290.17023010253905,4.116100168228149,5.559963655471802,19.42369079589844,107.8916015625,1.4237728476524354,1.250343680381775,514.1202295780182,1264.2618696630002,2421.005414720962,0.7528235496021807,1335.1628465488552,282.5802681326866,18.002276038378476,17.77359503507614,1.3905996328685433
328.9008993525058,62.98673425316811,10.515931696537882,2.362715819478035,0.5358623371750582,45.43145217895508,70.2054428100586,24.756796455383306,10.413246250152588,10.73185214996338,4.726229238510132,0.7420281112194062,0.0979165084660053,0.3155149936676025,2.2451415061950684,0.0670343518257141,0.0504915986210107,1015.7861877441406,4943.025341796875,943.8358642578124,252.58285522460935,198.28679656982425,301.4695098876953,4.122817754745483,5.371958446502686,19.08876495361328,78.1778434753418,1.53145934343338,1.2505396008491516,513.2975296497345,1243.5160869270562,2351.791734378028,0.7808923440985381,1343.963470095396,278.8251474745572,18.164318300038577,17.77174382209778,1.407377922651358
324.83975323643534,60.111214752495286,10.529603545274586,2.3940514460206037,0.4909100940800271,47.06699104309082,69.78458862304687,24.023991203308107,11.178123474121094,10.29712953567505,4.310721349716187,0.6815313875675202,0.1076138436794281,0.3457783073186874,2.337022995948792,0.0665662042796611,0.0479105181992054,1034.8960693359377,4784.124267578125,922.0502990722656,259.5200164794922,218.85092163085935,267.89703063964845,4.1125321865081785,5.908017587661743,20.95973777770996,82.07473526000976,1.4603817582130432,1.1151711821556092,512.2679678201675,1240.203816768527,2286.9681640693743,0.8236766744405031,1343.3583966992796,280.40952026098967,18.11808756440878,17.75878995656967,1.4009861936792731
313.95136920306834,64.31064222492277,10.369868909660727,2.8700195387005807,0.4899739344255067,46.30675392150879,69.35489196777344,25.00831794738769,11.362803554534912,10.217135238647462,4.502696990966797,0.7327078640460968,0.1017132975161075,0.3138658106327057,2.5966115236282348,0.0673552125692367,0.0484883245080709,995.2033264160156,5091.608642578125,959.21923828125,279.53321228027346,213.0645523071289,282.40501403808594,4.121348857879639,5.577157068252563,18.939814186096196,101.4781219482422,1.4707008600234983,1.174795389175415,510.17399246692656,1215.2416860058904,2145.3340001160627,0.8512533546891063,1337.4674410894513,282.20806603878736,18.0531581453979,17.78426637649536,1.3964980154763906
330.77663090694693,72.09352070167661,10.23002754598856,2.306017078459263,0.4371931227506138,45.97729568481445,69.18670272827148,25.677255630493164,11.370855331420898,10.697622776031494,4.658938360214234,0.709749186038971,0.0981918811798095,0.3367016345262527,2.1835347414016724,0.0639655739068985,0.0510135740041732,1046.7826904296876,4631.626220703125,980.8774353027344,302.2301086425781,225.12949829101564,284.4865234375,4.117554187774658,5.391356420516968,20.076455879211423,75.2151710510254,1.2963189005851743,1.2797852754592896,515.2776669979096,1239.644077321887,2319.4721532390627,0.7635638092178851,1339.4900347426533,285.5735749647021,18.01587682813406,17.651925408840178,1.385027016280219
329.7955517368391,61.51990492735058,10.288507718686017,2.5296547591686247,0.5145073030958883,47.25880203247071,67.72545623779297,24.33982276916504,11.252607250213623,10.695828914642334,4.748525381088257,0.7057677745819092,0.1020982950925827,0.3244491845369339,2.3411386966705323,0.0709334820508957,0.0480394903570413,1079.7807373046876,4450.689208984375,934.2605895996094,269.7592437744141,198.7964782714844,299.8812530517578,4.116877174377441,5.590912294387818,19.508937263488768,85.12246704101562,1.593037235736847,1.148231291770935,512.730757188797,1270.5741001904012,2424.3673673250423,0.7980721548665315,1343.601795571297,280.0304790019989,18.05702983811498,17.7262216091156,1.4034090765286238
343.5344683578238,64.27066641002894,10.503410341776908,2.5393096685409544,0.4495998318190686,43.84294052124024,71.2377197265625,25.52121334075928,11.452818679809573,10.25492992401123,4.403669929504394,0.7143619179725647,0.1067874573171138,0.3138274222612381,2.278990864753723,0.0618379112333059,0.0482053492218256,1064.6492553710937,5272.139306640625,977.9654663085936,281.878369140625,215.30274047851563,272.6142028808593,4.118337202072143,5.860407876968384,19.101878929138184,83.12089385986329,1.2809539437294006,1.184506607055664,518.1257744312286,1300.9838762626052,2439.5776668367034,0.6882750398945063,1342.224320913106,282.4860191717744,18.038923874497414,17.703705286979677,1.3859073376283049
325.36826189327985,63.6822688696906,10.414191359467804,2.451950234174729,0.5253740359155927,46.50579376220704,66.38831939697266,26.15188808441162,10.538781642913818,10.353730392456054,4.604514837265015,0.7193319976329804,0.1026713274419307,0.3335462391376495,2.248826265335083,0.0682886831462383,0.0492336984723806,1087.1825805664062,3252.6650146484376,1000.7563598632812,261.9993927001953,174.47110290527343,289.00440979003906,4.1191565990448,5.642574739456177,20.0461332321167,80.24939422607422,1.5416361331939696,1.241155445575714,511.0974192142487,1245.686905913055,2301.3277651219046,0.7878957754001021,1344.9164609469474,277.47786288410424,18.082716908305883,17.72245067358017,1.4022756804246457
327.9969757467508,66.70817461647093,10.12932302216068,2.168110103905201,0.4618036525323987,47.25280380249024,70.12463684082032,24.509181022644043,11.17134780883789,10.601426124572754,4.316399335861206,0.7327064394950866,0.0985210686922073,0.3107635140419006,2.2496588230133057,0.0659642778337001,0.0487384609878063,1071.4627075195312,3527.1162109375,938.2901000976562,285.6891845703125,188.8392868041992,268.9962463378906,4.1213459968566895,5.379786109924316,18.598253440856933,74.48077774047852,1.400022029876709,1.1320066452026367,511.7811511039734,1245.8069777309895,2318.8590098340183,0.8185266279149801,1342.097351936996,281.1305913984776,18.04637320116162,17.670924246311188,1.3924894974566997
320.32658431120217,73.78344112988562,10.169075403176247,2.3998584344983103,0.4867343502119183,43.91839065551758,68.99549789428711,25.11557388305664,11.357052993774412,10.760733604431152,4.4940736293792725,0.6776242733001709,0.0997010119259357,0.3143578916788101,2.305702209472656,0.0674874193966388,0.0523351393640041,964.5242553710938,4530.440673828125,962.1343688964844,306.4540496826172,211.78908996582032,286.4219512939453,4.111800670623779,5.453018760681152,18.78847942352295,81.26520462036133,1.4611419081687926,1.3084161281585691,516.0305134296417,1239.0211643725634,2321.4156978443207,0.7577905406244099,1334.9689594849945,285.5725247122347,18.044561939686535,17.699249601364137,1.3956765883602202
314.69862475227563,74.68817783799022,10.35577401984483,3.246884235739708,0.4424578890320845,44.13950157165527,69.83768234252929,24.832676124572757,11.659282970428468,10.42715301513672,4.612378263473511,0.7293173372745514,0.1004047147929668,0.3278714120388031,2.5909071445465086,0.0633631512522697,0.0508291777223348,982.0092651367188,4328.768701171875,948.5152770996094,319.1139892578125,192.05689544677733,292.9561004638672,4.120596170425415,5.4916096210479735,20.033875465393063,108.69347457885742,1.307135963439941,1.2394744396209716,512.8803183555603,1262.896968527138,2395.717165979842,0.7441145282704383,1331.1332462735477,284.22607566639783,17.929474990442394,17.720321810245515,1.3792573106475174
332.4900709781796,74.59133320748806,10.265497858729214,2.388897681236267,0.533634956961032,43.916355514526366,70.83325500488282,24.244397926330567,11.371686458587646,10.40956745147705,4.790744733810425,0.6936627805233002,0.0956243157386779,0.3157597899436951,2.21496171951294,0.066430789232254,0.0489472281187772,1036.0164794921875,4474.206396484375,925.8440612792969,311.15732421875,190.64144897460935,303.83326110839846,4.114529752731324,5.2410813331604,18.98523578643799,77.99483642578124,1.5259626507759094,1.1910362005233766,519.7180013656616,1317.4247332751752,2533.322131177917,0.6899659976363182,1337.986476241052,284.1015217565,17.987957544624805,17.647833716869354,1.3948977012187245
330.7080756360665,75.41159714311361,10.264788187574595,2.6245619878172874,0.4422966758487746,42.246345901489256,67.78182525634766,25.60813465118408,12.06147508621216,10.64831256866455,4.434299516677856,0.7326858699321747,0.0949252910912036,0.3191483825445175,2.344357371330261,0.0633965715765953,0.0492304824292659,1027.4503662109375,3107.7134521484377,979.1368713378906,328.4254577636719,224.11731567382813,276.3669921875,4.121242427825928,5.201045608520508,19.29416255950928,87.40717315673828,1.3154334902763367,1.1574629187583922,516.5760287284851,1286.3057754129172,2469.1350525433604,0.7071621659211814,1333.793197912723,287.73763582855463,17.922198838740588,17.634639167785643,1.3793138607405129
315.2412380317226,75.59747930131853,10.153428344242275,2.4177330493927003,0.4891889352933504,46.11417198181152,68.17122268676758,24.317975997924805,11.570893955230712,10.523839473724363,4.553172111511231,0.6896265149116516,0.0982018925249576,0.3332763999700546,2.380356812477112,0.0649367220699787,0.048026393353939,1019.6454223632812,3818.901611328125,933.170458984375,316.4433258056641,226.0121078491211,278.2924041748047,4.113979530334473,5.38553786277771,19.8642692565918,84.39008255004883,1.4150532960891724,1.2013013005256652,512.3877722263336,1262.8969138532875,2414.056050902704,0.7632866253145039,1335.581223615259,286.8832551881671,17.970305149257182,17.65970424413681,1.3879984787665307
318.6118213126436,61.74768874384463,10.495523267239331,3.01123835593462,0.4534654617484193,44.59901390075684,68.74459609985351,25.20055294036865,10.372174739837646,9.68206796646118,4.261160373687744,0.6950604438781738,0.1032165847718715,0.3213559299707412,2.508508563041687,0.0650954388082027,0.049466548115015,983.1563842773436,3691.2487060546873,965.7695434570312,252.2799819946289,161.3743865966797,265.149072265625,4.115004158020019,5.67355523109436,19.35565490722656,100.5766700744629,1.3520097374916076,1.2146212100982663,510.9371967315674,1248.1867934525012,2269.719504215021,0.7975212275981903,1340.574082109332,275.76650567799805,18.133595783263445,17.838903498649596,1.3960034167394042
322.4496809778735,66.69809899237006,10.514145326334985,2.671070592105389,0.535241800773656,44.86578216552734,69.21150970458984,24.91220092773437,10.63288335800171,9.75480728149414,4.554815864562988,0.6861556589603424,0.1024817310273647,0.3374317169189453,2.484347057342529,0.0676685020327568,0.05024054646492,1001.1158996582031,5204.09755859375,952.8086486816406,274.7381134033203,159.0674591064453,287.7011779785156,4.11338472366333,5.615113401412964,20.57283954620361,93.15044021606444,1.547056233882904,1.2513406872749329,513.5657322406769,1238.1178537875414,2224.818387411721,0.7568798979744316,1339.322288760543,277.6733443140984,18.077351257950067,17.77394120693207,1.4023852719692511
325.7049234639853,76.34289571978152,10.03158103041351,2.301495502889156,0.4647631789091974,45.20189323425293,66.07217864990234,23.86606311798096,12.25417537689209,11.294620990753174,4.518664884567261,0.6927306056022644,0.0983739651739597,0.3197819858789444,2.32821786403656,0.0646825544536113,0.0475089896470308,1022.7408813476562,3731.544409179688,910.9542846679688,334.60931701660155,236.2187057495117,287.9871063232422,4.114508628845215,5.376535558700562,19.09300193786621,80.21525115966797,1.3849618911743165,1.0995929837226868,514.0389084339142,1281.705357785523,2408.666471593303,0.7702717779204249,1333.6918768666685,289.4282412007451,17.923658384382726,17.607481050491334,1.3830864284187556
323.4840343762189,60.13790955506265,10.161617576982826,2.5752498120069505,0.4683581236051395,46.25542297363281,65.37309112548829,26.11053943634033,10.701968002319337,10.408350467681885,4.294452428817749,0.7409293591976166,0.0987955816090107,0.325405004620552,2.3086896657943727,0.0635535307228565,0.0506689939647913,1024.8015380859374,3493.2364501953125,995.056640625,255.45594177246093,161.23480224609375,271.3573028564453,4.122650623321533,5.392834043502807,19.43357620239258,84.70396728515625,1.3581170678138732,1.1766345500946045,510.9436255693436,1240.1221915453673,2223.28045735698,0.8516096511855722,1343.033629193902,276.08660599142314,18.13572461232543,17.777591514587403,1.3964429017156363
320.5601805950515,72.94492133632302,10.569743947777898,2.506302696466446,0.4637502792640589,42.9115047454834,65.29521865844727,25.364388275146485,10.946606540679932,10.788029193878174,4.425496339797974,0.698495215177536,0.1000578492879867,0.3324198782444,2.226999926567077,0.0611007712781429,0.0500999752432107,979.3236389160156,3734.5595458984376,974.011279296875,296.3222686767578,194.38164520263672,279.5147216796875,4.115587854385376,5.492788553237915,20.274530601501464,80.57319564819336,1.2943788290023803,1.214518392086029,518.8247419834137,1242.5912354633213,2321.525099018664,0.6895743333268911,1336.9994067199527,282.6193736627698,18.064245553314684,17.709831643104554,1.388214458711445
317.3274618409574,69.5148558486253,10.36506736278534,2.2551641017198563,0.5080192842637189,47.152727890014646,66.73311843872071,25.918405532836918,10.924635887145996,11.088480281829836,4.638363361358643,0.6790516793727874,0.1011282585561275,0.3169850677251816,2.3201984643936155,0.0701257929205894,0.0466644439846277,1038.9158813476563,3840.9238525390624,993.679638671875,283.8533599853516,226.00291900634767,294.65451965332034,4.11206374168396,5.555893468856811,19.010346984863283,78.66077499389648,1.5689386248588562,1.0875868678092957,512.0889862537384,1239.9444377452137,2197.347394186637,0.8416127428878099,1340.8617193236946,283.6172338485718,18.060813749581577,17.703295743465425,1.4025655850768088
321.3823347717524,73.95784400012344,10.222956891916692,2.4065682172775267,0.4731785654032137,43.45663414001465,67.11914672851563,25.32747745513916,11.4921085357666,10.48269748687744,4.659183502197266,0.6835011661052703,0.0959211736917495,0.336278834939003,2.227273464202881,0.0630261205136775,0.0521727137267589,1039.5491821289063,2959.9190673828125,964.5285705566406,311.4590209960937,203.95779266357425,294.8287841796875,4.112860679626465,5.2653564453125,20.087908363342287,78.78950881958008,1.3476713299751282,1.3019320368766785,514.572203874588,1281.5214340090752,2426.69366837754,0.7149618788156659,1337.289361794293,284.8690997973084,17.981321980059146,17.64511070251465,1.3853322240523993
320.9276403208263,71.11810309439898,10.456580195762218,3.0562800973653794,0.4480840877338778,44.57525291442871,68.78420639038086,25.40403881072998,10.881045627593997,11.02067346572876,4.34504246711731,0.6832333326339721,0.0970531709492206,0.3288844257593155,2.495019221305847,0.0633743785321712,0.0480657499283552,1000.6222778320312,4865.802685546875,975.8631164550782,288.7154235839844,213.3631149291992,269.87892456054686,4.112755918502808,5.323664379119873,19.973003005981447,101.11308059692382,1.3085538029670716,1.1957341432571411,514.2995982885361,1238.6509504392743,2259.475374522008,0.7656583976466209,1336.8950455274432,283.1895728245378,18.02391214966774,17.763774394989014,1.3863470343640074
341.3034359589219,66.7393034722656,10.33921300265938,2.3738242089748383,0.5140315130585804,44.46393699645997,71.84657363891601,24.900933265686035,10.626487922668456,10.508882999420166,4.409642934799194,0.7406152129173279,0.1023003809154033,0.3292922049760818,2.319117927551269,0.065614727884531,0.04982237406075,1047.5163208007812,4786.951171875,948.6447143554688,272.1140960693359,187.5128677368164,274.7645263671875,4.122597694396973,5.58418345451355,20.00010223388672,81.10933914184571,1.4802198648452758,1.1615623354911804,516.6143857479095,1268.9920745790005,2414.497135826497,0.7667287298012525,1342.6807442098857,279.93530657440425,18.08472347706556,17.727700340747834,1.3992343733087182
339.1472335681319,64.6060884192586,10.26813191268593,2.364110279083252,0.521857236942742,44.60252418518066,64.89845428466796,25.66826972961426,10.91740140914917,10.102652072906494,4.448618602752686,0.6846949398517609,0.1021251313388347,0.3200565606355667,2.300769543647766,0.0690601356327533,0.0464743975549936,1062.6271850585938,3536.1719970703125,977.904443359375,275.1954925537109,172.64978790283203,271.0126617431641,4.11310510635376,5.594889831542969,19.182731437683103,80.31117401123046,1.5664068818092347,1.1011454343795777,516.4212141036987,1234.694316521287,2276.23254323469,0.7654964257497341,1342.60239956975,278.72294123917817,18.06258131712675,17.711035871505736,1.4024240267463028
339.19624068383126,68.48204116001725,10.36578343519941,2.60104515850544,0.5191114536602981,46.122480392456055,69.36505279541015,24.15568561553955,10.891934394836426,10.12868881225586,4.667506361007691,0.6833705306053162,0.101815840601921,0.3205747544765472,2.461367392539978,0.0690468020737171,0.0514728084206581,1095.9051147460937,3096.221069335937,922.0945434570312,281.6201232910156,209.8452117919922,288.3240203857422,4.112846374511719,5.569542407989502,19.50331268310547,91.04351043701172,1.560110867023468,1.2459914207458496,517.1689999103546,1282.3940226882696,2433.1134342893724,0.7560261310078203,1341.6791297383606,282.05317368507383,17.996766125410794,17.70936002731323,1.397556348424405
319.1673548486084,63.228909318521616,10.40833227271214,2.988428971171379,0.5239188426989131,43.33561706542969,66.08905563354492,24.086709785461423,10.98008155822754,10.572470664978027,4.47806305885315,0.7322440862655639,0.1066042989492416,0.3179758667945861,2.5503140687942505,0.0665708988904953,0.0464540041983127,997.6135864257812,3063.9808837890623,924.0266540527344,272.2550445556641,168.1894271850586,284.51003112792966,4.121252870559692,5.845357084274292,19.229211235046385,101.94455032348633,1.5201308608055115,1.0714069247245788,514.1633412361145,1243.1762381613255,2422.66288843308,0.7235068376176059,1338.0830060005187,277.9562223486602,18.06825685426593,17.798094832897185,1.4000099116936326
331.7868327869102,64.23118544816971,10.497249970305711,2.3622786536812783,0.5105031775310636,44.16619644165039,73.53372955322266,24.45283336639404,10.612990474700927,10.337191581726074,4.577196836471558,0.6823230981826782,0.1021079011261463,0.3399607092142105,2.227217197418213,0.0667158983647823,0.0484265141189098,1000.4985290527344,5019.813720703125,937.453155517578,262.0059875488281,208.39421997070312,277.5897644042969,4.112687110900879,5.575599813461304,20.77909755706787,77.57813186645508,1.49349045753479,1.1402816891670229,515.3736929416657,1257.1364619895817,2445.0860750843945,0.784288079245016,1342.2306267187,280.5068902865052,18.146158899366856,17.760767543315886,1.404633648879826
328.21699012648315,69.48997392095626,10.540036083664743,2.1202605947852136,0.4577377530862577,45.2347900390625,67.93876876831055,26.046725273132324,11.475296783447266,10.86871862411499,4.53319149017334,0.6982175648212433,0.1060677014291286,0.315232965350151,2.266539764404297,0.062698483467102,0.0507219113409519,1083.115576171875,3342.1358642578125,994.67587890625,297.5355621337891,222.83411560058596,285.32293701171875,4.115535736083984,5.8255900859832765,19.24192886352539,74.05861968994141,1.325297749042511,1.192486727237701,516.1420361757279,1293.449423021078,2508.086237307806,0.7284267627168447,1341.319299530983,284.6178135544061,18.001400374621152,17.63936655521393,1.3855973972007631
325.77996160127225,69.98066834118217,10.322187944781035,3.018025588989258,0.5439414966502227,44.0072696685791,69.86579971313476,23.720324516296387,10.66500473022461,9.923341751098633,4.539933824539185,0.7334726452827454,0.097365366667509,0.3338967144489288,2.4927340269088747,0.06728375852108,0.0500965718179941,1006.1593505859375,4638.3529296875,904.876708984375,281.7490753173828,183.90737762451167,287.00352478027344,4.121468591690063,5.329517269134522,20.165134048461915,100.27660903930663,1.555322265625,1.2417001366615297,516.4934031963348,1235.2556349858642,2324.247719893244,0.7406830074731261,1338.0256114222109,280.4495052114129,18.04397949203849,17.77385894060135,1.4000614121789112
316.25412763040515,65.59068924374878,10.608943991363049,2.249905672669411,0.4739808525249828,43.70148620605469,69.93229751586914,25.86014213562012,11.127993869781497,10.342861652374268,4.731965017318726,0.7029518902301788,0.1076408021152019,0.3476009160280228,2.277586007118225,0.0648292236030101,0.051050329208374,962.6840087890624,4720.932763671875,992.8387329101564,276.9088500976562,221.0852783203125,295.134375,4.11638503074646,5.914141368865967,21.136235618591307,76.9850959777832,1.378926932811737,1.278640723228455,511.7467727661133,1239.5787338674068,2182.4051270740456,0.7818950250744819,1338.7992833726107,282.88509623259307,18.135052418708803,17.74726619720459,1.397688086121343
333.22884312309327,75.04188396092505,10.322904232144356,2.5592758491635323,0.540846516849706,44.79860649108887,67.63474807739257,24.30019855499268,11.240686416625977,10.210428714752195,4.619127511978149,0.6961416363716125,0.0949379444122314,0.3109894514083862,2.422796106338501,0.0682297028601169,0.0508016683161258,1081.2023681640626,3427.7019775390627,926.1957763671876,311.81101379394534,169.04126434326173,290.2327880859375,4.115106534957886,5.215407943725586,18.756807327270508,88.93843078613281,1.575010395050049,1.2702747583389282,517.4601773738862,1281.9158295825123,2393.109647617029,0.7178818161599338,1337.740094099939,281.6945827424526,17.924008115381003,17.648505532741545,1.3928619380574674
337.7862069560215,73.98220722638071,10.349289559572934,2.885898694396019,0.516857508092653,42.5502384185791,63.98629264831543,25.496581077575684,11.551022052764893,10.891439723968508,4.748939943313599,0.6993084132671357,0.1055429175496101,0.3250209003686904,2.579980707168579,0.0670589208602905,0.0357630334794521,1036.856359863281,2925.4410400390625,976.273370361328,311.8367980957031,230.39348907470705,292.26157836914064,4.115620994567872,5.793981409072876,19.64254207611084,101.04116973876953,1.5588542222976685,0.8266296803951263,519.6744697093964,1343.8258467450737,2602.2721697815987,0.6712200654670596,1336.5747245520354,286.595756188035,17.95888247638941,17.81900808811188,1.3958693005144596
328.7204028407112,64.97120511308313,10.37241840697825,2.973331221938133,0.5396532693819609,45.247073364257815,68.32205047607422,26.193359375,10.650890350341797,10.24513053894043,4.524459362030029,0.6877566695213317,0.103513515740633,0.3393365949392318,2.3922487258911134,0.0690816201269626,0.0490643102675676,1031.2795043945312,4993.73095703125,999.694091796875,268.6978424072266,174.0772735595703,283.55152893066406,4.113682270050049,5.645730018615723,20.71011238098145,95.42752990722656,1.5873093485832217,1.2147297859191897,515.9826229095459,1279.549716039002,2480.965556947986,0.7381599668879062,1341.1825895547868,278.28156999498606,18.06755036599934,17.7767751455307,1.4038476495537906
313.25211648698894,62.30800355114043,10.57986076567322,2.5938757330179216,0.501431388000492,43.66162605285645,71.83774490356446,25.22259654998779,10.559438037872315,10.61410427093506,4.337426662445068,0.6849646210670471,0.101086251437664,0.3363165229558945,2.402123093605041,0.0695571325719356,0.0495610460638999,957.034893798828,4435.45947265625,968.9810791015624,253.2303817749024,210.26478881835936,268.3014221191406,4.113178730010986,5.543074989318848,20.438937377929687,88.36882705688477,1.5402310609817504,1.1523014903068542,512.3130749225617,1230.8730319067836,2160.3342481462923,0.7718108322937042,1340.593738076836,279.4352696150541,18.17739854827523,17.824053001403808,1.40906941620633
337.13736892081795,64.30093348976224,10.572904251422733,3.208223220705986,0.548608405480627,44.1,66.11054840087891,24.79548072814941,10.69290475845337,10.302828502655029,4.355318784713745,0.740929251909256,0.1062100492417812,0.3261356890201569,2.5229498386383056,0.0666465185582637,0.0465636141598224,1059.2298583984375,4021.189697265625,943.8510803222656,265.7939514160156,189.67296752929687,277.3905792236328,4.122644424438477,5.8312677383422855,19.93577537536621,104.93971557617188,1.5596007347106933,1.0909740805625916,516.6394556045532,1299.685455363989,2470.4962513607,0.7346531692892313,1341.6550556004047,278.66051940619946,18.03832831457257,17.78801085948944,1.3998545053880662
313.41454756390306,70.39183120299131,10.391242519114169,2.9934578120708464,0.4340480690356344,45.00958061218262,63.03957252502441,24.30094623565674,11.103766059875488,10.446274757385254,4.401193618774414,0.6808756649494171,0.1022271230816841,0.339233273267746,2.5500328302383424,0.0619184795767068,0.0490014571696519,991.585186767578,2897.394897460937,932.390692138672,294.26487731933594,180.62376403808597,281.9471740722656,4.11240177154541,5.608196973800659,20.51778392791748,102.15841674804688,1.2685545921325685,1.12224018573761,513.4518191099166,1243.1482031539083,2373.576906563976,0.7820044361054898,1334.843408689648,281.3247253663838,18.011451967060566,17.75844645500183,1.3833778430707753
319.3286820996553,62.43551802039146,10.450915458332748,3.245956909656525,0.450093589653261,44.487296676635744,71.09389801025391,25.451177215576173,10.998315334320068,10.68876085281372,4.683728981018066,0.7004404485225677,0.0972442880272865,0.3376710504293442,2.580678057670593,0.0616646267473697,0.050016614049673,969.5011535644531,5059.65185546875,969.4506774902344,266.46290588378906,196.2730911254883,298.7142761230469,4.115953159332276,5.338348722457885,20.386169052124025,107.87701187133788,1.2779985904693605,1.2186461329460143,510.7571844577789,1249.5689302444457,2346.0152111799166,0.8163229184225201,1337.6300216585398,279.7510755702853,18.087445253878837,17.832560467720032,1.3887572285719216
320.82785505987704,70.43137234859168,10.40424179174006,3.0765408158302305,0.5067771642119624,42.70024452209473,70.46278305053711,24.388701057434083,11.235609340667724,10.49210786819458,4.356121015548706,0.693945586681366,0.0993830628693103,0.3119973272085189,2.5201229810714723,0.0685251623392105,0.0487505678087472,968.9086547851564,4644.202783203125,934.6549011230468,299.60549011230466,172.49737854003905,267.0840148925781,4.114658975601197,5.438069486618042,19.003610038757323,102.51746063232422,1.5244410157203674,1.1949200868606566,513.8685836791992,1247.1030569314958,2370.8807029251125,0.7361558563541621,1333.9864005431532,281.1397171065211,18.011695039272308,17.759652149677276,1.3964367263019084
326.7298540389165,68.5994704131037,10.31782382633537,3.224212297797203,0.4417577757383696,44.20620498657227,70.30718078613282,25.349196434021,11.00410041809082,10.652892112731934,4.4936041831970215,0.6848233580589295,0.0988244891166687,0.3352887868881226,2.4947049617767334,0.0650718688964843,0.0497873950749635,1032.8779296875,4488.728759765625,971.778173828125,286.7648101806641,194.9831283569336,278.5578918457031,4.1131134033203125,5.410517930984497,20.28548030853272,104.15175933837892,1.3374459147453308,1.2124143242836,515.8846937656402,1247.1896981939674,2398.245081469283,0.72454121443443,1338.0320947490632,281.2390734821558,17.994307897239924,17.755538403987885,1.3858717313036322
337.54981649816034,61.998955848068,10.48141366634518,2.261136771738529,0.5033523273072206,42.793244171142575,66.38803100585938,24.571862602233885,11.082885837554931,10.67879638671875,4.465582418441772,0.7106102049350739,0.1040447637438774,0.3283042103052139,2.26177191734314,0.0657445639371872,0.0482673794031143,1032.7412841796877,3298.512744140625,937.6082214355469,267.20995178222654,201.50809020996093,277.3376434326172,4.117705249786377,5.70521240234375,19.898501205444337,76.73618240356446,1.4563986659049988,1.1707871198654174,515.5041395664215,1280.29562433213,2409.850541660958,0.7008552990388125,1342.869420300424,280.2052272707224,18.11189330816269,17.730806958675384,1.4000946754124015
315.0749712236226,62.55099358353764,10.13074316084385,2.899648539721966,0.4704294687311631,47.860914611816405,69.1630760192871,25.34028625488281,10.894986152648926,10.73142137527466,4.6939781665802,0.6828475952148437,0.1035223208367824,0.3324697136878967,2.3852805852890016,0.0649139769375324,0.0494772259145975,1052.6981201171875,3228.7405029296874,972.1627075195312,262.75579528808595,211.97474060058596,299.58824768066404,4.112773275375366,5.651300525665283,19.87354564666748,93.8190414428711,1.3769848585128783,1.239506435394287,509.3399536132813,1244.4422922462225,2190.378330195183,0.8791416657157243,1342.1674241535366,280.1919531069696,18.07216283977032,17.771932542324066,1.3933598252478987
326.1423714917153,63.59331156592816,10.56197076877579,2.9616948142647743,0.5515457166358828,42.86384010314941,71.16100997924805,25.877586364746094,11.248694896697998,10.687968730926514,4.500814199447632,0.7100387215614319,0.0999868713319301,0.3468378514051437,2.6069316625595094,0.0682191409170627,0.0509226888418197,989.580535888672,4250.166259765625,986.85009765625,275.2200653076172,208.40863494873048,287.0034484863281,4.117611885070801,5.489417266845703,21.145424461364748,103.67059707641602,1.5871183276176453,1.2652633905410766,514.0627635478974,1239.304826912284,2292.3863974829205,0.7352963686920703,1337.6759830057622,281.2224149160087,18.06008615270257,17.800132262706757,1.4029304462019354
340.7303811193444,62.123490719869736,10.386091442685574,3.1732009202241898,0.4708161907503381,47.80555191040039,66.57551803588868,26.331186294555664,10.636738395690918,10.692911148071287,4.5946550369262695,0.6987705111503602,0.0962541505694389,0.3207484424114227,2.526029920578003,0.0632822982966899,0.0506236441433429,1143.3585083007813,3245.3435791015627,1011.2510681152344,255.8216079711914,208.98046875,287.23121643066406,4.115635871887207,5.266823673248291,19.521957397460938,104.53136291503908,1.347244918346405,1.2688219547271729,513.4382240772247,1295.7321745455265,2459.149000826309,0.800434124097228,1345.096728881821,278.7422327771783,18.00027304664254,17.758786916732788,1.3864878800231963
309.33313708864154,65.94148832857609,10.357298289425673,2.9980231121182443,0.468953830236569,45.2354434967041,73.3698341369629,25.922267723083497,10.821770000457764,10.389731979370117,4.484578943252563,0.6873535215854645,0.0970659144222736,0.3262095957994461,2.4418816328048707,0.0659805856645107,0.0497319750487804,970.064093017578,5075.03779296875,994.4869567871094,270.73003540039065,217.02140045166016,283.97667541503904,4.113595104217529,5.325183343887329,19.56962718963623,97.77230377197266,1.4046586990356444,1.1919001698493958,508.8456945419312,1207.961347323656,2107.9723096618604,0.8517566052265465,1337.8759231418371,281.6586198195816,18.098986817151307,17.804778373241426,1.3965021722950042
327.36761060971764,70.62474608235061,10.316972300317138,2.4252441868186,0.4468299736210611,45.486816787719725,67.22908554077148,25.78560905456543,11.198175430297852,9.7923397064209,4.342749071121216,0.6800688743591309,0.097917166352272,0.3183476477861404,2.407491970062256,0.0617999210953712,0.0474718213081359,1094.6612915039063,3881.362182617188,984.6880737304688,299.0435516357422,169.33280334472656,270.62867126464846,4.11208438873291,5.366290330886841,19.25621223449707,85.51880569458008,1.27622994184494,1.1779590487480165,516.7680229187011,1259.0133635655045,2390.6949610155366,0.7230255726259202,1340.3293304882943,280.12752682864664,17.957831662893295,17.65761901140213,1.380159304616973
313.79755202420057,70.35428462475538,10.45914424341172,2.960845682024956,0.4919246646342799,47.69994850158692,65.00612258911133,26.025181579589844,11.618547058105468,10.124459552764892,4.6920225620269775,0.6856049478054047,0.0979617148637771,0.3164612501859665,2.623807263374329,0.0643910400569438,0.0479013569653034,1046.2911376953125,3456.496435546875,995.9834045410156,310.1587646484375,158.733837890625,293.55604553222656,4.113193082809448,5.37341628074646,19.357123565673827,104.65311584472656,1.413935613632202,1.1791951298713683,509.2226794481277,1239.8080690547824,2181.2383245431,0.867019013967365,1334.8349606834352,280.276493999362,17.915459722280502,17.700792968273163,1.3840748470276594
332.73039000276475,67.80138304848224,10.24115991787985,2.867761215567589,0.4443353278737049,44.55101127624512,65.62704162597656,24.022688484191896,11.085102939605711,10.667741584777833,4.77008695602417,0.6865356206893921,0.1045251123607158,0.32460278570652,2.517469811439514,0.0641108617186546,0.0501779332756996,1081.8588623046876,3621.91669921875,919.20400390625,285.25232849121096,202.18042755126956,304.4844024658203,4.1133191108703615,5.714364910125733,19.62364978790283,98.54372634887696,1.3187203049659728,1.2496317148208618,515.5274351119995,1266.355091185868,2408.211980751477,0.7296742498409003,1340.2940706528725,281.4373025789857,17.975556072592735,17.72179627418518,1.383644942147657
334.8764675669372,61.04353211596608,10.539181846845896,3.0677928611636163,0.5227403676311951,46.77621841430664,74.39749221801758,24.412855529785155,10.867205810546874,10.364098739624025,4.534996223449707,0.6946439564228057,0.101445236057043,0.3215084969997406,2.49546332359314,0.0677126444876194,0.0515528969466686,1088.1295166015625,5409.942236328125,931.3970947265624,257.0597290039062,216.51116027832032,275.4091857910156,4.1148888111114506,5.557533884048462,19.682532691955565,101.28956985473631,1.5317468881607057,1.2674718976020811,515.8154235839844,1249.9282371073962,2404.9033360319854,0.7630717982538044,1343.8980405636132,279.4562297895551,18.045153320208197,17.780173683166502,1.399198990757577
335.2088420474902,63.253506138920784,10.566656943317502,2.9351705059409143,0.4623352112947032,44.72308120727539,70.29712219238282,24.26208209991455,10.83833417892456,10.510469913482666,4.382434606552124,0.6854925155639648,0.0969691529870033,0.3392059773206711,2.5026370525360107,0.0617177002131938,0.0511768702417612,1061.6060791015625,4371.34033203125,930.24521484375,264.99957885742185,203.6512802124024,275.621826171875,4.1132659912109375,5.324479866027832,20.68625659942627,99.10370635986328,1.303660869598389,1.2504757642745972,515.8935472488404,1275.8493372738362,2436.496651422809,0.7461633696220815,1342.3714949332175,279.5783946067095,18.04739940091968,17.774375104904173,1.3877184701152143
328.20955930966886,68.71534002795815,10.48410715162754,2.7901121616363525,0.4443958792893682,45.877035522460936,68.85025558471679,24.44465923309326,11.345878887176514,10.443868160247805,4.846923351287842,0.7294963598251343,0.0975844785571098,0.3418999671936035,2.3216772079467773,0.0641606427729129,0.0509793870151042,1071.629248046875,4028.531005859375,937.3651245117188,294.7574493408203,191.5862762451172,308.69834899902344,4.120796203613281,5.352281188964843,20.87662410736084,89.56144104003906,1.3218359231948853,1.2585205435752869,516.232617354393,1249.951910290122,2302.2668025433086,0.7429530776571482,1339.7269646182656,281.97906218469143,17.983145747333765,17.688945269584657,1.3840978359105065
318.8853513563052,78.73134811595082,10.21369192386046,3.026998262107372,0.4666533936164342,42.1548641204834,63.23753929138184,23.85034523010254,11.505742073059082,10.3660457611084,4.607084369659424,0.7323819041252136,0.0985273569822311,0.3228136360645294,2.401468634605408,0.0615673534572124,0.0474487543106079,987.6681579589844,2866.6642333984373,910.3004821777344,323.9591705322265,205.3237716674805,293.9211151123047,4.121191024780273,5.402108430862427,19.3892671585083,97.04350204467774,1.3213600039482116,1.1073386430740355,517.4816812992096,1274.615696956217,2395.3352093818366,0.6779651478864253,1331.4574862986804,286.0196419209242,17.941332249343397,17.685262310504914,1.3807736163958908
330.79100289326163,69.07477305270731,10.429693884961306,2.5238005369901657,0.5049725028686225,43.56391410827637,69.61748046875,24.31759262084961,11.595157718658449,10.443511009216309,4.564112043380737,0.6944942831993103,0.0982011213898658,0.3148096591234207,2.279442024230957,0.0657642677426338,0.0476540654897689,1012.7407653808592,5105.298291015625,929.6778869628906,301.8144866943359,197.1694778442383,281.83392639160155,4.114736270904541,5.385571765899658,19.096367645263676,82.86970825195313,1.4650426864624024,1.1475593090057372,516.7012991905212,1234.6865885987877,2294.235908667848,0.7184759540949017,1337.62218561396,283.3499366953969,18.02168265655637,17.68942747116089,1.3941347890533506
306.2758820382878,76.07863911893219,10.377373606991023,2.692763577401638,0.4888296541175805,47.015153121948245,72.40790100097657,23.855180740356445,11.622518253326415,10.589984893798828,4.599059295654297,0.6799554526805878,0.0997016482055187,0.3312282115221023,2.355485200881958,0.0670186221599578,0.0470772486180067,1003.5776550292968,4772.623095703125,911.6554931640624,323.6469787597656,173.15808715820313,294.36460876464844,4.112182140350342,5.453410053253174,20.23059520721436,89.07911376953125,1.4677386283874512,1.13223797082901,510.1508961200714,1237.6297147914768,2180.092982585769,0.8475214568432421,1333.5157956063747,283.47244607880714,17.94870161563158,17.66223076581955,1.3891621697694063
316.25258713290094,64.47744075097144,10.356131284590813,2.560412764549256,0.5355264027020894,47.33572273254394,69.4883934020996,24.045717239379883,11.116747856140137,10.390911674499511,4.397788286209106,0.6935575664043426,0.098734051734209,0.3214697450399398,2.3258711099624634,0.0693925291299819,0.0505071323364973,1030.326574707031,3898.70751953125,919.8805358886718,277.84796752929685,183.2447952270508,275.93629455566406,4.114728927612305,5.427769660949707,19.229861068725587,85.15921249389649,1.6005478024482729,1.1710711121559143,511.46393444538114,1240.5612812310458,2239.0478260630566,0.8527065252419561,1340.625292390585,279.9526726514101,18.068685127049683,17.735367345809937,1.4045834552496672
330.8965189214796,61.075524006783965,10.452698246669025,3.085989971458912,0.5398832212144044,44.51093521118164,69.36202087402344,24.219679641723637,10.918867778778075,10.216783237457276,4.677351665496826,0.6819274187088012,0.0983708627521991,0.3222359865903854,2.4827843427658083,0.066169898211956,0.0483810201287269,1014.607080078125,3487.27646484375,923.0865844726562,259.95506896972654,192.7256088256836,294.8436706542969,4.112607955932617,5.409380054473877,19.374116516113283,101.00918960571288,1.5228410005569455,1.193219006061554,515.1017215967179,1236.8523533016444,2214.85427000593,0.8120413864031434,1340.5212503403425,278.8658857539296,18.08894153609872,17.811643612384795,1.4017904142383486
317.61944235935806,73.18180075399577,10.213968312181532,2.641259986162185,0.4859394022962078,45.216270446777344,64.33975296020508,24.06875400543213,11.277466297149658,10.795918560028076,4.521780633926392,0.6780125021934509,0.1033449992537498,0.3334236443042755,2.3038875818252564,0.0653084836900234,0.0468782588839531,1000.3944885253908,3333.3329833984376,918.2463012695312,303.14495239257815,214.3883071899414,286.07420959472654,4.1118639469146725,5.645605373382568,20.08845882415772,86.0302520751953,1.422398328781128,1.1320146441459655,512.3532761096955,1242.5415344715118,2278.443214799138,0.8003402689937502,1336.149728627503,284.9412198856473,18.02046979665756,17.70214192867279,1.3920207287650554
299.98617475461214,65.74392070136965,10.498329034633937,2.7690010011196136,0.4633932116092182,46.98666954040527,70.61572647094727,23.88892707824707,10.874842357635496,10.92292070388794,4.646056413650513,0.7080380916595459,0.1038158424198627,0.335543143749237,2.439080595970154,0.0605672657489776,0.0477171652019023,993.871240234375,3953.71826171875,912.0978393554688,274.32786865234374,203.03910064697263,287.9904327392578,4.1172709465026855,5.688320302963257,20.4311803817749,93.39825668334962,1.2801281690597537,1.1636947035789489,505.4466470003128,1223.5569170847534,2206.4514824031157,0.8863149269018322,1338.748021748662,281.0478237941861,18.08508998453617,17.77717720270157,1.3888922827783972
333.4259729243815,61.89999791458249,10.43769151577726,2.2987416446208955,0.5282340586767532,43.6063735961914,71.8221046447754,25.867365837097168,11.100533771514892,10.18939447402954,4.63417387008667,0.7263304769992829,0.0985576152801513,0.3182559907436371,2.337181329727173,0.0650049909949302,0.0490529172122478,1039.4780151367188,5004.854736328125,992.1383972167968,264.8348754882812,218.01785278320312,289.188720703125,4.120325565338135,5.403331756591797,19.237947463989254,80.08506774902344,1.4779152631759644,1.2090799808502195,516.120443868637,1261.2256508260966,2386.4231735350622,0.729484983580187,1343.3871722489596,280.7432787686586,18.10857331752777,17.740947079658508,1.400745489820838
324.30171793941406,67.43736243657767,10.225605457741768,2.583232133090496,0.5067207415704615,47.5057876586914,67.26510238647461,25.773452377319337,11.570095920562744,10.219683265686037,4.599475383758545,0.7053374350070953,0.1005489438772201,0.3132936716079711,2.3284796714782714,0.0664767555892467,0.046624594181776,1059.443701171875,3669.871557617188,983.9256408691406,296.22059020996096,194.79322204589843,288.7508941650391,4.116775894165039,5.506818151473999,18.810757446289063,85.85013809204102,1.4930364966392518,1.073166263103485,511.7893905639648,1244.4582384079697,2321.5372943741268,0.8429070946294814,1339.2907535798847,282.46809253394605,17.99798799753189,17.686054956912994,1.39397388715297
329.46461259946227,71.50888258926571,10.297183683421462,2.259075209498405,0.5471874339214992,48.09986877441406,71.34338455200195,24.350950050354005,11.282228088378906,10.284494495391844,4.657097339630127,0.6810053586959839,0.103307182341814,0.3081399887800217,2.237881302833557,0.0664833754301071,0.0479233559221029,1077.6169311523438,5096.66103515625,926.8548889160156,298.5664886474609,215.69214782714843,288.9206237792969,4.112415790557861,5.672024965286255,18.48541202545166,76.10429992675782,1.5423977375030518,1.198409140110016,513.3982064962387,1284.0024978801607,2437.9762288480297,0.8405121712014079,1340.8987818732858,284.56463697254657,18.000129203498364,17.64934507608414,1.3966677115531638
334.09077190458777,66.18008675947786,10.266099128872156,2.732670046389103,0.445534795965068,43.33633880615234,65.97111892700195,25.08041381835937,11.32985200881958,10.438955307006836,4.491537809371948,0.7224425077438354,0.094976670295,0.3385945856571197,2.3998537063598637,0.0635437414050102,0.0473705269396305,1021.4015441894531,3344.371337890625,960.1407775878906,286.5200256347656,200.63861083984372,281.2394256591797,4.119685697555542,5.207728672027588,20.27827854156494,91.31433639526368,1.3207759141921998,1.1040093898773191,516.2402427673339,1264.177623425424,2445.5939448982654,0.7408691226970404,1338.717927429825,281.9999242380261,18.04077183008194,17.736788415908812,1.388077000156045
329.7503634944558,73.79399516917765,10.14725034320727,2.5083520591259,0.4908574736095034,43.01888580322266,67.96720581054687,23.91162700653076,11.455790042877195,10.15425615310669,4.484219026565552,0.6920419037342072,0.094076120853424,0.321488493680954,2.446101188659668,0.0654113605618476,0.0472790952771902,1015.4969116210938,4533.513427734375,912.9163208007812,310.84886169433594,202.63723907470705,274.2098754882812,4.114310789108276,5.144470834732056,19.269350433349608,88.6105728149414,1.442123436927795,1.100562059879303,519.208047914505,1251.2933905363084,2369.1499663086142,0.705226365244016,1335.9286200001836,284.4857157960534,17.977993781119586,17.682570600509642,1.3899290160741655
313.11259939447046,61.43913610950112,10.304700674582271,2.2585324317216875,0.4384279709891416,46.40979080200195,65.8563720703125,25.854629898071288,10.637152862548827,10.239729499816894,4.537303733825683,0.6978056728839874,0.1018373280763626,0.3241765707731247,2.2372856378555297,0.0648814857006073,0.0478530373424291,1036.2667602539063,3238.803100585937,988.7345397949218,256.10504455566405,181.79197845458984,282.47942504882815,4.115460348129273,5.5620604991912845,19.534193801879884,75.81151123046875,1.3207742333412171,1.1585628509521484,509.3584653139114,1243.6529607012867,2235.1807991171954,0.7861025339458138,1344.172335888445,277.5159422442317,18.14086304008961,17.74653034210205,1.3951541129499674
324.1487285066396,74.229616217874,10.226396714802831,2.9250252529978757,0.4890433276072145,47.70319595336914,71.36014556884766,25.19858341217041,11.223838424682617,10.834979057312012,4.418490648269653,0.7056148171424865,0.0945257343351841,0.3358272492885589,2.448822855949402,0.0679868534207344,0.0484330523759126,1060.2361206054688,5102.3212890625,959.3379028320312,308.30068054199216,182.4277755737305,278.6398193359375,4.116779804229736,5.169084739685059,20.31379146575928,97.06193237304689,1.491567325592041,1.151914894580841,513.2511248588562,1264.1889337018133,2364.6369510270947,0.8209157295059413,1336.7658816844223,282.40850811302664,17.93354328125715,17.685332119464874,1.389421896217391
318.89871153729035,60.85801392849535,10.680609544273466,2.9292942509055138,0.5014888141769915,45.105795288085936,68.40565795898438,24.28217639923096,10.741719722747805,9.6841459274292,4.290107393264771,0.6912530839443207,0.0996829524636268,0.3270418971776962,2.479986834526062,0.0687971949577331,0.0508377134799957,1007.9604614257812,3898.3013427734377,932.7890869140624,259.9542175292969,151.47879791259766,271.0691253662109,4.114314413070678,5.479127168655396,19.99811553955078,97.98819580078126,1.512480127811432,1.27038893699646,509.48548126220703,1248.149829006195,2223.2300714814046,0.8198991385288537,1340.7797464188188,275.4338336586952,18.101592810451983,17.808790349960326,1.4022994686383754
305.5560968440026,71.89805479496718,10.536107202526182,2.348779612779617,0.4673946606868412,41.62262229919433,68.40457916259766,24.150668716430665,11.073080062866213,10.653497123718262,4.565829658508301,0.7319343030452728,0.105722576379776,0.3360183209180832,2.2769912242889405,0.064310397952795,0.0523078702390193,930.0141784667968,3065.26474609375,920.5967895507812,295.34075317382815,203.79041595458983,288.00128479003905,4.121207857131958,5.78870701789856,20.532524490356444,79.10868682861329,1.359427535533905,1.302480256557465,513.1090143203735,1239.609582580626,2303.1668979267706,0.7131020417902618,1334.1250337898732,283.8134125329554,18.10555717498064,17.73063771724701,1.3942650297656656
338.31325615905223,70.318951632455,10.249934349674731,2.9697716176509856,0.5081452646991238,42.82650718688965,68.3809211730957,25.28360862731933,11.472152042388917,10.776653957366944,4.569436168670654,0.7047613024711609,0.0972262352705001,0.3180748075246811,2.520824599266052,0.0695067159831523,0.0473786350339651,1048.241125488281,3669.80830078125,967.5529235839844,300.73374633789064,218.4218597412109,285.2884918212891,4.116588592529297,5.345541286468506,19.012130737304688,100.68492126464844,1.5578423380851745,1.1226604580879211,520.8139237880707,1267.7706139594316,2360.08476859277,0.6968391654081643,1336.9287130087614,284.02306540757417,17.951450739055872,17.712824940681458,1.3940096823964268
331.57836888860913,68.43674831781536,10.495370394084604,3.071542647480965,0.4418503806518856,45.32084312438965,69.34919967651368,24.862353324890137,10.578667545318604,10.61823797225952,4.643170356750488,0.6828428983688355,0.0982464633882045,0.3225338727235794,2.431353449821472,0.0646158672869205,0.0486248396337032,1089.4723876953126,3106.9184814453124,952.718389892578,276.95801696777346,176.97278747558593,296.47535705566406,4.112744331359863,5.380340671539306,19.756873512268065,98.8963851928711,1.3250472664833068,1.2026419043540957,515.2112671375274,1270.2117379441856,2451.0341193684435,0.7223109473939985,1341.3760304145517,278.9339988604188,17.992995908111332,17.73557378053665,1.3852255571167915
317.1889671873301,73.28371212184429,10.280525788944214,2.267871677875519,0.5172899163386319,43.22390670776368,70.08243103027344,26.114166450500488,11.445952224731446,10.909378623962402,4.388398551940918,0.7098898649215698,0.0962778232991695,0.3324611186981201,2.345930504798889,0.0640687450766563,0.0516656368970871,979.1367614746092,4068.54267578125,1000.7207397460936,310.7931213378906,192.310400390625,269.0586639404297,4.117559719085693,5.274248123168945,19.988465309143063,79.87911224365234,1.4419007778167725,1.2837069630622864,514.3701794624328,1239.3659967973829,2272.064456738153,0.7441416413988918,1335.298565201461,283.97819403260945,18.02938662320376,17.679660737514496,1.393156300461851
324.6778516557068,78.52906215563416,10.31907340278849,2.961790235340595,0.5361053589964285,46.406592559814456,69.38998260498047,25.730748176574707,11.317505168914796,10.094489574432371,4.463242483139038,0.7275151014328003,0.1012591131031513,0.3272362112998962,2.4194260835647583,0.0651479072868824,0.0498059056699276,1076.5410766601562,4023.840283203125,987.0621032714844,320.8067626953125,193.57149505615237,272.8514678955078,4.1204057216644285,5.553664064407348,19.879423332214355,96.70188217163086,1.5027955412864684,1.233382761478424,514.9037024497986,1237.196775560081,2323.5600908655497,0.7540196367073804,1335.600876546651,284.27873772382736,17.876947950571775,17.645355892181396,1.3857802655082196
331.1525885151699,73.41804597489536,9.992622732371093,3.0495336413383485,0.4779200236778706,47.60216789245605,68.77399444580078,24.27524299621582,11.002066802978517,10.143119430541992,4.532493686676025,0.7209424793720245,0.0997479073703289,0.3237876564264297,2.413976621627808,0.06145073287189,0.049436667561531,1078.4144165039063,4603.98056640625,930.6261657714844,298.45429077148435,196.8739242553711,283.7291015625,4.119378900527954,5.444614267349243,19.31238574981689,97.91659088134766,1.3249210715293884,1.2302969932556151,515.1747905254364,1238.8829637870192,2282.7003681667848,0.8006007018033415,1338.49519938156,282.7814062952995,17.94718025997281,17.69669086933136,1.381638690060936
355.90280479900537,74.77914728280157,10.101043605990707,2.7702492266893386,0.5250230090052355,49.55788726806641,67.51192626953124,25.3795446395874,12.236615943908692,11.245222663879394,4.581260061264038,0.7009684085845947,0.102351026982069,0.3186038941144943,2.3502424240112303,0.0679462105035781,0.0301030186936259,1164.8909423828125,3389.02041015625,973.5124267578124,331.2499267578125,230.44437408447263,292.2304351806641,4.115893888473511,5.600182390213012,19.215113258361814,90.28097305297852,1.614675271511078,0.6808966875076294,518.8434016704559,1358.3778214633464,2567.173109956173,0.693592068227008,1339.600314372778,288.0159528650344,17.815553404390812,17.720968675613403,1.3898983818013222
320.81880501396955,72.38121979087592,10.283621005155146,3.141569033265114,0.5063269153120927,43.84916687011719,71.88172760009766,25.383617401123047,11.619818115234375,9.845527172088625,4.523309707641602,0.6940969824790955,0.095840610563755,0.3248188555240631,2.5749018907547,0.0694992698729038,0.0508639756590127,966.3754028320312,4980.466064453125,969.0807800292968,315.7805145263672,157.30773010253907,279.7804107666016,4.114776134490967,5.265169763565064,19.490452003479003,106.05279922485352,1.5420730471611024,1.276206135749817,514.7136236429214,1259.2682355478405,2396.374772743736,0.7949105797801167,1330.971504368633,281.05891476869584,17.956322160363197,17.732390666007994,1.3933175219222904
330.39701423142105,64.50393784753979,10.33434322150424,2.440998861193657,0.4736323863151483,47.59592399597168,66.834765625,25.907026290893555,10.854026317596436,9.76445245742798,4.567133665084839,0.6890967428684235,0.1023354738950729,0.3388890027999878,2.3710910081863403,0.0648098677396774,0.0475743003189563,1078.354931640625,3384.31005859375,994.3467407226562,273.81141052246096,163.1170883178711,281.4464874267578,4.113923072814941,5.587671375274658,20.593817138671877,84.38798141479492,1.3913090229034424,1.1373305320739746,512.4603099346161,1268.7185482040047,2411.733788168204,0.8328605877235532,1342.882455085963,277.82526915967463,18.048674738407136,17.717332816123964,1.3924857013858856
324.17103054020555,68.21561009213329,10.311412280332297,2.758208404481411,0.4683284972561523,44.63969459533691,67.05274124145508,24.946413040161133,11.30773344039917,10.61480951309204,4.658938646316528,0.69588303565979,0.1016591466963291,0.3126918882131576,2.492833971977234,0.0613937102258205,0.0466424901038408,1000.4259826660156,3281.7733154296875,956.412109375,289.26353454589844,229.45220794677732,287.5924987792969,4.115143299102783,5.545795011520386,19.023616981506347,95.31836318969728,1.317295348644257,1.0826616883277893,515.6279451847076,1265.2020719483494,2416.1304381728696,0.7739828635938466,1336.9710656262937,284.48957724124193,18.03678792268038,17.751038706302644,1.387641400564462
319.26262193471194,71.56250116676092,10.640391007438302,2.3480928003787995,0.5260304150986486,44.09512557983398,69.50895233154297,25.957161521911623,10.84392328262329,10.266804599761963,4.58765082359314,0.738890963792801,0.1019609168171882,0.32327019572258,2.382433557510376,0.0656573705375194,0.0489759303629398,991.0560607910156,3974.20234375,993.401513671875,286.9702178955078,219.82598571777345,290.3304748535156,4.122325658798218,5.603418254852295,19.756696128845213,82.74934158325195,1.4972053170204165,1.1640206694602966,514.417344713211,1238.4501572802662,2279.4044107806867,0.760499287955463,1338.3181998834011,283.7030286729336,18.080818209052087,17.730443143844603,1.3997128256596625
334.98326180111616,62.27202712669968,10.617747785337269,2.2695745527744293,0.4385834874759894,44.96533126831055,70.71681900024414,25.534268379211422,10.452133846282958,10.132245540618896,4.46427583694458,0.6905769109725952,0.0988807842135429,0.3212727874517441,2.2890952825546265,0.064955984801054,0.052162142470479,1072.72548828125,4913.640380859375,977.7491943359375,252.82762451171877,196.09424591064453,270.04771423339844,4.11419677734375,5.421789264678955,19.64857292175293,77.82133026123047,1.3161463856697082,1.3007184863090515,513.7224521636963,1255.0567557647823,2329.3649668846047,0.7476723819971085,1346.1975517489016,278.18026572465897,18.118479820340877,17.738749253749848,1.393342530843802
351.0054455159232,78.57830246444792,10.20222011199221,2.7160159930586816,0.522198692848906,50.01138420104981,67.09274291992188,23.69802474975586,11.568207168579102,9.95585870742798,4.441998958587647,0.7402764201164246,0.0960472755134105,0.3119663566350937,2.423535752296448,0.0693702332675457,0.04953776858747,1167.823486328125,3223.7607177734376,907.566943359375,325.47120666503906,198.99552154541016,283.2522735595703,4.122401237487793,5.259431219100952,19.002080154418945,92.80691375732422,1.5761159420013429,1.2330021858215332,517.50294008255,1321.5887490421533,2452.580187866552,0.7150253975298255,1335.5180364638568,285.14346306324006,17.75016954988241,17.43365533351898,1.3804098401218652
330.67331969188524,79.45997339356691,10.252778779435904,2.7368122398853303,0.4599559061403852,42.75698585510254,71.9574188232422,25.59000396728516,11.512911319732666,11.201664447784424,4.585532188415527,0.7126123249530792,0.1008419997990131,0.3092201173305511,2.466146731376648,0.0628712132573127,0.0494732245802879,1021.6432678222656,4723.42333984375,982.7684631347656,324.51392517089846,229.11439208984376,289.7836303710937,4.117966842651367,5.522971200942993,18.6986515045166,94.14548568725586,1.3228960156440734,1.241931140422821,520.77653465271,1309.482445010543,2429.7663081296546,0.6868944774847477,1333.9640256244688,288.0181700669229,17.920760513097047,17.662635409832,1.37973079723306
308.0885987058282,76.72195771299303,10.429391871858387,2.276615536212921,0.5123889820417389,45.57500915527344,68.1011863708496,25.89345111846924,11.811155319213867,10.672319030761718,4.77854323387146,0.7317667484283448,0.1022116810083389,0.3157768487930298,2.186588811874389,0.064924369007349,0.049157715216279,987.3606323242188,4166.145263671875,992.2741455078124,326.92173461914064,208.11035919189453,299.60609741210936,4.121057224273682,5.614513349533081,19.13247146606445,74.78188095092773,1.4576135635375975,1.202765953540802,511.1891695022583,1243.455817589164,2209.0518935371656,0.7871569643262774,1333.987168289721,286.7801145389676,17.990816359966992,17.62778569459915,1.3910059920046478
332.0505155611783,64.74477003626525,10.473372134566308,3.066866545379162,0.4447489647543989,44.63609008789062,71.32023086547852,24.5185188293457,10.961504459381104,9.742506790161134,4.6143951416015625,0.7248245775699615,0.1028197430074215,0.3391280025243759,2.480344128608704,0.0625097699463367,0.0522196538746356,1031.9098266601563,4009.6487548828127,933.873663330078,276.4886749267578,170.10510864257813,282.6222778320313,4.12007098197937,5.640664148330688,20.611492156982425,100.68374557495116,1.2843276858329773,1.2889735460281373,515.2763165473938,1298.6972071424127,2473.008929440542,0.7855673908721655,1339.7032901138068,278.7097903773189,18.0398106880486,17.77286478281021,1.3860469729173928
329.78971091918646,66.9570067178458,10.422915892582386,3.1106195941567423,0.4506792322034016,47.21667823791504,73.24475479125977,25.0059513092041,11.011520671844483,9.92460355758667,4.604273319244385,0.6803497612476349,0.1059002190828323,0.3123587161302567,2.4447293281555176,0.0604385994374752,0.0490762293338775,1075.6697143554688,5124.52197265625,958.8412475585938,285.6233642578125,158.1805435180664,286.2758331298828,4.112271308898926,5.800067281723022,19.05561828613281,100.15852737426758,1.2555848360061646,1.20800883769989,513.8508145093917,1293.159013146162,2495.347962375311,0.7895606386475265,1340.1060894474388,278.056486825645,17.97714404836297,17.72946227788925,1.3804461350664496
345.65225003808735,61.42345936335623,10.264119589794428,2.9477498188614843,0.4715398028492927,46.96786346435547,69.91959075927734,25.52896499633789,11.188399124145509,11.056406497955322,4.795902919769287,0.7248283863067627,0.1046010889112949,0.3222578227519989,2.428541660308838,0.0639864243566989,0.0464756876230239,1114.6833862304688,4276.68115234375,972.2024536132812,264.7132690429688,230.80867462158204,305.06134033203125,4.120070695877075,5.740734004974366,19.288965034484864,96.50652313232422,1.373957061767578,1.0996559262275696,515.576458644867,1246.9320112124085,2357.5954297814983,0.803535325312987,1344.133460010588,281.0726747408509,18.02139562815428,17.74223268032074,1.3893296158406885
346.7574038753286,67.29715128839015,10.600711393542587,2.572661983966827,0.5128088259254582,43.09453125,71.17172470092774,25.588198280334478,10.743411254882812,10.315370559692385,4.290919542312622,0.6856243550777436,0.0978585325181484,0.3361439198255539,2.27386794090271,0.065246345847845,0.0494630876928567,1062.4408569335938,5070.7654296875,977.1980773925782,278.7855499267578,171.50908813476562,265.4923736572265,4.113288259506225,5.373754692077637,20.547371673583985,83.55778274536132,1.4589872121810914,1.230111837387085,520.1410546302795,1306.0344822764396,2425.3031367336107,0.6911423016805202,1342.494755282253,278.94617467820643,18.046648555994032,17.71385153532028,1.3957894019549713
312.5262992553413,66.36038859337569,10.588797498866915,2.5383863747119904,0.470375245809555,44.46040420532226,66.44525527954102,24.163797760009764,10.722339630126951,9.626827049255372,4.516642713546753,0.7028125047683715,0.0973007671535015,0.3242732763290405,2.366502833366394,0.0649054326117038,0.0495938241481781,961.8428466796876,3872.0296875,922.4159362792968,275.5578979492187,157.13247528076172,287.8780975341797,4.116362142562866,5.350967979431152,19.65598754882813,86.08275146484375,1.390513253211975,1.1498549461364749,511.0049698352814,1242.2309392854572,2212.700657012756,0.8020711351186037,1337.9323191389442,278.0300569944084,18.11926577538252,17.773904812335967,1.397242864500731
328.86932503059506,63.184645565226674,10.159635999053716,2.918296553194523,0.5277259054011665,45.68096504211426,71.1787940979004,24.84147071838379,10.576685523986816,9.992716312408447,4.451245307922363,0.7190391421318054,0.0984531842172145,0.3072723597288131,2.426620268821716,0.0694328933954238,0.0488580226898193,1063.5978271484375,3729.0394287109375,952.4335998535156,258.14275512695315,202.37625885009768,273.97613525390625,4.11912727355957,5.371704626083374,18.43232517242432,95.7658676147461,1.5849280118942262,1.1528576016426086,515.3819583415985,1264.0746023327113,2396.543893944676,0.7592326045036316,1343.334954804927,279.02149575203657,18.07418444380164,17.779958593845368,1.4039856053423136
322.6601390728727,61.04493534844369,10.265977305639534,2.456503427028656,0.4560518451151438,45.65973167419433,71.21440353393555,26.37430820465088,10.720566749572754,9.82348747253418,4.539393663406372,0.728291493654251,0.0954365789890289,0.3310670465230941,2.3934850454330445,0.0606677718460559,0.0514329843223094,1001.67333984375,4860.0982421875,1009.0328979492188,259.05951232910155,154.80903015136718,289.7414947509766,4.120643138885498,5.222842073440551,19.797105598449708,85.31835403442383,1.2639134049415588,1.2611984014511108,510.2393188714981,1245.885707642138,2243.923267835024,0.8684137707110494,1341.9316450044512,276.1291036218405,18.140567438304423,17.78375909328461,1.3917884725611658
324.1341752313077,64.19077765718103,10.318168718460948,2.5371362909674646,0.5040835018036887,47.502679443359376,69.08324966430663,24.939690017700197,11.077121543884278,9.974436950683591,4.73032250404358,0.6789205193519592,0.1007711216807365,0.3384468287229538,2.260701322555542,0.0659954607486724,0.0510166600346565,1059.0924682617188,5071.97275390625,951.3460571289064,274.4888641357422,190.24471740722657,299.3837432861328,4.112031507492065,5.533231544494629,20.24879112243652,82.36777420043946,1.468467390537262,1.2165965795516969,510.5031280517578,1243.0634058460594,2214.057354227698,0.8328535817097873,1342.524330678582,279.9124823823571,18.06314509809017,17.719943010807036,1.3974516314454375
326.8825901767239,63.06280740424991,10.259070766158402,2.6865627601742745,0.4459782450634521,47.22508850097656,67.01303100585938,24.747905921936034,11.126523876190186,10.12765293121338,4.286939668655395,0.7396738648414611,0.1007544070482254,0.332741379737854,2.2861664056777955,0.0639767095446586,0.0483047444373369,1052.5304077148437,4476.99892578125,947.913311767578,270.3332763671875,211.3015594482422,264.8982879638672,4.122449827194214,5.500837326049805,20.08997840881348,86.12383880615235,1.316391682624817,1.1926841139793396,513.2239971876145,1237.559679055214,2186.439050073136,0.8149198787286878,1342.3773804567754,280.86731230169534,18.074595848470928,17.739442551136015,1.390111631876789
339.1324491938576,63.10415959898383,10.522091844305397,2.2835961282253265,0.4916829428402707,43.49963874816895,65.22319793701172,24.7453727722168,10.34306755065918,10.61447286605835,4.723304033279419,0.6938323199748992,0.0988187029957771,0.3159037411212921,2.1615482568740845,0.0673768833279609,0.0490699343383312,1062.6209350585937,2928.5849609375,944.0093994140624,250.98709869384768,202.1330825805664,296.39678955078125,4.114783906936646,5.425969505310059,19.103189086914064,73.78333129882813,1.4639310121536255,1.2234309315681458,516.5824105739594,1284.6031424880027,2491.3865123222467,0.6943987111095339,1345.8994240507484,278.69908290058373,18.1382923014462,17.73733253479004,1.4024467825656757
316.2695277446881,68.68579359650612,10.33939751572907,2.8487364634871484,0.5104470817022957,43.790543746948245,66.79059524536133,25.99489345550537,10.710127353668211,10.515432357788086,4.6917901039123535,0.7076074481010437,0.0972144372761249,0.3190956354141235,2.417703938484192,0.0695590130984783,0.0471104074269533,966.84453125,4494.07421875,991.7536926269532,275.9583801269531,224.37664489746092,291.11046142578124,4.117174768447876,5.320950269699097,19.22829780578613,94.07370529174804,1.5598759531974793,1.0948322772979735,512.3394293308259,1256.451668535173,2417.4704873134497,0.7745112292934209,1337.5319673635065,282.9496128499508,18.09797549918294,17.791121661663055,1.404514314979315
329.0196040441282,67.907983610034,10.208561597950755,2.5502010330557825,0.5179166390968021,48.71548957824707,67.0430404663086,24.73877067565918,10.716366195678711,10.884165382385254,4.7134411334991455,0.7169827163219452,0.0963311351835727,0.3347318530082702,2.329724073410034,0.0693293251097202,0.0488802470266819,1110.492822265625,3120.94873046875,950.1545715332032,275.4115295410156,217.6322448730469,292.28746032714844,4.118778705596924,5.268939542770386,20.09767436981201,85.1956184387207,1.559858798980713,1.201551067829132,513.2598749160767,1239.8302893921732,2310.8090564684185,0.8465184511616826,1343.336800841987,281.9623113170266,18.023848742246628,17.700800132751464,1.399182634660974
312.4153498323634,63.23292671665549,10.271076181624084,2.8776759281754494,0.479738695040578,44.19774398803711,69.25927276611328,24.002438735961917,10.659443473815918,10.18424482345581,4.594257640838623,0.699051970243454,0.0991457805037498,0.3091066837310791,2.441124606132507,0.0626639209687709,0.0513316638767719,966.5309020996094,2961.923828125,918.8045471191406,261.37681884765624,196.6125274658203,277.42138671875,4.115707206726074,5.41330304145813,18.598298263549804,95.44800567626952,1.3438881158828735,1.2875342130661012,511.0865979909897,1247.99237729609,2267.500432726153,0.806472333939746,1338.5576106905935,279.54005389809606,18.133045901358127,17.819468367099763,1.3954994790954516
321.067054854706,62.85926574245095,10.361656717117876,2.77694578319788,0.4675760012120008,44.10259780883789,69.72506408691406,26.220897674560547,10.977208709716797,10.21958417892456,4.478917646408081,0.6808791279792785,0.1027884289622306,0.3194598972797394,2.377640390396118,0.0629896186292171,0.0515100859105587,979.63759765625,4756.682177734375,1003.9391052246094,272.3509918212891,161.7281921386719,273.1988494873047,4.112408113479614,5.646948909759521,19.108571815490723,91.1844482421875,1.340771222114563,1.2318973302841187,513.3204807043076,1240.1901164978742,2292.2808911097936,0.762442282307893,1338.824597327411,277.73478740751744,18.101759166270494,17.783019804954527,1.3934860625304282
281.9284576070769,74.11063111424446,11.150741041824222,3.1952219851315022,0.4933471196389291,33.07410736083985,1.2899394512176514,2.7125292456631203e-09,10.565623378753662,10.176301860809328,3.920680594444275,0.6794219493865967,0.1033967092633247,0.3352072328329086,2.9475696325302123,0.0660892456769943,0.0300748240202665,958.373974609375,0.0277949068695306,8.2050375738163e-08,308.2282775878906,163.96509704589843,238.07949981689453,4.112027263641357,5.681139755249023,20.448935127258306,112.55450134277343,1.4741987228393554,0.7186011493206024,525.0569897174835,1549.7751534722745,3040.8974532862894,0.457382365304511,1372.4355111861964,289.56227847486736,18.73436935544014,20.64618185758591,1.4651761911227368
326.62254763767123,65.03344722166658,10.362056016921995,2.779636624455452,0.5481786191696301,44.78182334899903,69.86257858276367,26.07887458801269,10.921339511871338,10.232765674591064,4.419350624084473,0.6840349435806274,0.0992015749216079,0.3268340110778808,2.352178740501404,0.0677871532738208,0.0495816208422184,1016.8561767578124,4924.49658203125,998.6972045898438,277.4672912597656,161.60368804931642,277.2605895996094,4.112997055053711,5.430346822738647,19.756997108459476,90.3426124572754,1.569550061225891,1.2436237335205078,510.8313378095627,1245.1944427132607,2343.4947531612006,0.7921030583325773,1339.896294850111,277.95921483039854,18.06661114394665,17.755111873149872,1.4027645244263112
322.4288830406964,76.91611400544643,10.487710988149049,2.7422995939850807,0.4997900263988413,44.0675407409668,66.33970565795899,24.18008804321289,11.979927921295166,11.10496416091919,4.606154823303223,0.6819030821323395,0.0969065397977829,0.3400207996368408,2.326727223396301,0.0661298267543315,0.0504108007997274,1031.9326049804688,3754.8483154296873,921.7604675292968,329.7757690429688,230.38368377685543,294.9709808349609,4.112452793121338,5.321886396408081,20.793120765686037,89.0205795288086,1.465693747997284,1.2358606338500977,517.9078903675079,1291.9011078342796,2460.8997219614803,0.6872907415963709,1333.9165554344654,288.1149170801044,17.906066606193782,17.63393164873123,1.3860784524586052
313.4305289896205,78.43911785446107,10.299978787545117,3.014202645421028,0.5198963022208772,44.38690795898437,66.1690803527832,24.61737899780273,11.432697772979736,10.339318656921389,4.631496906280518,0.6852112829685211,0.1023127846419811,0.3388146340847015,2.440485978126526,0.0688838638365268,0.0478992316871881,975.6246887207031,3498.0874755859377,943.9180114746092,322.4560089111328,191.7186508178711,295.1087982177734,4.1131178855896,5.607719898223877,20.480152320861816,98.34171981811524,1.5541897773742677,1.1934422731399537,515.1915474891663,1237.420917415619,2241.3637131833066,0.7757141075562686,1331.2645706743,285.2206327445805,17.949902001023293,17.698857009410858,1.3934927348047494
345.1333047516644,73.33586279861629,10.344289082847537,3.0785888493061067,0.4995571637293324,49.95078468322754,62.815202713012695,24.807976722717285,12.142133045196534,10.045252799987791,4.409708023071289,0.6811160802841186,0.0987184561789035,0.311933159828186,2.645626044273377,0.0651504158973693,0.0451484601944685,1126.9635864257812,3429.451538085937,945.3890686035156,329.9321807861328,173.06476593017578,275.6059875488281,4.112306547164917,5.421540403366089,19.104745864868164,108.63245086669922,1.4531757950782775,1.09155011177063,516.9175593852997,1280.990151081979,2394.336605904845,0.769813493033871,1332.029780271649,282.9714095264673,17.710258842259645,17.470524036884306,1.3720439436845482
327.69381626937536,78.36264195609837,10.090879778936506,2.256971782445908,0.4648050287389196,47.92791557312012,70.65911712646485,24.662729263305664,11.592347335815427,10.693348789215088,4.626226329803467,0.705454421043396,0.1003623828291893,0.3285887539386749,2.157656669616699,0.0639159195125103,0.0493752878159284,1087.4944580078125,4864.482568359375,944.278546142578,324.1152404785156,219.0006134033203,295.6217468261719,4.116628551483155,5.489940357208252,19.67821388244629,73.52273864746094,1.365520215034485,1.1653346300125125,515.2477793216706,1243.3285176858303,2310.74603329766,0.789632738288492,1337.976005089283,287.1139242172241,17.922252485156058,17.579288411140443,1.3819464132189752
316.9457083519548,64.31002700030804,10.508672386407852,3.158782348036766,0.486511513259029,46.34001426696777,67.37919158935547,25.45009651184082,10.358117294311525,10.533249568939208,4.32092056274414,0.7418719470500946,0.0989993080496788,0.3144189119338989,2.628152942657471,0.0672207981348037,0.0517782565206289,1031.040673828125,3220.805053710937,975.7881408691406,256.6556823730469,200.20665588378907,273.28859558105466,4.1227960109710695,5.412753963470459,19.26945514678955,108.26341247558594,1.45564044713974,1.285785675048828,510.147532749176,1247.4030021503568,2179.832191703614,0.8306581501383334,1340.8354879535734,278.52657886743543,18.074148062244056,17.823348355293273,1.3969810130307452
336.9999093301594,67.14406656697392,10.511882724426687,3.23647763133049,0.4372793526970781,44.5849235534668,70.54602279663087,25.46634407043457,11.183789157867432,10.989028930664062,4.345246315002441,0.7307096123695374,0.0977603606879711,0.3285458326339722,2.583523893356323,0.0637653857469558,0.0472502652555704,1078.2882446289063,3834.712646484375,970.6566955566408,285.0283233642578,218.29950408935548,272.2247009277344,4.120971918106079,5.37074728012085,20.058782386779782,108.12363967895509,1.3042181253433227,1.1467853903770446,516.1853590965271,1277.125769108534,2430.5611880538404,0.7360866105183959,1339.2222979694604,282.4555222377181,17.95647151991725,17.741822874546052,1.3812852122355253
338.3697893410921,70.5177851445973,10.270592562109233,3.036415863037109,0.5428062124701682,42.49173202514648,66.16634674072266,23.92246856689453,11.746662902832032,9.918471336364746,4.69497275352478,0.7209409594535827,0.0976738043129444,0.3181172430515289,2.5867687463760376,0.0658622317016124,0.0485784038901329,1038.871179199219,3106.0623779296875,911.478741455078,313.3967712402344,163.7939453125,289.2900695800781,4.119350528717041,5.368396949768067,19.115421867370607,104.66176834106446,1.5266722202301026,1.210411286354065,521.3146120548248,1304.8695924907922,2413.593909550924,0.6711689265910536,1334.251346990466,281.0591621339321,17.909372383356093,17.69740252494812,1.3891471925657242
341.3645558807999,62.44372818917036,10.691829701326787,2.497679990530014,0.5304503820254467,45.75406494140625,70.8640251159668,26.200608253479004,10.490058994293213,9.754749393463134,4.608927297592163,0.6873566508293152,0.1087204687297344,0.3182169288396835,2.22622287273407,0.0693789035081863,0.0518004149198532,1073.4381591796875,5112.98388671875,999.2481079101562,257.3992584228516,162.51495666503905,291.1914978027344,4.113610696792603,5.97405424118042,19.49379940032959,80.29392852783204,1.582444179058075,1.2492875933647156,516.5610592365265,1290.1853637292982,2510.682220842008,0.7724168824963271,1345.4431137636304,276.28794411793353,18.10206066146493,17.74015498161316,1.4060810132417827
313.50836087353525,64.08108408637345,10.362762626539917,2.8099188566207887,0.4829132686019875,44.403388595581056,67.0615852355957,24.2436882019043,10.31569471359253,9.855599308013916,4.593710088729859,0.6997416257858277,0.0970096997916698,0.3415372252464294,2.3792651176452635,0.0618389621376991,0.0479911509901285,988.9995910644532,3864.8164306640624,925.9805908203124,257.84205322265626,171.50518188476562,280.38380126953126,4.115798902511597,5.294601440429688,20.704520797729494,91.8023910522461,1.3469076037406922,1.1132783532142638,511.3814900159836,1246.9330082550646,2377.104354286438,0.7740531018003821,1341.0211875028908,277.2779398649931,18.135448744893075,17.807272064685822,1.3958420996554195
304.6686985760927,69.54357132166624,10.384456836804748,2.662447144091129,0.5068863741820678,46.357751083374026,68.46318435668945,23.984865188598636,10.815568447113035,10.166295051574709,4.634749698638916,0.6850948631763458,0.1002488732337951,0.3152038991451263,2.3586775064468384,0.0688662692904472,0.0505456011742353,992.2713073730469,3635.858447265625,913.2885986328124,284.8380645751953,177.65021820068358,295.3676147460937,4.113192558288574,5.479960346221924,19.14729995727539,88.35392684936524,1.5312814354896545,1.2263011813163758,507.69896671772005,1243.7214884608984,2277.405367838236,0.855302948737517,1337.8959944471717,280.49565646350385,18.069096514582636,17.74819301366806,1.4011226727161556
346.1308203347027,77.848592595011,10.402258623670786,3.005752369761467,0.4579837816185318,49.00483856201172,67.44651718139649,25.198596000671387,11.736674880981443,10.386685371398926,4.687326192855835,0.6883998334407806,0.0980390138924121,0.3245313584804535,2.572876143455505,0.0604610931128263,0.0464876983314752,1121.2449096679688,3688.439697265625,960.509307861328,327.27720947265624,212.9033889770508,296.86936950683594,4.113644123077393,5.390819311141968,19.859156608581543,104.23983993530274,1.2830226063728332,1.1227870464324952,518.3816673278809,1275.0116949528456,2347.118407680682,0.7487988403532654,1332.974506907165,286.1431012161076,17.74847350679338,17.47451949119568,1.365820997254923
309.125776495412,70.57623969875276,10.53240757100284,2.877561356127262,0.5160839430405758,43.12732467651367,67.6673698425293,25.81448173522949,11.03021593093872,10.995139789581298,4.53065791130066,0.6921995162963868,0.1038104303181171,0.3215190082788467,2.5348762035369874,0.0706224136054515,0.0512088518589735,938.8670288085938,3627.611450195313,986.357489013672,290.21051330566405,217.08494262695316,284.50685119628906,4.114468193054199,5.688018703460694,19.644671058654787,99.21055068969729,1.581012201309204,1.268714189529419,510.6985143661499,1246.8583453714848,2321.72988776121,0.7726582350675016,1333.428437383473,283.77838064432143,18.06522192955017,17.786570715904237,1.4032258343417197
344.46856771390884,79.05848682485521,10.621229586843402,2.524874205200468,0.5282624746323563,44.35978393554687,62.88295936584473,17.59726219177246,11.414316082000733,10.740138721466064,4.10026650428772,0.7149216413497925,0.1040651991963386,0.3198456615209579,2.5723748207092285,0.0662929452955722,0.0284953538328409,1143.6416748046877,3798.26494140625,674.5739624023438,338.66334533691406,225.28688354492184,254.5990112304688,4.118310737609863,5.690331077575683,19.27037982940674,85.71025009155274,1.542511475086212,0.6556318283081055,521.9405893802643,1437.493510237336,2632.917264883255,0.6081837615929544,1379.7234743110837,296.6300814256072,18.51458467319608,20.420446038246155,1.4545097151771187
338.6939914494753,70.3700056347996,10.529182821232826,2.8487137869000434,0.513517974712886,46.90633811950684,70.11556777954101,24.748608779907222,11.20823631286621,9.800771713256836,4.75518012046814,0.6854744911193847,0.096813990920782,0.3397267043590545,2.4281134605407715,0.0693951688706874,0.048784901946783,1125.3578857421876,3484.4520263671875,945.9306701660156,298.5203491210938,168.07100677490234,298.142822265625,4.1131682872772215,5.32426552772522,20.76310558319092,94.86226043701171,1.5637004017829894,1.1719304323196411,514.8033047676087,1283.456587612629,2383.0440024653567,0.7621573670767248,1340.0502952866257,280.0839173525572,17.911877712607385,17.6653111577034,1.3917256790213286
337.6889124184847,69.66109914928674,10.211831308435649,3.215165147185325,0.49704498842475,46.72337760925293,67.1377555847168,25.45687503814697,10.917927360534668,10.163629150390625,4.493607997894287,0.702098548412323,0.1033356912434101,0.3061509042978286,2.5487639904022217,0.0667158603668212,0.0523187216371297,1120.3369140625,3961.890698242188,973.354541015625,287.1484375,195.29889068603515,279.9005126953125,4.116152763366699,5.6528425216674805,18.508503341674803,106.38201522827148,1.468925952911377,1.3062081813812256,517.9791844844818,1294.903287294507,2507.7817555718416,0.729277607658878,1340.3908294968307,280.94844215363264,17.920550960302354,17.713048768043517,1.3873353122966363
328.3220132060349,64.82523351870478,10.479640610236675,2.715973098576069,0.4699242494825739,45.00675315856934,69.27363052368165,23.91299057006836,11.115813159942627,10.087133884429932,4.480271339416504,0.7367146015167236,0.101486051082611,0.3414562851190567,2.4682599544525146,0.06300675496459,0.0475834626704454,1030.358935546875,4674.9439453125,918.53271484375,281.4595062255859,162.69721527099608,278.4730987548828,4.121983289718628,5.561617422103882,20.80982799530029,93.54263229370116,1.3421977639198304,1.16998233795166,511.9998331069946,1276.7378154143692,2469.528558773105,0.7723342812620103,1339.7986216995864,278.4556833803654,18.044337859749795,17.747832775115967,1.3892836454091593
323.95073980391027,63.619084294140336,10.451025227457285,2.782333645224571,0.4456808027694933,43.54535179138183,69.117822265625,26.054785346984865,10.397243118286132,10.561870098114014,4.574002981185913,0.7385819315910339,0.0970156960189342,0.3164146423339843,2.4163801670074463,0.0630387850105762,0.049295887351036,1000.9862487792968,5113.61103515625,991.2769287109376,259.601513671875,171.27006988525392,277.070068359375,4.122284412384033,5.297482109069824,19.308793830871583,92.7189926147461,1.2996020913124084,1.1863155364990234,512.198324728012,1263.7065707430245,2437.949087588925,0.7475562439765782,1341.4349908962845,277.1562411755324,18.122865390777587,17.800352561473847,1.392449813755229
335.98934334889054,74.68538169823587,10.10320245102048,2.5993087589740758,0.4795743179856799,43.75601501464844,68.41384582519531,25.756092262268066,11.626879978179932,11.0054931640625,4.660016536712647,0.6931285202503205,0.0988437734544277,0.33131043612957,2.273505067825317,0.0666190885007381,0.0507315170019865,1048.6329833984375,4375.461865234375,986.4805541992188,316.4653594970703,213.6879913330078,295.9906066894531,4.114530849456787,5.3975273132324215,19.905500602722167,84.2609748840332,1.4442846536636351,1.2126288056373595,518.7947153568268,1260.4155102416871,2354.850541191688,0.705307094193995,1336.796994855255,285.7743573129177,17.946112632751465,17.6431054353714,1.387878577550873
354.25892090443523,62.16860956605524,10.448341323807837,2.3060667499899865,0.5023830679594539,47.65448913574219,72.16527557373047,25.791580200195312,11.075587177276612,10.323924732208251,4.621777105331421,0.6874899089336395,0.0986504733562469,0.3421067327260971,2.1744433879852294,0.0670141696929931,0.0501283522695302,1151.2067749023438,5083.54150390625,988.4702514648436,272.23191833496094,158.76574096679687,294.23271484375,4.113626003265381,5.4177909851074215,20.71269359588623,74.89259490966796,1.4826037526130675,1.2363548874855042,516.5355872631073,1256.3475341826677,2347.9589366644445,0.8009144781623035,1346.349219866097,276.9506835579872,18.02060146853328,17.656074941158295,1.395025832252577
313.59450279176235,59.90122026391328,10.393888628669083,3.037648805975914,0.4512134973832872,47.355685806274415,69.38255004882812,25.95219993591309,10.809460353851318,9.710798740386965,4.500533103942871,0.7342438280582428,0.0992579817771911,0.3235197842121124,2.5403615713119505,0.0632184773683548,0.0475964546203613,1033.64658203125,2959.990625,995.2315368652344,256.43507995605466,168.27687072753906,278.6877166748047,4.121596813201904,5.4389509677886965,19.54758644104004,102.45044708251952,1.3089943528175354,1.1830292344093325,509.91402342319486,1194.6932602480051,2094.494507516915,0.8605929974932224,1341.1356848150492,276.4363796651363,18.084636496752506,17.80848845243454,1.3901169621385634
321.96582646816967,72.95442257784308,10.268963206931948,3.1557906359434127,0.4734238225966692,43.84324340820312,68.16515884399413,23.558561897277837,11.797059059143066,10.151144981384276,4.831754446029663,0.7319283306598663,0.0970823064446449,0.3156986832618713,2.658250331878662,0.0611407473683357,0.0473148077726364,983.8860534667969,3221.8839111328125,898.0674438476562,319.14117126464845,175.81136627197264,307.9407501220703,4.121154308319092,5.31286358833313,19.14342384338379,109.79172134399414,1.3265931010246277,1.090941071510315,513.1618016719818,1256.7111015826465,2366.6408815020286,0.7800839823670686,1330.527295987308,283.1423490814865,17.92529763430357,17.721160972118376,1.3798044104129077
341.2594843760133,73.6077042426914,10.512703855521975,2.1791292265057565,0.4825415164465084,42.69443283081055,69.0876075744629,24.535125923156738,11.5101713180542,10.322101593017578,4.376814937591552,0.728579843044281,0.0996249459683895,0.3432595103979111,2.3061379909515383,0.0639654226601123,0.049504592269659,1055.02470703125,3695.966259765625,933.8868347167968,312.8833038330078,187.19475250244145,273.6838134765625,4.120608186721801,5.475800848007202,20.91300048828125,76.7065658569336,1.3957666158676147,1.163347840309143,516.729830789566,1318.2755347117782,2462.732337541075,0.7129606805276125,1338.3612831562757,283.7154663041234,17.973863632977007,17.629881107807158,1.3870912931393833
318.3458311688155,58.29071190282703,10.345022221654654,3.027139148116112,0.5396480346913449,45.333174514770505,72.27005920410156,24.77154998779297,11.019401931762696,10.511534881591796,4.310759687423706,0.7273859858512879,0.097883404046297,0.3177249550819397,2.583703756332397,0.0695858776569366,0.0494695298373699,995.9507568359376,4404.532421875,944.3668151855468,255.66755065917968,172.1093948364258,267.6662536621094,4.1204907417297365,5.374702882766724,19.000596237182616,103.9087257385254,1.6007392048835754,1.2023892998695374,511.245836520195,1245.5366010412574,2211.683975540049,0.8428946233354508,1340.398652037978,276.72763805538415,18.11071388423443,17.834401929378508,1.4070272058714182
320.5191861310974,65.15946610346437,10.468178936932237,2.577271892130375,0.5213848949293606,43.99076881408691,70.00550537109375,24.721979904174805,10.961824512481687,10.926278018951416,4.670899343490601,0.690849244594574,0.1067753382027149,0.3331072479486465,2.42063045501709,0.066047628968954,0.0467476390302181,970.5320251464844,3801.17841796875,945.7432800292968,271.2770172119141,227.36915588378903,292.86314697265624,4.114242506027222,5.839947700500488,20.283378028869627,88.82216949462891,1.5015998601913452,1.0807163953781127,510.9518301963806,1242.016123946011,2170.802161228907,0.8211681881453842,1338.5314436279236,282.7115132704377,18.117451099306344,17.785102558135986,1.4028691116720438
332.0493359232321,62.76000252719969,10.351386081334203,2.576982195675373,0.5123862348031253,48.23309555053711,65.99616241455078,25.22192001342773,11.090618515014649,9.812101078033448,4.36652398109436,0.6921998083591461,0.0971082858741283,0.3250112742185592,2.4749735593795776,0.0671634800732135,0.0461714919656515,1107.2700317382812,3467.8603515625,966.2972412109376,272.51044311523435,169.89484558105468,278.57830810546875,4.114473724365235,5.325792121887207,19.605285835266116,91.00521545410156,1.5161922216415404,1.0652684330940247,515.9425743103027,1251.099279500544,2418.8156534293084,0.7945031568408012,1343.3002852588893,277.91144735515115,18.016122557222843,17.72036280632019,1.396515028644353
314.42907795757054,76.81633586809039,10.29923123791814,2.318982370197773,0.4510652595257852,44.84125671386719,64.80840759277343,26.083510971069337,11.581139183044431,10.473796558380126,4.882293844223023,0.7351418972015381,0.1022056795656681,0.3338242202997207,2.260482883453369,0.0637292101979255,0.051158931851387,1002.0074096679688,3361.54677734375,995.646026611328,322.1990264892578,193.44999237060543,310.21165161132814,4.121570205688476,5.594763994216919,20.20373115539551,78.1669692993164,1.326727032661438,1.2554665803909302,515.7349430084229,1251.103095947206,2408.562714256009,0.7485823267605156,1334.6873505562544,285.28580440729854,17.985877747088672,17.639610707759857,1.3841769239399582
314.6236978229135,62.72044465169311,10.340117048937827,2.789418143033981,0.4829432360245846,44.74088363647461,64.51243743896484,24.775004386901852,11.195743179321289,10.07400064468384,4.5241560459136965,0.6888269364833832,0.1001800172030925,0.3385409623384475,2.516511464118957,0.0622927378863096,0.0480322688817977,984.7153198242188,2920.532763671875,942.7917358398438,272.6482269287109,189.3845642089844,285.1575042724609,4.113876295089722,5.501792144775391,20.252733993530278,96.7207275390625,1.3556754350662232,1.1318276047706604,511.4341809511185,1242.253407919407,2263.5328053594976,0.8262936922255903,1337.653017489612,279.9593005262315,18.085880336165427,17.792622089385986,1.3930204869247973
323.40933381747453,76.27531863227486,10.342347812931983,2.64174235612154,0.5109255073592067,41.505104064941406,66.83225860595704,24.336849212646484,11.706878471374512,10.529642868041991,4.396052598953247,0.7395023584365845,0.0977390132844448,0.3349706530570984,2.4991400957107546,0.0635360561311245,0.0501814004033803,980.314990234375,4339.43095703125,931.472802734375,323.8440399169922,203.02032470703125,274.6793182373047,4.122336196899414,5.359512042999268,20.289306831359863,93.3798973083496,1.4267339825630188,1.2261704206466677,519.1428674697876,1287.070754498243,2465.6193651195963,0.6700934616383165,1332.4440703116356,285.6365612730384,17.95713945105672,17.682202303409575,1.387140461569652
325.9846985535696,78.02784409224986,10.275164447259158,2.679031939804554,0.5165968598914332,43.3045352935791,68.34219665527344,25.092293739318848,11.570482063293458,11.272856044769288,4.834744215011597,0.6812619805335999,0.0988202914595604,0.3071429163217544,2.286107063293457,0.0652459487318992,0.0476449981331825,1009.7478332519532,4954.468994140625,961.2199096679688,321.8326873779297,234.8604568481445,306.745849609375,4.112427234649658,5.404741334915161,18.613106155395503,86.21580581665039,1.47923743724823,1.1275457739830017,517.728697347641,1263.5123100414871,2419.986285963992,0.7173616072628647,1334.5529002927244,288.0630510345101,17.955498926341534,17.656862926483154,1.3901526839938014
314.99267799388616,70.76283341348172,10.355727834813298,2.66847664564848,0.466951804398559,47.88038063049317,69.48651504516602,24.513134574890135,11.722707271575928,10.653132915496826,4.707060623168945,0.691513592004776,0.1019211463630199,0.3128171592950821,2.279722571372986,0.0622752670198678,0.0492921229451894,1041.6619873046875,4371.01474609375,939.3683471679688,313.07765197753906,169.92513122558594,292.0208740234375,4.114310312271118,5.56224946975708,19.16813678741455,85.77444763183594,1.321087372303009,1.2376424551010132,508.0255673646927,1227.6560830891133,2142.43913879717,0.8868227355647832,1336.5573014982044,281.8255328088999,17.96020370349288,17.6573082447052,1.382422232395038
329.9232689661905,64.63446890451014,10.66116095315665,2.2538035348057748,0.4918354828376323,42.66041107177735,71.2081085205078,24.901849937438964,10.329483795166016,9.698153400421145,4.339160060882568,0.7234816431999207,0.1020628072321414,0.3273171156644821,2.354438376426697,0.0673162341117858,0.0496951133012771,1005.8391662597656,4976.43251953125,952.8437316894532,261.1355743408203,161.30184478759764,265.3885162353516,4.1198407173156735,5.601691389083863,20.01762237548828,79.61776351928711,1.470642352104187,1.1945931315422058,515.9123394012452,1238.8200235724448,2334.8146891725714,0.7231910196598619,1342.530324896425,276.528066842258,18.14256103336811,17.763408541679382,1.4029261513147504
329.92579748220743,68.72254100553691,10.319836567342282,2.8372290670871734,0.477628214797005,44.31657180786133,69.00249557495117,25.282828521728515,10.947437477111816,9.754347038269042,4.533775329589844,0.6824366986751557,0.0965366952121257,0.3387301653623581,2.516777348518372,0.0642415255308151,0.0478641647845506,1053.4087036132812,4239.032421875,967.2703308105469,289.4705749511719,157.1753372192383,275.4588562011719,4.112611627578735,5.270931243896484,20.633308982849123,97.895458984375,1.385717940330505,1.1639994978904724,516.9498590946198,1258.6453416854142,2420.385495638696,0.7043250853195786,1339.0992764048278,278.2358531922102,17.986464213579893,17.727270042896272,1.3877805713098497
328.3075828757137,65.39372314289213,10.532037419267,2.863714246451855,0.4977989420178346,46.749542236328125,67.36021118164062,24.091323471069337,11.34238510131836,10.47540512084961,4.359435558319092,0.7198995649814606,0.1054363660514354,0.3306577801704407,2.525246596336365,0.0631016485393047,0.0492151126265525,1086.0291625976563,3001.535693359375,925.3942321777344,285.1662841796875,197.63184967041016,275.89771728515626,4.119131088256836,5.790327548980713,20.215021514892577,98.77186126708985,1.4064018607139588,1.131974458694458,515.4868485689163,1236.6515007331968,2278.397198420839,0.7652090988587588,1339.813956898451,280.8389086961746,17.975444666296244,17.72047699689865,1.3877615239005536
342.644469983317,63.82037835270167,10.34447605777532,2.7572808146476744,0.4727441759547218,44.97348861694336,70.27303314208984,24.032435417175293,10.274280738830566,10.113292789459228,4.472660207748413,0.6864236056804657,0.1035288028419017,0.3221042811870575,2.505788207054138,0.0622460789978504,0.0510672427713871,1078.8887084960938,5129.39013671875,919.0954040527344,257.4149108886719,161.3807144165039,278.3763946533203,4.113437652587891,5.670437097549439,19.42874794006348,95.7249855041504,1.3292966723442077,1.2620159268379212,516.2471009254456,1304.692314298451,2535.7775735637056,0.7464985964819789,1344.3452998884022,275.8746670618653,18.06313546523452,17.77302497625351,1.39015085704159
327.0922811374068,62.514351521804926,10.251739536505193,3.326719895005226,0.505529654410202,44.79197692871094,70.46405715942383,26.09410705566406,10.963212490081789,10.398011302947998,4.7422380447387695,0.6881591737270355,0.1002516128122806,0.3281918734312057,2.5604016542434693,0.0640067562460899,0.0463441621512174,1022.7964233398436,3635.092602539063,999.0036315917968,264.71021728515626,208.55696563720704,298.49486083984374,4.11375093460083,5.493147516250611,19.649246788024904,108.52904052734377,1.4318877100944518,1.0858229041099547,513.2502484560013,1241.1167187944054,2258.914439372608,0.7832923012319952,1339.6762771241367,280.1183330588043,18.052117916941643,17.81249568462372,1.3944685626775026
321.86311027295886,69.85434808209538,10.263229778315871,2.80061005204916,0.5182857568492182,46.71529922485352,71.56904907226563,24.968441009521484,11.184645652770996,10.881515979766846,4.698656558990479,0.7213981568813324,0.0976452685892581,0.3340311795473099,2.482788681983948,0.0669071361422538,0.0492707435041666,1026.7700439453124,5035.81982421875,949.9126586914062,291.9030456542969,219.8612289428711,293.3597106933594,4.119502067565918,5.365990495681762,19.934864807128907,95.83113708496094,1.513182032108307,1.182536780834198,511.9894253730774,1246.502995890379,2329.289236584038,0.8073818884324282,1337.9347505882383,283.9722809106112,18.01184454858303,17.73456326723099,1.3958502288442105
323.0546624677256,62.08311142306775,10.340929588861764,2.404630586504936,0.4582114460295997,44.353865432739255,74.64091796875,24.17494316101074,11.069722747802734,10.332539749145509,4.581133270263672,0.7364005506038666,0.1000024251639843,0.340622541308403,2.3810520648956297,0.0632446371018886,0.0494286976754665,991.7113220214844,5311.894287109375,924.5139465332032,269.6818511962891,170.99906463623046,291.34730834960936,4.121906661987305,5.496049547195435,20.309478187561037,83.82644577026367,1.320534360408783,1.2313974142074584,510.9185128688813,1250.1357055783271,2382.538236708875,0.7999186279252172,1340.3739521056414,278.38386870473624,18.12257874459028,17.765282249450685,1.3936228276696057
351.43721126131715,77.9634350830689,10.741581860650331,3.802900069206953,0.5652220611227676,45.0291316986084,65.0483497619629,16.545947265625,11.15085506439209,10.181923389434814,4.089750623703003,0.6816438376903534,0.1068275243043899,0.3245485216379166,2.888648247718811,0.0676940344274044,0.0294978015124797,1164.5335571289063,3123.1864501953123,632.4689514160157,332.5333587646484,185.5903732299805,255.6392288208008,4.112430620193481,5.852253580093384,19.79099292755127,122.1970443725586,1.6235806107521058,0.7387266874313354,523.1144257545471,1417.4363820657134,2636.8077154870493,0.6235702932812274,1376.5659112852068,291.9645945623517,18.37516354247928,20.47242650985718,1.4498671934008598
327.2876639809459,70.60012608394027,10.380122235044835,2.407016856968403,0.5351222304685507,45.66106185913086,69.27253494262695,24.527887916564943,11.052647113800049,10.445674419403076,4.698340940475464,0.6786576688289643,0.0971317157149314,0.3203066140413284,2.3215989589691164,0.0689553633332252,0.0508173525333404,1038.07802734375,4203.388623046875,938.1104675292968,292.0213592529297,194.7406799316406,299.5190734863281,4.111969041824341,5.301991605758667,19.551233100891118,81.97714462280274,1.577924370765686,1.2618525624275208,512.9146669149399,1273.4990699887276,2395.832310224604,0.7996964239981026,1339.77972304672,282.5157728984952,18.03387197256088,17.6979621887207,1.4010241428157315
326.7052045907825,66.86795341614634,10.5556219952181,2.6386969700455665,0.4613424954819493,41.65678520202637,69.07391662597657,25.615277099609376,10.51796579360962,9.736253261566162,4.377259969711304,0.7317898273468018,0.0973701193928718,0.318451777100563,2.4095272064208983,0.0640664428472519,0.048328572884202,982.8933166503906,5032.5,981.1797485351562,271.6608612060547,159.5358627319336,279.4405212402344,4.121206760406494,5.330285692214966,19.481246757507325,89.68016357421875,1.34495450258255,1.194783627986908,516.163290977478,1292.4982001870871,2510.8406531597548,0.6885473699774594,1339.621301627904,277.72197628319265,18.109136161208152,17.780513966083525,1.3940368998330086
322.571381203644,63.250428069010376,10.465294485911729,2.823118367791176,0.5512594410451129,48.14268531799316,72.47723159790038,24.87028388977051,11.281088542938232,10.57524299621582,4.42144284248352,0.7113282024860382,0.1020037695765495,0.3222887098789215,2.530726337432861,0.0670728124678134,0.051676758006215,1057.713427734375,5367.17421875,952.4094665527344,274.982666015625,215.07701873779297,274.62969360351565,4.117821836471558,5.584442234039306,19.677906608581544,98.05972213745116,1.5672072172164917,1.2522685408592225,509.3014974832535,1236.184194228053,2197.3495871842256,0.8738397075794637,1340.86997955963,281.3047436341643,18.030701281130312,17.757177662849426,1.3998839636798948
327.7440626464784,72.0939516980201,10.349983240384608,2.8269233450293543,0.5204479332198388,43.08163108825684,67.04396057128906,26.070708656311037,11.02112979888916,10.977788639068605,4.381446456909179,0.7246670603752137,0.1024196363985538,0.3391818195581436,2.382230806350708,0.0670776784420013,0.0485910199582576,1026.2132446289063,3163.06865234375,1000.9593933105468,295.37530517578125,208.0296859741211,272.006494140625,4.119998931884766,5.589492273330689,20.7208984375,92.50023727416992,1.517922294139862,1.18242803812027,517.1641652584076,1249.6129835411907,2341.9532182104595,0.7007491639815271,1337.578867781907,283.28787080347536,18.008524863049388,17.719147074222565,1.3958026479929686
342.2291309515014,68.06202029809356,10.36573180630803,2.3354188546538355,0.4937705467687919,45.04119148254394,69.27659225463867,26.17918281555176,11.526386737823486,10.158075332641602,4.603539752960205,0.6876120388507843,0.0997724242508411,0.3155420780181884,2.252205443382264,0.0683296993374824,0.0462574049830436,1092.3751220703125,4417.61376953125,1001.7535705566406,298.42470703125,182.39362030029295,287.2307922363281,4.113596200942993,5.443331098556518,19.335705947875976,78.21102142333984,1.5077019691467286,1.0857602596282958,517.6475526809693,1293.4314966097477,2378.523402382934,0.7039246083702893,1341.2602146729828,281.71236584931614,17.97910262607038,17.64388290643692,1.3935985180549324
313.66810862813145,72.18625505268574,10.507276841253042,2.3224599197506905,0.481837865622947,43.09140090942383,66.45363998413086,25.06781120300293,12.017727470397949,10.595438289642336,4.558794403076172,0.7043566703796387,0.1030481144785881,0.3321849852800369,2.3142406940460205,0.0682773351669311,0.0508194077759981,948.2232788085936,3581.6653076171874,956.4760314941408,321.85096740722656,187.42881774902344,284.1918212890625,4.116618967056274,5.658156538009644,20.218159866333007,80.0074089050293,1.4698436260223389,1.2726305961608886,511.41321849823,1240.910553687811,2210.1126307388245,0.7862399444915354,1331.904524382949,284.83455638736484,18.0194138109684,17.670703256130217,1.3939755777129903
343.78780375570057,58.644135017134246,10.4105174690485,2.2981645837426186,0.5111121653695591,49.04601211547852,69.59167098999023,25.63995742797852,10.978015327453614,9.53132677078247,4.665554761886597,0.6900390386581421,0.1051324993371963,0.3253060668706894,2.2336700439453123,0.0663239531219005,0.0484196655452251,1151.41748046875,3894.1962890625,981.4123229980468,257.69911193847656,152.04589233398437,296.8414459228516,4.114092826843262,5.7435215473175045,19.85108642578125,76.67874298095703,1.4874316692352294,1.157282721996307,511.7567581653595,1246.4551774799825,2318.2905809322256,0.8526962767820805,1347.7076869115233,275.0048264235258,18.054738925769925,17.686926507949828,1.397553602559492
321.45363059453666,62.520997559838,10.20929856756702,2.573511554300785,0.4335769893368706,44.44087944030762,69.24748382568359,25.05019302368164,10.466521739959717,9.95464630126953,4.752490520477295,0.7339354038238526,0.1047446995973587,0.3363416671752929,2.286350464820862,0.0634585000574588,0.047232262045145,1024.6712036132812,3225.1544189453125,959.8453002929688,253.55979766845704,185.7416778564453,303.28838806152345,4.121549510955811,5.725612735748291,20.091760063171385,83.84993972778321,1.2909023642539978,1.0944088578224185,510.25358641147614,1246.85743367821,2348.4232131969598,0.7855049370788038,1343.3610111162066,277.6495943032205,18.14222348108888,17.778478586673735,1.3934152035508305
323.503036586009,71.47796502634883,10.595458011515438,2.52940516024828,0.4886300331563689,46.53795890808105,66.51017303466797,24.60228729248047,11.224982929229736,10.838966751098631,4.389292621612549,0.7313203394412995,0.1012227721512317,0.3307235956192016,2.234639835357666,0.0638212218880653,0.0474611718207597,1070.8800903320312,3205.990087890625,940.0730224609376,296.2046600341797,231.85548400878903,274.3792785644531,4.121057462692261,5.563694667816162,20.236389923095704,81.41534881591797,1.3953946113586426,1.1528369426727294,512.9253700733185,1240.814112778008,2300.8442400375907,0.763417245214805,1340.001488140225,285.0068918198347,18.000719367712737,17.667926716804505,1.388948392495513
329.52007416989653,65.64723775591702,10.344697316456584,2.723900093138218,0.5287070206715725,47.10100059509277,73.63201141357422,24.95191307067871,11.016489028930664,10.600098133087158,4.7258076667785645,0.6917928755283356,0.0955842576920986,0.3134702831506729,2.3423847198486327,0.0661998197436332,0.0478882543742656,1080.626171875,4975.9734375,956.2611572265624,277.4183013916016,198.6714920043945,298.97381591796875,4.114408493041992,5.225339078903199,19.027243423461915,89.01203994750976,1.5096431732177735,1.1737675786018371,514.2486391067505,1258.1142615616322,2432.200659973314,0.7686338735744357,1342.4400137998164,280.7950342409313,18.026972635090356,17.72042851448059,1.3968952952418476
323.3474053731188,63.321836908534166,10.119473455566911,2.830074656009674,0.5181213426520117,46.467820739746095,67.78262176513672,23.98536434173584,10.325844955444335,9.612904167175293,4.422951936721802,0.7040750741958618,0.1035961493849754,0.3317346513271332,2.537555837631225,0.0677536718547344,0.0488701790571212,1026.04130859375,4282.020166015625,918.2702209472656,256.297021484375,164.1631317138672,273.2705017089844,4.116571569442749,5.64781346321106,19.84848823547363,98.30366592407226,1.5362107038497923,1.120315670967102,511.9342098236084,1245.8543228298429,2322.8962520433824,0.8145275412593037,1341.9575220927595,276.29909201562407,18.09848455116153,17.807259154319762,1.403192115901038
315.390404155571,74.00032374970615,10.457735776156188,2.769139729440212,0.4928546305862255,46.37153625488281,66.89554214477539,24.608912467956543,11.645844650268554,10.13250732421875,4.754173040390015,0.6786502957344055,0.1030914202332496,0.3144236445426941,2.4147082567214966,0.0655146352946758,0.0509492915123701,1034.19150390625,4295.55302734375,945.3396789550782,317.4585296630859,187.47116088867188,297.3589172363281,4.111920833587647,5.663602066040039,19.14192714691162,92.79929733276369,1.435440707206726,1.2727454900741575,511.9920001983643,1255.2473521485924,2437.6893564088214,0.7884230562951415,1335.0876866359265,283.76020760834217,17.933616391569377,17.668537700176238,1.386529478384182
335.5670108065009,61.28860841896385,10.41139159798622,2.396086883544922,0.5362377413606737,45.40769386291504,69.11394500732422,24.82908821105957,10.574357604980468,10.115903854370115,4.600677680969239,0.7224425137042999,0.1012737296521663,0.3330021202564239,2.20862889289856,0.0720982164144516,0.0507360473275184,1078.5068237304688,4316.84375,946.984619140625,254.05747833251957,176.35831451416016,289.05906066894534,4.119691371917725,5.544285488128662,20.152617835998534,77.67706069946288,1.6447901487350465,1.2639392614364624,515.0186785697937,1285.147079461813,2488.450581199059,0.7439145416487009,1346.2412265375256,277.00011160820725,18.11470240950585,17.735796785354616,1.409967106510885
304.1341873789206,62.72461197189987,10.465438393875957,3.13119381070137,0.5186727747204714,47.07606391906738,68.59652099609374,24.929884910583496,10.98332223892212,9.957698345184326,4.36413049697876,0.7342422485351563,0.101325387507677,0.3217669039964675,2.584452748298645,0.0652314633131027,0.0487484689801931,1005.5459777832032,3443.086181640625,957.3282775878906,268.50836181640625,179.54568939208986,278.9543762207031,4.121594905853272,5.544313621520996,19.636406326293944,106.0035385131836,1.4673813819885253,1.2151580452919006,507.6094456911087,1180.9512599125503,2065.697827192949,0.8849996379576623,1338.383094433695,278.3721995666623,18.063922565430403,17.807767605781557,1.3967678271699695
344.64238803945483,65.83324109129607,10.302482406888156,2.778727503120899,0.4698341060546226,45.14284744262695,65.80254898071288,25.867181968688964,11.342672634124757,9.910594463348389,4.330250358581543,0.7001514256000518,0.0971976563334465,0.320205870270729,2.542619061470032,0.0656629353761673,0.0512199383229017,1096.0908569335938,3021.62890625,988.665283203125,289.0232269287109,171.4330291748047,268.0218811035156,4.115840864181519,5.335029077529907,19.28333950042725,97.78101119995117,1.4001735687255858,1.261296308040619,514.9552793025971,1300.122865514457,2511.366551685927,0.7578718955162913,1340.00523327291,279.5032147303224,17.95718532279134,17.706538569927215,1.3865387894911692
291.5025637117343,64.34050533417613,11.046913252864034,3.522381094843149,0.5583873004128691,34.16790351867676,1.801345407962799,5.551422304961307e-07,10.342572689056396,8.240314388275147,2.9964246273040773,0.7264656245708465,0.1032884672284126,0.3442588180303573,2.9837034225463865,0.0685873709619045,0.0307273561134934,990.7675231933594,0.1893362790346145,1.6841875549289398e-05,271.14452209472654,157.75966796875,188.93096618652345,4.120269918441773,5.664078044891357,20.88134346008301,120.20781707763672,1.6195728659629822,0.7705396354198456,524.8077049255371,1510.6241582512855,2977.015896030271,0.4684789579361677,1378.079444845736,287.45915594249965,18.798139502853157,20.72084296941757,1.476710917300079
320.12497943546623,66.73646926432848,10.32104606879875,3.23251613676548,0.4885891513666138,47.29808387756348,65.93776092529296,26.289266204833982,10.77698802947998,10.051281642913818,4.445493888854981,0.7278139591217041,0.1026349566876888,0.3250373870134354,2.503883409500122,0.0664466679096222,0.0490349188446998,1069.492236328125,3301.0739501953126,1008.116729736328,276.02675476074216,191.06747131347657,273.92881469726564,4.120430898666382,5.629832267761231,19.58792705535889,104.66477432250976,1.4568548321723938,1.1561500787734986,514.1842983961105,1238.5169795051218,2219.4338488705457,0.7924958422314375,1340.1660834662616,279.7605175927281,18.001713832467793,17.760511779785155,1.3921992904040963
309.06056376863273,69.95916411913932,10.332119640149177,2.9850345328450203,0.4745430949318688,44.69783401489258,68.3285125732422,24.605555534362797,10.88619966506958,10.210672950744629,4.402781200408936,0.7258783936500549,0.0988267876207828,0.3343402653932571,2.6182393789291383,0.0615523975342512,0.0493907745927572,963.21201171875,4482.570166015625,942.872430419922,288.76743774414064,168.57920684814454,280.9244873046875,4.120241785049439,5.431751298904419,20.012190437316896,104.62214431762696,1.31866112947464,1.2225401878356934,509.4708184242248,1245.253220923245,2226.5128932596417,0.8333117821253836,1334.75258038193,279.9464018166065,18.043793032318355,17.788170635700226,1.387783029372804
322.6856425218284,63.34783346690237,10.64317852994427,2.487507052719593,0.473412892332999,45.01555519104004,69.1147590637207,25.461338233947757,10.281668663024902,10.48619556427002,4.542039203643799,0.7124819874763488,0.1068657830357551,0.3462361961603165,2.4110697984695437,0.062287500873208,0.049077558889985,1029.315771484375,4611.2810546875,970.5333557128906,255.76886596679688,165.11736755371095,284.21339111328126,4.118030118942261,5.868506622314453,21.1450553894043,86.61694946289063,1.3254836440086364,1.2323890447616577,511.7482711076737,1245.6941438287497,2370.263101967663,0.7791844787076115,1343.3799184501172,276.1879243373871,18.124759002029897,17.778980779647828,1.3940263533731925
339.0244328334928,74.09083408378065,10.519539761077612,2.142435501515865,0.4856401657743845,44.69306106567383,70.63828201293946,23.852255821228027,11.100728034973145,10.514188766479492,4.38437294960022,0.6870817244052887,0.0965319246053695,0.3297921448945999,2.251117467880249,0.0680203095078468,0.0509636763483285,1080.3360961914063,4688.295654296875,911.6172424316406,305.82383728027344,168.99692993164064,274.6342163085937,4.113516807556152,5.302608251571655,20.11139469146729,74.08637161254883,1.4754735708236697,1.2620960474014282,516.2204635620117,1305.408247420192,2420.4168074311747,0.7310073347296566,1340.4527638971806,281.44381375163795,17.978387711197136,17.62515022754669,1.391843471257016
316.4640683721751,60.67205139920115,10.366409886907784,2.7735532984137534,0.4403767891228199,45.8276252746582,67.78733367919922,24.576947021484376,10.63665246963501,10.589728450775146,4.326614665985107,0.7298049569129944,0.1028556756675243,0.3390671223402023,2.514970803260803,0.0652528367936611,0.0502543359994888,1021.7010192871094,3590.4595703125,936.2248901367188,253.3659912109375,183.8851058959961,271.14576721191406,4.120863962173462,5.624618196487427,20.506123733520507,96.28831329345704,1.342093813419342,1.1726979851722716,511.3851752281189,1246.042928622663,2326.766664714139,0.7972233592532575,1342.297237715125,277.0321436166763,18.11683391034603,17.80938138961792,1.39430710086599
311.52679509874434,69.89490910321474,10.11317808581516,2.892771451175213,0.4596246378845535,47.42528190612793,68.28139801025391,23.84844570159912,11.745028972625732,10.817712020874025,4.415349197387696,0.679818844795227,0.1022740997374057,0.3038676887750625,2.53068745136261,0.0611869428306818,0.0480818804353475,1026.0742553710938,4574.562744140625,914.7784790039062,309.1316314697266,185.59038696289065,280.8056976318359,4.112156248092651,5.590068244934082,18.22988376617432,99.61159210205078,1.301302134990692,1.120710265636444,508.9457632303238,1247.154338753223,2253.1480913042733,0.8623870952054858,1335.1103287957608,282.5043145544827,17.946960401535033,17.703604340553284,1.3805743110831827
322.4347004722804,76.61977696139365,10.292597605101763,2.839117760956287,0.4919798926799558,41.84226760864258,67.88007507324218,25.034528923034667,11.29556941986084,10.355226135253906,4.495638418197632,0.7123254358768463,0.0948870301246643,0.3171230673789978,2.341111755371094,0.0626583874225616,0.0507429335266351,990.2048278808594,3387.4601806640626,960.6566772460938,315.31312866210936,183.3625503540039,287.9728515625,4.117920541763306,5.214655160903931,18.999956321716308,91.21100997924805,1.370616114139557,1.2728420972824095,518.6799707889556,1296.9344694167376,2526.552329691074,0.6787671094294637,1334.0200074069205,283.4008623868227,17.980109659582375,17.692390990257262,1.3861642015865072
327.80575619414446,62.01812172587961,10.286263704579325,3.036820663511753,0.4797465148265473,44.26407814025879,65.81852874755859,25.80119571685791,11.26301965713501,10.277686882019044,4.637659168243408,0.7175607979297638,0.0982736356556415,0.3279845625162124,2.475449228286743,0.0667931869626045,0.0492357686161994,1024.3653625488282,3364.924755859375,981.4366577148436,272.3391937255859,190.1015426635742,291.2995941162109,4.11882004737854,5.391736125946045,19.630458068847656,99.90853576660156,1.4521703004837037,1.1249037742614747,513.6333120822907,1239.7240092083812,2335.4407033787866,0.77766352170147,1339.5387703582644,279.7957504048944,18.05501360595226,17.78118406534195,1.3958338872995228
325.3885644318536,71.4964092861861,10.485211803484708,2.9683688297867774,0.5438620042463299,43.71303596496582,65.86460952758789,25.891626358032227,11.013184070587158,11.03883457183838,4.836214065551758,0.7365592300891877,0.1022746533155441,0.3439809501171112,2.420747756958008,0.0668871194124221,0.0504174392670393,992.540948486328,3013.1534423828125,991.1448364257812,291.4278533935547,222.1673583984375,306.4249725341797,4.121959686279297,5.614039087295533,20.900178146362304,96.53651809692384,1.5494112968444824,1.2322067975997926,515.197045993805,1277.4921543821692,2396.303873040894,0.7680016607511788,1336.1070639759305,284.4873739629984,18.0382641851902,17.755461168289184,1.3994076585862785
332.5204760931432,73.03336668685078,10.552313148975372,3.1674076288938524,0.4992333892267197,44.29098815917969,66.94923782348633,24.173340034484863,12.115780353546144,11.062829208374025,4.575868415832519,0.6837550461292267,0.098191063851118,0.3139155775308609,2.496200680732727,0.0680947363376617,0.0490175787359476,1011.8547607421876,4176.31005859375,928.5643005371094,325.7848236083984,207.1754119873047,281.18426513671875,4.1128476619720455,5.3990684986114506,19.244004440307616,103.43729934692382,1.5091585874557496,1.1911628723144532,515.3740301132202,1296.824317923188,2524.572250619094,0.7664384248666465,1332.0070821028205,286.1479461461305,17.89581521488726,17.68312672376633,1.3876428343355656
315.1612127110362,64.24729749001563,10.454583271965385,2.6174094051122667,0.4299838649341836,45.0177001953125,68.58172225952148,24.52606906890869,10.53991403579712,9.888076114654542,4.231288862228394,0.7104680597782135,0.1006794020533561,0.3224791765213012,2.3724421739578245,0.0645103111863136,0.047008928656578,973.6208374023438,4091.08408203125,940.582470703125,264.10093383789064,169.25126953125,258.9747955322265,4.117684602737427,5.531787395477295,19.378861045837404,87.83899765014648,1.304965353012085,1.0912353992462158,509.6361508846283,1246.6717570960525,2286.6843503328973,0.8411172504071146,1339.8666451379656,277.91289246678355,18.13938559815288,17.794058215618133,1.394136984879151
326.27292098887267,61.36604449842125,10.432739228568972,2.2955824822187423,0.4909153104526922,43.69004402160645,70.31914901733398,24.65518951416016,10.901958656311034,10.769050693511964,4.372856140136719,0.6844321846961975,0.0961873844265937,0.3226346850395202,2.229334807395935,0.0631929650902748,0.0482350941747427,1021.7671997070312,3700.78896484375,943.2538330078124,260.66193237304685,199.5771713256836,274.96845703125,4.113075733184815,5.255217838287353,19.606514930725098,76.3156135559082,1.3771512985229493,1.187948489189148,512.0536871194839,1252.284332677722,2431.771735155402,0.7479855314828455,1343.305073106289,279.2747181817889,18.13612152040005,17.74687342643738,1.3977134431246667
317.39526888709514,69.70950715467333,10.215359820891171,2.510278594493866,0.4706928186817095,43.53548316955566,68.67925567626953,25.70089435577393,11.1023681640625,10.290132427215577,4.420258283615112,0.6885603427886963,0.0971673257648944,0.3164298117160797,2.436368227005005,0.065782394260168,0.0480248890817165,956.163995361328,4130.95654296875,984.7296142578124,288.90294189453124,217.07357330322264,275.30572204589845,4.113829135894775,5.304031801223755,19.021958923339845,88.07795715332031,1.406592309474945,1.13795667886734,514.2227379322052,1255.082694810629,2405.498684589332,0.7934396603610366,1335.9656701281667,283.91416504830124,18.08301247879863,17.756043553352356,1.3956198568921536
331.5193927180022,62.585449517518285,10.504826843645423,2.270841284096241,0.4436534503940493,42.43556060791016,72.39213104248047,26.106982231140137,10.954900741577148,11.076734638214113,4.291421747207641,0.6776242613792419,0.0997405879199504,0.3183743268251419,2.300185704231262,0.0631049819290638,0.051492840051651,1005.194677734375,5029.936328125,1001.5375061035156,264.5617095947265,225.12275238037108,264.20933227539064,4.1117993831634525,5.476726913452149,19.2320198059082,78.18805847167968,1.2883329391479492,1.2774489283561707,518.6917837142944,1260.0725530564785,2369.47978766808,0.6793923820368946,1342.3527591377497,280.8738518163562,18.13145517781377,17.752062058448793,1.3929044376593085
328.8554387461394,74.66580160930752,10.077420756220818,2.7858613193035127,0.4821553470799699,44.38829040527344,70.37718963623047,25.00720977783203,11.022345352172852,9.92071466445923,4.52479887008667,0.6865463852882385,0.1030709639191627,0.3159950345754623,2.4745564699172973,0.0669408954679966,0.0503549631685018,1036.3214111328125,3684.477465820312,952.8324279785156,304.4724548339844,172.48494720458984,283.8368377685547,4.113407135009766,5.626592350006104,18.941718673706056,95.32469940185548,1.4618862748146058,1.1603054523468015,514.5244764328003,1273.4212723106143,2406.8936492228704,0.7551765257492662,1336.6351712197063,281.46800145208834,17.964885108172894,17.701813447475434,1.3902282249182465
309.60796558484435,62.28745651245117,10.389870587456972,2.2571365565061567,0.4887461169040762,47.28717155456543,66.77881622314453,26.15530014038086,10.784891700744629,9.882140636444092,4.538025617599487,0.741241580247879,0.1022021889686584,0.3268312126398086,2.300868034362793,0.0641863778233528,0.0483009573072195,1005.0439880371092,4134.149169921875,999.9771728515624,263.80132446289065,169.44249877929687,279.3547058105469,4.122698783874512,5.577211332321167,19.87057762145996,77.90888977050781,1.398950028419495,1.1631639838218688,508.1752630472183,1234.5597445458177,2212.812883083744,0.8700471437070518,1341.987502656877,277.907101804018,18.141292633861305,17.754149091243743,1.3989620762411503
326.2695883465931,72.49249560013413,10.337478430569172,2.522478550672531,0.4561757892486639,46.59447784423829,68.79070434570312,26.33350372314453,11.135053253173828,11.119205951690674,4.4525980949401855,0.706188702583313,0.0970946818590164,0.3106511235237121,2.2915546894073486,0.0599139064550399,0.0492985788732767,1066.9928955078126,3386.390869140625,1009.0711975097656,296.5506988525391,230.46599578857425,284.4748840332031,4.116926956176758,5.325296401977539,18.7419527053833,83.32444763183594,1.2685245633125306,1.137646782398224,514.2050576925278,1275.844479843974,2453.5542429983207,0.7941984473261983,1339.8877978473902,285.01688781827687,17.998534955084324,17.67557612657547,1.3824294982478025
315.69088792316614,76.83450198806823,10.180225627310572,2.2558853194117545,0.4743247846665326,43.55163764953613,69.15233459472657,25.11178951263428,11.727215194702149,10.611626148223875,4.556986570358276,0.7205109357833862,0.0999435737729072,0.3172035992145538,2.3221320629119875,0.0636684127151966,0.0485646970570087,971.047821044922,4064.9150390625,961.61953125,324.34019165039064,216.1138488769531,281.9420166015625,4.119351863861084,5.469705295562744,19.012181663513186,78.88426971435547,1.360970675945282,1.220125675201416,515.7555591106415,1268.6818451434374,2464.5911698071404,0.7164214660879225,1333.378970989585,287.29261115193367,17.999721018970014,17.65219430923462,1.3868682565866035
343.9768857134506,65.59046233277768,10.531556186825036,2.6479889556765555,0.4669737594027537,45.88749046325684,68.5594612121582,26.16175479888916,10.46680326461792,10.038094997406006,4.397323036193848,0.715088963508606,0.1018287949264049,0.3378259897232055,2.323289489746094,0.064378685504198,0.0485852435231208,1110.6137084960938,3763.7259521484375,998.1199340820312,265.11708068847656,180.96112213134765,275.87281188964846,4.118463516235352,5.593781423568726,20.54718513488769,86.83031845092773,1.3653780698776246,1.1942673087120057,516.4688261508942,1251.6231617391109,2335.9128143806183,0.7373087270651013,1344.9715608395636,278.1198498517275,18.04331980869174,17.720590043067933,1.390511550521478
325.6498568647541,74.52151453942061,10.235237411316485,2.414567697048187,0.4606287400412839,41.03901901245117,42.21280708312988,10.569500732421876,11.159272956848143,11.770200157165528,4.998080778121948,0.7094401180744171,0.0994359754025936,0.319913238286972,2.4190200567245483,0.0657645501196384,0.0298121441155672,1110.1698120117187,2147.97666015625,403.9750183105469,304.92601013183594,231.30953674316407,312.10484924316404,4.117381381988525,5.433106470108032,19.248107528686525,84.41843643188477,1.4534321904182437,0.6847124576568604,522.575125837326,1360.431141164899,2479.8078842096847,0.578936613816768,1346.906428270787,285.55987423956395,18.070302572101355,18.10199882984161,1.401000953838229
333.9328037437052,73.40784076657147,10.38948706332594,2.198142483830452,0.4408929280005395,44.6623893737793,67.59169998168946,25.65988712310791,11.461370277404786,10.341694831848145,4.51742434501648,0.7004311203956604,0.1048687726259231,0.3199073553085327,2.26835241317749,0.0649106919765472,0.0501140620559453,1072.5784912109375,3247.0703125,975.7969970703124,311.6494445800781,182.0873001098633,284.4035339355469,4.115898132324219,5.749546003341675,19.44116287231445,75.89437789916992,1.3417620301246642,1.1749300360679626,515.8781443595886,1309.0577602162955,2544.9605844829057,0.735076927067712,1338.9090000674128,282.9913435868919,17.96399866640568,17.62096381187439,1.383938958309591
308.87921954886986,66.32019615508617,10.529958462901414,2.561349704861641,0.5199394988478161,44.21180610656738,72.24631118774414,24.700513076782222,11.258308696746829,9.875404357910156,4.821945762634277,0.7158150136470794,0.1046582333743572,0.346389451622963,2.2422850131988525,0.0668349385261535,0.0497921455651521,952.6946044921876,4339.053076171875,948.7606628417968,287.1736663818359,169.98993225097655,306.9991149902344,4.118582153320313,5.745538282394409,21.02244415283203,82.09508666992187,1.5114916563034058,1.187027108669281,508.7528068065643,1217.1008143737913,2187.241903260263,0.8421081240754574,1336.438753926009,280.20957983359693,18.10491560846567,17.745072603225708,1.4022302183322608
319.9453448995948,68.27006260938943,10.323336705844849,2.695810930430889,0.4707165759929921,46.67301406860352,67.98392715454102,25.934696388244628,11.041817951202392,10.3817325592041,4.428100109100342,0.7273847579956054,0.103737099468708,0.3186421781778336,2.2975741147995,0.0637207113206386,0.0515627134591341,1044.737060546875,3967.896997070312,988.4791015625,285.58741455078126,201.77513122558597,275.3129272460937,4.120491027832031,5.668090200424194,19.33941783905029,86.79118347167969,1.3577014923095705,1.2726222395896911,514.6330347061157,1276.8837685123085,2451.997256762714,0.7574332748074084,1340.3993789806962,281.8904977872968,18.03875466734171,17.717517292499544,1.3898075530305505
324.8914396336302,74.94045527707786,10.200759441405534,3.2567149460315705,0.4646750628598965,45.81771163940429,68.0161506652832,24.506347846984863,11.719631481170657,11.26327486038208,4.605371713638306,0.7320676386356354,0.0961039423942566,0.3337571680545806,2.503445768356323,0.0646088413894176,0.0478657759726047,1052.4390380859377,2961.9555908203124,937.0960693359376,317.6840057373047,235.9813659667969,292.26414184570314,4.121112298965454,5.249946975708008,20.27179508209229,105.33051147460938,1.367982530593872,1.2037885189056396,515.3111153125762,1236.9409553542732,2314.1698191477044,0.756901835789904,1333.6821297183633,287.26157336384057,17.883424896001817,17.68040289878845,1.3795155122410503
316.40692540425806,72.4032239664346,10.320307250786572,2.9655552700161936,0.44946664434392,45.266780090332034,69.47689819335938,23.906750869750976,10.86686372756958,10.826099014282226,4.590876960754395,0.7084645688533783,0.0985329613089561,0.3203942596912384,2.3992597579956056,0.0632637716829776,0.0504505731165409,994.5185180664064,4256.901708984375,918.1517700195312,293.4163055419922,188.9188491821289,290.3802825927734,4.117336845397949,5.398186731338501,19.317658996582036,95.65851364135742,1.3203821778297424,1.1896845698356628,514.7498147010804,1236.1137632802129,2207.193609692954,0.7763350177556276,1336.5013977371157,281.9371691547334,18.03108352050185,17.74617373943329,1.3873404025100171
310.2201087739319,65.45725432299078,10.26472194995731,2.6100192725658418,0.4975946821970865,46.91992416381836,68.48383102416992,24.546338081359863,10.431262874603272,10.089553833007812,4.494378328323364,0.6917937099933624,0.0966380663216114,0.3084307253360748,2.3342390060424805,0.0671466164290905,0.0471610706299543,998.2357788085938,5041.128173828125,938.7341918945312,265.4497497558594,165.5328140258789,278.921517944336,4.11441707611084,5.275788021087647,18.563696670532227,86.33164596557617,1.477908194065094,1.1339296698570251,508.1867866992951,1229.567141634226,2150.127861116541,0.8522056499961763,1340.8316938757896,277.6411735713482,18.119852878153324,17.776588582992552,1.401900169113651
331.1624097771943,62.07755566462875,10.43389147594571,3.1769385635852814,0.4466081216232851,46.69747848510743,68.94491348266601,25.96322269439697,10.294215393066406,10.223337173461914,4.533364486694336,0.6797026336193085,0.1002937756478786,0.3312695771455765,2.536237120628357,0.0636960998177528,0.0492556758224964,1089.69794921875,4769.251806640625,987.5441284179688,251.6310195922852,168.73478240966796,283.361328125,4.112184953689575,5.486731481552124,20.1839241027832,104.90546417236328,1.3189415454864502,1.18680579662323,513.0311630010605,1241.0426440134645,2265.6528670693688,0.7908549664542079,1344.218798775971,275.44648666381835,18.0476616859436,17.794631493091583,1.3884343662764878
310.9885507516563,62.02177521493286,10.572585466783494,2.6236220836639403,0.4805592041520867,44.39393539428711,71.31241302490234,25.48266677856445,10.476158809661865,10.434829807281494,4.564155960083008,0.706617945432663,0.1047250799834728,0.3242561787366867,2.3445512771606447,0.0620707020163536,0.0511607561260461,969.8566650390624,4064.1019287109375,976.6662719726562,255.7594451904297,164.79004974365233,289.1457977294922,4.1170268058776855,5.72723617553711,19.84179458618164,86.88783493041993,1.3331562995910644,1.2734097361564636,510.51370606422427,1247.1623385339976,2203.657938002405,0.772215871559456,1340.9782112762332,276.5901639103889,18.166379095241428,17.808862686157227,1.3972112161107362
301.7992729514837,70.86093547232448,10.24865485150367,3.0735544517636297,0.5318468592013232,44.426800918579104,66.13638305664062,24.050053596496586,11.010222148895265,11.041410446166992,4.540321826934815,0.6878899931907654,0.1049022391438484,0.3123076140880584,2.6733046531677247,0.0677617974579334,0.0487275790423154,953.28134765625,3319.1114501953125,917.6771423339844,291.02158813476564,209.9988021850586,288.9590759277344,4.113703727722168,5.741283655166626,18.775420951843262,108.55903701782226,1.5555954217910766,1.157397449016571,509.68698449134826,1204.1959413170814,2167.770515024272,0.8277182071469724,1333.02609590441,283.1490679040552,18.03104517608881,17.79552502632141,1.3992272560019046
326.14498640242965,63.17430287115276,10.362621862255036,3.004534363746643,0.4687871548405383,46.58406372070313,68.91774444580078,24.060534477233887,10.284570789337158,9.597513389587402,4.338934659957886,0.6841668426990509,0.1061108544468879,0.3147589236497879,2.5342557430267334,0.0634627759456634,0.0502087753266096,1062.741943359375,4775.22412109375,919.3182678222656,256.0494659423828,154.03753356933595,271.9853210449219,4.11302375793457,5.809444236755371,19.031317901611327,101.61917114257812,1.3474019289016723,1.2421571731567382,510.833848810196,1266.8069090411068,2413.511117660068,0.8078159920405596,1343.1468776211143,274.9784656569362,18.06411538645625,17.795694041252137,1.3911104616476222
303.9693739775568,67.74473726376891,10.428172935545444,3.117546765506268,0.5125563388108276,44.75426330566406,66.19076919555664,23.86084537506104,10.698039245605468,9.774488544464113,4.574335098266602,0.7359418272972107,0.1066746331751346,0.3256087630987167,2.5080713987350465,0.0698422580957412,0.0491014126688241,969.3167297363282,3715.3199462890634,915.053289794922,279.9331512451172,158.98485870361327,280.12098693847656,4.121863842010498,5.829060077667236,19.88167514801025,102.65205612182618,1.5646025776863095,1.1797985911369324,510.6532001256943,1239.6063943475483,2203.444233269472,0.7859134707134217,1336.1064170978964,278.07003619670866,18.06818147264421,17.799744999408723,1.402334340242669
327.4265607940033,60.546718440391125,10.350538711156696,2.815886555612088,0.4789029109408148,47.53977127075196,70.81004791259765,24.528301239013672,11.099177932739256,9.963933086395263,4.523008918762207,0.702669334411621,0.0986862801015377,0.3176896095275879,2.4992732763290406,0.0618310134857893,0.0479042176157236,1067.2210815429687,4091.353857421875,937.5757202148436,266.472509765625,161.14271850585936,288.63670349121094,4.11630802154541,5.416141510009766,19.096409034729003,96.67817306518556,1.346062445640564,1.096427810192108,510.8219312667847,1244.4989679068326,2284.277569127124,0.8811823783442378,1342.2908270731568,276.70537387132646,18.048543858528134,17.7642382144928,1.3898532106075436
320.7942004555836,74.91241673231124,10.32715790644288,2.6531115621328354,0.540878794202581,45.395458984375,64.04669876098633,24.18325653076172,11.1168044090271,10.65727653503418,4.621704387664795,0.7042096257209778,0.0990568630397319,0.318680202960968,2.401996803283692,0.0665310248732566,0.0516607798635959,1010.4645935058594,3214.291674804688,927.4493957519531,304.02171630859374,212.19165496826173,285.61070861816404,4.1165924072265625,5.425080013275147,19.27213497161865,89.914208984375,1.5380625009536744,1.2633972644805909,512.1505912065506,1259.3753643140196,2428.8316406506056,0.8253945372533054,1335.950540033728,285.1624511614442,18.0036834821105,17.705794596672057,1.3965238397009672
320.6030309988185,63.163244703784585,10.53561170483008,3.0546845689415933,0.4961734537733718,45.56465950012207,66.7635368347168,24.34828624725342,11.208265113830567,9.930685901641846,4.6419120788574215,0.6931491732597351,0.0985107026994228,0.328510096669197,2.673173117637634,0.066466961801052,0.0466905675828456,1002.0391052246092,4279.933349609375,934.4398620605468,276.71282348632815,176.60565795898438,286.0299407958984,4.114657402038574,5.402696800231934,20.06137619018555,108.16501007080078,1.4730736136436462,1.0757746815681457,510.6316812753677,1245.154461824894,2295.349609629304,0.8225534781813622,1337.4824656032026,279.2255160525441,18.03662648051977,17.800068747997283,1.395624410873279
334.8716549269855,65.23369561210275,10.478101367503404,2.48048654794693,0.4856720083917025,45.200375366210935,68.9053726196289,25.302165985107425,11.383864307403565,10.294126987457275,4.420491456985474,0.7360945165157318,0.1062392696738243,0.3370441973209381,2.2234103679656982,0.0625810235738754,0.0502675361931324,1012.9608947753908,4597.672607421875,970.9317626953124,284.944580078125,196.7367431640625,277.06622314453125,4.12188777923584,5.808547019958496,20.617489051818847,79.92487716674805,1.3579512119293211,1.239868700504303,516.1234858512878,1252.641169393063,2337.4482099562474,0.7869694721419365,1339.7638442918658,282.03198059797285,18.075793037563564,17.715447068214417,1.3922517313156275
325.56771221440283,75.5939441761002,10.466827126964926,2.8007884725928305,0.5460927682637703,45.71929740905762,68.29558334350585,24.94453659057617,11.56214075088501,10.868178462982176,4.736311340332032,0.7253952264785767,0.1064101226627826,0.3271393924951553,2.4933567523956297,0.0673318937420845,0.0479765377938747,1066.510986328125,4468.026220703125,955.943408203125,316.46238403320314,223.9298904418945,298.9607757568359,4.120025634765625,5.841534233093261,20.01879959106445,96.47265548706056,1.568662440776825,1.1757349967956543,513.0459053993225,1243.0648995175957,2326.296558823192,0.7675503711681813,1335.8971941292286,286.1548913195729,17.90202135927975,17.66086151599884,1.390771446097642
336.484897159785,72.83655241504312,10.40225394582376,2.993725211918354,0.4960116263711825,44.73948440551758,66.80485458374024,25.594524574279784,11.529611587524414,10.468866634368895,4.522792863845825,0.690957373380661,0.1033957630395889,0.3322132855653762,2.571081805229187,0.064172226935625,0.0514291111379861,1084.4099731445312,4175.673681640625,979.8221923828124,309.86561584472656,206.14468383789065,283.6937713623047,4.114149618148804,5.676442670822143,20.24430561065674,103.27072143554688,1.4139893651008606,1.2866968154907226,518.0456467628479,1297.0245003700256,2449.002944488416,0.7114529774524272,1336.8020100362598,284.1111915156245,17.88217048570514,17.67726888656616,1.3820668156724425
307.3650987494737,75.54840507358313,10.198541487194598,2.451563189923763,0.4886204560170881,42.47352600097656,68.56609725952148,24.42956676483154,11.133428382873536,10.309590148925782,4.344367408752442,0.6790497004985809,0.10002022087574,0.3085121631622314,2.255038285255432,0.0622576799243688,0.0506262209266424,922.2510681152344,4945.89599609375,936.2649169921876,307.8891662597656,191.44901428222656,268.5994903564453,4.112049579620361,5.46750955581665,18.47626819610596,80.49269256591796,1.3559626817703248,1.250585436820984,515.1392496109008,1237.2160225898028,2287.800578567525,0.7067844950128347,1332.4327241748572,283.9191449314356,18.070076708495616,17.712002050876617,1.3916819203877822
333.43421240225433,66.49885031022131,10.577318244893103,2.467870213091373,0.4474801239208318,43.77230339050293,69.54696350097656,26.017024040222168,11.574886417388916,10.478158283233643,4.561778116226196,0.7336191356182098,0.0993089996278286,0.3218317449092865,2.2888691425323486,0.0637213394045829,0.0496784433722496,1052.0535522460937,3346.4340087890623,998.6144470214844,292.79786682128906,203.10992736816405,290.01451110839844,4.1214344024658205,5.449462747573852,19.71485080718994,82.10304260253906,1.3172955870628358,1.224920403957367,517.0783051490783,1269.5683002576232,2377.307544944465,0.693444441864267,1340.0967008911073,282.56374629214406,18.02222527600825,17.685616648197175,1.386528211645782
310.1780399476178,69.61964956894516,10.504315664619208,2.7788278967142106,0.4527345208567567,44.06465644836426,73.17640914916993,24.55876064300537,11.143856525421144,10.19039134979248,4.323456859588623,0.700856226682663,0.0982554376125335,0.3318508386611938,2.444653153419494,0.0613833881914615,0.0494145601987838,950.7112487792969,4943.64990234375,943.4119934082032,292.2539093017578,196.46496124267577,264.7067413330078,4.116017913818359,5.402254962921143,20.068690299987797,93.84622039794922,1.289131259918213,1.1483665227890014,510.47100405693055,1245.4120320752263,2272.0835847845765,0.7767335225827992,1334.7906890705228,282.4756586611271,18.065216844528912,17.76381425857544,1.3880126928910612
333.3854394914582,59.47889383919537,10.259548884723335,2.730924892425537,0.5412681868067011,49.404544830322266,69.31563873291016,25.49679832458496,10.74997091293335,10.249130725860596,4.504481220245362,0.6795731544494629,0.1025388114154338,0.3137674510478973,2.354413056373596,0.0667641557753086,0.0496842302381992,1111.8598999023438,4416.241064453125,976.887353515625,254.5608139038086,158.37061157226563,287.9706176757812,4.11216139793396,5.591750812530518,18.99902229309082,89.5247085571289,1.541947114467621,1.2104055881500244,513.6890383005142,1239.7325598031282,2268.800008221954,0.8532978325616568,1345.8435649126768,275.2372185155749,18.061944573372603,17.746980559825897,1.4009546415880323
334.49902521092446,69.10840762071311,10.257376065477729,2.635614554584026,0.5440771907102316,45.143862915039065,67.26498031616211,24.083574485778808,11.142067432403564,10.790071487426758,4.565420389175415,0.7302624583244324,0.1044884622097015,0.3262070447206497,2.3074275255203247,0.0685436137020587,0.0487234946340322,1051.2524047851562,4115.8671875,920.7769775390624,290.4316009521484,197.7074737548828,290.2316436767578,4.120948314666748,5.721476221084595,19.62170791625977,86.04848098754883,1.5814517736434937,1.2254679799079895,514.0839636325836,1251.8161117821933,2312.0832079159327,0.7788945554755629,1339.9962426245213,282.3213661804795,18.02286425828934,17.70355064868927,1.4000516667496412
300.04087827745826,73.20806438904256,10.252609778381885,3.2219487935304643,0.534819531836547,46.50728988647461,69.43025131225586,23.914832878112797,11.093611240386965,9.993621349334717,4.5329142093658445,0.7156679630279541,0.0976791344583034,0.3153869450092316,2.526668381690979,0.0703541867434978,0.0493406679481267,978.7577575683594,4305.920361328125,917.0388854980469,300.1900695800781,189.7410675048828,290.0310974121094,4.118540287017822,5.349030065536499,18.98008613586426,105.43155899047852,1.6115185141563415,1.2191026210784912,509.9262975931168,1222.8704333096744,2162.8622397207077,0.8556325691752136,1333.738652508706,282.5687610588968,17.997720051556826,17.75944117307663,1.3996830271324143
321.58184129185975,60.58706727102399,10.278344998229295,2.2627746015787125,0.4766921667614952,47.36476364135742,68.75479888916016,26.29246711730957,11.268895721435548,10.592202186584473,4.546141624450684,0.6934223175048828,0.096604323387146,0.3236362159252167,2.283173084259033,0.0624954432249069,0.0487834140658378,1042.4144409179687,4317.861083984375,1000.7947387695312,263.9841827392578,221.5083190917969,282.8262939453125,4.114708423614502,5.281255102157592,19.445587158203125,77.49111404418946,1.341935670375824,1.1890127658843994,509.9880098104477,1198.522259913385,2125.767692348687,0.8903393680229783,1343.3415621817112,281.186855173111,18.112282974272965,17.732765889167787,1.394118528161198
327.7853308804333,70.70312274433672,10.334195679612458,2.8450868129730225,0.4847505753277801,42.31998863220215,70.8229736328125,24.83039951324463,11.22206230163574,10.60493049621582,4.416496753692627,0.7206612825393677,0.1014288879930973,0.3333749413490295,2.350105905532837,0.0685430042445659,0.0499870367348194,988.5764404296876,4864.935546875,949.7881469726562,296.36473693847654,202.90160369873047,277.03228759765625,4.119391918182373,5.564680004119873,20.053455924987794,91.54534454345703,1.489539110660553,1.196707904338837,516.9530602455139,1280.4494042858482,2439.5205223146418,0.7046457392163574,1336.6295659840107,283.30494679957627,18.036782348901035,17.734926283359528,1.3965148386079818
310.98301771674306,74.66904304903001,10.212278826814146,2.201952819526196,0.4382538135279901,45.52515296936035,68.40659866333007,24.08727912902832,11.470578479766846,9.912003993988035,4.568810701370239,0.7305682897567749,0.0977332115173339,0.3087348997592926,2.2567185163497925,0.0642225682735443,0.0487254917621612,979.3008544921876,3675.6708984375,924.9895935058594,315.76979675292966,166.72303924560546,291.7027130126953,4.121001720428467,5.347760725021362,18.525982666015626,75.49229507446289,1.3219924926757811,1.1344634890556335,508.9955774784088,1232.6845073401928,2176.509360510012,0.8784522345755249,1334.812814219296,282.75529513806106,18.026995354890825,17.656743741035463,1.3868399534374476
337.3191742006689,69.59981976728886,10.388403188902885,2.371868219971657,0.4846008808701299,43.584132766723634,68.99427337646485,25.412381172180176,11.614910411834718,10.802191734313965,4.508547067642212,0.690575122833252,0.1035749584436416,0.3307584404945373,2.176165461540222,0.0624018590897321,0.0491456765681505,1043.307043457031,3240.700927734375,966.3277587890624,300.65826721191405,223.04933166503903,287.9259765625,4.114183759689331,5.67028579711914,20.09587631225586,76.2616455078125,1.3680153727531432,1.1299932599067688,517.1838512420654,1257.0616584151985,2384.0287571344875,0.7276375227607786,1339.194656437635,285.08179050087926,18.017705211788417,17.659644293785096,1.3888784013688564
300.1278919832781,73.79445390738547,10.3471439326182,2.272283193469048,0.514250127330888,46.93399772644043,64.15144119262695,24.992542266845703,12.222753524780272,10.747607707977297,4.46381516456604,0.7257217168807983,0.0959175162017345,0.320275193452835,2.2675970792770386,0.0636520750820636,0.0520275365561246,1004.9613525390624,2866.376708984375,958.6971069335938,327.5147766113281,228.59895782470704,277.7716522216797,4.120182991027832,5.266964340209961,19.32487201690674,77.46576614379883,1.4316207647323609,1.2874452114105224,507.2351994752884,1232.1549576207997,2216.957177213585,0.8480209565721453,1333.4743934266269,288.1049936771393,17.967398013174535,17.62357325553894,1.3880532135255634
324.0215611819178,69.87899295911193,10.422147694788872,3.261062434315681,0.4583560790168121,46.36006889343262,68.87439041137695,24.108282470703124,10.8772047996521,10.146040630340575,4.378056144714355,0.7423272371292114,0.1051412157714366,0.3148683786392212,2.5524939060211183,0.063807838410139,0.0466998573392629,1089.710693359375,3343.113720703125,924.2036926269532,287.2676177978516,191.5408279418945,272.00490417480466,4.122799682617187,5.776352787017823,19.120871162414552,107.30379867553712,1.3476479053497314,1.1207220196723937,512.0316368341446,1246.1311710432171,2348.3217523037574,0.7836321712937206,1339.0302872858942,280.5048099860549,17.945779793709516,17.729919338226317,1.3826131198555232
311.7398131629452,65.01845796257257,10.411195062287153,2.199144798517227,0.5348718497669325,48.09624214172364,67.8282081604004,25.693559646606445,10.618712520599365,10.323679447174072,4.53207802772522,0.6907135069370269,0.0987413994967937,0.3133022516965866,2.241783618927002,0.0714539475739002,0.0481406319886446,1017.4211059570312,4379.94873046875,986.1241149902344,270.3867553710937,155.45716247558593,281.2233581542969,4.114220142364502,5.402747201919556,18.97016906738281,74.7455680847168,1.633596897125244,1.1689873337745669,508.5614734649658,1180.07837664485,2074.8865454156767,0.9354878254700452,1341.7886567041278,277.29134196639063,18.11810674294829,17.726699566841127,1.409748124005273
319.3016960331239,66.06034911684692,10.201142205577344,3.083126090466976,0.4772757111350074,47.68466300964356,68.61829986572266,24.19244499206543,10.845498275756835,10.328332424163818,4.540301656723022,0.739504462480545,0.1024437427520752,0.3158066391944885,2.6846994400024413,0.0648584648966789,0.0461649123579263,1038.5891723632812,4624.279736328125,929.0312866210936,273.0543975830078,209.10340423583983,284.816259765625,4.122326803207398,5.589963436126709,19.07020301818848,109.2237678527832,1.4044649362564088,1.0787986755371093,510.9686509370804,1243.8341091275215,2187.8611019531845,0.893540276400745,1339.3009933024646,281.07717552185056,18.023956958949565,17.791654002666473,1.390950374910608
344.18704786347223,69.82139564398676,10.270174884423614,2.6854085087776185,0.5009717841399833,44.915971755981445,68.39173202514648,24.520951080322263,11.209438514709472,9.931560611724851,4.472923278808594,0.6965573608875275,0.0975363753736019,0.3105728536844253,2.3512303829193115,0.0642389722168445,0.0456980977207422,1098.7171875,3218.52197265625,941.5858215332032,298.48053283691405,153.5802764892578,284.1720764160156,4.115199947357178,5.327214956283569,18.882997894287108,88.7636489868164,1.4362122297286988,1.0565186142921448,519.673424243927,1282.135861685872,2381.174004561477,0.7337303470354527,1339.898622160405,278.8020199343562,17.950462583452463,17.66628748178482,1.3877819316927344
326.88223310839385,65.4629185076803,10.448848915938289,2.5073694735765457,0.5125607894966379,48.0275131225586,65.92937393188477,24.962607383728027,10.834816169738769,9.936460971832275,4.764501094818115,0.7421864628791809,0.0976075053215026,0.3186259746551513,2.27603530883789,0.0659293845295906,0.0503753520548343,1081.4790283203124,3321.986572265625,956.6627807617188,274.3866668701172,172.0652084350586,302.9899139404297,4.12283992767334,5.354171895980835,19.317587661743165,82.3636245727539,1.4859688878059387,1.1749086380004885,510.91380767822267,1270.5572817340494,2438.586155634164,0.8518939547240734,1343.0346355594695,278.7728803008795,18.05413527786732,17.710219871997833,1.397374324919656
328.546377290599,60.70742837451398,10.294901601411402,3.1671386539936064,0.5301983263925649,44.137185668945314,65.15597381591797,24.22845458984375,10.674660778045654,10.235757827758787,4.627246189117432,0.7418722689151764,0.1019595608115196,0.3308260589838028,2.678568410873413,0.0702354945242405,0.0497564245015382,1031.898193359375,3485.5046875,928.4209594726562,252.9261016845703,194.14749603271488,284.2388427734375,4.122796058654785,5.566922855377197,20.025580406188965,110.46561431884766,1.6051559686660766,1.1851791620254517,513.8259867668152,1257.3553879469632,2439.460885016905,0.7396437617950141,1341.4504067756236,277.69567118287085,18.076116337627173,17.833075511455537,1.4047130648512394
313.58208289556205,61.32587122544646,10.498348212521524,3.2064758449792863,0.4461105220019817,46.51487274169922,69.6685905456543,24.33809928894043,10.712138557434082,10.596272945404053,4.633893489837647,0.7314848005771637,0.1046353764832019,0.3139243066310883,2.511777877807617,0.0625341057777404,0.0515640620142221,1006.106964111328,4340.743701171875,927.0276184082032,254.0858627319336,202.33987579345705,293.1123443603516,4.121160364151001,5.715964794158936,19.23050727844238,104.30777282714844,1.281168556213379,1.2889087557792664,507.55689706802366,1217.438691404462,2211.046808959317,0.8953532440122217,1340.9205758452415,278.8558761253953,18.10711762905121,17.83068617582321,1.3900938026141376
326.54813559446484,66.13153710514307,10.23943248540163,2.957230331003666,0.5141122472821735,48.80573425292969,68.88013305664063,25.519051170349123,10.63436288833618,9.882566452026367,4.4515440464019775,0.6986247897148132,0.0979495398700237,0.3134947568178177,2.514370799064636,0.0658579193055629,0.0479573756456375,1100.6203247070312,3125.425341796875,979.8082397460936,273.0176483154297,171.7562042236328,270.6088134765625,4.115586137771606,5.360558223724365,18.871248054504395,100.0944564819336,1.4772334098815918,1.189825212955475,510.8744010210037,1245.918589425087,2307.325614086312,0.8539908662438392,1341.828367708623,278.00999775230883,17.997148145735263,17.741923534870146,1.3930452234810218
326.01937304884194,70.34235936142504,10.448299859184772,2.464261831343174,0.4915145961102098,43.133019256591794,66.93078384399413,24.605323219299315,10.712724590301514,10.01616792678833,4.512119054794312,0.6861539900302887,0.1020027860999107,0.3358538746833801,2.429520463943481,0.0657991699874401,0.0503223683685064,996.3122131347656,4106.80361328125,944.6917602539064,285.9281372070312,169.15305786132814,278.7206085205078,4.11338210105896,5.597201919555664,20.32057723999024,86.89761886596679,1.433680820465088,1.254433000087738,515.5955161571503,1236.8174808338283,2269.915198936721,0.7500790687743575,1338.3779363788665,279.8056301563978,18.06639536768198,17.739696621894836,1.395801918581128
334.6086160231381,65.44726506955922,10.371876401547343,3.2265838772058486,0.4624927445314825,44.39741249084473,69.45965957641602,25.00365219116211,10.794754600524902,10.47383918762207,4.518528699874878,0.7200691521167755,0.1027059778571128,0.3168335676193237,2.598639488220215,0.0623981710523366,0.0495206054300069,1038.7099731445312,4883.257373046875,959.9458374023436,270.6688415527344,206.18199462890624,281.6320861816406,4.119295597076416,5.604126119613648,19.368416595458985,108.40488662719729,1.32038733959198,1.2007514834403992,514.1042705535889,1238.8495972454548,2318.3077019073244,0.7639930656179785,1339.856347218156,280.4957164004445,18.029141875728964,17.79306266307831,1.386993461009115
334.4561236140318,72.12941824123263,10.384519256651402,2.473693585395813,0.5118861765251495,45.32283058166504,73.25419006347656,25.111469268798828,11.45880365371704,10.460195159912107,4.484091711044312,0.6969659388065338,0.0987565211951732,0.3288691431283951,2.322122240066528,0.0657792158424854,0.0497291877865791,1072.0747680664062,5295.258349609375,964.6795349121094,310.71343994140625,165.4047424316406,278.3715515136719,4.11524977684021,5.4246336936950685,19.90528259277344,83.5375259399414,1.483742928504944,1.1756881475448608,516.5526990890503,1283.9540063932538,2469.3782855389754,0.7100543876644224,1338.492824095115,281.0178617358208,17.947020553052425,17.642057049274445,1.389890380203724
323.300655556377,72.1918599659577,10.37268909579143,2.446636418998241,0.475213850865839,44.179097747802736,70.04034957885742,25.84154224395752,11.454152393341063,10.148167610168455,4.7236168384552,0.737482750415802,0.0993665032088756,0.3286282658576965,2.3813867568969727,0.0666118025779724,0.04924136698246,1037.463623046875,3764.3603515625,992.4290771484376,307.7370208740234,182.6855010986328,301.1108917236328,4.12206883430481,5.450263023376465,19.90426254272461,85.0090118408203,1.423620069026947,1.2393547296524048,514.8804110050202,1289.3899402990935,2469.9299897116666,0.7292469379026443,1337.487812840939,282.49059305787085,17.984064536541702,17.670794010162354,1.3892925605876372
324.87261427007616,66.23052675053478,10.682931057177484,2.3329044938087464,0.512710730987601,42.03405876159668,67.52100219726563,24.092685890197757,11.131173801422118,10.966572856903076,4.384120607376099,0.6916586518287658,0.1063658684492111,0.3220551609992981,2.24645824432373,0.0655077837407589,0.0505003362894058,988.226708984375,3297.78486328125,923.8446228027344,279.1077056884766,230.59835968017575,273.1193450927734,4.114377021789551,5.843981790542602,19.71499881744385,77.71711578369141,1.473492193222046,1.184218966960907,516.4970174789429,1272.2003070741891,2429.830189664214,0.6768395411781967,1339.5454885639251,283.36561181396246,18.10752133354545,17.73262873888016,1.4007360897492618
327.68245521150527,66.31430976875126,10.387870518770068,2.595253813266754,0.4696193402982317,42.36996269226074,68.41132583618165,24.586971282958984,10.522411346435549,10.45224666595459,4.594119548797607,0.7377998948097229,0.096399088203907,0.3226313352584838,2.275873064994812,0.0629344962537288,0.0488133873790502,1019.3591003417968,3173.364013671875,941.342254638672,270.2298950195312,172.5445785522461,283.7073669433594,4.122158050537109,5.263730669021607,19.622320938110352,83.96556167602539,1.3445141792297364,1.1603172421455383,513.8446862697601,1262.2217943549156,2384.132636882592,0.7273000887129456,1341.2396366104483,278.436486248672,18.10163056328893,17.75073974132538,1.393365863105282
323.5506558874622,64.45958075691014,10.407710235472768,2.540153434872628,0.5067417642683723,44.91961441040039,67.75544967651368,26.07594833374024,11.120376777648923,10.29620656967163,4.727067470550537,0.7282844245433807,0.1005790591239929,0.3315310955047607,2.2673036575317385,0.0681294605135917,0.0507966332137584,1018.1625854492188,3482.3317626953126,997.6646850585936,272.8011840820312,222.4066162109375,297.2195068359375,4.120590734481811,5.503843069076538,20.09841060638428,82.5982177734375,1.5159876823425291,1.2201924443244934,511.1428733587265,1261.9813758417963,2405.807026106212,0.8094062169548124,1340.948729802668,282.303074888885,18.099159728735685,17.744949066638945,1.4022574665490537
338.3441723322496,62.14925641883165,10.553948309831322,2.6269289210438727,0.4704689691541716,42.90191307067871,69.4449562072754,24.35052623748779,10.51776866912842,9.962269115448,4.750782299041748,0.6890966832637787,0.1036235332489013,0.3284089058637619,2.4536504983901977,0.0648129343986511,0.0498765680938959,1054.5725341796874,4291.34619140625,931.6915649414062,252.62804718017577,191.72431182861328,302.90184326171874,4.113923025131226,5.681901025772095,20.01755199432373,91.07183303833008,1.3749392867088317,1.2426974177360537,516.2860804080963,1277.747812962532,2400.982773406926,0.6973136411979795,1344.444075204432,277.8893977984786,18.101869913935666,17.78245769739151,1.3952634958317502
344.1583684818819,63.44633684903384,10.206414065603166,3.1750471919775007,0.4519872083445079,46.47641372680664,68.28136825561523,23.881799697875977,11.237004852294922,10.817519664764404,4.464820623397827,0.6973875463008881,0.0991283193230629,0.3198760062456131,2.4643239974975586,0.0626676581799983,0.0516578570008277,1106.616650390625,5076.757568359375,913.4971923828124,274.3557861328125,226.6569412231445,270.9062194824219,4.115372610092163,5.413910007476806,19.32339515686035,102.0817024230957,1.3023133873939514,1.292280197143555,517.8108088493348,1280.4974464640022,2401.9829927166693,0.7362582579255104,1342.255300474912,281.75790843367577,17.979640389978886,17.737392282485963,1.382962436019443
329.24626850057393,63.934227622672914,10.385289541911334,2.733292779326439,0.5146195167384576,46.78075752258301,74.40441818237305,25.0928653717041,10.382963180541992,9.646323680877686,4.490931606292724,0.7406152188777924,0.0972489096224308,0.328360179066658,2.4065579175949097,0.0662157833576202,0.0485167194157838,1083.1900146484377,5263.33740234375,957.9142456054688,259.6002502441406,164.68694305419922,279.92950439453125,4.122597217559815,5.339007425308227,19.756875228881835,91.51963424682616,1.479575777053833,1.2216858386993408,515.6937512397766,1265.1718638181687,2427.136443049088,0.7590950916986913,1344.4653872899712,276.3739163860679,18.06886958256364,17.75730518102646,1.397988762496971
333.87224992569537,64.28052873816341,10.447408995218575,2.194334107637405,0.5115376221132465,44.35317153930664,69.84882202148438,25.214599609375,11.343754768371582,9.758510112762451,4.70802001953125,0.6900385439395904,0.0974873133003711,0.3420189291238785,2.269339799880981,0.0690812274813652,0.0502710804343223,1077.9019287109377,3412.2586669921875,965.4813842773438,284.0572784423828,164.46377258300782,300.67120361328125,4.114090442657471,5.341081809997559,20.79891967773437,75.69978332519531,1.5500833153724671,1.19272723197937,513.4035798072815,1273.7832809105516,2378.483930848405,0.7430521542206406,1342.6233829468488,278.8963531941175,18.038440138846635,17.673963689804076,1.399861343856901
326.86088871080426,63.8602683454752,10.226357825286687,2.447721093893051,0.443645939452108,47.2379768371582,70.44733428955078,24.833835220336915,11.065653896331789,9.987927436828612,4.50094952583313,0.6774904131889343,0.0989307299256324,0.3262942761182785,2.3418130397796637,0.0641993634402751,0.0507775485515594,1066.985400390625,4176.959033203125,952.4701171875,278.62110900878906,153.66577911376953,277.5634399414063,4.111738395690918,5.424551916122437,19.47004356384277,83.50743103027344,1.3264307022094726,1.2062239408493045,511.1932330608368,1244.2730154275894,2366.756165285583,0.8326736633200198,1342.1586871139705,277.34339495003223,18.04474882930517,17.71058722734451,1.388915099063888
342.17210100423546,74.05239091999829,10.12171475077048,2.85205602645874,0.5025873876875266,45.90628776550293,65.1226676940918,25.324398040771484,11.112521839141843,10.852896213531494,4.564581441879272,0.7299425601959229,0.0952645793557167,0.3095520257949829,2.530807375907898,0.0664969630539417,0.0497993141412735,1105.3637451171876,3217.4952392578125,968.3009643554688,302.70514221191405,213.6987060546875,277.5364624023438,4.120814800262451,5.218228244781495,18.539474868774413,98.90199432373046,1.484405696392059,1.1844432830810547,516.3841834068298,1259.9713936418295,2350.1862528558004,0.7756600729655474,1338.3289584204554,284.2386141166091,17.90851069241762,17.67530801296234,1.3871736692730336
320.0919097756967,71.19400316141545,10.431690961122513,2.3123887151479723,0.4504335625679232,46.44844627380371,73.15699691772461,24.424489784240723,11.15337839126587,9.768336486816406,4.583189153671265,0.7070365428924561,0.1005619429051876,0.321889704465866,2.1825493812561034,0.060176432877779,0.0463782824575901,1029.9732788085937,5455.129443359375,935.1668151855469,299.9151550292969,160.38502044677733,287.24347534179685,4.11706690788269,5.527026700973511,19.420931816101078,75.2782485961914,1.256841504573822,1.093168067932129,514.4072351932525,1236.7446909323337,2250.4185969512328,0.7769648291636259,1339.1804305046796,280.0116594240069,18.033652482181783,17.664491593837738,1.3840460123494267
320.79977532010525,75.96488572396338,10.36574731376022,2.82561057806015,0.5181127285817638,43.92175407409668,71.4052505493164,24.84780502319336,11.10428295135498,10.23727798461914,4.567105293273926,0.7212414860725402,0.1002859897911548,0.3211748749017715,2.4896061420440674,0.0690483257174491,0.0475907683372497,1044.676904296875,4546.74638671875,951.693310546875,309.3977508544922,179.83763580322267,288.7158508300781,4.119418144226074,5.509512090682984,19.41952476501465,96.72965393066406,1.563421368598938,1.1400995254516602,515.676521730423,1289.9214172556997,2449.0385362522443,0.7116164705250412,1336.3755708552897,282.30844328403475,17.94192629009485,17.689698660373686,1.3934658286627382
332.94304132508114,78.97967666871845,10.791580949909983,3.638373395055533,0.4607250057219062,44.962973022460936,64.45819702148438,18.714196014404298,10.867882347106931,10.87002191543579,4.075644397735596,0.6961285233497619,0.1001631088554859,0.3446637004613876,3.000168037414551,0.0635105662047863,0.0303518902510404,1133.4489990234374,3636.947705078125,718.0549926757812,327.8825439453125,184.52389068603517,256.0129852294922,4.115066909790039,5.481901693344116,21.078695678710936,124.08245468139648,1.3773678302764891,0.7245016932487488,525.2011634826661,1410.9923036262394,2615.0853843080463,0.5872552578803152,1376.3872220309452,290.8943671643734,18.421586567163462,20.50428283214569,1.4410914089996367
320.4004464427009,71.26605336610228,10.348762788716703,2.588030296564102,0.5300942032132298,44.84660072326661,65.86926193237305,25.29396324157715,10.82724027633667,10.713251399993895,4.576980447769165,0.7360941946506501,0.1029877580702304,0.3186784893274307,2.401402711868286,0.0687813125550746,0.0486078567802906,1007.466571044922,3756.236572265625,969.6270874023436,290.1834289550781,178.26055145263672,292.02403259277344,4.121885299682617,5.631785154342651,19.3286922454834,88.4953125,1.5815943002700803,1.1114080548286438,511.70937604904174,1265.9247337922454,2450.1084267859405,0.7858781354036182,1338.0917752459643,280.8429931528866,18.049910459667444,17.732337534427643,1.4020069600548597
325.95235500223936,76.25838270112872,10.46777083845809,2.2408757999539377,0.4608562204346526,45.2317813873291,65.95199737548828,24.42106533050537,11.5898756980896,10.494098281860351,4.416133260726928,0.7427956521511078,0.0982757695019245,0.3200363367795944,2.1971047163009643,0.0635566234588623,0.0480950161814689,1030.277392578125,3823.771044921875,930.3500244140624,321.87245178222656,187.43734588623047,276.9656677246094,4.122903490066529,5.395697450637817,19.48456077575684,74.42947387695312,1.335994052886963,1.208993172645569,513.5363109111786,1293.077943253517,2490.5641638230472,0.7857725904788821,1336.413747215271,284.8633821234107,17.975468245893715,17.61773384809494,1.3839376244693995
319.9674667023122,63.388524062000215,10.367083868291228,2.5783349335193635,0.5348667386977468,45.82378311157227,65.11967849731445,25.399888610839845,10.811546039581298,10.547710037231443,4.775769424438477,0.6927367210388183,0.1046351298689842,0.3396274775266647,2.3780216932296754,0.0714562647044658,0.0506506372243166,1027.2867919921875,3212.359057617188,971.094268798828,264.2351348876953,204.31183776855468,302.0367431640625,4.114566802978516,5.74508695602417,20.35691738128662,87.33122024536132,1.6293184995651244,1.258852469921112,510.39775562286377,1243.153638982773,2229.0118450090813,0.8187161698937416,1341.624101009965,279.9758759766817,18.101365776360037,17.768254506587983,1.40843014549464
327.58763873632995,67.81601987686008,10.257172144111246,2.775475227832794,0.4769992882269435,44.21313247680664,70.97737426757813,23.849833679199214,11.145892333984374,9.707440757751463,4.530689907073975,0.7139166235923767,0.0969684518873691,0.3356007516384124,2.5400543451309203,0.0612596668303012,0.0498839803040027,1019.0218872070312,4904.787548828125,910.9691345214844,290.46587524414065,159.10848236083984,287.81279296875,4.118190956115723,5.331417989730835,19.989462471008306,97.50240097045898,1.3303309679031372,1.1550623416900634,515.9881906032563,1240.1572564586995,2330.3393723503045,0.7215389769058674,1337.8029185175897,278.6448800817132,18.014816228300333,17.742351913452147,1.386574641475454
329.14703263528645,76.51763374395668,10.263360710721464,2.688244764506817,0.4922721641429234,43.69373397827148,65.65147705078125,24.59559745788574,11.21928596496582,10.301448249816897,4.525639009475708,0.7172576904296875,0.0956034146249294,0.3273472726345062,2.50808846950531,0.0672807350754737,0.0498513977974653,1049.2234985351563,3843.09375,937.2505310058592,313.33397521972654,187.69750518798827,280.8090423583984,4.11873083114624,5.246185111999512,19.702980995178223,94.70684356689452,1.4712899208068848,1.2493932843208313,518.4004222869874,1324.5805323526265,2562.1181989231263,0.6836449319031089,1336.2559524014591,283.50369653105736,17.93111609518528,17.674827921390534,1.3881556190550328
332.5049526484683,62.74757763147354,10.42217890424654,2.6132424607872964,0.5416468009818345,46.52611656188965,68.04655990600585,24.069874382019044,10.497988986968997,10.388289546966552,4.527527141571045,0.6778832852840424,0.0998234085738658,0.3159406900405884,2.358418011665344,0.067987310141325,0.0506073586642742,1067.7483276367188,4459.1509765625,923.3582153320312,258.5383819580078,175.00242309570314,278.3469940185547,4.111848306655884,5.454481029510498,19.240529823303223,87.34262237548828,1.5691495418548584,1.2300508260726928,513.3530266284943,1242.3573544055223,2288.016038176412,0.8136568435933441,1344.2164639040827,277.2045943453908,18.08679020181298,17.757726204395293,1.4042296215426178
341.96471455469725,69.21532079931349,10.54655473260209,2.281258411705494,0.4467242841608822,42.44172973632813,68.71969985961914,24.45742015838623,11.403590393066406,10.855695724487305,4.5047447204589846,0.7046381235122681,0.1033288322389125,0.344082224369049,2.1973968744277954,0.060755106061697,0.050623369961977,1036.7248657226562,4427.8314453125,936.0681762695312,297.0069885253906,199.70255432128903,287.1099395751953,4.116678714752197,5.679179191589356,20.934201049804688,75.14341201782227,1.2631468296051025,1.186594796180725,520.9567031383515,1298.948791229725,2431.408479765186,0.6640349210239946,1340.145923332125,282.9470816649497,18.03434999659657,17.666562938690184,1.3845906567759811
319.35238313451407,69.32608341909945,10.482523149158803,2.4139728620648384,0.4517068752669729,47.20959739685058,66.77321929931641,25.52071895599365,11.055450344085694,10.454500198364258,4.373538970947266,0.7287448763847351,0.1047653339803218,0.3348436921834946,2.3965773582458496,0.0604390505701303,0.0483627580106258,1058.3772216796874,3650.0325927734375,975.2743591308594,286.90944213867186,219.4458923339844,274.6402740478516,4.120709896087647,5.747103881835938,20.381865119934083,84.75774383544922,1.2610254406929016,1.161102116107941,511.84174625873567,1250.3816991329193,2392.746391610388,0.7937675325199962,1340.7303274743258,283.2371104478836,18.030612573772668,17.702164423465728,1.3840967387426644
314.2185143909417,62.35012083612382,10.296917989850044,2.4109696105122564,0.5005607922270429,44.8008602142334,69.83904571533203,25.16026077270508,11.319380569458009,10.766828155517578,4.4589128494262695,0.7242313504219056,0.1013823509216308,0.3322114378213882,2.3763971090316773,0.0685949318110942,0.0515969339758157,975.4799377441408,4205.238720703125,966.2950622558594,274.2164245605469,195.1914581298828,283.4032165527344,4.119984149932861,5.532654190063477,20.077893447875976,83.79987258911133,1.510642981529236,1.2609169960021973,512.4334093809127,1239.6584306135774,2161.4284944977726,0.775691937841475,1338.9609582744538,280.59369443506,18.119613139331346,17.76443452835083,1.4034304965753108
311.4671043369919,62.35470851846039,10.451346353068947,3.0133802965283394,0.4748159305017907,46.03973121643067,67.52228698730468,24.23768844604492,10.873176956176758,10.2258487701416,4.52867579460144,0.6964317262172699,0.1057042524218559,0.3189761728048325,2.444001388549805,0.0634360380470752,0.0489536147564649,999.5776123046876,2923.51943359375,926.1165588378906,260.81957092285154,215.9711853027344,280.1652435302734,4.115244913101196,5.776991748809815,19.448241996765137,98.12168731689454,1.352317786216736,1.229763662815094,508.54883217811584,1250.8837750554085,2279.7513705389515,0.8642979288939386,1339.7255465202034,280.5352710321546,18.104913938045502,17.810497534275054,1.3941051852423698
326.99273582026365,64.09881649948656,10.320729797706008,2.233485847711563,0.4529883757815696,46.62951698303223,69.47965240478516,25.2972110748291,11.053723526000976,10.311286735534669,4.663297939300537,0.7342397272586823,0.103123240917921,0.3374026834964752,2.2511274814605717,0.0624021720141172,0.050654998421669,1084.5021118164063,3463.71494140625,966.529852294922,277.76976318359374,163.25994415283202,293.23284606933595,4.121578788757324,5.623346567153931,20.551926612854004,75.91899795532227,1.307844054698944,1.197378945350647,513.8574863910675,1238.8926086634397,2239.522874994832,0.7807550255209208,1343.427270488441,277.9666765630245,18.054026873409747,17.681584620475768,1.3880978707689793
321.6754118668847,59.93490215167403,10.443129956256598,3.173875692486763,0.5354106273676734,44.02638320922851,68.37568740844726,24.65180797576904,10.651442813873292,10.17335329055786,4.646246767044067,0.6975293219089508,0.1054846987128257,0.3336778312921524,2.567308712005615,0.0663438454270362,0.0511107504367828,1002.7599609375,2932.5557861328125,946.7895629882812,252.53900299072265,166.96536254882812,291.1089385986328,4.115422439575196,5.763690614700318,20.340653038024904,105.98295822143557,1.5153894662857057,1.2824836730957032,510.99997968673705,1248.7982670620083,2319.4514925232625,0.8086992882192134,1340.3035854108632,276.0628541186452,18.106840255111457,17.8402357339859,1.402356551331468
311.9146825863048,75.24002663716674,10.251711062155664,2.674417334794998,0.4733730068430304,47.419633102417,70.01010513305664,24.749095153808597,11.37246255874634,10.530710697174072,4.623291873931885,0.7139125466346741,0.0969142466783523,0.3067449957132339,2.472186231613159,0.0629518717527389,0.0505668934434652,1031.1532836914062,4295.305615234375,950.3610961914062,315.8611633300781,177.7398452758789,280.68651428222654,4.118182945251465,5.2924622058868405,18.6414888381958,93.07263641357422,1.361006736755371,1.18259801864624,511.8305349588394,1243.261702555418,2235.231505488372,0.8418149962555617,1335.1191609591249,282.7930382862687,17.944272624701263,17.67426587343216,1.383253901079297
319.68732877317814,77.90688459798693,10.46290409034118,2.696813350915909,0.5409853370394557,43.17358894348145,65.57948226928711,23.7230073928833,11.48306484222412,11.122849655151366,4.645147895812988,0.6882745385169983,0.1016171351075172,0.3187464892864227,2.3347941398620606,0.0690907567739486,0.0494265936315059,985.8287963867188,4071.217602539063,906.330615234375,320.4943084716797,230.3286361694336,283.2889099121094,4.113661766052246,5.574031257629395,19.4348518371582,88.33305206298829,1.5961395382881165,1.2136152267456055,515.7942869663239,1250.006614935398,2379.613418213464,0.7169391123112291,1333.4041315965355,287.5643976852298,17.972922026365996,17.676913189888,1.397262553544715
338.15900901407,64.33974087778479,10.378139665070922,2.5938197761774062,0.4590776115772314,44.93956184387207,66.99819564819336,23.998619079589844,11.315462684631347,10.392679691314695,4.682367324829102,0.6915236115455627,0.1050427861511707,0.3319190889596939,2.271750664710998,0.0661493331193923,0.0486368238925933,1064.5649658203124,3731.649169921875,919.796533203125,283.5231658935547,173.88994293212892,294.91563720703124,4.114359855651856,5.765779161453247,20.009235191345216,83.91805953979492,1.383096420764923,1.2197406888008118,516.6498644351959,1275.7999919548631,2466.952021760546,0.7428728870116175,1341.5666081406175,279.52554012462497,18.032809574157,17.70377563238144,1.3909970391308888
315.7616082392633,74.39498219192028,10.248715200740843,3.126770405471325,0.4722707969835028,45.78039093017578,68.0778076171875,24.27303256988525,12.006773662567138,10.382598495483398,4.5179705142974855,0.7290310442447663,0.0997747853398323,0.3339920341968536,2.503942394256592,0.0632993005216121,0.0480819191783666,996.2683898925782,5226.02548828125,930.6206237792968,324.56988220214845,215.4715927124024,286.24298095703125,4.120665454864502,5.4458993434906,20.35848388671875,102.99769515991213,1.3574804186820983,1.1843025445938111,513.5088286399841,1240.6586195528507,2279.2649025218443,0.7926735747605562,1331.5678415581583,286.5441670358181,17.91844953931868,17.691114473342896,1.381004957552068
335.94674422331155,61.20908671095968,10.617118219658732,2.786791902780533,0.4777601201902143,45.22028427124023,67.05351638793945,24.499646186828613,11.033291912078855,10.21300630569458,4.367404222488403,0.6903061866760254,0.0984965153038501,0.3185113877058029,2.5525977849960326,0.0677789069712162,0.0469944916665554,1076.2452514648437,4404.830322265625,939.8094482421876,266.3450439453125,177.77810821533205,269.6210876464844,4.114141941070557,5.4076012134552,19.516181182861327,98.14938354492188,1.463490867614746,1.110397458076477,513.1461627006531,1266.676040378213,2425.024817288766,0.751040400750935,1342.7793245472014,277.8410332098603,18.03617802336812,17.762644672393797,1.3953073963988571
342.75161126544697,63.98679829537869,10.4113338005729,2.9297870069742205,0.4484813716146164,47.67621269226074,63.6484935760498,24.2081880569458,10.957072448730468,10.591544246673584,4.452303218841553,0.722566556930542,0.0965541921555996,0.321792009472847,2.5758898973464968,0.0635355494916439,0.0490679305046796,1130.698095703125,2889.0333251953125,930.2080871582032,270.6641571044922,210.7156005859375,271.12290649414064,4.119560861587525,5.294186115264893,19.56418170928955,102.03082427978516,1.3294870138168335,1.1391134977340698,516.1451350927352,1237.18643027395,2293.2324146179426,0.8262018508277833,1342.489241679758,280.3812959328294,17.976406007260085,17.73199452161789,1.383940160786733
326.6703281192109,76.39487471692264,10.383323422260585,3.092690145969391,0.5233657625038177,41.59578514099121,69.89496765136718,23.937939071655272,11.659601020812987,10.83108081817627,4.403591775894165,0.7039112329483033,0.0956134632229805,0.3320518046617507,2.622746276855469,0.068172038346529,0.0470588415861129,997.444921875,3618.8197509765614,918.092156982422,322.56780700683595,210.78209533691407,274.502001953125,4.116443014144897,5.247684192657471,20.184384727478022,107.18622589111328,1.5536156058311463,1.133826839923859,517.5208585739135,1290.6558976635338,2487.056646295189,0.6791909135412425,1331.497790952772,285.97390729933977,17.906889954954387,17.703240644931793,1.390349502582103
334.3249907111749,65.92738120555877,10.54409435177222,2.8225772842764854,0.5357933657593094,43.55482406616211,69.58744735717774,25.4181209564209,11.207724285125732,10.605534172058103,4.397171258926392,0.7239203989505768,0.1056772783398628,0.3252811968326569,2.530699062347412,0.0654613956809044,0.048062066361308,1053.401940917969,4238.065283203125,974.473406982422,280.5461029052734,223.28787536621093,277.2097412109375,4.119885015487671,5.799520349502563,19.88680591583252,98.07928924560548,1.5082848906517028,1.1598963975906371,516.9144956111908,1271.767360767722,2424.882100524404,0.7023998637683689,1340.2821778193115,282.5095805592835,18.01565008535981,17.74689053297043,1.3957613753154874
335.26857859268785,75.87685310207307,10.318783250357956,2.645174449682236,0.4375683570571709,43.82176818847656,68.19542083740234,23.991082000732423,12.16140022277832,10.606946468353271,4.516810655593872,0.7356113970279694,0.0964983731508255,0.310150271654129,2.3067921876907347,0.0626315429806709,0.0486021019518375,1039.7220947265623,4680.55595703125,921.570849609375,332.8709655761719,222.857177734375,278.36854553222656,4.121715879440307,5.288080501556396,18.847748374938966,86.46411590576172,1.2821259140968322,1.1874865412712097,519.8851615905762,1285.1698417797684,2417.596670559986,0.6818224346730858,1334.215145728737,287.7216909557581,17.89994711354375,17.615515637397767,1.376072995737195
314.2752370260656,67.53603959307074,10.37646821225062,3.0186444610357284,0.4935499485232867,44.45441856384277,63.70129280090332,25.313356781005854,10.803749752044675,10.132176208496094,4.768132257461548,0.7219960510730743,0.0960590042173862,0.3341622829437256,2.4710076808929444,0.0673496820032596,0.0492223054170608,970.3897216796876,2924.9800537109377,963.0386779785156,277.6082733154297,191.61297607421875,301.7315704345703,4.11961030960083,5.272903823852539,20.08084163665772,99.34612045288084,1.4676777720451355,1.2370051383972167,513.1177446842194,1240.3353174716235,2274.278911398957,0.8264971805270761,1336.1729140743614,281.0206908404827,18.079481708258392,17.79627469778061,1.398271582624875
327.4394433714449,69.94985224343836,10.46006399858743,3.101502074301243,0.464127900567837,44.42679023742676,66.04264221191406,23.838825607299803,10.72862672805786,10.798097801208495,4.670067167282104,0.7252633273601532,0.0968222461640834,0.3388870000839233,2.537577438354492,0.0658213950693607,0.0484218392521142,1067.5556030273438,3149.1513671875,913.7761169433594,280.92474060058595,229.2115692138672,287.20216979980466,4.120073080062866,5.304965543746948,20.696018600463866,103.72499313354491,1.397924864292145,1.1586189150810242,513.2375133037567,1255.8912564277648,2410.030054992449,0.7469560151919723,1339.5481694720686,282.6882517427206,17.989623034745456,17.74901075363159,1.3884157623164357
330.9477956676856,73.4260400345549,10.280517821386455,3.1572918444871902,0.5222825914737769,43.03483924865723,68.97632064819337,24.095633506774902,11.086725425720214,10.672072887420654,4.560478925704956,0.6772240161895752,0.0961348980665206,0.3255418539047241,2.6029592990875243,0.0671612471342086,0.0472459968179464,1036.3330444335938,2977.7283935546875,918.8921997070312,300.7245788574219,200.0091110229492,288.17022705078125,4.111654281616211,5.249032354354858,19.8275541305542,107.50204086303712,1.5277745246887209,1.1382406234741211,518.6340911388397,1294.0146417036651,2502.54388563775,0.7022089027334004,1335.3909519210458,283.05224420800806,17.94063265696168,17.732350397109986,1.3917558851186187
322.48846612758933,64.90466589573771,10.52943317182362,2.9021865159273146,0.5444430812494829,45.02897415161133,66.34330520629882,24.687667274475096,10.61535873413086,10.278204250335694,4.751441383361817,0.7205093145370484,0.101556196808815,0.3439184993505478,2.43645007610321,0.067806489020586,0.0486758664250373,1029.7853149414063,3109.242846679688,944.9185180664062,266.0075927734375,186.62256622314453,299.08727111816404,4.119333791732788,5.571721506118775,20.934833145141603,95.84282684326172,1.5754957914352417,1.1516080617904665,513.0913552761078,1242.1331033989786,2347.312114785763,0.7721181939821691,1340.712468469888,278.94632995948194,18.077452214807277,17.782587683200838,1.4036237932741642
313.26502090021967,63.297520811110736,10.599395721498876,2.293346184492111,0.5262018645356875,44.15651359558105,70.32366485595703,25.291776847839355,10.640119934082032,10.279077339172364,4.502292013168335,0.6839033424854278,0.1048223577439785,0.3214341610670089,2.27591187953949,0.0660977602005004,0.0510313596576452,956.2842346191406,4613.64384765625,962.4466918945312,263.45094909667966,175.7650894165039,273.12486877441404,4.112971639633178,5.746401309967041,19.58288707733154,77.7705696105957,1.4973328113555908,1.2476289510726928,510.3129142522812,1248.3335323795675,2330.23847582842,0.7824931779876352,1340.1826246619223,278.38236721903087,18.17313502505421,17.779138255119324,1.40651970570907
360.0796858323738,72.55550539959222,9.92593738650903,2.987868273258209,0.4383975298842415,50.39769058227539,68.0473129272461,23.16914367675781,11.993759822845458,10.03234577178955,4.352344512939453,0.7239063322544098,0.1004716970026493,0.3137606054544449,2.5066628456115723,0.0611085105687379,0.0487546980381011,1185.9573608398437,4930.05791015625,890.0701599121094,323.1341156005859,176.53328552246094,278.6883850097656,4.119785785675049,5.480412387847901,18.93753299713135,101.33469314575196,1.2666229605674744,1.1512726545333862,517.7409272670745,1322.646644218266,2425.056859933393,0.7340317392721772,1335.562800052762,282.3960545092821,17.704811641573905,17.439981150627137,1.3624915616586804
323.94892236441376,64.74137220066041,10.347409191261978,2.391118070483208,0.5222888694959693,45.05952453613281,66.97756118774414,24.03416519165039,11.0616304397583,10.040958881378174,4.584350633621216,0.6825844466686248,0.0962893985211849,0.3366053402423858,2.308111906051636,0.0658175989985466,0.0474704448133707,1016.6766418457032,4057.6643798828127,921.1890747070312,275.8933044433594,186.91455841064453,291.7477325439453,4.112726545333862,5.28797664642334,20.137544250488283,81.06759872436524,1.495700216293335,1.1183154463768006,513.0041819095611,1239.1794031664729,2239.945988772169,0.7942423980217427,1340.7968393810092,280.2183307558298,18.09087635204196,17.734669196605683,1.4007265193853526
331.4837781265378,59.12717617694288,10.294599541369823,3.2941681653261186,0.46122530149878,47.65106239318848,65.74200134277343,24.28188991546631,10.968475341796877,10.255652332305909,4.714779424667358,0.6829725682735444,0.0975016959011554,0.3394073873758316,2.534557747840881,0.0611065376549959,0.0483633387833833,1105.6350463867188,3133.6827392578125,925.159765625,255.2882553100586,185.61111755371093,298.602197265625,4.112768602371216,5.323095035552979,20.592947959899902,106.95924224853516,1.2859256982803344,1.2042171835899351,512.2470103740692,1242.735815145075,2263.586159021093,0.8064087174367159,1343.6016607642173,276.9354653932154,18.023415710777044,17.78403115272522,1.3848882246296852
342.5787862978876,61.698015940003096,10.3411628684029,2.337814754247665,0.4568911874433979,46.31195335388183,72.51274337768555,24.46178340911865,10.816641998291017,10.545122146606444,4.407843828201294,0.7108993530273438,0.0974164083600044,0.3331492990255356,2.2076144933700563,0.0657614365220069,0.0471048969775438,1078.9599487304688,5006.703125,930.8667602539062,263.37750244140625,167.25000762939453,277.3130645751953,4.117758750915527,5.32181453704834,20.17734088897705,76.52835464477539,1.381566548347473,1.112518131732941,515.7186590194702,1235.39002635926,2322.4274896598718,0.7767055542208254,1345.072077421844,277.223261602968,18.0914850756526,17.713280522823332,1.3948067174293102
331.299884403497,65.41220309361816,10.438455728255212,2.856425353884697,0.4952226137509569,46.13318939208985,66.06207733154297,26.084221649169923,10.47671356201172,10.438287830352785,4.462176561355591,0.6850917518138886,0.1059121467173099,0.3155598521232605,2.489236712455749,0.0642424255609512,0.0495664309710264,1110.3180053710937,2931.4638671875,995.524188232422,264.9503936767578,183.31644439697263,281.70985412597656,4.113180160522461,5.807418441772461,19.17313423156738,97.1470962524414,1.4128014206886292,1.2144277691841123,513.6765561103821,1259.1166817203164,2339.809094644629,0.7524817134719342,1343.5684925802052,278.08604999482634,18.01727418228984,17.74466606378555,1.3911904983222485
334.32748666573315,70.33404613658786,10.205117527022958,3.1620090425014498,0.5163673346862196,47.46825180053711,67.6698226928711,24.580714225769043,11.705059242248534,9.772717475891112,4.309226751327515,0.7377827286720275,0.0946014046669006,0.3178614675998688,2.4779183864593506,0.0679445467889308,0.0492648761719465,1100.6293212890623,2991.20556640625,943.466668701172,312.9314727783203,157.35534057617187,262.41270446777344,4.122036933898926,5.174468421936036,19.277791595458982,102.65533447265624,1.5462336778640746,1.141523540019989,514.2774426937103,1246.0239568144084,2326.5313406321743,0.8154442098457366,1336.0992333628235,280.1772653669119,17.86423855051398,17.66094002723694,1.3873098484706134
329.28603108804674,61.89181512929499,10.262098802533,3.099451930820942,0.4618981189909391,46.92685775756836,67.00760421752929,25.38700771331787,10.9077654838562,9.574853706359864,4.376801490783691,0.7153821051120758,0.095878978818655,0.3191116392612457,2.628804087638855,0.0605481572449207,0.0479864217340946,1065.4963745117188,2937.72978515625,973.1469177246094,266.6345672607422,157.47830810546876,277.87779235839844,4.118513584136963,5.259191656112671,19.106824684143067,107.2863426208496,1.289647340774536,1.113864254951477,511.3628914356232,1244.8979250460864,2299.880964419298,0.8436868355609477,1340.659622494131,276.3138866312802,18.02477065846324,17.785725390911104,1.3850970666389912
327.1881741432473,64.7768326420337,10.451482410449534,2.3939521715044974,0.4978101027198136,47.18304176330567,64.6704475402832,25.70914821624756,11.303219509124755,9.919498062133789,4.285523128509522,0.6783889949321746,0.1027267552912235,0.3302634537220001,2.366998314857483,0.066875971108675,0.0500632736831903,1081.9040893554688,3024.828198242188,985.2173400878906,283.94395141601564,180.8694854736328,262.9971160888672,4.111870956420899,5.636517286300659,20.044428253173827,83.31245651245118,1.4845972776412963,1.1573202729225158,513.38473508358,1250.600733347237,2377.2099745166256,0.808269527181983,1341.615887159854,280.12567926347253,18.02087364867329,17.69335917234421,1.395363711612299
316.1543061153963,71.02307443134487,10.4380157019943,2.615566720068455,0.4699858960113488,42.78858642578125,68.15391159057617,26.04533405303955,11.178205108642578,10.336778831481933,4.689238834381103,0.7202131450176239,0.0987800553441047,0.3273423939943313,2.4484967470169066,0.066718166321516,0.0494139641523361,960.9412963867188,3946.929150390625,993.2126953125,300.658447265625,158.26477661132813,294.2866912841797,4.1192827224731445,5.404360914230347,19.957946014404296,90.78720245361328,1.423170518875122,1.1904033303260804,513.5728824138641,1240.732295513153,2293.2435463793054,0.7388324822299183,1334.609472231567,280.0109699964524,18.045570929348468,17.73597686290741,1.3935455297119916
329.5867121860385,59.279284302890304,10.527741628233343,2.942829729616642,0.4632859699893742,43.71706886291504,67.88856506347656,25.27856311798096,11.020156097412109,9.911596488952636,4.400096750259399,0.734852933883667,0.0976475067436695,0.334212788939476,2.4780901193618776,0.0645296066999435,0.0483360543847084,1011.0048583984376,4682.6515625,968.6566284179688,257.5662567138672,181.6064865112305,273.6746826171875,4.121663379669189,5.361637973785401,20.26551570892334,98.16719665527344,1.3666202664375304,1.146326684951782,513.6274461746216,1241.189223191142,2292.817483221175,0.7395411520265043,1341.44797456041,277.4792956128716,18.107356046140197,17.81004376411438,1.394825578154996
345.400416870974,62.02086592018604,10.449341950099916,2.624121391773224,0.5287949520745314,42.36159019470215,61.419599533081055,17.081466102600096,11.088936710357666,10.779347610473632,4.548486661911011,0.7043572008609772,0.1038809075951576,0.3242155790328979,2.3659224987030028,0.0659794710576534,0.044564676657319,1105.813818359375,3772.763500976562,649.9287475585937,268.20460205078126,195.4104141235352,281.8632415771484,4.11663236618042,5.696988964080811,19.629602241516118,87.23824081420898,1.5606443285942078,1.0898768305778503,523.6820222854615,1338.3746176496147,2451.535283215612,0.6308048461098223,1346.8812135927378,279.645914645493,18.08466320112348,17.877901256084442,1.4052480776794254
321.26589294476435,64.33750615157187,10.206866431050004,3.240705621242524,0.432211648998782,44.46712226867676,71.59665222167969,24.6919002532959,10.817091274261475,10.222929096221923,4.715053844451904,0.6915213882923126,0.0986788354814052,0.3112216234207153,2.53796935081482,0.0634806461632251,0.0507784653455019,998.980615234375,4173.85185546875,948.5945495605469,272.33489685058595,161.92369384765624,298.3693115234375,4.114355421066284,5.397430181503296,18.642376708984376,106.08883438110352,1.285479438304901,1.2146628260612489,512.7549839258194,1241.7336106911305,2260.6888420498058,0.7867947177961468,1338.1651904672383,277.4340975038707,18.05547277107835,17.805115401744843,1.3872471345122903
332.3488655719906,68.01335866339505,10.517539696209132,2.340329802036285,0.4523648640606552,43.64081916809082,70.93356628417969,24.16208972930908,11.167405986785887,11.086688995361328,4.596044921875,0.7374904870986938,0.1023622788488864,0.3210036218166351,2.2836398124694823,0.0613961741328239,0.0503411378711462,1037.0435668945313,5150.705029296875,927.5307983398436,285.11589965820315,231.26728515625,291.7168914794922,4.122097301483154,5.616540956497192,19.542070579528808,79.2406723022461,1.2782467007637024,1.2252875685691833,514.7402381896973,1325.1486694335938,2554.521730506589,0.7135004641022533,1341.2689325407148,284.08141404762864,18.060856805741786,17.702397894859313,1.387148984754458
306.25250899344684,68.81192998215556,10.222747990209609,2.385179674625397,0.4916946537035983,44.02186813354492,67.3861457824707,25.61246337890625,11.076211547851562,10.167574214935303,4.45140438079834,0.7053385078907013,0.0983252346515655,0.3222377598285675,2.275757145881653,0.0631044566631317,0.0491228278726339,957.2909423828124,3651.541162109375,977.5303771972656,290.00587768554686,170.00943145751953,284.3961669921875,4.11678204536438,5.371022891998291,19.33726100921631,79.81865768432617,1.376612091064453,1.2197693824768066,510.45153110027314,1246.6157427921892,2329.1425520189573,0.7747803015634418,1336.5937473520637,280.3879446461797,18.09881442785263,17.731595671176912,1.3948396990075709
337.4591685684398,67.79683907013387,10.401287769526244,2.9055042386054994,0.516450789629016,47.40546073913574,71.5023567199707,25.357287788391112,11.040046882629394,9.931591987609863,4.611285209655762,0.6908336579799652,0.0988135427236557,0.3250449120998382,2.593053197860718,0.07015086337924,0.0503076501190662,1121.4943969726562,4585.243212890625,967.1057434082032,285.8208435058594,182.0226043701172,290.5382385253906,4.11416187286377,5.4255040168762205,19.730935668945317,102.3004867553711,1.582409691810608,1.2190335392951963,514.1178576469422,1287.9787086948752,2425.175103757612,0.799772513564676,1340.9983856469394,279.9680780403316,17.935130895674227,17.709186244010926,1.3942231619730592
322.56140415482224,62.46703050136566,10.25711174029857,3.098102369904518,0.4534593363059684,43.98032684326172,68.54132537841797,23.817896842956543,11.114738655090331,10.25849437713623,4.324181079864502,0.6998836278915406,0.1030258633196354,0.3147752493619918,2.566253781318665,0.065286199748516,0.0490084815770387,999.674365234375,4271.07861328125,907.2714050292968,273.53832092285154,171.80812072753906,264.12339782714844,4.115853786468506,5.641004037857056,18.889801597595216,104.66672286987304,1.35985267162323,1.1995726227760315,512.2717114210129,1248.0001517787575,2382.9601802670395,0.7535528316162526,1338.2467254206538,278.238292761147,18.054764755815267,17.799604976177214,1.3910902932286262
317.0212730223313,65.1205828756094,10.276705071050674,2.56835431009531,0.5060770804411732,46.76782188415528,70.48997116088867,24.298534202575684,11.076153564453126,10.607570934295657,4.448556041717529,0.6848241984844208,0.0998297378420829,0.3118212312459946,2.378570890426636,0.0655532374978065,0.0499157890677452,1037.1606201171876,3980.2136474609374,927.332781982422,278.08033142089846,201.0059814453125,270.2567657470703,4.113139915466308,5.453726387023925,18.828199195861817,87.24315643310547,1.4685254454612733,1.152582001686096,510.7353271484375,1246.0834075421094,2325.8594935055007,0.8108924966771156,1340.7518173731864,281.0261059626937,18.058744376152752,17.736457073688506,1.3971063995268196
319.94445754252376,72.63175948187708,10.490728060156108,3.0219668969511986,0.4547440149472095,43.61456184387207,69.80211486816407,24.04710578918457,11.005401802062988,10.061425399780273,4.4275205612182615,0.7219920992851258,0.0971232414245605,0.3335303723812103,2.604103207588196,0.0645399071276187,0.0486017204821109,979.1692321777344,3605.535888671875,922.657373046875,296.976611328125,185.94151306152344,282.68296813964844,4.119599342346191,5.329618549346924,20.31584053039551,104.85872650146484,1.3481940746307373,1.1954328775405885,516.4950648784637,1243.3937949329616,2389.680134647578,0.7463236984796822,1334.2488279506565,281.9508693702519,18.00905322507024,17.764483988285065,1.3870731641305611
322.97635053135457,64.5424638196826,10.42695865035057,3.125311678647995,0.4701384460204281,45.50862007141113,70.12072525024413,25.89423522949219,10.83665361404419,10.302228641510007,4.3210060596466064,0.7368648886680603,0.0960580542683601,0.3266855120658875,2.6748466014862062,0.0627121455967426,0.0507948275655508,1033.8170654296875,3884.715625,986.0417236328124,273.94142150878906,162.45693817138672,271.9425506591797,4.121977281570435,5.261642074584961,19.87744140625,109.6481948852539,1.3468984723091126,1.1908357977867126,513.4146762371063,1240.7701845109464,2283.4791173079343,0.7594135629013181,1338.974621282518,277.2889364041388,18.021169346570968,17.791263234615325,1.3877036556135862
327.1081188485026,61.88882689662277,10.42866730261594,2.6310918152332308,0.5453303872840479,44.99061584472656,65.13754119873047,24.399233627319337,10.16121597290039,9.501255321502686,4.3600685596466064,0.6916591644287109,0.0970914788544178,0.3433049529790878,2.431475806236267,0.0677565738558769,0.0494953844696283,1049.8599365234377,3161.832568359375,937.4277221679688,248.4530578613281,150.85761108398438,274.9416198730469,4.114388132095337,5.299515342712402,20.92776756286621,90.3092414855957,1.575123906135559,1.1629974484443664,514.9296986579895,1237.2768706291913,2256.910178550269,0.7620652186218649,1344.2099986817689,274.10879083648325,18.11911799460649,17.791084682941438,1.4066186763346196
342.3091191807762,64.25818772353232,10.3703752188012,2.8968500018119814,0.4706894540926442,46.06913414001465,66.4415153503418,24.05613670349121,10.9945894241333,10.541218280792236,4.260281801223755,0.7374657154083252,0.1048353113234043,0.3343185901641846,2.571982860565185,0.0629775680601596,0.0470688499510288,1104.0554565429688,4156.349951171875,923.5656372070312,276.6160400390625,173.32831878662108,263.48252258300784,4.121957063674927,5.759971189498901,20.17515621185303,101.22447509765624,1.347707200050354,1.1459953665733338,518.6252952575684,1239.467931312323,2316.990948035841,0.7324388075619936,1341.774532198906,278.1637828499079,17.980333358049393,17.731896007061003,1.3850194759201258
305.0022396774963,65.95539380088448,10.117516866885126,2.482541887462139,0.5305891516734846,47.640845108032224,69.07372970581055,25.02828884124756,11.430963134765625,10.286097049713137,4.450531482696533,0.7077537775039673,0.103959884494543,0.3314992100000381,2.2582820653915405,0.0698326803743839,0.0473447564989328,1002.815478515625,4473.59423828125,958.1221923828124,290.4797119140625,180.04879760742188,274.1405334472656,4.117218494415283,5.682330751419068,19.754341506958006,81.22314453125,1.597202205657959,1.1276368498802185,508.549077296257,1226.3465025410055,2198.6570527861304,0.862951530655846,1338.4475009180603,281.11219633072614,18.06335289478302,17.71312198638916,1.403875517193228
335.8483375998214,74.6036412961781,10.214467980060729,3.015181268751621,0.5022303178440779,45.106851959228514,72.11401290893555,24.731511688232423,11.39905128479004,10.85941152572632,4.484709882736206,0.7128888010978699,0.1024407863616943,0.308270639181137,2.5194626569747927,0.0689391620457172,0.047263665497303,1074.946374511719,4979.479541015625,946.5173767089844,311.4621337890625,211.11483612060547,278.1484130859375,4.117949724197388,5.6107322692871096,18.62034454345703,101.60761947631836,1.540894365310669,1.1028798818588257,520.6085124492645,1290.2903573736548,2432.652822866774,0.6952607389073819,1336.526068199426,284.6256658345461,17.893278119713067,17.677231299877167,1.389176437119022
327.93838319759817,72.72054406888783,10.282745309453457,2.7863576859235764,0.484902835637331,43.14446487426758,69.11234893798829,25.79408626556397,11.121596527099609,9.725659370422363,4.624910020828247,0.7398187994956971,0.1047322489321231,0.3229918658733368,2.490538716316223,0.067848315834999,0.0497602447867393,1031.9065673828125,3753.186767578125,988.5676330566406,303.70167236328126,158.7995819091797,288.0172576904297,4.122406101226806,5.726176643371582,19.60274200439453,95.93523483276368,1.4758909344673157,1.2050990343093873,517.23029088974,1295.9963334530592,2501.224124238227,0.681074104225263,1336.7295554161071,279.88007371127605,17.97116130888462,17.706118214130402,1.391090145055205
323.88256305549294,61.097977141290905,10.267972937505691,2.449194455146789,0.5313163448357955,47.4087329864502,70.62507476806641,25.634921836853028,10.966930770874024,10.328779983520509,4.559616804122925,0.7231861710548401,0.0962728552520275,0.3129974663257598,2.327696514129639,0.0671818472445011,0.046630011498928,1032.8908203125,5268.90810546875,984.7776550292969,257.5430023193359,217.0898635864258,286.51158752441404,4.119810771942139,5.262940549850464,18.78216552734375,82.87545242309571,1.5429205060005189,1.0748080968856812,510.6660328865052,1244.088949047029,2271.155589856062,0.8889026182238012,1343.4379937734454,280.30057321637867,18.127457869797944,17.766566383838654,1.405574413854629
333.2656961724162,72.34836081564427,10.177100091613829,2.404627288877964,0.4571487794280983,49.12442855834961,67.8520736694336,24.90252685546875,10.946541786193848,10.587963485717774,4.512083959579468,0.6820506095886231,0.0985893011093139,0.3250075310468673,2.184018135070801,0.060371097177267,0.0492676500231027,1117.150390625,3731.730908203125,956.5108215332032,291.4698547363281,228.5820755004883,283.4129638671875,4.112604141235352,5.4047445297241214,19.40190658569336,77.23126220703125,1.2678695559501647,1.205470073223114,517.6966989994049,1230.464175541699,2282.1541037132906,0.8089375965297222,1342.5454395797103,284.4239934027195,17.98678463548422,17.642652881145477,1.3816331374458968
333.2965604038909,68.28616213537752,10.137170779984444,2.7345887959003448,0.5063342306297273,44.98837471008301,73.64368515014648,25.96048812866211,11.063552474975586,9.80669870376587,4.575772953033447,0.7137669920921326,0.0985545702278614,0.3047575891017914,2.3452237606048585,0.0671260952949523,0.0473902076482772,1078.9491821289062,5295.465087890625,996.0658630371094,290.1092803955078,156.12979583740236,292.45366821289065,4.118148231506348,5.379424142837524,18.330135536193847,89.40066680908203,1.502665138244629,1.1157663941383362,517.361464881897,1254.9349470183254,2329.203246404993,0.7150558210909367,1340.7445150531828,278.23498095199466,17.98955141454935,17.694816076755522,1.393824434792623
312.6454425735399,64.55161456987261,10.417253183294088,2.931970480084419,0.4891473426891025,45.925011825561526,68.60854644775391,25.667020416259767,10.391186618804932,10.268917751312255,4.412478971481323,0.7403011202812195,0.0979941077530384,0.3361524164676666,2.6222583055496216,0.0667146392166614,0.0475441377609968,992.4431640625,4477.73916015625,982.2490234375,258.8656036376953,187.6428665161133,281.51927490234374,4.122548675537109,5.379389810562134,20.23289833068848,103.58782806396484,1.4517167210578918,1.1615461945533752,510.6187248468399,1249.387394206226,2349.8946312867747,0.8181107319891453,1339.9520137831569,278.18172493577003,18.10613736435771,17.82912286520004,1.3990398349240425
315.16866578292104,61.60247990079224,10.484986268542707,2.1779369875788688,0.5219982472481206,47.11304168701172,67.84262619018554,24.97988624572754,10.786205387115478,10.320646572113038,4.6019031524658205,0.7368699669837951,0.1007088176906108,0.3145919680595398,2.2698429822921757,0.0669417187571525,0.0509037770330905,1014.4185668945312,4350.4951171875,958.7101928710938,256.32065734863284,203.9202438354492,289.6389587402344,4.122012901306152,5.5018798351287845,19.184102058410645,75.13147354125977,1.517556118965149,1.195323371887207,510.53568596839904,1244.318311868608,2327.084481220972,0.8425092429388314,1343.5911220766604,279.7500608175993,18.160870641469955,17.75708693265915,1.4065296769607811
319.43514655511825,65.8954221136868,10.435036083962768,2.870130656659603,0.5018185231136159,43.69554214477539,67.45656356811523,24.76992721557617,11.166511726379394,10.165652561187745,4.3037402629852295,0.7202140390872955,0.1058562189340591,0.3384515464305878,2.395180487632752,0.0644004635512828,0.0523106422275304,975.2705200195312,4366.44580078125,944.4745361328124,283.2552764892578,186.04906768798827,266.3325897216797,4.119295120239258,5.785875034332276,20.650007057189946,93.66045837402343,1.4219011664390564,1.299365270137787,513.6755968093872,1238.8714432150125,2296.804269768764,0.7804312262218446,1337.0059067606926,280.74370446205137,18.075057753175496,17.770605313777924,1.3954946977784857
335.25503781214354,74.37759501934052,10.23117063641548,2.948166091740132,0.4580828582576942,43.57793846130371,66.32913131713867,24.363237190246583,11.67451992034912,10.532926082611084,4.450881719589233,0.7333047270774842,0.1012131042778492,0.3326636373996735,2.48423228263855,0.0602227170020341,0.0479321096092462,1025.39169921875,3415.24375,927.0036315917968,322.2046691894531,170.3804916381836,272.21311950683594,4.12136173248291,5.522476673126221,20.27677154541016,98.94036483764648,1.2626300692558288,1.2109741568565369,519.0159593582154,1249.3598129436373,2350.442417360668,0.7281818647868932,1333.2638847067951,282.5065538287163,17.913916803523897,17.673636198043823,1.3758765197591856
326.03380360417066,73.302215577662,10.459132319875062,2.614069764316082,0.5052103022811935,45.49776268005371,64.29066543579101,24.957107162475587,11.305213737487794,10.867355251312256,4.623350143432617,0.701369309425354,0.1014961741864681,0.3206803858280181,2.278812313079834,0.0632842123508453,0.0500975515693426,1059.6730590820312,3159.8579833984377,949.5668518066408,303.9523040771484,215.2848907470703,295.56500549316405,4.115866851806641,5.567349338531495,19.547265815734864,84.67830352783203,1.4103537440299987,1.227976930141449,517.2704172134399,1254.5968108817935,2379.9615741327752,0.7376145573332906,1338.321295326948,285.0012546442449,17.976020023971795,17.665921223163604,1.3880983015988022
325.5373653749004,75.8781871901825,10.29494260083884,2.95073561668396,0.4602916112286038,44.07716369628906,68.57648315429688,25.20767593383789,11.301611709594727,10.104056072235108,4.8466796875,0.7255599617958068,0.0995123833417892,0.314920562505722,2.490193009376526,0.0636115349829196,0.0493046764284372,1045.259375,4490.581005859375,964.3081176757812,312.47706604003906,193.25171661376956,309.2223754882813,4.120095396041871,5.452187013626099,19.08288402557373,99.18655319213867,1.3393063068389892,1.2325539588928225,515.7366111755371,1291.1183489486575,2497.168362131453,0.7046423479914665,1335.740398415178,283.74182002171875,17.92559765651822,17.686115849018098,1.3809154288843275
322.24550292026254,75.88712988123298,10.390455421525983,2.2137295708060263,0.5421159465273376,46.642371368408206,67.4921630859375,24.85336627960205,11.27094554901123,10.167495727539062,4.698789119720459,0.6872059762477875,0.0986571602523326,0.3238231301307678,2.217769360542297,0.066748809069395,0.0495403353124856,1036.0825927734377,4486.248974609375,951.7103271484376,314.5375122070312,166.08746490478515,299.11256713867186,4.113478374481201,5.393628120422363,19.769829177856444,74.5108856201172,1.5420343399047851,1.2328081488609317,515.2111926555633,1250.323185920715,2387.1192143241874,0.8106685776263476,1337.508256200701,282.0347744017839,17.98884362578392,17.6316309094429,1.3956233740085735
325.7274450984784,71.23764409907162,10.173280710726976,2.2207477375864983,0.4543232268537395,42.35714340209961,59.85011711120605,16.806479835510252,11.304965496063232,10.255629634857176,4.302492380142212,0.7050536692142486,0.1007262341678142,0.3302919119596481,2.3083473443984985,0.0607341337949037,0.0479337435215711,1092.9743530273438,3432.5513427734377,643.6112365722656,304.1764770507813,167.2114288330078,264.74587097167966,4.11671142578125,5.513455057144165,19.81001968383789,77.6948127746582,1.267309844493866,1.1909268975257874,517.0181834220887,1305.2709706798196,2392.736283860344,0.6797014413867146,1340.4284997172654,280.652265894413,17.97327318713069,17.634248197078705,1.3805087668588385
343.38388082329186,59.11028367355466,10.40054267430678,3.1143801152706145,0.4739178658928722,42.50781593322754,70.8255485534668,25.5120512008667,10.762182712554932,9.676097965240478,4.341879415512085,0.7379550635814667,0.103475946187973,0.3244438081979751,2.6207531690597534,0.0613557059317827,0.0505012229084968,1046.2361938476563,4254.12265625,974.1370239257812,253.5749938964844,155.1064910888672,275.16640625,4.122182607650757,5.67493052482605,19.59440441131592,107.13548278808594,1.31745707988739,1.218776857852936,517.7273505210876,1317.8711206108333,2520.280646064732,0.6783324731048197,1342.7037994377315,274.85424059927465,18.0709060266614,17.81819565296173,1.3895767589099706
299.9971568442881,73.70008412115276,10.202287675160914,3.292757984995842,0.4835794596583582,47.19091949462891,69.42217559814453,24.11215305328369,11.500495433807371,10.433876991271973,4.48964376449585,0.7348482310771942,0.1015857249498367,0.3269662886857986,2.5230522632598875,0.0674075953662395,0.0498691447079181,990.6339538574218,3603.1293212890623,921.7163330078124,311.1276214599609,212.5558288574219,272.60345153808595,4.121612167358398,5.556972694396973,19.717727279663087,106.62245559692384,1.4776620745658875,1.1336058497428894,509.6279806375504,1245.9770413845777,2231.054958956566,0.8546568037942052,1332.500105409324,285.25501151233914,17.953297778218985,17.730869233608246,1.389724878082052
344.92049183398484,66.55842259004712,10.48945501409471,2.990622121095657,0.5284511127858422,44.89835472106934,72.64988632202149,24.390161514282227,10.868758487701417,10.723737144470215,4.696217775344849,0.7133440315723419,0.0990678079426288,0.3418920785188675,2.554716110229492,0.0647996239364147,0.049252338707447,1078.9592895507812,4962.140869140625,934.581085205078,275.388037109375,217.5436019897461,291.0078430175781,4.118145561218261,5.432333898544312,20.87229881286621,102.31299133300782,1.4855175256729125,1.171202838420868,518.2260140895844,1257.8246128797532,2349.2750879898435,0.7260650668293238,1341.2469673350454,281.48068676292894,17.999227590858936,17.751828825473787,1.3934731577988717
318.52601575292647,73.8172133391723,10.083161811996252,2.912791892886162,0.4770646552322432,47.95903701782227,69.14990921020508,25.24492816925049,12.06638708114624,10.542717838287354,4.580186891555786,0.6991629838943482,0.0967978656291961,0.3215076625347137,2.554526662826538,0.0628911517560482,0.0493810825049877,1060.4681274414063,3580.8346923828126,963.1942321777344,323.8463500976562,220.90472412109372,292.9309783935547,4.1155623435974125,5.2993754863739015,19.26823139190674,101.10168075561523,1.3713042259216308,1.1408283591270447,512.3105288743973,1256.5801482990385,2383.584945639997,0.8318169235717505,1334.0085349664091,286.800437579304,17.865900329500437,17.65525041818619,1.3787114351056515
332.1956888472661,66.12595302369445,10.355360409244897,2.7724502846598624,0.4783381916349754,46.72571640014648,71.74270629882812,24.86689853668213,11.065868663787844,9.83941125869751,4.3945395946502686,0.7328527569770813,0.1001009196043014,0.32383653819561,2.426283597946167,0.0621132362633943,0.0495772413909435,1106.3486083984376,4786.816650390625,950.5907592773438,284.52939758300784,154.52523040771484,280.0394775390625,4.121327495574951,5.48521876335144,19.64198665618897,93.21181793212892,1.3521464943885804,1.147625970840454,514.1424526453018,1290.7978145986797,2476.184785394749,0.7526015248149633,1341.9016068287194,277.36960551813246,17.97729969471693,17.700163853168487,1.385140995681286
334.92995345145465,74.02851952239871,10.17327807964757,2.922387415170669,0.5017492021434009,47.43874244689941,69.69496536254883,24.02192687988281,11.122889614105224,10.334671974182127,4.412898540496826,0.6836255848407745,0.097521524131298,0.3058297961950302,2.3808611631393437,0.0655714027583599,0.0482176955789327,1103.85478515625,3573.99853515625,915.1647033691406,302.21271362304685,213.90442657470703,268.57839050292966,4.112837457656861,5.344913530349731,18.338353157043457,94.37053680419922,1.4611238598823548,1.1529755592346191,517.5492305278779,1288.321811415255,2484.4429288510582,0.7915756543632597,1339.05144200176,284.3744490981102,17.922807378321885,17.670033061504363,1.3872583802789449
324.63879123814405,63.50316840969026,10.407983617205172,3.018175669014454,0.5083608553744853,47.201467514038086,68.87559051513672,25.62108097076416,10.533527278900149,10.403000545501708,4.330531072616577,0.7116162955760956,0.10246167704463,0.333291295170784,2.598996043205261,0.0678964167833328,0.0480863288044929,1045.929052734375,4887.070556640625,976.6304565429688,254.84986572265623,225.85671997070312,271.302490234375,4.117877721786499,5.611970710754394,20.189254760742188,104.4212516784668,1.5074456572532653,1.1967269420623778,510.36855001449584,1246.414031113684,2270.9685153493424,0.8599065471440553,1342.3240053787829,280.0468183174729,18.07557306736708,17.812571585178375,1.399980448046699
327.4605590838939,62.03148324657232,10.583072561118753,2.194266678392887,0.463141870603431,46.60994415283203,72.29502944946289,25.196542739868164,10.7621000289917,10.014275169372558,4.686794519424439,0.6832421660423279,0.0997263193130493,0.3211094349622726,2.222258687019348,0.0650394938886165,0.0471628341823816,1078.6101196289062,4143.50146484375,966.7181396484376,260.8573059082031,179.52926177978514,299.1403045654297,4.112852573394775,5.477802038192749,19.52864513397217,74.03192901611328,1.3756231546401978,1.125190556049347,511.2304156541824,1253.6390301406384,2408.5455702494537,0.8001786728855222,1345.5907787963747,277.6981123507023,18.10168492794037,17.711408483982087,1.395299408165738
335.8919471602887,64.64808273389936,10.173178261797876,3.12855711132288,0.4406840443145484,42.60897979736328,69.45340042114258,24.52525749206543,10.76144552230835,10.002437782287595,4.617527151107788,0.6816627144813537,0.0976855956017971,0.311611333489418,2.484939122200012,0.0639035083353519,0.050987733900547,1043.3591430664062,3805.4017333984375,937.6402526855468,269.9710632324219,185.87921752929688,279.0646667480469,4.112551641464234,5.332122755050659,18.72227878570557,101.96497650146485,1.3087726831436155,1.2417531251907348,515.8992572307586,1326.2581541359425,2546.7890493641085,0.689619522402063,1341.033898314089,279.0110655158758,18.039447404444218,17.780891990661623,1.3876217678189278
329.8983674388379,72.24760253950953,10.508112348243596,3.2138169556856155,0.486825572035741,43.60314064025879,68.76279754638672,26.05377750396729,10.992482566833496,10.169672966003418,4.493709325790405,0.7395134449005127,0.1073136366903781,0.3162282109260559,2.489113569259644,0.0663727402687072,0.0500623177736997,997.3444091796875,4325.993994140625,990.6703125,296.13304748535154,187.5096923828125,279.9920349121094,4.122401714324951,5.884634733200073,19.34120292663574,103.73371505737305,1.453719389438629,1.1714057326316831,519.223892402649,1282.2356263622642,2486.226355819538,0.7143698475323618,1335.567169517279,282.0211899355054,18.001545879989862,17.756267607212067,1.3919976725708694
332.83588872328403,74.71960999630392,10.47183265145868,2.619021500647068,0.4552690951852128,43.0507568359375,63.7699161529541,25.6389102935791,11.308874893188475,10.4122576713562,4.667429208755493,0.7243706583976746,0.1044401533901691,0.3225343823432922,2.2896435976028444,0.0653225734829902,0.0496279094368219,1050.4262817382812,2865.0009765625,980.8536315917968,311.4670745849609,184.6759811401367,286.6021209716797,4.119947481155395,5.738576507568359,19.62809581756592,85.20276184082032,1.3759450912475586,1.1691624522209167,519.5151149272918,1314.3476234927773,2475.730107224442,0.6783223771024496,1337.0173788756133,283.3725195705891,17.960155119746922,17.656170225143434,1.3853336320258678
334.0011545915157,76.82287557348609,10.148737127613275,2.5699731737375258,0.4588401720044203,43.75376167297363,63.2631217956543,26.00588130950928,11.758516311645508,11.111588954925535,4.4947154998779295,0.6783879041671753,0.1001045987010002,0.3237200498580933,2.3027206659317017,0.0639453969895839,0.0497661955654621,1061.1228149414062,2997.4880126953126,994.822607421875,325.2139862060547,228.91236572265623,272.8248626708984,4.1118528842926025,5.482856178283692,19.423799133300783,84.83269805908203,1.3516501307487487,1.200363039970398,518.8961285591125,1302.021205331385,2487.9786609647854,0.7169686466921121,1335.6194818682968,287.66977524161337,17.908870124816893,17.619869220256806,1.3806368433870375
335.2761679602787,65.51357497610152,10.29751742100343,2.4815281212329863,0.5327765424735844,44.44057273864746,68.92686920166015,25.147386741638183,10.66105785369873,10.54701051712036,4.388736248016357,0.7228897750377655,0.1011730015277862,0.3408462315797805,2.250383138656616,0.0683678485453128,0.0489776469767093,1025.562353515625,3248.436767578125,963.2194519042968,269.8907012939453,177.6020294189453,279.1067810058594,4.11976318359375,5.549526929855347,20.37072620391846,80.83881759643555,1.564077126979828,1.1807392716407776,514.0327652454376,1246.71880132854,2370.871704773541,0.7964797641616315,1341.556667509675,278.947798486799,18.104875145107503,17.742285466194154,1.4050886080600322
340.39534403830766,70.68546428009867,10.087877447716892,3.092618054151535,0.5071027052123099,46.02530937194824,70.45323028564454,24.652328491210938,11.87735071182251,10.631089210510254,4.489099454879761,0.6947656631469726,0.0962263971567154,0.3199504971504211,2.4983506202697754,0.0675957918167114,0.0499981548637151,1080.10361328125,4248.8837890625,947.146844482422,316.47744140625,173.6594024658203,279.84593505859374,4.114828300476074,5.271321105957031,19.149271774291996,102.2336524963379,1.5141093254089355,1.2093864679336548,515.9403984069825,1259.961345104873,2336.7958835418517,0.78975949306041,1335.644412151724,282.002343223989,17.86851271092892,17.663690435886384,1.3861945966258644
335.2759004086256,70.34716044403612,10.185212444607169,3.1199468284845358,0.4299960395088419,44.77524909973145,66.17908401489258,24.621394157409668,11.83219928741455,10.360082626342772,4.441864728927612,0.7197588682174683,0.1038252465426921,0.3274585574865341,2.5793739557266235,0.063581009209156,0.0494521241635084,1062.1164184570312,3980.293139648437,937.423797607422,310.68536071777345,200.0144546508789,281.7869567871094,4.119144439697266,5.69946141242981,19.63059177398681,105.96664962768554,1.2879202246665955,1.1995809197425842,518.0663037776947,1282.0679927632214,2425.952777089149,0.7233035667799413,1335.5717950731516,283.68565793260933,17.894643454998732,17.69180097579956,1.3763730791863054
327.1209160367027,70.24404715169221,10.28685320140794,2.698172314465046,0.5084170734626241,44.55237884521485,69.07833328247071,24.692875480651857,10.924408721923829,10.683506107330322,4.4425696849823,0.7130452454090118,0.0983272805809974,0.3237274140119552,2.446548652648926,0.0636919915676117,0.0486515156924724,1060.5833129882812,5161.933349609375,944.5789855957032,289.059701538086,193.73291473388676,279.68677673339846,4.118030405044555,5.373948192596435,19.62001476287842,92.4670639038086,1.421986758708954,1.200603187084198,515.5648840427399,1273.786350773275,2384.7997391353188,0.7162006507162004,1340.0968058399856,281.3421225123108,18.00005299374461,17.714171850681304,1.390337947010994
329.06583764217794,67.97923042364418,10.18492577439174,2.295642951130867,0.4931901010742877,43.005188369750975,69.22147521972656,25.11844425201416,11.07941255569458,10.91959228515625,4.6180956840515135,0.7184477269649505,0.0949299916625023,0.327495813369751,2.366985487937927,0.0634351931512355,0.0486637093126773,1039.04912109375,3809.100463867188,958.26484375,285.1284576416016,212.23600311279296,288.52467956542966,4.11901216506958,5.198067617416382,19.53732433319092,81.1362548828125,1.3865481853485109,1.216669237613678,514.3690865039825,1276.1115723192693,2399.044859540568,0.7215474606025964,1340.8490734674035,282.52887330800297,18.054157861322164,17.705833983421325,1.3922840335406363
328.105315968208,68.15244904644787,10.433277398347856,3.0398015275597574,0.4709150763344951,45.48909454345703,68.79755401611328,25.817014312744146,11.233299350738523,10.327437400817873,4.431550979614258,0.6945084929466248,0.102509243786335,0.3258407324552536,2.448556637763977,0.0641700841486454,0.0474894355982542,1026.3887084960938,3442.794091796875,990.3177124023438,288.8243011474609,212.4740219116211,272.81640625,4.114870166778564,5.614179801940918,19.851848983764647,98.98466415405274,1.3811148643493651,1.0994227528572085,514.5994678974151,1241.324712885916,2328.214104635385,0.8328557425644249,1337.673142065108,283.17109532803295,18.011193420737982,17.746940588951112,1.389209958165884
323.2672051332891,76.04542471431196,10.184346569981424,2.790294660627842,0.48145217821002,45.378557968139646,66.48023681640625,25.07212543487549,11.193659210205078,10.15220546722412,4.448557186126709,0.7371628999710083,0.0950517155230045,0.3204666137695312,2.501161575317383,0.0639936596155166,0.0504816062748432,1067.94521484375,3649.571752929688,961.4807739257812,314.0658782958984,166.4839324951172,276.2245635986328,4.121965408325195,5.213846397399903,19.221927642822266,96.55223999023436,1.3903708934783936,1.2289584279060364,516.0670804023742,1261.0564423397184,2423.77325487904,0.727789037907496,1336.266004701704,281.1225443780422,17.910060930997133,17.665130615234375,1.3823657870758326
318.30631314478813,67.03531593009829,10.41145464349538,2.461813254654408,0.4809584533330053,47.25451545715332,68.6227928161621,24.602662658691408,11.087611865997314,9.900784969329834,4.636663579940796,0.7233328521251678,0.098068867623806,0.342481729388237,2.214041233062744,0.0654866732656955,0.0504174206405878,1032.5294921875,4801.20439453125,941.4376586914062,286.2489379882812,164.0987747192383,292.5499969482422,4.119825792312622,5.371036100387573,20.77010383605957,79.2581687927246,1.4196779131889343,1.1941885471343994,509.6969534397125,1248.2073079004883,2282.767759365961,0.854151573125273,1340.4535779841244,279.2552971705794,18.061405292898417,17.702487182617187,1.3945689557120204
332.8666093299165,59.244217906706034,10.249502762779594,3.287183105945587,0.4561687525711022,45.07738571166992,69.8553253173828,25.028562355041505,11.04379186630249,10.067324924468997,4.315565490722657,0.7036529839038849,0.0989462234079837,0.3276121884584427,2.527800703048706,0.0642592154443264,0.0499058626592159,1079.6230712890624,3298.766455078125,958.623406982422,257.3521667480469,185.7654022216797,275.2897247314453,4.116505289077759,5.423592805862427,19.61397647857666,106.5244888305664,1.35788654088974,1.1432265877723693,513.7308026790619,1240.1095060646535,2274.3320072008005,0.7737159841693938,1342.7376145370304,277.1628752045333,18.03823625743389,17.792762017250062,1.3896748694591223
331.7759958365932,75.7074382070452,10.530466545186936,2.9048009738326077,0.538747773366049,43.0846923828125,69.29756011962891,25.63214492797852,11.479027557373048,10.323959350585938,4.572552680969238,0.7190248250961304,0.1034991517663002,0.3152985244989395,2.4627290964126587,0.0679753839969635,0.0491460282355546,1005.235791015625,4732.79345703125,977.4199157714844,317.946484375,180.68390502929688,292.0540008544922,4.119041347503663,5.684960985183716,19.30030174255371,97.20462570190428,1.5680962920188903,1.2115311861038207,519.0839983940125,1317.1359198629857,2542.0139347754653,0.6844288542866707,1333.8442142680287,283.5547580689192,17.94481689929962,17.692765331268312,1.393788206158206
317.3500343183056,72.59401389062404,10.380245703458788,2.6744201317429543,0.4991319320397451,43.60521430969239,68.17158660888671,25.003125,10.964229679107666,10.458096504211426,4.61500883102417,0.717132568359375,0.1041646532714366,0.3127136796712875,2.423511505126953,0.06891905143857,0.0473132655024528,977.8298217773438,3086.4073486328125,954.8966979980468,296.6601593017578,180.8366470336914,290.62799072265625,4.118805885314941,5.6989539623260494,18.992401313781738,91.0476806640625,1.52917720079422,1.0975264310836792,514.2298983097077,1269.098800522089,2439.629569444596,0.7339200356509537,1335.4628646686674,282.0979442358017,18.044364657998084,17.738628649711607,1.3990750842727722
333.1644624290988,63.16285518072546,10.661963546555487,2.4186579465866087,0.5333591259142849,46.93132820129394,66.3691421508789,26.08501281738281,10.290883541107178,9.669415187835693,4.315884494781495,0.6774935483932495,0.1055566348135471,0.3256058067083359,2.3041954040527344,0.0663446299731731,0.0485105067491531,1098.8407104492187,2982.7407958984377,1001.372998046875,254.4058578491211,164.01024169921874,274.3343139648438,4.111766862869263,5.797922277450562,19.93437767028809,81.5052703857422,1.513824212551117,1.210802173614502,511.8076516628265,1242.7893729925156,2257.152780559228,0.8224497987423092,1345.7994097061455,275.9290440067649,18.08830779716373,17.733658885955812,1.4013836203841492
334.5985796581954,73.1717090278864,10.2302174850367,2.5797355994582176,0.4432748422143049,45.38070640563965,68.48548278808593,25.077530479431157,11.164051914215088,10.361989879608156,4.786550521850586,0.7194685101509094,0.0976903237402439,0.3276195436716079,2.4184073209762573,0.0646691307425499,0.0497165374457836,1086.7921020507813,3992.600439453125,954.532568359375,298.8981658935547,224.62022705078124,305.44482421875,4.11912350654602,5.337714815139771,19.836604881286625,89.12914352416992,1.3355585932731628,1.200468373298645,517.7699287891388,1310.6292847052216,2434.904653288366,0.7024337813258171,1339.9233021467924,284.76066697984936,17.95909649580717,17.672689926624297,1.3833355266600846
331.9649566082284,65.7006246112287,10.538834461476654,2.517224192619324,0.4654357427265495,44.252293014526366,68.95593032836913,24.20598125457764,10.551159858703612,10.939347743988035,4.699758815765381,0.6994684934616089,0.1017419829964637,0.3392110913991928,2.34139621257782,0.0652609586715698,0.0503520257771015,1023.6694763183592,3009.7095947265625,925.1685791015624,263.8449127197265,213.10937957763676,300.2584381103516,4.115782737731934,5.575844097137451,20.668439292907717,84.7721061706543,1.3897907853126523,1.16522878408432,513.1675042152405,1239.5920118361712,2333.637250674842,0.7996065533719957,1341.6011862114071,280.9431075111032,18.11081224679947,17.76334888935089,1.396714313654229
333.14392767101526,76.66874283850193,10.22938639074564,2.725967141985893,0.5232106473878957,42.72523880004883,68.55332565307617,23.786117362976075,11.569761657714844,10.873167514801024,4.609500885009766,0.7064626157283783,0.0998312346637249,0.3127770185470581,2.450076007843017,0.0659677229821682,0.049184301868081,1017.3159118652344,3813.887939453125,907.886260986328,323.2984680175781,182.6269927978516,291.8206481933594,4.116920471191406,5.472311353683471,18.829990196228028,93.30707473754885,1.5067936539649964,1.1660794615745544,519.2798253059387,1287.6546198308467,2430.493953145674,0.6980735837947577,1333.767889867723,284.24233061373235,17.9287276417017,17.6658456325531,1.3895573865622282
317.53779269866646,69.55428127795457,10.244366812892258,2.343181806802749,0.4888661569799296,44.28575897216797,66.89471588134765,25.565161895751952,11.617400455474854,10.310184574127195,4.288951969146728,0.6846952557563781,0.1032809041440487,0.317271015048027,2.326030826568604,0.0627795450389385,0.0511723481118679,989.5052734375,3584.688427734375,972.1271179199218,308.0418243408203,158.08680114746093,265.2957336425781,4.113111972808838,5.642223262786866,19.153863525390623,80.82474975585937,1.3770736575126648,1.214194357395172,511.13363218307495,1243.2415648028257,2222.334336595284,0.790367034310475,1335.7635280966758,280.49016951471566,18.0259702205658,17.682862544059752,1.3898192962165925
327.7463699553162,70.67291403841227,10.234739054366946,2.9824873864650727,0.4735798870096914,40.942992782592775,59.39782791137695,15.18903169631958,11.06844129562378,10.94579038619995,4.479473638534546,0.6976598739624024,0.1037253729999065,0.3192915350198745,2.491262102127075,0.0643867753446102,0.0502221118658781,1074.9983154296874,2995.2483642578127,582.3513793945312,290.9145477294922,222.89075164794923,286.5008209228516,4.11541223526001,5.686691427230835,19.172887229919432,99.7141242980957,1.390006160736084,1.1753827691078187,521.8005264282226,1323.5124492645264,2437.28203078481,0.6253651640377939,1339.2787928510456,283.4346277214587,17.970116160809994,17.72306512594223,1.3868612118065358
307.4607236294076,61.85219951122999,10.599452955834568,3.2259420424699785,0.4843587079900316,46.75437202453613,69.52290573120118,24.29848957061768,10.240364170074464,10.314850330352783,4.463716268539429,0.6781437397003174,0.1036357261240482,0.3178504168987274,2.606472969055176,0.0636572569608688,0.0471021808683872,989.151953125,4401.1044921875,933.6319885253906,249.77310028076167,158.5066680908203,282.40838623046875,4.111908435821533,5.687324571609497,19.38129234313965,108.51320114135744,1.3851683259010314,1.1137404918670657,510.30357410907743,1233.59633436352,2272.994615434174,0.8624330111313612,1340.4949954204262,275.1665246501565,18.11487876921892,17.85484387874603,1.3962313320022075
313.1766778316349,62.036984209902585,10.545308751799164,2.7549351498484613,0.4730603211617563,48.04996795654297,70.282373046875,24.6010103225708,10.519149494171142,9.8684401512146,4.400421380996704,0.6928803205490113,0.0993897870182991,0.3223671704530716,2.490641236305237,0.0652858629822731,0.0484204590320587,1042.3176025390626,3452.8082275390625,940.4659729003906,256.8071746826172,161.12346649169922,281.5577850341797,4.1146111488342285,5.462029314041137,19.54253597259521,95.0471076965332,1.3919267416000367,1.1942045092582705,509.8338589906692,1222.8960914373397,2118.328596188122,0.8904184941668063,1342.437513384223,276.0539264708757,18.09210260212421,17.78992017507553,1.3953964247368276
291.37693711924163,63.66048706173897,11.098720059543847,3.2242079611867664,0.4881214111985173,33.22770385742187,0.7613585114479064,3.059169406682826e-09,10.831405067443848,8.764043235778809,3.0665653228759764,0.6804786145687103,0.100609204173088,0.3476918786764145,2.7439217805862426,0.0674714617431163,0.0292811762541532,966.8353759765624,0.0142983870580792,9.383642165516905e-08,282.7945251464844,161.7956787109375,186.32323303222657,4.112288618087769,5.53015456199646,21.003801918029787,105.22922744750976,1.4914647102355958,0.7072425603866577,521.9748559474945,1533.3907877981662,3039.8963349711385,0.4770643680123612,1377.3783884958,289.70969803482296,18.821853109449147,20.687097477912904,1.472585319040809
329.82015198655427,59.894085297361016,10.537220416683704,2.334206259250641,0.5392490356462076,44.28688468933105,69.81051254272461,26.21975440979004,10.53420181274414,10.076278495788577,4.501780223846436,0.689367002248764,0.1042314119637012,0.3410454928874969,2.185345673561096,0.0663186952471733,0.0482945222407579,990.6040466308592,5111.5646484375,998.615576171875,251.51342163085937,156.18023681640625,272.4373474121094,4.113975191116333,5.707117366790771,20.730889129638676,75.51516571044922,1.521318018436432,1.1882988572120667,514.9303324699401,1239.195259991288,2326.11066957186,0.7707782593090087,1343.2787189692258,275.5620146125555,18.18389175012708,17.777797615528108,1.40849235446658
326.46053057387473,76.52761904001235,10.300386590790003,2.445010940730572,0.5025121789542026,42.95517463684082,69.16839828491212,25.755510330200195,11.78117036819458,10.403375339508056,4.89998984336853,0.7181367099285125,0.0998971089720726,0.3364954859018326,2.3166916608810424,0.0645038791000843,0.049961132183671,1023.4373413085938,3191.565893554688,983.9261596679688,323.73976440429686,223.0442657470703,309.3096466064453,4.118865776062012,5.45159125328064,20.553986930847167,82.76745910644532,1.4476240634918214,1.1363047242164612,515.440217256546,1268.5062648937103,2341.87453973263,0.7206668012775481,1334.7494187451898,287.3360359482467,17.950335255637764,17.636968088150024,1.3879718486219643
334.9410289393738,74.66276753395796,10.502058296371253,2.236248758435249,0.4509859590674751,45.41460990905762,66.473779296875,24.09742679595947,11.52722692489624,10.48199701309204,4.363407182693481,0.7034938216209412,0.098645781725645,0.3136080175638199,2.230567049980164,0.0616799354553222,0.048547750338912,1096.4816040039063,4123.186181640625,924.3670104980469,317.07883605957034,186.7297119140625,267.0723541259766,4.116324138641358,5.411846780776978,19.22181549072265,75.51854095458984,1.2923354983329771,1.161711001396179,516.0569539070129,1334.919417031109,2522.2842894270725,0.7206597608048468,1339.3038520380856,283.7478867292404,17.929349474236368,17.595274484157564,1.378873942699283
335.9814585741609,62.4376366943121,10.287830466963351,2.1794948846101763,0.4917027688235976,42.46080474853515,67.27058181762695,23.543616676330565,10.622963905334473,10.099776268005373,4.631630420684815,0.7001619398593902,0.0993797391653061,0.3172331690788269,2.268357467651368,0.0654246665537357,0.0475834213197231,1050.3741455078125,4287.173876953125,901.0991088867188,254.85535278320316,211.4185012817383,289.0625427246094,4.115896844863892,5.425492525100708,19.112764167785645,75.15706176757813,1.426007342338562,1.1696038126945496,520.1603693962097,1310.3259821102024,2529.176841227297,0.6607682670466601,1345.5929262295365,279.2538366809487,18.13651722446084,17.742112517356873,1.400306603545323
325.5134087877348,66.55023789778352,10.400255520641805,2.6674472272396086,0.4649063291610218,42.71408309936523,67.3154312133789,24.83896083831787,10.59999952316284,10.081670475006105,4.561297750473022,0.6897678315639496,0.0999919883906841,0.3407331317663192,2.29440381526947,0.0663671031594276,0.04829061627388,1011.4591003417968,3061.951245117188,950.9739074707032,268.9724578857422,197.6742492675781,287.6403411865234,4.114038562774658,5.4606465816497805,20.730776596069337,86.00855331420898,1.4049167156219482,1.158445918560028,517.8459718704223,1242.4827313944695,2341.522298483772,0.6847560429945588,1340.7179294779896,280.20342560261486,18.100106739252805,17.761239540576934,1.3968087966088203
337.45653356276455,60.75752675682306,10.341121453791857,2.6413076415658,0.4478189712855965,44.781911087036136,67.21451339721679,24.65369453430176,11.051101398468017,10.2367262840271,4.580834817886353,0.7242315351963043,0.1021865032613277,0.3337947726249695,2.2918686389923097,0.0600854113698005,0.049530504271388,1080.4553955078125,3418.319091796875,941.573779296875,264.9601470947265,179.24954681396486,282.1744384765625,4.119980812072754,5.585115957260132,20.23152523040772,85.4944953918457,1.2555694699287414,1.1263952255249023,513.3144597530365,1282.3642248854042,2457.510572220228,0.75492895366624,1344.0976323619484,278.05550461262465,18.068368297070265,17.733098328113556,1.3864505918696524
335.80813246499747,71.45232823397964,10.21708124242723,2.9984641447663307,0.5460418743663468,45.95333404541016,72.68537368774415,25.37072029113769,11.033613395690915,10.42280330657959,4.5699462890625,0.7213830471038818,0.1023137263953685,0.3324462056159973,2.49712941646576,0.0671833842992782,0.0482266094535589,1081.910791015625,4665.430419921875,972.2430603027344,296.9574859619141,171.98273315429688,287.58189392089844,4.119408845901489,5.596594572067261,20.086545753479005,100.3087043762207,1.5598853826522827,1.201962149143219,518.6423905849457,1307.1344176456332,2549.4316325524765,0.7292744372505695,1338.794332651049,280.4454124517739,17.94078641757369,17.70423892736435,1.3931816396536305
322.35229361839595,66.14975951481611,10.291768445819615,3.0056129559874534,0.4582311927108094,45.31794052124023,68.80747909545899,23.84061050415039,10.838014793395995,10.418854904174804,4.460194063186646,0.7064773380756378,0.0966493524610996,0.3112201333045959,2.4555994272232056,0.0607874300330877,0.0476714074611663,1049.7913452148437,4569.89501953125,911.300262451172,275.49993286132815,187.63342742919923,284.37013244628906,4.116998195648193,5.3062902927398685,18.6263765335083,98.60233001708984,1.285870158672333,1.1198546886444092,513.3050750732422,1259.3392990350724,2446.8492083929186,0.7480949982535094,1340.7709492899478,279.64862740784883,18.03208836913109,17.75948144197464,1.3855731131508946
342.51052689105273,78.35418620444834,10.250996746402231,3.2819112598896027,0.5188149231486022,47.011178970336914,65.96889114379883,25.325255966186525,11.6627779006958,10.750714683532715,4.494793462753296,0.6791511595249176,0.0944880105555057,0.3193545401096344,2.501434183120728,0.0661611571907997,0.0506816044449806,1084.021240234375,3167.2143798828124,972.3556030273436,327.0965148925781,221.4129760742188,275.0775970458984,4.111141729354858,5.169907331466675,19.458472061157227,105.81263732910156,1.5051871538162231,1.2219911098480225,519.486712026596,1350.5247056871654,2561.452697951655,0.7077303941827268,1333.9821407772602,287.2006325080991,17.819295591115953,17.653391325473784,1.3827608976513148
302.12856074087324,70.3323229022324,10.39662516033277,2.465145689249039,0.530656959488988,46.9053394317627,65.99593124389648,26.03324794769287,11.859969425201417,11.237799644470217,4.44769549369812,0.6778832197189331,0.0984135299921035,0.3353012323379516,2.259940266609192,0.0689667947590351,0.0490657616406679,994.308624267578,2956.4791015625,991.7620544433594,310.0502380371093,224.8041244506836,271.4898681640625,4.111845207214356,5.408401536941528,20.195003509521484,81.03524398803711,1.5867056846618652,1.1307756900787354,508.42991371154784,1217.961590461433,2165.16855901783,0.8798291522078217,1335.0865700736642,286.1957757115364,18.01556313484907,17.67730838060379,1.3999710286967455
306.0968323746696,61.91920910552144,10.594498588424177,2.447475033998489,0.4485659870202653,45.4967716217041,66.61100845336914,24.99225616455078,10.592168235778807,9.86710605621338,4.286900377273559,0.7035135567188263,0.0974311351776123,0.3232301235198974,2.376896119117737,0.0653830967843532,0.0506783090531826,975.7880004882812,3185.4879150390625,959.4795837402344,257.74932861328125,169.69275665283203,265.2149353027344,4.116494178771973,5.344905662536621,19.665136909484865,84.50830459594727,1.3511192321777343,1.2236154675483704,506.4582810401917,1148.354681749642,2039.14766960931,0.9090213181450963,1340.3291038274765,277.2572834402323,18.1613739579916,17.79393630027771,1.3978871861472726
324.7147778920829,68.5804052915424,10.064924530219288,3.177866095304489,0.4881525683624204,45.91708221435547,66.75369415283203,25.378901863098143,11.726530265808105,10.105820655822754,4.577038335800171,0.740126085281372,0.0963596619665622,0.3048529475927353,2.6289483308792114,0.0649676673114299,0.0507982727140188,1050.96796875,4122.201416015625,972.9542541503906,304.378125,194.611572265625,277.1710418701172,4.122438669204712,5.263511753082275,18.28755588531494,109.0096321105957,1.4164297223091125,1.2700931429862976,511.98572235107423,1258.2917241841556,2363.428851761535,0.7944454632699489,1335.5408615447582,282.7881386190653,17.920356586575508,17.718149650096894,1.3842683949042112
323.35687982290983,64.2985184667632,10.509785412438214,2.938828147947788,0.4972129193367436,45.62686843872071,68.19338150024414,24.15683765411377,10.488050174713134,10.249844741821288,4.615743780136109,0.6923353672027588,0.1050888687372207,0.3168513089418411,2.5157288312911987,0.0669133797287941,0.0513661377131938,1054.9305297851563,3441.5841552734373,920.9302673339844,264.3365447998047,159.3411636352539,292.1396057128906,4.1145061492919925,5.775704431533813,19.205470466613768,99.67457427978516,1.474412214756012,1.2410866737365722,515.4617563724518,1235.046938470006,2253.2221128884585,0.7451640999875963,1341.7744435101747,276.2606972120702,18.05258951112628,17.77989296913147,1.3968704896979034
338.0147213988006,69.87852638587356,10.247092320863157,3.110788661241531,0.4702336423157248,41.96271667480469,74.38900680541992,25.745236206054688,11.655441761016846,10.646184253692628,4.748371648788452,0.7354558825492858,0.0983946330845356,0.3103934079408645,2.542903423309326,0.063573308289051,0.0299877673387527,1020.1765747070312,5008.97724609375,981.405712890625,309.865576171875,177.74124908447266,292.26398315429685,4.121606302261353,5.393056869506836,18.60564727783203,103.81033859252928,1.4154784083366394,0.7401345431804657,520.5416275978089,1349.0710667103529,2577.9526720733265,0.6533851786516607,1339.8582841441034,282.0671869620681,18.02982079014182,18.04840307235718,1.3950847539817914
320.9557884474285,63.23049270734191,10.240312984585762,2.971213789284229,0.4798028443183284,45.53443908691406,65.57845306396484,25.78343105316162,11.021564102172851,9.771116352081298,4.320212697982788,0.7025280952453613,0.1048402570188045,0.3264630198478698,2.4077988862991333,0.0662956200540065,0.050763639062643,1027.8246337890623,3246.10859375,990.1426818847656,272.9803039550781,170.88443603515626,265.8787445068359,4.116288423538208,5.726412343978882,19.676428413391115,96.02605285644532,1.425321388244629,1.257400679588318,512.2405453681946,1242.5675778836012,2290.826951312175,0.8043420184869319,1339.8956034764649,278.298816357553,18.05974036082625,17.770489752292633,1.3948665490373968
328.9911710902117,75.26309979856015,10.332140185125173,3.080880329012871,0.4303662732127122,43.38078308105469,70.11005401611328,24.660853385925293,11.322185134887697,9.967473125457763,4.548847675323486,0.680606073141098,0.0956637486815452,0.3312799155712128,2.623088479042053,0.0642036214470863,0.0474887453019619,1004.3609191894532,4402.522216796875,947.391632080078,312.56248779296874,180.30026092529295,288.3637084960937,4.112288951873779,5.228178596496582,20.219843482971196,106.90887908935548,1.3002840280532837,1.1495185494422913,516.4533195018769,1316.8600311324,2517.932249791111,0.7358283595647663,1333.3814179163426,283.0913708299398,17.933218268305062,17.722172462940215,1.3797154457774012
333.41421655863525,68.03829178884625,10.221705216448754,3.301341569423676,0.4800294856948312,47.76669273376465,67.33867263793945,24.124521255493164,11.522019863128662,10.608966827392578,4.529422760009766,0.6968291103839874,0.101923880726099,0.3354378670454025,2.561996102333069,0.0631335362792015,0.0492727071046829,1093.149853515625,4425.816162109375,918.5646362304688,294.5362762451172,221.3373352050781,287.5011901855469,4.115225315093994,5.561110544204712,20.421953392028808,108.46435852050782,1.3655614018440247,1.222564625740051,516.2168852329254,1294.3455856457354,2504.3226954929646,0.7820677945856005,1338.375741837919,283.68656294345857,17.915396608412266,17.716693794727327,1.3817203364567832
321.41707939347253,65.90690383911132,10.254914526361972,2.3284862741827963,0.4742536687233951,44.587060546875,66.09701919555664,25.645320892333984,10.698319721221925,10.162259578704834,4.290369987487793,0.695608127117157,0.1050511002540588,0.3166506618261337,2.2574713230133057,0.0651240244507789,0.050415875390172,1055.2654296875,3392.349462890625,984.9056457519532,268.7312744140625,214.470703125,262.0383758544922,4.1150970458984375,5.748288345336914,18.987950325012207,78.04129180908203,1.388739252090454,1.2553392052650452,512.3001612186432,1255.2390324145556,2381.6699010315874,0.7384559309110046,1343.43059300296,280.9936800822616,18.08952167630196,17.719529378414155,1.3950700970133767
329.4214441301301,61.39712858460844,10.49347613416612,2.959526866674423,0.5290272874990478,46.04682655334473,69.08407592773438,24.31218032836914,10.721120262145996,10.27525520324707,4.374283981323242,0.6831071615219116,0.1063149616122245,0.3431211560964584,2.492061805725098,0.0716795213520526,0.0518445260822773,1040.8545043945312,5308.36083984375,931.830615234375,260.1343505859375,162.42432556152343,278.7061431884766,4.112803030014038,5.837515115737915,20.790596580505373,99.08045120239258,1.6306435346603394,1.258190643787384,513.4076674938202,1266.7347159013152,2457.0030260753583,0.8018250283319504,1342.0511391967534,276.3776451826096,18.074626054614782,17.795804345607756,1.4066318571567535
326.8273401679471,67.5396450780332,10.088789601251484,2.813187105953693,0.5135712117247749,46.40347900390625,68.24383850097657,25.93379497528076,10.802286434173585,10.375691890716553,4.721375942230225,0.6791804075241089,0.0983003467321395,0.3149168163537979,2.3817280530929565,0.0665283970534801,0.0495488028973341,1083.69873046875,2974.509033203125,989.958465576172,276.1996368408203,213.8920028686524,296.1064025878906,4.112083435058594,5.366004228591919,18.81999111175537,92.1950225830078,1.488226044178009,1.238319218158722,513.5260482549668,1249.6320379152894,2360.721787643398,0.7724196237977594,1341.7842439182102,281.55254773050547,18.018902660906317,17.727963876724242,1.3953289768425747
327.2912318997085,67.19877886399627,10.352073135692626,3.006453077495098,0.4638184759358409,45.32395095825196,69.20138931274414,24.891934394836422,10.59540319442749,10.225948333740234,4.659449577331543,0.7205017268657684,0.0963198788464069,0.3108742296695709,2.60526762008667,0.0616082400083541,0.0490766797214746,1090.9380981445313,3929.635864257813,949.4648376464844,276.72483520507814,156.53397369384766,288.7122344970703,4.119320297241211,5.281294584274292,18.81495590209961,104.6668830871582,1.3064764142036438,1.2019740343093872,514.6791333675385,1267.567952208221,2393.6182913503144,0.712866845028475,1341.174707517028,276.9100199058652,17.97898238673806,17.7449743270874,1.38285008398816
333.29872565567496,75.47361636087298,10.284910801798103,3.073874568939209,0.5151768813608214,42.21202354431152,65.8429786682129,24.7377872467041,11.724685382843017,10.178487300872805,4.425673723220825,0.7093046307563782,0.1033757865428924,0.3113288074731827,2.562413692474365,0.0671752102673053,0.0500492144376039,1018.5670104980468,3243.8175048828125,941.108856201172,324.7557769775391,181.08056640625,272.6143035888672,4.117381143569946,5.678852844238281,18.7779634475708,104.43942260742188,1.5108312368392944,1.2523265480995178,519.2343626976013,1305.8783429518342,2394.7043314157927,0.6653979486785829,1332.2045460447669,283.68687847554685,17.887992718070745,17.681830048561096,1.3870309501420706
315.44556620381775,71.81719112079591,10.241717881616204,2.6325633749365807,0.5049161091912537,45.48645362854004,65.58569412231445,24.0156587600708,11.896112632751464,10.440165996551514,4.547084188461303,0.6813944578170776,0.1040877133607864,0.3172456055879593,2.365695357322693,0.0659389339387416,0.0470020055770874,1013.0371337890624,4044.9052734375,920.3005065917968,320.0971740722656,166.42616271972656,289.1883087158203,4.112450122833252,5.686212491989136,19.239873123168945,88.27698669433593,1.4694766044616698,1.145112419128418,512.9205530881882,1251.6063264638185,2399.334092320397,0.7609311005100607,1334.4161847308278,282.0586454205215,17.95254366323352,17.662821614742278,1.3894840992521496
329.35537800174205,64.36057400591672,10.342403392959389,2.6175606086850167,0.5056095998152159,46.19761772155762,68.32945327758789,25.449487686157227,10.53796501159668,10.061389827728272,4.519901323318481,0.7237815618515014,0.0956474885344505,0.3153790861368179,2.4965335369110107,0.0644547156989574,0.0488124202936887,1095.990148925781,3317.488818359375,977.2303955078124,259.88872985839845,209.23482360839844,285.23936767578124,4.119895458221436,5.251926517486572,18.919711303710937,92.5621223449707,1.4358840942382811,1.179269003868103,516.29088306427,1234.910573004186,2285.254723701085,0.7345847177319229,1344.3554293692112,279.3061824299395,18.054155912995338,17.750681805610657,1.3947058083023876
314.2060500320047,64.52646779492497,10.624227432347832,2.336147840321064,0.4709884020732716,48.15196075439453,65.19234161376953,25.577708053588868,10.988551902770997,10.072972583770753,4.621130514144897,0.679831737279892,0.1022580213844776,0.3309877961874008,2.2096237421035765,0.0613116789609193,0.0482476647943258,1052.6910278320313,3332.1067138671874,973.2747497558594,276.5470275878906,173.84560852050782,280.9830596923828,4.112212705612182,5.6142425537109375,20.246611404418942,76.59431381225586,1.3043812274932862,1.2052037000656128,510.1527671813965,1221.153743390739,2144.78514291381,0.8475435575470328,1342.1828337177635,279.02640685737134,18.07336644977331,17.701795291900634,1.3895154021447524
336.1661525841802,59.15686022657901,10.422327323257925,3.0281771913170816,0.4815610498772003,45.19793853759766,67.05022201538085,24.69931488037109,10.836903858184815,10.062748336791993,4.698109531402588,0.7322450995445251,0.0968489378690719,0.3238218784332275,2.422273302078247,0.0667147748172283,0.0513015996664762,1073.32294921875,4369.24208984375,947.0835388183592,255.9034927368164,159.75144958496094,296.3518310546875,4.121262454986573,5.312776517868042,19.572068214416504,97.61060409545898,1.4418959259986877,1.241629409790039,515.1428492546081,1236.9994551092386,2264.083663063584,0.7395112464670092,1343.8601479277015,275.2578921020031,18.068790297955275,17.780593514442444,1.396099514560774
316.6566266413778,72.02268619164825,10.47671087468043,2.606931211054325,0.5236594862071797,43.9086311340332,67.67085571289063,25.77453994750977,10.904208183288574,10.13080644607544,4.710904026031495,0.6903061389923095,0.1013632886111736,0.3202925384044647,2.45674307346344,0.0706517443060874,0.0490326676517725,1022.2979553222656,3779.8478759765626,985.321044921875,292.0140045166016,204.0902404785156,288.0338287353516,4.114133834838867,5.560691690444946,19.481395721435547,90.94428863525393,1.611406111717224,1.1318406462669373,512.098558807373,1252.3537139937282,2383.8699667396663,0.740569040318951,1338.3243371628223,282.870893201232,18.024200163781643,17.72610983848572,1.4019927769899367
326.0906591331586,63.5192199125886,10.561331871058792,2.833423505723476,0.4440036761690862,45.11055755615234,68.33564682006836,26.278310012817386,10.298908805847168,10.022585105895995,4.42532434463501,0.6967055320739746,0.0975454702973365,0.3348351240158081,2.568965935707092,0.063892687857151,0.0521149989217519,1061.2952392578125,3347.268310546875,1005.8807189941406,254.31206665039065,187.5076705932617,272.0126708984375,4.1152873039245605,5.360498523712158,20.34391651153565,99.62846221923829,1.3075482487678527,1.3006024956703186,511.7510409355164,1242.863453388214,2253.2635057112725,0.785281860921532,1343.197314634174,277.3265320837498,18.074473739415406,17.79404683113098,1.3896894226782024
328.8305239993148,64.57562605626882,10.383163664955646,3.27645463347435,0.5186256926273927,46.99111175537109,68.86534271240234,24.35673942565918,10.494259452819824,10.527780342102051,4.338680696487427,0.7032318949699402,0.1023849032819271,0.3233358293771743,2.4990708112716677,0.0677079051733016,0.049572092667222,1053.9533203125,4788.4423828125,935.7089050292968,261.1677764892578,206.2610336303711,265.08400268554686,4.116427326202393,5.601731634140014,19.627044105529784,105.10946502685547,1.530791664123535,1.181836760044098,514.1088783740997,1240.9489589750767,2322.0872683002613,0.8276975592132658,1341.6845160007476,279.3030838936567,18.051047369092704,17.798830103874206,1.3995416331104935
300.0522955242544,69.42008058223874,10.479374257661402,3.2157199680805206,0.5224060280364938,46.72074890136719,65.535693359375,25.95300941467285,11.003470134735108,10.355513572692873,4.765633583068848,0.7237818300724029,0.0967226326465606,0.3311559706926346,2.57588005065918,0.0708832070231437,0.0501351587474346,987.885284423828,2892.7598876953125,991.9714660644532,289.2941558837891,179.47775573730468,303.3267517089844,4.119897365570068,5.294661664962769,20.257266426086424,107.29850006103516,1.599929130077362,1.2435136675834657,508.4580362558365,1214.7492402121425,2192.632797779405,0.8965971179306507,1334.645213303715,280.83957834243773,18.01849142387509,17.780954134464263,1.4006085596745834
334.5167559562251,68.5986250910908,10.427013433910906,2.70685249119997,0.4539973068574909,44.5691837310791,69.88949813842774,24.444552421569824,11.467492389678956,10.625850105285645,4.716244077682495,0.702809339761734,0.1030638836324215,0.3400633096694946,2.32439980506897,0.0651619277894497,0.0494101710617542,1043.6322509765623,3657.1594482421874,934.8414916992188,296.7027252197266,196.49659729003903,301.42041015625,4.116342067718506,5.653937244415284,20.6432954788208,88.07092361450195,1.3549550414085387,1.2404682517051695,516.9278151512146,1274.012937195599,2419.1647105728507,0.7442670959047973,1338.701203545183,282.8905998788774,18.00198438465595,17.697894644737243,1.387297824630514
326.64477126561104,72.60568050257862,10.260538097284734,2.675956454873085,0.5308161767432467,43.22796478271484,64.95170822143555,24.76254959106445,11.222267627716064,9.90500602722168,4.503810882568359,0.682571417093277,0.0951451025903225,0.3388323754072189,2.281853723526001,0.0679117895662784,0.0470794938504695,1049.982019042969,3260.67685546875,944.058056640625,304.2682861328125,169.89476623535157,286.0555816650391,4.11264123916626,5.199224376678467,20.5211763381958,85.95039520263671,1.557159411907196,1.132091152667999,517.1567646503448,1298.1170748069885,2497.1707010315613,0.6761372425127774,1338.1324953258038,281.1142582669854,17.975671730935574,17.673570370674135,1.3957645699381829
324.8915768709033,70.91097922027112,10.19231699956581,3.081205242872238,0.5328332878998481,45.08675308227539,66.48503494262695,23.88057975769043,11.753287506103517,10.784139251708984,4.550241708755493,0.7251114845275879,0.0941088624298572,0.3240607470273972,2.6415069103240967,0.0666502080857753,0.0476342923939228,1050.789990234375,3347.184814453125,916.508526611328,310.07236633300784,213.29874420166016,281.64629821777345,4.120027875900268,5.171562719345093,19.372784996032717,107.73014068603516,1.5314191222190856,1.1719500064849853,516.7368387699128,1262.504744374752,2440.914826538198,0.716740872291848,1334.7391868703066,284.51207003742456,17.90102127417922,17.702848875522612,1.3888363515026867
324.5666649956256,68.05753135811537,10.338009202480317,2.3306421786546707,0.5007428802433423,47.03807106018066,70.44315948486329,25.744163513183597,11.269644737243652,10.154695510864258,4.673193788528442,0.6780131161212921,0.0980951353907585,0.3358638286590576,2.192424011230469,0.0674439519643783,0.0478694945573806,1060.824072265625,4316.988427734375,979.360711669922,289.04237365722656,207.1572555541992,296.2708801269531,4.111867570877076,5.390172672271729,20.11954536437988,75.9623046875,1.488331377506256,1.1794099807739258,514.431280708313,1236.846287608147,2218.7846602013974,0.8051919568330049,1341.3905950680376,282.8794153936207,18.037206438183784,17.674056196212767,1.396641950379126
315.42622209955005,72.01781701892614,10.59055295381695,2.4922812208533287,0.5065751163812819,44.746398544311525,70.07753372192383,23.930335426330565,10.862092208862304,10.450629043579102,4.607910919189453,0.7370123445987702,0.1023550108075141,0.3271367818117142,2.3587982654571533,0.063933777064085,0.0477151989936828,1036.8620361328126,3605.718359375,915.75390625,293.1284515380859,187.6627197265625,279.9855316162109,4.121981239318847,5.621999835968017,20.011164093017577,85.06613006591797,1.421399462223053,1.1874168276786805,513.2516430854797,1252.6719900801777,2413.861895721214,0.714736999431625,1339.3109890013934,281.6189718425274,18.027740025520323,17.70127021074295,1.392076049302705
326.79735469724983,60.148599673248825,10.157697085291147,2.6065219193696976,0.4893725676927715,48.29503974914551,71.39710693359375,26.17749328613281,10.684492206573486,10.446992015838624,4.434425210952758,0.7074685633182526,0.0967940472066402,0.3138712912797928,2.3652273654937743,0.0669523626565933,0.0524838153272867,1086.6913818359376,4145.243212890625,999.4570068359376,255.04013366699215,163.96697235107422,280.458935546875,4.117170763015747,5.283550262451172,18.78693218231201,87.470947265625,1.4551561713218688,1.298145830631256,511.4299562692642,1241.6894950181245,2182.4858468038087,0.8548431247472763,1345.1756199643016,275.8649320326746,18.08558936342597,17.754205191135405,1.3981538185151294
333.6360403236002,70.50757335610687,10.304131416417658,2.2939340725541117,0.4774603730009403,46.912724304199216,66.45034637451172,24.210726737976078,11.647531986236572,11.14370355606079,4.521331310272217,0.7307127416133881,0.1000029735267162,0.3200222849845886,2.199983596801758,0.0659852012991905,0.0475444994866848,1086.9993896484375,3958.86572265625,923.6646423339844,303.68193359375,234.1529312133789,286.3914794921875,4.120994186401367,5.488978290557862,19.257045364379884,75.59324111938477,1.4217952847480777,1.1590277433395386,516.4329274654389,1263.09236215353,2405.480785418139,0.7571604487020522,1340.4186164297164,285.8631505638361,17.979803540557622,17.62923036813736,1.3889062997419388
331.60621273331344,60.63023055829108,10.292734804935751,2.48252145498991,0.457214000710519,45.80230598449707,72.99543151855468,25.190136909484863,10.96801824569702,10.372796535491943,4.4170005321502686,0.6842953562736511,0.1036438673734665,0.3162677586078644,2.233327126502991,0.0631650879979133,0.0520516082644462,1096.440966796875,5129.394775390625,958.834814453125,265.56231994628905,160.25089569091796,269.8653228759766,4.113013792037964,5.658306980133057,19.14942684173584,80.33855743408203,1.3185672879219057,1.302754855155945,511.2721363544464,1244.82876034379,2307.228981012432,0.7675241453107446,1345.183871629834,276.2655934542417,18.063219610601664,17.709360599517822,1.3895585423568264
318.3448496058583,64.16550340726971,10.54255540287122,2.401720976829529,0.4946766881155781,46.5433536529541,70.33673782348633,25.72824058532715,10.96173620223999,10.683870697021485,4.514216947555542,0.7325539827346802,0.1018095597624778,0.3393253028392792,2.393657922744751,0.0646330259740352,0.0471691913902759,1010.9870361328124,4732.39326171875,979.2117309570312,267.8438293457031,223.9911361694336,287.7229064941406,4.121323680877685,5.587447834014893,20.618297576904297,84.21883850097656,1.4273075222969056,1.0903191089630129,510.9742334365845,1244.259700165689,2276.9908157313707,0.8633916848804801,1341.2377382054924,281.9582051232457,18.11292718425393,17.76090203523636,1.398548785690218
336.0208641177043,65.50938510596752,10.356089208181947,2.4580487474799155,0.4625792585429735,47.70814247131348,68.8189567565918,25.808093070983887,10.865384769439697,10.169550800323488,4.805679559707642,0.7381104826927185,0.0975085280835628,0.3220717281103134,2.273485541343689,0.0658284939825534,0.0479372333735227,1112.7940673828125,3993.994775390625,989.2658142089844,270.12978515625,218.98346252441405,304.72401428222656,4.1222028732299805,5.361860609054565,19.29123363494873,81.31681518554687,1.384186601638794,1.1940484166145324,513.448462343216,1303.4698878988625,2484.559948912426,0.7981569829396904,1345.0508697912096,281.45173220708966,18.04471334591508,17.698971772193907,1.391612822539173
306.7172085762024,65.97468622252345,10.47681367956102,3.1660848557949066,0.4702448989963159,46.12658958435058,69.94894332885742,23.84915580749512,10.737553119659424,10.564915943145753,4.388089561462403,0.701969999074936,0.1034459143877029,0.3323323637247085,2.6036741733551025,0.0634163185954093,0.0470210529863834,992.800225830078,3584.5284912109373,914.447900390625,274.85595703125,176.23422241210938,269.65302124023435,4.11620512008667,5.678313684463501,20.15769672393799,107.4508903503418,1.3618586659431458,1.0934789180755615,509.7234811782837,1226.6615348473192,2232.848013975984,0.8582527989055961,1337.1680124752224,278.78118590563537,18.0509717926383,17.806013000011443,1.3907409770414234
309.59306696970015,64.05875962488354,10.44108784236014,2.795326806604862,0.4560142841190099,47.48516960144043,68.24515075683594,25.03436851501465,11.083276081085206,10.199007987976074,4.651164770126343,0.704921406507492,0.0977549321949482,0.3374368220567703,2.5542399883270264,0.0601703144609928,0.047299949452281,1015.8976379394531,4111.407958984375,960.881103515625,278.90142822265625,157.1035400390625,292.02012634277344,4.116730690002441,5.3709508895874025,20.36947956085205,98.3674774169922,1.259963071346283,1.149315893650055,508.4347521781921,1235.149788655341,2166.585529490636,0.8780589887872339,1338.753557807952,277.7749366998672,18.04658628702164,17.768670129776,1.3851782826706769
330.3088915936649,60.9981399141252,10.533304243069145,2.362058994174004,0.4843939394981135,46.38134117126465,69.77309799194336,24.23176383972168,10.893326663970948,10.14775104522705,4.4068825244903564,0.7413975596427917,0.0987811855971813,0.3238702535629272,2.1921131134033205,0.064712742716074,0.0496249798685312,1095.7752563476563,4744.537060546875,930.4083740234375,264.5055358886719,158.4698959350586,271.67705688476565,4.122718811035156,5.425164556503296,19.672243690490724,76.51215438842773,1.4019386887550354,1.2159599184989929,513.1948965549469,1239.608544704318,2292.261019498715,0.7589544406626374,1345.5841846451162,276.29887624531983,18.07880697697401,17.701503348350524,1.3946126554626972
311.7395713211969,65.76965618915855,10.318105899635702,2.8193447560071947,0.4712529886630364,45.544006729125975,72.80651779174805,25.011042404174805,11.1432204246521,10.143312931060793,4.462568235397339,0.696566766500473,0.1033896185457706,0.3089383542537689,2.3646435022354124,0.065198964625597,0.0497245259582996,980.3791931152344,4699.49609375,960.4455871582032,280.4587738037109,196.27285919189453,281.2883270263672,4.115261220932007,5.647744464874267,18.69787120819092,91.53007202148436,1.398365306854248,1.1616418719291688,510.6696941137314,1243.9861442893744,2262.3930194455143,0.8121027177199721,1337.7997636444866,281.4174006216228,18.08085116446018,17.768388593196867,1.3950119259301572
323.0012052595615,72.87390251420439,10.327529489714651,2.500004939734936,0.4570928132161498,46.69379081726074,68.62479629516602,25.39675941467285,11.875244140625,10.791690826416016,4.856113338470459,0.709599494934082,0.1018708474934101,0.3114911735057831,2.311584305763245,0.0654939860105514,0.0490350108593702,1033.6041870117188,4696.7705078125,966.855322265625,317.8024505615234,212.9970474243164,303.63523864746094,4.117486953735352,5.58741979598999,18.831237602233887,83.67980117797852,1.3793606996536254,1.1754311323165894,511.86919341087344,1250.767263393104,2355.561020277283,0.8006011693738401,1336.007790195942,286.1045988827944,17.958700110018253,17.647160255908965,1.3853429076261818
330.4602046046406,63.63362682741136,10.158324196282772,2.5425843417644503,0.4528601309400983,47.370599365234376,68.37739181518555,24.940290260314946,11.351695919036866,10.005769348144533,4.761166858673096,0.7287444770336151,0.1002380803227424,0.3150852084159851,2.3365991592407225,0.0615347571671009,0.0487737506628036,1064.586828613281,4772.65048828125,957.837890625,278.2402709960937,196.40829620361328,302.9959442138672,4.120709705352783,5.482149505615235,18.82890396118164,85.24558715820312,1.2879163026809692,1.162519884109497,511.499818444252,1245.7682163596153,2311.4130836475115,0.8271906609646976,1342.0074804089963,281.08462123796346,18.04743361994624,17.716602635383605,1.3867193283047528
320.3674606584012,63.31905801221728,10.249260699003935,2.46889913380146,0.4880866165214684,47.16775398254394,64.67961883544922,24.444056129455568,11.262335395812988,10.328808212280274,4.675971221923828,0.7203644454479218,0.0986585311591625,0.3285462528467178,2.2883660554885865,0.0649290233850479,0.0520042367279529,1047.8400390625,3237.654052734375,935.6420043945312,276.2245666503906,194.6734619140625,290.74217529296874,4.119342565536499,5.412214374542236,19.596493911743163,82.00545196533203,1.4138079762458802,1.2692681908607484,510.70496520996096,1243.272738802433,2186.22544252174,0.8668097974732518,1341.499172040075,280.83829523324965,18.07052679806948,17.7210476398468,1.3949112206697465
307.1795152997598,70.36894940230995,10.36481511797756,2.3386405810713766,0.4788747775251977,47.1407901763916,67.40317153930664,25.20914821624756,11.049132823944092,10.09064826965332,4.786915302276611,0.7388900816440582,0.099182216823101,0.3316326707601547,2.273763561248779,0.0673709444701671,0.0469483330845832,1021.9340942382812,3143.2732421875,968.0328308105468,293.78008422851565,169.3225875854492,304.5979461669922,4.122313499450684,5.415131998062134,20.20739345550537,78.89362106323242,1.4571009397506711,1.1060349941253662,511.2673417329788,1221.1565332785249,2171.0528101062982,0.8474361512809991,1338.634942893684,280.5385943248868,18.050895385444164,17.691536593437196,1.3956585303414613
309.48777543865145,75.2409839220345,10.413791150413454,2.7021817222237585,0.4487609914503991,43.965109252929686,64.93883972167968,25.946075439453125,11.371111392974854,10.371160984039308,4.865354776382446,0.6850930511951446,0.1005253314971923,0.3281147509813308,2.45374071598053,0.0649514824151992,0.0507275514304637,965.1919982910156,3237.12919921875,993.549365234375,309.4494293212891,221.0057815551758,310.2274932861328,4.113182878494262,5.507767248153686,19.93643798828125,92.79633255004885,1.354838979244232,1.1909294128417969,511.8421897411346,1272.0474705159663,2445.072584453213,0.7531883052550257,1333.213245640695,286.2867887854576,18.012149735540152,17.721546816825867,1.387915073428303
309.6834426932037,68.13488707672805,10.49752097101882,2.822514007985592,0.4651044898666441,45.31496696472168,67.39463272094727,25.472216415405278,10.69934949874878,10.490125942230224,4.7158722400665285,0.6878896236419678,0.1050694294273853,0.316405662894249,2.4674795389175417,0.0610336285084486,0.0499114941805601,970.8569519042968,4552.793994140625,977.5230224609376,279.9610137939453,164.9958297729492,300.34568786621094,4.113698530197143,5.74831714630127,19.335983276367188,95.52214889526368,1.296054196357727,1.2008437633514404,510.2802370071411,1245.9181216433644,2310.3318616026254,0.8138175692874938,1337.069530004263,278.73013807088137,18.079218982160093,17.78277668952942,1.3894600462634117
318.0787868594751,66.2116165202111,10.438832812663168,3.09437759667635,0.5037432858662214,46.96121330261231,66.64501190185547,24.149504089355467,10.510586261749268,10.097891330718994,4.560747814178467,0.6819269120693207,0.1011023439466953,0.3316489398479462,2.6123729705810548,0.0631330423057079,0.0509774092584848,1027.4814331054688,4183.398828125,921.2114685058592,271.2813751220703,159.3852737426758,279.8338348388672,4.112602090835571,5.551393651962281,20.054730796813963,106.48874893188476,1.4018171787261964,1.2511602759361269,512.1487947225571,1243.966254736483,2339.238808653038,0.8164733818732202,1339.376191651821,277.19107047617433,18.037264526635408,17.79498049020767,1.3919633694458753
360.3073493295349,72.6140650883317,10.819237521663307,3.3942245081067086,0.4564840388891752,43.5494255065918,48.07994918823242,12.118580722808838,10.980385494232175,10.765116691589355,4.423291063308716,0.6857887923717498,0.1087196931242942,0.3551333367824554,2.838020277023316,0.065784416347742,0.0301928659901022,1155.278076171875,2534.663549804688,464.9660308837891,312.7273010253906,200.15205993652344,268.0428955078125,4.11267876625061,5.964121389389038,21.55615825653076,114.25515823364258,1.414498257637024,0.7306116580963135,523.9485983848572,1406.8248739928008,2462.490866087703,0.5720997950062156,1379.9718648558485,292.6469335451722,18.49569632932544,20.51953421831131,1.447735363582615
306.91988127417864,67.41388014703989,10.41182502117008,3.141216254234314,0.5184806208475493,47.949514389038086,63.92632484436035,25.14862632751465,11.089448642730712,9.97487497329712,4.611555099487305,0.6849575161933898,0.0992585584521293,0.3169430375099182,2.5735055208206177,0.06497103869915,0.0472626477479934,1017.3198669433592,3029.4978515625,960.9159240722656,286.31544189453126,180.17650299072267,284.0426940917969,4.113152980804443,5.446275234222412,19.196891403198244,105.8684455871582,1.468860745429993,1.148670494556427,509.0370100975037,1231.6622166141867,2211.3540015908425,0.9083751602564007,1336.5446926638483,280.46484961211684,18.005189795792102,17.769167482852936,1.3931542908307164
325.69656825680283,70.49496846850961,10.59644030528143,2.158909222483635,0.4369610299589112,45.7833251953125,65.48816986083985,24.9807487487793,11.631066036224365,10.498599243164062,4.520538377761841,0.7261749982833863,0.1075259827077388,0.331870687007904,2.2362812042236326,0.0648252457380294,0.0499815497547388,1033.1751831054687,3882.91005859375,958.673077392578,303.1581207275391,221.66150665283203,289.6346466064453,4.120264625549316,5.908932304382324,20.29004192352295,73.88865432739257,1.3135684609413147,1.2535834431648254,517.5426251411438,1232.085995747149,2272.203176508029,0.7501421886961908,1338.8397558294237,285.4294871263206,18.02608406320214,17.65232890844345,1.3865240852115677
334.3601121874526,74.13684644326568,10.334434705320746,2.9596583276987074,0.4504047832277137,45.44403038024903,70.66337509155274,24.18037700653076,11.668897819519042,10.444707870483398,4.552652835845947,0.7233207941055297,0.1050126567482948,0.3178180754184723,2.4832708835601807,0.0645895726978778,0.0493109330534935,1037.4447875976562,4107.72021484375,924.7217407226562,315.6053070068359,212.99966583251955,287.0184936523437,4.119756889343262,5.741925811767578,19.412770652770995,99.08651733398438,1.3426610708236697,1.22502201795578,517.315648317337,1258.2311857819557,2378.1873020778235,0.7907522565219551,1334.6997676491735,285.7806019566953,17.924943624436857,17.684145617485047,1.381070717703551
318.29905173722653,73.15506746321917,10.256514842715116,2.6712976306676866,0.5348417785542552,43.7287784576416,68.69092483520508,26.098354148864747,11.299758434295654,10.824857711791992,4.803088665008545,0.7000197112560272,0.102993544191122,0.3264834105968475,2.413596987724304,0.0668725319206714,0.0475642602890729,983.7638305664062,3345.48583984375,995.1663208007812,305.88111572265626,190.53017578125,305.96495056152344,4.115866088867188,5.634323024749756,19.68007011413574,90.68073272705078,1.5342736959457397,1.170335555076599,514.2516658306122,1263.707644931972,2415.8990166492063,0.7656210838351398,1334.7746833831072,283.4575388021767,18.015706612169744,17.71642745733261,1.3971528626978398
319.320255856961,64.4589536357671,10.407585245650262,3.0072455421090125,0.5332947793940548,46.97507400512696,69.89696426391602,24.12260227203369,10.415228748321534,9.86747980117798,4.3920738697052,0.6973942518234253,0.1041158862411975,0.3343980431556702,2.5693893432617188,0.0699648812413215,0.0494076702743768,1036.2471069335938,5139.158740234375,926.1358337402344,261.42437133789065,166.52991943359376,279.7771453857422,4.115414619445801,5.707451677322387,20.22431411743164,103.05396881103516,1.5958539247512815,1.2265127301216123,510.6988361597061,1236.8578374385834,2175.210313414107,0.8251378951594234,1341.2553299508988,276.7209679357708,18.066532023996118,17.803038358688354,1.4040163862053303
332.0030372325331,71.89559818208218,10.409329214598984,2.8989624828100204,0.4541581767960451,45.12874031066895,68.04714126586914,23.829864501953125,11.158195877075196,9.945098400115969,4.678266620635986,0.7331508517265319,0.1028994806110858,0.3186599135398865,2.4937233686447144,0.0631943926215171,0.0510128054767847,1070.38544921875,4645.602294921875,914.9910278320312,302.9722534179688,154.23980712890625,295.99907836914065,4.121348524093628,5.654679679870606,19.326012992858885,98.31665573120117,1.320853066444397,1.2664729833602906,516.4669634342193,1275.2614271104335,2452.18876998123,0.7491588830482214,1337.8035816803574,279.10209661126135,17.938392485678197,17.691727101802826,1.380856759590097
343.72871083170173,63.58160217627883,10.346284160017968,2.4128526374697685,0.4540152710513211,46.06376419067383,65.68600692749024,26.1314416885376,11.17342300415039,10.685163021087646,4.398437738418579,0.7156695663928986,0.1039383061230182,0.3359092354774475,2.331753969192505,0.0647700481116771,0.0494901370257139,1103.6382080078124,3641.355346679688,994.2261657714844,272.3556549072265,226.24777526855468,270.0843505859375,4.118560791015625,5.673825597763061,20.46178455352783,82.44818878173828,1.3482686400413513,1.226930022239685,515.064654636383,1287.977288195491,2479.2959127088952,0.7846693909261375,1344.291078568995,282.04842753559353,18.040377571433783,17.701532769203187,1.389552980544977
319.96163168251513,63.305620139092206,10.419371643289924,2.208127185702324,0.510777160152793,46.913449096679685,67.3819969177246,25.92303600311279,10.828719234466552,9.874808406829834,4.361946678161621,0.7012747585773468,0.1061464063823223,0.329859572649002,2.330752205848694,0.0651368677616119,0.051287942752242,1039.3395629882812,3497.563916015625,985.8697021484376,267.941943359375,172.07732543945312,271.1835510253906,4.116094589233398,5.7922626495361325,20.139946746826173,77.8971923828125,1.4575150847434997,1.2341538071632383,512.6131520271301,1240.7324974238873,2289.942539612105,0.8147544635925442,1342.7200163796545,278.0821883022785,18.10440494455397,17.729937410354616,1.399599716020748
319.2003510570154,67.53359347507357,10.683993819355964,2.29094076603651,0.4735649839683901,46.172211456298825,64.8910903930664,26.28337287902832,10.62121295928955,9.819675540924072,4.386412620544434,0.6917936325073242,0.1034203931689262,0.3196496129035949,2.2108798027038574,0.0676386334002017,0.049560060724616,1023.05341796875,3329.9161376953125,1008.3590759277344,277.2126892089844,158.76393127441406,270.2306365966797,4.114414691925049,5.681653833389282,19.584167861938475,75.67473602294922,1.4404124855995175,1.2261767268180848,511.80318093299866,1246.7670803949236,2347.627730557101,0.8215011178981513,1341.1719085298478,278.10706872195004,18.096077954024075,17.714905905723572,1.398343144915998
332.97297022379934,63.12217853479088,10.438970844633875,3.125567522644997,0.5078209550061729,42.69679222106934,72.79942398071289,25.5895637512207,11.04457712173462,9.91356382369995,4.578507709503174,0.7304116070270539,0.1035726800560951,0.3156737953424454,2.588769316673279,0.0635038487613201,0.0506420329213142,1005.4675598144532,5096.546142578125,976.347802734375,275.8854583740234,153.82473449707032,280.3665069580078,4.120947742462159,5.658051586151123,19.32598476409912,106.11595153808594,1.4159731984138488,1.2451319098472595,518.5730087757111,1263.887256835401,2368.6382424414974,0.6866939346306026,1338.3258058652282,277.0197397187352,18.043265003710985,17.795379841327666,1.392819087742828
315.8113183561712,67.82239650078118,10.474295451771468,3.06401434391737,0.4887616099149454,45.10488739013672,71.3444206237793,24.62210330963135,11.214641571044922,10.112470054626463,4.533710718154907,0.727987551689148,0.0965279676020145,0.3236667603254318,2.542378878593445,0.0631301529705524,0.0505213767290115,978.8883239746094,5348.165087890625,942.63203125,289.73497009277344,183.91776428222656,283.39013671875,4.120591259002685,5.307080984115601,19.57362995147705,103.13306427001952,1.3773717999458313,1.240833044052124,511.9210776090622,1242.0658828005194,2166.4240382774965,0.8291198596823961,1335.5220810972155,281.3006127566099,18.03467288836837,17.776260828971864,1.3902342714369298
316.2021725134924,62.29650117866695,10.635798684414477,2.3713944748044016,0.5145929192425683,45.41490364074707,65.21534576416016,24.809968566894533,11.25193910598755,10.468409156799316,4.761980628967285,0.7284415602684021,0.1020409069955348,0.3174571722745895,2.364309787750244,0.0690088830888271,0.0516411874443292,994.7002380371092,3610.854833984375,951.053759765625,272.7925079345703,192.70291442871093,298.0818267822266,4.120664787292481,5.604628801345825,19.380874633789062,82.55729217529297,1.5428585052490231,1.270409381389618,509.9710102081299,1204.5030840784311,2111.605529739568,0.8464794990606606,1339.761457400024,280.2917286410928,18.11381548196077,17.754252433776855,1.4045780243119226
306.0376564459875,75.02510363459587,10.513703314121813,2.410682699084282,0.5120673828874714,45.52940216064453,72.73113174438477,24.61033763885498,11.722877407073977,10.465325736999512,4.813679981231689,0.7343893826007843,0.103207279741764,0.3188320279121399,2.2510241270065308,0.0657640017569065,0.0461780879646539,972.7651733398436,4914.648388671875,944.5290649414062,323.2672546386719,178.91970825195312,299.3039520263672,4.121571969985962,5.667871046066284,19.435266304016118,79.68061141967773,1.4826788544654843,1.0854528665542602,510.3027220726013,1247.0620529398325,2335.3316578642,0.8111831588670612,1333.4368431054056,284.10225645601747,18.00157337412238,17.656080543994904,1.3931214206386358
326.73166189882903,75.20014212056995,10.150099809467791,2.8558176174759864,0.5300522912060842,44.36497077941895,71.09401092529296,23.85510425567627,11.555617427825927,11.087618255615237,4.700534152984619,0.6935424089431763,0.1008838593959808,0.3129028111696243,2.3412851095199585,0.0687998242676258,0.0485234599560499,1051.3298950195312,4275.12255859375,915.6555603027344,314.3408508300781,234.88128204345705,296.9971435546875,4.114632034301758,5.514064168930053,18.84601421356201,91.60710678100584,1.5821783900260926,1.140518569946289,517.5775856494904,1298.9765889331698,2442.403292810783,0.7001244548708201,1336.451952521503,286.74361525774003,17.93222954571247,17.664837861061095,1.3938902929890902
336.9673923779279,70.72563342191279,10.31692292643711,2.4084257289767264,0.4864456170762423,47.73492584228516,69.94574356079102,25.69611358642578,11.621321964263917,10.175863265991213,4.696259260177612,0.6993160247802734,0.1051689952611923,0.3371749997138977,2.3546208143234253,0.0640489265322685,0.048486853018403,1097.9140014648438,3667.2398681640634,978.3795288085936,309.04746398925784,182.44452667236328,284.76171875,4.115684509277344,5.771129274368287,20.375060653686525,83.36154022216797,1.3924563884735108,1.2167062163352966,515.9371654033661,1239.3520115807653,2304.487955099414,0.8445541229564697,1338.981854069233,282.6613301664591,17.935956362634897,17.632129061222077,1.3844392805593089
341.2925361253321,69.04316631462424,10.430933312885465,2.816711251437664,0.4767202408285811,43.10785598754883,73.900537109375,25.085265159606934,11.170096111297608,9.873706340789797,4.427441835403442,0.7134876251220703,0.1006704598665237,0.3164099216461181,2.4168541431427,0.0673306167125702,0.0471269063651561,1041.6151000976563,5070.8662109375,958.2622009277344,292.5809356689453,174.631494140625,280.39117431640625,4.118168687820434,5.507343721389771,19.338461875915527,93.64244537353515,1.4568339586257937,1.096834421157837,517.169043636322,1308.7525631129745,2449.116943815496,0.715790738677606,1338.9588504180313,280.72938927337526,18.001563319563864,17.72070096731186,1.3925049542915076
337.31437449408696,77.79906871672719,10.350751435477289,2.559545642137528,0.4570157785201445,44.71701431274414,68.0560546875,24.620980644226076,11.592679405212404,10.938284301757813,4.935149192810059,0.7228670001029969,0.1043093912303447,0.3222186714410782,2.318607139587402,0.0613841377198696,0.0495415579527616,1071.4727172851562,3992.133666992188,945.721337890625,321.6490783691406,231.88065032958983,315.04449462890625,4.119647359848022,5.7139688491821286,19.633076095581053,85.19895935058594,1.2992680072784424,1.1740359544754029,520.0397474765778,1325.9456580042838,2485.1231486509496,0.6894797347486019,1336.9306850556284,287.7678514763713,17.91385397836566,17.62337656021118,1.3780960258096455
330.39197988286617,71.51707642897964,10.264250680431724,2.411637228727341,0.4794475972768851,43.64988784790039,64.31344223022461,24.639158058166505,11.198314666748049,10.315324783325195,4.740454530715942,0.742489093542099,0.1044995941221714,0.3241551965475082,2.3463737964630127,0.0634448006749153,0.0493689317256212,1062.032763671875,3157.76767578125,938.1838317871094,298.1257385253906,201.92296447753907,296.23484497070314,4.122827768325806,5.727365112304687,19.500022315979,83.02293853759765,1.3836847782135009,1.1277249693870544,515.0842566013337,1262.0412658333778,2331.19279656639,0.7226243238896132,1339.4095924481749,283.04402673095467,17.997966184467078,17.672236585617064,1.3881081636529415
323.8349157864228,61.05883660465479,10.607551507093012,2.37752715498209,0.4740966223587747,47.44795532226563,72.19559631347656,24.78032169342041,10.995726299285888,10.809446716308594,4.387330627441406,0.6858864903450013,0.0979322224855423,0.3357234358787536,2.1971839904785155,0.0665756165981292,0.0484477009624242,1079.2662963867188,4367.25537109375,950.8366149902344,261.35300598144534,207.35324401855468,273.64983520507815,4.113300609588623,5.385387992858886,20.408213233947755,76.95409698486328,1.420800530910492,1.192144227027893,510.8238198757172,1244.8645446762443,2382.132201524248,0.7893404087983071,1345.2797236219049,279.68873812407253,18.093283987790347,17.717930340766905,1.3970873109064996
319.1067329738289,64.2002322519198,10.295347792841492,2.650614492595196,0.5047969086677767,45.15544967651367,70.41904525756836,25.071948623657228,11.206485271453856,10.203396034240722,4.442022848129272,0.6893637180328369,0.1037058219313621,0.3251927584409714,2.455556917190552,0.0693557612597942,0.0470965020358562,988.9617370605469,3997.031518554688,959.5266479492188,277.52345275878906,188.03815002441405,283.96591796875,4.11397156715393,5.67805404663086,19.53864917755127,91.66409301757812,1.54216365814209,1.1173498630523682,510.88405616283416,1243.7447824463247,2251.735184393928,0.8323879174422473,1338.3597531698645,280.6205893985927,18.081773467361927,17.771107578277586,1.4026124800555408
334.3222223956138,64.78307405263186,10.418875114060938,2.676965296268463,0.4892801084206439,41.9405574798584,65.90630874633788,25.944511032104494,11.211498355865478,10.42080488204956,4.629854297637939,0.7216977834701538,0.1016849048435688,0.3420629382133484,2.293701243400574,0.0646536111831665,0.0495594590902328,1023.247003173828,3516.63818359375,993.0168029785156,282.2656585693359,175.95643768310546,289.2606231689453,4.1195519924163815,5.571250295639038,20.741881561279296,86.24917755126953,1.4133918285369873,1.192379927635193,519.1633239746094,1250.424057379365,2316.193152054667,0.6995406326837837,1339.9519586108624,279.74771935641763,18.060773327946663,17.731110286712646,1.3941418090369553
319.3258475273848,63.41175863556564,10.466949377581477,2.4198049560189245,0.5323695199447684,44.95594482421875,70.24561004638672,26.08956623077393,11.377853107452392,10.93665828704834,4.626504278182983,0.6960162937641143,0.1017343953251838,0.3275367438793182,2.408825707435608,0.0686914972960948,0.0500783901661634,1004.146875,3771.265747070313,994.3315063476564,277.2261932373047,219.79180908203125,288.2288482666016,4.115160989761352,5.587821960449219,19.775787544250488,85.17432022094727,1.57615270614624,1.1776917576789856,511.0151782035828,1244.6608118772506,2255.0323913805246,0.8059904842171818,1339.6392372116447,282.4186242908239,18.088259192556144,17.74929807186127,1.4046735593583437
332.7014471687377,74.25640250816942,10.252637007273734,3.2299159705638885,0.4573364237439818,42.41266212463379,67.35368347167969,25.949960708618164,11.49797592163086,10.20926923751831,4.486578702926636,0.7412200450897217,0.1038636304438114,0.3190453052520752,2.5704108238220216,0.0596755161881446,0.0476246938109397,1022.7534362792968,3665.8265625,986.371612548828,318.598275756836,158.64460144042968,273.8794250488281,4.122568941116333,5.676662874221802,19.42345142364502,107.6008903503418,1.2564627647399902,1.1716933369636535,520.4390106678009,1294.476099704206,2420.0895768126297,0.6793865253217518,1333.0589907124638,280.88203513622284,17.899510330706836,17.697981774806976,1.3746421629795804
362.81741588925945,68.8464588066563,10.158548910263926,3.0604904636740686,0.5045131124847103,50.63470993041992,65.93603515625,24.00101337432861,11.503048133850095,10.175694179534911,4.275953865051269,0.7104366838932037,0.0945164985954761,0.3199636876583099,2.592437171936035,0.0677963480353355,0.0502697896212339,1218.989172363281,2949.823681640625,921.9063110351562,304.1969848632813,154.49666442871094,269.34605102539064,4.117530775070191,5.162606048583984,19.50833396911621,105.70568466186523,1.5124003767967225,1.2492001414299012,516.587738609314,1353.9204911351203,2552.724775028269,0.7285585264675319,1340.0187785509977,278.0806854225695,17.768165442347527,17.624194991588592,1.3799997833790258
332.73038602564486,76.28459183257073,10.450228103529662,2.383398915827274,0.5034400985052343,42.40934104919434,69.64581298828125,24.076838493347168,11.316052055358886,10.59178409576416,4.585366249084473,0.7056196928024292,0.0983088515698909,0.3196344912052155,2.3333529472351078,0.0644949533045291,0.0507258344441652,1012.1687072753906,3755.485229492188,922.1370910644532,317.4024139404297,161.32850341796876,292.9898193359375,4.116814136505127,5.393760728836059,19.453459167480467,82.01277160644531,1.4297044038772584,1.2663176774978635,519.352855682373,1307.3423612862823,2422.676913525583,0.6972456126939506,1335.7275089114903,282.02527391761544,17.97959579527378,17.656103253364563,1.3892555115744472
331.61822332330047,59.45419692378491,10.288911132328211,2.785742995142937,0.4709446724620648,46.082580947875975,66.18053894042968,25.213848114013672,10.671271228790284,9.56538372039795,4.622909641265869,0.7039349615573883,0.1024696834385395,0.3220101624727249,2.3850871086120606,0.0663379214704036,0.0510047644376754,1091.4939208984374,3276.563232421875,959.1365600585938,252.2082427978516,156.36602020263672,293.2344512939453,4.116557312011719,5.610402536392212,19.344939613342284,91.6917709350586,1.4184032559394837,1.211578607559204,512.7061535358429,1240.3802164793017,2222.027880172484,0.7764522436074912,1345.14182433635,274.7475523643196,18.07786120697856,17.76495635509491,1.3956923708785325
341.4915943333879,72.03153119534254,10.50285810418427,2.554439179599285,0.4736993758007884,43.59486427307129,68.44032745361328,24.32102661132813,11.387746620178223,10.48399248123169,4.552634239196777,0.7225803732872009,0.1065868057310581,0.3276550322771072,2.2621989488601684,0.066416186094284,0.0482466008514165,1052.0831787109375,4557.9734375,927.9140747070312,301.8539154052734,226.65094451904295,284.0286804199219,4.119670248031616,5.849619197845459,19.99954032897949,82.89724197387696,1.4171682953834537,1.209761142730713,520.8604300498962,1306.4171236842872,2482.037606022687,0.6816962751094252,1339.2109384529292,285.2419198796153,17.993278386443855,17.67075045108795,1.38979163414333
321.0397138077766,74.10426895730197,10.479089514538646,2.931754842400551,0.5239248392521404,46.97960014343262,69.39256896972657,24.81918792724609,11.36499547958374,10.730182266235351,4.617527723312378,0.7278183996677399,0.1033357769250869,0.3392893582582473,2.421585512161255,0.0656182453036308,0.0501844111829996,1029.663977050781,5287.97373046875,946.390496826172,312.5796661376953,175.33570251464843,285.6902252197266,4.120435380935669,5.674022674560547,20.706833267211916,96.09770584106444,1.4951234459877014,1.216251289844513,514.1228338479996,1239.350014936924,2305.512888074556,0.84182393909432,1335.186790345609,282.410033865273,17.948531050235033,17.68923078775406,1.3902474260423332
331.2790271565318,65.09920040778816,10.52154375910759,2.2196759402751924,0.5165627152775414,41.923600387573245,67.25212860107422,23.95513153076172,10.569822311401367,10.795344638824464,4.586882066726685,0.700857549905777,0.0984010502696037,0.3301684468984603,2.2517205476760864,0.0653632283210754,0.0488186702132225,1023.9968627929688,3327.0003173828127,919.9446899414064,261.94591369628904,228.71472930908203,280.7381164550781,4.116028785705566,5.378953838348389,20.179562187194826,75.47752380371094,1.477339458465576,1.1330162644386292,515.5253702163697,1298.0827755212783,2515.548792293045,0.6953051349148154,1343.4078715741634,281.50155548155305,18.134316511079668,17.742461729049683,1.4027803443372249
314.4120069283992,69.50549388714134,10.15448085060343,3.0972212448716165,0.5075809194764588,43.56799392700195,69.53103561401367,25.594292068481444,11.104206848144532,10.598684597015382,4.770157957077027,0.7121921002864837,0.0971281453967094,0.3292858928442001,2.4459203720092773,0.064641135931015,0.0493046969175338,950.982196044922,4441.5109375,982.5331298828124,290.0804626464844,201.9865310668945,301.0985504150391,4.1179674625396725,5.311523580551148,19.65470657348633,99.8054084777832,1.439802169799805,1.210072362422943,510.7409940958023,1246.9452853754162,2358.7473521493725,0.7856602645013482,1334.3583239324391,282.7126342080534,18.05801445841789,17.78181657791138,1.3951874508988111
316.3054579436779,73.578135047853,10.328954530414194,3.0380282953381537,0.5024865945102647,45.36315498352051,68.18949584960937,25.603000831604003,11.455355834960937,11.020062255859376,4.398970985412598,0.6971073389053345,0.0978564016520977,0.3165566056966781,2.652096462249756,0.063714974373579,0.0495636913925409,994.2001220703124,4132.738720703125,976.0994567871094,309.2330322265625,217.3262939453125,274.0045928955078,4.115300416946411,5.364984703063965,19.159662628173827,107.20931930541992,1.4246833562850951,1.1635363698005676,513.6564676046371,1238.8742880687118,2201.319153375196,0.8077796857338398,1332.9724659904837,285.3733777016401,17.951666490733622,17.734080624580383,1.3869524526409804
324.4230548381805,76.06809190064669,9.995949636027216,2.872840754687786,0.4820252634119242,43.6368350982666,63.97328262329101,24.70979671478272,11.472111320495603,10.450124931335449,4.569262886047364,0.7357625544071198,0.0963349625468254,0.3208411663770675,2.35064492225647,0.0663948290050029,0.0507699895650148,1042.170458984375,3222.5510009765626,944.8047241210936,318.2268035888672,196.1939865112305,281.8938873291016,4.121718978881836,5.259550952911377,19.15263843536377,92.29869232177734,1.44267840385437,1.2264969229698182,516.4304693222045,1258.578633119166,2397.770664848981,0.7125928980764001,1335.100326476991,284.4967807367444,17.929480468481778,17.660836613178255,1.3863390651997178
319.4132234811783,63.63593067862094,10.4120649067685,2.166303586959839,0.5091598051716574,44.77821159362793,68.10729675292968,25.116888999938965,10.37607364654541,10.84459400177002,4.542551279067993,0.6949233412742615,0.1035832956433296,0.318440568447113,2.256881332397461,0.0654236063361168,0.0504354741424322,1021.7777221679688,3183.991943359375,957.7866821289062,253.1467742919922,215.91031799316409,281.76231384277344,4.114980697631836,5.672494649887085,19.199122619628906,74.44923706054688,1.464766526222229,1.1744581580162048,513.2901447534562,1250.849214874208,2408.1893096733256,0.7496429461520165,1344.103699849546,279.56111047416925,18.16180053129792,17.756762540340425,1.404034348204732
339.8846147544682,61.84668090976775,10.469497763738037,2.230224597454071,0.5110439663520083,45.19340286254883,67.05123138427734,24.055341148376463,11.16104850769043,10.11264486312866,4.354250574111939,0.684156620502472,0.1030713073909282,0.3187699198722839,2.2221201419830323,0.068566757440567,0.0484196674078702,1077.343017578125,3796.700415039063,921.5553649902344,274.5141296386719,155.5538101196289,265.5079742431641,4.112971401214599,5.654260206222534,19.331930351257324,74.85075759887695,1.5346431493759156,1.161310029029846,516.1578719615936,1241.18593441844,2306.291618367104,0.7624147422146053,1343.7623607940973,277.1444417148829,18.064888111501933,17.689295160770417,1.4009275977499782
308.6912935348228,74.02941851094366,10.33369575124234,2.731899131834507,0.4604282234562561,44.78611755371094,65.94139785766602,24.950767517089844,11.882559394836424,10.974237442016602,4.716458129882812,0.6795646667480468,0.1042266249656677,0.3305910795927048,2.3736506700515747,0.0622435946017503,0.0475168745964765,973.7367370605468,3474.267065429688,956.619403076172,319.9500396728516,226.3190505981445,295.02927551269534,4.112127256393433,5.716655588150024,19.96267242431641,90.45001754760742,1.3133094549179076,1.1656159281730651,511.17316381931306,1245.7738071918488,2350.559847515472,0.8091914520133286,1332.4294139049948,287.33035736232995,17.979079189896584,17.687617540359497,1.3832674446515738
344.14815947413445,65.17836606614291,10.53676051190123,2.411825121939182,0.4922800590400584,44.17319717407226,65.87992706298829,24.76728630065918,10.453472805023193,11.049438953399658,4.797748804092407,0.6868213653564453,0.1015648134052753,0.34003347158432,2.302687740325928,0.0630706511437892,0.0517359003424644,1079.2817260742188,2915.767944335937,942.384735107422,258.7762176513672,228.6416244506836,304.4425476074219,4.11351203918457,5.567849969863891,20.72195491790772,81.30692291259766,1.3767247080802918,1.28682541847229,517.0302606105804,1273.5970093980432,2434.195531847095,0.7310459205880762,1344.765482325852,280.93421584665776,18.090533009171487,17.734882724285125,1.3945115972077473
325.1465452978388,63.46816275920719,10.480153924413026,2.542081247270107,0.5260015888721682,44.98463478088379,65.47482528686524,24.510884284973145,11.183688831329343,10.845314502716064,4.521750497817993,0.7194820046424866,0.0987087465822696,0.3131685674190521,2.327934169769287,0.0716030545532703,0.0462581925094127,1017.7005920410156,3392.7291259765625,938.3693420410156,272.5012451171875,215.9971221923828,284.76239013671875,4.119201040267944,5.395283937454224,19.13853225708008,84.81940383911133,1.6320322275161745,1.0732969164848327,513.3678518295288,1279.292690655589,2464.890934934653,0.7742473691701889,1340.7489620164038,281.89673909023406,18.09399435184896,17.752045333385468,1.4080084993038329
310.3307075526565,75.92299573030323,10.37778032105416,2.319212178885937,0.5423297589295544,44.69471969604492,68.66988754272461,24.765639877319337,12.08812885284424,10.771934700012206,4.663847541809082,0.6904298186302185,0.0987932220101356,0.3242361217737198,2.2941270589828493,0.0675893798470497,0.0509956870228052,978.5044311523436,3135.130419921875,949.0170776367188,329.6955291748047,223.90467071533203,295.4529968261719,4.114079904556275,5.418843984603882,19.644085502624517,79.3358024597168,1.5639352202415466,1.2571728348731994,509.6868844509125,1248.1466311141849,2320.640625345602,0.8376314908731729,1332.2345810309052,288.6362531490624,17.974719119817017,17.638455533981322,1.3955350783653555
338.0553002197296,68.37494998201728,10.27335634389892,2.1930922001600264,0.435440174373798,44.93513526916504,69.15381469726563,24.52618350982666,11.624866676330566,10.228079319000244,4.404669094085693,0.7108777284622192,0.0972417823970317,0.3304070919752121,2.231340980529785,0.0642940759658813,0.0496648322790861,1068.75634765625,3038.2302490234374,935.0010925292968,302.9384490966797,174.86111755371093,269.8085174560547,4.1176361560821535,5.331326103210449,19.858597564697263,74.50871200561524,1.3137637495994567,1.18368102312088,518.2068099498749,1245.7643969878554,2308.625566708064,0.7637412754818798,1339.6251485571263,281.7044372960925,17.997513908147813,17.636476194858552,1.3846711688209326
330.681111708656,66.58409753404558,10.35992461387068,2.3220733404159546,0.5194714735727757,44.639020156860354,70.25050277709961,25.219136238098145,10.636159706115723,10.1318772315979,4.572226333618164,0.7183006942272187,0.1057683102786541,0.3220805078744888,2.3389842748641967,0.0694904893636703,0.0488491587340831,1041.9744995117187,4329.9677734375,960.9443603515624,273.43407287597654,176.1963623046875,279.8048553466797,4.118984317779541,5.7848950862884525,19.50248279571533,80.6934928894043,1.5675171613693235,1.1767569184303284,516.4340664386749,1253.4737141832709,2402.23843581205,0.7271126119419933,1342.3371935144066,279.0880172267556,18.083040253818037,17.726051759719848,1.403790553752333
328.82365774381907,73.64492285251617,10.219010774418711,2.490796445310116,0.5264654599595815,44.91784477233887,69.77597274780274,25.78908348083496,11.736428165435791,10.255218505859377,4.3182361125946045,0.7313147187232971,0.1001357056200504,0.3276832073926926,2.431736254692077,0.0705535367131233,0.0517233908176422,1052.8545288085938,4179.284228515625,987.6356506347656,320.3607666015625,180.04190216064453,263.4792785644531,4.1210479736328125,5.483070707321167,19.7727632522583,87.83818817138672,1.607228362560272,1.2653815031051636,515.5701048851013,1282.907939350605,2390.1136001667123,0.7319703115615994,1335.999900341034,283.3834133282304,17.925991931557654,17.642380321025847,1.394454062730074
337.1106523949653,71.0317620670423,10.529951891861856,2.5977741450071337,0.4871759832953103,44.02610626220703,69.22751159667969,24.865785980224608,11.002500915527344,10.358430004119873,4.56768536567688,0.6804586350917816,0.1015978582203388,0.3239429235458374,2.3798630475997924,0.0637117452919483,0.050823726132512,1046.162841796875,3835.524755859375,954.6536437988282,289.73935852050784,219.90750885009768,288.74619445800784,4.112098503112793,5.566779851913452,19.838895988464355,87.9662109375,1.391377091407776,1.2236739873886109,519.840430355072,1261.373887987435,2348.73900758652,0.7175789019092917,1339.8183501824738,283.7928012855351,18.019052455201745,17.711007440090178,1.3903904237318785
332.1163684947416,62.99056687820703,10.270451540872454,2.655911545455456,0.4516776599804871,46.850407409667966,72.61398391723633,23.98247337341309,10.804641819000244,10.557347297668455,4.429712295532227,0.7155254244804382,0.1035967454314231,0.335281229019165,2.378740906715393,0.0612015388906002,0.0507214620709419,1077.315234375,4986.04443359375,918.1612548828124,265.5638763427734,180.62447814941407,282.1211242675781,4.118538570404053,5.666831588745117,20.183650398254397,88.99113464355469,1.2806379318237304,1.1926098585128784,512.2814204931259,1263.2864763885736,2403.374665550416,0.781731737870723,1343.754830673337,278.19043494462966,18.06114161685109,17.742541706562044,1.3873431824147702
321.4764577295631,71.46375369504094,10.464459219481796,2.256771759688854,0.5041809613001533,45.89057579040527,69.45314483642578,25.9023551940918,11.842478370666504,9.925585746765137,4.605663108825683,0.7043534517288208,0.0975576676428318,0.3257112264633178,2.240755319595337,0.0687220834195613,0.0486647095531225,1012.022430419922,5056.39794921875,993.5204467773438,318.4110412597656,158.86893615722656,286.7488708496094,4.116609573364258,5.349176263809204,19.85631732940674,76.18243255615235,1.5228403091430665,1.2054172039031985,511.85028252601626,1243.0911028414964,2310.929000365001,0.8216428764630109,1335.926551553607,281.6738802716136,17.991876140981912,17.638416361808776,1.3948515699477866
298.9243145851127,72.65338749065995,10.786950744409117,2.972829022631049,0.4545258038851898,35.27280044555664,35.95796432495117,0.7902777254581451,10.947082996368408,8.727635288238526,3.531196451187134,0.7211884498596192,0.0986769266426563,0.3512059718370438,2.639995503425598,0.0640174612402915,0.0297167273238301,1022.8859069824218,775.9497131347656,29.547472190856933,308.6216247558594,180.4886672973633,211.25969543457032,4.119321298599243,5.402744436264038,21.082026481628414,96.8671127319336,1.3638181567192078,0.7165059804916382,520.7680613040924,1462.8782589420675,2600.385976096854,0.5034780997084454,1378.94820220361,293.88918789848685,18.72321505844593,20.5796923995018,1.4588579515344464
333.666190786846,78.1650996318087,10.214890850707889,3.0542773365974427,0.4794145031657535,41.863499069213866,68.7662567138672,25.28413219451904,11.614064502716063,10.976597690582276,4.667560195922851,0.7111600935459137,0.0987135007977485,0.3076966166496276,2.461625576019287,0.0653489299118518,0.0478780847042799,1019.8563110351564,3459.1849609375,970.1651123046876,325.12749633789065,215.48431854248048,294.1440460205078,4.117664194107055,5.399787378311157,18.62561454772949,100.00632247924804,1.4107803583145142,1.192301046848297,519.633875322342,1312.6518802955748,2460.8875303555456,0.6903623903635889,1332.88447740525,286.98850060403345,17.902652659267186,17.673652029037477,1.3829980441369116
329.98898035436866,64.29029409214854,10.36250448282808,2.931653577089309,0.4900884858798235,44.50736846923828,67.91872024536133,24.03304386138916,11.089731216430664,9.92225980758667,4.213581323623657,0.6903063058853149,0.0984581254422664,0.3356416821479797,2.493242597579956,0.062864676117897,0.04894475415349,1027.4401489257812,4427.2509765625,918.897216796875,280.1428558349609,159.82085266113282,256.8680877685547,4.114141941070557,5.392869281768799,20.30385341644287,98.7036979675293,1.382548439502716,1.1487193703651428,513.7789326667786,1248.458530652523,2410.2340397127496,0.7490850279573351,1339.2473599009215,277.7548795193434,18.03320678547025,17.76209067106247,1.3907331755384802
302.6833053525537,77.90789518300444,10.316910249460488,2.6740648105740545,0.4527131900889799,44.9360710144043,70.52862319946288,24.587910652160645,11.483525466918945,10.70624237060547,4.771312522888183,0.714212155342102,0.1009403556585311,0.3105210691690445,2.4924089908599854,0.0638310670852661,0.0494600921869278,957.7301513671875,4720.87529296875,940.359112548828,319.0175750732422,229.2904846191406,302.0636901855469,4.118288946151734,5.539778470993042,18.693479919433592,93.72804946899414,1.337134850025177,1.1813357949256895,512.1054962873459,1241.8270500704646,2213.7306853250543,0.7932249013334512,1331.66153934896,287.7456976629793,17.989442647993563,17.70531212091446,1.385033718124032
318.92568483874203,65.26344621740282,10.287370519619436,2.3290220499038696,0.4976081073516979,47.01416358947754,71.14730453491211,25.520560836791997,10.82118854522705,10.35673475265503,4.593564081192016,0.6839022219181061,0.1018616199493408,0.3125384241342545,2.2519400358200072,0.0635268539190292,0.0516930017620325,1034.9209106445312,4966.08359375,974.6567504882812,276.21886291503904,160.8697723388672,283.7248260498047,4.112968587875367,5.575966691970825,18.76858787536621,77.87039642333984,1.3984930157661437,1.266590416431427,512.0038150310517,1241.8956709206104,2216.3936365794216,0.8163811518345028,1341.871862998605,277.8422215655446,18.085220457613467,17.716404128074647,1.3952515989542007
341.4084211647511,62.03776728101074,10.283159965276718,2.7695258498191837,0.5113759918371216,46.756684112548825,68.74503479003906,26.19982051849365,10.411117935180664,9.763845443725586,4.459777593612671,0.7030920386314392,0.1013679713010788,0.3330128878355026,2.329462742805481,0.0646248660981655,0.0502906158566474,1129.3800537109375,3933.247314453125,1000.0057434082032,257.0436431884765,152.6993179321289,269.45640563964844,4.116412162780762,5.549030399322509,20.044420433044436,89.34729309082032,1.4412760734558103,1.2634539008140564,513.4089264392853,1296.667094309628,2507.437150488474,0.7794467507861554,1346.3751437045637,274.8402959957719,18.04540025889873,17.73289293050766,1.394499515555799
311.5699743166566,69.0869829295203,10.23318357244134,3.1284398689866064,0.5366184344864451,43.3165641784668,68.46443099975586,25.00082874298096,10.626125144958497,10.307911586761474,4.462246131896973,0.7384206652641296,0.1035270273685455,0.3318788349628448,2.472153115272522,0.0657909728586673,0.0501662116497755,957.310693359375,3693.616357421875,958.6470153808592,278.64980163574216,185.70660705566405,281.71613159179685,4.122225189208985,5.674906015396118,19.801244163513186,101.36120681762696,1.5149638414382935,1.2050479888916017,513.8449646711349,1238.46102771312,2241.6149566004983,0.7702886597253382,1335.8759399570524,280.2834376223385,18.08313668742776,17.80500497817993,1.4006095740478486
314.9004659339786,76.48948773108422,10.552436380274594,2.3851388826966287,0.5020801349193789,43.01972389221192,70.29744720458984,24.52669696807861,11.25407543182373,10.810508060455325,4.40746545791626,0.7117570757865905,0.104769317805767,0.3412690371274948,2.3186965465545653,0.0662313543260097,0.0494279194623231,943.7112548828125,5046.4466796875,941.817120361328,314.6826416015625,187.03780822753907,268.75489807128906,4.1178795337677006,5.756365871429443,20.7840259552002,81.43055725097656,1.472623884677887,1.1719419717788695,513.9342311859131,1253.6885937348009,2353.2069757670515,0.762866155616939,1332.7677229069172,284.1534994348884,18.04066120907664,17.69298665523529,1.3955688484944404
350.0267309579998,74.60501768514514,10.167203753441571,3.163686692714691,0.4382219278602861,50.36090240478516,66.7396141052246,24.083276557922364,11.507177829742432,10.234786796569823,4.50776219367981,0.7401162385940552,0.0977620169520378,0.3149586945772171,2.5015406608581543,0.0616149749606847,0.0475721836090087,1174.9418823242188,3528.31181640625,919.7266174316406,315.7917541503906,191.5519012451172,282.3957763671875,4.122378349304199,5.373274898529052,18.932909965515137,103.8437873840332,1.2723881721496582,1.1378979206085205,514.967695426941,1357.136914549768,2586.00718426758,0.7405390778090805,1338.2380029149354,283.13964684903624,17.781446082890035,17.621791553497314,1.368784321146086
326.98775273580105,61.39892673715949,10.42382300775498,2.7940129935741425,0.490735531511018,46.52353630065918,69.83595962524414,25.710720825195317,11.222722053527832,10.943339252471924,4.449941253662109,0.735322505235672,0.0986344158649444,0.3357110857963562,2.4390005350112918,0.0637925446033477,0.0509499263018369,1038.58212890625,4404.276025390625,982.179443359375,266.79169311523435,227.81822052001957,270.4216033935547,4.121760320663452,5.410029125213623,20.29385280609131,93.90172271728515,1.3887208223342895,1.2763845682144166,512.9872426986694,1240.4466928988695,2301.6582886765827,0.8348531720694155,1341.4974411688745,281.4408296197653,18.07524142488837,17.77167671918869,1.3938062380999328
306.8198474608362,76.53343148306013,10.326837802864612,3.1759923189878463,0.5267366751329974,44.8178638458252,65.18284530639649,24.11350898742676,11.680528259277343,10.999181842803956,4.589526605606079,0.7168270349502563,0.0980307474732399,0.3294862687587738,2.458619999885559,0.0668595023453235,0.0492881912738084,967.6169189453124,3743.0134033203126,924.2464965820312,322.86639404296875,218.6238525390625,282.75571899414064,4.118691539764404,5.363025903701782,20.05069770812988,101.95510787963867,1.5372328877449035,1.133760941028595,513.0800079345703,1240.4639825463296,2305.9277268331034,0.7648117016535252,1330.4219572260977,286.92422296851873,17.94679742604494,17.708014607429504,1.3921085440088063
341.8740109685808,59.4207738943398,10.458682760130614,2.35980374366045,0.5286373813403771,44.44204063415528,67.72181243896485,24.40931987762451,11.14763526916504,10.830565452575684,4.772724390029907,0.7080381333827972,0.0980883151292801,0.3411284655332565,2.358181357383728,0.0696407400071621,0.0504055451601743,1042.9915161132812,4090.727294921875,932.2916870117188,258.14723205566406,200.68451232910155,304.2939147949219,4.117272853851318,5.371921730041504,20.68565349578857,82.08344879150391,1.588178741931915,1.1934792399406433,513.9062016487121,1248.876098908484,2331.2334073254374,0.7918240495491773,1343.8226176053286,279.4145755469799,18.118619242310523,17.758092999458313,1.4074300504755228
326.2141390796751,72.87916848883033,10.326820967067032,2.3710714027285578,0.4686524507706053,44.45867385864258,68.5071891784668,25.68305721282959,11.932859420776367,10.54466962814331,4.619104862213135,0.6928709089756012,0.0959341876208782,0.3162875801324844,2.183599090576172,0.06317989975214,0.0504452865570783,1029.4319946289063,3710.3519287109375,981.7444763183594,319.6979248046875,201.8607727050781,292.6399353027344,4.114564895629883,5.253443765640259,19.165848350524904,76.59303970336914,1.3568856120109558,1.17747882604599,513.7313908576965,1286.3986305058002,2472.714497712173,0.7397072091232986,1336.4449045494198,285.68569778352975,17.9705575093627,17.626894342899323,1.3849700120743365
341.6222712319344,73.87169461175799,10.277430666331204,3.0339487865567207,0.4885162977268919,45.21683616638184,71.36143264770507,23.859758377075195,11.193382835388183,10.342414379119871,4.534779071807861,0.731162816286087,0.1024814486503601,0.3305778235197067,2.555357813835144,0.064828735589981,0.0484883747994899,1066.26513671875,5347.243408203125,914.6459899902344,304.63768310546874,197.76492767333983,284.1608123779297,4.121022129058838,5.61345157623291,20.02455883026123,103.33212661743164,1.4171848893165588,1.193383514881134,519.4783308982849,1300.8735081776977,2472.3332002340235,0.7448111370205879,1336.963155928254,283.36404204815625,17.923565027862786,17.701593232154845,1.38475378586445
333.9836335625499,66.9910309035331,10.566112729161976,2.729929159581661,0.5116841489332729,44.49901695251465,68.85052108764648,24.79324073791504,11.405466842651368,10.248519229888917,4.574041414260864,0.6885431051254273,0.1014134593307971,0.3231243252754211,2.411494517326355,0.0683441758155822,0.0474673777818679,1054.175341796875,5188.975927734375,948.4103759765624,296.6729766845703,155.7421661376953,277.5418884277344,4.113715314865113,5.571473693847656,19.767209625244146,91.81440658569336,1.537673008441925,1.1224586248397828,517.9858441352844,1263.9320406883955,2380.808307795593,0.7088034067302942,1338.8350641183556,278.4854978308082,17.980909790843725,17.69997752904892,1.3951654380187393
324.47883020024744,66.53242899235337,10.471690498944373,2.307926881313324,0.5235480526520405,43.62354927062988,68.13769302368163,25.059526252746583,11.062229442596436,10.10224666595459,4.620870351791382,0.6777543425559998,0.0986678339540958,0.3144793957471847,2.212119221687317,0.0649984836578369,0.0518990125507116,983.2702941894532,4939.133935546875,961.2078002929688,285.3048980712891,154.41538848876954,292.84087829589845,4.111828422546386,5.395577144622803,19.1705041885376,76.0589385986328,1.4724537491798402,1.267558741569519,513.9393577098847,1237.7934622213245,2360.836763644061,0.7639393206685782,1338.893937533349,278.3964144535363,18.09880123957992,17.718555057048796,1.3999836770817635
309.331868766807,69.67561880610883,10.503935182839632,2.33483906686306,0.4944079158827662,46.534797286987306,70.96917037963867,24.05182876586914,11.721248626708984,10.588045024871828,4.526995611190796,0.7266304433345795,0.0970312587916851,0.3228984594345093,2.30827112197876,0.0688326656818389,0.0512174911797046,1001.6264709472656,5259.01376953125,919.2977783203124,305.4658996582031,210.83466644287108,277.39533081054685,4.120360946655273,5.334092473983764,19.58091869354248,80.03454666137695,1.5149396538734436,1.2170089960098267,508.58509504795074,1252.090994040668,2375.8019778654443,0.8083224100992084,1336.8874031983316,284.7356131181121,18.02999658957124,17.681511414051055,1.3971933010965585
311.4420831451192,64.57808687612415,10.351664959639312,3.103245568275452,0.515108238637913,46.20453643798828,69.65572586059571,24.25181465148926,10.357372951507568,9.831962966918946,4.497011375427246,0.7140717029571533,0.0985179856419563,0.3184572130441666,2.684277629852295,0.0666587017476558,0.0472069382667541,1004.2109008789064,4502.28544921875,926.9026550292969,261.57715759277346,162.93892364501954,277.3036651611328,4.118293428421021,5.385262775421142,19.297461318969727,109.47216567993163,1.5072343587875363,1.0897770524024963,510.2740158557892,1248.1936930179595,2266.061145504494,0.787080849474296,1339.526129358262,276.4576425984502,18.074098463356496,17.829564893245696,1.3996849673334508
321.5091028343886,67.34262064024806,10.424939057882876,3.0468055829405785,0.4904790815897286,43.06344566345215,70.32733383178712,23.996911239624023,10.829001235961917,9.890429782867432,4.739761590957642,0.7359338402748108,0.1011436082422733,0.3352611362934112,2.5014947175979616,0.0662069678306579,0.0497678644955158,978.7580505371094,4628.82763671875,918.1872924804688,280.8829010009766,165.57792205810546,297.5581085205078,4.121840906143189,5.551437044143677,20.25492305755615,101.11332931518557,1.450766658782959,1.183047652244568,516.4710790634156,1262.5591025412082,2394.213267103222,0.710860625654459,1336.9720545828343,278.70788401812314,18.061887986958027,17.789742708206177,1.396066387090832
335.8891764327884,63.34397466182709,10.33850045176223,2.3130682840943337,0.4567188391112722,44.68899078369141,67.64180526733398,24.443119049072266,11.27426700592041,10.829963684082031,4.616445302963257,0.6840349197387695,0.1055501349270343,0.3395285755395889,2.1750760078430176,0.0641450703144073,0.0504237711429595,1030.4925048828125,4427.4666015625,931.8827514648438,275.8874877929687,210.49051971435543,281.82155151367186,4.1129984855651855,5.797222423553467,20.30039138793945,74.91518936157226,1.3505696535110474,1.1763741374015808,518.4153284549714,1231.014583042264,2306.4546962976283,0.735934093920514,1341.9844136953354,281.8022584989667,18.092844814807176,17.709374940395357,1.3934271859470757
301.79561763294043,63.28852666243911,10.261476883478462,2.3823229551315306,0.5270871869754046,47.09565811157226,63.79808769226074,25.585050773620605,10.816450691223144,10.741077423095703,4.539832496643067,0.6951964676380158,0.1008373789489269,0.337946680188179,2.3627097606658936,0.0696710854768753,0.051445510238409,998.2844543457032,2956.1943359375,977.4761352539062,265.07208557128905,194.45103759765624,287.72198486328125,4.115026521682739,5.517263412475586,20.224474143981933,82.69659423828125,1.58446307182312,1.2256343960762024,506.9061804056168,1219.07935950011,2221.9137344442074,0.9066278730519116,1340.4257145613433,279.6957724891603,18.129100266098977,17.768363881111146,1.4080279597546903
300.90790090467783,74.9709669854492,10.442392332386223,2.947255876660347,0.4675126278074458,46.76371841430664,69.80401153564453,25.49711799621582,11.134051322937012,10.23565969467163,4.600105619430542,0.713045620918274,0.1052022509276866,0.3291274517774581,2.4556769847869875,0.063232135027647,0.0501146603375673,991.7313659667968,4225.34833984375,974.7007385253906,308.92909240722656,170.0894805908203,286.4411163330078,4.118015193939209,5.769852161407471,20.04186973571777,97.6474739074707,1.3566696286201476,1.1626813054084777,509.5652028799057,1246.467109888792,2266.158205986302,0.8270738504827022,1334.1331171691418,281.56966405063866,17.982988023012876,17.71873471736908,1.3857073756400495
319.2671481706202,72.76171250417829,10.480623142141848,2.624895893037319,0.4939511792385019,45.9726016998291,67.24611587524414,25.686312675476078,10.947978591918943,10.438521385192873,4.357657432556152,0.7211041033267975,0.105558480322361,0.3369327694177627,2.353262948989868,0.0691195130348205,0.0511646263301372,1029.2519287109376,4268.11279296875,983.246923828125,300.03123168945314,162.9515838623047,264.40907287597656,4.119447708129883,5.798718595504761,20.46704330444336,87.55865173339843,1.5096600294113158,1.282176434993744,514.9570663452148,1246.9863421201703,2396.4991022646545,0.7710416008252651,1337.8643250152468,279.9245638027787,18.007758328318594,17.69832946062088,1.3954619783675295
336.04587410055103,65.4012445293367,10.53973444653675,2.331930789351463,0.4606074519455433,47.65850944519043,71.29186553955078,24.71546840667725,11.18341064453125,10.249953269958496,4.423838376998901,0.7392041444778442,0.1059189662337303,0.3226145952939987,2.3237361907958984,0.0633339017629623,0.0488678384572267,1104.69169921875,4883.940185546875,941.0287475585938,278.4905212402344,216.5225006103516,277.3181457519531,4.122372150421143,5.81977219581604,19.647981071472167,80.50140762329102,1.330261528491974,1.2188775539398191,514.9496806144714,1259.4502611353994,2414.9135633665546,0.7932185348588974,1343.8283724054695,282.1230874300003,18.03002302646637,17.683975541591643,1.387661886960268
312.19767926549537,61.92436815351248,10.406823309510946,2.369369699060917,0.5081100073060952,46.52846450805664,72.54959182739258,24.69770202636719,10.363704395294189,9.732881355285643,4.351719665527344,0.716109037399292,0.0974254995584487,0.3158566951751709,2.206344246864319,0.0638077840209007,0.0521648272871971,1007.0543029785156,5398.73896484375,948.4449035644532,251.5325149536133,174.40379486083984,264.13083801269534,4.118638324737549,5.349518394470215,18.89958515167236,76.95871658325196,1.4146118998527526,1.2991794347763062,510.0422859668732,1247.1515512436629,2310.745379140915,0.8092462961561978,1343.94688430354,276.6754640057683,18.17509418949485,17.774328851699828,1.4020898866234348
316.4841800445691,70.95180152691901,10.21043920814991,2.797139084339142,0.4705044130561873,46.966160202026366,68.55830535888671,26.108004570007324,11.855951499938964,10.930414485931395,4.6953123092651365,0.6868084907531739,0.0948930643498897,0.3214517176151276,2.4456408262252807,0.0657512620091438,0.0502036117017269,1046.5488159179688,3390.502197265625,998.1166931152344,311.3491149902344,225.8102767944336,291.83677673339844,4.113422727584839,5.201833057403564,19.299486541748045,94.50517349243164,1.4135676383972169,1.1804105281829833,512.3009517192841,1242.1973400577904,2231.468839453574,0.8074091088958084,1335.795085529983,285.690037342906,17.938524091988803,17.678643238544463,1.3858390395063906
319.10969538241625,73.73106792531908,10.445410526823252,2.4658367156982424,0.4898539383255411,47.55990753173828,65.64989471435547,24.684240341186523,11.42401885986328,10.475794887542724,4.348115682601929,0.6880156397819519,0.096140319108963,0.3430529654026031,2.2031266689300537,0.0620768893510103,0.0511483438313007,1059.304284667969,2995.50634765625,942.165283203125,314.18352661132815,160.4839324951172,273.84327697753906,4.1136791706085205,5.27453122138977,20.893353271484376,79.14302597045898,1.3560000300407409,1.2803640723228455,514.9362192153931,1248.0774443522096,2397.95215099777,0.7911321302875877,1337.270347930491,281.1766633577645,17.959368968009947,17.63049319982529,1.3841245640534907
322.31634865142405,61.30518966689706,10.40820021694526,2.8286970064044,0.5106639905832708,47.08981590270996,66.00096282958984,24.50510482788086,11.041222953796389,10.102359676361084,4.350208759307861,0.705201369524002,0.1036201037466526,0.3127591252326965,2.343092465400696,0.0659356705844402,0.0504434499889612,1052.682214355469,3914.9546630859377,940.9907836914062,262.1548736572266,211.22412872314453,270.81671447753905,4.116766738891601,5.672402572631836,18.96149616241455,90.87593383789064,1.484346055984497,1.1590423107147216,511.6924318790436,1242.8182757645843,2229.9241973987373,0.8225012002047152,1342.7963093571366,279.79222746491433,18.082502026110888,17.76687482595444,1.3994486607611178
332.75696050766857,73.19327058326454,10.50931283570826,3.0844921827316285,0.489816555014113,44.600532913208006,64.35054397583008,25.43507041931152,10.94221658706665,10.444468021392822,4.396384525299072,0.7309904754161834,0.1044026985764503,0.3271720498800278,2.4413533449172973,0.0667035475373268,0.0496439326554536,1057.0185668945312,2882.3439453125,971.2941650390624,294.7899627685547,212.66937866210935,277.80165710449216,4.120893430709839,5.732937479019165,19.983168029785155,99.5847785949707,1.4582454204559323,1.215027904510498,517.5468372821808,1261.201162751019,2400.85146321645,0.7440385312773288,1337.6210799112916,283.6864225640893,17.969683972001075,17.719556760787963,1.3901000645942987
325.3359903216362,72.03392831236124,10.398505301587283,2.522002284228802,0.518752736505121,47.46299057006836,68.51232604980468,25.399731636047363,11.518659591674805,10.24544382095337,4.687126398086548,0.7387301564216614,0.1036898776888847,0.3150508284568786,2.323986053466797,0.0697078198194503,0.0474584683775901,1050.3534057617187,4713.759033203125,970.6711730957032,306.93309631347654,209.18465270996091,286.0876007080078,4.122265148162842,5.682520532608033,19.16795196533203,84.52118301391602,1.5810516119003295,1.1155118227005003,513.7604018449783,1245.3422794908286,2300.8087980312644,0.8009211188182235,1337.893039638549,284.8239994570613,17.978778222948314,17.665493416786195,1.396926413150504
329.7057180030272,70.06127167493105,10.247041491046549,3.121815557777881,0.5331758583663031,45.02006721496582,66.76564559936523,25.289429664611816,11.324592208862304,10.229363441467283,4.556658506393433,0.7290396273136139,0.0989300154149532,0.3169512271881103,2.51380717754364,0.069763508439064,0.0507597789168357,1027.3762329101562,4423.12158203125,971.0188842773438,296.70977783203125,211.45655212402343,277.57164001464844,4.1207190990448,5.436717939376831,18.937897300720216,103.16040954589845,1.602863597869873,1.217399179935455,515.5133303165436,1272.260568894446,2381.8987323638285,0.7415339465253055,1336.5476742148398,283.6818112924695,17.976436638087034,17.738378858566286,1.3978617049288005
318.51758369999004,69.59146214686334,10.285126683302224,2.955402120947838,0.4999433896155096,43.788930892944336,68.22799987792969,25.245151710510253,11.619160652160645,10.217208194732669,4.471279096603394,0.7308394372463226,0.0987937480211258,0.3112168401479721,2.37931878566742,0.0632315456867218,0.0519364330917596,986.8238708496094,3625.4885009765626,969.4796020507812,303.841439819336,190.09168395996093,282.3447692871094,4.120851659774781,5.415789699554443,18.717952728271484,94.7423194885254,1.396530318260193,1.2911611080169678,512.2662736654281,1242.707567344606,2252.324966011633,0.777421385794878,1334.764457416907,283.0189375460148,18.010231287777422,17.725943970680238,1.3894681790377943
315.00060437396166,65.46263918727637,10.22793053118512,2.884919020533561,0.4669337023748084,47.07195854187012,69.48103866577148,24.475236892700195,10.54902105331421,10.63217830657959,4.444741249084473,0.6998814880847931,0.1024635352194309,0.3230549544095993,2.3659852027893065,0.0622834328562021,0.0508328050374984,1048.28076171875,3125.727587890625,931.2182067871094,263.968359375,211.15108489990237,278.4030487060547,4.115831708908081,5.596190500259399,19.432497787475587,92.79683227539064,1.320571792125702,1.25071542263031,508.9370988368988,1250.2978161215783,2342.126146950928,0.8260674727149308,1341.9302281305197,280.20293114483354,18.07618965283036,17.769696009159087,1.3905407484620809
322.48715814780445,73.7180778361857,10.272773689590394,2.8900067448616027,0.4744897905387916,44.2268684387207,67.78820266723633,24.964094161987305,11.300853538513184,9.87429256439209,4.312579870223999,0.70959312915802,0.0994636237621307,0.3107904434204102,2.412366580963135,0.0615919698029756,0.0521443128585815,1027.65986328125,4572.4474609375,956.6500793457031,309.94178771972656,175.76124725341796,262.4571228027344,4.117445755004883,5.443720912933349,18.807151794433597,94.94687957763672,1.322167444229126,1.295324683189392,517.1056542873382,1266.434054748714,2375.495171569649,0.7023381489794701,1335.872522839904,281.55486770421265,17.956457712501287,17.69145847558975,1.3821257601026449
334.9740584027022,71.165808147192,10.025735952798277,2.302607627213001,0.4526602085563354,45.86989479064941,67.62659378051758,24.528583526611328,11.23878059387207,10.69192123413086,4.780371904373169,0.6976598560810089,0.1008821345865726,0.312225940823555,2.2298109769821166,0.0657455891370773,0.0510096065700054,1108.9985473632812,3559.6844482421875,940.2578674316406,299.9996490478516,182.4898681640625,303.4421691894531,4.115415048599243,5.505444860458374,18.650129318237305,76.79756317138671,1.376239812374115,1.22011878490448,514.0669449329376,1317.9155280977488,2494.772668603319,0.7493076970335096,1341.5584202222526,281.98052237927914,17.967489890754223,17.628646194934845,1.3860353739000857
316.0984074037522,68.83220318518579,10.386718272604048,2.6480488255620003,0.4893526628497057,44.61733856201172,70.33339309692383,26.044427108764648,11.771467304229736,10.370862293243407,4.495049095153808,0.7061905682086944,0.1013595342636108,0.330996036529541,2.387177753448486,0.0629258684813976,0.0489969123154878,976.4587829589844,3556.3280517578123,990.6557678222656,305.40582885742185,192.5169448852539,278.36988220214846,4.116944742202759,5.551147317886352,20.08242588043213,89.23124771118164,1.3811266541481018,1.1623365879058838,512.8889373064042,1240.294336822629,2274.793386892992,0.8265134009998292,1334.640965716541,283.8233503550291,18.02465890273452,17.715127730369566,1.3898577803280203
331.1486430535093,71.40441895592957,10.191481162048875,2.2272501692175863,0.4594973245635628,46.62842025756836,69.27281951904297,25.93673610687256,11.992693901062012,10.51485538482666,4.694796895980835,0.6939441919326782,0.1029542498290538,0.3203383445739746,2.1844447374343874,0.0658045724034309,0.0491503998637199,1101.2387329101562,3119.4356689453125,991.414794921875,317.1226409912109,206.84752807617187,296.2710754394531,4.114660501480103,5.639498615264893,19.26379718780517,73.7975067138672,1.3925993323326111,1.1718268513679504,517.6122756958008,1240.8751794055104,2326.866884514346,0.7311362665612251,1338.842578839511,284.970377241075,17.927401249110698,17.585751497745512,1.3838563402649016
322.7563734026626,75.27978440802545,10.51099719936028,2.20503892749548,0.5134815135155805,43.79160346984863,68.7816764831543,25.948586845397948,12.169320964813233,11.169679641723633,4.809092044830322,0.7188883364200592,0.1042551688849926,0.3373590767383575,2.231905436515808,0.0694764517247676,0.047915643826127,988.7297119140624,3282.82373046875,996.0707885742188,329.6003448486328,234.7402313232422,302.552001953125,4.119070529937744,5.725485754013062,20.585343742370604,74.82449340820312,1.5676530480384827,1.122630536556244,516.0991187572479,1248.032787057757,2344.798903035477,0.7625630891416222,1333.3267504915596,289.1882821410894,17.97989216595888,17.621741473674774,1.3960608297027648
331.309613164328,66.23930915221572,10.18468262758106,2.418061676621437,0.4332168338587508,44.74767570495605,65.04812164306641,25.091789627075197,10.553662967681884,10.924756813049315,4.550642013549805,0.7110414624214172,0.0974884018301963,0.3243991315364837,2.411699891090393,0.0635337971150875,0.0467051666229963,1086.0236450195312,2923.177734375,959.6289978027344,265.7045440673828,220.0914581298828,287.1546691894531,4.117781639099121,5.323216962814331,19.47211284637451,85.29957962036133,1.296727442741394,1.0779890060424804,517.2198817253113,1310.9639008402823,2521.115772644919,0.7111981246154755,1344.0547731280326,280.85532327741385,18.062316029518843,17.729519748687743,1.388445751555264
334.4300345733762,65.9437136862427,10.626626061461868,2.330438548326492,0.5112871550372802,43.216390228271486,64.89281158447265,25.29044704437256,11.057363414764405,9.910737705230712,4.692871809005737,0.6911121308803558,0.1063663445413112,0.3259706944227218,2.2195749282836914,0.0685716249048709,0.0502870015799999,1023.1334899902344,3570.671630859375,970.970703125,281.3084747314453,176.99326171875,290.827734375,4.114268684387207,5.83686318397522,19.964545440673827,76.80363616943359,1.526402735710144,1.2526831030845642,517.340498971939,1239.718941143155,2329.5217917618284,0.7208350149448961,1340.8180906362832,280.11336556077003,18.080636532977223,17.708838093280793,1.40159921485465
332.992345258221,70.93782212696969,10.501918889582155,2.8362250134348868,0.4986608492443338,43.476580429077146,69.41807861328125,24.28617744445801,10.788029098510744,10.429047107696531,4.535053253173828,0.6865478396415711,0.0983777023851871,0.3352809011936187,2.556645464897156,0.0665695942938327,0.0492145106196403,1056.6961181640625,4426.3359375,928.5308837890624,286.1657196044922,212.51265563964844,274.3945007324219,4.113424491882324,5.401833343505859,20.42463665008545,99.38999557495116,1.4734824538230895,1.1817137002944946,515.720924949646,1313.3167164847257,2480.851433770178,0.7177315365988761,1339.6626900836825,282.6218517422676,17.991347052901983,17.737814688682555,1.3926899863407016
313.8620141420513,65.85657841600478,10.502043511066583,3.1235678777098657,0.4857739832485094,44.30032958984375,68.9299560546875,25.571169281005854,10.690594387054444,9.848898983001709,4.52901062965393,0.6907123923301697,0.1045862078666687,0.3461428880691528,2.473561716079712,0.0634233504533767,0.0477578252553939,974.66083984375,3496.5606689453125,974.6517639160156,272.7498046875,173.33136596679688,277.171923828125,4.114208841323853,5.728289318084717,21.1005033493042,101.32633438110352,1.3885488033294675,1.1004713892936706,511.6011786222458,1246.0053034871817,2364.3008144268183,0.7999796234536916,1337.3279747992754,278.66092730015515,18.082701625674964,17.807275557518004,1.3944326625671235
321.26649711485953,74.1069372754544,10.277369376271963,2.5712317526340485,0.516547538805753,45.57081985473633,65.99502944946289,25.04902935028076,11.894862079620362,10.863729476928713,4.639432191848755,0.7174147367477417,0.1047357849776744,0.3183150053024292,2.3983572721481323,0.0688077837228775,0.0505155026912689,1016.7291687011718,3569.364990234375,956.851336669922,319.9788330078125,231.50952606201173,287.43210754394534,4.118801593780518,5.710799694061279,19.450351905822757,88.24617919921874,1.5601016521453857,1.1788840413093566,514.9208136558533,1266.4270318165422,2458.742547991226,0.7599676869809627,1334.4395519182085,287.7870870694518,17.954181137681008,17.66299787759781,1.3941205284092577
316.99450169466434,75.3273907031864,10.348720568232238,2.3119752809405325,0.5364731264184229,44.26982498168945,68.24881515502929,25.989448738098144,11.52086296081543,10.318435096740725,4.524954748153687,0.7049176096916199,0.0979446798563003,0.3404082030057907,2.181295561790466,0.0684265092015266,0.0497112657874822,980.1269775390624,3505.5654541015624,989.8992126464844,319.0388916015625,179.1330337524414,275.2685821533203,4.116717290878296,5.352059936523437,20.7105770111084,75.2637222290039,1.5831586480140687,1.1534839749336243,515.919842004776,1234.448165333271,2273.376308882085,0.7480646761134266,1334.4784833669662,283.9679062321782,18.015896479785443,17.650381767749785,1.399483338138089
333.5434928186238,73.95011996254325,10.202683322504162,2.3388374224305157,0.4995255468529649,45.703321838378905,69.01014709472656,25.49695606231689,11.2448618888855,10.386617183685305,4.692463350296021,0.6870759010314942,0.1021299742162227,0.3258225947618484,2.1561790466308595,0.066202849894762,0.0502828434109687,1092.6767456054688,4432.498291015625,969.8632446289064,306.4614318847656,203.31715698242184,283.131103515625,4.113472986221313,5.576429891586304,19.711134338378905,75.02034149169921,1.475395631790161,1.1647126793861389,516.3209552764893,1260.5404085427522,2388.901431416342,0.7177514723036438,1340.4406877949834,283.99198420792817,17.963152959942818,17.61784416437149,1.390635597705841
322.8426666038111,70.04440014660358,10.218054367601871,2.865416319668293,0.5249986537965015,42.872107696533206,64.53150482177735,24.78470973968506,11.705874156951904,10.810260772705078,4.814986610412598,0.7167911112308503,0.0947127878665924,0.3255469590425491,2.4562259912490845,0.0668473534286022,0.0485209167003631,991.2673889160156,3260.3215087890626,947.5055786132812,307.45367736816405,196.65785522460936,301.5948516845703,4.11855640411377,5.177788305282593,19.624925231933595,96.11586227416991,1.523205304145813,1.1696080207824706,515.0545132637023,1238.267616660893,2301.283686357789,0.7272022437304259,1334.1074136286977,283.7018398046493,17.989524997770786,17.71834740638733,1.3945986669510604
310.9234670346603,62.62206435147673,10.53946388401091,3.1100390776991844,0.4945434369961731,44.95953674316407,69.3403533935547,24.44984188079834,10.740866374969482,9.90576114654541,4.46199107170105,0.6942418098449707,0.0987319625914096,0.3202895045280456,2.533360838890076,0.0680342718958854,0.0513171270489692,990.3512573242188,3881.112426757813,933.1042236328124,262.15269470214844,182.5487609863281,280.5139099121094,4.114851999282837,5.409995365142822,19.5382381439209,103.4713119506836,1.4874334692955018,1.265316903591156,512.646788430214,1243.8542631208898,2305.827845117054,0.7564439217094332,1339.375696297735,278.0770741820335,18.09421353861689,17.82325143814087,1.4003583575598897
328.77434248197824,74.25149388164282,10.528968148771671,2.232682693004608,0.5162955700187013,48.56306686401367,68.46959533691407,24.34361743927002,11.05464572906494,10.855868434906006,4.624371957778931,0.7429667532444,0.0985456846654415,0.3327526599168777,2.1662598848342896,0.0679034031927585,0.0476161055266857,1108.3814208984377,3200.8692626953125,932.1433410644532,302.4042572021484,193.31906433105468,294.1279602050781,4.122922277450561,5.4110980987548825,20.34238510131836,73.21563339233398,1.528642463684082,1.1692299723625184,514.8838262557983,1279.9614539712668,2464.407784168655,0.8225978346075863,1341.1373850688335,283.1914103254676,17.97651372924447,17.61686427593231,1.394004829064943
339.54272110797467,61.938573671132325,10.38222604636103,2.4659308686852457,0.5194016559340525,45.85528335571289,72.05227737426758,25.032496452331543,11.176025390625,10.51322603225708,4.451887130737305,0.6984971642494202,0.0967619396746158,0.3315552949905395,2.3410873413085938,0.0662670917809009,0.0512910787016153,1101.0738647460937,4969.13115234375,955.159619140625,268.85279235839846,212.11801147460935,270.78297729492186,4.11560583114624,5.317225313186645,19.9180046081543,83.8547576904297,1.4918976545333862,1.2770578265190125,515.7025950908661,1264.4133938774469,2420.958118711255,0.7590770976617932,1344.62237316072,280.5133884295821,18.04595031738281,17.71229680776596,1.3972559206886217
315.41471746396275,63.5339815415442,10.445345816854388,2.1831359952688216,0.4625910224858671,47.011684799194335,69.73602294921875,25.96590690612793,10.664385795593262,10.334978580474854,4.554119348526001,0.7124821901321411,0.1040871523320674,0.3212939471006393,2.3243777751922607,0.0640196494758129,0.0506141223013401,1023.8275573730468,4168.4140625,991.749969482422,260.8974212646484,210.6258743286133,278.1130065917969,4.118030071258545,5.710382986068725,19.37260341644287,77.07757720947265,1.3535114526748655,1.2007349133491516,510.3082396745682,1196.0104278251529,2097.517858959286,0.855692823138088,1343.0371979147196,280.2388019293547,18.13546678200364,17.74689064025879,1.3963237622752789
320.2368638480082,64.5955805549398,10.418921366985888,3.0829056054353714,0.4341982736135833,42.653832626342776,67.68834609985352,26.25988368988037,11.32413911819458,11.029096031188963,4.573596620559693,0.7022520244121552,0.098311111330986,0.3129425197839737,2.463020133972168,0.0637368097901344,0.0464856199920177,1014.0523681640624,3072.503857421875,1005.1188110351562,280.13600463867186,215.01141204833985,291.56056518554686,4.116255140304565,5.385291051864624,19.0019681930542,100.2757843017578,1.3026467323303224,1.0814218044281003,513.1817430973053,1287.960067629814,2480.998460987006,0.6971337904687971,1338.358976060152,282.08077439293265,18.0386905670166,17.77155122756958,1.3870828130282462
322.39741230141374,75.62094121947885,10.36466157194227,2.858282323181629,0.4805116975039709,44.60476913452148,69.40465545654297,25.304180145263672,11.38865547180176,10.056735038757324,4.4124391078948975,0.6913782298564911,0.0958011105656623,0.3409814238548279,2.4641382694244385,0.0657200552523136,0.0510266032069921,987.5418762207032,5229.056884765625,968.2411865234376,316.86573486328126,168.9366714477539,279.3288879394531,4.114290809631347,5.267899322509765,20.530319213867188,96.34204025268556,1.417636013031006,1.2716257572174072,518.1363842964172,1240.839755000174,2367.381241096783,0.742436831118539,1333.094701424241,282.16357370465994,17.96321660578251,17.700663876533508,1.3875523554859683
324.4332426445559,76.21301731169224,10.357110978849231,2.5407994046807287,0.4871237094106618,44.34542121887207,67.18795547485351,26.206196212768557,11.510351276397705,10.220938968658448,4.535165643692016,0.7363792836666108,0.1038152180612087,0.3275098860263824,2.296700286865234,0.0659109249711036,0.0506791736930608,1048.3809936523437,3148.3791015625,1005.1560852050782,321.16753540039065,178.26588592529296,282.84449768066406,4.121813821792602,5.688692140579224,19.92333831787109,83.99785079956055,1.4345329761505128,1.2628361463546751,518.1697613716126,1251.11313996464,2314.5284281732747,0.7197249922435731,1335.7743507117034,283.2034652233124,17.93744038119912,17.632424318790434,1.386393682169728
315.8301864717156,64.2291313437745,10.430175493005663,2.3844533294439314,0.5019109475659207,46.52948265075683,66.2686668395996,25.49888801574707,11.26243553161621,10.163204193115234,4.58664870262146,0.692471444606781,0.1049555167555809,0.3154716163873672,2.377936506271362,0.0653085090219974,0.0479021225124597,1022.1280944824218,3650.193603515625,975.3093566894532,282.15711364746096,167.04973602294922,291.45359802246094,4.114533853530884,5.7545922756195065,19.102832412719728,83.39908370971679,1.4451812148094176,1.1702284216880798,511.3797986507416,1223.6542946398258,2149.8661489783435,0.8159802184905857,1339.8800098478794,279.00102715715764,18.06637008711696,17.725101470947266,1.3963296652305872
323.5984317379072,66.33839198201895,10.294867068342864,2.400873604416847,0.5178744711331091,45.80585060119629,67.91949157714843,23.862786102294923,10.976201057434082,10.085051345825196,4.5289952754974365,0.7087516009807586,0.096270215511322,0.3097933679819107,2.1843133211135863,0.0712058506906032,0.04897972792387,1028.0789184570312,4580.684814453125,913.04375,280.9704925537109,178.82826385498046,275.4955810546875,4.117385530471802,5.278205013275146,18.550137329101563,76.9903175354004,1.600487458705902,1.189119076728821,512.3169575929642,1240.3827648103238,2239.7126479858125,0.792892922880128,1341.1028476774693,280.07509327530863,18.08084293603897,17.708963370323183,1.4053902585525069
324.6372672455385,66.82234449572861,10.202353287953883,2.7901282101869582,0.4411843277048319,43.64013442993164,71.33542251586914,25.62861404418945,11.439186382293702,10.436152267456055,4.51650857925415,0.7428048431873322,0.1003066062927246,0.3158260554075241,2.4606863975524904,0.0635095357894897,0.0497485570609569,1015.7070739746092,4825.475830078125,981.4188842773438,291.5585998535156,196.0292678833008,282.99683837890626,4.122885847091675,5.479476547241211,19.02099685668945,94.76783142089845,1.3033523559570312,1.2080267190933227,512.4141039848328,1246.427350501716,2327.643344966788,0.7510454907082021,1337.8384784683583,281.9623097509146,18.02423287034035,17.736330556869508,1.3858078023884446
322.2072334110737,61.768079202249645,10.447162681352347,2.500565768778324,0.5338858214789071,45.13311500549317,67.47580032348633,25.558487510681157,10.306085205078125,10.416681671142578,4.476482152938843,0.7426600515842438,0.0977843880653381,0.324936705827713,2.4204302549362184,0.0664832711219787,0.0470351405441761,999.1571533203124,3996.780078125,972.6107360839844,250.24889373779297,171.83901824951172,272.7541534423828,4.122918605804443,5.376630783081055,19.45771198272705,87.14618911743165,1.5229278326034543,1.1265010356903076,512.1062791109085,1244.334843955934,2269.3851074527424,0.8370903845876455,1342.7407150894403,276.5852505356073,18.16413513198495,17.80704996585846,1.4067872071638703
308.1468231851235,73.41427805945277,10.177992777712642,3.0753830462694167,0.4490220150095411,47.31763229370117,69.88739318847657,24.554695320129397,11.236200523376464,10.256203079223631,4.56671667098999,0.6960062384605408,0.0944921165704727,0.3228880554437637,2.596181154251098,0.0644915558397769,0.0505784109234809,1028.966711425781,3633.169140625,937.8003540039062,304.3091094970703,197.34772033691405,289.40263671875,4.115089559555054,5.180526638031006,19.32612590789795,105.70120849609376,1.3459351181983947,1.205734872817993,508.9391450405121,1250.8633009538055,2374.873422605335,0.8227224263828248,1335.0389201678336,283.15782759562137,17.94434748440981,17.724520695209502,1.3827104847878218
327.7876093000174,61.00353777855635,10.402828754857184,2.6923600539565085,0.4705769617925398,43.80674705505371,67.33254623413086,25.49273681640625,11.20164098739624,10.905187606811523,4.524730205535889,0.6866899013519288,0.1054763711988926,0.3275741219520569,2.3657546043396,0.0610871955752372,0.0486865054816007,1018.6385192871094,3758.83740234375,971.326416015625,265.6564086914062,222.3663024902344,274.06336975097656,4.11348819732666,5.771201181411743,19.85477485656738,89.13703536987305,1.297753369808197,1.2181822657585144,512.6429458141326,1242.5658189222218,2411.8573395892804,0.7451539455913008,1341.3679630443453,280.92800193578006,18.096694231033325,17.771004140377045,1.3908079287968576
324.89586840923874,70.96011743266135,10.278544925618917,2.317861308157444,0.5148459121119231,41.45513153076172,74.21162719726563,26.17058067321777,10.97484016418457,10.255680751800536,4.491300392150879,0.7083221673965454,0.1037716798484325,0.3397910803556442,2.2928685188293456,0.0666712179780006,0.0477051671594381,974.399285888672,5226.131103515625,999.0325988769532,295.23052673339845,157.26512451171874,283.0127410888672,4.11730637550354,5.691894578933716,20.316274452209477,79.05874404907226,1.4982563853263855,1.152083110809326,515.4215968608856,1261.2699443146587,2391.879605983669,0.702531381463632,1337.3346065968276,279.5485463395715,18.074883872270583,17.711598551273347,1.3994901617057622
333.63282085936515,70.68203242793679,10.28699165387079,2.244992217421532,0.492450904159341,46.11975212097168,69.45003356933594,24.52515411376953,10.892271900177002,10.825767517089844,4.753021717071533,0.7230373561382294,0.1053269624710083,0.3352511137723922,2.2250916957855225,0.0637880519032478,0.049371238797903,1057.0470825195312,5032.19140625,942.2347412109376,286.16071166992185,231.0310607910156,290.6207275390625,4.119782400131226,5.759074449539185,20.241782188415527,75.29101943969727,1.4059967160224915,1.154966115951538,513.4484969139099,1248.5959886938333,2327.79803160606,0.8027999705635012,1341.793149740249,284.396573933959,18.052764555066823,17.679808485507966,1.3931714471429586
335.85074882749467,62.55911149159074,10.496058806497604,3.095054976642132,0.4756503581185825,44.99908561706543,70.32901306152344,26.23120231628418,10.966428279876707,10.989008903503418,4.380857944488525,0.7388953030109405,0.1032653838396072,0.344884043931961,2.435266900062561,0.0619116432964801,0.0484842173755168,1008.5431701660156,5230.678955078125,1004.6362182617188,264.5181579589844,219.3159576416016,273.0921936035156,4.122331619262695,5.657433128356933,21.00539150238037,99.2713180541992,1.3409665822982788,1.1088884472846985,514.7964441776276,1250.1451516449451,2392.154294079245,0.7728204641956836,1340.2462458096445,281.0260958492756,18.088325659930707,17.801580595970155,1.392175118997693
328.961964491196,65.24630726799369,10.301228811498731,3.052411115169525,0.5276073028100654,46.19034996032715,69.31722946166992,24.059886741638184,11.382964897155762,9.682606410980224,4.349952268600464,0.6943675398826599,0.0974955394864082,0.3384347736835479,2.64461989402771,0.0681090600788593,0.0476655222475528,1039.9847290039063,3938.490869140625,923.9064392089844,290.03180236816405,153.2173110961914,270.5430053710937,4.114821434020996,5.3375208377838135,20.48019027709961,107.12613983154296,1.5605791568756104,1.1220454812049865,513.8615535259247,1266.111966638267,2395.416030877008,0.8361555760726332,1337.2184364758432,278.00655127167704,17.973861718922855,17.752928376197815,1.3956737392582
322.0623327858746,67.74738307408988,10.362714769691229,2.626166212558746,0.477921318274457,46.146304321289065,65.08104858398437,26.053442001342773,10.519257831573489,9.704144859313963,4.718075847625732,0.7305652678012848,0.0983576886355876,0.3206835269927978,2.339750790596008,0.0631381757557392,0.0497851576656103,1047.7637939453125,3536.7192626953124,997.4528137207031,275.2874450683594,154.78524932861328,296.2596130371094,4.120988607406616,5.399930477142334,19.26716270446777,86.97134628295899,1.3592350482940674,1.2152235507965088,514.9816681861878,1272.057083238661,2459.6812012276264,0.7717556049581618,1341.6057479150593,277.4148540824652,18.063573545962573,17.73610191345215,1.391546108899638
334.05684262029826,64.15746295843273,10.205051303375512,3.1706594258546827,0.5072530495584943,45.98170700073242,68.77302703857421,24.288346672058104,11.025963973999025,10.760515880584716,4.45059061050415,0.7185941338539124,0.1013884410262107,0.3310279846191406,2.465556025505066,0.0633138135075569,0.0490478593856096,1079.600732421875,3096.48193359375,925.7509155273438,270.42168884277345,224.1192398071289,280.3135681152344,4.119038915634155,5.5381247997283936,19.950103187561037,101.98002319335936,1.4187304258346558,1.1646669268608094,516.8399831771851,1271.109176827967,2483.918199209473,0.7524692391976714,1341.492747591436,281.5128148853779,18.01601971164346,17.761377096176147,1.3912273559719324
304.67320134025067,59.99533979445696,10.377342679258437,3.1793844252824783,0.4885898729553446,47.22101402282715,71.90643081665038,25.357234954833984,10.75315818786621,9.604252338409424,4.28541750907898,0.734551066160202,0.0969980120658874,0.3358867466449737,2.6659325122833253,0.0663549020886421,0.0513124238699674,1005.5899475097656,4380.1748046875,970.6348571777344,255.0514343261719,166.19589538574218,270.26292419433594,4.121648216247559,5.312713289260865,20.28140754699707,110.15417251586912,1.4460312008857727,1.241421890258789,508.6296533107758,1224.5891167029738,2243.690904923499,0.838243687339127,1340.2728203080594,275.9323275782168,18.090090380609038,17.840350222587585,1.3974362027365714
320.1319652536884,64.39786423109472,10.443372344970705,2.6949836403131484,0.5164685468538665,46.180280685424805,65.30716400146484,24.1824649810791,10.92673978805542,10.402860832214357,4.621840858459473,0.6814008951187134,0.1058609455823898,0.3202740311622619,2.4501957416534426,0.0667550124228,0.0481223113834857,1023.2648986816406,3669.823168945312,928.23203125,275.04125061035154,163.06744232177735,293.8749755859375,4.112496471405029,5.7948144435882565,19.48787651062012,92.39673690795898,1.5012947559356689,1.1724853515625,512.8567253351212,1242.428998570144,2333.275236074114,0.8054414761252702,1339.967804849893,277.9857892535627,18.063669406622648,17.76110723018646,1.399148764507845
338.9726696895435,66.84850340560078,10.332137706317008,2.6721889585256577,0.5069679650128819,46.051789093017575,70.24052200317382,25.810922622680664,10.565424060821533,10.576834678649902,4.637905836105347,0.706190437078476,0.102823756635189,0.3102808356285095,2.3484843969345093,0.0690527252852916,0.047972273081541,1100.8384765625,4667.578125,989.5509643554688,273.1538452148437,178.2931137084961,282.2593536376953,4.116941928863525,5.623501014709473,18.81059055328369,88.25442886352539,1.5462957739830017,1.1141813397407532,519.2062294960022,1288.2303211227058,2439.557668814069,0.7244990778155624,1343.8254714496434,278.7077214702964,18.026454874128103,17.71678982973099,1.3988263314589855
338.7927485402673,74.840777393803,10.2079111575149,2.7791522696614264,0.5234322319971397,44.05060348510742,67.99280548095703,25.70658645629883,11.374433326721192,10.408075523376464,4.572327661514282,0.7233143746852875,0.0988814584910869,0.3231550931930542,2.5046761989593507,0.064271355420351,0.0494344670325517,1068.1629272460937,4431.58525390625,981.787664794922,312.17762756347656,197.74390716552733,283.4936065673828,4.119714641571045,5.414212942123413,19.49510765075684,96.4474266052246,1.4658746719360352,1.1986849188804627,519.8390072822571,1320.151990404725,2436.023584390385,0.6836029230616987,1336.8872864566742,284.0131582081318,17.914816042780878,17.670419991016388,1.3865719519555568
320.3209662405774,60.90580231882632,10.321927575487644,2.581602707505226,0.4765960786025971,43.96679191589355,69.24331741333008,25.306367683410645,10.78817377090454,10.570242595672608,4.501442861557007,0.7106133580207825,0.1047466903924942,0.3107736378908157,2.455545806884765,0.066569585353136,0.0504918869584798,970.7978576660156,4943.640380859375,965.9743713378906,255.31575927734372,202.8754425048828,276.5563934326172,4.117716550827026,5.7233904838562015,18.716950988769533,90.09467849731443,1.428286075592041,1.2079705357551576,515.5685495376587,1237.826390297711,2197.147754308657,0.7462054763454944,1340.8440117567775,279.2036606401205,18.15974313020706,17.81694837808609,1.4018521571531892
323.8303618118167,62.78393722958863,10.521462984755637,3.110163724422455,0.4594182036758866,46.12309646606445,66.57835235595704,25.96706962585449,10.482826042175294,10.58542890548706,4.38319354057312,0.7221429288387299,0.1032109394669532,0.3417609512805938,2.6766907215118407,0.0634274385869503,0.0498464841395616,1049.64326171875,3088.675463867188,994.403387451172,256.0834167480469,196.18453826904295,270.0766967773437,4.119627666473389,5.66226863861084,20.820820617675786,109.34532928466795,1.3288999915122983,1.2439822196960448,513.7490293979645,1241.012827220559,2336.552841066633,0.7864531811326743,1341.4288106247782,278.12578268796204,18.05719097927213,17.815734910964967,1.389290339127183
313.00640274360774,73.81156320683658,10.487189404014496,2.788407064974308,0.5092240211379249,45.75491600036621,70.16641006469726,25.996346473693848,11.671441173553466,10.138384342193604,4.603321981430054,0.7276775240898132,0.1013273820281028,0.3148625165224075,2.5601612329483032,0.069570068269968,0.0486854948103427,990.7486938476562,3800.2279052734375,991.5455017089844,317.6602386474609,186.86851196289064,284.3425598144531,4.120489120483398,5.56278886795044,19.22484931945801,98.6668586730957,1.5547330975532532,1.1894890666007996,511.4460008621216,1238.0194038406014,2179.958925253869,0.8606275906320662,1332.5600272461772,284.1544834330678,17.95517463311553,17.702362978458403,1.3937745342496783
329.53272108137605,68.13522582054138,10.26258750697598,2.603890934586525,0.5012107650516555,44.08948669433594,70.15692977905273,24.486058235168457,11.396470737457276,10.762809753417969,4.653313446044922,0.715669584274292,0.1046132788062095,0.3273526817560196,2.30278422832489,0.064628280699253,0.0510523937642574,1010.770556640625,4157.87275390625,935.4449768066406,295.9527313232422,181.86106719970704,288.76543884277345,4.118560361862182,5.721625089645386,19.732674026489256,85.24358825683593,1.4289684295654297,1.258661866188049,515.2634928703308,1254.1690140590072,2377.168540751375,0.7530196615494787,1337.9275905661284,281.8240781888365,18.036429911851883,17.70923193693161,1.3932329037226736
334.2593290958554,70.5466630257666,10.35705325435847,3.0657981261610985,0.5149613812100142,43.04442901611328,65.22933654785156,24.99460220336914,11.718071460723875,10.361063957214355,4.608996820449829,0.7097328424453735,0.0976072125136852,0.3148231655359268,2.6131595373153687,0.0636539369821548,0.0482257768511772,1035.3706665039062,3137.762451171875,958.628973388672,308.86850891113284,206.74041442871092,279.20220947265625,4.117459297180176,5.335985898971558,19.262125396728518,106.2509780883789,1.4405714392662048,1.1574225783348084,518.6754429817199,1279.4132166802883,2446.697891468514,0.6839483878109605,1334.52355350852,283.9843849524856,17.921733108907937,17.711242747306823,1.385686068516225
337.1425520773977,62.43901141565293,10.376023652032018,3.233822378516197,0.5199486058088951,42.9157054901123,67.19770812988281,25.92897605895996,10.268126678466796,10.127381896972656,4.665086984634399,0.7334723472595215,0.0989906296133995,0.3286115169525146,2.632197403907776,0.0684927016496658,0.0488718189299106,1035.1346069335937,3364.21748046875,986.5855712890624,250.82400970458983,170.71502838134765,297.4724884033203,4.121463346481323,5.423915910720825,19.83697853088379,109.80178451538086,1.5529689073562625,1.1426969289779665,519.6932797908783,1237.2836665377022,2322.5415291626646,0.7041019687429071,1341.882327477634,275.81377385258673,18.07989320382476,17.83301396369934,1.402275283029303
328.68623859267683,72.49337552152573,10.493685192056,2.627380685508251,0.4988247841945849,41.84114074707031,69.59019165039062,24.728534507751466,11.273411560058594,10.564829254150393,4.46267614364624,0.7276752114295959,0.1038879804313182,0.3261219263076782,2.32396457195282,0.0629636481404304,0.0508557420223951,1004.568798828125,3962.97099609375,950.0112487792968,305.5883087158203,176.68068237304686,276.90606994628905,4.120482778549194,5.69291124343872,19.939975357055665,86.52847900390626,1.3958417773246763,1.2207684993743897,519.0480075359344,1270.270948329568,2351.426244642993,0.6854732532519847,1336.5270753867924,281.8993427485228,18.01081951893866,17.694917738437653,1.3895555353723466
322.4339826123789,74.93899825308472,10.33242553472519,2.5787821248173715,0.4721194140729494,44.703467559814456,68.18943099975586,24.475318717956544,11.710670566558838,11.266166973114014,4.555892753601074,0.7196086168289184,0.1037793315947055,0.3143117010593414,2.318263959884644,0.0656754165887832,0.0487218368798494,1037.4142211914063,3592.3992431640627,935.863055419922,318.1748046875,227.49236907958985,289.8397277832031,4.119132947921753,5.665869045257568,19.23223304748535,85.49601898193359,1.419939601421356,1.1133917808532714,515.431619310379,1257.3949953868985,2420.9792487158616,0.719577735569328,1335.8348502546548,286.82372718825934,17.94919299259782,17.64806399345398,1.3866741482634095
312.7519243173301,73.46987587288022,10.2695272247307,2.739217223227024,0.4348943788208999,47.37534217834472,74.38416900634766,26.18629150390625,10.883585929870604,9.959700298309324,4.487505149841309,0.7111713230609894,0.099586222320795,0.333448788523674,2.343168950080872,0.0630401119589805,0.0493992883712053,1021.9860717773438,5298.494091796875,1005.5994140625,299.4928436279297,155.10833740234375,284.3162780761719,4.117727327346802,5.4650712490081785,19.976172256469727,89.37510452270507,1.2834895849227903,1.1855918765068054,510.4637733697891,1246.669781775773,2216.3247681112493,0.8436415495816618,1337.5609916426242,279.5187803193927,18.010570764541626,17.706594717502593,1.3840246858540923
318.2255579950288,68.13798863328994,10.323110967688262,2.8840801402926446,0.5173705523367971,43.80787658691406,67.49052963256835,24.68331623077393,11.685529804229736,11.159414291381836,4.478781461715698,0.7310240685939788,0.097757850587368,0.3312313050031662,2.468262529373169,0.0649307198822498,0.0476550322026014,976.6823120117188,3996.8382568359375,942.7256469726562,299.1709716796875,218.14973907470704,285.2435302734375,4.121076011657715,5.340562534332276,20.119674491882325,96.86033096313476,1.4670518279075622,1.148967206478119,514.1876525878906,1255.4958219945431,2409.887080745847,0.7296197081916034,1334.9114229664206,284.4799282088876,18.0253684617579,17.74565612077713,1.3942032312974333
332.92807648591696,71.24654561486095,10.147301199287176,3.17263685464859,0.5376496077456977,44.243017578125,63.555915451049806,25.16651268005371,10.854522132873536,10.19005126953125,4.602908658981323,0.7036334812641144,0.0963317185640335,0.3185874342918396,2.475300598144531,0.0693019971251487,0.0517814084887504,1064.2471923828125,2858.101708984375,961.0900512695312,290.80323486328126,180.86218719482423,290.3550567626953,4.116375255584717,5.278814268112183,19.025802421569825,102.51990432739258,1.5963695168495178,1.267525815963745,518.6793673038483,1253.907178902626,2327.5468040344363,0.7066242452710867,1337.9850710764526,280.4802529886365,17.963867186009885,17.728901982307434,1.3967454601079226
330.6985617175698,68.62089583277702,10.227755479700864,3.0701257675886158,0.453408754512202,42.41086616516113,68.97337493896484,23.88752269744873,10.890618896484376,9.765706253051755,4.318648862838745,0.7046280205249786,0.0983429163694381,0.322058680653572,2.6574350357055665,0.0637473568320274,0.048198839649558,1018.4854064941406,3064.1015625,915.3210388183594,286.05250244140626,166.6876007080078,269.8092193603516,4.116619825363159,5.3915016651153564,19.29092025756836,107.9327781677246,1.3381690382957458,1.139841914176941,519.9520971775055,1237.819053593278,2328.7946616840663,0.6894735853653401,1336.6291690185667,278.8482429400086,17.997947077453137,17.770572304725647,1.3858972005080432
312.4255774203688,62.59336206428706,10.482921814452856,2.6876778602600098,0.4591267545241863,47.75846481323242,69.66109008789063,24.714280128479004,10.739644145965576,10.444706344604493,4.59540867805481,0.7279898762702942,0.096462658047676,0.3346392273902893,2.480426430702209,0.0620211981236934,0.0498258307576179,1039.690478515625,3070.7823486328125,941.853515625,263.0572479248047,181.82601470947264,285.3948974609375,4.120593070983887,5.280474662780762,20.394605827331542,93.3394271850586,1.3021411418914794,1.2223061084747315,510.8353861570358,1227.3293801248074,2215.347705044137,0.8496193820610642,1341.5296504125,278.10559522360563,18.08429171591997,17.77568358182907,1.3899686361197383
332.38754209131,68.86257074773312,10.40872108200565,2.446776156127453,0.4387983047403395,47.268653106689456,67.9011329650879,24.87501106262207,11.6456148147583,10.877286434173584,4.529297590255737,0.6827093482017517,0.1052523024380207,0.3238911509513855,2.3340359687805177,0.0629346802830696,0.0497191697359085,1091.074658203125,3588.9254150390625,950.9420471191406,299.7352966308593,226.76554107666016,284.20782470703125,4.112705373764038,5.771929311752319,19.693213272094727,83.37207412719727,1.299505305290222,1.154327929019928,511.5296348571777,1244.6829245731235,2310.806121014763,0.8256494314409792,1340.0314873062075,284.82266775369646,17.966464141011237,17.654550099372862,1.3820408252533525
332.23375734929,69.85748378206044,10.39495050944388,3.038063570857048,0.4563496870337985,41.66788864135742,65.89243774414062,23.8828950881958,11.231458854675292,10.13802251815796,4.666076183319092,0.6812593936920166,0.0977008320391178,0.3138204336166382,2.5773074626922607,0.0614185083657503,0.0466077838093042,1012.7675598144532,3954.0585693359376,912.5894348144532,296.8957977294922,174.03274688720705,296.7445404052734,4.112406587600708,5.34327244758606,19.159444999694824,104.15654983520508,1.2954433798789975,1.1083953499794006,517.6704498767853,1274.7329459533096,2412.8632915859343,0.6887712211348116,1336.0169555261732,280.57935268729926,17.9786200389266,17.74445620775223,1.3824782527051866
292.37249039957385,71.06981178019196,11.06474879272282,3.629299759119749,0.4937006618245504,33.98636054992676,19.85690841674805,0.0175629738718271,10.448417949676514,8.323564720153808,3.35982825756073,0.7365781784057617,0.1057001009583473,0.3583740085363388,2.9593223571777343,0.0651372820138931,0.0282574314624071,986.1744323730468,58.8464786529541,0.6182750523090362,290.6591735839844,178.5827621459961,210.1661605834961,4.121090412139893,5.793654918670654,21.868770790100097,121.36498565673828,1.4558516144752502,0.6614522814750672,523.2436838150024,1496.5556556634606,2569.097893136728,0.4737991030793637,1377.1835734004949,291.7334876541048,18.739312741160397,20.67930759191513,1.4642257210449316
333.31465386543425,64.38934103809297,10.11073144748807,2.62503429800272,0.5338967888266779,45.67012367248535,73.14832992553711,25.747363090515137,11.066513824462891,9.912267303466797,4.483030462265015,0.7000085294246674,0.0944069497287273,0.3333734959363937,2.421690845489502,0.0669362962245941,0.0484733331948518,1092.2589721679688,5403.93095703125,982.3648498535156,279.2116363525391,166.6533172607422,274.2433166503906,4.115787839889526,5.164543628692627,19.870099449157717,90.06367797851563,1.533907699584961,1.1958956956863402,515.199673986435,1239.373328268528,2271.1811153207323,0.7496911018155515,1342.4038984023034,278.00064286887647,18.008756371587516,17.711179971694946,1.3967171979369597
324.1474721306935,62.04846439957619,10.651546719577164,2.521589069068432,0.4567608437559102,43.79937171936035,66.73582916259765,25.09993267059326,11.06230421066284,10.522187232971191,4.50507607460022,0.6862901151180267,0.1034926995635032,0.3199546337127685,2.446439743041992,0.0623790398240089,0.0522667091339826,985.8173950195312,3978.32373046875,960.738037109375,272.02500610351564,161.6995635986328,275.5972595214844,4.113415718078613,5.682581758499145,19.571605682373047,88.62731552124023,1.3023473262786864,1.290865957736969,513.1628396511078,1242.9331426516176,2364.7510415381053,0.7526103318203241,1339.2821029245854,277.6562912583351,18.104311208426957,17.77448637485504,1.3916504865512251
311.0310307269916,70.1177125684917,10.28607436446473,2.472972144186497,0.5015443766722456,47.43444213867188,73.01792984008789,23.97262191772461,11.200204181671143,10.792914199829102,4.420181798934936,0.735167121887207,0.1051579937338829,0.3203877508640289,2.375277614593506,0.0649238765239715,0.0506079617887735,1022.6968811035156,4922.84580078125,919.1652954101562,296.212353515625,183.30233612060547,279.5319763183594,4.121731758117676,5.745752096176148,19.404800796508788,85.25091094970703,1.4390997767448426,1.2300104737281798,509.7405473232269,1243.6014882221818,2153.9083825346256,0.8459883735515177,1338.3485422074796,281.77415517792105,18.03045056834817,17.70356205701828,1.39323014523834
308.4788968011737,64.90219997540116,10.421279960684478,2.292294132709503,0.4377124596037902,45.9689079284668,68.44324951171875,25.128737449646,11.032423305511475,10.79689598083496,4.681090593338013,0.6969820737838746,0.0983401767909526,0.3333881020545959,2.1864368438720705,0.0647343337535858,0.0505255479365587,990.079248046875,3295.9393310546875,956.4728332519531,273.8872589111328,220.49823760986328,284.122802734375,4.11534309387207,5.405015707015991,19.97952365875244,74.82474517822266,1.316702961921692,1.2242783546447753,508.1777506828308,1173.487280230224,2088.426789448905,0.8564099085051566,1339.9153446286916,282.339066234231,18.127051385492088,17.73130898475647,1.3939022335689517
325.89849758148193,70.61698145288975,10.381133486889302,2.845147322118282,0.4827983089024201,43.31226539611816,63.33900184631348,25.8075647354126,11.384888458251954,10.043782711029053,4.380464935302735,0.7126140594482422,0.0995653711259365,0.310445037484169,2.507266330718994,0.0656996592879295,0.0464047212153673,1044.221276855469,2911.9864501953125,983.1688720703124,304.10436096191404,163.8066635131836,276.9322509765625,4.1179862976074215,5.458702516555786,18.866749572753907,97.76408386230467,1.431929087638855,1.100516438484192,516.3068561553955,1283.3735200330616,2414.531633497047,0.6992599352728576,1336.316925612092,280.2431613080204,17.952953937649728,17.701492571830748,1.3876413440331816
331.0084626628086,63.833341566845775,10.462701308168471,2.864029116928577,0.4632944219745695,44.4812572479248,64.68792953491212,25.41128921508789,11.229425144195556,10.21505355834961,4.325153589248657,0.7343961000442505,0.1007929645478725,0.3305762052536011,2.440589666366577,0.0631295189261436,0.0491504490375518,1024.3952758789062,3426.4285888671875,972.4445556640624,282.3892456054688,155.82052612304688,266.5136413574219,4.121616363525391,5.528489303588867,20.08339939117432,95.37410583496094,1.3329543232917789,1.2109524011611938,515.0407005786896,1248.4280420079826,2370.0565038418863,0.7603149704169482,1338.8947416841984,277.8466961681843,18.041207560896872,17.75217777490616,1.388566260645166
316.7999627482146,67.15695635080337,10.320516630355268,2.2483304142951965,0.4816712088184431,45.98866729736328,68.5985610961914,24.641730499267577,11.184135818481446,10.326223754882813,4.493173313140869,0.7305676579475403,0.1021274432539939,0.3412142902612686,2.182526779174805,0.0633200697600841,0.0500143498182296,1006.121337890625,4114.617578125,938.0597045898436,287.7344696044922,173.29336242675782,287.16062316894534,4.12099928855896,5.608791065216065,20.39477844238281,73.87907333374024,1.3739670634269714,1.1871307611465454,509.5809205532074,1246.7922470495105,2226.4373711924186,0.8479775451123714,1339.6306878656148,280.52981689795854,18.086284705996512,17.696758711338042,1.393772631464526
316.24970619641243,71.10074604451657,10.348754992336035,2.9975452452898024,0.4614460964919999,45.51701049804687,67.41610488891601,24.763673782348636,10.895481300354003,10.270778942108157,4.465805768966675,0.7035083949565888,0.1025482848286628,0.337325769662857,2.4910287141799925,0.0628661185503006,0.0473990682512521,1015.9943481445312,4369.198779296875,943.9405883789062,292.499154663086,168.86251220703124,283.5500061035156,4.116448307037354,5.6228338241577145,20.378489685058597,99.91638565063477,1.3319960832595823,1.1324414014816284,515.1851748466491,1236.867524448037,2226.079871561856,0.7562569066882133,1337.063844154775,279.83148957788944,18.00546767860651,17.745317304134367,1.3861306926701218
334.49397991094736,69.75601120740176,10.464510577637702,2.3822451159358025,0.4794176145165693,43.328400421142575,72.13597717285157,25.497446060180664,11.024668502807618,10.648737907409668,4.377474737167359,0.6884249031543732,0.0986522376537323,0.319942820072174,2.2288306951522827,0.0616128336638212,0.048899995163083,1046.9741577148438,5220.716796875,976.9261779785156,288.42148742675784,213.9536376953125,270.2725524902344,4.113791799545288,5.41927285194397,19.35540618896484,78.2374885559082,1.327265989780426,1.2134730339050293,519.0464133262634,1300.4931541979313,2454.422214324929,0.6838648831471801,1341.3167279757558,283.08120031803844,18.0431799441576,17.687824368476868,1.3886390489991751
315.87689892817286,69.77803132012487,10.31526126433164,2.3009281903505325,0.5090258352924139,47.59122200012207,66.01227035522462,24.213214874267575,11.597291088104248,10.563410091400147,4.468207359313965,0.6829778969287872,0.0990093275904655,0.3303512662649154,2.17457013130188,0.0671822629868984,0.0499532282352447,1045.9771118164062,3001.135693359375,924.5460327148436,303.99530029296875,196.839453125,275.1950103759765,4.112787961959839,5.424701166152954,19.926967430114747,74.8128890991211,1.503496277332306,1.199766707420349,509.4462995767593,1246.794103744626,2273.153971353232,0.8414252483751625,1338.5837119445205,283.6607814639807,18.009896686673166,17.64855852127075,1.3953884718939662
334.9425553044304,63.06452712714672,10.256832452490926,2.370481300354004,0.4559774047345854,45.84294815063477,68.12036437988282,24.17106895446777,11.265614795684815,10.285645484924316,4.478477478027344,0.7362506926059723,0.1040366761386394,0.3158529072999954,2.25691237449646,0.0618799213320016,0.0496836349368095,1067.1734008789062,3723.114135742188,922.8764587402344,276.864208984375,184.6432403564453,279.34556579589844,4.121910142898559,5.686481952667236,19.034362983703613,78.94366836547852,1.2919073343276977,1.229579508304596,514.0550468921662,1244.3658736974,2343.7785117235035,0.7671222977340222,1342.7553244456649,279.82947018444537,18.061861806362867,17.70053254365921,1.387837471230887
337.002191670239,66.70992096289993,10.203194576781245,2.494485783576965,0.448954781726934,43.29353675842285,69.78037796020507,24.70190525054932,10.907727432250976,10.394102096557615,4.409765529632568,0.6942363739013672,0.0993653744459152,0.3219626247882843,2.4145262002944947,0.0607907533645629,0.0474676001816988,1048.225012207031,4161.729443359375,947.6255676269532,278.6821716308594,190.23548431396483,280.0603332519531,4.114829778671265,5.427733612060547,19.351089859008788,87.0443344116211,1.2640739321708678,1.1300279140472411,517.9438378810883,1239.752496433258,2317.566947370785,0.7171515690162777,1341.3772415943445,280.3286941222847,18.04894622117281,17.726808607578278,1.3856989627704024
329.83260675258936,59.891706169769165,10.528769593778998,2.696623520553112,0.5246681234217249,43.399116897583006,67.53314056396485,25.2033109664917,10.906971073150634,9.787144470214844,4.618434000015259,0.7181559860706329,0.100650055706501,0.3257980018854141,2.508936905860901,0.0687501266598701,0.0521729428321123,1016.8548889160156,4621.597314453125,965.943389892578,258.06078186035154,172.88951568603517,288.2505126953125,4.118967866897583,5.513270330429077,19.86609363555908,94.52226943969728,1.5548278450965882,1.2826725244522097,513.9997066020966,1245.7892745122313,2303.699977167038,0.723446334991604,1341.9399994857608,276.9911657243967,18.10808250010013,17.799202620983124,1.4047690320760011
336.03919338583944,67.50012639425695,10.28099089069292,2.6229625195264816,0.4935899402829818,45.08852310180664,73.20454025268555,25.725214195251464,11.332844829559326,10.698422622680663,4.3738960266113285,0.6809742867946624,0.0989262297749519,0.3120032548904419,2.3275565624237062,0.0623170748353004,0.0487900611013174,1060.2370239257812,4834.577734375,987.5484130859376,288.8858703613281,220.77496948242188,271.30865783691405,4.112154388427735,5.408039045333863,18.866284370422363,86.56126251220704,1.3746571660041809,1.1617948770523072,516.5352612972259,1259.5151170819995,2352.9502242052813,0.7313725593034178,1340.6147858783602,283.58681904673574,18.01309840232134,17.70113286972046,1.3890479224268346
319.94392429608854,69.83014090918005,10.58172580609098,2.4528445303440094,0.4821012278785929,47.38267784118652,69.97804412841796,25.89972515106201,11.405030155181883,10.170042896270752,4.426426124572754,0.7191742360591888,0.0980250105261802,0.3362684309482574,2.276534819602966,0.0660908877849578,0.0483182117342948,1038.2114624023438,5338.33388671875,989.7642578125,298.76723022460936,198.28385467529296,275.6660522460937,4.119089651107788,5.386253547668457,20.53933181762695,81.36937942504883,1.4330912113189698,1.162355577945709,509.95614252090456,1247.4935930639506,2277.7674114082124,0.8324301920365542,1338.9943189017474,283.03817194998265,18.02007726803422,17.681114506721496,1.3923744440078736
347.54570047073065,64.51218700762838,10.49927250239998,2.8835734501481056,0.5236971083446406,45.50677719116211,70.0258560180664,25.013707542419432,11.176650905609131,10.382726573944092,4.665352821350098,0.7284139752388,0.1034236572682857,0.3334607481956482,2.500511741638184,0.0668194569647312,0.050812205299735,1108.34609375,4024.271411132812,952.7253967285156,279.66150817871096,184.42479248046877,293.2565063476562,4.120567369461059,5.6715230464935305,20.407590866088867,98.1962158203125,1.5211583018302917,1.2237897515296936,520.5905424594879,1287.4328381747007,2405.091503256682,0.7249342682305724,1341.9323984667658,279.7575382634997,17.975744876638053,17.71973376274109,1.3936901981942356
331.1228317115456,64.22370661012829,10.497060725744811,2.3588119387626647,0.4650722981605213,47.245334243774415,67.82162475585938,25.94552536010742,10.557300758361816,10.281781673431396,4.490620565414429,0.7064746677875519,0.1011268727481365,0.3447219312191009,2.189521646499634,0.0636610969901085,0.0480406019836664,1087.86787109375,4313.652099609375,993.5691223144532,258.81890869140625,223.41375122070312,277.20972900390626,4.117000150680542,5.535625362396241,21.01551818847656,76.31660537719726,1.3451065063476562,1.179990303516388,513.3164675474167,1239.1952253118156,2310.696958544157,0.8127340458799154,1345.8824804246426,280.38849614560604,18.098151805996896,17.716711616516115,1.3932676494820044
339.32451283559203,63.38426590375602,10.173010416328909,2.680240900814533,0.5123903833446093,43.7516056060791,66.76370239257812,26.16673851013184,10.706392574310303,10.604095935821531,4.625351667404175,0.6777548789978027,0.0996385298669338,0.3111995458602905,2.4505727291107178,0.069159447401762,0.0493616320192813,1054.44423828125,3014.5908203125,995.1411010742188,260.5278625488281,214.23306579589843,292.2198638916016,4.111828804016113,5.440787506103516,18.63673629760742,92.07795028686525,1.547833406925201,1.1907714486122132,517.4751301765442,1295.4660672411324,2458.063019253418,0.7232317776884883,1342.8696185216309,280.2877332009375,18.0787069298327,17.77238209247589,1.4027885472867638
308.14114260077474,76.10903643462807,10.38582651913166,2.698623390495777,0.525413315393962,44.60373878479004,68.433837890625,24.891920852661134,11.750319862365725,11.369140529632569,4.872083711624145,0.7090292692184448,0.1031829379498958,0.3212982356548309,2.447435450553894,0.070577136427164,0.0482086732983589,961.1299926757812,3669.663623046875,953.22041015625,320.90211791992186,236.54364318847652,309.96448974609376,4.117401599884033,5.648374605178833,19.568491172790527,92.55930557250976,1.6042110919952393,1.1739261746406555,509.7848764657974,1248.0224654212593,2370.153992583946,0.8278894485905767,1331.4045084305108,288.60322037637235,17.982746637612582,17.697931385040285,1.3982741976156832
307.0154653629288,62.91778555512428,10.376026807911694,2.3722799703478814,0.5245010366663336,45.84700813293457,68.58545989990235,26.350875854492188,10.456985664367677,10.972655773162842,4.392398834228516,0.6860243380069733,0.0988660261034965,0.3425643354654312,2.265705919265747,0.0691944330930709,0.0503572314977645,976.0567932128906,4026.575317382813,1011.2400573730469,252.7064346313477,212.4304962158203,271.71119689941406,4.113373756408691,5.395336294174195,20.73101387023926,79.03596496582031,1.557664954662323,1.254625916481018,508.6939109325409,1232.535438579321,2189.1528343683285,0.830552556598559,1342.1160610862075,279.7896096229553,18.183618969470263,17.792135453224184,1.410483919410035
308.1127958398312,66.33094016835093,10.326899673044682,2.3123606771230696,0.496083097695373,48.02835006713868,68.90046463012695,26.176574897766116,10.649985694885254,9.756305694580078,4.563253402709961,0.7339353561401367,0.1052017204463482,0.3356429249048233,2.373166537284851,0.0644518546760082,0.046577613055706,1016.348406982422,4559.937744140625,1001.9832458496094,274.81255798339845,157.25829620361327,280.5414489746093,4.121546268463135,5.774508953094482,20.08757038116455,81.62495727539063,1.4246968269348144,1.0873507142066956,507.5115704059601,1225.2650257065893,2203.0368880887168,0.904996137926355,1340.8471085608005,277.75798515379427,18.097345355898145,17.737895929813384,1.3972249284852296
328.79618079699577,69.4025335855782,10.412715020496398,2.1787087842822075,0.4832158533972688,47.327998352050784,68.85366744995117,24.51773738861084,11.45345754623413,10.578909492492675,4.631468296051025,0.7336147904396058,0.1021614424884319,0.3302330374717712,2.289609313011169,0.0632856383919715,0.0468022342771291,1082.8028564453125,3401.1591796875,941.1164794921876,303.93609313964845,159.8547821044922,283.3138427734375,4.12142276763916,5.615766143798828,19.961300468444826,76.14147186279297,1.3853545784950256,1.0808494567871094,514.3023315906524,1240.2391972184182,2271.179307000834,0.8189316233154387,1339.8988629981875,280.091265322268,17.983006029576064,17.63242816925049,1.3870913689490407
312.7411888020113,69.40379884131252,10.29757840903476,3.226066365838051,0.4462330044712871,47.30457534790039,71.46552276611328,25.9833703994751,11.514896869659424,9.868377017974854,4.582620763778687,0.6807310223579407,0.0978767797350883,0.3349692851305008,2.608306646347046,0.0592920534312725,0.0488587819039821,1025.1389038085938,4712.622607421875,992.3124938964844,303.78859558105466,169.8027374267578,282.39629516601565,4.112318992614746,5.358999443054199,20.30398654937744,109.0019187927246,1.2401553034782409,1.1201494216918946,511.2135596752167,1245.5621568709612,2363.400318144157,0.8044548271689564,1334.7900155954062,280.61120487898586,17.937155298888683,17.73165558576584,1.3766584736760703
309.89315083101394,71.92999159656465,10.166622909996658,2.6078889787197115,0.5317198988981545,46.80269660949707,69.42579956054688,25.68635711669922,11.804032230377198,10.645418453216552,4.457600927352905,0.7091684877872467,0.1039283975958824,0.307137992978096,2.3549049854278565,0.0685927726328372,0.0510157451033592,1013.5342590332032,4019.50546875,978.0387817382812,312.74448547363284,218.1167907714844,278.29107971191405,4.117387151718139,5.665688848495483,18.585818481445312,87.3410888671875,1.5683828115463256,1.2586531281471252,510.82309720516207,1246.910045811534,2320.8913337110016,0.8395088948775082,1335.4381740897893,285.95301390737296,17.980521265417337,17.678093600273133,1.3963904511881993
334.04244450014085,59.947035416215655,10.336490411870182,2.6113198176026344,0.4714291541022248,48.10070610046387,66.53724746704101,24.003146171569824,11.004669857025146,10.460028457641602,4.257505178451538,0.7153786301612854,0.097559879720211,0.326760458946228,2.3841561555862425,0.0619588930159807,0.0492947317659854,1104.2015014648437,3319.435913085937,919.1843994140625,259.1317199707031,196.7482131958008,259.8002380371093,4.118506860733032,5.32542610168457,19.857567405700685,88.31204681396484,1.3212931156158447,1.218448030948639,512.0694064855576,1242.2802426457406,2224.234841171733,0.8421619019471109,1344.909576486796,278.57561140060426,18.06148276850581,17.738966906070708,1.389375012391247
330.01289159040897,65.83062415029853,10.4862609481439,2.5220662102103235,0.4610773698834237,43.59431228637696,65.6166374206543,24.8286657333374,10.485237503051758,10.486611366271973,4.695398569107056,0.7353232741355896,0.0974143154919147,0.3205508381128311,2.3229424953460693,0.0651910126209259,0.0480809595435857,1018.5029052734376,2985.3893798828126,952.6102111816406,266.7392547607422,177.10072479248046,295.3907012939453,4.121768474578857,5.353618669509888,19.334833335876464,84.21705474853516,1.3647086858749389,1.2027427554130554,516.6536114692688,1243.9712009608745,2324.528695516364,0.7294082645792515,1341.2690597817302,278.5120973445475,18.110120373219253,17.758340466022492,1.3951294374419376
317.1293111862615,69.28749691471458,10.420219146553428,2.7943099603056907,0.521400356036611,42.768133544921874,65.43860397338867,24.015149879455567,10.809885597229004,10.100648880004885,4.558169603347778,0.6827150881290436,0.1015703119337558,0.3162794828414917,2.5708945989608765,0.0699089407920837,0.0482684515416622,964.2929138183594,3502.4423583984376,917.21953125,282.4036163330078,198.3173843383789,284.5374298095703,4.112754821777344,5.573999214172363,19.08812599182129,98.91902923583984,1.587181031703949,1.1251512169837952,513.1001794576645,1243.9207088202238,2388.7144688538974,0.7555923735257238,1335.8893351092934,281.72572820335625,18.06875187084079,17.789747512340547,1.4038924297317863
317.60167251098903,67.13786413483322,10.35798731232062,2.7408239379525186,0.4717210575239733,47.315238571166994,70.4661865234375,24.410791397094727,11.403720664978028,10.752063751220703,4.507676362991333,0.7296538352966309,0.1004778191447258,0.3334750711917877,2.380888628959656,0.0638834007084369,0.0493857767432928,1041.3375732421875,4760.975830078125,933.9944641113282,292.5838134765625,187.49615478515625,284.6913757324219,4.120845794677734,5.493862199783325,20.287835311889648,90.81986618041992,1.3700259685516358,1.1833239793777466,509.3630833864212,1248.5482084855437,2365.4172669597087,0.8360495964065194,1338.8813055939972,281.4585228130221,18.012737669050694,17.71410094499588,1.3885440001264215
324.6283702908084,70.74258016608655,10.51667688274756,2.20497916340828,0.5486181751650292,46.2484016418457,68.06480255126954,24.85277938842773,10.768365478515625,10.067240715026855,4.399746084213257,0.7047784745693206,0.0990879110991954,0.3425559639930725,2.3010589361190794,0.0673452258110046,0.0495075970888137,1050.2693725585937,3271.7999755859373,949.4982055664062,289.15234375,164.1917510986328,270.8143432617188,4.116703987121582,5.448268842697144,20.760035896301268,76.96610031127929,1.5670723080635072,1.2083927392959597,513.2256258487702,1255.5283559143545,2419.287463702983,0.7822364829480648,1340.696074642241,279.4855054572225,18.044966635107997,17.68313549757004,1.4009585741907358
328.1394667752087,65.6282952779904,10.480332595668733,2.734875732660293,0.5185930038860533,44.735433197021486,67.7751220703125,23.924538612365723,10.483643627166748,10.379226684570312,4.492782688140869,0.6979461491107941,0.1056297123432159,0.3360411614179611,2.3380093336105348,0.0659806244075298,0.0496748685836792,1017.1152099609376,3826.834106445313,913.8861328125,263.0094757080078,198.60395050048828,285.8388061523437,4.115515232086182,5.784689712524414,20.430162620544436,88.88218231201172,1.4835665345191955,1.2244392037391665,513.8172277450561,1269.6380895987154,2411.499258968339,0.7835669903084636,1341.6409471385182,279.8996471323073,18.108412862569093,17.779409110546112,1.4013279803097247
341.1135319057852,64.93839123155922,10.383739099185911,2.740285636484623,0.5259129765792749,44.39103660583496,71.49887390136719,24.05532455444336,10.558361530303957,10.52523708343506,4.54187536239624,0.7177181839942932,0.1019644893705844,0.3352054357528686,2.410076379776001,0.0685839347541332,0.0484608925879001,1061.1406372070312,4015.597412109375,922.7738342285156,266.79502258300784,171.74456787109375,285.177734375,4.118905067443848,5.591524314880371,20.22740154266357,91.79148483276369,1.559345543384552,1.1685000777244567,515.4074762821198,1266.0297178402543,2334.762118085608,0.7538397016469389,1342.7275703951716,277.8471557751298,18.063053408265112,17.756731569767,1.4019200270064176
321.4224832585081,66.25339230820536,10.370019606873392,2.975586602091789,0.5015906034619547,45.6708179473877,63.65407028198242,24.869737815856933,10.77763786315918,10.818163013458252,4.549396419525147,0.7392041027545929,0.0968447364866733,0.3278652340173721,2.392295551300049,0.0682106345891952,0.0474558968096971,1016.4075439453125,2946.03369140625,952.5386657714844,271.0680908203125,215.2033447265625,289.6127655029297,4.122367238998413,5.317874717712402,19.68610363006592,95.46419982910156,1.5112156391143798,1.132757544517517,514.9803179264069,1237.744033294916,2378.0471885055595,0.8084071605000644,1339.3496628895402,281.7159745268524,18.07605572640896,17.77889801263809,1.4002939774654806
335.649382417649,64.17816911637783,10.310748379305004,2.4199510395526884,0.4649080790928565,45.78654251098633,69.78229675292968,25.75817394256592,11.120238780975342,10.08496904373169,4.390769481658936,0.7073281049728394,0.0971236757934093,0.333211800456047,2.200424313545227,0.0609421554952859,0.0498185768723487,1078.5295532226562,4680.44921875,986.8343200683594,274.3368621826172,206.13094329833984,272.4194641113281,4.1171448707580565,5.306041431427002,20.17018775939941,77.96602020263671,1.2995643973350526,1.1675413846969604,515.2267649173737,1256.070041054487,2408.439662767464,0.758455851720646,1343.7709860026837,280.91182935237885,18.06042609587312,17.697045052051543,1.388256129808724
326.5105508621782,76.00256290119141,10.365153471194208,2.629287803173065,0.4758362105931155,43.49097595214844,67.08609466552734,24.39926834106445,11.482894897460938,10.453704357147217,4.755296134948731,0.6866709411144256,0.0995252169668674,0.3271837890148162,2.339286255836486,0.0673045232892036,0.0505997106432914,1046.486669921875,4265.84345703125,931.2026245117188,320.2789367675781,175.87728118896484,299.5891418457031,4.113362169265747,5.459758472442627,19.857570457458497,87.28538055419922,1.44304256439209,1.2647522687911987,519.872760105133,1317.123105672002,2503.449039300141,0.6599796862807125,1336.145016989857,282.6988364212215,17.927797269821166,17.64370651245117,1.3866373849101366
315.69447101727127,76.27118457555771,10.434965969715268,2.275476913154125,0.54289815062657,45.38254165649414,69.11837921142578,23.94916648864746,11.711897468566894,10.644511699676514,4.828016471862793,0.7071772813796997,0.0986113563179969,0.3282666325569153,2.298209834098816,0.0676354900002479,0.047123460099101,983.1078308105468,4959.32666015625,912.3758666992188,323.86961975097654,201.4978485107422,300.1603057861328,4.117073965072632,5.410610961914062,19.938978004455567,78.51226959228515,1.575057065486908,1.1042759776115418,514.479589343071,1238.0829188510777,2324.421497119963,0.7991576843895019,1333.852110183239,286.21341941207646,17.99228580892086,17.64720610380173,1.3973252418916673
329.0162232650444,71.5330213908106,10.374630557559431,2.750302301347256,0.4568786121672019,47.06154518127441,67.32593154907227,25.96441192626953,10.97841968536377,10.44340991973877,4.748368978500366,0.7015454769134521,0.1026565425097942,0.3301548659801483,2.3116339445114136,0.0638661600649356,0.0483176484704017,1093.78427734375,4362.40400390625,995.7846618652344,296.66778259277345,163.87476501464843,298.8777221679687,4.116087913513184,5.619895267486572,20.1139196395874,88.48330993652344,1.340673577785492,1.1858341097831726,515.0374999046326,1275.3858074709774,2468.333391743351,0.751165291108191,1340.3873707078396,279.704150916636,17.96141605898738,17.671769404411314,1.3837290125433357
332.73184283673766,69.13901400417089,10.45360622573644,2.3635038524866103,0.4367589562025387,42.93744583129883,68.41571426391602,25.03357410430908,11.444692993164065,9.707228088378908,4.6101030826568605,0.73920179605484,0.0975517004728317,0.3369655072689056,2.1783028125762938,0.0637212641537189,0.050608917325735,1011.8061096191408,4774.103857421875,953.3121032714844,302.5688415527344,156.46360778808594,278.6092926025391,4.122359132766723,5.345125675201416,20.50860767364502,76.13965377807617,1.2944549798965457,1.244298505783081,518.4791850090027,1314.5761269509792,2501.646036913636,0.6805773586966097,1338.475407370925,280.1781879797578,18.03815716728568,17.671087002754213,1.3863647389924154
335.1961584722623,67.71861827559769,10.30274449829012,2.916306614875793,0.4678066910244524,45.28140068054199,66.16700592041016,25.18103504180908,11.395203399658204,10.420426845550535,4.505779504776001,0.723032283782959,0.1001926869153976,0.3347981929779052,2.4488333463668823,0.0650494828820228,0.0475248556584119,1046.691979980469,4105.979736328125,965.9706420898438,291.55621337890625,206.4310836791992,286.8260955810547,4.11975588798523,5.466490316390991,20.408845901489254,96.77165832519532,1.389671003818512,1.129638433456421,513.7900622844696,1250.2426355838777,2357.1770910594614,0.7964199152775109,1338.4868910871446,282.7714052692056,17.994699204340577,17.72590688467026,1.3883920522406696
313.09358717445286,62.83341533616185,10.363891775999218,2.207901105284691,0.458563200046774,47.43882102966309,70.82899627685546,23.946507453918457,10.560218620300294,10.627434158325196,4.412049007415772,0.7240779399871826,0.095722859352827,0.3256889283657074,2.211567831039429,0.0618731390684843,0.0479778639972209,1041.6832885742188,3881.16943359375,915.6167419433592,255.8204040527344,205.4055740356445,276.9455535888672,4.11993637084961,5.237466859817505,19.62301998138428,73.89180755615234,1.305945837497711,1.1156152367591858,509.0901263713837,1246.8269342496992,2268.892236591643,0.8363658585585654,1344.7500229313969,279.3321584776044,18.14548016563058,17.739919996261598,1.394422153942287
311.35546662993727,75.08613065499813,10.454474836960436,2.4895052388310432,0.4864554792933632,44.440392684936526,73.02867736816407,24.83314800262451,11.052333450317382,10.728206729888916,4.796336555480957,0.7142176985740661,0.096752044558525,0.3287254512310028,2.3915541648864744,0.0682866968214511,0.0518887594342231,963.1190612792968,4887.810986328125,949.4567626953124,305.1622711181641,185.6625778198242,302.24806518554686,4.11831226348877,5.3201337337493895,19.83066520690918,86.1441421508789,1.481846284866333,1.2725309610366822,510.79549221992494,1244.816380803287,2205.164734051464,0.8191199186723679,1334.6299447394908,283.1576943293214,18.043557503819464,17.71614603996277,1.3964703490957615
318.44594742450863,64.63683207146823,10.482594514358787,2.73055686801672,0.4486874748661648,47.13183326721192,70.85218048095703,25.55409679412842,11.133929347991945,10.516875076293946,4.370768213272095,0.7370217859745025,0.1026815198361873,0.3378628849983215,2.426123118400574,0.0643936395645141,0.0493873205035924,1056.6610717773438,4404.357958984375,979.3936401367188,280.9073638916016,174.49298858642578,269.5223022460938,4.122008562088013,5.632168388366699,20.57092342376709,92.28510818481443,1.3291193842887878,1.2374862909317017,510.7659832715988,1246.7026345342397,2305.199754204129,0.7805085970554501,1340.8369564913214,278.9766234874725,18.030545285344125,17.73207371234894,1.3876957489876076
325.00153458081184,73.04549777507782,10.458649264555424,2.18074249625206,0.5276060796459205,45.5193977355957,67.51339797973633,25.20160999298096,11.801971817016602,10.457528018951416,4.662112283706665,0.7385666310787201,0.1026021257042884,0.3348558902740478,2.2315630197525023,0.0657616659998893,0.048094405978918,1041.5697265625,3250.482495117188,967.3297424316406,318.55116271972656,194.26529235839843,287.2055694580078,4.12222113609314,5.628237104415893,20.420455741882325,74.29908752441406,1.5011994957923889,1.1770563840866088,515.2961729049682,1238.064118489623,2262.623888836609,0.7805551553610712,1336.7708979323506,284.6597535967827,17.97495802715421,17.617507767677306,1.392213709326461
344.9986908311024,61.24559908211232,10.431185848545285,2.4229124262928963,0.4468780332244932,43.38475074768066,71.0734748840332,24.190336227416992,11.099893188476562,10.182200908660889,4.592556953430176,0.7110416471958161,0.0980992808938026,0.3384357362985611,2.3643999814987184,0.0626723326742649,0.0501354452222585,1052.1437377929688,5381.634521484375,923.1553955078124,264.54905395507814,199.9405670166016,287.7870361328125,4.117784118652343,5.361766910552978,20.612089729309083,83.69092559814453,1.299334454536438,1.1881802797317504,517.1444463729858,1304.5403527870774,2426.705816245405,0.6961727425456047,1343.768473676592,279.6672060087323,18.090530988574027,17.744037079811097,1.3905234345700592
320.08435936644673,63.99335596505553,10.467451106105,2.847223253548145,0.4795441800961271,45.22196884155274,72.85894393920898,26.20992946624756,10.463412952423097,10.12891721725464,4.390542268753052,0.7272342443466187,0.0998076386749744,0.3158195972442627,2.5821827173233034,0.0671065166592597,0.0492294937372207,1034.417626953125,4777.828369140625,996.5098876953124,261.5287322998047,171.73668060302734,275.55014953613284,4.120471620559693,5.468278121948242,19.202950477600098,100.41299362182616,1.4421118378639222,1.2142844319343566,515.6420803546905,1248.9350248873234,2370.220222619874,0.7201187115628273,1341.6380463913083,276.78198802918195,18.074304000288247,17.796720159053802,1.3965856273425743
317.3447202676907,76.99380425065756,10.221651199925692,2.8803205728530883,0.4507204572902992,43.81557693481445,65.15232620239257,26.027910232543945,11.55442533493042,10.740758419036863,4.655720472335815,0.7350046038627625,0.0996347829699516,0.3325684785842895,2.500205636024475,0.0654869474470615,0.0481902174651622,970.486279296875,3810.882568359375,993.8976135253906,319.8130249023437,221.9934051513672,290.1830291748047,4.121674060821533,5.462017774581909,19.96344699859619,98.16409301757812,1.3697155356407165,1.141844093799591,514.9955222606659,1236.7615832567217,2262.0565639395327,0.7680464222095906,1331.5447500571609,287.05043621361256,17.966497395932674,17.70607031583786,1.3850753135979177
335.2985521124676,74.67322842255234,10.283872533682734,2.8263991132378576,0.4883826246950775,43.39986724853516,70.10406646728515,26.06674575805664,11.423011207580569,10.479634666442871,4.649807643890381,0.697634083032608,0.0997710965573787,0.3081438690423965,2.459437108039856,0.0662565499544143,0.0475528936833143,1033.595703125,3715.821459960937,996.013739013672,310.3520935058594,221.2621063232422,289.5638549804688,4.1152873039245605,5.484365510940552,18.47870960235596,95.57397918701172,1.4473241448402403,1.162982666492462,519.6784572601318,1260.8048355415465,2376.2967607281344,0.7069043857045472,1335.7292877309023,285.79194967895745,17.948336330801247,17.68989723920822,1.3881641164422036
327.66546767875553,65.17909995801747,10.489009311422706,2.505863812565804,0.4491911158896983,45.061502075195314,64.23580169677734,26.08510818481445,10.704819393157958,10.22432804107666,4.508325052261353,0.704218739271164,0.1059678934514522,0.3455837905406952,2.3941144943237305,0.0619947116822004,0.0489188980311155,1068.6311157226562,3241.7203369140625,997.763311767578,269.5972076416016,190.89722595214843,274.9947784423828,4.116608142852783,5.819902753829956,20.944863319396973,86.53133392333984,1.2865849256515502,1.181757569313049,515.4302782535553,1244.4374524101615,2359.756442570547,0.7224804600700736,1342.9236190497877,279.37521985173225,18.060151117295028,17.7322944521904,1.3876282688230277
338.1670451024547,65.61465411707759,10.320598530210557,2.520310904085636,0.5096436641528271,45.861203002929685,71.5817855834961,24.130154418945317,10.83647699356079,10.507836818695068,4.51056432723999,0.7019703984260559,0.1048709340393543,0.3410774648189544,2.339633560180664,0.0667271018028259,0.0466458816081285,1090.0599853515623,4899.4580078125,925.8033752441406,272.06101989746094,211.9843597412109,276.5794219970703,4.116216659545898,5.745873689651489,20.55156116485596,84.91024398803711,1.4940738797187805,1.1152936935424804,518.5435545921325,1272.3447474598884,2414.479058810283,0.7251432770397515,1343.881306961924,281.0215955585241,18.04311074912548,17.71509256362915,1.3972553216852248
330.1826010672376,72.21034725084901,10.475226747244596,3.194854411482811,0.4617511459393427,42.48796005249024,67.7716667175293,25.11270179748535,10.90589075088501,10.302867984771728,4.632624864578247,0.6860197126865387,0.1018192686140537,0.3232778161764145,2.5074077606201173,0.0634368561208248,0.0506542786955833,1006.4727722167968,3637.06337890625,962.9407592773438,290.31591796875,223.71988372802736,289.3854553222656,4.113341426849365,5.58470458984375,19.69079551696777,104.13171081542968,1.3409881711006164,1.2292494654655457,518.3954654216766,1321.0410689413548,2554.9086258561874,0.6994267013855279,1336.7145340703428,284.0523094549775,18.00556947514415,17.764403879642487,1.38683439521119
304.8629090478644,75.29684036877006,10.28055406678468,2.4413432732224463,0.5008473364403472,45.9436840057373,64.5006820678711,25.80754985809326,11.477282428741455,10.734385776519776,4.688999032974243,0.7160936832427979,0.0961082458496093,0.3080269783735275,2.2681920289993287,0.067765337228775,0.0486703462898731,990.3685607910156,2899.54189453125,984.3177612304688,318.1830596923828,169.98308715820312,298.29454345703124,4.118550872802734,5.275903463363648,18.46498794555664,80.89272994995117,1.511395478248596,1.118144118785858,508.7185165643692,1248.7875273957848,2278.192446377868,0.8605525158345699,1333.9649524956942,283.02227590978146,17.999777298420668,17.66253262758255,1.3947749331593513
308.31639774404465,66.80153793804348,10.56482740212232,2.7844652742147447,0.4708972666878253,46.66387939453125,68.6524673461914,23.975948333740234,11.176320552825928,10.569890022277832,4.584366798400879,0.7171325623989105,0.0995918177068233,0.339640611410141,2.5352762937545776,0.0610207051038742,0.0466682221740484,995.9671752929688,3259.8875732421875,916.6129577636718,287.3356231689453,178.89624786376953,282.0797882080078,4.118805408477783,5.465264987945557,20.75790367126465,97.44653701782228,1.3145712852478026,1.0782992124557496,510.0707143783569,1208.486069571972,2164.403004039859,0.8922229122370482,1336.529955291003,280.54987785220146,18.04098904505372,17.75955299139023,1.387525858078152
332.67890248354524,71.42888249140233,10.52973384996876,2.457718327641487,0.4822063297615386,44.496032333374025,66.51723785400391,24.975480842590333,11.111727523803712,10.704435253143313,4.562621688842773,0.6955771207809448,0.1054794959723949,0.3408354073762893,2.4052977085113527,0.0660554945468902,0.0473783940076828,1051.97158203125,3119.4363037109374,956.2836730957032,297.42319946289064,182.7125457763672,288.92023315429685,4.114835405349732,5.792081069946289,20.80254821777344,86.05017471313477,1.4283790469169615,1.1674919247627258,516.2204889774323,1265.2945375174284,2400.005712334957,0.7533336362801493,1338.8182795397938,281.97677183374765,17.998164476454257,17.68779354095459,1.3907894966891037
335.93433654010295,59.29770820848644,10.472102576494215,2.439509038627148,0.4895701492205262,43.13011016845703,68.70865097045899,26.34704132080078,10.517569255828857,9.84543981552124,4.446667861938477,0.6964310288429261,0.1066327817738056,0.3374562323093414,2.4173733949661256,0.067888493090868,0.0516103040426969,1060.53095703125,3225.5251220703126,1011.1098999023436,249.64849548339845,152.35301361083984,270.81968383789064,4.115238189697266,5.85809736251831,20.34114475250244,85.83947525024413,1.47575364112854,1.2647528409957889,516.0364180088043,1242.0514794841408,2294.783662211773,0.7081891154870391,1345.043434742838,274.25923612713814,18.11715209558606,17.771246826648714,1.4014925051480531
317.8570135159418,63.380462636053565,10.356069052312524,2.241207987070084,0.4928435537964105,46.04510726928711,72.33971786499023,24.784037590026852,11.047842121124267,9.642169761657716,4.567982721328735,0.6882935404777527,0.1027156509459018,0.315636670589447,2.182945990562439,0.0662013955414295,0.0470190804451704,1019.8160400390624,4377.767138671875,952.05,275.1814025878906,159.60081329345704,281.7130859375,4.113773441314697,5.6403580665588375,18.89009952545166,73.70122375488282,1.4526564121246337,1.117143714427948,512.5244278430939,1240.2144331529737,2196.7501320739398,0.7753800239879638,1341.7666245803237,277.90899431109426,18.105749499052763,17.713522946834566,1.399555957969278
306.31021967828275,65.65011756587774,10.280170542094856,3.149540567398071,0.4840833748807199,46.97553596496582,72.77963485717774,25.96348628997803,10.913516998291016,10.308249759674071,4.373597955703735,0.7150869309902191,0.0966524951159954,0.3377324849367141,2.482160305976868,0.0641326732933521,0.047086052969098,1001.9298461914062,4950.62705078125,987.5960327148438,277.6398071289062,170.69406127929688,279.5052551269531,4.118459844589234,5.297519969940185,20.254499435424805,102.21004943847656,1.3915491580963135,1.1468513011932373,508.8571669101715,1230.4190088644625,2163.928034654685,0.8409523128997535,1338.0219822347165,278.70821055844425,18.05112257152796,17.786375081539155,1.3922841565683484
309.428188358061,66.32992053367198,10.372327374666927,2.7468573674559598,0.4999820904340595,42.68976707458496,65.38894500732422,25.332385635375974,10.469763851165771,9.920134162902832,4.626348209381104,0.7117618501186371,0.1035095810890197,0.312287238240242,2.376773738861084,0.0643505848944187,0.0489902731031179,956.6590454101564,3072.5171630859377,968.0317016601564,267.0098419189453,186.33794860839845,279.9507751464844,4.117908525466919,5.64606499671936,18.981200408935543,90.51473693847656,1.4221908807754515,1.1749653816223145,510.7751542568207,1246.574084328115,2244.6124644632628,0.7377931960858405,1338.179875201732,279.419570851326,18.136725064367056,17.8028436422348,1.399832832068205
340.6829927926883,71.6505162924528,10.047804500628263,2.259599132835865,0.444399717845954,48.09794921875,71.03426055908203,24.16666889190674,11.33855848312378,10.782415676116944,4.771445035934448,0.6857433497905732,0.0951977841556072,0.317532393336296,2.26567006111145,0.0629944205284118,0.0484320513904094,1145.1839721679687,3833.2398681640634,927.9887145996094,303.96950378417966,188.35798034667968,296.9384002685547,4.113233613967895,5.204105854034424,18.964493560791016,77.19004669189454,1.297543716430664,1.2065038084983826,518.4828996658325,1299.4147550731898,2456.4103249943582,0.7568903863430023,1341.881334383041,282.5105018019676,17.925701143592597,17.601188552379607,1.3790769705316053
332.14891236498954,73.06965943165123,10.399686861690132,2.3271133840084075,0.459859989117831,44.538241958618165,72.28497543334962,24.949006271362304,11.886683082580566,11.064770221710203,4.602367639541626,0.722729378938675,0.1032710038125515,0.3232650488615036,2.2791606187820435,0.0623071085661649,0.046716209501028,1048.6058959960938,5015.21923828125,953.2997436523438,318.47857055664065,219.01366119384767,284.4914581298828,4.119678974151611,5.64925594329834,19.77716999053955,79.01766586303711,1.319960343837738,1.1155808806419372,516.4518538951874,1331.3875597581268,2563.4881259498243,0.7192707465030252,1337.3526292540132,286.73909441828727,17.95599548667669,17.626837658882142,1.382016631308943
341.419043103233,64.11147769261152,10.529222959000617,2.927569431066513,0.4502433106652461,45.79888610839844,72.00077514648437,25.57111930847168,10.697259330749512,10.064645767211914,4.701829433441162,0.7127686262130737,0.1066379845142364,0.3352704882621765,2.565530753135681,0.0655541278421878,0.0519102595746517,1101.4269165039063,5350.49609375,981.4722106933592,264.7476745605469,191.4959701538086,298.05271911621094,4.11806058883667,5.854342222213745,20.455191230773927,101.48753662109377,1.3580536246299744,1.2874808311462402,515.5626861095428,1313.882660292089,2465.707638372859,0.7577574781607836,1343.6132432766258,278.9339532010257,18.01630730703473,17.759975147247314,1.3883669330971316
306.8419436819852,69.85717213544994,10.469465967733411,2.6957588613033296,0.4543396007269621,47.21794204711914,64.60280838012696,25.651514053344727,11.302197647094726,10.413082599639893,4.432596254348755,0.7081790149211884,0.0963842712342739,0.3203774720430374,2.3343093633651733,0.0611074648797512,0.0469587337225675,1019.375830078125,3197.764990234375,979.8733154296876,295.401611328125,206.967594909668,278.5448486328125,4.117282199859619,5.287797975540161,19.47247180938721,88.19332427978516,1.2894864082336426,1.0827564954757691,510.51908376216886,1198.800355874002,2106.393088909157,0.8320414518471807,1337.4558485783637,283.4442890435457,18.02490750402212,17.711432731151582,1.385211836686358
319.96261407826097,64.51905045509338,10.459305159933866,2.990017461776733,0.4888297755853273,47.59888648986816,65.76697235107422,26.013992881774904,10.879538536071776,10.312757682800292,4.3177330017089846,0.7264249324798584,0.0979004107415676,0.3398523181676864,2.4295780181884767,0.0646594442427158,0.0475844547152519,1074.43525390625,3417.9958984375,993.747589111328,275.84021911621096,161.8378463745117,264.6153198242188,4.120034837722779,5.374939203262329,20.61968593597412,97.32179794311524,1.41789311170578,1.1257997632026673,512.1841851472855,1242.998066408932,2391.012611530384,0.8009234678465873,1341.2357747733593,277.3576529994607,18.018491143733264,17.744224405288698,1.391381660150364
318.06199473254384,70.15475846715272,10.459706419613212,2.560024507343769,0.5046390436589718,43.20677299499512,66.29474334716797,23.651571464538574,11.735460376739502,10.722083282470702,4.370338821411133,0.7281158685684204,0.1010481819510459,0.3241435915231704,2.3482760190963745,0.0636724695563316,0.0501521650701761,991.0549011230468,3119.7092041015626,901.4365844726562,311.9104248046875,168.97603759765624,268.26413879394534,4.120484304428101,5.5494485855102536,19.6758337020874,86.11252212524414,1.419787299633026,1.211180579662323,513.9172310352326,1239.969074934721,2337.024556520564,0.730337197240442,1334.5165748953818,281.88170317411425,18.003154285252094,17.68617262840271,1.3901344386395067
297.2924372379499,66.65332053042948,11.001092901453376,2.8575766518712045,0.4907726097560953,34.06680068969727,8.152429962158203,0.000360937291407,10.17014675140381,8.283358287811279,3.1397229194641114,0.7103123843669892,0.1016638055443763,0.3347606480121612,2.74429190158844,0.0648098051548004,0.03019301854074,989.9622680664064,2.459507131576538,0.0120356377214193,276.92778930664065,129.51898651123048,195.18251190185543,4.117594051361084,5.560210371017456,20.305820846557616,97.98538818359376,1.4347189307212829,0.7429962933063508,525.2807027339935,1508.9917913109064,2789.8976220247628,0.4327412813785486,1381.3817767660962,285.92112317532303,18.84413721114397,20.67479000091553,1.4710984654608183
336.2463952178136,61.94936746452004,10.47580613270402,2.546787367761135,0.5233908427180722,43.53748970031738,60.24266586303711,16.832104301452638,11.235972690582276,11.126161289215087,4.509381580352783,0.7161071181297303,0.1007956162095069,0.340363472700119,2.351821064949036,0.0648454718291759,0.0366902131587266,1123.2939208984376,3767.7458251953126,645.0846618652344,268.83017883300784,217.22135467529296,288.64382019042966,4.118626165390015,5.5332136154174805,20.557546043395995,85.18544464111328,1.5259054541587829,0.8559385478496552,516.8564154148102,1351.896265438199,2543.3990362504264,0.6891871437896043,1349.7697282731533,281.16936046481135,18.11907890439033,18.015498220920563,1.4068454658146947
308.9646856501698,60.64143009185791,10.429173482116312,3.036323930323124,0.5138043946004472,46.049343490600585,69.43591232299805,25.860421180725098,11.233534336090088,10.217424392700195,4.624423265457153,0.7260302484035492,0.1035246782004833,0.3128865897655487,2.543372869491577,0.0654749989509582,0.048143982887268,997.2114013671876,3044.220703125,986.7795715332032,263.74155578613284,219.6450881958008,284.52394104003906,4.120277404785156,5.670078229904175,18.972494506835936,102.53068466186524,1.469299018383026,1.1668887734413147,510.80132217407225,1191.6974628672003,2151.5636999040667,0.8332818030845374,1338.8219063296915,280.63298157155515,18.089575489610432,17.813650715351105,1.3987564918585125
310.69667751770464,72.03000636119395,10.510145280417056,2.474471192061901,0.4720580616500228,45.357506561279294,70.20044708251953,24.61730556488037,11.119008350372315,10.632524681091308,4.805362701416016,0.7270801305770874,0.0974286273121833,0.3147876709699631,2.218615365028381,0.0674380883574485,0.0485627833753824,977.2446350097656,4054.3163818359376,941.0085388183594,293.9374755859375,231.3657653808594,305.6710906982422,4.120438766479492,5.328790140151978,19.269702911376957,79.63755340576172,1.4403773069381711,1.169528138637543,511.27129447460175,1244.1611932247877,2351.0977356549643,0.8235763635952026,1337.1085994824766,285.52361148521305,18.07719953916967,17.714618575572967,1.396761120762676
322.0805019058287,67.07895029373466,10.131606801971794,3.0093866124749185,0.4603165910288226,44.25448684692383,71.84989776611329,23.939855766296382,11.479679584503174,10.334367942810058,4.7535176277160645,0.7407664299011231,0.0984232030808925,0.3056638926267624,2.5956526517868044,0.0646501116454601,0.0475545283406972,1005.9876037597656,4970.192626953125,917.7577026367188,291.8619049072266,206.8486038208008,299.63829040527344,4.122598171234131,5.374225759506226,18.3490629196167,104.2896842956543,1.358991026878357,1.1790804982185363,513.2256152153016,1281.7013772174716,2466.7190400899794,0.7256897108629345,1336.4503983467816,282.7918045803905,18.004162606596946,17.759986686706544,1.3873038661899044
317.8241319224238,74.66066032275558,10.191504465416074,2.311823157966137,0.5278636673348955,43.46324195861816,70.84043197631836,24.8352165222168,11.392518043518066,10.91007137298584,4.503652334213257,0.7269309818744659,0.0983152024447917,0.3208664059638977,2.356020450592041,0.0702387303113937,0.0492408778518438,953.0754272460938,4677.488037109375,950.5476684570312,312.98419799804685,192.6912612915039,273.6859893798828,4.120418548583984,5.3860198020935055,19.1533992767334,81.15697860717773,1.5952194571495055,1.2162542343139648,515.3843581676483,1235.6013477101922,2300.781962646678,0.7627968048211187,1333.5276134490966,284.6059776738286,18.03983525559306,17.691460931301116,1.4017820365261286
330.55930026993155,62.16552165243775,10.562266593426466,2.5669484570622445,0.4621195733663626,42.664449310302736,65.9123779296875,25.415273475646973,11.037167644500732,10.722491264343262,4.7107789516448975,0.7162562608718872,0.1000220507383346,0.3252751678228378,2.454372525215149,0.0608834445476531,0.048642722889781,1027.0924438476563,3355.6746826171875,969.349639892578,265.0176574707031,210.98372344970704,298.9473175048828,4.118663787841797,5.488760566711425,19.81381950378418,89.88428573608398,1.2817209601402282,1.1979782938957215,512.7501650333404,1288.970824676752,2493.646889175405,0.7329952755011618,1341.7780945584177,280.5782853327692,18.094185517728327,17.770993292331696,1.3896748108556494
339.0866683104076,73.13696697447449,10.255995631404222,2.3185358852148057,0.4983335922006517,46.82060775756836,68.93928833007813,24.913259506225582,11.902186584472656,10.797618865966797,4.704163360595703,0.7159473896026611,0.0981217712163925,0.3250344544649124,2.2026207447052,0.0658441051840782,0.0506400592625141,1114.6084106445312,4318.65380859375,957.0944458007812,320.4003845214844,201.7616439819336,296.6374969482422,4.11851577758789,5.375192308425904,19.66836757659912,76.31647186279297,1.4664688229560852,1.1849258542060852,515.5010060310364,1325.3940984904766,2487.3798724784865,0.7539948227349669,1339.1567899595946,285.24125834777954,17.903700004518033,17.581432807445527,1.3859084820374847
328.7811419708654,61.70455185100436,10.47533296123147,2.717315676808357,0.458934232359752,43.41249198913575,67.77019882202148,25.528145217895503,10.724236679077148,9.965927124023438,4.281033754348755,0.7026736080646515,0.1060462743043899,0.3142650693655014,2.3880492448806763,0.0635613419115543,0.0481881350278854,1000.0375183105468,3599.250244140625,977.4357360839844,260.83763732910154,169.66446685791016,263.0171661376953,4.11634635925293,5.8232536792755125,18.96372604370117,90.39904022216795,1.341247606277466,1.125346601009369,514.2009333133698,1250.594166995585,2339.4633583240798,0.7379263573791832,1341.107661665231,277.24814665168526,18.121684689074755,17.792906284332275,1.3948007045779378
340.2354694103822,69.10706518664956,10.250300695002078,2.8723749816417694,0.5255547556094825,45.96139259338379,66.34840240478516,24.748011589050293,11.228904342651369,9.617969989776611,4.615501403808594,0.7137691020965576,0.09786062464118,0.3136180102825164,2.366151452064514,0.0677963458001613,0.0499064732342958,1104.5751342773438,3500.0943603515625,947.0051147460938,297.98662719726565,153.87892456054686,278.3182678222656,4.118169546127319,5.345858144760132,19.0523515701294,92.8579360961914,1.5581221222877502,1.1360657811164856,517.6777493476868,1307.3194295972585,2486.614331445523,0.7202627596911043,1339.8974871069192,278.6587860941887,17.93777628913522,17.674006927013398,1.3930504443123937
317.30214138235897,63.0762827668339,10.238596273306758,3.248030251264572,0.447563128004549,46.1958568572998,71.32369918823242,25.01990394592285,10.266891956329346,9.941939544677734,4.598673486709595,0.6935567557811737,0.1047105856239795,0.3391939282417297,2.5303824663162238,0.0650013998150825,0.0481962725520134,1024.8811645507812,4211.50380859375,957.2751586914062,252.6080337524414,179.2957763671875,283.559701538086,4.1147308349609375,5.722820854187011,20.369812202453613,105.82907104492188,1.3370702862739563,1.2052175641059877,512.0533951759338,1245.972400778532,2365.977862768911,0.7831640668679029,1341.8292526632547,276.74028001725674,18.09032895639539,17.82775150537491,1.392221615393646
327.10364201646297,61.52235569767654,10.500522025115789,2.6874565169215203,0.5014653666759841,46.17249946594238,69.02398910522462,26.043210792541505,11.182865715026855,11.10102596282959,4.571029758453369,0.6919238686561584,0.1049351178109645,0.3262714564800262,2.4224952459335327,0.0689854517579078,0.0486530784517526,1070.8994506835938,3162.2689697265623,1000.235711669922,265.5164337158203,229.28656311035155,287.731088256836,4.114397811889648,5.750066661834717,19.89591579437256,91.23241958618163,1.5318459391593933,1.1409525394439697,514.2495590209961,1238.516723781824,2339.2662209261675,0.7666903470177203,1342.807421568036,281.15397215113046,18.057940474152566,17.75140779018402,1.400341806653887
334.2262671303004,62.864656353741886,10.418079671729355,2.8342374876141547,0.5254038849729114,42.74348907470703,69.05008010864258,24.306913757324217,11.296786308288574,10.966143226623537,4.753404331207276,0.7078948497772217,0.1030266933143138,0.3347823262214661,2.425850296020508,0.0672331631183624,0.0477666024118661,1020.4352661132812,4458.55205078125,929.6348449707032,275.0342712402344,206.4532211303711,298.4436096191406,4.117229270935058,5.651483345031738,20.239775466918942,94.19022979736329,1.5364640474319458,1.1069904208183288,516.8408465862274,1271.3078014746309,2389.551177668286,0.6837055963464082,1340.1807768039405,281.0094912186265,18.061101066321136,17.765536856651305,1.4006363512016833
306.7658319395035,69.04194653220475,10.465861737169323,2.7851318672299383,0.487699042976601,46.26307601928711,69.30006332397461,26.27803173065185,10.85954418182373,10.66120958328247,4.514217615127564,0.7178651094436646,0.1021657533943653,0.3208173960447311,2.419620680809021,0.0646741352975368,0.0515566691756248,996.602899169922,3899.797924804688,1009.2718811035156,285.59764404296874,183.9340805053711,275.0943145751953,4.118929386138916,5.598972511291504,19.513821411132813,93.03655090332032,1.403238546848297,1.289748132228851,506.5814206838608,1229.3332361921669,2145.6681242490363,0.8669722017366439,1337.6184172917158,280.75026058107613,18.05669206753373,17.75465632677078,1.3933104218449444
328.7099181573838,72.08533974140883,10.223938628938049,2.9594170972704887,0.5292362064123154,43.81467819213867,65.71563491821288,24.0491247177124,12.075172424316406,10.702181720733645,4.666217994689942,0.7051837205886841,0.1039563432335853,0.3092227458953857,2.5066515445709228,0.0660470999777317,0.0519805390387773,1017.7651489257812,3489.7694091796875,922.9708374023436,320.1621124267578,214.075048828125,294.81231079101565,4.116670894622803,5.697468566894531,18.630187034606934,100.00605163574218,1.5123932361602783,1.2722423672676086,518.6694573879242,1325.9592939317226,2521.784684042877,0.7009008456487209,1333.3791892178356,286.24872044846416,17.91971534714103,17.68650588989258,1.3892594738863409
338.1816969092935,68.2178087566048,10.306338012125345,2.601346477866173,0.4269808115903288,48.73136444091797,71.9309310913086,23.90553569793701,11.28741102218628,10.210243225097656,4.448952054977417,0.7426483631134033,0.0975982666015625,0.3246025234460831,2.455220580101013,0.0638859935104847,0.0482509482651948,1116.4981567382813,5006.749609375,918.3605651855468,294.4150848388672,174.64161071777343,274.75575256347656,4.122852802276611,5.365293979644775,19.502594184875488,90.93948059082032,1.294231617450714,1.126485824584961,514.7408191204071,1283.3194524899125,2462.070839868201,0.8371621936094016,1340.9565775129945,280.38156796395776,17.949979074299335,17.671185624599456,1.3804294300731272
308.9281536478549,60.36503350101411,10.420272345934062,3.0897280290722846,0.4901396570843644,46.11079750061035,71.25008163452148,24.96107635498047,11.20059757232666,10.55251169204712,4.5683835506439205,0.6954645097255707,0.104948341846466,0.3302955687046051,2.6470242977142333,0.0675542913377285,0.0495790038257837,1004.1772094726564,3990.6064208984376,957.0390380859376,263.0800231933593,216.56209564208984,280.29649353027344,4.115037488937378,5.725629472732544,20.21300525665283,107.7147819519043,1.476718187332153,1.186985206604004,507.5900774478913,1253.4061376422644,2244.656732481741,0.8255669140722602,1339.3499081335965,280.20365316271784,18.07282996699214,17.82352657318115,1.3982828671578318
327.4365354411304,61.44309489168226,10.585689676739277,2.5636878579854967,0.5101312992454041,47.46712379455566,66.30078887939453,25.02327899932861,10.975070095062256,10.4361496925354,4.2904472827911375,0.7224419176578522,0.1002362370491027,0.3180498749017715,2.3589112758636475,0.0639581456780433,0.048324716836214,1096.9091674804688,3902.702270507813,957.7268188476562,263.6386016845703,198.6270278930664,263.9287567138672,4.119681358337402,5.508668994903564,19.38173370361328,86.44845046997071,1.4295143961906434,1.1836990594863892,510.8183532476425,1244.990337446332,2306.610946285224,0.8211061446461827,1344.6247857391834,278.949169524014,18.05929858088493,17.730148828029634,1.394752967171371
324.18023099675776,62.350413208827376,10.388091141358018,2.516739073395729,0.4294553611660376,43.82194900512695,63.87019729614258,25.92263698577881,11.033406162261963,10.354018306732176,4.336578130722046,0.7304155826568604,0.1017640613019466,0.3435518890619278,2.2520332098007203,0.0640683993697166,0.0490494448691606,1004.6115234375,2879.4527587890625,988.097235107422,265.4732269287109,215.83548736572263,266.05430603027344,4.120987415313721,5.570317649841309,20.748528671264648,81.54229278564453,1.2926851987838746,1.1506764888763428,511.7358285427093,1243.4272632688285,2353.992603398167,0.7563088997267187,1340.9292568013072,280.9148181408644,18.12791809514165,17.760081934928895,1.3926557839848102
311.65575465634464,72.86592214815319,10.433272979874165,2.811447557806969,0.5018009821767919,47.04534797668457,67.78625259399413,23.92935085296631,11.0694317817688,10.687051677703858,4.385060834884643,0.6997349619865417,0.1024420671164989,0.3409273624420166,2.442496657371521,0.0660793788731098,0.049751091748476,1038.7930053710938,3492.2206787109376,918.0045532226562,299.29649963378904,194.0992660522461,276.91034545898435,4.115770387649536,5.611871671676636,20.798503112792968,94.56583709716796,1.4638030409812928,1.22418851852417,512.4557926416397,1242.1820785701275,2272.640318900044,0.801286045787856,1337.230384166539,282.68750754967334,17.98248925805092,17.709762477874754,1.3913588814204558
309.93117213994265,70.34566766768694,10.172969169914722,2.272716927528381,0.4409385596401989,46.56737823486328,70.90360794067382,25.28428707122803,11.767228507995606,10.225184154510496,4.724694919586182,0.7291991174221039,0.0940288752317428,0.3372615486383438,2.2098363399505616,0.0645371668040752,0.0471255969256162,989.4916931152344,5113.6796875,968.1284301757812,310.3964294433593,188.7055236816406,287.0128112792969,4.120780515670776,5.136148929595947,20.244983100891112,75.40128784179687,1.3314099550247191,1.1057558178901672,511.3612488031387,1242.1676843494176,2225.2439703185228,0.8344823241233825,1336.1832342766224,283.99759194105866,18.033703032135964,17.662541258335114,1.3878868678584697
332.8097426552325,66.23548061139881,10.368885864689949,2.271436943113804,0.4741199742886238,43.99342269897461,68.75957870483398,24.44630374908447,11.512773609161377,10.32448215484619,4.412495136260986,0.721106618642807,0.0959636263549327,0.3380217641592026,2.328528904914856,0.0651329405605793,0.050774909555912,1026.7386474609375,3858.9290771484375,938.852410888672,292.5687622070312,178.2349365234375,282.48876953125,4.11946439743042,5.268616533279419,20.332683944702147,79.3298439025879,1.4009097218513489,1.20294988155365,514.3178296089172,1257.9648589715362,2358.8032833578472,0.7658009536098689,1339.4658625565469,281.09008295089006,18.047267069667576,17.69255452156067,1.3926082166377456
354.12605010773984,71.75317047610879,9.984361696615816,2.9784887745976447,0.4340966517629567,45.9815128326416,68.27609100341797,24.5390287399292,12.069763374328613,10.535132217407227,4.588396835327148,0.7072947859764099,0.0936106018722057,0.3176245272159576,2.4541752338409424,0.0637355200946331,0.0497756261378526,1125.9601440429688,4496.78720703125,935.5101379394532,318.7970947265625,218.89744720458984,286.7242645263672,4.116966819763183,5.1193867206573485,19.0282829284668,98.91433792114258,1.298092234134674,1.2358649134635926,519.8871626377106,1310.9191255435348,2421.736452154932,0.6819030395708978,1335.121657639742,285.80322655439375,17.78793436959386,17.479941999912263,1.369154891744256
332.2010203918442,74.90211008768529,10.26105479998514,2.4078804299235346,0.5411645455635152,41.83434791564942,67.67562332153321,26.20358600616455,11.351309299468994,10.764506340026855,4.749409246444702,0.6782631933689117,0.103456487506628,0.3213537991046905,2.3289738655090333,0.0681260712444782,0.0514000706374645,1020.0746337890624,4284.800244140625,1005.1194641113282,311.5887451171875,192.90798645019527,303.0965576171875,4.1118732452392575,5.684160470962524,19.20897617340088,82.34538040161132,1.5725977420806885,1.2707874178886414,517.8834257602691,1334.727232077718,2519.646825177374,0.6835193530656397,1336.9848243407905,284.03368812277915,17.987137585878372,17.666532719135283,1.3973291464382782
320.85001925770194,66.6241491984576,10.523149009980262,2.3590924754738807,0.4734691026154906,45.038916778564456,68.0570068359375,25.583361053466795,11.411320686340332,10.203093910217286,4.283110475540161,0.7103226721286774,0.1052970305085182,0.3203657925128936,2.2698625802993773,0.0643233992159366,0.0472381185740232,1009.0842895507812,2957.784375,978.4912170410156,293.9779571533203,163.21656036376953,263.6217041015625,4.117653703689575,5.770627737045288,19.569603538513185,79.16777420043945,1.3876976132392884,1.0889423727989196,513.1604625701905,1240.0743395373224,2235.9939486807853,0.8092604557052254,1337.937286642939,279.71631491184235,18.055600057542325,17.69767849445343,1.3925039639230818
318.7061306050047,61.21939184889197,10.457130155991765,2.418992094695568,0.544339424505597,45.69743728637695,69.42732009887695,26.156407165527344,11.102410697937012,10.118552780151369,4.719866943359375,0.6876235008239746,0.1049589969217777,0.3413318574428558,2.220992016792297,0.0665778651833534,0.0489466160535812,1007.8689025878906,3201.3368896484376,1003.8445068359376,263.6165832519531,201.1214462280273,296.8322326660156,4.113657855987549,5.725858974456787,20.868965911865235,78.51511306762696,1.537403655052185,1.2037470817565918,509.7049857616424,1249.7015403315424,2333.921741476655,0.8236671813763679,1341.736234781146,280.2574160218239,18.133980568125843,17.755753791332246,1.4059075240045786
312.3616925194859,60.05762871876359,10.698969111125916,2.3623530849814416,0.5331603627069853,47.07882957458496,68.15228118896485,26.057937622070312,10.80198097229004,9.733067989349363,4.581710577011108,0.7214039146900177,0.1076213970780372,0.3340252727270126,2.361101984977722,0.0691437944769859,0.0513093825429677,1004.4140991210936,4511.30419921875,996.4769104003906,255.1849136352539,168.76611328125,291.44725036621094,4.119523048400879,5.911749649047851,20.432213592529298,82.17269973754883,1.5781012535095216,1.2461023926734924,508.2830722570419,1200.0801396414638,2139.6419442610177,0.9005831065122039,1342.6001817636193,276.9382886096835,18.154871743172407,17.7816392660141,1.4092246404848994
324.365952000767,65.20438097212464,10.356068398430944,2.947035004198552,0.4694687137962319,43.76592597961426,65.97577743530273,25.111246490478518,10.458503723144531,9.763564586639404,4.508587551116944,0.7384239673614502,0.1052477471530437,0.3388076454401016,2.464958429336548,0.0648673944175243,0.0491658374667167,1004.3601684570312,3190.363647460937,955.23583984375,264.9723815917969,164.57369689941407,283.2312774658203,4.122257709503174,5.782431936264038,20.280910110473634,97.75585632324218,1.3898026823997498,1.1372756958007812,516.5369349956512,1268.9073906168342,2461.7358550156523,0.7242646697442978,1339.915805158019,277.360204488039,18.09408287629485,17.80051462650299,1.3952329458668828
333.53081167154016,67.30532875359059,10.211498162616044,2.810017801821232,0.5002580771630164,46.51418914794922,65.76682662963867,25.801201629638676,11.546824645996091,10.831769275665284,4.722738361358642,0.7146336555480957,0.1034258469939231,0.3128101050853729,2.4039840698242188,0.0688754297792911,0.0500478979200124,1106.663659667969,3572.1605712890623,982.548193359375,296.6378692626953,197.20765228271483,288.967724609375,4.118248081207275,5.645798683166504,18.987639808654784,93.16065292358398,1.520047414302826,1.2484628200531005,515.5883357524872,1236.885463537276,2283.4926735957797,0.7361887291073799,1339.8767953470349,282.15389553159474,17.937992404401303,17.67361525297165,1.391107556107454
333.8847318449989,62.01062535382808,10.199276235233992,2.6400092229247094,0.4355833024368621,47.56669425964356,68.26880187988282,24.48202438354492,10.88875961303711,10.603205394744872,4.300163984298706,0.7152304410934448,0.1037129446864128,0.3240745633840561,2.476064443588257,0.0637578725814819,0.0474562961608171,1099.2068359375,4899.360986328125,939.5393371582032,263.9111297607422,197.1431671142578,261.8325622558594,4.118469858169556,5.678558444976806,19.380971336364745,92.2959358215332,1.3054482698440553,1.105854570865631,515.4886527061462,1288.052877883613,2453.91297763029,0.7690206732600927,1344.4273244857789,279.0523931324482,18.043129432946444,17.742792510986327,1.3875114899594336
327.4044866380282,63.50611853450537,10.19270720947534,3.1561176806688307,0.4427189829875715,43.93830909729004,72.13656539916992,24.486781120300293,11.316111183166504,10.253432273864746,4.732543802261352,0.7407719790935516,0.1008097268640995,0.3235362857580185,2.5775870084762573,0.063956381380558,0.0483480777591466,1006.506964111328,5056.9755859375,940.8494262695312,278.6924285888672,193.22063293457032,293.14512634277344,4.122620582580566,5.512168931961059,19.41157512664795,106.24302978515624,1.3258448839187622,1.1172457337379456,515.4725939750672,1270.8074673369526,2428.047023408336,0.7383895524777472,1337.9391909379513,280.61124017685654,18.03695077896118,17.790187335014345,1.387881121924147
313.0396460365504,65.41525891944767,10.405439126025886,2.9374928921461105,0.5034963780315593,44.63659248352051,66.7331039428711,24.82540702819824,10.802919673919678,11.1341064453125,4.418412780761718,0.716691929101944,0.1034824147820472,0.3157817721366882,2.514809346199036,0.0656766109168529,0.0475095111876726,975.027862548828,4017.449365234375,946.1341430664064,267.8513702392578,231.01400909423828,283.14601135253906,4.118737030029297,5.669672346115112,19.082110023498537,99.506697845459,1.4648494005203248,1.0991272568702697,510.5270938873291,1246.8247958183288,2200.681816218386,0.8147270109504461,1338.3108356803657,281.9893020272255,18.1022181160748,17.81299203634262,1.3996207546908408
316.41233100220563,63.25324361398816,10.257458049897105,3.0898140236735343,0.4540577219973783,47.37477035522461,66.08102111816406,25.74930438995361,11.280885410308835,10.040559482574462,4.360715675354004,0.6802225589752198,0.098888673633337,0.3205789297819137,2.636787247657776,0.0615104116499424,0.0505395978689193,1039.952490234375,3163.1674072265623,985.9158020019532,276.1717559814453,201.70660247802732,264.87549743652346,4.112269639968872,5.411191129684449,19.30688133239746,107.4447738647461,1.2850553870201111,1.2376668453216553,508.7285075902939,1250.318352660537,2332.9955983856808,0.878043333441019,1338.7458623453974,280.9515589639544,18.012638673186302,17.78028401136398,1.384302328247577
318.6669944811612,68.1130509397015,10.303703562542797,2.3060307025909426,0.4607963022077456,46.01882057189941,69.43286361694337,25.65728588104248,10.574955558776855,10.500088691711426,4.473280763626098,0.6789208054542542,0.1000339366495609,0.3323451787233352,2.206911730766296,0.0614082418382167,0.0497495301067829,1017.9181701660156,3726.62626953125,979.6431396484376,276.4524810791016,169.42571258544922,283.5905334472656,4.112042856216431,5.48840036392212,19.854068183898924,75.84041290283203,1.2931573629379272,1.2103914618492126,512.912576007843,1243.214248251915,2391.009724937333,0.7792752785608172,1341.2460363350808,278.869880463928,18.099352314323188,17.718189001083374,1.3908238181844357
