cfall(0)_pft0,cfall(0)_pft1,cfall(0)_pft2,cfall(0)_pft3,cfall(0)_pft4,cfall(1)_pft0,cfall(1)_pft1,cfall(1)_pft2,cfall(2)_pft0,cfall(2)_pft1,cfall(2)_pft2,cfall(2)_pft4,nfall(0)_pft0,nfall(0)_pft1,nfall(0)_pft2,nfall(0)_pft3,nfall(0)_pft4,nfall(1)_pft0,nfall(1)_pft1,nfall(1)_pft2,nfall(2)_pft0,nfall(2)_pft1,nfall(2)_pft2,nfall(2)_pft4,krb(0)_pft0,krb(0)_pft1,krb(0)_pft2,krb(0)_pft3,krb(0)_pft4,krb(1)_pft0,krb(1)_pft1,krb(1)_pft2,krb(2)_pft0,krb(2)_pft1,krb(2)_pft2,krb(2)_pft4,micbnup,kdcrawc,kdcsoma,kdcsompr,kdcsomcr
0.024544222670519464,0.018759851820093404,0.0045150007023727285,0.0023549124307337137,0.0254393526619122,0.0002147286456155425,0.0008736157142709448,0.10459750053485217,0.0014099158950803656,0.000992771247474698,0.011600657004614765,0.0030105215569320616,0.010555260045056315,0.010746112965874518,0.02809585750857616,0.019698888277934926,0.02800172669970899,0.00759837751259945,0.0009790373183006028,0.0009934906573793238,0.01079321444563171,0.010676640780438661,0.00821421575201114,0.008396810725313614,-3.1789864527127336,-3.374119899001347,-0.8472854518642692,-4.62800557512283,-3.581603213891558,-5.774470138915636,-4.828839082833927,-5.026829795320798,-9.608119900100418,-7.921815634191188,-6.48233187355452,-5.937366496152133,2.901131311045175,0.6554421481716572,0.5174358973301483,0.0042661033341512365,6.429217246813844e-05
0.024942350085353414,0.017826046121255636,0.004767900224766346,0.0024147664444046325,0.026879187716511228,0.00022287371589392748,0.0008852234954390736,0.11157939900964735,0.0013953343668436427,0.0009539138525319237,0.012386551569386681,0.0029284004648978167,0.010758657629021177,0.010708860853768754,0.029120654239759795,0.01966600933899649,0.027453463437899672,0.007489802627525075,0.0009525015900968667,0.0010301444468570292,0.010669521964035035,0.01111407453241485,0.007963424589315133,0.007975344105418183,-3.327249633438708,-3.2273014005185505,-0.7935944479876752,-4.497440712861473,-3.411443724834334,-5.8569337984151835,-4.925370120386457,-5.171766356926366,-9.877283708427234,-7.966373048054322,-6.030293054123243,-6.183597534017919,2.7550980589847893,0.6144632165994612,0.5669951022961697,0.004021726856893026,6.699723798254587e-05
0.02407107298590798,0.017748627431299367,0.004662716503463107,0.002463564469523482,0.026177861539353618,0.00022449717507743903,0.0008859749851017691,0.10450173481100818,0.0014133146832067376,0.0009632732215958244,0.01252776530356688,0.002830711946391909,0.010920385606652545,0.010872717814419423,0.026681019654914536,0.018292059590390975,0.027982134418362316,0.007601086087268891,0.000984000735726376,0.0010365817472673953,0.01055965895965238,0.011198386239983244,0.008313770919627669,0.007899848955994599,-3.3298206689288348,-3.3459764732012283,-0.7904485952742129,-4.45342213895058,-3.46455721040463,-6.071585811503141,-4.8920789201194,-5.335801361281028,-9.958768811469993,-8.46949666362434,-6.290300121026096,-5.966465021478673,2.8523219096575088,0.6545941762682727,0.5379460924110018,0.0039439244952546885,6.632394576929271e-05
0.023491492771226908,0.018344808900636243,0.004557724799107756,0.0023837714256444297,0.025837312480727632,0.00022409233996007377,0.0008462158646494438,0.10796771807517425,0.0013928335212668036,0.0010010925853375012,0.012299763906223976,0.0028462905747200498,0.010521617548536814,0.010839593541406848,0.027727123326396368,0.01940509492623701,0.02859053914195246,0.007163633239441289,0.0009546868728570351,0.0010154770318188836,0.010778332582899963,0.01122456424138483,0.007799758589267196,0.008273809747833498,-3.3312571289333315,-3.269325365886666,-0.8130515998878871,-4.682698214871574,-3.3972945434509927,-6.036749549004106,-4.874450914719001,-5.143681083164206,-9.627928776596226,-7.844069458451652,-6.071063933616671,-5.943707473205638,2.724363851997784,0.6163873336600244,0.5138898967383595,0.0038670752301350354,6.50913771871692e-05
0.023604201802482582,0.01744427351985896,0.004536336716587902,0.002542763231035001,0.02688530146656889,0.0002190090429008441,0.0008435501107333511,0.10991488236804023,0.001368971318271151,0.000987449875612826,0.012274405936795931,0.002991232976621742,0.010740142982397193,0.011003741579859255,0.026980206424978337,0.019217497843719927,0.029395128147105574,0.007807089727063463,0.0009512784075825291,0.0010367495499859114,0.011024386827874539,0.010739089626182606,0.007692555744777926,0.008080700838783214,-3.3620473215223696,-3.29616631906996,-0.7863317332805502,-4.873419958799391,-3.5343865016672,-5.8948691722791775,-4.945182677926869,-4.974909008082485,-9.331640388682706,-8.395941350974953,-6.157328735644741,-6.129269902827933,2.900288882189461,0.6318877957531698,0.5418003752271373,0.003976248326331488,6.501146799265535e-05
0.024238434106005513,0.01879367192626448,0.004399532239416002,0.002548246458262116,0.02494374246882057,0.00020982721847233256,0.000851972566003513,0.10995209760178128,0.0013851569938532037,0.0009631017208242786,0.012584816203718617,0.002858594056512551,0.011334134099876665,0.011155135421766875,0.028374599425330025,0.019210360149631185,0.028229483252899222,0.007453716398226658,0.000993552703166384,0.0009666716096922849,0.010674967474551343,0.01053573836904824,0.008381155868635597,0.007993646385265667,-3.333803613400434,-3.2570187845713576,-0.819195715403361,-4.772004153724214,-3.384210772812739,-6.031306573629869,-4.691406732254256,-4.995178581578547,-9.352933974208531,-7.8664580642056015,-6.041513947012216,-5.946946322026338,2.810657558669973,0.6093949890117042,0.5637378063000665,0.0039064623533207055,6.606588228965407e-05
0.02265815034266958,0.018098624843344527,0.004557176763632386,0.0023754802560165423,0.026939296567086362,0.0002119460533348184,0.0009079530599808907,0.10581619395914159,0.001365244392439594,0.0010119758260599362,0.012542916614794978,0.0029140514468534526,0.011421060802422497,0.011191753005606524,0.02783323602512438,0.019520081894484953,0.0267573451354412,0.007388441330765778,0.0009647386378223592,0.0010051265823924642,0.01144373959341369,0.010786361329221165,0.007712356557401357,0.008021751602098321,-3.4080653851900298,-3.274004339272886,-0.821017734555255,-4.546248812859411,-3.3596007570965334,-6.097454425686792,-4.8953996457759885,-5.0719975403038315,-9.726895128604074,-8.37346289131368,-6.236436956627564,-6.217991101837127,2.72026999082836,0.6406936568836225,0.561089145086465,0.004251473126333964,6.539241420924801e-05
0.023108753881669046,0.018710760509136566,0.004436873347934236,0.0023745049115921,0.025179496964840477,0.00021789683305693211,0.0008999960016958856,0.11101664036860524,0.0013775359039227318,0.0009530798358963292,0.012249407282808596,0.003021410251984925,0.011505825376239651,0.01086970829330731,0.028941152861471663,0.018853855775480027,0.02833596055835786,0.007265653663271506,0.0009636373247485937,0.0010003558093878578,0.010585610513958496,0.011306162415594454,0.007719830781883506,0.008047959827200751,-3.195536827640639,-3.4017557728069185,-0.8441846898533132,-4.794792107423681,-3.5943842709514846,-6.16367291197869,-5.092229008213959,-4.900038734039967,-9.867472610657716,-7.9048342507303895,-6.106009132078392,-5.922964748883887,2.9109962471117115,0.6164441902137624,0.5444647098944383,0.004057429151453652,6.457656727476647e-05
0.023650175336225453,0.017724856148849923,0.004473130624971567,0.0025090897259991175,0.02550703665810779,0.00022892408224356255,0.0008597759902835877,0.11338445575305167,0.0013414136937242597,0.0009435570161707447,0.011772197409186119,0.0029647165758180777,0.010715641151062966,0.010567486446441959,0.02742606491784041,0.01937878731909582,0.02834366597742709,0.007455416479012235,0.001036264724523383,0.0010199785427644468,0.010983577756413293,0.010730436353870988,0.0077131491889323505,0.007780806640183296,-3.488125015416263,-3.161945386542942,-0.8278737288996115,-4.479421872899738,-3.505466262074179,-5.847471840333476,-4.650309170351679,-5.347734435574925,-10.161620799622352,-7.93528889417224,-6.257833238777073,-5.994978620202052,2.767854210002511,0.6589578074335003,0.5467520704867308,0.004039894383988766,6.472786241239821e-05
0.023243223132358947,0.018378314906930926,0.00440663806403971,0.0023831528901288967,0.026441854643574583,0.00021273114754628524,0.0008547824848296992,0.10553879646012723,0.0013717236553648811,0.0009932279484980646,0.012368592019032001,0.0028792980654636416,0.011466282011704056,0.010886276907713042,0.02741554005043664,0.018170263564235796,0.028825648312999826,0.007418985694862588,0.0010451587984553535,0.0009602082489899578,0.010828101041963667,0.011463624483894574,0.007910672808609255,0.008232710227049005,-3.2020623763146476,-3.4763741675810365,-0.8410211015526327,-4.834662003794604,-3.3411605025487336,-6.090430011790897,-4.751797282719408,-4.9089048663526595,-9.297596837631566,-8.075568486452836,-6.344666888867153,-6.186435219002037,2.6998704090349914,0.6150616093993847,0.533253192422662,0.00395861055164615,6.794111301287298e-05
0.024791009833920206,0.017142477544241055,0.004544925080550973,0.0023603570014227126,0.02677028996643381,0.00022972315612616287,0.0008481051046010614,0.10984983544975553,0.001354535511521839,0.0010044444323526712,0.012400593153702889,0.0028508255162599788,0.010663304453537267,0.011101291336196853,0.02708243908976887,0.018274854196778326,0.027814387290839866,0.0072057187946521235,0.0010217028852441354,0.001014247926956003,0.01134243279979854,0.011484964088632017,0.008134917379690633,0.007638609354769598,-3.242890701280205,-3.215265058518331,-0.834577453255254,-4.54663031492259,-3.378178007439614,-5.8701682650435405,-4.871064351969347,-5.070966347631897,-9.498332708530619,-8.006600750205456,-6.174892472011734,-6.397781619406145,2.8861496388283685,0.6124240909868711,0.5346362675947318,0.004139026072670406,6.733424213696046e-05
0.023852836897424002,0.017360442098158298,0.004790725187748153,0.0024027196445461814,0.025046941728987197,0.00020920334968238606,0.0009021626987821714,0.11266269444413485,0.001347515521770069,0.0009302195377623981,0.012271234748545379,0.002784740620997199,0.010585745190323818,0.010651133488678152,0.0267100099126462,0.01820318969994546,0.026601302656303935,0.007839733472650767,0.0009930448106649152,0.0010139264064726802,0.010536397944868818,0.01121646680167003,0.007873498849561414,0.007647802581491576,-3.173360578950698,-3.222699655140804,-0.8164503920564716,-4.498723968695876,-3.496783031469749,-5.738945847970051,-4.638224677796617,-4.997054021119338,-9.805504084773574,-8.523677607322343,-6.16270457693201,-6.336554074521566,2.7744689354294696,0.6371404791516164,0.5449459549865519,0.0041205338838897244,6.352102870144076e-05
0.02299289462233341,0.017395426094652233,0.004588194865817392,0.0025676734116877337,0.026697490507329003,0.00020942716408510313,0.0008394830787218861,0.11427992397007176,0.0013799355000100452,0.0009721931189232963,0.012576736006528406,0.002768102807499458,0.01053419549844528,0.01054454300525372,0.02840696722589371,0.019642382862716568,0.026700965510442536,0.007436949791132177,0.0010171135870719332,0.0010444138866373043,0.011414261841877606,0.010790181842474668,0.00820638270976451,0.008073727281202581,-3.3100012909170284,-3.184867633407003,-0.8121557310659966,-4.5886515742937775,-3.491280261559656,-5.644111757897817,-5.118304085727467,-5.061564495603157,-9.883879386004958,-7.876094492062962,-6.195878367569967,-6.245800194623206,2.8230687374165595,0.6082447854099753,0.5303557151791616,0.004035647570182474,6.675830668365433e-05
0.022657404285752324,0.01832216100252522,0.004680450019466789,0.0024381758677045305,0.024757769098928264,0.00021672642003479824,0.0008804074936192329,0.11372294598222905,0.0013960366204683779,0.0009608340382394305,0.012326039905437477,0.0027564545334680017,0.011101959401016596,0.010662356088963054,0.028744883079914744,0.019461672721815586,0.02848171197155573,0.007270655034761891,0.0009910547615165901,0.0009911590891181774,0.010544874304058396,0.010876493801235019,0.007997816855131547,0.008391337939738678,-3.4590039121820793,-3.265330570209534,-0.8310734548488066,-4.483955980682435,-3.450951142167479,-5.759024945905225,-4.6880697040882495,-5.223399030175488,-9.952299472744095,-7.923529547777259,-6.018950135238019,-6.028189930215994,2.727368750103674,0.6648765195819267,0.5305617275803634,0.004235240601875919,6.837189895273755e-05
0.023106022220687833,0.01811313831955693,0.004408953979663617,0.0023711969223161123,0.026592845077708725,0.00021113247867706462,0.0008451119532363167,0.10794136189090367,0.001416060751012531,0.0009260744481941944,0.012150938948570819,0.0028986938754543344,0.010499196792854392,0.010917267753242907,0.027867214209161658,0.019045864364931924,0.028557141806511158,0.007481575344355606,0.0009581108822899959,0.0010031483698426497,0.010528528939204362,0.011232427647372232,0.007671794538526176,0.007735863982922092,-3.438488800739052,-3.186642327700546,-0.8576390834593288,-4.519838092335091,-3.5392535621444496,-6.093631565743371,-4.806068763974056,-5.296781515030406,-9.648017151871537,-7.923750042992632,-6.00708648632876,-6.49757259578728,2.688531049829547,0.6333693182261827,0.562063177739757,0.00425584556061888,6.30732039019784e-05
0.02459471115772012,0.017870222518133683,0.004638226225197183,0.002527599590881363,0.02533054514745427,0.0002278109262502667,0.0008560767499347006,0.11048119750335356,0.0014271552038476853,0.0010110336503866644,0.012209708232563213,0.0029952210639495676,0.01114334067949087,0.010739018976805122,0.02857467723196418,0.019540905060557476,0.027512156953400226,0.00724567033836863,0.0009909941366125666,0.001016683750583754,0.010701432080921199,0.01111562488279223,0.008025924188318172,0.007872214498983284,-3.21654344127186,-3.2351014638972475,-0.7956747509092554,-4.836679723063477,-3.535757247596051,-5.623088233123636,-4.981256360538727,-5.027429403160369,-9.377459511005393,-8.122246156254594,-6.088959665828984,-6.0460441407120165,2.7514812435694616,0.6190546572894194,0.5253457595201572,0.004205597956741572,6.330415009928928e-05
0.02326687915431721,0.017935157204635566,0.004388975670923125,0.00256696227211416,0.025513017716824366,0.00021454506136470974,0.0008332706507816138,0.11282924183991463,0.0013946500494186314,0.0009816281790145564,0.011627945046895963,0.00290891641027844,0.010850623547015499,0.010768838991597274,0.02833798960113726,0.018789105155744203,0.02775896786931653,0.007204426536456678,0.0009893630212108198,0.0009852206369110586,0.01085706699580812,0.011548299573891625,0.0077773999280550754,0.0078221019096149,-3.3759948815989054,-3.213695802148159,-0.8140501049538309,-4.464628104974448,-3.4764529275515437,-6.10672978443468,-4.804444173297251,-5.11041355106838,-9.829739352798343,-8.351100018987083,-5.968303424728274,-6.378829437632362,2.7529233143525413,0.6317916445055476,0.5495796004151297,0.004170212083427613,6.367006026873216e-05
0.02451287707697295,0.017108136154396276,0.0044024532985008505,0.0025318539607270913,0.026515242458783377,0.00021466299023972717,0.0008643787703492733,0.11064449093690149,0.0013364750003498494,0.000946725863977944,0.012254523530048807,0.002967283839233651,0.010958964283222357,0.010487745443875426,0.028000516276699104,0.018675349252402135,0.02861971552707742,0.007832107222129623,0.0009760409491144546,0.0010118169504110101,0.010731548721648198,0.011474996123250711,0.008342465662452454,0.008360140124765707,-3.2524036062657435,-3.3660897954411855,-0.850597221147319,-4.8358559858204755,-3.302274359146304,-6.04143822106087,-5.098696475110535,-5.0701913473269835,-10.045356465403227,-8.15267298734833,-6.289618818966267,-6.2143929008083685,2.6702800323470974,0.6346747105539907,0.5190674010514457,0.004003714478136951,6.428639949414339e-05
0.022857194110728847,0.01880837387034693,0.004433453683673569,0.0024698904590270123,0.025748595541251584,0.00022127861267607246,0.000886761380841737,0.10849449346895562,0.0013822450816092181,0.0009553148622603082,0.012611758895910046,0.0028599572186101285,0.011044746121965033,0.010823503907714926,0.027826922581337322,0.01815361865747829,0.029349830844746325,0.00718650435068394,0.0010005840622318916,0.000975504821912562,0.011341859567155492,0.010641222136811027,0.00812042864570453,0.00793175336325951,-3.466038718134244,-3.4661674121511816,-0.8133890035040987,-4.480776470942161,-3.310215459207942,-5.750613396069279,-5.114144221829686,-5.348027758782128,-9.356264524439258,-8.419912994941706,-5.919150332166328,-6.232607754026606,2.6777247171910012,0.6534757854100499,0.5341188376578755,0.0042269869888184085,6.773622863472831e-05
0.023978706032196217,0.01809383684372331,0.004486681500592566,0.002494650273900947,0.025096000754122827,0.00022691208458290086,0.0008673558824479262,0.11226332575337064,0.0014285602246224144,0.0009675758893937122,0.012431027060860779,0.0028418217630659707,0.010714056664857289,0.010573967592993899,0.028730703685405604,0.018068411752434052,0.028794878536786542,0.0073137011266922215,0.000954846876680395,0.0010259219698569642,0.010450222846871669,0.010723358493696456,0.007891974759164876,0.007726443398129515,-3.39692343087138,-3.2369931095690134,-0.7819599439762339,-4.484901941511478,-3.4841295018736522,-5.774787110275085,-4.9642089159515495,-5.130533514148219,-9.732549040230575,-8.442690861532865,-6.217364359514651,-6.38462415706185,2.827193836144459,0.6619543717529683,0.5193570629516009,0.004068780849580334,6.881674958936112e-05
0.023512152271027025,0.01763926181735019,0.004668068912325328,0.0024601949642859776,0.02465505546896614,0.00023095294366122098,0.000898974967856672,0.10856079732939491,0.0014250913234870992,0.00097607612980858,0.011607331717572705,0.0030073597692245584,0.010564200740923993,0.011046520639609333,0.028181153591244776,0.018550985752462588,0.02726687648105484,0.0071695153919235375,0.001043283401252243,0.0009810277193941048,0.010661319460752286,0.01071839923838683,0.008183723395205868,0.007828394091067243,-3.4569942741595225,-3.221095391874547,-0.821098348445822,-4.800364937876749,-3.485936396292192,-5.8787006101176145,-5.046112489330956,-4.921081465612496,-9.891203483289743,-7.8134368125070175,-6.316053043082686,-5.9491699574918755,2.8884065660630163,0.6102055057311604,0.5437609911626136,0.003960878956183326,6.75125652244187e-05
0.023521565240277587,0.017456035037829,0.004627844031902086,0.0025100779000448385,0.025760029973380297,0.00021876374424955816,0.0008506848299946474,0.11161800032272766,0.001340101678074297,0.0010106864776231596,0.011790821512395166,0.0029104043342118146,0.011346240582773476,0.010860309267114432,0.028983885054222207,0.019657827774463343,0.027160508645544812,0.007454806829923129,0.0009716155882060626,0.0010283935756563265,0.010713143174198659,0.011023839430410421,0.007694136399278232,0.008101030034095404,-3.2195668388078564,-3.2467221900012864,-0.8348370644132334,-4.733851315643945,-3.5753048917764945,-5.63701068313368,-4.993160934351649,-5.329016807392766,-9.754955647956745,-8.596226093607637,-6.3989050022171785,-5.906408706085883,2.916770083011281,0.6570523870571264,0.5198720578392381,0.004239205118003836,6.513309552649389e-05
0.024079137359152705,0.01774189217327515,0.004695321056079398,0.0023671664490664164,0.025892853779863435,0.00022419033995104275,0.0008342969124290844,0.11429623258270584,0.001337942094053802,0.0009389992917776616,0.011655173349382316,0.002958413665786466,0.010996924822672251,0.010584039767976353,0.02788802391011716,0.01847460394684886,0.027607863777933433,0.007208053410524284,0.0010233879848112887,0.000954675221124862,0.010670845800608154,0.011366014043275738,0.00791214654937214,0.0077625503002680405,-3.3057672537461373,-3.1777887506889826,-0.8154207296175711,-4.524502605521362,-3.282815002903532,-5.858006804684497,-5.095123621148875,-5.087245797100092,-10.162864659169434,-8.271171009538627,-6.19194771975379,-5.914949534081069,2.7384083284569907,0.6585979911816374,0.5136185708056847,0.003885383945345985,6.703542210985388e-05
0.024371177403447172,0.018673887108940326,0.004612457828287835,0.002478807342577418,0.02488587598330744,0.00021379137452976269,0.0008611150015164955,0.10524620234986533,0.00136787295580477,0.000937785326932782,0.011955078246367828,0.0029462551971306122,0.011096198609680342,0.011177063790671725,0.028589833059605434,0.01968300366287403,0.027672772318053485,0.007278464120569069,0.0010229350154765018,0.0009967530559331123,0.011448896117066188,0.010597965846055489,0.007629722185048248,0.00812882152083698,-3.492465256235983,-3.217385730987828,-0.7801120586558726,-4.65294409399225,-3.5454341251974424,-5.964713119040086,-4.723716186936369,-5.148088971441033,-9.381217151038634,-7.80280535844596,-6.003824605302604,-6.157058181113451,2.797340191792662,0.6612934905903096,0.5231972735383247,0.004021276033684327,6.616194215614434e-05
0.023412331464728063,0.018633442941903576,0.004375513977619968,0.0024365104394243925,0.026330557321704813,0.0002202520394451588,0.0008749317989338205,0.10382753325025022,0.0013896541755064095,0.000940698173514702,0.01151015975526678,0.0029023649239059866,0.011088459109531022,0.010724976578071695,0.028378845213019116,0.01872780533914202,0.028713495395948366,0.007317402723563942,0.0010466822710688058,0.0009509243280250481,0.011379845315461438,0.01105198684270117,0.007680654319975947,0.007969789298083514,-3.1642027819107597,-3.3695101648138137,-0.8589150863134531,-4.863795653322821,-3.371634163492458,-6.033831728754485,-4.9207362572339575,-5.293973797676703,-9.233064226979916,-7.89068352924053,-6.184918864153058,-6.255904407606246,2.70871542314884,0.6112279820438554,0.5153048122463915,0.0040681996700072075,6.597091717402692e-05
0.023539072913917512,0.018228503284764483,0.004484481141382546,0.00255729624907695,0.026180730781995884,0.00022728128387904022,0.0008769341122072838,0.11317130627189148,0.0014545514091849204,0.000994862645343205,0.011958612446312787,0.002860932998273455,0.011007522330750332,0.011120160544273778,0.026740591580528324,0.019148823346651783,0.02678771358652688,0.007602325150868806,0.0009729695287324049,0.0009903641001370467,0.010455367081933307,0.01128644015439352,0.0076514663481363696,0.00803083020681705,-3.2695072559317104,-3.46891096195347,-0.8199385429852347,-4.812950803611055,-3.533567617347119,-5.913802730364319,-4.746943799420156,-5.059358794247379,-9.397919711735915,-7.903442191372919,-6.41672427549595,-6.0777768961600565,2.6561683726224734,0.6590018913458893,0.5286272921396313,0.004249790853276534,6.774510609993813e-05
0.022642401936299978,0.01726322752171228,0.004643355671110088,0.0025602658437055875,0.02620552014491937,0.0002136687611588873,0.000830502244701754,0.10379371992753911,0.0014484517913578654,0.00101505537707042,0.011902521930233641,0.002905493370213093,0.010823205365462725,0.011312849087485035,0.02748988542727914,0.0181272150161724,0.028069005327135618,0.00743850926397264,0.00104232241971126,0.0010448334700331162,0.01060144373269911,0.010521531001126218,0.007827085428516881,0.007882679777210501,-3.249217245488418,-3.419404092207501,-0.7852601411355354,-4.437154434772899,-3.3111883979767724,-5.7128677861445585,-4.965583417602264,-5.074337169762433,-10.021032540265562,-8.443185277004787,-6.1570449421864,-5.896653089513177,2.710305339152468,0.6460233036098925,0.5661407423098298,0.003980156851286843,6.648142783610231e-05
0.023975405265889073,0.017319171071328764,0.004514767504599702,0.002440024613303174,0.025420747793072913,0.00021102107429667077,0.0008846563894516033,0.10669656651525636,0.0013529502993257533,0.0009324893664735139,0.01207389758126234,0.003013678465344611,0.01077276170808405,0.01086475296705913,0.02740692358350142,0.01821688048502416,0.02790534917623285,0.007431996125241079,0.001045042412165401,0.000960774059834291,0.010963603064003858,0.011188193295759302,0.008109665499326306,0.007734838078765029,-3.3061705263501935,-3.2847567513927536,-0.8581089356631566,-4.426954917425871,-3.5810110665750314,-6.08580199520879,-5.071225882290961,-5.298215081649756,-9.239884044425434,-7.8489380523072905,-6.307468297775929,-5.902267706896443,2.88576350661055,0.6417667626773238,0.5267775820259106,0.004144326503968732,6.315758628270246e-05
0.023355349017925082,0.018050284623441985,0.004444289475673392,0.002544939156890654,0.0253415065225605,0.0002149501469135588,0.0008500380889563075,0.11136601266562532,0.0014352768265943894,0.0009513797834933814,0.012103891236518937,0.003003872501475549,0.010604285359710194,0.011061439526481772,0.02762846183803463,0.01966950763963405,0.027636299945940204,0.007511038630192099,0.00103721637085012,0.0009528036284759293,0.011190272950422277,0.010850011344026845,0.008053842592561178,0.007720629873745829,-3.4583666865886675,-3.1698640388929893,-0.7882771113317293,-4.520914514505081,-3.371925105290246,-5.726309137546166,-5.0964899879509575,-4.950140502690884,-9.841833175118321,-7.8352455968088615,-6.040192914442848,-6.1264492830571875,2.662870616286828,0.6514806661673003,0.5356695919558934,0.0041045227909529336,6.370269164710891e-05
0.023737916262488924,0.018360576172220467,0.004596830513340135,0.0024314711419457886,0.025100191817631304,0.00021493646479037453,0.0008423876690086361,0.1083295918326229,0.0014072126986311728,0.001014993420277438,0.012057218265706385,0.0028941888293831713,0.011087129473731652,0.01064954258856414,0.029267496847254593,0.018057287385767812,0.02677041953815242,0.007227917033331094,0.001002077545538437,0.0009806541580013872,0.011059586198540493,0.010904370677654499,0.007735046118959204,0.008066289545216869,-3.1793427010504156,-3.2832351370637234,-0.8520317258807856,-4.620297654844508,-3.4171728900328726,-5.691473708141944,-4.959234104532138,-5.05157615517225,-9.913946138800348,-8.065376167453545,-6.315712789782342,-6.0081393705080846,2.6457813731320137,0.6459548456560247,0.5174912303611131,0.004129621509246589,6.787849965305202e-05
0.024378003521570882,0.01862900278455617,0.00474734922634479,0.002589918318701754,0.027015482720480585,0.0002139645721332604,0.0008555334553918723,0.10962362906435467,0.001415679335142146,0.0010012053748189266,0.012000729912551624,0.003004128513158778,0.010839518488409122,0.010713185216727017,0.028324001107255043,0.018657968462041565,0.026602962677427212,0.007539627456306696,0.000975287206751284,0.0009553649261305166,0.010582896466336032,0.011226973499849977,0.007740793233049807,0.007797834560902661,-3.2996366741008547,-3.2608151770708593,-0.80619051747894,-4.503050626116573,-3.3387124785782905,-5.655162860628236,-5.027516198038771,-5.054497295370232,-9.394109321392463,-8.487776320762636,-6.258625716528858,-6.022446458502663,2.833041108390871,0.6277355099084163,0.5350119742313507,0.0038845169779438437,6.521188651939335e-05
0.022610193979171227,0.017126612276837618,0.004642403687219797,0.00253746270170522,0.026321105327185682,0.0002230309088965453,0.0008737522357268829,0.10464371676790872,0.0014034503883306772,0.001003067485862374,0.012053072825442183,0.002957227368226601,0.011093502077414342,0.010751557977868162,0.028075889857080885,0.01866641533501365,0.027360959357575706,0.007131014568406523,0.0010436161199931457,0.0010102575357074635,0.010633480843232799,0.010934566318386576,0.007884011914334781,0.008398651403776315,-3.297853669082118,-3.1538963881468765,-0.8533331643643401,-4.722468222276264,-3.4196393627863624,-6.173544883825238,-5.084228007676604,-4.960288996764008,-9.344050243071214,-7.98376192722132,-6.131887163666815,-6.297286449417331,2.8779762545587837,0.6358254707084182,0.5184717336807942,0.004101865187416077,6.50205067853396e-05
0.02315525420738729,0.017380676621790277,0.004648483819647005,0.0024055540992501782,0.024945813417324752,0.00021860872994664357,0.000888604370535123,0.1115054039343328,0.001433160221291493,0.0009376754457808831,0.012585683758331273,0.002919123617856588,0.010656197121948888,0.01049991458080872,0.027605153794459627,0.01863872944643695,0.026990337857913386,0.007792486193142918,0.00099896857259292,0.001033950928582647,0.011308052958863243,0.011086821865366272,0.008336415222405233,0.007835820283825491,-3.2381381049647437,-3.429473723477989,-0.7872737027797928,-4.7044526549192875,-3.285324251126478,-5.672807906970722,-5.069694731311198,-5.313889519181758,-9.403204915996376,-7.952776413263114,-6.16495372052956,-6.043669418374135,2.700863893448987,0.6024560442714911,0.5273144034755006,0.004138872054525736,6.572118800298882e-05
0.024166590650332002,0.018324667028963865,0.0046698722787791155,0.0024199952718581353,0.02639954931407158,0.0002164641317046773,0.000876643088244102,0.10725872032476881,0.001417577528741862,0.0009768770403690546,0.011667664574600783,0.0027791211717500828,0.0111170969153364,0.010987641035720004,0.02911077698298209,0.019151288345187235,0.028591364692225524,0.0076045807535567705,0.001015278761616227,0.000963515889439521,0.010685720996051135,0.010649552374740868,0.008104731178735955,0.0077446572474612375,-3.2148161999223954,-3.4179530237286966,-0.8334537802791805,-4.813839108955213,-3.550210981269614,-5.804524510570311,-4.878488574114621,-5.076555496288286,-9.763732492769863,-7.926348197464403,-6.360729568893916,-6.215727776080818,2.733200468023704,0.6071835243042983,0.5658626552848975,0.004252870201631884,6.582947236897816e-05
0.022921720928839897,0.018750131804064138,0.004736171825332525,0.0025210627675533027,0.02638951403093545,0.00022312787815116983,0.0008917025123391845,0.1086304593444161,0.0013654605386468894,0.000934010573837183,0.011940467882853675,0.0030373310323314113,0.010776495616853624,0.010894661021850193,0.027132408925597738,0.018864616986408407,0.028452666839366054,0.007714778679118274,0.00096643800055463,0.001041299753702092,0.01135117738150806,0.01092020973423441,0.007611624135627886,0.007983628977642886,-3.3797810833001347,-3.2408831626286037,-0.8115628396583048,-4.758705993752847,-3.4374161654121353,-5.910729031946106,-4.784731332523649,-5.320509664537268,-9.924409806584386,-7.828501533300959,-6.363089586774535,-5.957982016026084,2.8844675792113965,0.639823876518916,0.5429158589861202,0.003963700410749791,6.521550441742335e-05
0.024337379061980975,0.01769312550425339,0.004555721918713452,0.0024375066731993794,0.025626133502298906,0.0002219713756381661,0.0008724388238233714,0.11107556621284038,0.0014250272770892504,0.0010054279102083353,0.01194340973376339,0.0027998971224225534,0.010839267702176079,0.011356233548144821,0.027595065204846708,0.01823608472770982,0.028860711615716263,0.007364033844116717,0.0009811832787514033,0.000978278830203202,0.010682027927875674,0.010703606839636894,0.008356282122078349,0.007619891183056263,-3.3955178743578847,-3.326387060768434,-0.8373383708305934,-4.807632342178736,-3.4144250606122584,-5.681365283982672,-4.739135145545694,-5.178424627382444,-9.428841583966435,-8.200722939259188,-6.343592649987687,-6.016666454494754,2.8039958927663755,0.6586334752326998,0.557752232311219,0.004185779002500168,6.528006454303525e-05
0.02424260971708251,0.018534010091367004,0.004785270147970318,0.0024776376877107724,0.02500441881907726,0.00021729775159896503,0.0008380509198439142,0.10453711902172516,0.0014525494553945509,0.0009607225400717052,0.01268631427366185,0.0029333616635749643,0.011235573396285151,0.010850254010631565,0.028399941685581798,0.019365472344604798,0.027456172352976763,0.007383287662197948,0.0010371071978390169,0.00103238124064188,0.010804936755006996,0.010603110414892722,0.0076486395428234455,0.00832641395001382,-3.3115030781995243,-3.426433610499834,-0.7808961415719113,-4.7371294125334025,-3.298498819642874,-5.747356646469278,-5.032670362893561,-5.400648967619361,-9.417315617585999,-8.20687143084487,-5.949503313301266,-6.151016224615308,2.9023412224783827,0.6179716115398223,0.5585284217146995,0.004039612215693541,6.504211322582114e-05
0.022882549703516403,0.017241310085395627,0.0046604842719088465,0.002363724905883053,0.02658374513435198,0.00021240977897105586,0.0008485152715439693,0.1110353603149932,0.0014000557445781852,0.0009528290762438802,0.012012120659359976,0.0027956770688002904,0.011205797138847737,0.010790498047470905,0.027129492721475235,0.018123903680169334,0.027788826762266444,0.007430556881886007,0.0009915693999030728,0.0010305349019790397,0.010607570527363086,0.01113799409889548,0.007700725738343197,0.008320964743185688,-3.4078551706287734,-3.343710847475459,-0.8501098438231786,-4.62262267032619,-3.5003378939361944,-5.752914011698296,-5.0860090274355425,-4.965462914601303,-9.634190291026291,-7.988786522371488,-6.0704737227888845,-6.101718380708211,2.6578171580013805,0.63457353570663,0.5130876819681723,0.003878503541459944,6.916332495800114e-05
0.02380461332112057,0.018088485822267165,0.004480335276256723,0.0023503474396852856,0.02491393957014261,0.00022174516127702537,0.0008662780347253782,0.10718527913648733,0.0014016036453861598,0.0009225955735154991,0.01159958979520099,0.0029106858735433432,0.010701285930394714,0.011442693062820487,0.028047629611563728,0.01853569739471044,0.029141347217462272,0.0077348307612927335,0.001016666447506113,0.0009738795609207411,0.011199270786585938,0.011298184651498344,0.008317168139887338,0.007834916179449678,-3.358060726413436,-3.292806856148454,-0.8033911441182587,-4.528402770032856,-3.3188462850040117,-6.000772862967849,-5.042328618510522,-5.3498481945310274,-9.989260760074938,-8.086815132156735,-5.899354404474742,-6.006403138843772,2.7472651291530634,0.6500558055382699,0.5616512382754582,0.003930808985239514,6.603939059847632e-05
0.024299996900240633,0.01818054176648276,0.0045652941123613885,0.0024891047317375497,0.024678983059170087,0.00021384411040479268,0.0008834880565897071,0.11302095086137753,0.0014490649989251877,0.0009615555518820373,0.012452841971143595,0.0029161167705693005,0.010671551674561072,0.011149180876835542,0.027370764432715335,0.018385571381047648,0.026706425784855353,0.007535036212378165,0.0009711404033896797,0.0010308262843412015,0.011093907078259569,0.010644844788848,0.008161654725928188,0.008246306013228873,-3.401839529930347,-3.399799525866225,-0.7802636008098968,-4.439113287978832,-3.414618235098347,-5.829421363836725,-4.817964619090469,-5.069439787513071,-10.127462405824053,-8.323500253943495,-6.330062597764585,-5.9515368347132735,2.7068820026618314,0.6145828343369428,0.5623010316516492,0.003862972260781063,6.371991363563506e-05
0.024771756848396404,0.017717683424606414,0.004754259594075585,0.0024993522951319,0.024731367617013524,0.00022317448210718005,0.0008464631421870411,0.10389791302349732,0.0014166954981303247,0.0009716120975069498,0.011560377416142319,0.0030110897621803074,0.011045587307880241,0.011134576725047769,0.0276440245155358,0.019138978776857357,0.029144482694326665,0.007554333387682186,0.00096670404566862,0.0009598367663375323,0.010823952606926675,0.011251758917407944,0.007846677656326597,0.008252952892166434,-3.4766748373535012,-3.220600990778592,-0.8232688600152188,-4.874444552543441,-3.5536571127246805,-5.9309898190749655,-4.682042000280939,-4.941263672749558,-9.48604487281932,-8.468470452107784,-6.332032945252637,-6.097961339249015,2.6959527792698696,0.6106427792564523,0.5363834396131584,0.004162401512803528,6.406224657421459e-05
0.02271903568940375,0.017758088828460198,0.004415922268656043,0.0023976202061640347,0.026965000762211165,0.0002152925682818518,0.0008341636734137559,0.11035975893935873,0.0013292220398435416,0.0009993210144720462,0.0118546027053947,0.0028652166769740535,0.010856772188687795,0.01117052302528705,0.027967470886290396,0.019486584241263382,0.029209669077468824,0.00725970438030074,0.0009574050165328032,0.001040380391599597,0.010514192069369403,0.010822836588242988,0.00764334160119578,0.008276419037463912,-3.3975392710904644,-3.290624992757336,-0.7824789095389492,-4.454768574999057,-3.2996264390760732,-6.1587905766935656,-4.81082315948596,-5.001093019078306,-9.827579253593612,-8.1780069824156,-6.083700045828068,-6.321963601152226,2.789219586001882,0.6034814112834954,0.5230520602327368,0.004089742631906806,6.70743966364474e-05
0.02290084398393449,0.017900150090673857,0.004601214882919065,0.002392295127132681,0.025288160067206526,0.0002197013882291087,0.0008807780815970182,0.10577851633139816,0.0013391974851640104,0.0010029254240766679,0.011647390449576965,0.0029596614077004534,0.010896106984475021,0.01131643874701765,0.02867078454104305,0.01986626251678769,0.028407108735180524,0.00782758573531042,0.0009542262368785429,0.0009711739799998796,0.010557738561765648,0.010494071166987584,0.008078111678003826,0.008090199211236847,-3.1909584317160276,-3.1786667306403578,-0.780034178315986,-4.4349660916674845,-3.2926983698050494,-5.882589074689968,-4.6772381622616575,-4.993702734129367,-9.313510948115674,-8.383959525409253,-6.389398945113898,-6.175120889717596,2.716125964596967,0.6307539037757267,0.5481908117564127,0.003920590336146169,6.91101621018419e-05
0.023824472242281628,0.018583187583443093,0.004483660619139337,0.002476640685153336,0.02705960755717944,0.0002151161652279246,0.0008467233115607587,0.10410288142457941,0.0014375662174737176,0.0009613677874636949,0.011872843788340066,0.0029737022657219925,0.011437851771422786,0.010632381363033032,0.02880081289380567,0.01830538261328183,0.02727192334229947,0.007842152786042904,0.0009774962304960322,0.0010364564596015043,0.0106411101237456,0.010559342252790817,0.007973996307013047,0.008183297813146972,-3.42044394258576,-3.431799388740936,-0.8153110653574186,-4.664555990425562,-3.3698303739976474,-6.160529031739328,-4.697998919320657,-5.0224050732597165,-9.7846734723687,-8.025525100614974,-6.402162019455183,-6.195513120323101,2.834122005404845,0.6141799415132948,0.5309076355565884,0.003972028618084028,6.825002584160492e-05
0.023797842695138918,0.018880701017277318,0.0043793232405765345,0.0024112461222666765,0.024781029486142483,0.0002107546315465507,0.0008307819698314002,0.10531009623650466,0.0013695802991475852,0.0010136680174530185,0.012515953095062616,0.0029345021399531986,0.010941025281214357,0.011111769174084669,0.028103783896571154,0.01816945861549913,0.02704971673073199,0.0073037198480311455,0.001037788502237416,0.00098631941357754,0.010458251868161884,0.0107050695783192,0.007910093488614805,0.007662958167430741,-3.4069432486381537,-3.4463488913201856,-0.8312172604956884,-4.8748735535040355,-3.611052748492082,-6.1153829943334035,-4.980211152859384,-5.212310783723158,-10.052413593457537,-8.400258086192611,-6.185365294478957,-5.934748367650361,2.893100371788991,0.6634269714495586,0.5289303514325302,0.0039459332218101896,6.507555746317661e-05
0.022948576398608388,0.01772027022377631,0.004392841969257738,0.0024442661601283997,0.026077511919249795,0.0002129916826165257,0.000873017753577085,0.10590200541430857,0.0014623088530766168,0.000999743003415966,0.012465718358657252,0.0030004991498679707,0.010658344403945018,0.010971403864437453,0.028237120817015886,0.018290048087064994,0.029150115201083546,0.007856819285740215,0.0010294618000584168,0.00102501950387688,0.010617417968939185,0.010910267331449194,0.007769118164100438,0.007898143033967134,-3.3380361764534294,-3.2287287818521317,-0.7957467008415636,-4.553801893399211,-3.4842353567874698,-6.165654806880188,-4.654306003721954,-5.078340480180147,-9.434224098745869,-8.293746560302104,-6.269053004217322,-6.479652293999652,2.699342783457414,0.639321298799174,0.5316085598540489,0.003951064535075811,6.353808485095317e-05
0.02368526318690546,0.018433028549861806,0.004443138119641265,0.002373721293313495,0.024675316577250105,0.00020928559178055105,0.0008427952665244637,0.10473055350852259,0.0014153512514806675,0.0009853191278805643,0.012604314876947836,0.003027143055094877,0.010998262961243488,0.01152980439682754,0.02730331881740294,0.01869369297665695,0.027003242559922685,0.007304532123520796,0.0009675111780539378,0.0009776536923702562,0.011322449592522316,0.010851944088662644,0.008033201225693528,0.007872955684609521,-3.475156575689136,-3.2656321376019344,-0.8404016442491934,-4.453849450728155,-3.38316896064049,-5.649946768238976,-4.676941065084048,-5.372710820857467,-9.345893421387668,-8.1110055928052,-6.384841416877278,-6.194764703539848,2.887989427559836,0.6074318307914714,0.5439094656665105,0.003900563321989442,6.55136674201246e-05
0.02387858043217169,0.017679020053927148,0.004794801066527652,0.0024208130227700315,0.02631900846713806,0.00021305927571340852,0.0008759834961288507,0.11366985643115257,0.0013370291151217745,0.001010112044813506,0.012251331113357607,0.0028816390654460198,0.010457322847071836,0.011181943358745804,0.02746653280174919,0.019415013884432602,0.027535886323961044,0.007401607957163182,0.0010225308249263102,0.0009760983524575121,0.010541980816702249,0.010666433477036892,0.007993032412686783,0.007847788214960462,-3.176206883967873,-3.263554997500305,-0.7847299245801596,-4.856088936115132,-3.55050057984723,-5.662361990291066,-4.998485222546658,-5.231319738158387,-9.736310650994618,-8.477931105189906,-6.4332592746162796,-6.404787917458533,2.896477844650203,0.6113767156432016,0.558252439895886,0.004037626813419857,6.843203124356107e-05
0.023908854735027903,0.017636888369290157,0.004700799892749359,0.0023684970136451573,0.02669798410601145,0.00022312182069434943,0.0008446785393100158,0.10446319875608229,0.0014177551625183667,0.0010038326481809899,0.0125594014758833,0.00276570622968313,0.011360773837756003,0.010850645362303962,0.027444514385731086,0.01993198283646144,0.02835884446897048,0.007229506725457254,0.0009652155869451107,0.0010381746702483436,0.011490831828175058,0.011097184777253978,0.008089030925551072,0.008167753691934426,-3.4096226152583498,-3.236630792753251,-0.8257213802096711,-4.43377228242285,-3.3794268138748405,-5.846006687000431,-5.0329088921233325,-5.046638403472416,-9.859293793063047,-8.036637249618611,-6.337179546002694,-6.4311917119890865,2.90072990995666,0.6088397971816482,0.5394468772057767,0.004025929332923024,6.861184784950566e-05
0.023232070994865236,0.017143289976574255,0.004786487430160449,0.0024983281677290544,0.026089226948056533,0.0002244274979656663,0.0008491794208240249,0.10413752617943928,0.0013882658050967083,0.0009648587227736681,0.011902934547103478,0.0027931708792191296,0.011327080591610098,0.01045689687120236,0.028313352917817218,0.01905499279535974,0.02842748380526817,0.0072746256115913685,0.0010023863522516218,0.0009646188644138086,0.010820864890964094,0.011319622324960048,0.008080158409155302,0.007861058736384059,-3.2588555118877403,-3.2460736770426246,-0.8480468057398032,-4.870720551924702,-3.3918117962586276,-6.013615857084266,-5.100344103886489,-5.029201725623431,-9.50564259750967,-8.104423613714522,-6.3982609039533855,-6.261302658004842,2.7101449207651367,0.6245863159856219,0.5425895375436052,0.004059917440438546,6.434996912681378e-05
0.02457243077638757,0.017778213153629704,0.004544478648430688,0.0025134859619554877,0.02652659742538409,0.0002231665710435291,0.0008876752488420185,0.10491013152200399,0.0013356654592913439,0.000954277531148463,0.011753370233626461,0.0028948812291445265,0.011321481952099184,0.01049607059567183,0.027510974682661404,0.018673430076726713,0.026676465997537983,0.007376337448298423,0.0010369872603003044,0.0010172219807618032,0.010621803985148504,0.011124325543214774,0.007968238971317796,0.008292281017977104,-3.3308485772947796,-3.3147984550415974,-0.819545000032074,-4.721684578074997,-3.4541296944521522,-5.958151345735083,-4.839982496376785,-5.064668621418638,-10.014850338818402,-8.134174542456066,-6.497025506938285,-6.425993817495272,2.807669307674863,0.6132671882666826,0.5292420489734847,0.004153713298104104,6.861692251790741e-05
0.023033527842965636,0.017364990611929955,0.004574930720153728,0.002466937299264532,0.02568509716747163,0.0002134164576667308,0.0008981677162318547,0.11253065010153433,0.0014440198612508729,0.0009491119430066017,0.011729990025071378,0.002802046630247324,0.011270575036564317,0.011512259213630704,0.027092830038201683,0.018390785426402576,0.029248457766297687,0.007758226512659635,0.000960828974579378,0.0009910610085522267,0.010767803458942581,0.010929370434411263,0.007624119739021845,0.00787793284612411,-3.3280571542093753,-3.406078591227875,-0.8454022710684814,-4.861308912986061,-3.387799812396617,-5.8001353704812395,-4.7451404373515125,-5.119159296624769,-9.718690346629863,-8.247778629098631,-6.264504287952367,-6.0788336371349985,2.9008743013717484,0.6523923560183679,0.5275707690357465,0.004141202486416672,6.479489668314174e-05
0.023714190711930136,0.01711412723735968,0.0046316803903882035,0.0023798392143434374,0.024897209313152372,0.0002207701124464517,0.0008799190053445545,0.11424165390070369,0.001347627547214957,0.0009888725289878596,0.011535092454616194,0.0029914015606260468,0.0115141430012938,0.010477929272539472,0.02915572627434094,0.01873580658033105,0.026747993796036405,0.007211640286494998,0.0010314670485189745,0.0010189321002929258,0.01143249530381376,0.01114438971053745,0.007938566187710746,0.00837177794460818,-3.2686643058289557,-3.2449486956532665,-0.847428810408006,-4.64301645605895,-3.5434387600082347,-6.180670971444701,-4.9628137505854575,-5.37235158657887,-9.839855694027136,-7.964087362601994,-5.987108652258209,-6.157364775103656,2.702303241661665,0.6374442345464209,0.5515755075481092,0.0039096807001221855,6.903533954876342e-05
0.024578926445010398,0.018747288457838386,0.004534445023326187,0.0024515085721804495,0.026188898057004757,0.0002230806999272773,0.0008930461217729721,0.10451955888004362,0.0013547173972878986,0.0009602231550101895,0.012535806087990969,0.00276665985178719,0.010923682311173443,0.010685712987399098,0.028957759716815468,0.01851887780142464,0.02855179945995156,0.007553392798963728,0.0010206102275578943,0.0009803511508114074,0.010671896920237811,0.01050210620835938,0.007858141943755375,0.007866621387875332,-3.454768317258094,-3.1704001005599363,-0.7968407293114552,-4.611611116885792,-3.400239842281745,-5.651545570775693,-4.729335691878054,-4.947827630101361,-9.390605678229502,-8.149165668557865,-5.931788222474976,-6.011724150887634,2.786590240916901,0.6518544056967804,0.5331512124068879,0.00391321982627948,6.655767338221886e-05
0.024943491589407486,0.018384587054876445,0.004734558287230421,0.002553879013831385,0.02671216775504221,0.00020998509087603848,0.0008418344977763752,0.10763592131731095,0.0014224295204167123,0.0009299458614239622,0.012415231003050364,0.0028922039689490875,0.010979268749947169,0.01127444401922365,0.027023092206436443,0.01891363440410092,0.029121753700689146,0.007673400577183872,0.0009659779649421401,0.0009844064615859784,0.01097953150480627,0.010565051440502007,0.007629196259164014,0.008161313819032174,-3.4597087920613596,-3.3093893048408343,-0.8128815067519797,-4.831005551365944,-3.427474912644958,-5.663482068682501,-4.826372116698311,-4.909661931318712,-10.174031579906634,-8.262012594306475,-6.410989578961755,-6.064907832353309,2.765043125665168,0.6579190267594122,0.5528831255660365,0.003984316403691859,6.75319711808633e-05
0.024699562310398215,0.018260582885904805,0.004389909955835271,0.00239044051055221,0.02677535016127992,0.0002269336817995967,0.0008849256519249831,0.10479698096667332,0.0013616978789971082,0.0009685903066947874,0.011498501387148271,0.0028733853450516288,0.010957053760241172,0.010983365583572359,0.02826624279050977,0.01980073576311732,0.02775180380359855,0.007853280474228142,0.0009931415014688817,0.000957688501836893,0.010642546375604097,0.011038050529643618,0.008294495872654961,0.007791623759844174,-3.211711424512626,-3.281460821858175,-0.8386676702692515,-4.563275741120633,-3.4459789581436397,-6.14400996873217,-4.849276421372119,-5.309882561333374,-10.06232177509644,-7.977267423619992,-6.3469680938049455,-6.067633348417345,2.6940826676568275,0.6130324257684943,0.5131843666920591,0.003967105010712922,6.600037817987029e-05
0.023982028247707062,0.01776106906301685,0.004418983594987285,0.002549744539719497,0.02632689519450913,0.00020932823757274045,0.0009024606934929322,0.1048740793329454,0.0014120262902497433,0.0009939215812254385,0.012566489637526677,0.002966000611882348,0.011318159611958468,0.010575459270134485,0.027915920135894955,0.018969928996306142,0.028331394122955097,0.007165050108654773,0.0009547204901916285,0.0009697706247097225,0.010520110418688985,0.011433909808528167,0.008314923432192542,0.008309591295160271,-3.4935635749060108,-3.21581843243795,-0.8110386110954779,-4.529325957619785,-3.4072247337035804,-5.6581003838462145,-4.860397828962954,-5.152133767857507,-9.3176051589836,-8.409208201847106,-6.312085035571721,-6.37851284064029,2.799083818670868,0.6090502007424814,0.5212293105178586,0.0042264821587268235,6.78410002697047e-05
0.023700801496535594,0.018087695235102643,0.0046045927851013,0.0025024786256057398,0.024631936770132704,0.0002137999282615443,0.0008957480292461147,0.1075856054438928,0.0013319654000221906,0.0010121974698423155,0.012522729649647195,0.003022514469346134,0.01078536038931964,0.010878462299331043,0.02753050907745177,0.01821459097208645,0.029336118961637448,0.007456654971847278,0.001047043993358024,0.001020652703443511,0.01063914679033984,0.011348763079674277,0.00791741724086827,0.008181512813591854,-3.293075456176723,-3.3906911013040055,-0.8563087346559054,-4.707289089617492,-3.38894836726805,-5.932274493491914,-4.723842244756275,-4.924721443604536,-9.96364830589681,-8.451498881669968,-6.33664509999085,-6.0197252494822076,2.801204013468388,0.6237900509074732,0.5266255817051938,0.004015470528687013,6.871417202113846e-05
0.02274667351383906,0.01711163234955537,0.004696616355826571,0.0025175941180346677,0.02508121293278092,0.0002134976192730783,0.0008491120969457678,0.1046323691491267,0.001358256154304699,0.001016054769565873,0.012144121934554893,0.0030142437782375267,0.010558068444268029,0.01113410914400236,0.028115893764282692,0.019868170167777054,0.02766481928586445,0.007693791581636964,0.0009571375832391146,0.0010061616180547526,0.010700590674908167,0.011272482823672937,0.007804706891108418,0.008235080034794168,-3.3035458888656977,-3.2014896809577014,-0.786190888114924,-4.788090222893462,-3.4873945078982613,-5.9091537625480335,-4.738407058116829,-4.967193045709449,-9.552238621119153,-7.961207587022359,-5.938772762026282,-6.358819411382481,2.83795132615182,0.6609382033482412,0.515080188688324,0.004046116669067843,6.782544856129533e-05
0.02288619618552847,0.01766996518532006,0.004684452574046072,0.0023646055685945444,0.024733097605756097,0.0002179584487546992,0.0008300604637597631,0.10919867219859329,0.001373839595605803,0.0009777126303465381,0.012169805252546849,0.002784206067544497,0.010458318664384635,0.011385520540605069,0.02849601927335756,0.018238827141522834,0.02909054560262353,0.0077265255191116405,0.0009828632894635625,0.0009826268747746567,0.011187083131312435,0.010555772880603899,0.007862313483311215,0.008066468486899844,-3.4437677684975703,-3.1838276021479417,-0.8410569094331153,-4.70613765457953,-3.373478670919602,-5.877957986098027,-4.876501621005422,-4.979794337105374,-9.696401185715711,-8.001338376715983,-6.372258903496196,-6.318579725372808,2.7430486509279484,0.625905983555926,0.5300339124325306,0.004264450011384964,6.798323793415718e-05
0.024708316814469104,0.017717368388247695,0.004713860628319641,0.002445683337691307,0.026173614787571818,0.00023029320505522455,0.00086677287247943,0.10951415075431525,0.0014081615771065147,0.000985123004985318,0.012351207909634693,0.0029960683108725596,0.010670741078158696,0.011139504427113908,0.028962689632926718,0.018950131240158274,0.026624778564637363,0.007203911337773085,0.0010204396597855363,0.001042275393592439,0.011333175806705852,0.010766810078270543,0.00798386976157648,0.007922197485731038,-3.4058071801772156,-3.303311456331741,-0.7896081289784668,-4.537034991328924,-3.435640170425434,-5.788461850089284,-4.7474458037657765,-5.3776197390294715,-9.58997162623518,-8.51871660107168,-6.159138081278558,-6.264638623891832,2.8484761617482492,0.6396987836158398,0.5573505933013917,0.004110938155915621,6.683251533580665e-05
0.02270913321933024,0.01776921489030447,0.0048188592471966685,0.0023599223741488716,0.02638570120098942,0.00021049526753165785,0.0008968784103013445,0.10881578522555493,0.001327084664850936,0.0009322150515254536,0.012182371279428887,0.002791632809478794,0.011193006986295285,0.010969466269804665,0.028017931863050627,0.018841231028266636,0.02779404582832229,0.00731891770977252,0.0009953490413089265,0.0010001095553132378,0.010955444218047302,0.010887662878298884,0.008076462899601344,0.00806273933104694,-3.2609280946123396,-3.2742416374698773,-0.8290633101953183,-4.465916939344229,-3.3767860493253177,-5.745011830186833,-4.917186495190161,-5.226879610487554,-9.998582212780535,-8.074705955452192,-5.893172037588356,-6.335253454796863,2.8434500883583746,0.6027472674508866,0.545063866363208,0.0039923641470732485,6.609001769348776e-05
0.024222601724484018,0.01719527570749677,0.004547632065146305,0.0023505659813787463,0.025019173907892257,0.0002273847745939714,0.0008697650245935484,0.10618336690290547,0.0013488449561195835,0.0009249009734047724,0.012544977147694801,0.002917454613702074,0.010933206911804376,0.010803570525214462,0.02666409311192608,0.018756605223363452,0.02763273342031123,0.007855662761383593,0.0010064595031740674,0.0010231992422977695,0.011539851120364776,0.011050821991525805,0.008004764280727708,0.007891862259291275,-3.4600125939648945,-3.3229516229436884,-0.8319162743361962,-4.545426134923232,-3.4430993070327442,-5.910439338789484,-5.087472352681182,-5.403601974380714,-9.6027943810912,-8.248830633204914,-6.377762763087786,-6.125779926816671,2.8518768319760093,0.6044802348227947,0.5258111581416332,0.0039109722070032925,6.283758833848433e-05
0.022914774322456463,0.01830324958276745,0.004717654647900096,0.0025124747016298772,0.0271722301993035,0.0002276332986548843,0.000835705741243215,0.10959302268659075,0.0014425462836666948,0.0009438655328106106,0.011802127035547193,0.002893795023092868,0.011300473014437068,0.011499327497239045,0.0270722521151788,0.018682770465614038,0.02800578885963165,0.007608301331721055,0.0009877869429663463,0.0010460777254507484,0.010760079011113357,0.011221478303681098,0.007722151994939299,0.007690318216810444,-3.251323588919147,-3.158050861201428,-0.7992596659114366,-4.747266804544714,-3.3473722135697943,-5.8862250567817895,-4.876675608585734,-4.936005293503951,-9.494271795549665,-8.562382511500712,-6.392717451862681,-6.484774001733514,2.671173620814939,0.6617904193112035,0.5138453522906244,0.003873582195623902,6.65744896793217e-05
0.024497954960393427,0.017813653661270714,0.0047815794026251765,0.0024559461526724134,0.02660510492447658,0.0002163574856124093,0.0008786577951901502,0.10783943092140702,0.0014483062236244023,0.0009575930988414361,0.011579298934039108,0.0029713539612977627,0.011520729803657453,0.01115980915785061,0.02783508536441924,0.018377022033863637,0.02752097419959589,0.007330960309286799,0.0009695753143332916,0.0009605708835785762,0.010644234550627563,0.01128178597949485,0.00787098909846337,0.008133683925150882,-3.413651987225228,-3.192308729650482,-0.8305361010190453,-4.599673784358486,-3.39480618437892,-5.766050586275885,-4.811357496886129,-5.393469274401607,-10.063128800945535,-8.165614463854642,-6.227445059914395,-5.899197404446465,2.6442368985336517,0.6068042787046135,0.5143063031943444,0.004169647757212006,6.30775151087371e-05
0.022988289772919814,0.017840195696942642,0.004555378352539974,0.0024928640316023076,0.027114149217788867,0.00021628422554129394,0.0008648088053093231,0.10628357622326712,0.0013519254727451448,0.0009459719012345846,0.011543935094970802,0.0029154882367431597,0.011145610001832597,0.010531645299646616,0.027985296492272764,0.01900619870681206,0.028128020739983307,0.00760370628149447,0.0010040137503356365,0.0010376065811868557,0.01102339757774697,0.010453432973317986,0.00778238241526791,0.007603795394820808,-3.228954352369671,-3.192448522243548,-0.7987444578987727,-4.6497602248378245,-3.5566814569859644,-5.776488876350112,-4.656707728014685,-5.193979886550773,-9.71558643466539,-7.830802489347928,-6.252188610936063,-6.449182628588682,2.706684229508573,0.6402569610190953,0.5264950474148647,0.004251815874719731,6.614927600184193e-05
0.024210583864381373,0.01816330297637347,0.0045895093414783684,0.0024434411459260084,0.025346085010280493,0.00022458368868267232,0.0008632064719541247,0.11030479536368899,0.001345589265739351,0.0009887008217990358,0.012173221125756434,0.00283973737249801,0.01103376204168981,0.01149344169998882,0.028451681362609865,0.01920703127040222,0.028790930905037017,0.0077012085492709935,0.000967936206245638,0.0009636163100279256,0.011273347330300536,0.011480239405705835,0.007936879148464375,0.008008091293519818,-3.185454000124115,-3.357779913685886,-0.8467479689570445,-4.569966751349527,-3.433480210301546,-5.687846839943593,-4.993373123242096,-5.321644280097855,-9.474473898096912,-8.59023872554545,-6.069893981033173,-6.244111076586244,2.821110298626611,0.6042772612503797,0.5442220708664885,0.00392089219316549,6.509785248794813e-05
0.024834195244058034,0.01880814788603389,0.004807566600429578,0.002575413720244237,0.02684331884014511,0.0002102668190793808,0.0008303033701151501,0.11297899232908312,0.0013470071996013382,0.000962995810703171,0.01244511795112082,0.0030060336495000193,0.010841190122817531,0.010459583590374338,0.02832831008610884,0.019302934786116204,0.028082322765782167,0.007368270504780872,0.0010235907126941257,0.0010023747469769268,0.011516421787587917,0.01131359416421808,0.008394362307532547,0.00771930061146363,-3.166036463913012,-3.2594185580953727,-0.8513927340146165,-4.807688741084177,-3.451959443166388,-6.165072564381774,-4.6521327892480535,-5.16908469569288,-9.298810799432694,-8.015155993546902,-5.921686227692106,-6.296228490973273,2.8874388054404885,0.6185211622961406,0.5505281161379616,0.004223173703217713,6.558067246366261e-05
0.02380606901355575,0.018038011844885238,0.00482907328852344,0.0023975299967628778,0.024617003994965057,0.00021212255781368614,0.0008468427374830412,0.11126451251938624,0.0014008640029543812,0.0009357068403096249,0.012017241822763317,0.0029393582642485826,0.010980265591836598,0.011039178723054996,0.028921767287209466,0.01860654129022737,0.02697785247960929,0.007288306830575595,0.0009902707574525609,0.0009511877341318868,0.010831807367124652,0.011464938924684044,0.00826816986270814,0.00808561241891063,-3.334862428393009,-3.4003675642491613,-0.7984352965745392,-4.686127228691569,-3.541937123409164,-5.929037854435959,-4.885586461711203,-5.163192655403903,-9.437443392481969,-8.062320954614224,-6.088059360210646,-6.200137304007625,2.6641155586517273,0.6309785393904829,0.5454087084622302,0.004007111879457158,6.608326688123593e-05
0.024063366277213734,0.017763206020829925,0.0046828692166869645,0.0025721322542592083,0.025255717898042814,0.00021159332531146097,0.0008333950512950855,0.11195501083371516,0.0013818102496322728,0.0009625525841937361,0.01172356147185536,0.002868337529728979,0.010687866214205399,0.011152633764686466,0.027794440475708088,0.01841803915608868,0.02821519510133597,0.00758860558921536,0.0009629296245515412,0.0010369287910636012,0.011145038239393133,0.011549162678045313,0.008222239897702516,0.008287142675126646,-3.236804958226127,-3.2990444866782607,-0.7812496373783786,-4.821808293497968,-3.606496837944411,-5.734894735322624,-4.841877797894816,-5.383616630056999,-9.386120349798295,-8.602100239363239,-6.091287140457139,-6.0266928177274055,2.7292349915732683,0.6581193977503109,0.5522671660866486,0.003864406769426087,6.792931816915847e-05
0.02326170029917493,0.017450186841931437,0.004490411480942717,0.002579386929738556,0.02514091888641074,0.00022026534700902054,0.0008304615340705657,0.10442922367372903,0.001418308181494825,0.0009540186331755711,0.011619633641937343,0.002771678598629673,0.010731748371391674,0.010486218528622816,0.028906150206010412,0.018130168395487672,0.026923271530483246,0.007403068114706114,0.0010479084631979298,0.0010310384639715287,0.010715719362509243,0.010480852989545696,0.007861075630271962,0.00772349097306429,-3.214747764615338,-3.3814161108585394,-0.8442403297232699,-4.855694746051095,-3.532200064097263,-5.6428365072217765,-4.983777309805434,-4.935681492948135,-9.23480762183311,-8.221635933667146,-6.143760101567115,-6.2960997314257945,2.8501804620073776,0.6340289381666608,0.5513737575377852,0.004102344816168247,6.712560561033565e-05
0.024200818411020914,0.017385836780545793,0.004393401445982264,0.0025465396561419654,0.025744932554497803,0.00022293826626345708,0.0008628484960990729,0.11310757395118048,0.0013646793181464043,0.0009535884583950786,0.011765331355477388,0.0029173353943660737,0.01130940645673545,0.011475728048647401,0.027252707790036888,0.019237098469660645,0.027844510374531128,0.007332835708446615,0.0010162940224019866,0.0010169893723885118,0.010555852646272268,0.010475547812942623,0.007881174090419376,0.008003361414722293,-3.301742100344898,-3.4186850541805334,-0.8421103254711887,-4.829981813257397,-3.423960892119218,-5.957292992786082,-4.968349771033104,-5.094336538876803,-10.114897324532512,-8.100707241108912,-6.427387060388668,-6.145503785005455,2.7928677640033044,0.6215137349627805,0.5537878256281797,0.003991359355215761,6.723343254941917e-05
0.024885857710384367,0.01721125119758343,0.00457941364304587,0.0025467478676497917,0.026820497171475253,0.00021429154657046754,0.0008660157350192203,0.10853444546725784,0.0013299316754827777,0.0009995928517357834,0.012247752734057907,0.003011965386823865,0.010830831264968853,0.010533048644042635,0.028272321448471808,0.018861330839382632,0.028248085160944153,0.007702770712604898,0.0010173711581272548,0.0010101999484060501,0.011305063674269774,0.011515335346147317,0.00782605588196924,0.008002838118806711,-3.369361713405217,-3.1997264290642873,-0.8344413119485509,-4.59143128863724,-3.2789305347564457,-6.050879697288526,-4.813565282159639,-5.006029107238621,-9.563812137728636,-8.5049947579874,-6.048287341260705,-5.932022416512085,2.781169485210903,0.6185526012026957,0.5356921352248502,0.003975498303087438,6.350300550150826e-05
0.023159909255374204,0.018058360615930108,0.004414132511658293,0.0024965213061058826,0.02706942648487244,0.00021686821572674988,0.0008550987529219767,0.11223551115866325,0.0014052519916609998,0.0009510934662512247,0.012372717028208654,0.003004886189446722,0.01098867767356723,0.010462588660784628,0.027276395131314156,0.019771154443882916,0.026896743031798495,0.007444226868700211,0.0009866898794090309,0.0010451311160841977,0.010875806417498655,0.011388719245207747,0.007945424531226054,0.008152965489411407,-3.3189873931093854,-3.4041390237821814,-0.8113462988890547,-4.4874046571487884,-3.5803261308493344,-5.705048932670906,-5.0781768885454,-5.108822604305855,-10.026064741368286,-8.157658453060144,-6.100569541615477,-6.107932985112448,2.8788963817042195,0.6037047338562707,0.5563100397051972,0.0040477816871800215,6.301770744973095e-05
0.023851503170634898,0.018725290206845293,0.0047416006373093055,0.0023484416594555645,0.02490193778145993,0.00021453290188344642,0.0008747355932863353,0.10851482013401345,0.0013288596422129343,0.0010056882452175045,0.011768592173102659,0.0027739250557890834,0.011056903921046015,0.011383602903679645,0.02695335790076743,0.01920816088559197,0.026682060705978804,0.0073280649979045945,0.0010138189740671968,0.0009612549109142053,0.011510240229586337,0.010913197982006293,0.008257950766437481,0.007869995527882059,-3.4432154597345095,-3.1907464640654695,-0.8357440539213664,-4.852741531552473,-3.4689350081866053,-5.6609243612996645,-4.669298659722777,-5.0527647868358665,-9.252168734676747,-8.438965766094846,-5.963300289471143,-5.95434646832606,2.869051579987219,0.6060438840472435,0.5163635089018127,0.003987328636379588,6.719122602747254e-05
0.02401260423745702,0.018007664667621753,0.00437275833738576,0.0023874880257536524,0.026929813778598446,0.00022358303282042974,0.0009070668677895663,0.11032902491663824,0.0014571488427346146,0.0009706339308003034,0.011674259539242714,0.002916532413118408,0.010634247413092626,0.011082992171763895,0.02663131647334485,0.018178480863612033,0.02840314129732781,0.007529251240422614,0.0009722471452719676,0.0010030552656833782,0.01059044445147382,0.010753326377581862,0.008336863561709762,0.007948735720426685,-3.38038387852463,-3.3433547845081475,-0.7971805520915297,-4.485776166276071,-3.603949465578577,-5.835172264801896,-4.802947551317557,-5.38883491029769,-10.043034198124008,-8.482805683058091,-6.317454573813379,-6.082231529764485,2.9019059363222253,0.6566875082194357,0.5385711062717521,0.003978198004060397,6.547193310440487e-05
0.024113607511455568,0.01885399696407473,0.004707725731409844,0.002403121411757775,0.02558052065408165,0.00022612971114882694,0.000884556607883294,0.10381926743670492,0.001354957973907485,0.001000733757200909,0.012259497948472312,0.002876641429947601,0.010961605851810913,0.01109482183212809,0.028183524114638255,0.01944420758084647,0.02883226543068683,0.007236316187689158,0.001026199626554213,0.0010298799883483871,0.011526353368732013,0.011363898560412328,0.007639882138101368,0.008146082949401712,-3.417201490217526,-3.259520787184866,-0.8212001889901497,-4.779118633472863,-3.3425675951327327,-6.157774353291894,-4.698884591348622,-4.996373760054365,-9.813996675671376,-8.586092175258246,-6.015307103428605,-6.152273803291008,2.691668627797361,0.6265331696984593,0.5361855338585313,0.004101041208511668,6.445226675807064e-05
0.023620415577971378,0.0184563807600454,0.004658395980223531,0.002536732563811498,0.025118077194246777,0.00022288929768354983,0.0008960601369646282,0.10720184564480642,0.001385256718447192,0.0009663471011181725,0.012571435455642302,0.002831692439595586,0.01131516885014678,0.010675037214111963,0.0281959750457521,0.019542886403835256,0.027082885556324085,0.007860034179326354,0.0010408266290902334,0.0010107698415752781,0.010593398000535836,0.010818060771605088,0.008377614852697038,0.007969596219674788,-3.22674163184913,-3.356539389367346,-0.8240109638782201,-4.67928565562279,-3.280866587491167,-5.613492826225195,-4.805593607917542,-4.898192706290032,-10.024431434284256,-7.939326524164512,-6.232108609451076,-6.072447310940891,2.6824358248943234,0.6488483872045423,0.5333131191780509,0.004130367924264469,6.791057245503291e-05
0.024189513208109553,0.017773417144120764,0.004714424234532475,0.0024810561293862918,0.026552683376696806,0.0002246066763314124,0.0008381130889327613,0.10422988515765523,0.0013433690625860415,0.0009863821203007885,0.012370986908318648,0.002992709716297004,0.011522270945512307,0.011465432149166859,0.029149543047499872,0.01903552135681609,0.0277090895193648,0.007846563817794748,0.0009960896791607464,0.0010158209880764427,0.010915516514026875,0.011027590479596882,0.008238379627025517,0.007896177802076045,-3.28985416271657,-3.3805066008586624,-0.790254404040004,-4.80374861922355,-3.4894731836400603,-6.142385687729808,-4.992093296056921,-5.180288019041683,-10.013801931935111,-8.180403494206564,-5.943350434861548,-6.355117836100546,2.665142358714506,0.623939080541526,0.5480320100581811,0.004095829699674163,6.747821447076551e-05
0.024268405127202537,0.017830000464108264,0.00474772285192739,0.002559715609364265,0.025567144774014436,0.0002114024075228436,0.0008384155973436282,0.10846066544376576,0.0013515999829051366,0.0009752995024953224,0.011611561030380125,0.0028764654678403285,0.010742071763210691,0.011538919463718116,0.0272897773302034,0.01971959127700364,0.027748984018329703,0.007824017410137598,0.0009894772360309783,0.0009698971835044745,0.010971204488894404,0.010854488605102824,0.008351939070611384,0.00819150319489888,-3.273883114345364,-3.4004362254841927,-0.8334005975836327,-4.812706187420617,-3.531352754893615,-6.059510247312149,-4.844534015850758,-5.270678181247355,-10.023828140049245,-8.314092301795856,-6.112065208217504,-6.490738820664037,2.7338416171632978,0.653935871420121,0.514744420091137,0.00391976088561702,6.415158932757294e-05
0.024635420308378963,0.0179375879131217,0.004683349872337188,0.0025577828908993298,0.02711857848301777,0.00023020423570643524,0.0008672561652557089,0.10741838277489313,0.0013800112312012318,0.0009744869459185425,0.012082662139248797,0.0027648792132626827,0.010817536864705648,0.011435495000410485,0.029377600308243122,0.018270587893771784,0.027809581297549017,0.0076802220779450935,0.001041718715567257,0.0010325087207842345,0.011246823889709219,0.01085812153492492,0.007672798867104199,0.008243162987889827,-3.3699451285296487,-3.3733790236965002,-0.8167255669182498,-4.654749221652886,-3.549483411893826,-6.186373600446069,-4.966365045259108,-4.995929868696662,-10.053356121853314,-8.41698599779729,-6.435923043896663,-5.890807511271329,2.8568303232053798,0.6387116926900428,0.5279104817406663,0.0038839152254019596,6.72737529512291e-05
0.023844174468062793,0.017614492028432894,0.004593708855894749,0.0023700957616320643,0.025252018518391234,0.00021821092961998577,0.0008669748287812862,0.11344859201386902,0.0014396919383416363,0.0009935375479643632,0.011628881359546496,0.003008326977795476,0.011356030111294659,0.010677695704191257,0.0278240571208223,0.01959491485122486,0.0269400194303384,0.007504208368391939,0.0010051607843290684,0.0010248757033558353,0.010902654793629145,0.01105911703183338,0.007860097718132878,0.007804661920304069,-3.4793605012311803,-3.417136635055786,-0.8188045068422412,-4.662004692645941,-3.6046012552817706,-5.699191879746184,-5.052448497471694,-5.2858364616079525,-9.675115671559514,-8.174621906002363,-6.325997152063705,-6.118649543591673,2.8240433872562383,0.6119093339356371,0.5149821256636296,0.004022101205895352,6.571102823449372e-05
0.023151743573618534,0.017586870852178128,0.004569567429060049,0.002352625775668108,0.027125196972240116,0.0002300276459067904,0.0008554281226943622,0.10701361997991093,0.001425800347608147,0.0009845129549651257,0.012485213008362264,0.0029882711236061945,0.010887940446741488,0.010460612875891784,0.027191824984599395,0.01814280023020873,0.026767592882124262,0.0076814891255474905,0.0010148618744610627,0.000956288456825378,0.011149742775195847,0.011535640309297114,0.0077861476994624665,0.008332719522323647,-3.3258204024940325,-3.282780201207623,-0.8128166526741181,-4.7402590265800475,-3.46744141566271,-6.106255119022614,-4.949687597017114,-5.330614701328724,-9.578451976844656,-8.543873922212962,-6.24739170829791,-6.232084326513201,2.780255142750249,0.6026833334286633,0.5379544739758648,0.003990979813237738,6.919237497050375e-05
0.023876306308742917,0.01884918077789365,0.004376900157752211,0.0025349819417767637,0.026542951620610787,0.00021022879844980244,0.0008465520558665925,0.10621067216722238,0.0013607226934809046,0.0009609412678766663,0.012022146766287121,0.0027992186613292544,0.010473899864699534,0.01108771218970647,0.028175731880242135,0.018393568997802222,0.027152395882902133,0.00727166179217998,0.0009687360153481867,0.0009537291077647841,0.011374657432098912,0.011159140998526608,0.008251371632474656,0.00822425650985268,-3.2101866286511003,-3.4538976344389116,-0.8322014107317899,-4.55081727845682,-3.542514487033735,-5.716416484261935,-4.750439574116378,-4.946954013325072,-9.463901555129802,-8.454501805108622,-6.052001656872653,-6.13872006799482,2.698223175491924,0.6028450164493475,0.5263951143382721,0.0038661267784644267,6.543281775314931e-05
0.02455570426302403,0.01853081408260758,0.004557295614550911,0.0025425132661921943,0.025956896823510378,0.00022622269760573107,0.0008600890540883025,0.1141537832883094,0.0014416661989255744,0.000983081731065764,0.011758169994333366,0.0029818689985626526,0.011402073160879222,0.010780756953990256,0.02802117715185588,0.018580292146283914,0.029156051686595588,0.007505700544279228,0.0010155052910082137,0.0009871671740978526,0.01113200771674258,0.011440622171930636,0.008078817459886948,0.008171081506531133,-3.2192874930511235,-3.3351209348804005,-0.8248090036510389,-4.776357674759499,-3.454782756355033,-5.648615207613854,-4.922973272822071,-4.9075310115225514,-9.88604131418957,-7.969066398005369,-6.47230752699691,-5.979647214999882,2.734581354399801,0.6412938627464596,0.5186151641424719,0.004045333805495865,6.834087230627348e-05
0.02305217688425643,0.01797688578507079,0.004434111925824716,0.0023807994089569745,0.025994673864761016,0.00022364780987945966,0.0008531568414162614,0.11017141742545311,0.001378933483244675,0.0009962363543309838,0.012494287602909944,0.0027909654434502317,0.01081979576941124,0.010562047911269822,0.02787601181722599,0.018624959820546107,0.02674989334966465,0.007357832451092844,0.0010276513235046366,0.0010092010357983404,0.010768489679457306,0.010470668608255537,0.007709474295713737,0.0076598802796385,-3.3478758464258807,-3.3947587204277365,-0.7925454087534418,-4.757045693864655,-3.54699700342118,-5.99906122767149,-4.791022368006723,-5.035131893397824,-9.295346195942642,-8.57511527038787,-5.96147013202146,-6.108599396086726,2.784413098396454,0.6351793331896662,0.5173763023327593,0.0041941879512588705,6.300877663483387e-05
0.02461437212755972,0.017255609189822267,0.004486071416947826,0.0025103963093099633,0.024973688884878522,0.00022850716407852418,0.0008578862930530914,0.10629664090740196,0.0013658249694580174,0.0009582583103154265,0.012237486281108545,0.002959944513518006,0.01074606111269342,0.010652716999044753,0.027058412773543195,0.019772697099134377,0.02919964658610572,0.007269149086201849,0.0009731108346627366,0.0009843106020755994,0.01115272124719548,0.011418206694450919,0.00775630646639114,0.008095576605177022,-3.4901505845071332,-3.4046334461712666,-0.8440368144364084,-4.694029758991396,-3.4435006629082436,-5.780162223649969,-5.004740900268843,-5.001749249290117,-10.095902482366776,-8.503522932041633,-6.054975633843502,-6.259627350389496,2.897121831000113,0.6640053077903315,0.5251883634542566,0.004160485663956361,6.296203131639797e-05
0.024979468921992168,0.0181926167536977,0.004789598561374368,0.002547862354158366,0.024998400802217415,0.00022178775679331615,0.0008587244220376412,0.10837990469395906,0.001387205118448165,0.0009454214525359912,0.012439467176328411,0.0028722961629442877,0.010539598225446988,0.01063746660453528,0.02886402769359762,0.018269371144510913,0.027326093272560005,0.0073917116739580764,0.000987445739934351,0.0010204681525044896,0.010906656867870759,0.011066330346914427,0.007610383732176506,0.00809612838232518,-3.2706666539034472,-3.385650654741581,-0.8448100926824207,-4.800927242619489,-3.327976217668578,-6.122925598488427,-5.006255725247826,-4.992271089159707,-9.606946459081103,-7.857132823621141,-6.135538018261932,-6.0428735355321015,2.824955677256911,0.6132723950275754,0.5185309541237283,0.004071128024409926,6.709072514178905e-05
0.023915557263706304,0.018446494469871875,0.004655813228843042,0.0024411624147776863,0.02463024652106941,0.00021107317249683617,0.0009008645100121212,0.11419501496556218,0.0014092942566656956,0.000998088245228969,0.011846778372178625,0.0029783889119044753,0.011043625066313314,0.01108544985880113,0.029397424799152753,0.019805432633864237,0.028852261226802435,0.007522213794436979,0.000964179558702345,0.001024005666358122,0.010859404867149109,0.010515543318381726,0.007953179477595537,0.007960769624603984,-3.319145846103239,-3.325207304027347,-0.783762789664363,-4.803428582656604,-3.5097271877647724,-5.860137884091226,-5.062914201836531,-5.308277211996012,-9.806421472081405,-8.253186293470815,-5.9521985161646205,-6.43707198940476,2.6872174470194765,0.6083889667141807,0.5169419675510283,0.004149452235776498,6.467667266503466e-05
0.0235797195352289,0.01733311276321161,0.004763836018185975,0.002424817396204621,0.024600381202986923,0.00021763069730560525,0.0008754004738061726,0.11316195664204776,0.0014441489555072032,0.0010094487968670095,0.011853260843639671,0.00289277124629819,0.01136325899506435,0.010474204119337695,0.028158827622576384,0.019124081291092433,0.027540127854258762,0.007232452809605181,0.0010103839003002889,0.000995513771875271,0.010521014769038951,0.011072987537078272,0.008261244052997009,0.008154979378901427,-3.302788090088559,-3.2533732738581347,-0.793657233671997,-4.577229720201521,-3.3978039944706073,-5.9982285495152725,-4.6899482646656105,-5.013371220049122,-9.801460723236453,-8.509862729856962,-6.35875818571334,-6.371517925963765,2.775984177743209,0.6250170726033553,0.527599706487132,0.003930226862271607,6.310829143591883e-05
0.023650044114562105,0.017429778928067543,0.004803208432482569,0.002349797779250659,0.02704562189230715,0.00022854436295016042,0.0008406756021613994,0.10532494296094376,0.0013747825008336822,0.0010034687546570974,0.011835767978366867,0.0027891269234705945,0.010560806913844704,0.010513968134556729,0.027016449998135603,0.019276341802708673,0.028237592397633633,0.007189200030049155,0.0010205996264421268,0.000953926120803682,0.010574017140517353,0.010855027265411555,0.008279425302061707,0.007862857780647348,-3.3493115377383864,-3.2966111207461557,-0.8348952229656953,-4.469387901711978,-3.4706911516668604,-5.9204954178695814,-4.9488270994748715,-5.088000290096558,-9.829351705908824,-8.049925196080125,-5.893904714223281,-5.964919652385348,2.831070959390092,0.6654319895860542,0.5477587254758481,0.004151192558132468,6.48938198808726e-05
0.02348934391711519,0.017700449932368058,0.004524895775498939,0.0024943505561480657,0.026228341117187345,0.0002202364678244399,0.0008493086858891716,0.11042559702326281,0.0013922747451880965,0.0009387533482633356,0.012528487401703021,0.0028046449422564445,0.01116523804898104,0.010881748528670833,0.02912955418834948,0.01906518987468086,0.027769265662821955,0.007478552732902672,0.0009932609208877802,0.000975967079954629,0.0110275845127962,0.010453165170886961,0.008043005340670472,0.007875947789954896,-3.324075556756798,-3.1985229157230455,-0.803189893368995,-4.770967379209016,-3.3482404886188255,-5.879630256168409,-4.85088774322974,-4.914185592038904,-9.644989385811808,-8.540537950147685,-6.419391548121651,-6.269930416714062,2.6451712132657077,0.6058968404375622,0.525989614602538,0.004043318563504879,6.316839276436715e-05
0.02473529930322439,0.01768197115571177,0.004623613348905511,0.002430149425491208,0.02462457366588395,0.00021613338627967155,0.0008563267907304822,0.11250887033183864,0.0014477589885946783,0.0009722694610714765,0.012659330043421726,0.0030261743894637047,0.011199601801172437,0.011429113955833571,0.029360360989118442,0.018465909044967196,0.028195222055150404,0.007845808322266433,0.000995544118782192,0.001047137392339497,0.010475902283487082,0.011218895751321213,0.00784489300011658,0.007917827302570315,-3.22755368406011,-3.232549264831569,-0.8190806325657788,-4.703996855423118,-3.5847852867846193,-5.679396220202035,-4.712626853098921,-5.25133880753847,-9.811061648930801,-8.404232059398884,-6.072307879875924,-6.139523013264468,2.8651274998088616,0.6162003162273587,0.538328919829934,0.003906649396188968,6.373576515755797e-05
0.024643198166581965,0.017882982912842706,0.004529165118862742,0.0025208947820727972,0.02559722996467434,0.00022841740828381278,0.0008942494701931599,0.11431559344088901,0.001330296972086813,0.0009305271613865195,0.011732892151160142,0.0029617804632202146,0.010989553332334189,0.010883951896451558,0.02829648679937134,0.01869474529194556,0.029284850651565917,0.007167759471870123,0.0009743468758263107,0.0009919811421081775,0.011370748565538885,0.011167113099775963,0.00825598223518513,0.00811738856233517,-3.4200662465710625,-3.1890804276866964,-0.8169276199826048,-4.71339321014578,-3.520641125004362,-5.681893384693438,-5.054975205064871,-5.036577111219683,-9.835024954722648,-8.331203279469127,-6.277828323097092,-6.072981414980021,2.7800243372925846,0.6561677010023156,0.563885441245877,0.004260614621073555,6.81792196439352e-05
0.023263770561804332,0.01841182885167336,0.0046961076583609245,0.00241284183500761,0.025478233921965684,0.0002101730461387663,0.0008870800633282425,0.10970173729450539,0.00142482723240517,0.0009575017321687663,0.012384985697859223,0.002965770417766161,0.011201189808009666,0.011212060258079942,0.028727251862126973,0.01905125973505015,0.026715582342204024,0.007442218861565517,0.0010356606605736642,0.0009655766752587338,0.011243561427133106,0.011177690691364291,0.008046498689068813,0.007986017711914135,-3.356266859979495,-3.4708213562873276,-0.8246425791023958,-4.626944709441006,-3.6223179451597396,-5.680668615510967,-4.655596913055875,-5.218587718886464,-9.478825372892194,-7.94622733024254,-6.14200318829058,-6.475948170539418,2.822826038119802,0.6098286940080976,0.5580619212277343,0.003918738685274667,6.743729908842828e-05
0.023365482037300846,0.018117908076861165,0.0046452492649846355,0.0024933151193762986,0.02563491840498136,0.00022749828002161207,0.0008542346601870248,0.10879207914580934,0.0014390390112975528,0.0009499418854535303,0.011728647736507673,0.0030253712680958196,0.010606233255479797,0.011096510201276959,0.027474043676102157,0.019218865133775565,0.02853136581960395,0.0074468384492054705,0.0009890893465984761,0.0010058304028648535,0.011012589597450058,0.010989881523100176,0.007704871000632199,0.007848938242228093,-3.479792031991731,-3.229732187811089,-0.8398835949866386,-4.8332357372490415,-3.544367080525486,-5.975051612231238,-4.754867830298966,-5.2962643540765,-9.810000862915423,-7.816841824664721,-6.200985087277727,-6.432790432330599,2.784648102972055,0.6166661183975823,0.5220868187765653,0.0040079442563493075,6.757183899150735e-05
0.02344129784658026,0.018401305254172433,0.0046179765319214845,0.0023841676913131968,0.025471284393469712,0.00022272007101730424,0.0008986304292904361,0.10826092883265694,0.0013649063835776225,0.0009823331037099444,0.011920732636320375,0.002794575507228482,0.010877636607037507,0.011218046448583915,0.027316171465398137,0.019490222489505125,0.02934822160418612,0.007777908615580621,0.001023976386513038,0.0010472231144959862,0.010570409216966564,0.011163162265545368,0.007755892343897829,0.008247667474539741,-3.306375273198031,-3.38986586749393,-0.815659311640378,-4.462024994079572,-3.310678910949815,-5.7341373768968475,-4.901944702543255,-5.009144352796431,-10.163658420861463,-8.58760602414962,-6.020972366725343,-5.9523422307631675,2.717597025849429,0.6242009771697886,0.5536578258098643,0.003986009447630672,6.703673609306291e-05
0.02391988935387177,0.018290934757523768,0.004480576316896301,0.0024503415711550833,0.026754797255914425,0.0002265702820842583,0.0008317031027901454,0.10593109358573939,0.0014517602687248317,0.0009287589093284738,0.011825412207979369,0.002779548454214445,0.01081598734083474,0.011458988023110045,0.02894611514018003,0.01805972308773728,0.02799240008853863,0.007362788779571798,0.0010283465495135318,0.0010265421806654631,0.010910920313816392,0.011044937506672315,0.008265812259085053,0.007927502839040765,-3.220197623055053,-3.3672218559769735,-0.8106035098555137,-4.675438170948587,-3.5369829501862053,-5.797479650240718,-4.996072064946263,-5.277599338102082,-10.178103740607128,-7.804298934823532,-6.257400352114046,-6.217669247558371,2.701974974442061,0.6085713592696345,0.5299004776952064,0.004090826631458516,6.347043611616057e-05
0.022632064566193107,0.017649180307534887,0.004487099215910161,0.0025706466758475374,0.02612187385350903,0.0002217608025904764,0.0008326702511055719,0.11380065563552223,0.0013269336369684756,0.0009947605416388517,0.012488667115409365,0.002928862053563423,0.011468016739029498,0.011131124501733944,0.028853642382467605,0.018175146007745537,0.0272379494205172,0.007643417947771056,0.0009689894037548679,0.0009737000127242341,0.010659081234541417,0.011314971482930642,0.008045229731073598,0.007968508203276648,-3.4725535224457893,-3.4460949789658697,-0.8461385450542774,-4.516851906047387,-3.2914566565769743,-5.941503892237323,-5.042650466945976,-4.955741633028267,-9.665896970725074,-8.333501761134743,-6.38862673942724,-6.22090958284997,2.7584896235749987,0.6330547314100883,0.5461588502362041,0.00415036144311881,6.569654281384692e-05
0.024151386119358097,0.018698082952046783,0.004675536839375906,0.002534093967692347,0.02533767636397993,0.00022306497484326268,0.000867492481792218,0.10609220064329546,0.0014447631909515486,0.0009505952571408447,0.011859863425780636,0.002853150676171004,0.010992005926472034,0.010718302389956505,0.02679016742574993,0.018233109184252517,0.026832733434039312,0.00726294408421518,0.0010298643247292944,0.000953596190694242,0.010666513659937142,0.010462968083805218,0.008056673997099558,0.007742367643601036,-3.4594688851927247,-3.1747236083216905,-0.8574412935615243,-4.8306783488401654,-3.3304440849553063,-6.027270892731528,-4.692721860153482,-5.08853314900761,-9.337308431923466,-8.253842071888272,-5.994981656824407,-6.504428912244164,2.6449947386068113,0.60956407515878,0.5517846069712249,0.003928133323277898,6.511708128356414e-05
0.022768116948730762,0.017603435634432073,0.00479212242382531,0.0024856656004370475,0.025689590883250134,0.00021337716230718993,0.0008459524374772375,0.11279897473697047,0.0014318817614548587,0.0010044133223021119,0.011882133650002673,0.003034215096232095,0.0113445916486722,0.010867840377905478,0.02843928060384668,0.018469737178896075,0.028130117102283112,0.0075874292531415395,0.0010265260916815368,0.001001784985905915,0.010975772326358442,0.01126447681076344,0.007686094516916313,0.0082250557043412,-3.427767039499624,-3.321112227674918,-0.7818286877514367,-4.799086482297992,-3.389430749682806,-5.674490632162602,-4.690641095212031,-5.011714799028196,-9.694742278571658,-7.888426436659198,-5.91527359741965,-6.42632318809905,2.7304778476847305,0.6154069440032421,0.5438596939764778,0.003861632047422527,6.376177937903166e-05
0.024781809678785505,0.017728581152397747,0.004473834602925148,0.0024813466162806014,0.02600814803722192,0.00021099879186602506,0.0008878270420611295,0.11404872700859556,0.0013673299774250261,0.0009597994241630464,0.012150287214952406,0.00299863606234609,0.010705641752558833,0.011106911787428552,0.026781126246464244,0.019684965656822234,0.029344070726748325,0.007717080996830079,0.0010046399787173956,0.001019747345727583,0.010664790100433722,0.011416664739501382,0.00763411440326125,0.00777817687788228,-3.425973449972141,-3.1956785577135545,-0.8373488781645966,-4.8517341018594475,-3.4836762046783822,-6.063054233813933,-4.9730264294378435,-4.977008636914541,-9.370318688064177,-8.493785786790761,-6.243349774539797,-6.0046012464800045,2.891956913506939,0.6602288392217609,0.5311774600245422,0.003936978807853586,6.618765678957154e-05
0.023132012189722266,0.01734943888248185,0.0046947841072820535,0.0025776339707844465,0.02548910301348584,0.00021061956812057586,0.0008586440007219879,0.106735844598672,0.001328271995070456,0.0009436501169232967,0.012645660116008428,0.0027601842380667067,0.011137261422411152,0.01129576291597236,0.027022086372071402,0.0194556312211826,0.027854866920703256,0.007518810833262095,0.000995115549061923,0.0009619868487671012,0.010966627324767256,0.011211227723741876,0.00765884130600537,0.007770957069010662,-3.4931762838295466,-3.283627228217835,-0.8092903933926959,-4.425188313609693,-3.3548940565469856,-5.659496505018881,-4.971184966267682,-5.006735471625753,-10.130350051984616,-7.947349041945531,-6.41289777145963,-6.107507401649649,2.786787894677106,0.6637010058352136,0.5495469179926636,0.004113846047956378,6.470522489028554e-05
0.023044310301577064,0.01746105842664284,0.004520043500392133,0.0025874623628943925,0.025067317105496447,0.0002218745452538433,0.0008978143482884866,0.10544286282403013,0.0013983184467447234,0.0009333281564484733,0.012429369654436685,0.0027609530194465663,0.010710787939680663,0.011370333314974265,0.026983807454459278,0.019051800602701525,0.027286214006236913,0.007827830166799563,0.0009999621950775096,0.0009673547377947768,0.01107596611162781,0.010514562770953927,0.008321213855391203,0.00835604199728276,-3.186054409227503,-3.176434947909283,-0.7960482458276119,-4.8754937927220725,-3.5349155932239933,-6.083361126899528,-5.010792459793871,-4.97816541785539,-10.175324970384514,-8.600837400669022,-6.34432442702016,-6.408771592036313,2.774645041914362,0.6379372352687849,0.5315565600029474,0.003938653287573809,6.793468766815655e-05
0.024026655243530527,0.017874103750202232,0.004537576246830881,0.0023597495355422837,0.025128324754141552,0.00023021746600497122,0.0008349834140876624,0.1058825752948396,0.001368169907148284,0.0009803323938792632,0.01159841722517914,0.0027701847629146258,0.010749913874908847,0.01139446996134598,0.027084480997409174,0.019281039927076877,0.02730180586782462,0.007290203883733975,0.0010168451511724035,0.0010210709584391148,0.011356872155275246,0.010793753391988604,0.007902986137883284,0.0077513685580719496,-3.47844230420101,-3.29527945695229,-0.8069677057460393,-4.779779613479266,-3.4293726320821927,-5.959515076976054,-4.774599172170488,-4.982335489117711,-9.447688974447464,-8.064145829832981,-6.074205658396372,-6.1960948089846966,2.9133477169999304,0.6391431876199991,0.5346770385402735,0.004254655247917464,6.436603817044596e-05
0.02376322063856052,0.01801485082605231,0.0046684354024330065,0.0025756073477084147,0.026969883814244772,0.0002120405687392726,0.0009117343127106273,0.11158832002789884,0.001347968217132986,0.0009356593352390729,0.011665596127342255,0.002850462984525768,0.011477815522633595,0.011190174672773789,0.02684052106942628,0.01944722202094566,0.027099638798285496,0.0073845049613226205,0.0010278407511925974,0.0010322077050365424,0.011118055507123858,0.010937868573102024,0.008042271030115677,0.008157059249245062,-3.3905616871161253,-3.370905644474831,-0.8250305994217205,-4.425635307985155,-3.5531219027676255,-5.695852687482999,-5.117484873152997,-5.353334514712219,-9.65127366598138,-8.03142321856831,-6.126851012564723,-6.253618541311127,2.9077912916949353,0.6517456469438353,0.5630943638059788,0.0039162391896480075,6.420187400353951e-05
0.022653943717433456,0.01812739270985747,0.004607743459403859,0.0024661869242045865,0.02524714967271923,0.00022995282107762864,0.0008433526397641476,0.11296159676870324,0.001394564689871077,0.0009826222189778903,0.011742935815858634,0.0028557587448898125,0.010775061975282168,0.01143308571652217,0.027896420321601664,0.019576551521629303,0.028471640899988573,0.007751909020227064,0.0010210867157007884,0.0010425002692827192,0.010946791454238618,0.011292907318348984,0.008015749066292035,0.008162431471536053,-3.2253511224380547,-3.3759278732510785,-0.7856931596362284,-4.705058987609409,-3.434764626305472,-5.840046091040326,-4.740589685692171,-5.015883319949297,-9.928212120614795,-8.476900010921907,-5.89255261065967,-6.070921726552929,2.864601128813166,0.6139177820166699,0.5325730296119803,0.004049627649286857,6.724886886279357e-05
0.023076608980489955,0.01839688544910462,0.0046047189142044845,0.002594029127725842,0.025055900675482638,0.00022250325645613498,0.0008417444635109375,0.10757616091331906,0.0013938309669543844,0.0009536855003077973,0.012181002239049834,0.002866096815525933,0.011042415798083044,0.010453929317565742,0.02688701566304986,0.018075416799831434,0.027967199521524887,0.007616744420736301,0.0010060006283799706,0.000999302363867236,0.010453042701028526,0.011140169634034513,0.008084283699907841,0.00800445721792944,-3.346054379574515,-3.166915151230839,-0.7789289130334852,-4.519754574459764,-3.4415638438282663,-6.176423918647135,-4.883026937186859,-5.230307187370806,-9.537664974810697,-8.06579331856197,-6.07344622546159,-6.3977154301423145,2.8452534608335096,0.6426477772860661,0.5575692778116356,0.0040283607176616245,6.291756947311914e-05
0.02408691047314968,0.017418882179614417,0.004693848861758381,0.0025905664548072672,0.025424955964501134,0.00021902710111166958,0.0008429455964649438,0.10790404280634329,0.0014625673053567363,0.0009507184312934241,0.01154085961915872,0.0029624774485484564,0.010569241950474942,0.011196266266677074,0.027218101626829194,0.01853256103667712,0.02765720425002113,0.0073497739288891275,0.0009509229781369144,0.00103832544161943,0.011095901955743694,0.011399055732068071,0.008207026542381623,0.007640461478173364,-3.209114691326025,-3.3493342270683737,-0.7834302994819756,-4.588027485879124,-3.3924823478358497,-5.7692997166738245,-4.853639593493325,-5.215308861080926,-10.065123547303836,-8.386854997046402,-6.049813634070736,-5.937089955642686,2.68212486719859,0.6343047224528433,0.5442664518556777,0.004257465077238649,6.61702516290987e-05
0.023748911510396216,0.017459796955340605,0.00476022568006266,0.002485579617476332,0.024929518516373452,0.00022050633707134095,0.0008856459664806067,0.10710016298778843,0.0013963729788261077,0.0009707936811897265,0.01210641901961846,0.002767367124656791,0.010512700181354244,0.0115217434852855,0.026755497169822742,0.019923590858591765,0.029068056494305425,0.007213696102144494,0.0009851847430131272,0.00104556990064763,0.011418751898970955,0.01083988022597124,0.00762237528085209,0.008101990913444755,-3.3977098671486132,-3.4201454251173224,-0.8068955099216512,-4.535636175641358,-3.382896178090621,-6.187278771744459,-4.783087504386725,-4.9924125858879576,-9.303352110373611,-8.074464934324132,-5.978699628442961,-6.020345068766329,2.854345350108829,0.6557827910001569,0.5328145724178723,0.0040720029743729885,6.821291330871482e-05
0.024111757492019655,0.017607053701807398,0.00468102914458526,0.002412501202586271,0.025058100179101102,0.0002176556460550692,0.0008677808862972926,0.10873915711835283,0.0014608927874529823,0.0009473839064666098,0.011711102786206459,0.002762865411593292,0.010617814720154346,0.011227998963493264,0.028089209216503555,0.019234545840507402,0.027190017790118263,0.0072544458862600775,0.0009802369182366484,0.0010082243652904728,0.010499425185284768,0.011341775636695643,0.008072826927092273,0.007866334327666539,-3.4281172959942054,-3.3177311860282463,-0.8049284349143937,-4.712692329633658,-3.3240743875967027,-5.691185682964463,-4.798897550484465,-4.985729058566571,-9.612925638421853,-8.55381855229959,-6.242053569586216,-6.105916541017886,2.7495145120488247,0.605292629042783,0.5209636440847675,0.004224013899629279,6.72085439921124e-05
0.024169691486010614,0.017917887814033716,0.004687443468947536,0.0025826077304019206,0.027089127048035365,0.00022348222123256764,0.0008706987419846743,0.10994561875669329,0.001413463389098,0.0010072454849731748,0.012128705615832076,0.002813252555593661,0.011516710194736077,0.010875191323939727,0.028696980453270304,0.019825617919574504,0.028689997698278943,0.007849468898954813,0.0009765257964373508,0.0009744881301392882,0.010753361862095624,0.011217286990134814,0.008199286388048217,0.007779825650725415,-3.205262321480238,-3.437221261829681,-0.8406006670707599,-4.622558704633859,-3.4209555528722584,-6.185458098452817,-4.980979072965171,-5.118395832315769,-9.299938073345272,-7.884927205661761,-5.926783401471998,-5.903860607590388,2.7227535085602432,0.6536966998156106,0.5604297302756004,0.0039003153583805268,6.611584286961717e-05
0.02469199143293623,0.018036902897450087,0.004508704000028729,0.002556725207692728,0.02493498632165317,0.00022846438573803478,0.0008647560153376195,0.10781099384711308,0.0013458455524944259,0.0009487230336008453,0.012472108800453373,0.00281758993603124,0.010668629699835546,0.01096188865157249,0.027457662238002875,0.01833263751612958,0.02661249497145669,0.007474527986491091,0.0009923757269077035,0.000970889431508813,0.01079187322626364,0.010728467226582921,0.008319456070432748,0.00832454805606056,-3.3362483195352612,-3.4084334262060443,-0.7865676880483206,-4.664038899830135,-3.286139789273328,-5.6250492369951095,-5.0479425872576416,-4.9433285990136415,-9.646213626391145,-8.486978141363677,-5.9856319012359,-6.135180021116675,2.857501691530702,0.603143948531635,0.5316870286076555,0.003975712758777709,6.576027506125979e-05
0.024362496162564192,0.0179164341361491,0.004639113807693748,0.002387175831130206,0.025642503504363857,0.00021537362044413147,0.0009032660761098382,0.11289970402841051,0.00134804860559326,0.0009513377664780698,0.012577965084489913,0.0027825798766511704,0.011161597527171241,0.010857013078343636,0.02684795698906494,0.01922455711861736,0.027663387274812302,0.0075436465365506765,0.000998836804653663,0.0010059573907507588,0.011167389410686485,0.011369562722034092,0.007658349318254028,0.00779956296610489,-3.486345080371555,-3.468575457122977,-0.8546852304433359,-4.509411059520245,-3.5173879725987875,-5.848554180994874,-5.013899114118482,-5.279614917795063,-9.413390815300255,-8.179185024850506,-6.425125159482712,-6.362481525947752,2.6647783575891184,0.6588307049600897,0.5439830587282006,0.003963428365253654,6.484848588045893e-05
0.02478633906428683,0.01720842096078176,0.004490873800257802,0.002360936194759018,0.025534786768432353,0.00021147309035256516,0.0008497647607108868,0.10365123679048714,0.001453106871435026,0.0009865100095480155,0.011833334016388255,0.0027929491514012295,0.010810265306122576,0.011351450331608844,0.028089683470896243,0.01916372282459602,0.02863196047561861,0.007711682297405223,0.0010247714417679122,0.0010332428836943431,0.010613738035584668,0.0112998874329195,0.0078343619448448,0.008298849662809802,-3.4483378179612147,-3.161741684205176,-0.8514984679438105,-4.442237878838067,-3.5122323716572366,-6.023683414953082,-4.7556061239945775,-5.38767750166024,-9.991925094351556,-8.572007355010948,-6.451788194950855,-6.076737584247283,2.7127645403572718,0.6399330637847932,0.5550685283156334,0.004204640669768984,6.621118919703191e-05
0.02432895931378854,0.018784295092231857,0.004395232083923556,0.0024896833248679562,0.025868079897670298,0.00023075796920440754,0.0008472043117335406,0.10564986213446668,0.0014329784251474013,0.0009954237835504485,0.012188772583959106,0.0028839770140385653,0.011198633692596119,0.01053871228466932,0.029179931020570246,0.018853461688699048,0.02726575526569887,0.007275063604176386,0.0010329872020860597,0.000999165728831564,0.010605214174638994,0.011017187620733912,0.007822755996103069,0.007986929498376044,-3.274683104413253,-3.4626817544251227,-0.8100068522403931,-4.4291496330763485,-3.6165413713167873,-6.122200963894845,-4.657459113552635,-5.000609483686952,-9.641718249023087,-8.325839336698824,-6.153886594873106,-6.081111121038968,2.7091629037690255,0.6234238984523796,0.5234934888610879,0.00418434347902014,6.909395271307844e-05
0.022895448199260936,0.01722734182483699,0.004655457277392047,0.0024476934993049506,0.026460735175613943,0.00021947903302857306,0.0008665751770258046,0.10576344413444211,0.0014279239423657412,0.0009439541883530351,0.011711638090725446,0.003000253722784129,0.010646410529485907,0.011549639472202352,0.027996548314068195,0.01916555446017417,0.02827546476439775,0.0072847921396541615,0.0010480979859057917,0.00098499615721162,0.011244815546783435,0.011222267341275627,0.00822968843217205,0.007725713837346794,-3.331923139427469,-3.3527443178835283,-0.7949874177065872,-4.881649996491272,-3.6149812468099025,-6.079872975928322,-4.79701578242883,-4.90577337170652,-9.385456394849044,-8.398048986858155,-6.275597321364285,-5.919357958180813,2.9180964938041134,0.6450605125819454,0.5396897330070242,0.003896904912955866,6.380404794892117e-05
0.02353607735676905,0.018239496275361228,0.00467426719447813,0.002367480257256022,0.02593305024702205,0.00021023772953161887,0.0008756681999062544,0.10999359543531746,0.0013638488556639394,0.000994670639449659,0.012132609948114574,0.0029742230846222287,0.010455300455724969,0.011052429748812768,0.02908135459793226,0.018947479817272954,0.029228946651970487,0.007782329176133786,0.001019796184845978,0.0009691092564826483,0.011210421557437176,0.010488242813100098,0.00764548506411644,0.007763937498968205,-3.3508582711003334,-3.4385639088886246,-0.8087514048035878,-4.609238400856628,-3.574837065961371,-5.638381217784523,-4.804247515000453,-5.098837825880726,-9.701268375186702,-8.48163575890475,-6.090158393055726,-6.26582374880169,2.868276521708217,0.6643165435808535,0.5455626008690413,0.004250979862778882,6.326692173146198e-05
0.02297983483205136,0.01748330541780521,0.004610251157145067,0.0024108736592907353,0.026508568682973452,0.00021242882360144417,0.0009064326798084348,0.10719913991183368,0.0013950618778449933,0.0009271398549904013,0.0117275942736114,0.002874761694084009,0.011220059807327477,0.010597279551681823,0.028466790065650484,0.018507851969137287,0.027699740532510304,0.007305436542558143,0.0010153438537284338,0.0009556377789684382,0.010849898907727794,0.011253403865600106,0.007876421256591782,0.008146635415170137,-3.3051342729118076,-3.2590856462798152,-0.7849635278664265,-4.822239163761229,-3.284342097021394,-5.733647962476294,-4.78505755860122,-5.394936436885235,-9.56602449970329,-7.94809484594779,-6.085624490151237,-6.501852764132194,2.841301693782249,0.6464958545088074,0.553728801927926,0.004006180565849747,6.924514800187454e-05
0.02399876239893498,0.01876838415801159,0.004478856183195474,0.002573715560451075,0.026196693512936065,0.0002131982841110971,0.0008338807053108042,0.10799951352737691,0.001398830809192438,0.0009894839286711506,0.01228528820638938,0.003012939261326073,0.010492315339860857,0.010970758605482162,0.02727775514210237,0.019484827602576128,0.027990295315289637,0.007422151543553231,0.0009858592820995483,0.0009536310141405824,0.010781088461153904,0.011070818974526442,0.007823862825839883,0.0077114678682461526,-3.291988794039002,-3.439903563877178,-0.8298990613204575,-4.649100257842523,-3.279535776459727,-5.689180460717473,-5.003199251525992,-5.083998870915461,-9.341390426894538,-7.920292385399109,-6.0943466409204365,-6.210216401959644,2.874483658775253,0.6293501628681172,0.5549903191226999,0.003999102090747078,6.273682533795941e-05
0.023217781986511636,0.01711849090363031,0.004558679126958147,0.0023688582554418787,0.026068862706480192,0.0002098625908936097,0.0008393237430600166,0.11425898001398865,0.0014466601227264531,0.0009967375958867858,0.011986088615553288,0.0027898750922171764,0.010747671581427821,0.010763498751948087,0.028548143472237515,0.019567162699285212,0.026741807225326267,0.007238427591818061,0.0009649225233505699,0.0010300808655000894,0.01076221360583563,0.011429748106048748,0.008190747987011452,0.0076550009269102616,-3.410860108875993,-3.186415389412809,-0.7840313903747766,-4.573261942746751,-3.4600964803034473,-6.037364107899444,-4.666196476801107,-5.175708553936252,-9.966410243385303,-8.184207314282439,-6.169311635877084,-5.976179812340099,2.867013788486209,0.6316450581728708,0.5204406342719078,0.004197672805865798,6.67959780384625e-05
0.024092107968773566,0.01874180038100918,0.0044002491804406695,0.0024019224827448345,0.02661304782750043,0.00021039708049893385,0.0008524702895743681,0.10403180972603303,0.001329992344470297,0.0009957368260817027,0.012286408188402905,0.0028352480919441674,0.010955000313606751,0.010941687080701614,0.02765091855993749,0.018984687544680065,0.028812090455208734,0.007289499240272086,0.0009614118154332474,0.0010208179892126456,0.011399334630440924,0.01128587794906503,0.007720662622655423,0.007642607453436336,-3.2508545682153533,-3.1719954196298636,-0.8549751237883619,-4.658012456085356,-3.3682838177522973,-6.055998460548303,-4.996797682167639,-5.304474124527189,-9.396026878991783,-8.512425953825907,-6.1843853583045565,-6.451848498429714,2.835927023425518,0.6566326739813322,0.5490115648479129,0.0038834093148443494,6.898514125366078e-05
0.02421378265473735,0.017623310372421708,0.00468688609501189,0.002577158069002554,0.02683736007856465,0.0002203567237171713,0.000830584264136613,0.10769311811595374,0.0013627360621184408,0.0009272847893077286,0.012225028886429701,0.003037869994817958,0.010778742717886826,0.010700826025480493,0.02855985572883605,0.01893547244152815,0.027818501638388796,0.007372675694723646,0.0010092748212614713,0.000977206630630664,0.010819440956709468,0.011396441967072696,0.007617119015719789,0.008042966245698245,-3.252815014459302,-3.458566314131179,-0.8320200987279242,-4.6287867541552075,-3.369118296071755,-5.7498006061631335,-5.003615731036308,-4.989013494179137,-9.24923555905711,-7.892145315647126,-5.952731680049707,-6.20666516276336,2.783680043429863,0.6591074729887425,0.5406812513686785,0.004070069568384237,6.393281311482678e-05
0.023881569174244756,0.018791299314051223,0.004447121261021788,0.002353927066294354,0.02479622808280444,0.0002141106504677995,0.0008685039850598998,0.10608194231811369,0.001425734039286127,0.0010167801357424695,0.011843135752032009,0.0028230503375125094,0.01121663051261117,0.010759898570896827,0.0285851795318905,0.018785329883265797,0.02738228204590637,0.007327420835100388,0.0010124711571773738,0.000987375071698908,0.01154430829133381,0.011437285673112899,0.007949053937451515,0.007756157965960936,-3.30567887454445,-3.294024427214568,-0.8226379810004755,-4.564976828894811,-3.431678689791964,-5.796404829943037,-4.8337897115672765,-4.960555107628396,-10.075373069336322,-8.608061715942943,-6.3200723577779385,-6.009913917952092,2.912930149054715,0.6573378259305268,0.5239501780478267,0.004130729589918706,6.566720683016894e-05
0.02283569984054735,0.0178356004475555,0.00447186359878963,0.002530916564743391,0.02690023934835377,0.0002126354409256646,0.0008722844399546614,0.10805097499815709,0.0014563957137879913,0.0010125404163929756,0.011532900779098451,0.002805056239860545,0.011081759862834219,0.011511308377897458,0.026905202560070403,0.019777659555191677,0.027409391779996736,0.007294521594658549,0.001000944746454279,0.0010134695125273243,0.010964431808851626,0.011015212228813279,0.008197246813412745,0.008199273306491192,-3.28245733430212,-3.1773540169567087,-0.8558188155929085,-4.715624845335164,-3.576101912593441,-5.847247261481815,-4.663342440891729,-4.900939241865363,-9.985412781920719,-7.8839585340783,-6.129009600044989,-5.967733291788388,2.743749392378905,0.6580015579145919,0.5517406764572137,0.004189490169019538,6.887393790873538e-05
0.022938705030055958,0.018478314232063055,0.0044422822339143485,0.002458948800029741,0.026349045518909445,0.00021191012876440305,0.0008925162335333024,0.11337516485099955,0.001387297250679185,0.0009682261381950166,0.012048515933335509,0.0028468244715342574,0.011508403842337997,0.011230383926800385,0.027208899798414315,0.01917784973774065,0.026652746136136763,0.007751120691526826,0.001015088681982259,0.0010338135257465515,0.010895664857859226,0.010820615053931571,0.008044134553550528,0.007625382521092932,-3.2221071548608022,-3.2759400294470886,-0.8196321808103261,-4.674339876387811,-3.4390774652210414,-6.164930491587849,-4.7441258768141195,-5.366636599069715,-9.26203566389271,-8.022176714864875,-5.969422035102058,-6.325286464106792,2.692255509328682,0.6353084487256219,0.5248183310667178,0.0041554700355631614,6.478345323289668e-05
0.022932270141593086,0.018346244025992588,0.004515610180704422,0.00240637837263075,0.025086013064310873,0.00022367015425127506,0.0008471096831241966,0.10384883658118012,0.001436958975291934,0.000941522488247642,0.011865352895850998,0.0029321906534035486,0.010561844956897128,0.011054610733471207,0.02729562442102435,0.018724944995071113,0.02692579683983382,0.007164157802891392,0.0009912167489890419,0.0009639357094779775,0.010929149606818294,0.010861078698788653,0.00817197676490384,0.008036805707892322,-3.2106584140380945,-3.477596453430617,-0.8040314936518097,-4.868133880111912,-3.551134569820231,-5.928459942498593,-4.906644497573434,-5.338424849397064,-10.199169934684525,-8.057612655281382,-5.9353290723751515,-5.922783435450095,2.8887743654925067,0.6536017990642303,0.5652185576098889,0.0039025619790408095,6.620439992191657e-05
0.02361402182511459,0.01776576738514219,0.00466325599981675,0.002497333176809178,0.024862126175994866,0.0002111845771843329,0.0008577593092870833,0.10543548640682396,0.0013844892033660452,0.0009219032509861342,0.011930448865150482,0.0028309952918008597,0.011335201970045356,0.011277775266306887,0.028107367267339357,0.01887589569749839,0.027393881097564136,0.007414693267716323,0.0009954727849728286,0.0009797068958239824,0.010574969417486138,0.010571097036456307,0.007883800187108218,0.008259615106891518,-3.233681431545078,-3.3454681565796744,-0.7795080028005268,-4.445947240820204,-3.575614082974961,-5.739467513917553,-4.73315029049534,-5.038750281387981,-10.078542012308233,-8.388430967701407,-6.287300404199926,-6.471280105341315,2.7139126101742646,0.6473044769954556,0.5179587424439615,0.003916727779864816,6.749778211701102e-05
0.023925914868012516,0.01849280566653156,0.004489699352079149,0.0024739026573685177,0.026934480156196747,0.00021758778441073414,0.0008404524752379076,0.11374980754131216,0.0014048502859090514,0.0009914310068281289,0.012378302853889451,0.002901058031836013,0.011156342863784247,0.010488703681808738,0.02662621119021972,0.01846317055602955,0.02852452410576525,0.0074992174880404005,0.0009862643496925565,0.0009526302505934698,0.01128712327640611,0.011088193872906275,0.007778371640417741,0.007671135519445814,-3.3358554472899016,-3.2933205770107925,-0.8330192251045803,-4.718710662180826,-3.387288648389568,-5.850777496066495,-4.999185279103627,-5.398988358246385,-9.95353748464971,-8.051430003783956,-6.475637668864943,-6.353750900916223,2.8622123873505765,0.630781527608497,0.5465898460900495,0.004228190685590726,6.31121741321548e-05
0.022628032522829036,0.017991766434619944,0.0047023216010999265,0.0023886978511522797,0.026895036739930434,0.00021157006130867857,0.0008590676071231783,0.10400274352729662,0.0014217068121330995,0.0009983641235226234,0.012341549658134714,0.0028596143598298538,0.011343647502494529,0.010597820347478639,0.027592531359773905,0.018884871741532555,0.026870640829094163,0.0078044988695087185,0.001013346821974696,0.000997770369459394,0.011131165398091704,0.011426656664770362,0.00816634622601424,0.007627546076657777,-3.3459196229293275,-3.4088925229047113,-0.8299938285708222,-4.430876978180658,-3.4365756276925454,-5.952284869816872,-4.861183791997596,-5.305430370358591,-9.82409573614892,-8.410820214782673,-6.356295766858395,-6.443403495583018,2.679709194253342,0.6487196736000158,0.5626958274770678,0.004150047157896965,6.322830695424879e-05
0.024107189482258727,0.01859448905258002,0.004814230011503005,0.002363326827246546,0.02587872925563268,0.00022543476461232855,0.0008456600398304327,0.11152165537820061,0.0014524713757811118,0.0009718838160004776,0.012675167334125824,0.0028257347360161,0.010621554635292744,0.010673222215757793,0.02723993059996822,0.01854455238794927,0.02860640540120104,0.0073449196444133405,0.0010012947945762525,0.000992567561427991,0.011331521064303985,0.010456080808638225,0.007663585784464304,0.00828213669356147,-3.2847693308332526,-3.2247404181254,-0.8401471870114009,-4.871519137416838,-3.400782549474094,-5.609558711032443,-4.718400740853165,-5.29748816030761,-9.336094965483035,-7.80351768140181,-6.145860541585882,-6.105743417620861,2.803258772117723,0.6060122648936035,0.5532570689133408,0.00398176315978887,6.28733008544211e-05
0.024430850019335097,0.0172496326030583,0.00445618328535422,0.002351715020750804,0.027009674211790867,0.00023033209237325724,0.00088626065015753,0.11366159579968876,0.0013398454151824753,0.001009610213551611,0.012573180326033185,0.0028217344628053876,0.010826018902123468,0.010544753759331532,0.02765362513102006,0.018389807765338037,0.027174154320038814,0.007489269313814097,0.0009582768493127887,0.001028038988810626,0.011125218772122504,0.010547130379287962,0.008181686844253942,0.008033673225752679,-3.1768002845056964,-3.3061931809862375,-0.8360357893379332,-4.670248500612931,-3.53808697293686,-5.845526097797231,-5.121526212827638,-4.970513997700647,-10.113569576478628,-8.116501902696866,-6.3710692476904605,-6.464789326693588,2.7922897510441014,0.6362824335133246,0.5618960293787545,0.004120883747284524,6.645510955347091e-05
0.024569452478986113,0.018796147399680038,0.004552879340853078,0.0024293029459235634,0.02613536378174723,0.000227062957583498,0.0008330712903263754,0.11048430875033605,0.0013656246600236958,0.0009262625439686585,0.011641012044648215,0.003031775685192361,0.010717892192145487,0.010609687107540788,0.02786193462486247,0.018185957676879222,0.026865559545453853,0.007740679910490665,0.0009616849106791854,0.0010162065173550706,0.010836436900301314,0.01068888024938631,0.00822132723407121,0.007674323099952443,-3.1664694695255666,-3.3330886753951723,-0.8434601967493531,-4.823205645824636,-3.542876046817619,-5.908592927799783,-5.123785723537859,-5.3628536542031195,-9.807792045962053,-8.121067884518233,-6.310189749938318,-6.034858684533855,2.8551419409588306,0.6650066148105923,0.5419765863275713,0.003937792988128888,6.689202681008129e-05
0.023208628020960374,0.01884360386570069,0.0046551942323381805,0.0023512287577742725,0.026721006431457698,0.00021012076395913307,0.0008868768713594072,0.11346181274544956,0.0014213263252463237,0.0009252862309511772,0.011946951716054411,0.00292281120848399,0.010664163189808552,0.01127967402651077,0.02775901024261854,0.01852924901513174,0.028669740960373037,0.0076094046591380655,0.0009569684340630217,0.0010276417396268267,0.01095873424253184,0.010941215220311613,0.007932745801789738,0.008200134411245261,-3.351891236498668,-3.4644382509470284,-0.8489166308576077,-4.537889050320532,-3.287593531922045,-6.169399392942234,-4.963518889631677,-5.208706128398728,-9.679970705127975,-7.814772242564217,-6.298007024315992,-6.180063140225922,2.726509073074369,0.617876048747442,0.5605132830438018,0.004027435905917848,6.303880024503747e-05
0.023809176589889503,0.018371507872834987,0.004583641850282762,0.002419250126970775,0.02528610152527113,0.00021308466395265072,0.0008874015885313324,0.11141377245145573,0.0014197305629027818,0.0009343577672666656,0.011646156660149011,0.0030178954424617847,0.010484237904154368,0.011086756603410642,0.028647481790247835,0.019727538947086534,0.028146232655142944,0.007766269213315903,0.0010485776503794588,0.0010492831737517088,0.010799266631630115,0.011340475542634518,0.008082505811011949,0.007924239733588452,-3.2241778150178333,-3.2734571126243046,-0.8021130711793546,-4.457980500977589,-3.298565670169157,-5.973751661948796,-4.7485081690002895,-5.282298721301896,-9.957059092882398,-8.517183732447444,-6.029501377062533,-5.996703225948131,2.6749382080689488,0.6186977835181099,0.5202515409806295,0.003916755925043596,6.555263632922857e-05
0.022732588806769455,0.017192823470309416,0.0047337265764537464,0.002362284339756941,0.026992335016863434,0.00021871694298926058,0.0008894249144472881,0.11244212323421655,0.0014246211833560606,0.0009496866552636712,0.012088264271458706,0.002891441084549276,0.010996236792268696,0.01109111355424754,0.027945641734133074,0.019839032944247735,0.02890611660985482,0.007154845966657299,0.0009502943072085849,0.0009640153759048398,0.011002702993684256,0.010617109056884714,0.008117900244406378,0.008396547281195637,-3.2025903579829498,-3.457986867484514,-0.8542510114389821,-4.660594736032981,-3.492964741756154,-6.188567370549113,-4.996569341576587,-5.009751272334123,-9.296626439473947,-7.7973561529497735,-6.328788640000388,-6.153074176025324,2.823556809077821,0.6367528598890005,0.5239878019128649,0.003959008054187895,6.647482347178418e-05
0.023248696292641747,0.017661840491515313,0.004563764012228134,0.002436697092925855,0.025268186301686802,0.00021801637454669015,0.0008562850439195285,0.10506811548312815,0.0013696699627748035,0.000931211100601624,0.01187103446351787,0.0029389457343895736,0.010673016103402745,0.011387757789561281,0.027667785150405914,0.01807073276216108,0.027938619771553937,0.007641339988471388,0.0010048603994324621,0.0009554469417479603,0.011389602745236217,0.011065697279216052,0.007897124655668938,0.007838058834810173,-3.28432806654033,-3.2571468355788253,-0.7888776985633782,-4.785124349055048,-3.3750502531840136,-5.888787171741447,-5.108927066151716,-5.263955309505065,-9.816383809812569,-8.173739758724567,-6.4999334225144585,-5.933935103024148,2.661482392371336,0.6297184498991004,0.5499058851079971,0.003929032312844642,6.332019132249312e-05
0.02316906151715215,0.01864701184946158,0.0046063498315899966,0.002540860810982098,0.025447308875944024,0.00022873891364220565,0.0008593739137383523,0.10376157502961439,0.0014020099499632225,0.000924655167961305,0.011819297428529905,0.003015052862653327,0.010812180667306303,0.010664331781835254,0.027545115179790886,0.019420340289436427,0.026668548407586087,0.007660849772813229,0.0009674443163329922,0.0009500532617064154,0.01143677928640378,0.010932206303434605,0.00835850574860731,0.007651827820965148,-3.3153047951562296,-3.3172986667036053,-0.7876974504358578,-4.819469859788871,-3.56897800576532,-5.896660622841671,-4.866496054669557,-4.962728812235204,-9.595470622405069,-8.402964981999453,-5.988709146649946,-6.445237104482992,2.891434120222967,0.6648361409420681,0.5296893889762544,0.003876168663229405,6.459433509659956e-05
0.023170881708594052,0.01718519260228716,0.004736802404778453,0.002351565318872214,0.02696251559718629,0.00022786378132193133,0.0008761497573606965,0.11115556734862816,0.0013777676076463968,0.0009326439328432413,0.011683469930677315,0.002785071133523162,0.010690643820692822,0.010806093158428079,0.027151047875599417,0.019621666746428353,0.02843582490794465,0.0076237798514952855,0.0010274553412123108,0.0009700312579369484,0.010746010425464608,0.010751266050181308,0.007640306137607236,0.0076791974798395245,-3.3303576028515818,-3.209034604206954,-0.8035074890830517,-4.823568417970275,-3.5682832564150697,-5.794842027799571,-4.755548332856623,-5.381630150352985,-9.520571505017628,-8.307634106897774,-6.240019666170866,-6.4977135084451785,2.8557145749279944,0.6435382699978592,0.5422349346606574,0.004014907923845851,6.470816125853889e-05
0.02330238891767696,0.01817025194277827,0.0045287134360487485,0.0024881997130767586,0.027049110889299902,0.00022362579887082664,0.0008361410074234189,0.10557222743710407,0.0013663787193368526,0.0009437482457687301,0.011957578206536115,0.00298521750133537,0.010875265621622216,0.011517933113587618,0.02884843069698536,0.018162409837184697,0.029172018232209104,0.007119587271616004,0.000981446320285455,0.0009781638296102475,0.010688177666758012,0.010870312340497663,0.008233236069733443,0.007811215714947151,-3.2866350804350186,-3.3579512339342634,-0.8036635669732317,-4.432065657887118,-3.5334160587239567,-5.8199877541411285,-4.89569331717078,-4.933571134724846,-9.74712921661921,-8.40522124222933,-6.422879893953209,-6.009042480378689,2.675629585095819,0.6291844596608206,0.5556119585127918,0.004219019442523264,6.687325837746979e-05
0.023629764616232195,0.018688749764352842,0.004750111393841792,0.002416383484603357,0.026046599064290594,0.00021565915370788856,0.0009071933041854996,0.10364100818456669,0.0014295620159790424,0.0010065733189915968,0.011837006891877062,0.0027597583341393826,0.010912272007929696,0.01066018041729142,0.028509866203644735,0.019947527875856207,0.0278609360217521,0.007784829657591896,0.0010125858735020256,0.0009901591377733006,0.011395000264259915,0.010811351628317886,0.007756826722062785,0.00773070764177431,-3.3025676237550137,-3.289342233714354,-0.8435461044384306,-4.802562088784473,-3.3001658011758943,-5.901811918131396,-4.912668704554973,-5.26946878793532,-9.87087718015162,-7.9068774901179,-5.967413567949884,-6.015813000420776,2.794743955356395,0.6062345261159596,0.5613152179783266,0.004193292262462511,6.666907159244711e-05
0.023900744315545286,0.018434372722805382,0.004539893047513316,0.002460935380731406,0.02559437754662393,0.00022625544193696036,0.0008711749170746336,0.10860351466055933,0.0014649935129874016,0.0009809898722770234,0.011724235968773635,0.0029762382769213842,0.010597907857958501,0.010853516427013397,0.029007875535382,0.018743196125465888,0.02886946775581323,0.007266620744837601,0.0010321991857927103,0.0010207196311874105,0.011218442721937125,0.010684025034199953,0.00837094434434745,0.007807570643027788,-3.361138734660066,-3.3827525058193193,-0.8274977310243673,-4.507612723201524,-3.526628123988815,-5.651038976945513,-5.019646702335597,-5.268915139542796,-10.035852534423388,-8.350835798434312,-6.0542385667039875,-6.316911797664055,2.64996975252069,0.6042495396397739,0.539059311113987,0.003977748699500242,6.425232258032535e-05
0.024561634006279618,0.018140843740951644,0.004651963574084687,0.00248017519351493,0.026713627636026825,0.00022300307428423045,0.0008693910100951005,0.1127051081464974,0.0013671722123976533,0.0009309632503648648,0.01168428889788311,0.0029366515084709322,0.010857552630301389,0.011462158041212598,0.028997405906102402,0.019497940769754907,0.029366418643478956,0.007803566871873747,0.0009692249683562272,0.0010427706845877111,0.010764293084045631,0.011155946825743947,0.008065128179129978,0.007712075238949176,-3.1959821822660204,-3.4333377649740178,-0.8183761092481284,-4.515295770293394,-3.34176832916261,-5.763908711558177,-5.047713899498634,-5.395897300551782,-9.754231296580027,-8.58391748978411,-5.91765906051625,-6.062302758894563,2.8767650373079343,0.6156191612433805,0.5365220726658498,0.004122087046744579,6.635122696091464e-05
0.022636072875240453,0.017945298910799677,0.004457532913474851,0.002374254775980239,0.027123155780507533,0.00022441728488154734,0.0008363041964022792,0.10640563682956339,0.001402581017463961,0.0009269074757292158,0.012332124441509003,0.002777371160905208,0.011064970874166599,0.011012683633637244,0.02773813808337473,0.01871235171545745,0.02856352109599533,0.007145228412408104,0.001011929040875264,0.0009584192595686998,0.011136877321226193,0.01051311472606255,0.008215598041212574,0.007933087863160559,-3.241725754322879,-3.351394526694445,-0.8488561871519047,-4.499255252003765,-3.5090199942692446,-5.661562145459669,-4.814889037344748,-4.942914314996988,-9.310775761601223,-7.971288909949629,-6.460570020516665,-6.35764511824016,2.6443023817327362,0.6434895058771072,0.5341802250293346,0.004130970798264735,6.761443655544061e-05
0.02386625364511862,0.017409156756920754,0.004691089834079257,0.0025334272188005354,0.02699541904858404,0.00022335167567074117,0.0008515026667212339,0.10883824837494903,0.001335764183637862,0.0009827856874090228,0.01246921112857795,0.0028235793368168575,0.010885299916738122,0.010922952573220653,0.028579037622942276,0.019316316339806214,0.028762123979631307,0.007569669129231609,0.0010308986282811538,0.001038938726116137,0.011471963887144937,0.011295805895784416,0.008067528590057037,0.008185514072219225,-3.2373877716736237,-3.4605372397465177,-0.7888338256591939,-4.573796148715673,-3.5563774064039735,-5.8757232082514115,-4.680544408541709,-5.073595933301427,-10.093602148676748,-8.445852229697017,-6.014037265562637,-5.985951883405162,2.7808994468741886,0.6495596582460014,0.5569202343003669,0.004031581925026264,6.873423321377577e-05
0.024449004337255664,0.0177565191393079,0.004434529516698557,0.0024354703199958175,0.026974248304317352,0.00022549301200948922,0.0008993291355708715,0.10697021602802667,0.0013523096905749513,0.0009464610749321629,0.01209841871810437,0.002905218588848076,0.011079759608129135,0.010525657545316099,0.02836406510509768,0.019300411793141393,0.028768680040362114,0.007813209108773839,0.0009788485356397917,0.0010129241851822232,0.010830768210491752,0.010587640194991985,0.007701261767905166,0.00807939464100225,-3.1990334368139446,-3.4536114981488852,-0.8315748698853755,-4.507066621235864,-3.4597989883062508,-5.876746033671434,-4.734442661729255,-5.359544343145459,-9.888149425538622,-8.052563696177701,-5.9804267969125995,-6.280526509462572,2.7560861493527358,0.6608753252058559,0.554157877282659,0.004222995946793939,6.358704427198592e-05
0.024552111444776963,0.018672741812783708,0.004540698070492125,0.0024137357397035794,0.0267300640768544,0.00022990320325547142,0.0008691401553860996,0.10993704461380094,0.0013533798009645322,0.0009369275752760541,0.011512231755113836,0.0029713027438711425,0.011164136695891466,0.011118559194597543,0.027046407063994332,0.019470597996182976,0.02838330518397613,0.007163000864232685,0.0010421194390025396,0.0010088755765602425,0.011375335107564343,0.01092964762963895,0.008210568668616644,0.008227904649648336,-3.437684642836561,-3.3918218029045173,-0.7977713488334464,-4.784221707771544,-3.3887694811622677,-5.668901582819449,-4.8194970420854855,-4.922760360599557,-9.551337381857435,-8.41481570096166,-5.997243116915438,-6.421259001009095,2.8701219701530527,0.6569395463851079,0.5528016856744912,0.0038966919778595393,6.648330926499512e-05
0.022878682345066306,0.01760063644350223,0.004797013353336739,0.002501984188544344,0.02619188669592033,0.00021167251536839554,0.0008400571648936149,0.10579538298316149,0.0013587109805771698,0.0010118538881578563,0.012211400708777794,0.002882600169618059,0.010837246212863706,0.010588432371315362,0.028033980563234275,0.019072884811266542,0.027595291301600777,0.007661586449541571,0.0009756650802505582,0.0010326013969156754,0.011437901979599447,0.011448888175870423,0.00774714491192155,0.007881147915895366,-3.358684692492623,-3.167244399006456,-0.8056126311899708,-4.716031850423684,-3.507613173184801,-5.813625567701386,-5.045695863729973,-5.101849440655186,-9.350762830160779,-8.389303868354789,-5.920800400049133,-6.283262303685901,2.8338783126246354,0.6184010191919525,0.5357395578987711,0.004076384753516118,6.568783618763745e-05
0.023004743308587785,0.018773334567937658,0.004724787858113399,0.002432037822537349,0.025517483283487543,0.00022274810028164862,0.0008608296020306977,0.1138583097854093,0.0013571533335878033,0.0009691998730310827,0.01228805880327599,0.0029371272098896854,0.010900709576720633,0.011419962419352463,0.027540073935631366,0.018429613126685656,0.028746487068195707,0.007374499783957418,0.0010498193141828503,0.000950853839378951,0.01153140935767001,0.010577350771013043,0.007885667992597876,0.00774642947193366,-3.2422890310097188,-3.1940486267833585,-0.8342457601990796,-4.877322467146888,-3.52476243768224,-5.8058476120928155,-4.7790112315799185,-5.336614679605538,-9.236983294651537,-8.175467166840086,-6.205713111839789,-6.22715226925014,2.6689683600757528,0.6485603391913978,0.5166412901206837,0.0042366245701168405,6.473960791133223e-05
0.022972184549119576,0.018124259283406968,0.004598932226636888,0.002518720241592256,0.024636862924147965,0.00021436244666868907,0.0008944597711193578,0.10743515058324232,0.001389101108257269,0.0010013829699264255,0.01267880872840308,0.002777188479678751,0.011383012731478837,0.010862893442130794,0.02928019246816012,0.01830741625780523,0.0275414274825443,0.007123291244009036,0.0010001684211419677,0.0009559470077995842,0.011100836118416342,0.011411694095839694,0.008111211107022077,0.008395600693232797,-3.2354443670586654,-3.4794965113067224,-0.8505151352372486,-4.769065166609849,-3.317833347963353,-5.66938479696063,-4.728993014176166,-5.314851713223736,-9.411626610344511,-7.909521763625326,-6.49810066742789,-6.081906090457514,2.6620758893259646,0.6611376566882601,0.5377993073400138,0.003892039812697196,6.796324828884261e-05
0.024639281543434078,0.018091313409662687,0.004647173580262361,0.0025433206229720988,0.025715122819749785,0.00021774143725578564,0.0008908415443623807,0.11335233638712316,0.0014633308374679191,0.0009737477008910179,0.011662207198728708,0.0028773927985828876,0.010864614299113149,0.011296928931959254,0.029330978840536138,0.01809548370460512,0.027555424128725102,0.00733506024616573,0.0010004769245166626,0.001014849606977879,0.011435601472723923,0.011277997876977364,0.007689912902447264,0.008020379372682268,-3.4091096841038793,-3.469469287119604,-0.7958885827697726,-4.659199072357147,-3.478146952297648,-5.761006692977121,-5.020857375375429,-5.300937691239055,-9.692728604669872,-8.301528173952368,-6.314408083004563,-5.935959882044848,2.719800335958731,0.6054751250622714,0.5207579772504055,0.00396855223965186,6.415894915334826e-05
0.023376984564840667,0.018891489789251797,0.004780742000372762,0.0025494746439530752,0.02602771545049482,0.00023051576037199278,0.0008363845760642401,0.11391851301550274,0.001372788451721207,0.0009285701901396258,0.011910852652840094,0.0029169828658433105,0.011126254231603436,0.011219752415362234,0.027565003996711676,0.018503904890142073,0.029281656502579825,0.007521398799225203,0.0009599634713078275,0.0009712313304723684,0.011316511662412678,0.010760223657858052,0.008223505131627036,0.008018035291806972,-3.2291520919728476,-3.1641319356508135,-0.8556220124047702,-4.791821256633547,-3.54491269360321,-5.748998349754284,-5.0189979216972995,-5.209538398126201,-9.979947595429776,-7.876520581774051,-6.0078774130335155,-6.099546718847142,2.8219017903426016,0.6415195069493764,0.5520783393889285,0.004085205639664653,6.651503663119395e-05
0.024794489220489886,0.017857521983635296,0.004782495551449479,0.0025156573748709977,0.026147812733851587,0.00022553327509761692,0.0008763755763375431,0.10724815063484264,0.001430476689441641,0.0009569757768989478,0.011707332704717726,0.003017088030585692,0.010563029021472851,0.011459826080900737,0.027936668302445553,0.0192406518988706,0.02778022562883184,0.0076462836006359735,0.001016924866651559,0.0009854737725246408,0.010973672558194307,0.010797067449033295,0.007772703254096855,0.008012233126557298,-3.4231333076068315,-3.181281922239305,-0.7897116165442899,-4.600982063214971,-3.6218706613161773,-6.04788588471256,-4.990534206521984,-4.953157093049344,-10.142668533182599,-7.808435827929562,-5.9975375676431515,-5.900345203339066,2.871168557412355,0.6511141039573541,0.5224197677405287,0.004065686083666927,6.575050046668532e-05
0.024937475557985544,0.018211978512387764,0.004806582565316635,0.0023702245430598165,0.02635338461573069,0.0002175769829801805,0.0008700144884121176,0.11038438832887949,0.0013590910324826492,0.0009235750479253621,0.011747675134648448,0.002811070420621899,0.010736911676953847,0.01053394400854813,0.027168975021727444,0.019589010409732585,0.02877970595801364,0.007531923173956157,0.0009983007803626123,0.0009534085834481944,0.010910020748554074,0.010941881300146256,0.007696021042190793,0.008149065556140186,-3.268041851218206,-3.3610213129706454,-0.7941003594499664,-4.75153865602732,-3.283071382443108,-5.964879660309549,-4.984040500611164,-5.370271591676488,-9.440922789793254,-8.24688108439464,-6.009685105557357,-6.118067344102928,2.7598016337324407,0.6592172586844706,0.5538485336514181,0.0041631326201884596,6.705515080596276e-05
0.024641632113442856,0.018056260361101976,0.004745859321239574,0.002585491524318657,0.025685952847934207,0.0002308884003126129,0.0008568149268156544,0.10806921841845736,0.00136209634245046,0.001017470871717186,0.011518868507042996,0.003009616441879061,0.011312685588707964,0.010727121008088657,0.02922599635803265,0.01857741903805129,0.027239712064048103,0.007528026632169264,0.000988225526059913,0.0009988766284844766,0.010788816339708417,0.011320360109116617,0.007664233484970462,0.008375474587552494,-3.2627449280711773,-3.3844754274745212,-0.8223064984407467,-4.550323691421254,-3.5394742937065966,-6.180168774300462,-4.966941931326565,-4.983406281886798,-9.949588105867468,-8.032858133392505,-6.444905031535914,-6.460279749622798,2.921234228380257,0.6233214100602875,0.5206373079320884,0.004017191914143215,6.86374475061072e-05
0.022778395637050912,0.018064293444183168,0.0044457337074407105,0.002458842591109138,0.02638997939661705,0.0002143042144266468,0.0008294862609699336,0.10980007002275091,0.001378614345526436,0.0009428312625329301,0.012545357178263904,0.0029898248037538264,0.011129678099152447,0.01063525025291954,0.02813615153665146,0.01919341392387115,0.028408880573531272,0.007291434140796563,0.0010327464896722096,0.0009969564003276237,0.010515651694409467,0.011110332958998109,0.007695159957869518,0.008377550674066965,-3.220508430680091,-3.2640109780369686,-0.8239239658917672,-4.806127699796829,-3.557592269574786,-5.859457487678524,-5.046758628160144,-5.281315325235298,-9.572480048228282,-7.965217871603864,-6.442626065265211,-6.278587722293986,2.7150070790368064,0.6446535618909998,0.566498386510067,0.0039416751781290605,6.439794112543613e-05
0.023325935775382854,0.017828800582606483,0.004711336731411059,0.0024648495807907222,0.025119318125471267,0.000227578001431598,0.0008543705152443235,0.10677336388486869,0.0013792285407578364,0.0009681233105654107,0.011739895005881025,0.002806462287042967,0.010702002533235421,0.010980976012000713,0.027761326224147884,0.0184839913055127,0.027557989386735617,0.007602041992735335,0.0010199086533377742,0.0009516519254258268,0.011405876094241308,0.010997039376151737,0.008022652756798691,0.008164254075656912,-3.439698285967409,-3.4424514540315445,-0.8529203939661926,-4.67990937280201,-3.5730308978443146,-5.972201486251592,-5.072262668238473,-5.017998435706253,-9.47680663368645,-8.55661487066369,-6.306332280394387,-6.109646032604725,2.7001887515090153,0.6544653382016737,0.5247336156456059,0.003931385027424504,6.555090468064909e-05
0.02381604477834157,0.017305064017754813,0.004669304006523628,0.0024903145126761706,0.026858999260216485,0.0002232231514890871,0.0008726093395915315,0.11072550142152403,0.0013641655509881848,0.0009412521832983467,0.012231984084033247,0.0030423054538116874,0.010691523558284639,0.011521363055851932,0.02757146588189902,0.01810219356272415,0.028080973781554747,0.007790030302633255,0.001026287445889601,0.00104113916289056,0.011139275621512422,0.010779220324968773,0.008183161759004992,0.007600404937362789,-3.4389104595013444,-3.3121749966882974,-0.8025203547147624,-4.71397494396243,-3.4596525507710014,-6.068943322823391,-4.884205346174706,-4.910418007749173,-9.561743865911577,-8.508697019185817,-5.988063010914785,-6.199352512914784,2.6895501109533426,0.622865342275763,0.552732676377172,0.004258171435208845,6.680989523213746e-05
0.023423018485828936,0.01805212880153191,0.004620613508788898,0.0025752507943166358,0.026678752393501426,0.0002116311482271966,0.0008642576469781911,0.11249224577885768,0.0013880846915053622,0.0009351152155713771,0.012520271972691831,0.002856034156332017,0.010599308589889138,0.010646807212418239,0.028973075899948967,0.01989623565756248,0.02672052436063502,0.007671798081142651,0.0010256152294807002,0.0010447417248871686,0.011051628731283623,0.010893409732538432,0.007956131474102473,0.008126021224519463,-3.3199480610077714,-3.3627079708540553,-0.8328349369295158,-4.773781500570514,-3.3369769905284903,-6.063948596957759,-4.952204408433916,-5.084284097790654,-9.282438941583889,-7.872476720026896,-6.107048321568151,-6.327492919581793,2.7039745714809187,0.6500304039385221,0.5306047253518451,0.004145722786074652,6.426378481462502e-05
0.02403704016222859,0.017629670040819057,0.0044291479152681855,0.0023534790716602237,0.026676427293263437,0.00021294665142354975,0.0009098173957932482,0.1086170597615677,0.001361642769490769,0.0010080614198019625,0.011735672692978863,0.003003529668413124,0.010944007341081549,0.010717141734322937,0.02819812220458681,0.018323051178900745,0.028805631306875194,0.007551625700099838,0.0009521621446231224,0.0009899241489694296,0.010465615101617446,0.011427880083025657,0.007960231151586604,0.008340921555585948,-3.2675763282446093,-3.1991743973353937,-0.7851386887000215,-4.793976978604979,-3.411045712829875,-5.933404313190293,-4.843677901280473,-5.2385085961761115,-9.990208771123823,-8.45525499751229,-6.409186405477884,-6.41368746765715,2.8737717443469184,0.6446073559744124,0.5445981115589622,0.004159889042090529,6.917163887176099e-05
0.02423021962404163,0.017656248901103063,0.004517801294799792,0.0024120263443141122,0.02520792993438833,0.00022535369441117894,0.0008831831332476247,0.10887406110576751,0.001392005788551957,0.0009389533949226055,0.01264982756634704,0.0028354013389784,0.011147493462852275,0.010674228608769498,0.028660019577426855,0.019820325793886706,0.027025006922003422,0.0074060190596770764,0.001011832014988946,0.000966555235128174,0.011407183842556779,0.011507098378305537,0.008288376643128498,0.00774156121621992,-3.3256331700752373,-3.2261971238096736,-0.7841340207864537,-4.617286268782517,-3.3068018491373454,-6.154987218659236,-4.6705717292564515,-5.217782166479112,-10.008342720548121,-8.430321983374146,-6.090843911761228,-6.0018839885098325,2.80282216373277,0.6258801755266894,0.5258890118850357,0.00390566109369187,6.69077938193963e-05
0.022743681581753522,0.017229529036850565,0.004463462234276215,0.0025224754019524593,0.025946958748028957,0.000218428505420777,0.0009046094518672136,0.11262768450637918,0.0014057531954320638,0.0009680041947638023,0.012565446421284958,0.0028153003457158446,0.011171761279459461,0.011175314518512915,0.028359741361383025,0.018129719323234695,0.027976915715894776,0.007550522987323863,0.0009759587868757633,0.0010361210434193524,0.011037862478241262,0.010691796215748707,0.008241659328879178,0.008038805874570076,-3.3515836400269228,-3.2607085212045472,-0.7831264861541157,-4.566116690901996,-3.4178318703422663,-5.89628010072965,-5.036657372105943,-5.21932727248823,-9.41520747013747,-8.057081386300158,-6.025638725387728,-6.383253205326186,2.8954597848161567,0.6232687763227456,0.5635958274290647,0.003886961205513419,6.514353223542576e-05
0.023756763312361186,0.01863922197896793,0.004433879056125067,0.002571487255689258,0.02587193562726493,0.00022283906053550967,0.0009017760751040343,0.10599647120275595,0.0013497056489155392,0.0009237141689527527,0.01184415766070236,0.0028761761860670544,0.011348780506410767,0.010954471804045315,0.027881798848572087,0.018320678855117487,0.026738626536662046,0.007596774612333606,0.0009588185277974759,0.0009930735681161183,0.010742959088917382,0.01049053805932684,0.007709753238899033,0.00825565277610874,-3.351055309440895,-3.4229848229900584,-0.835464734728556,-4.417887178879057,-3.3900773546118366,-6.025621537725743,-4.866114603286721,-4.9579526226471105,-9.97312539220059,-7.847161660175297,-6.202514975076604,-5.93868235256553,2.7708009538399314,0.6279529910337313,0.5165944741744714,0.00401333799430019,6.847981393902392e-05
0.02291794632695444,0.017122469748679422,0.004768591140551796,0.00248421201036212,0.026138159200862814,0.0002286050108456563,0.0008627100332978234,0.10623665427265257,0.0013381330667851408,0.0009928475031610398,0.012279242011604954,0.0027613585754521853,0.011477102433635585,0.010764265369261575,0.0283777943436294,0.019431009922568163,0.028420471200057387,0.007370641264719767,0.000994241237870534,0.0009724016280958317,0.011344147841759097,0.011297625126824983,0.008048520896636125,0.00775015664316301,-3.4216687831410955,-3.4067893407994965,-0.8479841283228888,-4.593319770953136,-3.3283117550618355,-5.897411984021443,-4.865299034056349,-5.220317265722644,-9.961410433668917,-8.497340990274846,-6.092728550425476,-6.096746171038958,2.754714797965489,0.6135079614518937,0.5293331719665937,0.004180952471799412,6.671473519699193e-05
0.02305889936052216,0.017560303718276965,0.004672072063262327,0.0024334386240844096,0.025737205263399367,0.00021668871641333147,0.0008818533235674212,0.10789827174234728,0.0014356573144228104,0.0009787337322597629,0.011664107676572114,0.0028921170241817673,0.011432558475953529,0.010900964637576355,0.02842950825428253,0.019253336864583408,0.029191961544259307,0.007222897020006402,0.0010068725498932009,0.0010419447997889455,0.010724979763248389,0.01068114844788952,0.008381923420703923,0.00828325170382947,-3.4696364438118215,-3.4447953524238377,-0.8554602170463299,-4.605669893152506,-3.2949893460435087,-5.9360619797478975,-4.7201875200121695,-5.122481524560839,-9.689036318535784,-8.168995160317122,-6.490699475304749,-6.010432240093194,2.6617475933971155,0.625095637893665,0.5270687527629252,0.004233076108518663,6.732426275115756e-05
0.02445928846750421,0.018498887806277717,0.004597791594244118,0.0024741515251529853,0.025673126649585543,0.0002211959295866171,0.0008846365072684463,0.10796080030709156,0.0013393811429650792,0.0009591500843446259,0.01218372434065183,0.0029907533968028224,0.010721666846189167,0.011018457564635525,0.028280323329747,0.01910885417706254,0.029229627008473414,0.007590880782790635,0.000985208233919937,0.0009821225079225083,0.010539142245490091,0.010597370273329248,0.008354448138166855,0.008045293369959057,-3.3447543573174148,-3.4025916470670357,-0.8102174753654684,-4.525883248658121,-3.415269925171564,-5.818219502348477,-4.6376117906338745,-5.311239947282824,-9.652157926089098,-8.069432006832505,-6.420112705240964,-6.279161728853748,2.7236385621939285,0.6560867986730625,0.5496159888704021,0.00401061592993703,6.56010201212598e-05
0.024173565117564525,0.017927890606952806,0.004618668892612821,0.002494090770797744,0.024749215649860223,0.00022946618629630618,0.0008403819566817815,0.10983358891805033,0.0013986601517723095,0.0009458825134276758,0.011815815142444728,0.002807351486919415,0.010973048610686875,0.010742248522919433,0.027558632842996433,0.019615886114670057,0.02927301916050657,0.007537653989503389,0.0010267573490492289,0.0009981629690023993,0.011209134326917617,0.01055818447937423,0.007818019742043622,0.007614713917982771,-3.3758312541675943,-3.375473896922015,-0.8584916233524693,-4.7704197147302745,-3.4682877216111994,-5.972630054875486,-4.938057870594553,-5.238709051964167,-9.503889351725856,-8.128169124774104,-6.253123713049807,-6.053034028254722,2.9083469667553272,0.6119401751132216,0.5586268922016159,0.0041676800833987705,6.862082384852906e-05
0.024750988724050287,0.017632334547509163,0.0044814702890158585,0.0024586147759575227,0.026354183155387484,0.00022374811225385046,0.0008565694723255809,0.11329810369060668,0.0014576409681522884,0.0009621138735553764,0.012168731630146151,0.002911599675350885,0.010966357038766387,0.011542863580683599,0.028740511807246627,0.01961538646428927,0.027201611755228478,0.007726471316022769,0.0010420711236012606,0.0010177910776573444,0.010987386552208985,0.01148795009770295,0.007623634888906058,0.008366714791775151,-3.4829145538113737,-3.4176175924107284,-0.8329406390691855,-4.436902188361473,-3.4087026107203364,-5.995754991743007,-4.856873229811769,-5.169712057907671,-9.272737949846826,-8.165135400038611,-6.171233138305866,-6.018192108720526,2.648212452730717,0.6057608028363841,0.5655629648953757,0.004015871477284594,6.321485317758428e-05
0.02428515497610015,0.017153796221274605,0.004732228350455802,0.002422846887348282,0.02648963316886562,0.00021357048136134657,0.0008340529128357714,0.1138479156680384,0.0013921608632808907,0.0009698215546375216,0.0126631361048268,0.0029636766774401454,0.010682006073107354,0.011311786896114614,0.028752949521625704,0.01847717613321967,0.02876481888922703,0.007152473499751721,0.0010475443333218624,0.0009601335088470623,0.011019094897994929,0.010952071630318388,0.007878748241708053,0.007707975967113945,-3.394627938992139,-3.2694758694896513,-0.8499520443352145,-4.613474993956772,-3.3332543784369633,-6.042182759175377,-4.909384774264548,-5.089040346412727,-10.107035689079694,-8.240366711318906,-6.2810536501200085,-6.0386596470884575,2.79509644394594,0.6501927701119811,0.5561975666438236,0.0042032676687794,6.832574259872941e-05
0.024312487048222583,0.017553131078021915,0.004791741474150656,0.0023912954535036876,0.025882700017595767,0.00021477615532907384,0.0008603502963976198,0.11217320155735341,0.0014252590279022353,0.0009526620225415783,0.01208969920717395,0.0028503366978173145,0.010590822937939458,0.011214964430260732,0.029107178546223952,0.019827845942801573,0.027422407292561287,0.007275966253811974,0.0010354656759020853,0.0009893029983992913,0.011416099577238636,0.010772628458472986,0.008277002434195262,0.00779351248109243,-3.24606035133696,-3.1947342385086595,-0.8112291942852308,-4.631849802774511,-3.5482612989221924,-6.078160831818097,-4.799372212742883,-5.286193963235889,-10.130985137022236,-8.46055235978809,-6.483630282212696,-5.910973618812734,2.711651197526351,0.6133495818666358,0.5157430453561707,0.004037301327481204,6.619725941902026e-05
0.023452256556803594,0.018846912859403035,0.004376102614388682,0.0025174547354756037,0.025142637010268067,0.0002287796054016721,0.0008843010491694617,0.11127459606454536,0.0014000155936242683,0.0009483105043301906,0.012334543306323676,0.002946823046217738,0.010939026730636205,0.010659537536264774,0.028955111430172095,0.019136353382175095,0.02748690295509538,0.007691873575981746,0.0010484891288746378,0.0010400795669432206,0.010718941769446804,0.01074204978686884,0.0082435444631051,0.008063897461225178,-3.164716701158364,-3.437558514366056,-0.8256606725017458,-4.543885350855803,-3.4532088325068298,-5.9944503296842555,-4.970265636566064,-4.905901820646558,-9.90349343009916,-8.090905442369584,-6.093367770826463,-6.281803329081252,2.811140462890908,0.6363493835092257,0.5595403978455835,0.0041015884108707755,6.660661583931046e-05
0.022740297805091354,0.018004294032856052,0.004653399100116395,0.0023508642643056067,0.025335320406509047,0.00021123576500938954,0.0008982567021789844,0.10856971680483243,0.0014559398783738507,0.0009872711514584181,0.012486217152650973,0.0029450964166633327,0.01086602760812823,0.010785762454934752,0.026860184468307576,0.01936794995541672,0.027469214755553934,0.007729408091329072,0.001014751100002641,0.0009966636207080727,0.010523675738189103,0.011281103173871031,0.008000824346622817,0.008284704756202993,-3.1692208142678298,-3.188317813901511,-0.8548576349073009,-4.6068349438699565,-3.3579531710597217,-5.964125498038335,-4.84540299317517,-5.316341903035597,-10.015388182033774,-8.19718439190473,-6.493497620664075,-5.90511900671371,2.679876796825276,0.6349495901403123,0.5510488181274085,0.0038792158290168644,6.402346148061417e-05
0.023407104766057188,0.018569957288320595,0.004527451751536164,0.002396910535312785,0.026285823455080726,0.0002095450144954809,0.0008399569537684677,0.10812775386196594,0.0014317477658109758,0.0009592716350427375,0.01254928575243557,0.002903232355007771,0.011184285006848762,0.010618079540222045,0.02923543593826678,0.018946042269721377,0.0292934235215957,0.00771892223848392,0.0010481086970666905,0.0010217586580001184,0.011548800532411248,0.010617245690443132,0.008395209288736584,0.007727670520001918,-3.426950335531693,-3.2749897389126534,-0.8407700571758374,-4.619330941989469,-3.4485826177736585,-6.085133564107714,-4.70909966643557,-5.100665414790791,-9.714688975355797,-7.925281622483666,-6.376693930231002,-6.311898685126641,2.7857319852746456,0.6206176322269137,0.5241989343981801,0.004128111493078597,6.334225487262376e-05
0.023063764835579603,0.01811423121973856,0.004470096366728381,0.0024202089196114413,0.025724514497081394,0.00022700914076264478,0.0008712596971053646,0.10490027216045683,0.0013917187790773642,0.0009862024694965292,0.012109320528992664,0.0028039822038842684,0.011524166480773599,0.010913338724753575,0.029097810032819135,0.0185095839799226,0.029242234879359025,0.007495578488701539,0.0010170710556566837,0.0010368455269627367,0.010689238180242932,0.010572100118795037,0.00781707814510877,0.007913801204758498,-3.326882690573231,-3.193264006802705,-0.7871476659590113,-4.692815713695899,-3.572717304590169,-5.709417010982286,-4.940699151002249,-5.351413464818174,-9.54290283529941,-8.161143027937733,-6.415511594775063,-6.280631213200921,2.851131465729029,0.6400691943563549,0.5613787925087307,0.003977559770377126,6.909589308991601e-05
0.0244540891219605,0.01846210580475527,0.004452719590883239,0.002442031835547092,0.026588384751821778,0.00021590836798209763,0.000832555579332743,0.10363077209505979,0.001464381783965271,0.000968796585842721,0.012005060932164633,0.002889840626234899,0.010524477343103963,0.010827344873935083,0.028737943306105088,0.019647119639594122,0.027405662746153112,0.007475935461105398,0.0010236357390052513,0.0010076125980030498,0.011435296578787847,0.010526649614177304,0.007832625107135496,0.007794733774754264,-3.2614197585250375,-3.3030886365836216,-0.8458595411180292,-4.827859607460306,-3.492694296420894,-6.074801165763002,-4.636972069891827,-5.057196462449161,-10.15444966275178,-8.426142718173024,-6.446527593089899,-6.379730477420992,2.8126210302405705,0.6506945140028827,0.5321158188024993,0.004022994300040877,6.270240278891524e-05
0.024399063863428442,0.018430388623970995,0.004646877932583729,0.0023765896954149063,0.02467069237799194,0.00021149115610930898,0.0008655951626662913,0.11012870815627783,0.00138840429733037,0.000971497532581817,0.012366999107122831,0.0030070181370119497,0.01131715127681432,0.011269576035031014,0.02670477649417972,0.01849638779997807,0.027960524601246484,0.007755292790541197,0.0009986359244579153,0.0010462587651066469,0.011247773028261718,0.010607801115859987,0.0077459475307173125,0.007718758555033016,-3.373936351765774,-3.4405323131445362,-0.8021918685571964,-4.729097174787788,-3.5192944140350835,-5.812207481376739,-4.897427761470665,-5.148940184599594,-9.798308244332127,-7.8386023808355025,-6.302059043836156,-6.462672649519481,2.7643923694069654,0.6391289739033185,0.5233479508744314,0.003888463153633036,6.809192056025729e-05
0.02278713723707371,0.017244089933667016,0.004622242020668139,0.0023733126631273293,0.0263046210358099,0.0002146346024917547,0.0008933902858757295,0.11436023538931739,0.0014546678454278473,0.0009720992434146262,0.012480524609755272,0.0030309650817857414,0.010527970990148242,0.011056291765739872,0.026742991364680883,0.019458606138108986,0.027824360733920868,0.007483495722254337,0.0010066988175029706,0.0010078738781540834,0.011353062436067865,0.01061900157620224,0.008282536754081953,0.008339291413349933,-3.2038892772347953,-3.399349910009387,-0.7971164554407667,-4.576744542365791,-3.578683355722518,-5.651973381552675,-4.840166342536686,-5.188097380692676,-10.008603852300812,-7.942574380092295,-6.154899055294032,-6.124179295021382,2.864831531406085,0.6471329956263355,0.5263616246962342,0.003937089020625945,6.641553099755693e-05
0.024273446713770006,0.01835173133950705,0.004714895181856656,0.0025734177541931304,0.0256692549702091,0.00021660418118796677,0.0008600456630768923,0.11059208244998088,0.001438707721060379,0.0009380914532077385,0.011752157586158975,0.0029056493557642815,0.010610386440350084,0.010852577918689292,0.02904439617913311,0.01883115407958852,0.028106714357845283,0.007606157906696599,0.0009831665516469015,0.0009839026682171442,0.010453320744683563,0.011386978270265408,0.007729456360351966,0.008159032593977293,-3.239328487521835,-3.2703190232552664,-0.7942340891534295,-4.516477713015743,-3.417975195763613,-6.129301219257555,-4.6965809018660565,-5.292029346741682,-9.75256185887261,-8.17432354643754,-5.981984485378642,-6.251390895468808,2.8473044406991144,0.6339996657266163,0.5183794949934011,0.004067200099042183,6.926999312651544e-05
0.023445192855972123,0.017220956049615495,0.004421275230403051,0.0024001394164423037,0.026395042522622703,0.0002109525528150654,0.0008573091187782465,0.10866876283722315,0.0014362287298190538,0.0009216336448302852,0.012099930613417307,0.0028487543049698174,0.011048543066819478,0.011017100448664378,0.028848061101314985,0.01832588077586765,0.026670701801070767,0.007865091811437176,0.0010434200928720512,0.0010309668120813361,0.010923672544941582,0.011035872002219362,0.008319126844406244,0.008118654015106128,-3.200844115009447,-3.4649903527773076,-0.7881641072407912,-4.641909176103803,-3.4990444174044404,-5.711103086104536,-4.966440564963209,-5.19115510376525,-9.475391542046836,-8.440331664356837,-6.136612363933707,-6.063489853371425,2.883146955232133,0.6202522951242587,0.5225780386150957,0.00393875721870324,6.88234208253389e-05
0.022936048080063862,0.018608264310237654,0.004810070539047791,0.0024696815182589423,0.02704989442724238,0.00022230160078303177,0.0008899920454837357,0.11020683367276934,0.0014433719796915112,0.0009274887413981352,0.011804318153986852,0.002799981424335345,0.011093476839491093,0.01052305504409884,0.029296551917609992,0.01905542299513498,0.02900950255627518,0.00725050817653626,0.0010215887023763681,0.0010165040036430157,0.011425279132620293,0.010737915239166307,0.007736193866327005,0.00814524342056134,-3.367491145341649,-3.3170059834503802,-0.8309385686376254,-4.55725657060068,-3.5078811929275675,-5.962642346758992,-4.681598356198357,-5.037100193626026,-9.898995557997695,-8.403849144454348,-5.937823199755266,-6.401538316036495,2.8841877509811167,0.6201332901446412,0.541590860054559,0.003874049048001715,6.74495171643389e-05
0.024206443551255175,0.018750737338934745,0.004672943171065388,0.002566703315203137,0.026271349428532643,0.00020924239840855037,0.0008407366770197772,0.10841523528050834,0.0014179181460695052,0.0009729620235804857,0.012413577855756369,0.0028482120949962814,0.01132435880251805,0.011194327186644358,0.02881270556993341,0.019512028488128965,0.02902779825100137,0.0074650489071769795,0.0009562233434011761,0.0010044035738735492,0.01086273845682536,0.010928403412433722,0.0077445744337698175,0.007764681118775367,-3.4678346582349824,-3.447097953578586,-0.840128993183647,-4.765345271360359,-3.519385859239177,-5.759379124572031,-4.890704843968724,-5.213463705557528,-9.846857491695204,-8.129105168132883,-6.400077035218801,-6.181983760244192,2.8138120301678406,0.62068840954226,0.5267295813588571,0.004058190708203009,6.354146476077084e-05
0.02472133590281739,0.017775220575052826,0.004525525415672015,0.002553810806046797,0.026037924502806356,0.00022043559247778328,0.0008971131622992823,0.10697691130795185,0.0013823203469125818,0.0009328167130866664,0.011770482913229866,0.0029442125008661384,0.010623123738080215,0.01118763513715092,0.0276851992316359,0.0187598352282474,0.027010478555481922,0.007249144628373425,0.0010007930283135891,0.0010053985187159166,0.01141267523529997,0.011481520900326846,0.008085591472201394,0.00782085453377773,-3.203712903083946,-3.334907629407052,-0.7877653142949175,-4.526419951595892,-3.3754386557343263,-6.155842473291259,-4.664517484772289,-5.020545074242765,-10.18085941923643,-7.9205382545767975,-6.478097828391569,-5.971240447329843,2.8828482965606406,0.634514383759975,0.5514166321481817,0.003922535319914119,6.44091459756898e-05
0.023953996067446706,0.017523765012240414,0.0044285163792142,0.0025654393074642365,0.026794629522208624,0.00021142623307492301,0.0008979380875681273,0.1046769925759959,0.0014410190787722478,0.000989573035879797,0.011880046309636695,0.002901724046545758,0.010477490820957652,0.011329729317972112,0.028461027865481624,0.01962344565210674,0.026826188475895085,0.0074986891443024626,0.0010271148682481008,0.0010262484161309552,0.010575537361823503,0.011270435754281681,0.007739207296361739,0.008037879407771271,-3.332325023753757,-3.416520242699086,-0.8530685355342134,-4.5055913965897245,-3.4944768519195213,-6.194973732161846,-5.110685248501261,-5.298587698532194,-9.875468763373766,-8.21714985549046,-6.214701786126774,-6.368187730197587,2.7669662767706744,0.6275846527717212,0.5457613694995572,0.003961564116281078,6.74522668579384e-05
0.024783804078611953,0.017519929864066766,0.004404445138682773,0.0024571184677979804,0.027044517751477745,0.00022992938824714055,0.0008582342632272437,0.1071774294823665,0.001343977665288651,0.001000430876964464,0.012643851258341547,0.002912415887814552,0.01133659489569278,0.011072019053559737,0.027975061725166797,0.018765006407373868,0.027859094845026314,0.007336043403191135,0.0009947397169479948,0.0010429402839561325,0.010709738413813548,0.011469537804775347,0.0076176652758990935,0.007782324025309798,-3.377899332411825,-3.3831504181632064,-0.7843687054669,-4.632414248100332,-3.443970708578671,-5.761262363379473,-4.801505859259663,-4.9393998228143845,-9.382512986673051,-8.505227806543168,-6.502624555222825,-6.396005074104373,2.811378929829587,0.6571929499317563,0.5401180196230694,0.004256532048389452,6.772928171397592e-05
0.024741253113152242,0.01870120500542252,0.004587785909645661,0.002564696753101572,0.026617215766984233,0.00022480104280255716,0.0008718355528176479,0.10517320090909274,0.0013506147309741388,0.0009785506020193585,0.012153681675490888,0.0028041349888254,0.0114746963283321,0.011037692897906601,0.029185950278061493,0.0185338484886256,0.028457870423695412,0.007442996844030791,0.0009825588752544409,0.0009723455425774283,0.010895028560484089,0.010859411900578276,0.008231064262371173,0.008111356556675862,-3.206508751083228,-3.173599740141861,-0.8270165549928661,-4.633948812495933,-3.374276899294928,-5.94670051032373,-4.873888451688633,-5.063562634428892,-9.534944704307444,-7.980782892766561,-6.067073129969662,-5.954838642483154,2.688053895960192,0.6530990048677511,0.5293007233387654,0.00419840257892786,6.706593831501833e-05
0.02400867828380413,0.01717702545487157,0.004528366492757025,0.0024846618861455055,0.025832562057436982,0.00022676242069914266,0.0008689211312599939,0.10988073317359903,0.0014558861774128153,0.0009353535081607036,0.011526686114932752,0.0030287687966006503,0.011014629934001569,0.011146799782553646,0.028870754076233077,0.019607861401254693,0.029057051581503658,0.007415936782279425,0.0009508087816507396,0.0010304887899320015,0.011262673867209047,0.011112885471274118,0.008315278546104928,0.008355573244631391,-3.1950884896631213,-3.4425743226028795,-0.7884745083812019,-4.5179933940739145,-3.5843604344291995,-5.707180439622669,-4.751285594567411,-5.158062348678254,-9.585913634463632,-7.858015394707385,-6.122041857662267,-5.916809842995006,2.6987533914325015,0.6421804571483644,0.5571602575172003,0.0041764978785630465,6.676984584888811e-05
0.02279882300024615,0.018120950945989128,0.004387738839212754,0.0023889832334077457,0.026420817564128198,0.00022171842829768213,0.0009076003672847227,0.10952634635264812,0.0013653511080363757,0.000922413969571537,0.012674620935482337,0.0028321340805797465,0.011494941752742406,0.01069423577798458,0.02739898350101818,0.01853687732312341,0.026875201220673474,0.007724555882988548,0.0009584388368983688,0.0009975005593007803,0.010578550559129636,0.01062510907947353,0.007730058883582901,0.00779878777418719,-3.1718132447138054,-3.233775213061372,-0.8243919696161511,-4.5398477948589715,-3.342168937666872,-5.9155194333004335,-4.773224675085328,-5.1826643950565385,-9.91594806056443,-8.16188815505681,-6.492601207191319,-6.12080498808557,2.8320559440930255,0.6525279086622026,0.5609066812442958,0.00414690493798572,6.681219745563539e-05
0.02379479320370307,0.017847486285592566,0.004818289086585809,0.002419566971438946,0.026622592325457235,0.00021183493042627554,0.0008809246156253337,0.11233618527984197,0.0013971429522112318,0.0009535010778643856,0.011503201821022076,0.002811845982025771,0.011227202114290447,0.01073526370193838,0.028420728921570878,0.018738049057316748,0.02734983655876592,0.007540807349751777,0.0009657337726695018,0.001008729566021647,0.010567525445650627,0.010675083105309088,0.007747323915908408,0.007724186250303124,-3.454426557411858,-3.2393265006331804,-0.7807995072547464,-4.867882771464977,-3.398804390198114,-6.158111742291328,-4.696372037075651,-5.3497927980262805,-9.782303590779613,-8.15445826789328,-6.07791522897253,-6.204801795967786,2.879162696615479,0.6208836543989846,0.5286662393785679,0.003902361215104439,6.477761474001407e-05
0.02495854148515592,0.018489884914180733,0.004609429912180983,0.002583849811956955,0.026303696341672674,0.00021912338677099717,0.0008714750065361726,0.11265675681798824,0.001427486603944584,0.0010161018385011502,0.012458549440690428,0.0029930609464716017,0.010640989291307665,0.010662092048548904,0.027385909816670856,0.018677530357468806,0.02772656618594999,0.007381291156938368,0.0009779426399919994,0.0010397407448920865,0.011091183663168847,0.011078283375475005,0.007654718607238608,0.008125381722135575,-3.344205630694095,-3.2172945202047574,-0.8534519369817257,-4.586894991828573,-3.304087611274149,-5.826310167313749,-4.923599576319339,-5.092408823190827,-9.734691290946015,-8.190027236033142,-6.278916424321544,-6.0515045429195435,2.742452002665872,0.6174984481214882,0.5661326055315569,0.0040822863472726074,6.904152731032064e-05
0.024378408279185623,0.017751811017279573,0.00457634206515622,0.002587296849220369,0.02706391596570755,0.00022447745446527585,0.0008829598937531759,0.10805920972744111,0.0013735897155102191,0.0009775235072747989,0.011546564314150052,0.002921801508660612,0.011090632894016227,0.011297628571452415,0.028210295130868066,0.019204635602548398,0.027035467881318186,0.007613868017011974,0.0009511369963028728,0.0010281613480154393,0.011053682295147018,0.011238107027203452,0.0077237652991601615,0.007907523481128963,-3.1884023245661104,-3.2557586846495905,-0.8041371363859742,-4.422171727706797,-3.5062642383714144,-5.694046219706569,-4.854159839933871,-5.367375213700141,-9.94081548880907,-8.235566325687337,-6.077628519093384,-6.376036017531476,2.6697475259931243,0.6392083759654148,0.5437939046535841,0.0038962511143749434,6.626008002173717e-05
0.02400553599872584,0.017903216688595375,0.004443352342989066,0.0025363969897193245,0.025886339485081625,0.00021258640012860328,0.0008988016376670853,0.10738352091061253,0.0014427647896857081,0.0009221601107718575,0.011644536084911082,0.0027892423645968483,0.011059342497239796,0.011390584912961715,0.026725464389873877,0.018347563302759974,0.027972749399864844,0.007628691175862177,0.001024253194234695,0.001029431479245333,0.01126944228024355,0.011367969683656994,0.007856522045738563,0.007919892151550405,-3.3774465824315434,-3.422310594279911,-0.809846858935604,-4.865140003776878,-3.434429897539041,-5.6966742303694735,-4.727534411266366,-4.984578684611799,-10.117717866692526,-7.954523593424748,-5.895853347847407,-6.188891957813299,2.740822424388406,0.607703257014868,0.5539442548188851,0.003927227673799359,6.762768310776563e-05
0.02331053054852874,0.017287879790957947,0.004522206170522992,0.0025258090965669367,0.025954437375210256,0.00021403949251831548,0.0008760128705066945,0.1120754865877118,0.0014229084281402824,0.0010108958568706158,0.012685291869454315,0.0029865677825719624,0.010481595718831336,0.010574910209754857,0.028003302604292974,0.01850041289684498,0.0283070116829795,0.007280368110445402,0.0009719685607749398,0.0009613964809802993,0.010752314017539004,0.010778566275280324,0.008058540498417399,0.007904883768466299,-3.4786468300950726,-3.159339333943695,-0.8332707182954541,-4.724528285727188,-3.4094202708918244,-5.9838763538083475,-4.89397821491701,-5.108649750315127,-9.79523758567988,-7.978957098387643,-6.310725704048586,-6.030574562138899,2.8976019754563405,0.6341348653169876,0.5218843362938027,0.004068575731716824,6.790049845544434e-05
0.023547533528400746,0.01757981522346188,0.004422962049807133,0.002582309829959723,0.025951623707526784,0.00022016162616710235,0.0008385162080315739,0.11178826491106501,0.0013835067954052077,0.0009405569579754872,0.01262876548356615,0.002964085556561318,0.010652159153664688,0.01149022137793574,0.02761195154874223,0.018287141307529356,0.02785075688033047,0.007621727296649518,0.000954900959841098,0.0009845232211734911,0.010758483540498737,0.011152614123160145,0.00783965846074976,0.007716961607061351,-3.4345296917674717,-3.164484423990621,-0.8063470056341009,-4.618032729402358,-3.36144526157986,-5.937277560910744,-4.807299520142818,-4.94923838804123,-9.570290670449214,-8.036946730810808,-6.483136720440539,-6.1227141547660215,2.789657672056883,0.6034097825094258,0.5215785563041361,0.00391890149994724,6.398656854089091e-05
0.024685666634413184,0.017438533248865237,0.004374539147578211,0.0025037900302958306,0.024942094068361488,0.0002306760118545797,0.0008771674508862361,0.11332293731834919,0.0014609999787022286,0.0009588237679283312,0.01202441606455996,0.0028729929281753235,0.010531507529033741,0.010633733893621688,0.027017536612776637,0.01897735217635994,0.027713579181207086,0.0075335733990344695,0.001004114126300155,0.0009670130925426491,0.011285047591360961,0.01050470154088432,0.008328851759668307,0.00806488600211177,-3.168139454520927,-3.444296658807843,-0.796753211089914,-4.603250889256894,-3.5661188595950746,-5.790512142139663,-4.952294206671,-4.91931713741752,-9.531418806851974,-8.376556884090423,-5.948054922402158,-6.047192498068566,2.8067967250543293,0.6071392816414088,0.5482344529830239,0.003976705368029846,6.62538998526577e-05
0.024024213091350194,0.01866901183124252,0.004737505045970399,0.002543442055875723,0.02630900672053626,0.00022237615165226094,0.0008605414285916456,0.11273444096971132,0.0013636486124659053,0.0009960118520154423,0.01269140954481986,0.0029020501212849467,0.010886365045742509,0.011335043840588968,0.02747947523176759,0.01952237208641832,0.028289894195942175,0.007292221832978221,0.0010109495881098637,0.0010390795860980326,0.010648176242079773,0.011257022770440633,0.008207400597179193,0.008172815508494503,-3.4185100100365835,-3.272636985418436,-0.8445160842797377,-4.678126316072725,-3.594753039901627,-5.949010858426437,-4.9138372238216865,-5.06127088535435,-9.79199688862571,-8.278628354168815,-6.133619613803177,-6.1482597422959415,2.6845216247943977,0.6128483792305888,0.5370420579098619,0.0040145870698847265,6.802750045791997e-05
0.024671895876628942,0.01829170277283704,0.004373510344621322,0.002435908240310483,0.025376342859141143,0.00023084906371992215,0.0009088067324749974,0.10974855173315896,0.0013286596208151836,0.0009964248731396022,0.012240634992927551,0.0027713742732638196,0.010583586496034462,0.011340582467075394,0.027136088785797017,0.01902592937172717,0.026656464431788457,0.007446131905020341,0.0010393986407608608,0.0010036751216402097,0.011493383903436457,0.010620015611712625,0.008192199600265992,0.00804649691034429,-3.2284040084310077,-3.2067910239905015,-0.8491726009867488,-4.5577054838162585,-3.5825714476285833,-6.144482206545803,-4.8270388560169275,-5.048850200015702,-9.27955802162828,-8.124030023763458,-6.137027944999457,-5.989012239169808,2.842106122924119,0.6421115076020731,0.5500066730503388,0.004087086697278302,6.663891568530538e-05
0.02360152804904108,0.018123494838109325,0.00473417895212701,0.0023818625844027838,0.026591260558540337,0.00021325013469425372,0.0008320712252857,0.10888612728026904,0.0014170180990328207,0.0010052314973241878,0.012618621947642947,0.002942871783358323,0.010957932208195296,0.011333962473552115,0.026749901659064202,0.018639097055424592,0.027653153714667762,0.007485097212224239,0.0009861131300143012,0.0009741604152950091,0.011320738391443938,0.010510378114326785,0.008226265391000645,0.007947990479114415,-3.2577304194605228,-3.2872175778285193,-0.8449912463266173,-4.7112879019186344,-3.4521861495998625,-5.924078574321258,-4.859031364911861,-5.364671590189241,-9.697026657287994,-8.120023905083817,-5.910039999385229,-6.329117224420441,2.838399105674294,0.6091937786065098,0.5491417388813664,0.003949804228506748,6.742450496057502e-05
0.023592405810981782,0.017101475482785275,0.0045562529562201875,0.0024575674885420344,0.02717025918202042,0.00021827629529860856,0.0009076655277850682,0.1118907987014219,0.0014204806199865935,0.0009938041304014965,0.012157132719484997,0.00300362576672889,0.011151204072467226,0.011422232004901363,0.02841504648136651,0.018298465518474215,0.0266336717674484,0.007531646800376848,0.000971350233360405,0.0009877486892582775,0.01138797189195158,0.011021678229290755,0.007601947114342556,0.008092589922365521,-3.216412834123674,-3.170041983273714,-0.8175055429517717,-4.588399679332529,-3.4891126464927997,-5.8606022282587675,-4.970292974226422,-4.900668990276516,-9.483000824620497,-7.9331122192476835,-6.43642652923198,-6.0113732453479045,2.8972567120755524,0.6439905684389063,0.5340184146169062,0.004245793034128465,6.294778023732475e-05
0.023801971979072425,0.018827202890453754,0.004378651085116179,0.0024538205519197744,0.02496726523571043,0.00021665678761608853,0.0008812029435961107,0.11051924498789878,0.00136148495081199,0.0009742347097013321,0.012038947804840588,0.0028183828150504424,0.01100099795399464,0.011165556218699047,0.028370473486595618,0.018451593272099807,0.027108003923314694,0.007675187226417756,0.0009602454806731023,0.0009557409643227578,0.010843342294034762,0.011507911446552152,0.00833129313981936,0.007766769678008003,-3.3880687505273976,-3.4430228474163234,-0.850444659670908,-4.419421816814327,-3.5717429291316978,-5.867819991625207,-4.844041006554534,-5.0231789338461,-9.362400731548187,-8.259451109148019,-6.031486919923814,-6.258297076037233,2.7358405114220856,0.6326241621917355,0.5308468942009074,0.003973658578845131,6.477157418461131e-05
0.02290425521506406,0.01710356277449547,0.004493676296122616,0.002595582057033795,0.025159332587147323,0.000219225852478008,0.0008327428196077875,0.1141164012025073,0.0014164955515062795,0.000980148565116308,0.011505731888695794,0.0027633314203988207,0.011347168840394517,0.011272520880165433,0.02683080770992433,0.018143942412670328,0.02787513423439146,0.007128552412251221,0.0010296032739641606,0.000985848524420114,0.01104671535523571,0.011472894698733582,0.007620878222946868,0.007964326209757708,-3.320497267623242,-3.366347587823838,-0.856594812600666,-4.644568640875109,-3.6133817564848885,-5.7064269577491125,-4.6706499676918565,-5.260879828783443,-10.187450170232202,-8.360452837501382,-6.022670036750331,-6.005878027503524,2.8638666230308187,0.6534410080526872,0.5145353503081067,0.004144894749615514,6.791798558777638e-05
0.023605244401635275,0.01759750209909354,0.004530526665477861,0.0025724609684545647,0.02597762837610031,0.00021507389362013644,0.0008512858064842681,0.11211211454975128,0.0013384145335709665,0.0010121431069875608,0.01182214691511272,0.0029379805459439825,0.01103863221381248,0.011426599191554239,0.028531598107527298,0.01954920609607689,0.027064079055646537,0.007600240101748375,0.0010033436479361232,0.0010271142433895322,0.011236373848379179,0.010458890028795277,0.008005794874476705,0.008374245036980808,-3.3234833463324045,-3.3189064229627276,-0.7873617062296163,-4.4412032775383885,-3.2823240963978284,-6.187680167361738,-4.7896027477254,-4.963245398086753,-9.669607926692525,-8.250383892010829,-6.238328420118856,-5.928275792901309,2.7721892527262835,0.6641850357285901,0.5473002511875642,0.0042535055172358265,6.687795290799472e-05
0.024292241121972317,0.01876261974702914,0.004630397465969132,0.00250069369681067,0.024613852007588394,0.00021844968260965528,0.0008401021089412605,0.10732009850041303,0.0013773578620952644,0.0010075568943181486,0.012273637523455873,0.0028202859141634837,0.011211163789384339,0.010593371344081021,0.02691914605448034,0.019914657219666322,0.027343499795230358,0.007192477142663502,0.0010388131774913994,0.000962411621690653,0.010882519832429584,0.010892690112442824,0.0076835638154838315,0.008260541561687686,-3.415280983849221,-3.2668827575588764,-0.8538742245372318,-4.62541047373945,-3.309446901675885,-6.027650943439922,-4.772464634250273,-5.136664544863264,-10.136686154311018,-8.298374653673726,-6.292146058065248,-6.027127105527691,2.8052156545510822,0.6097750160056229,0.5147950710570741,0.004077155826917698,6.869593244077663e-05
0.024800610786244504,0.0173090326437431,0.0045785267087032,0.002505783184881126,0.02496905058118596,0.00021950241342028878,0.0008538889139823221,0.10573961658240416,0.0014492661076382326,0.001005138378265579,0.012440217340386061,0.0028875009375329275,0.010625986207571445,0.011540648462040067,0.02877512823798436,0.01824115120019457,0.028217345499049036,0.007513970461642311,0.0009896131440926945,0.0009884718384046709,0.01133661470868641,0.010803761456668268,0.00815395163185599,0.008340534170252416,-3.3350391185277637,-3.2956085017584043,-0.8525539759040989,-4.431277052744404,-3.362720139854329,-5.940796736878756,-4.750164523558868,-5.026159166034129,-9.977416081534018,-8.375898745481805,-6.4659592449423675,-5.898379918107913,2.6806552853886023,0.6191590420021252,0.551224711876225,0.0040963961451353625,6.357286016550108e-05
0.024196176897087716,0.018559320822639155,0.004616904657188351,0.0023821175872915795,0.026295808423361856,0.0002175141119373301,0.0009144956449654763,0.10615338228438878,0.001375561778457397,0.0009882134192510115,0.012467735558117263,0.002985264325669728,0.01126154082177349,0.010816240536787081,0.029018228905288677,0.018217330424714042,0.028687139995020476,0.0073985658336331445,0.0009517775821125064,0.0009529976471517565,0.011465085606280376,0.010926492612602492,0.008377523947432986,0.008171925131652696,-3.2736682414494958,-3.2045257157362896,-0.8000881129821832,-4.589607747878906,-3.612351798438214,-6.008336953059369,-4.916716762918392,-5.317869824710048,-10.064224085960134,-7.985903829090878,-6.028268040890328,-6.228041357758478,2.919866461835708,0.644205830813427,0.5194696273972872,0.004163673227740666,6.412472521070695e-05
0.022782725317363535,0.01797499716188495,0.004475429868494021,0.002365263440460652,0.025913710281475967,0.00022434510137519004,0.0008292100544951319,0.10357228463797304,0.0014086343458879337,0.0009920396065359652,0.01241014215408477,0.002855311986042041,0.011491612964449577,0.011093477269191033,0.02830477621833302,0.019215910837182316,0.02722015213601407,0.00739723010381582,0.0010346985139631714,0.0009746267881864025,0.011128368486225013,0.01133187693034319,0.007970500888605495,0.008175483362617832,-3.2464002144511093,-3.2649881923155633,-0.8439091616219291,-4.768902561958637,-3.406012871247047,-5.657747567070322,-4.989901325500105,-5.324026229915797,-9.50044989115546,-8.603182877872314,-6.332592084595895,-6.4611814347579095,2.6812018448073047,0.6565001848134664,0.5521522267295682,0.0040470849797723946,6.438460685088446e-05
0.023869695172620393,0.01734253357662334,0.004773500082590823,0.002524359646357823,0.02678473599043815,0.0002132453814253075,0.0009028627303600165,0.11355367615347119,0.0014040226417114548,0.0009354896695827872,0.01197603634174581,0.002952550299086519,0.010909881065579226,0.011041286563017477,0.029054707486988806,0.019497791448344317,0.02703946487409787,0.007458519989684202,0.0009880341663796128,0.0010050821312638835,0.011202916758539048,0.011439082604043221,0.007706888378180894,0.008035584281805716,-3.4351175531305036,-3.354246108953172,-0.8146973577809604,-4.470295093049819,-3.339150428311535,-5.798815176916452,-4.960149199489331,-5.1400673182241965,-9.873400697840458,-7.8367820293254296,-6.401650933393099,-5.983698300278716,2.737209502148184,0.6212776203443218,0.5545541040524375,0.004008441706255664,6.382878648169811e-05
0.024818234704489586,0.017849815205241874,0.004471601584040029,0.0023908612436490785,0.026246611545091978,0.00021839216566312024,0.000837666665892034,0.1103401992501023,0.0014411648900878155,0.0009451660233590353,0.012010020089670668,0.0027643850539945105,0.011539242273003987,0.011186647366316848,0.026821251081456596,0.019612064540136507,0.027315120385022443,0.007764385599206477,0.0010395164175781727,0.0010085391478973098,0.011142028327093649,0.01148997805253245,0.007815456575491365,0.008282622376488571,-3.353205956442853,-3.415414849976209,-0.7920770632550769,-4.571700894578926,-3.487205047031185,-5.803893146774654,-4.761669890734399,-5.033379858102844,-9.371920853635146,-7.912740218896263,-6.472093231782678,-6.112409828948204,2.8037371232750794,0.604887328082756,0.5222861749034671,0.003964013505821431,6.368325913290446e-05
0.023392843273218136,0.018716350334466732,0.004663794905300652,0.0023718215058896783,0.02616667775910433,0.0002129296632683841,0.0008570448339921004,0.10385925349250837,0.0014508447338952772,0.000954140278400112,0.011638856800144157,0.0028866879206934123,0.010543271129695518,0.010767227203043423,0.02695766238337503,0.019161323076459038,0.02904545390873313,0.007220101936532524,0.0009907914557221633,0.0009541569079117633,0.010935882432106393,0.010569576510515656,0.008168756665910012,0.007733439039920174,-3.3021500046877663,-3.175677217887066,-0.8073576465001635,-4.720556100760931,-3.615352386860066,-6.1624305071597325,-4.982681830740164,-5.3987415629251645,-9.374832996833144,-8.219688746142685,-6.217332622069315,-5.960126701267444,2.69697647349587,0.6365475260808059,0.5400668290303262,0.004225941390636536,6.567978982506931e-05
0.024676421456859828,0.01761547330545945,0.0045334650124095105,0.002367409584659779,0.026752974079820604,0.00022475617421943502,0.0009068616864639036,0.10992263118323176,0.0014237760854421396,0.0010070296028549819,0.011780316784130287,0.0028804919362598064,0.010680365983622172,0.01124114683637542,0.029373568324653744,0.018050928321107867,0.02933311913431739,0.007753465601777476,0.0010361575243313544,0.0009777154565331877,0.010816869694165485,0.010842044098969382,0.008092189144523003,0.008011526256805162,-3.4141047537142386,-3.2319525303784413,-0.8567179219763683,-4.579470598976165,-3.3202254355262757,-5.64111277993524,-4.888634387089201,-5.352802102374813,-9.637531490736132,-8.54331251702462,-6.166719434624656,-6.2278462475645835,2.890015487231958,0.6276180436271135,0.5180432214202358,0.004217155277715967,6.632030262556849e-05
0.024472593797678778,0.018001363090975962,0.004603426655088046,0.0024481499013946817,0.02707501735112964,0.00021361993245753804,0.0008652655563756282,0.10886557785102247,0.0013955232709706971,0.0010063963466241067,0.012303066051111004,0.0030196770065151054,0.011235260161756765,0.010934263971040574,0.028030297140755115,0.01844601325300112,0.029051612476571148,0.007707302353358936,0.0010447635141610549,0.0009846993006855187,0.01064516962292359,0.011535895871968432,0.007829980940006332,0.008258172523316384,-3.393611245319159,-3.1507864556202194,-0.7892399106482101,-4.621347936173177,-3.4726506953002167,-6.11942493048561,-4.84302588296563,-5.189972962818445,-10.159564308428816,-8.132632510084544,-6.224554355651333,-6.291653042533633,2.8402679703538714,0.665331826990637,0.5358638278330369,0.00410251442141955,6.875624879752813e-05
0.02465493145270295,0.018465517192147316,0.004558156277563018,0.0024287104074023308,0.026535486346780067,0.0002289683244657382,0.00089245307583875,0.1090768831271074,0.001380581020887697,0.0009314057035168335,0.012117821168424095,0.0030346231574141604,0.010581335822151927,0.0111086112997398,0.028911410187525844,0.01948948416933602,0.028499296827607275,0.007386520413751897,0.0009603945505067164,0.001008603389427215,0.010978373195157454,0.01122976398471472,0.0078021301705510394,0.008256345821045343,-3.314132536231402,-3.2177524975242746,-0.7839532094491609,-4.554910277507583,-3.3896821566022632,-5.676540923640738,-4.660550026703072,-5.362045424545338,-9.319006525382616,-8.274711456098695,-5.992376475601306,-6.290377066363338,2.7604247206263137,0.6242662149458154,0.556208331442781,0.00412240321755246,6.801236354139582e-05
0.024226066529717573,0.01795526238850947,0.004505202721686857,0.0023955400975121297,0.024725587397488487,0.00022721320142987463,0.0008301822433930932,0.10488921524275945,0.0014487354342351674,0.0009788534263314526,0.01254875481030682,0.002792222729973654,0.01146697919306782,0.011519050046586585,0.029133702830324498,0.018367256038687416,0.02791648325605592,0.00758615176290993,0.0010136456908294079,0.0010392694058613317,0.011326470124401303,0.01058939848048233,0.007636959975437166,0.0077457782509538975,-3.387518159252013,-3.18964766288907,-0.8426074099971348,-4.7398101464530695,-3.567958170119052,-6.131843134991269,-5.099443630273408,-5.070170434327,-9.376464200344119,-8.043997028989086,-6.473416350347549,-6.398810924422582,2.7562621627443518,0.6490372277097262,0.5478389069534266,0.0038981696987683183,6.580956610007068e-05
0.02436551241202075,0.01755696086527582,0.004459935043046483,0.0024422104938652224,0.024710484457979524,0.00021041850131027812,0.0008964848854374332,0.10733406818720102,0.001443295521530627,0.0010154242582789742,0.012408129312108256,0.0029330398783448406,0.011048200500570947,0.010898427421269256,0.02692761116230753,0.019474410030991877,0.028144049874162008,0.007819517539819564,0.0009526818013357808,0.0009577631074181859,0.01079869665724173,0.010565798990074777,0.007711873506320082,0.008244768381502357,-3.3250457928018493,-3.2111499991173553,-0.8356701031432362,-4.596837562866741,-3.511983388144056,-6.121429599913554,-4.897710634786967,-4.938285422340781,-9.309840601010402,-7.842226535452518,-6.449553711807503,-5.903264503598317,2.7283943473850454,0.6289478663646935,0.565100887198697,0.0039500996002879395,6.770941344938723e-05
0.02388563337894386,0.017399465777661806,0.004709818171072586,0.0025181384322142783,0.024950002553812377,0.00022958041740314875,0.0008851574989356379,0.10712561127185272,0.001348461197328152,0.0009700184841323015,0.01204211212843506,0.0028526074577851428,0.01048970977128233,0.011070561012715958,0.029211245125095295,0.019036838260519925,0.02707956390820612,0.007592070477159464,0.0010145220691486203,0.0009728164753737932,0.011500198869861198,0.011208091659124748,0.008150933771359196,0.008007630574195354,-3.2990475381665734,-3.2657915653371092,-0.8097065060945511,-4.792250613047572,-3.425707335959817,-5.778815881695125,-4.639598269313002,-5.097497408483932,-9.9959397599002,-8.10684388833976,-5.930511442930623,-5.895749643710386,2.676684131535989,0.6214991815886125,0.5607570916118009,0.0038813264183028225,6.27789747416042e-05
0.022646368983652423,0.01873558356383603,0.004716046638491529,0.0024261741180437433,0.0260512143559856,0.00022927225141703317,0.0008447881571024303,0.10402104049593769,0.0013589712738408543,0.0009509673219847731,0.011830281503058912,0.002877289735033269,0.011277928952398613,0.010963947206607868,0.029035648258366745,0.01898627287100316,0.028453764238252653,0.007521206718657264,0.001015431487773933,0.0009502940306944575,0.011233017489063985,0.01100077464115982,0.008347947188024289,0.007637654829652014,-3.3039233977098466,-3.4507210882272097,-0.7986782750157653,-4.668887799255181,-3.533100826923975,-6.19773764164128,-4.675204218291562,-5.1917710202921405,-9.425604096045648,-8.506024803073982,-6.204968445748919,-6.367890388786889,2.801893622061087,0.6458654604653206,0.5547210910065707,0.004113268281435704,6.610968329157444e-05
0.022820734153707417,0.01856753208907389,0.004578287003563497,0.00253868746568174,0.026487702403079672,0.0002293523987170135,0.0008454181830686307,0.10483483438505234,0.001340888484835305,0.0009749913013959019,0.012671000897676196,0.002973029056551713,0.010478605494252306,0.010475825132321114,0.027369980219665094,0.018598830861372297,0.027932268148871193,0.007493852536273394,0.0010397252521785465,0.0010290270841927943,0.010705281722045806,0.011013622315033065,0.008334367568755932,0.007748903398839887,-3.3994565411673148,-3.340309007424324,-0.7950819450434756,-4.846441646224942,-3.2854375418059414,-5.743522307107967,-4.667590243948675,-4.968940382568746,-9.334994780753805,-8.483466174054238,-5.987941081518281,-6.18972666223805,2.792584130712586,0.6507992271144432,0.5597731062237916,0.003956311061061962,6.451354615883266e-05
0.024709585192694755,0.018858562484802,0.004735202864178307,0.0024344046025790078,0.02638301253698109,0.0002179136885661596,0.0008458929872779135,0.1136416779717126,0.0014033135898574255,0.0009861517269925586,0.01165449355768751,0.003032448225876321,0.011525924382095055,0.011376542036698517,0.029250677605788172,0.018772936244005636,0.026937956302094536,0.0076312778886377655,0.001038063567657961,0.0009658369196274802,0.010803725440398794,0.011460443858312378,0.007794095879670813,0.007722074166429931,-3.288752757153991,-3.481972269938284,-0.7836444004963743,-4.872646145784132,-3.5750933040240227,-5.644639571377826,-4.925622057021078,-4.946574148029126,-10.083264825887102,-8.045875146336641,-6.075971057521805,-6.019486420644985,2.88637980337979,0.6204748268484171,0.5249023536120365,0.004104085158844274,6.561406288356095e-05
0.024767103791841633,0.018381167597209147,0.0045674576771960775,0.0024396849904487023,0.0267963270543671,0.00022787726875715287,0.0008717885572503547,0.10370033781814143,0.0014653433440254449,0.0009294876336632561,0.012642932190010635,0.0029420572418808765,0.011446931271076809,0.010877712415086505,0.029277003539473677,0.018572293704597665,0.029302686474727335,0.007599243931147841,0.000970126793954839,0.0009800263165389215,0.011328600965648602,0.011538162638011908,0.007913450691970827,0.007653771188777267,-3.3688324465253525,-3.252648296192389,-0.8039554978455806,-4.426109200198408,-3.53456351243544,-5.854194750799074,-4.711393458839547,-5.388037581051694,-9.694306587686198,-8.077487103214175,-6.118050428165134,-5.893208305506522,2.7250387999872383,0.6355496722762992,0.5184424544718649,0.004050078089262851,6.768115427618336e-05
0.02435351532373034,0.018427749867743013,0.00453143756336343,0.0025030751912964357,0.02716568309707999,0.0002279839099637138,0.0009142085517305531,0.11242778670049947,0.00133887571529212,0.000924478509960287,0.01226074863926481,0.0028582214631548814,0.011089405945224791,0.010879093709542369,0.02867213083010856,0.01984048392753933,0.02669549579737691,0.0076386454183014025,0.0010363655961060866,0.0009965846083825696,0.01118509012125006,0.011104297844288362,0.008335333579541991,0.008262136866468192,-3.2174458735070273,-3.2078080029803275,-0.7822972082237943,-4.561030762312551,-3.4904688319294075,-5.926683483725519,-4.67585787281584,-5.154271497350055,-9.927519594609727,-8.348848220503623,-6.455395285674257,-6.310464223117298,2.838975684229101,0.6221876479062959,0.5282336750133723,0.004245222473932525,6.335671176492137e-05
0.024262889570259693,0.017505808634215393,0.004647922942519117,0.0024643772858071065,0.025136626072285964,0.00022607828405265344,0.000912389135859321,0.10584920092925595,0.0014230289822279192,0.0009651289538263906,0.012086734792931979,0.0029565748838217658,0.010983040977540565,0.010496949566723276,0.028980470400648647,0.01965534373678022,0.028206151688389393,0.007394696470852922,0.0009901106073982194,0.0009762239994874135,0.011447938281569309,0.011477587260934764,0.007685152580140512,0.007918666465695019,-3.3137480009030353,-3.378799762677363,-0.8140909338445385,-4.626134788172494,-3.5139729228879446,-5.727775111968309,-4.695364407330358,-5.3565174496655175,-9.414468556323756,-8.571356235809462,-6.061785074557778,-6.179042957056285,2.689626224910402,0.6194699992631253,0.543664986990739,0.0039585478967760985,6.764217117881193e-05
0.024425937326030975,0.01767376419637028,0.004647399494366302,0.0025867049849953917,0.024918276815757635,0.00020999774116094985,0.0008356111091620656,0.10512894315320759,0.001384051514091005,0.000983644326480085,0.012380380528959224,0.0028166930611321027,0.01103460533975485,0.010734549237795725,0.026634909378272478,0.018763629565614712,0.027839489064132448,0.007239263776190036,0.0009570530194284801,0.0010070530803023036,0.010565791045045618,0.01146534363438378,0.008170998635889003,0.008236874399433868,-3.2474908795147193,-3.2617147343988186,-0.8064707347578702,-4.475232380882052,-3.432181663466745,-6.19577741513117,-4.9714764636329924,-5.222509414955655,-9.98266234876758,-8.227093006043651,-6.168437717466397,-6.135861583156386,2.9170578414876034,0.6170126950729502,0.5602941391943949,0.004118655939564523,6.78090220373414e-05
0.02364145740038326,0.01738430118285837,0.004386280791661067,0.002363888413567887,0.026916916779625804,0.00021422711344842505,0.0008393997371423862,0.11153966193033774,0.0013862050329231058,0.000985611407488505,0.012693000299332891,0.0027664433421851716,0.01079452090949871,0.0109835464506097,0.029074145665161352,0.018477508634888985,0.028508933480231972,0.0071359371170611665,0.000993933676090099,0.0009675539876884192,0.011299613577996309,0.010848182087510257,0.00823673143118021,0.007710811175383604,-3.357001429394308,-3.192951920669993,-0.8321497925283647,-4.585933905368103,-3.4934265407722678,-5.682116053210814,-5.105505243186153,-5.23946617830059,-10.092894015962463,-7.862858751790681,-5.936250009541496,-6.209114740094271,2.6438096171340715,0.654102129558047,0.5511670642812307,0.0038691817835817903,6.746231200517505e-05
0.023863903767183337,0.01716475948485482,0.004742685499955736,0.002560955411972583,0.026451992318776055,0.00021617901401317933,0.0008923419820232512,0.1109462735480156,0.0013396719718907673,0.001016712216662221,0.01214715569654757,0.002827457135884846,0.011176641165524205,0.01076959837275122,0.026707211858263944,0.01881185908059848,0.02819123348359987,0.007563899283451189,0.0010290725760966897,0.000973051943227191,0.01123351161208837,0.010768823091596927,0.007937761852759238,0.008178379384418266,-3.205803200491113,-3.4550484259795606,-0.8275218689601274,-4.68143738641961,-3.502479837378808,-5.610295912379345,-4.786444987068693,-5.014490608983286,-9.32724930702948,-8.43480037360474,-6.170551224648141,-6.088599672721079,2.7324769801223785,0.6497702169598172,0.5417706389480864,0.004237647186294604,6.739735001865423e-05
0.022619504785570642,0.017854012375447963,0.0047256051961087325,0.002501394763264773,0.02593074830509673,0.00022980012094332288,0.0008922203191271072,0.1066446502131457,0.0014638399073011097,0.0009726871470293128,0.01202896302944239,0.002762369947285529,0.010577159443101742,0.011275482792742274,0.02666901381698291,0.018434501322098926,0.02850249784562806,0.007298873845122971,0.0010181214447661912,0.0010255747264357518,0.01150560759320625,0.011331061624883778,0.008147072055532773,0.008214820601876551,-3.486618573507618,-3.328857667857986,-0.8155997916639175,-4.753919302462947,-3.5413967879055774,-5.6751073391135085,-4.862445525502783,-4.972749649402275,-9.364919627731794,-8.32526852387917,-6.084351333433085,-6.1994777494198825,2.7968744169688073,0.6527385823332426,0.5629823733424938,0.004000852793044054,6.884545417013848e-05
0.022870071857655865,0.01714767817874205,0.004738959732390552,0.002364823107156976,0.024817233719550167,0.00022189350160170356,0.0008411673051626564,0.1092483099311719,0.0014088307954572142,0.0009998283627085925,0.011971595365306101,0.0027980534327168866,0.011126727824695475,0.010594952969129653,0.02827662386279514,0.018308793945539886,0.026840577581795214,0.007540690549312487,0.0010163969128029289,0.0010077805847347643,0.01046860975590396,0.010751638919899876,0.008136414280038235,0.008049985781678039,-3.174236164861844,-3.338462771786949,-0.8320745813180752,-4.4785313231325325,-3.347670913411036,-5.6181459757533485,-4.772834404833956,-4.897988925427738,-10.049216573442777,-8.557889341323982,-6.222398693790831,-6.3953911233087934,2.9101998378529754,0.650897260442734,0.5200369297722041,0.004215350866254351,6.812595286247206e-05
0.024216496523195883,0.01758938080824467,0.004384470296490408,0.0023787645651784017,0.02643576700781919,0.0002150363767297463,0.0008797708121817808,0.10771321134199943,0.0014261725325617437,0.0009342858039957216,0.012505803501741119,0.002863544727000341,0.011073734883308824,0.011423335743605077,0.026777284248194044,0.018294544568949106,0.0290397560844433,0.007450326854628677,0.0009812532668000405,0.0009780681865755216,0.011000917902953752,0.011511926640316384,0.008320267904746426,0.008305016988821719,-3.3908177999983153,-3.202349981698957,-0.7805141776767759,-4.4385324554949594,-3.2873996918481203,-6.095686979237155,-4.642066244151373,-5.081168652870575,-9.616643871496446,-8.374759736657746,-6.494504675495605,-6.172434602199446,2.788633349446443,0.6055747348402964,0.5199632860666962,0.003877119149753097,6.682365042744191e-05
0.023128429607679683,0.01749116646944094,0.00441699999081613,0.0025110696972726354,0.02483270082369589,0.00021065022867701227,0.0008956505946066199,0.10815985288207516,0.0013428681662495778,0.001000932889533233,0.012192432541647378,0.0028852125352710747,0.011381639650868297,0.01145067439703992,0.028205855002605484,0.019082512589583843,0.028314418241885263,0.007224528142547744,0.0010061418216229742,0.0010395041539405265,0.011242610990941215,0.011383802495036961,0.008380499839729496,0.007644576681220997,-3.4176574179685812,-3.3108378950673787,-0.8076875730975958,-4.41814789967671,-3.5793288594702397,-6.0966945441665885,-4.712084072113571,-5.214597724229019,-9.485620833379922,-8.49459659060565,-6.0229469826019155,-6.418846187146407,2.775045399276479,0.6559767325250966,0.5486188827356355,0.0041743366096338936,6.347550070847495e-05
0.023484340280200768,0.017386882964369514,0.004611707186312262,0.0024003606430939976,0.025496644333965514,0.00022045208913206265,0.0008817290520051921,0.11334177679898161,0.0013557457689603025,0.0010129880969841536,0.012177588343820635,0.0028791022406402253,0.010725677290586188,0.011548618289122294,0.029371327997656387,0.01844015403989955,0.027386327694121106,0.007227513038765315,0.0009888030754741286,0.0010260866983268571,0.010961505053084464,0.011117492486796653,0.0078940660012119,0.008337235955142266,-3.419773901324377,-3.448124241520905,-0.8088932301729178,-4.870026714909303,-3.413215004351658,-5.650151070062645,-4.9148378340436905,-5.163939878533747,-9.750457334646981,-8.148126710376905,-6.259001315489743,-5.9919095490710905,2.704170277758134,0.6224982197634872,0.5560027494473708,0.004071019674441653,6.741319552091172e-05
0.024899197035040482,0.018044373490810627,0.004667223448613311,0.0023625781493880433,0.025454434044408055,0.0002204933816617748,0.0008290980660421766,0.10803532470200311,0.0014330366519069773,0.0009568672745200035,0.012295896194133004,0.0028980121021941778,0.010608689594113365,0.010729960817652573,0.027801171609251742,0.019408372158405723,0.026787314717351008,0.00781342147120044,0.0010146042860410384,0.0009717471896532447,0.011238867455222467,0.010508516776122306,0.007954332557666841,0.007714222068397884,-3.335599098064283,-3.3192321353225176,-0.791684709832095,-4.423478812519934,-3.4997853284240525,-5.838975520638307,-4.83079059737344,-5.1688705475345715,-9.797587290844637,-8.422891836087194,-6.335317697530729,-6.454599296753243,2.8001847175652124,0.6450267157152046,0.5612476837393895,0.0041522639936296965,6.546237737169432e-05
0.022891195122241803,0.018602599681035798,0.0044606895246181956,0.0023848124238564855,0.025487290593343054,0.00021558929587534186,0.0008466851996960947,0.11398829765304988,0.00142272452739639,0.0009671649651904935,0.011669938538447115,0.0027934513500989613,0.011259495295594701,0.01131440585446014,0.02810145633502892,0.018856467134678586,0.0273910981305884,0.0074149570057538035,0.000989286820146737,0.0009853637135866563,0.01117538478492282,0.010789696569719448,0.007929815360518866,0.008136466030456046,-3.2689130741430956,-3.2820620635907103,-0.805787054901916,-4.695383044555454,-3.372842258360143,-6.0404343856392,-5.026068473617465,-5.007470641646517,-10.176581239093709,-8.449000400799543,-6.38172871219091,-6.091032327909238,2.8326462676725335,0.6567036802411039,0.547503488076584,0.004154292135858154,6.40935473571044e-05
0.024616547378635917,0.01871262383073146,0.004496630811874192,0.00244480997458317,0.02535999527002474,0.00022303869459847526,0.0008299392106280045,0.11216505229778702,0.001333117283306879,0.000984402885373029,0.012324516170246423,0.002755740626689226,0.010523655488497147,0.011287234896944623,0.029294819585464604,0.01847108680606992,0.02875352730618106,0.007615687264952291,0.0010400326032708582,0.0010097976831703575,0.011155540532014742,0.011043700782958993,0.008086574288910233,0.00820337770466919,-3.3013186274417756,-3.362303421039076,-0.8277832336919613,-4.511408921790822,-3.4695034919004226,-6.0663598913221195,-4.8464695582492245,-5.1201248992239625,-9.80839260856749,-7.9058899453106735,-6.3770457595253776,-6.414665370085026,2.752124530525184,0.6268422257294728,0.5155008079421789,0.004167171844660493,6.502431527766752e-05
0.023683302130322437,0.01793664183534892,0.0047831132456373614,0.0025439683123747443,0.025945099800021045,0.00022644664151377075,0.0008705633018633479,0.10572690229014658,0.0014241611337017564,0.0009486443881269698,0.012596799823139167,0.0029543129327104464,0.011040062344117658,0.010705488381439506,0.028828853929204368,0.018341918185514342,0.027566954553878573,0.007729861226884186,0.0010038079998866893,0.000992066561384998,0.01125495316520296,0.010574154954007093,0.0076531263727022325,0.00837276194326331,-3.4666113705734083,-3.3008057251260707,-0.8160189748399066,-4.546820616902201,-3.3533758308173063,-5.638242821614224,-4.832572060823049,-5.1611064549665295,-10.20021069107624,-8.590618705999805,-5.943141283965942,-5.927077482998187,2.8239335922647264,0.6647364199543118,0.5391618350434738,0.003895425464759429,6.529317204751085e-05
0.024720493751175004,0.017165394699624796,0.004495632594415118,0.0025471032687699796,0.026185466294966497,0.00022004314070045666,0.0008984680517947278,0.10496472880159699,0.0013628132770075853,0.0009556664222859178,0.012078772884747704,0.0030025612774098103,0.010624871019991832,0.010590950608042427,0.028757815106383495,0.019179628707234782,0.02770244043223363,0.007398166183424583,0.0009685999874874036,0.0010350984718324428,0.01134560868340228,0.010493424316140122,0.008276757715651353,0.008005105459241948,-3.1748913567717256,-3.165738329636761,-0.7783768359164769,-4.595198063383914,-3.55838585420537,-6.0617181674421605,-4.790559422689223,-5.244893704695567,-9.446447338471266,-8.212119712254356,-6.430814006652105,-5.977014399278704,2.6522788206195163,0.6546883779350676,0.559156200750389,0.003951713814946286,6.517580714177327e-05
0.02401497608384469,0.018253049558238383,0.004691069488782828,0.0024930702991643808,0.026943966582159373,0.00022143944783072192,0.0008659720412687109,0.10905150978405911,0.001435012167710701,0.0010015163595836064,0.012121883448432628,0.0028295658304378123,0.010519746433029338,0.010536877528556143,0.02705091577908991,0.01976566035537803,0.026608031938270577,0.007858450181831936,0.0009520753274396704,0.000993791534703507,0.010459335423535858,0.011012671217018655,0.007981253334253412,0.008190082418352373,-3.2907924340320514,-3.1513946678755898,-0.85391599389929,-4.712993340423644,-3.3826940566933548,-6.15064016830079,-5.075715696766533,-5.358192423429717,-9.969080257257039,-8.56805399050757,-6.346855778864666,-6.216513130994157,2.7029686122903605,0.6070816918534618,0.5218206965065632,0.004054465035020061,6.367112424413896e-05
0.023773274096578843,0.017476766871454424,0.00463682521355299,0.00237841502348007,0.026327828013082064,0.0002189542488569998,0.0009052886312397677,0.10782362405043358,0.0014459603624615935,0.0009316088817793816,0.0115089542515658,0.0028387016331611462,0.010801401453028138,0.010806959985115914,0.028486576921327687,0.019879565830058753,0.02691052849800208,0.007387577451387654,0.0009555380161365889,0.0010373984022681382,0.011140871206307443,0.010501543029982473,0.008052398055338358,0.007776677178179746,-3.4042343363888747,-3.291258514565761,-0.8380774109026606,-4.841810739559637,-3.3669978673669623,-6.002282272343293,-4.84595513357236,-4.934991106573423,-9.826403802118222,-7.917270638948911,-6.321159617054551,-6.285907460369433,2.666485556742076,0.6238385900836191,0.5454640417670988,0.003897925134153387,6.417277726265429e-05
0.022663048599953328,0.01863828031121407,0.004401941909718353,0.002505108915020667,0.024667686551496416,0.00021728021306232793,0.0008814403382963898,0.11090636237787643,0.0013605365645033023,0.0009508049230622708,0.012420585177462794,0.0028113673650355434,0.010498114446747203,0.010752865705444457,0.028644986634617835,0.018951756268904472,0.02696214218098784,0.007482592726165854,0.0010006276011748079,0.0009690186044665825,0.01129736953272228,0.01062441141416013,0.008345593680507938,0.008046145928511793,-3.321531893733753,-3.375067493725823,-0.794785102838711,-4.52501144647966,-3.5891188703316925,-5.667458243468583,-4.659114519517533,-5.141568040819891,-9.592710366853128,-7.911889570688612,-6.439233720137248,-5.949752922161575,2.7418497058779026,0.6100459769501533,0.5395890716933683,0.004191712164058474,6.359455649616667e-05
0.02452600354669539,0.017695929632402605,0.004487716796644089,0.002548893528826622,0.02589123369211859,0.00021769050146791782,0.0009148936364262236,0.10872488626482617,0.0013566841078831206,0.0009817743013343769,0.012487830383848365,0.0029601610635667766,0.011403159175450137,0.011226634497487141,0.02693689589647163,0.01916321713051851,0.027942518814604574,0.00763606056154416,0.0010019932334467661,0.0009829741930847174,0.010532032384342496,0.011499883859153716,0.007846105376539826,0.00793618870817182,-3.2761253160889723,-3.294745017443872,-0.8497572177544966,-4.705737746207799,-3.5070848083775408,-5.802761787018507,-5.083015155414068,-4.985431998027737,-9.312654334511839,-7.8252871121621554,-6.106436451565634,-6.128232136285787,2.721661340093394,0.6266394300007514,0.533690233035967,0.004033063136275041,6.33903265345097e-05
0.02346294624932578,0.017289773506749692,0.004574650513361721,0.002569070477703159,0.025839264501234263,0.0002250189966054049,0.0008750855348674222,0.10916488955104982,0.0013503141455987271,0.0009994999749962207,0.012141037558844789,0.002921618009731267,0.010543873391554773,0.011364786054976893,0.02712524414912249,0.01825696315325051,0.026841102205822146,0.007359969022450754,0.0010402286116385014,0.0010347034925917346,0.011279058233534166,0.010969916159644672,0.007647901059502535,0.00834673704542778,-3.3335380196431883,-3.392822833660408,-0.8163470019242027,-4.760655121466355,-3.306146098968385,-6.10245264778374,-4.8411172855698625,-5.317224563175542,-9.954887086694969,-8.357958177806427,-5.9761182239416,-6.225421414644044,2.7685375683866686,0.6218115287187337,0.5651963261913465,0.004058567000249483,6.36513954397793e-05
0.02435579854197937,0.018288476058809646,0.004751984874164491,0.0024403984191760943,0.026760417152570704,0.00022281293033440098,0.0009086581146798399,0.11132526456329621,0.0013568153454433724,0.0009397916674119158,0.012496591977600544,0.0029358404871656467,0.011144666811618681,0.011431529817533384,0.028636189127267116,0.018057760952252335,0.029072730971705443,0.007743607577734624,0.00102819862478277,0.0009838957401870868,0.010489153700437757,0.01089151520808229,0.007733941040019598,0.008389989133237628,-3.212077333590002,-3.155932689065563,-0.8175895870067914,-4.671157713146387,-3.3881140519701134,-6.18581111793747,-4.985326412845053,-5.128122021388319,-9.265044529457699,-8.293289760538752,-6.291178376757212,-5.94857472443514,2.6864017397802082,0.6151708576986238,0.562934766857577,0.004183952369136971,6.499316605051079e-05
0.02466625939336302,0.018565980907827573,0.004755980837078225,0.002490816065306168,0.025746170508479688,0.00022055985997384607,0.0008727393218420908,0.1082393383491632,0.0013978998891639278,0.000965307948729697,0.011532022012868813,0.002934897214643705,0.01093786898636796,0.010907291228204628,0.028875188861423894,0.018697175342383073,0.02721859967973602,0.007301934802336364,0.0009523971668447959,0.0009750406312410156,0.011177822543427569,0.011504273932871645,0.008385354420565962,0.007832804295349131,-3.4512970978670996,-3.4144208403580834,-0.8052635161869816,-4.769540417979391,-3.386684074027749,-5.62805443621961,-5.035952217807228,-5.303508317692498,-9.833190310100006,-8.294877163209602,-6.155521456985315,-6.3547687610572146,2.8168586313854176,0.6122353479217142,0.5606130620427365,0.004265295818134826,6.646256947657901e-05
0.023563757478811894,0.017215180589961205,0.004543775954482325,0.0025544351882264456,0.026909279669440837,0.00022021762525445174,0.0008946393659810304,0.10913794347239629,0.0013618158028194428,0.0009217479168358643,0.012076566609531983,0.002969214847692701,0.011514800244640841,0.01077599987441116,0.028051434862195926,0.018746721414770604,0.026856864361148702,0.007497936272743927,0.0009820739104534158,0.00103274263829456,0.010714942439382001,0.01133510107493164,0.008052975867850113,0.007846217466352593,-3.2178581920081983,-3.1583207840387804,-0.7806503155806886,-4.86975906012664,-3.406519906085543,-6.0815411434697655,-5.076646680734904,-5.182045512980647,-9.61484898980058,-8.067971270290244,-5.928064368296828,-6.285235687139744,2.6904001140520464,0.6409304302274986,0.5255753414925759,0.004235468423336323,6.518495227970929e-05
0.022937497081805484,0.017892875702557653,0.004806088317805435,0.0025298219566916216,0.02517356156254745,0.00022722799334006318,0.0009055789174908583,0.1117140849058206,0.0014206407797123727,0.0009766813484973923,0.011825115540600934,0.002776836651144546,0.010791463059961088,0.011399320629810084,0.02843427854815949,0.018482798486651016,0.029114958461396872,0.007371857933663812,0.0010441817074252045,0.0009747836337613686,0.01147459283968099,0.01099142592700027,0.007755161340664119,0.007696813780430905,-3.4798039272691836,-3.2403839815644924,-0.8324088515249416,-4.646442806253617,-3.3970038215526257,-6.19703092748459,-4.703591086051671,-5.380770915969503,-9.948073497890448,-7.910236405806311,-6.0381928586530025,-6.177358757345388,2.841234877449173,0.6248090273781134,0.545306635254885,0.0040659147314965885,6.714518876333036e-05
0.023191993750853457,0.017475955090534595,0.004522633724718983,0.00247311113427087,0.024794806144028073,0.00022526915520610754,0.0008578316740868438,0.11179902141073426,0.001433317033565743,0.0009662915412233079,0.012200616723556707,0.002795452497095908,0.01068454369846358,0.011436215352027834,0.026825862842501706,0.01843889430421293,0.027880341583639084,0.007705908643136956,0.0009728050192901126,0.0010049419994301847,0.011517176261980233,0.011162352403537511,0.00766790288839717,0.007848182136002128,-3.3213266017689462,-3.3956902146783787,-0.8168494614097812,-4.6995650205768,-3.5998227396742375,-6.028468281981246,-5.030612954597953,-5.377938573310659,-9.231472928537624,-7.993885403842675,-6.452860342342252,-5.969200138601169,2.7777294778568478,0.6478633881087525,0.5277756056177292,0.0042013903427457425,6.344755305811636e-05
0.023667481369614954,0.018369467452903812,0.004635931199186805,0.002574954299099707,0.02596200931153097,0.00020904414695592432,0.0008663510831753235,0.10552092164626753,0.0014406313632866258,0.0009239127779339375,0.012031506216050439,0.003040388884084452,0.011479074419953595,0.010486383432037515,0.02858727554257616,0.01933561780145448,0.028919782837009928,0.0075478564945816225,0.0010383343466919019,0.0009820162169378464,0.011523810392870622,0.011169035719004104,0.007748663305502098,0.0077825955016625125,-3.4503544693716464,-3.376959255471235,-0.8292744076770333,-4.504813201591319,-3.4443582074346586,-5.923346526651827,-4.826294449196165,-5.402576623756673,-9.643064431132293,-7.84808744309368,-6.473654067119013,-6.0026866777642836,2.7338865490416406,0.6178235193299315,0.537521826556271,0.004058005859330919,6.597544071310614e-05
0.024198232142974337,0.017506889089680632,0.0044003908940999405,0.0023662443631118257,0.02575621895584043,0.00022793621347331745,0.0008858102561868498,0.10503481640196002,0.0013907482235210268,0.0009651722712904244,0.012461557247203667,0.0028440287535674985,0.010907454416638583,0.011262993164363397,0.028114530064069564,0.01901366106558819,0.02681452754826032,0.00749968362953968,0.0010315172908692953,0.0010029294226074526,0.011284620806694519,0.01112631144383699,0.008385997994973715,0.00833344166351253,-3.411747281868481,-3.1860733570073068,-0.8131669049277633,-4.686339497822763,-3.466022187817847,-5.966412015336198,-4.85978796051175,-5.019182513117541,-10.019408265557688,-7.942358585551426,-5.905064448041696,-6.292061073548738,2.7558154925286917,0.6282161844015217,0.5458373255268922,0.0039279798578394885,6.553110355257261e-05
0.023187612088465443,0.017683570182501475,0.004792310825735617,0.002578541068068721,0.025972821184631657,0.00023015588782660367,0.0008560234284072197,0.11043990385107583,0.0014057911459111187,0.0009933562150497982,0.011817792441995387,0.002832233573405587,0.011370649104177458,0.011167344854143208,0.029289836098873125,0.019717220538160062,0.028366054315784116,0.007133703247847122,0.0009738179071846701,0.001024383248115181,0.01090978477058464,0.011115420101864625,0.008140321667646517,0.008029054679184314,-3.2936814112517583,-3.358608550997716,-0.800534583608903,-4.668150903921429,-3.505849875197116,-6.198570915914758,-5.1147993114324715,-5.0301727839954085,-9.27808485306852,-8.41960174987281,-6.0685061351508045,-6.068929747481001,2.684722751384194,0.65788501981751,0.5551644327597047,0.004239686516754948,6.74118496405228e-05
0.02490544076774743,0.018720941493348377,0.004378751359926498,0.0025304852256441274,0.02584084465549641,0.00021458872208233282,0.0008639940675843974,0.1037085197299425,0.0014635210719175073,0.0010179682643041564,0.011657013554580315,0.002958601724082375,0.010861616264151506,0.011509950425408142,0.028691057634914363,0.018769219120183245,0.02780045185047562,0.007423822159607015,0.0010026053546760573,0.0010341152541444433,0.011105936607639633,0.011417513023704381,0.007854761291020572,0.007620821971452211,-3.38280676591282,-3.32224072352829,-0.8261919584929966,-4.8382738242362535,-3.6091319527951917,-5.876955016431507,-4.853121928922672,-5.255589323821356,-9.502558520215455,-8.023013812041011,-6.21961957959408,-5.930024803570132,2.730153151006536,0.6094916006289633,0.5193766481276247,0.004247921995896887,6.684449255985194e-05
0.02363453113224291,0.017626205125827642,0.004820073711264761,0.0023617304479776205,0.02577060024714633,0.0002303401167592942,0.0008902914716801282,0.11055473391146783,0.0014542118507321568,0.0009391001651195374,0.012147593954064933,0.0029399859461174396,0.011311420547767778,0.01090302721223633,0.029025958547414597,0.019306397108609347,0.027548870669951375,0.007667981731532047,0.0009775364616244528,0.0009714869264445417,0.011174651222261063,0.011192045076487423,0.007730425091145782,0.007608131594544515,-3.171265599245714,-3.1740719728590827,-0.8479026380310626,-4.424651954290559,-3.4447127277731484,-5.665642419099475,-5.019174400105518,-5.127835300465963,-10.090839836568442,-8.265556705079888,-6.029044671830689,-6.223347489899309,2.6524590640337977,0.6467595956268255,0.5243547883729631,0.003964358890808497,6.854561826650576e-05
0.023482759126766145,0.018625581947999386,0.004538904707905552,0.0025198064150854242,0.026468594975014467,0.0002151517529557819,0.0008413574164061466,0.10462058499030936,0.0014128431065371886,0.000981943430421576,0.011624883727808465,0.002987311998345917,0.010874597655196017,0.010766397338137411,0.02876436014215329,0.019857657408982918,0.027388416206917607,0.007659564637032943,0.0010104088542506767,0.0009664871146554879,0.011009060377528246,0.010537001609717166,0.00762760722402112,0.008389471391158395,-3.372132255901727,-3.383729542881805,-0.8441415170261548,-4.484418784503995,-3.50195774205816,-6.02657849280247,-4.8312572098034305,-5.299667689943326,-9.98780006086488,-7.827299901245431,-6.27827555707777,-6.438731355588244,2.7296602402867247,0.6156942579757412,0.5352520560159132,0.004263974961575146,6.289630933573972e-05
0.024805553488100728,0.01739140026030639,0.004397089361613951,0.002372250222870955,0.027024365734156126,0.00021853891586989522,0.0009016885315069067,0.11046439522582355,0.0013932430620115755,0.0009470722413882043,0.011734191224866386,0.0029278529661941723,0.011035523998177924,0.011534572303387518,0.028622464848694462,0.018555005095427395,0.027002623201539393,0.007648693499676993,0.001007156520339414,0.0009656377809836489,0.011080826223554144,0.011530295426008037,0.00837381605860652,0.007867607654372099,-3.2829905663300587,-3.280679139605682,-0.8009762399707304,-4.426461180024841,-3.611762571962266,-5.64038190578419,-4.910226577310641,-4.971033908320495,-9.896443163098578,-8.311926092985361,-6.49303076270446,-6.435108377589009,2.829049492335123,0.6549328786814237,0.555743486774824,0.004119596870554944,6.303635705384084e-05
0.02493789349968227,0.01877439834741841,0.004817947255126196,0.002371542648720299,0.0267288104832182,0.00022826947227370874,0.0008839000817746234,0.10893457340768986,0.0013297079153895234,0.0009819299027260355,0.012672728687117584,0.0029111946486140975,0.010738930924713942,0.01061373650553844,0.028712928815975113,0.018690360892041277,0.029381868407432482,0.007775072596274205,0.0010184391028249897,0.0009520778572447642,0.011276040574702792,0.011164417983151148,0.008299574379003898,0.008058150812749585,-3.1830113650319003,-3.152016336966641,-0.8415012713898075,-4.735569909880738,-3.3601581435529204,-5.6779800504438676,-5.06314195445132,-5.216329411468973,-9.522822047124533,-8.39319721590358,-6.3181235814126815,-6.428067555627128,2.7902692998113086,0.6252724079353625,0.5224590568385161,0.004244921185159117,6.715382470442397e-05
0.024287782350044834,0.01765364542549547,0.004704573719909482,0.002478562808410066,0.026066299204273332,0.00022004811625358126,0.0008746509433187507,0.11409258615389876,0.0014613198459648403,0.0009703767211142261,0.011808868437866535,0.002948448491001162,0.011459033006072622,0.010855754066953934,0.02843217782516743,0.018648944361336094,0.028916109860938524,0.007647059724324077,0.0009904450065093059,0.0009895905964291973,0.01065633125977815,0.010599962710878203,0.00764975568007397,0.008169741808213962,-3.457274287013589,-3.420712625595828,-0.8508907669174333,-4.488174785732779,-3.600642775539263,-5.807395010888606,-4.931537906855552,-5.285043647625096,-9.670885227854276,-8.444062585743428,-6.036106410785958,-6.5035989579564975,2.7914162927348283,0.6228256176216451,0.5368826411327975,0.004139944001334073,6.698733626106785e-05
0.024406729983670692,0.018006060481464192,0.004427277602477096,0.002380649269449442,0.02521905474691749,0.00022246870927578128,0.0008704717602781736,0.11194769474774108,0.001332111837976788,0.0010022781619887051,0.012222504223255848,0.002990847538793219,0.011399602802501178,0.011354321438506608,0.026952328052710695,0.01835662334481554,0.029215456377049424,0.007703416897010178,0.0009691079683480985,0.000982258857319306,0.010641866777146103,0.01122649263791849,0.00819008784605548,0.008266111515540851,-3.3742008182110688,-3.291681916479587,-0.8103540345775404,-4.732217357361276,-3.5983843347866133,-6.011166761175421,-4.8193276972532715,-4.915296120097941,-9.57620127359595,-7.796095989187908,-5.920078785343376,-6.043880261023041,2.902044631502812,0.6581704884240084,0.5553278611590322,0.003986396906695856,6.370926568665743e-05
0.02429637894032543,0.018092463560273407,0.004416839843618049,0.00239948964727019,0.026890747498914052,0.00020967257115337985,0.0009073801251420481,0.10658859585654208,0.0013729541989841495,0.001014568521553501,0.012227941343346118,0.0029424007111778588,0.011201779603470451,0.011545348894057773,0.026829145235585012,0.019063842847915142,0.02680522905632466,0.007300748251673947,0.0009803645572163144,0.0010075296370713692,0.011082844546280725,0.010675972812091226,0.007749025974607722,0.007881840802539189,-3.3247526514144203,-3.471224794822338,-0.8079800778142142,-4.48642062282577,-3.510462342692939,-5.922164287859834,-4.651745587512916,-5.30496909057941,-9.585138963921791,-8.08902010418505,-6.234337288941967,-6.225024490508904,2.663968462222189,0.6495217874996844,0.5295522273341762,0.004241946287535279,6.292447711942827e-05
0.023722261630466836,0.018099707623822913,0.004666622436611381,0.002452937046120414,0.02549354442381639,0.0002127551315584434,0.0009112788307752176,0.11305825609791044,0.001461145183707073,0.0009229201410977626,0.012658271055540654,0.002951760174781556,0.010753883415687006,0.010824089791406324,0.027281264469593145,0.01969246720089252,0.026915290787359814,0.007549864133751511,0.0009528841325792399,0.0009684963939571123,0.011299079451304553,0.010497542625303667,0.008374594035969851,0.008142540648392807,-3.469874149825924,-3.434930240787713,-0.8044530840575776,-4.447747209673228,-3.5606447953138427,-5.678801672067058,-4.650125042141826,-5.192935533745565,-9.322438139630993,-7.893236275853037,-6.193600638127089,-6.3509752311651715,2.714382398545378,0.6255577679447051,0.5287926626834126,0.004227268378599205,6.694069286175935e-05
0.02385577577293002,0.018609653661223923,0.0044751494206975405,0.0024948348075075595,0.02581365831891283,0.00021249781532769918,0.0008504047981856217,0.10373405564584413,0.001402771392969756,0.0009258259797098364,0.012490954150487045,0.002994836530716682,0.011113957055382618,0.011140241010011055,0.028124804313953557,0.01875010812647463,0.029059989891019152,0.0075415263997558645,0.0010102306934113387,0.0010456824803074766,0.010822235685183618,0.011406194403086075,0.008372090339113143,0.007667388663503224,-3.3747126576182787,-3.448703312159697,-0.845707608685857,-4.5560968507800395,-3.593964557304008,-5.787054286827649,-4.710129255389206,-5.015584854030739,-10.081655614586959,-8.412822319995906,-6.357172725073747,-6.400395843350559,2.8474076915872213,0.6633204533994177,0.5409424956717752,0.004240774627032388,6.829002923667077e-05
0.022736778534229295,0.01758994715455077,0.004633223742823088,0.002365185888796606,0.025152415160499347,0.00023060212842926394,0.0008997161127544222,0.11197192383545626,0.0014342971801274437,0.000964212429419922,0.01190921103442815,0.002985753888924566,0.010535542012756867,0.011213269220905556,0.026642164697564447,0.01928772572726448,0.028641209060913404,0.007738290555926833,0.001041612063338076,0.0009928195916883362,0.011095662826217843,0.011031532349336586,0.008087481268614825,0.007758136331570958,-3.314751821357454,-3.1586175744211795,-0.8416507696573196,-4.584028365197932,-3.292117082989537,-5.77268984541099,-4.973349003030069,-5.018299299031544,-10.076639348498482,-7.823017523495266,-6.178174029058785,-5.913579852426716,2.7502143809462316,0.6100017163409872,0.5186893828891435,0.004123048837263124,6.457207106465632e-05
0.02436717681222371,0.0183891212612138,0.004509521721634327,0.00252361267728441,0.02532296860896709,0.00022531936780716656,0.0009140679730327834,0.11087101819626202,0.0014623734566106045,0.0009640366651072183,0.012064476091699531,0.0027645713871016363,0.010766050242671637,0.011446849941738108,0.028969259540566623,0.018204039584231228,0.029301370468252055,0.0076696770810094515,0.00104610738269875,0.0010183160988193852,0.010806030624915674,0.01076136853127712,0.00807973053609034,0.007999127318659783,-3.3595764377096615,-3.4083178974428274,-0.8019877707047527,-4.69805139836874,-3.3166159167961955,-6.17589357887293,-4.708089470052243,-4.9866259420181995,-9.764680378780108,-8.158779964255956,-6.131177219514027,-6.366251147471466,2.6589507343260084,0.6210497588863999,0.5385991390325156,0.004184619759358445,6.878712187412374e-05
0.024912495323217328,0.01747845885474749,0.004532199556679953,0.0024098182988373947,0.02635945058721842,0.0002171154352397732,0.0009066042656922681,0.10632427507084888,0.001411386506856115,0.001013907060338721,0.012252541275676973,0.0029073662414972608,0.011454969320984831,0.011052884259753723,0.026835043312973407,0.01961806572715758,0.028988995180682018,0.007356329036428193,0.001032327299200472,0.0009914865693194047,0.011469408190347974,0.01094619749479793,0.007742358332444438,0.007909560476658887,-3.2190615723254092,-3.2279090527315266,-0.8420719289104311,-4.832387207472111,-3.2954630838165593,-6.036041568613591,-4.646138612199586,-4.903326125629906,-9.788899952193558,-8.1680776833318,-6.405481170919792,-6.475738249072949,2.715985244390657,0.6383677432963251,0.5230333345046014,0.004247811661602533,6.693577458242469e-05
0.02378550931402525,0.018899793050592244,0.0044060919891034415,0.002418451876720275,0.02623386115485813,0.00022863505872381158,0.0009037495637005748,0.11119021651431166,0.0013308943322703987,0.000975900167653694,0.011928730174365337,0.0028716858251836815,0.010919169229355909,0.010942498546581709,0.02701347547508979,0.019786807727733224,0.02689340915407063,0.007546155664906888,0.00095724398326232,0.0009862242833825804,0.011020193850683395,0.010671738575792594,0.007616527355785422,0.00835070955775062,-3.2305812145813295,-3.332744403009861,-0.8070902688629229,-4.650104371634453,-3.3706822241003582,-6.01519513935217,-4.934817896591966,-5.086696829512295,-9.360321468080718,-8.283518451492293,-6.113024444851826,-6.466185101099236,2.754858815139658,0.6043626137729317,0.5191286886672734,0.004178894006528592,6.694755987648852e-05
0.024049579561634886,0.017432631103195477,0.004502029298033366,0.002485280361038879,0.024838477082929734,0.00021897488371028242,0.0008716324965798617,0.10672609843694737,0.0014520598010005561,0.0010053098535754475,0.011721715319898605,0.0028615804790286512,0.010992718212212246,0.011480281517287624,0.028067359836449816,0.019811011978916528,0.027446769593367705,0.00755802387346495,0.0009703292528611408,0.0009938692885325371,0.010667715476228886,0.011293755265859816,0.00760137412977836,0.008307219555136417,-3.310945066801102,-3.327531880950758,-0.8238846319882357,-4.6425024957219785,-3.316185145351122,-6.034316033545851,-4.91150719326144,-5.242349340221634,-9.758612679022523,-8.041994504647812,-6.173701718000148,-6.415834939589262,2.65918359449279,0.6264581247948778,0.5512626478112553,0.003999407304751724,6.317546976169159e-05
0.02439622520902493,0.017548020948603173,0.004643056923022516,0.002592998076416562,0.026310576420029,0.00021883619761947434,0.0008529250759290102,0.11133505812433661,0.001463105290805354,0.0009773475545599973,0.011778271169742201,0.0028832859803484424,0.011251168050088363,0.010916344737818329,0.0276778221085477,0.018159481538599136,0.02792038667576362,0.007620440573979967,0.0010022419412470435,0.0010408348058475595,0.010654695787516547,0.010879504183690818,0.00786770180658698,0.008285118792144658,-3.436531522784447,-3.4227919402696685,-0.8455404065338504,-4.563015179726218,-3.3027093253511213,-5.611902598615203,-4.946784030961809,-5.338750917788097,-10.190267965160503,-8.534562706886273,-6.49693993154515,-6.151451259304016,2.8809796907443426,0.6134248279693487,0.5580298694606349,0.0039981015456758365,6.332067226976917e-05
0.022832551377781785,0.018520053156950322,0.0044535339517429665,0.00252462436860833,0.025254333745799846,0.00021779067604682967,0.0008540656971082878,0.11213090292760342,0.001375399649985929,0.000999097767318619,0.012360979224420908,0.002896834224583348,0.011502203971040568,0.010479586415314416,0.026879635151078104,0.019902486096390223,0.026630478620087928,0.007736941785693956,0.0009682403777756066,0.0010246076390874514,0.01099944520464735,0.011026738524541582,0.008195621823797735,0.008077403096063583,-3.3169357449711985,-3.251320229490899,-0.8551811376375255,-4.455393257775725,-3.5665117210065573,-5.97046665101435,-4.697622199269727,-5.307774762023985,-9.507776407326462,-8.52974213975227,-6.125186936589828,-6.268126498915006,2.6486447673138875,0.6239065559079031,0.5426245259051443,0.0040799118862974056,6.808143026194443e-05
0.02361502525568986,0.017952567586493752,0.004461341133685607,0.002520666310153896,0.02585942827162119,0.00020980005725775488,0.0008827896818177267,0.11377277661610832,0.0014501518670789655,0.0010143880910467068,0.011748730754681575,0.003042067644015367,0.011067897063033174,0.011058633957872854,0.029232771566151856,0.018751751748704817,0.0290337936072524,0.007776656926876932,0.0009739452936070062,0.0010307755880875303,0.010581353147243226,0.011385620372429654,0.008060580367704278,0.0081007316874117,-3.4710643554974374,-3.463063990250025,-0.8531405560104318,-4.70070891882595,-3.3218166503732878,-6.068239093819882,-4.71927042306112,-5.031456623936588,-10.153979556034633,-8.560282196697685,-6.3307106943159575,-6.093266797520511,2.7076513582616384,0.6586704053534184,0.5234697127677677,0.00420625196052335,6.449358856964412e-05
0.024192063065684763,0.01799612822926402,0.004774458778677178,0.00241790968885568,0.02710974837821466,0.000213704872553127,0.0008617054279952235,0.1132684097679308,0.0013446113732442256,0.000988295228776336,0.012199084553922365,0.0028196503554224306,0.011393266354848209,0.010603818931359265,0.029167959588176622,0.018682223300567704,0.02859374178493007,0.007862688910374676,0.0009501519482874783,0.001018645168106725,0.010489807433437847,0.011301351554132437,0.008059505959144014,0.008264530117169383,-3.166664615376222,-3.197121770580118,-0.8216763355283987,-4.817387804013991,-3.4278325386307955,-5.786021780461817,-5.112027210979998,-5.0962438302305255,-9.668202805923952,-8.450876389305174,-6.042826174432707,-5.9850279165606,2.6990744837594365,0.6146745002385772,0.529009677348675,0.004112527844403149,6.508694682991325e-05
0.024840235397237193,0.01859934500345383,0.00455186867198502,0.00252513377251401,0.026983040563145974,0.00022411675545309982,0.0008670568543698115,0.10571653156002413,0.0013677158352693303,0.0009442736999741058,0.012318377420577457,0.0027973007814242326,0.010983635163297992,0.011177633234276506,0.027743631578185126,0.01931053490307693,0.027070786268942687,0.007143789507973733,0.0009941580076651703,0.0010120862063207827,0.010485837153700358,0.010904227785748545,0.007855521539584593,0.007635279979626551,-3.3414052813291684,-3.4680639375123,-0.849123531946688,-4.435523278279713,-3.3662669069881477,-5.702545162918437,-5.073386905485645,-5.099520700473806,-9.491029543855236,-8.156623833700186,-6.266005951590511,-6.1422737764706055,2.8493118140355747,0.603022114647456,0.5465706094573414,0.00417071001372438,6.742826868926695e-05
0.02331806159723821,0.018201322384331087,0.004438114755226746,0.0025902629790020932,0.026428197177826476,0.00021570515795400787,0.0009064490782257377,0.10627056545040277,0.0014290714077462962,0.0009965147242980775,0.01157786728109827,0.0028226436967207984,0.011333182796440976,0.011098690789364924,0.027798320067187906,0.01809360141323508,0.028386726012272014,0.007142131589129322,0.0009864692606703607,0.000961899045325128,0.011179119581307526,0.010757962373710506,0.008263361950898922,0.007992007339253586,-3.19466199813278,-3.2509983146923163,-0.8307764600949938,-4.456683223695761,-3.4413611165062403,-5.85577501036423,-4.898754962047674,-5.157583003707858,-9.458470113505912,-8.246141488534652,-6.026734580472725,-5.9660643954410295,2.6724260571157443,0.6652304267714704,0.5482803985471547,0.003967525241347316,6.678196849909282e-05
0.0239322938607624,0.017723580088886477,0.004403762275411111,0.002361413296958491,0.026156524865085688,0.00021795108386862263,0.0008382804948590566,0.11092802091304263,0.0013939325214791286,0.000997385640293818,0.01251132220909839,0.002871488066417488,0.010909193896147052,0.010553439011357772,0.029316614070996647,0.018859736228203406,0.02875628031388699,0.007341504224003687,0.0009976514621990397,0.0009555792088162123,0.011049189105400162,0.010787966262157875,0.008361180163869756,0.0076650151033836045,-3.3397775302153985,-3.355200350355077,-0.7780717969323524,-4.468475160433367,-3.517240703782496,-5.808336068294761,-4.672070822883652,-4.933830939004908,-9.242662221674726,-7.8771165636987766,-6.097442131266286,-6.09224344626419,2.690467468335673,0.6274159293576436,0.5461013065088993,0.004185523282022285,6.770793022120685e-05
0.02370775206143075,0.017174572107593218,0.004774800361747467,0.002540384474645343,0.026815032855861558,0.0002137157204282748,0.0008384539163403747,0.1140242960523527,0.0014069604268376753,0.0009665240618021414,0.012610577183273027,0.002782188207741704,0.011450068316103457,0.011328383154412272,0.02936094119222553,0.018713711928470635,0.027134539107803182,0.007451850970133295,0.0009737642679518614,0.0010052222063381168,0.010472281498326907,0.011413414339564986,0.008110893451983079,0.007930608598330474,-3.392661102417128,-3.162482293763742,-0.8006489083773858,-4.510723684101226,-3.4800233151512003,-6.140623618030233,-4.879852397264278,-5.2198492716712295,-9.785582435033549,-8.496208627024071,-6.34556320798589,-5.931404288232801,2.7270784055902975,0.6547799067265299,0.520143624037101,0.0038919355824530177,6.664683112654406e-05
0.024577755582418447,0.018189885904082197,0.004702762831225595,0.0025813613540517496,0.02710191952432681,0.00022800378530236432,0.0008507293721953796,0.10563471687115743,0.0014403161783245247,0.0009386004649764195,0.012191171622622241,0.0030013077221750254,0.010554078681478273,0.010702272028823711,0.029348448139608605,0.018871131604038197,0.026630803697857103,0.007582836266434891,0.0009707588986253848,0.0009753024353145981,0.011347507370461947,0.0106153037861998,0.008191562162529982,0.008334583314284359,-3.189204261485924,-3.212174263500072,-0.8095729182187514,-4.541839721658172,-3.3587672781545437,-5.7654572859715465,-5.037521371926779,-5.113221379629226,-9.429523407080369,-7.962278482349521,-6.412568679287549,-6.090790983231703,2.9040944506108595,0.6280529470773014,0.5164343894121921,0.00393257089828024,6.570549652135076e-05
0.02411649134199968,0.01855496388582963,0.004453107013496803,0.0025600934179886184,0.02666102374895832,0.00022384059078393387,0.0009139851683155245,0.1059419802628858,0.0014564655466998634,0.0009320527885952212,0.011956860171340114,0.002781845231145387,0.010798879014067727,0.010537728913374454,0.027663006580764087,0.018588465542802232,0.02737383512092042,0.007409248768552166,0.0010106224615590517,0.0010431068698558016,0.010461808262786804,0.010715896420511498,0.008167376190555995,0.007825505941552149,-3.3815550983435543,-3.2454565456704145,-0.8197364769513452,-4.763896603219132,-3.399644195383511,-5.97439299798774,-4.867792166448384,-5.333729706637247,-9.459177359133593,-8.416020515159394,-5.929568232348118,-6.481210097118152,2.850371348763582,0.6073256564560365,0.5624982943734727,0.004152612888273292,6.431616090419e-05
0.024753163620936592,0.017911083829822618,0.004562970691481342,0.002447482344721542,0.025087865120806477,0.0002195334407610084,0.000879707320034674,0.10745353667094698,0.0013358744980368612,0.0009903337809073383,0.0117164213216541,0.0029794715723827007,0.01110627346565468,0.010975912380673759,0.028537927252428374,0.019609057155454197,0.027045982523370014,0.00781678609801406,0.0010374966366982529,0.0010150910189800394,0.010548668573269198,0.011309284722606212,0.007682182079575565,0.007925380470839898,-3.391586457379105,-3.1750356602129766,-0.8463943694929887,-4.671775248154083,-3.401799463098582,-5.789070579262947,-5.093784879798979,-5.306306120912186,-9.944770047537881,-7.834699863086484,-6.097849107677978,-5.9593698478558705,2.8478817499111213,0.6129927823758161,0.5508437237651042,0.003954327154858813,6.310150578868747e-05
0.024403946665937825,0.017932597448730676,0.0045655057948887955,0.0025046707938476504,0.026105707011251568,0.00021358650502707922,0.0008898107687206644,0.1100972039423135,0.0013284559761569754,0.0009523409522451981,0.01259082453150285,0.002932540455663875,0.010945505010225967,0.010973340027323064,0.028760312683006287,0.018548181513540526,0.0293154971987031,0.007190440623949513,0.0010252876735867265,0.0009840475471889624,0.010598126180044945,0.011308994207196391,0.007776054008787789,0.008208045318715714,-3.215692197220488,-3.1576379686315104,-0.7990642431131155,-4.5490171748337795,-3.4771478881241404,-5.797015262859281,-4.716028487033199,-5.003438963538018,-9.912097821260575,-8.362638120408032,-6.387866017269328,-6.160536636944656,2.9096060851456893,0.6086881530623299,0.5562577443263194,0.003885654327659973,6.32486466632008e-05
0.024779922851350958,0.017750791498424286,0.004587146604226211,0.0024886617584702372,0.025771602079860317,0.00021523185436272198,0.0009022850576456854,0.11308099661313305,0.0013641721240787536,0.0010095122479799419,0.012614123218237747,0.0030298201800642915,0.010776828774717398,0.011358322152355748,0.028616149642090066,0.018085281033114218,0.02785235023185347,0.007506342301215319,0.0009578789327712554,0.0009982756770647006,0.010737863092530973,0.011214715294723038,0.0080415888029631,0.007790378334532884,-3.1917976833875032,-3.280463384872355,-0.8265036272577404,-4.856995013295838,-3.3098389344045063,-5.854567709562664,-4.818644205712113,-5.155589176777747,-9.970056688928622,-7.937293701560956,-6.27469897139687,-6.182908143935672,2.8798577535303256,0.6148382672270587,0.5502341103321919,0.00420417364880091,6.708385332705648e-05
0.023454000848687834,0.018047405721108658,0.00459544127910886,0.0023867201483565893,0.02668929132078778,0.0002282394468918578,0.0008981304997718004,0.11374141931159058,0.0014515065430753833,0.000962250363558214,0.011962894459911826,0.002957536488225156,0.011483167576618639,0.011416275061213739,0.027223565541605783,0.019154433243441953,0.02783024715149182,0.0077596016658037816,0.0009522976429275922,0.0009868132558924127,0.01101712000457514,0.010724639597096975,0.007914250076712988,0.008374696958886072,-3.3364761963743614,-3.3973665510956654,-0.7969368386934674,-4.543306459970982,-3.601986489176864,-5.936872749910055,-4.644834584423995,-5.254303624798596,-9.68736432892009,-7.799407933838636,-6.5074265007586165,-5.978898620735162,2.6802622774150064,0.64749826836012,0.5274760728919946,0.004189325197372458,6.447130690307137e-05
0.023220986481372188,0.01832996043651476,0.0043858982963859644,0.002408018691217248,0.02544345070730022,0.00021986939628292488,0.0009101018992889499,0.10441919395698832,0.0013442433007193678,0.000993628945803986,0.012601543338068386,0.002808748213844601,0.01059010984410398,0.011470294580639476,0.02893689399904014,0.01986134498419094,0.029310351406039586,0.007347234083283646,0.0009747100581940655,0.001005773233057702,0.011249244081092024,0.010962307790486469,0.007625082043652495,0.007678388778614811,-3.27697767981451,-3.1735128493658755,-0.8039241490194484,-4.582985232979132,-3.448984381162366,-6.18238312354778,-4.960644294646366,-5.159488816002539,-9.759653363487306,-8.346160422344733,-6.021756763577065,-6.210942293256095,2.7084698518386117,0.6141450592010724,0.5160702677659281,0.004094878125948238,6.461743985279097e-05
0.024949501815752437,0.017223397553891268,0.004826966582315179,0.0023865565818767835,0.02703250670168882,0.0002290898262979124,0.0008588805355072336,0.10714970229953681,0.001460284599311593,0.0010086208644359107,0.012399300780990833,0.0027940091688432446,0.011057534175653617,0.011483391071565823,0.027672934825082814,0.019169697588621575,0.02816748549785603,0.007350813577230955,0.0009987113270045927,0.0009610860077416717,0.011134926884021502,0.01137872944362983,0.00830396612385009,0.007634325532058599,-3.415034075298229,-3.4716437488094702,-0.7928998015114489,-4.5126004994423585,-3.567229003345733,-5.9830837717172916,-4.743212091026156,-4.981519461823258,-10.027941839581475,-8.410195663975326,-6.2636130990667995,-6.111914825963746,2.65490836676899,0.6624305511497725,0.5432226379570478,0.004200172374718045,6.744355306646221e-05
0.023617795080877538,0.017389254129627663,0.004543996304596939,0.0025452677034717083,0.026787101119840395,0.00023055279966210544,0.0008307097639477894,0.10409345163417633,0.0014267524029301928,0.001009121648294183,0.012020344794549527,0.0028092588497314933,0.011078800099647844,0.010592265092880908,0.029057940028820055,0.0196521059730265,0.028731299496355722,0.007265756198016547,0.001000272061618584,0.000967467658295818,0.010784006256337566,0.010969034601263434,0.007993742727561547,0.008367660984799526,-3.283377383789886,-3.190208598773735,-0.8166328162434233,-4.640650841115252,-3.536132809008039,-5.9501576843080155,-4.956861896721524,-5.266500997770252,-9.620186911821675,-8.28691019027399,-6.089312811628661,-6.08660645239782,2.7287967047353194,0.6074537286733545,0.5347318458972212,0.003882490746859878,6.85116107308445e-05
0.024231995671622892,0.01755105260506441,0.004477738786286946,0.0025711387796620785,0.02486292934092652,0.00022057653988372117,0.0008942354241349181,0.11165064521344412,0.0013435155212432933,0.0010019412337713065,0.012219772708303272,0.002890531694773395,0.011530480805206071,0.010624790291918429,0.02885649413793954,0.019927689635920787,0.028557270348280005,0.007277153019900568,0.0009806705476073155,0.0010009779207161907,0.010554396176166539,0.010520263968937517,0.007704443095144111,0.007815985145985301,-3.2095503767576474,-3.3013785837773457,-0.854002175910181,-4.441428427520708,-3.484945483372977,-6.060770347897059,-5.033254468735956,-4.938790538156789,-9.511678776007997,-8.39024038044812,-6.001713822248759,-6.12142515417951,2.8426362198458333,0.6479306048035218,0.5180058346404908,0.0038815872891299523,6.650045148971933e-05
0.022763768888511345,0.017302509632679104,0.00467243790884668,0.0024715927690680027,0.02667033793459482,0.00022930985783339497,0.000880166101707649,0.10527749373511162,0.001385663486736787,0.0009649150258904856,0.012127484074004718,0.0028241885442320314,0.01125843871465947,0.01133199548125192,0.027226183700058557,0.018990666313257975,0.026935296020047607,0.007756277542133316,0.0010414455923362111,0.000950354017304365,0.011039800706795465,0.010642769390651886,0.007751268245462001,0.007715171528736519,-3.36426544842946,-3.197906775268759,-0.8052075070828224,-4.6757198136656815,-3.531834049962087,-6.100609119595186,-5.1025682154411145,-5.288972508245809,-10.058832867174647,-8.37235387515376,-6.373163786887474,-6.040712147649732,2.753786164226277,0.612016781845669,0.538945843892169,0.003957758880855953,6.40566924196679e-05
0.0243574067888035,0.018833113592973884,0.004599248654046535,0.0025628385550089568,0.02468218403353354,0.0002245392269574226,0.0008516390607915495,0.11116515980978696,0.001396828819367083,0.0009469251220674344,0.011927349704502299,0.002919948428507077,0.010488050364347981,0.011099332767291189,0.02699744243931611,0.01860682932249811,0.027136022053199864,0.0072726989063073575,0.0009771597643509406,0.0010415761451376781,0.011338214098190054,0.011090579623979833,0.008316285099724388,0.0076136984980373565,-3.4413345791794065,-3.405673993639372,-0.8022971899257313,-4.614781734528272,-3.298033438239033,-5.84810010697438,-4.753780631654867,-4.926586308065822,-10.111894577547213,-8.041164470679007,-6.4411390793134915,-6.159945136022288,2.9056637280896394,0.6357470086134689,0.5154026761473318,0.004067831309578207,6.595817326442415e-05
0.023147514218276783,0.018317581398122184,0.004596057257440779,0.0024814756141924373,0.026094628702481294,0.00021880802881047665,0.0008341348313057149,0.10374161593927068,0.0014467363386443798,0.0009713238409518164,0.012513907382723528,0.0030392127893536097,0.010697338601341647,0.011365358507704166,0.028567064535782526,0.01910192428284317,0.02938000116917291,0.007686907920465018,0.001047647073334459,0.001021891384622929,0.01107315313955248,0.010610847633246318,0.008324695483704752,0.007752124576718217,-3.291469052162269,-3.2360064594347873,-0.850677276442535,-4.644917762044053,-3.6011006901478386,-6.1368560947866255,-4.721630597375319,-5.09039106335162,-9.97669590268307,-7.819974421761307,-6.488137540874164,-5.989211822155736,2.669459072183532,0.6384162680959857,0.5642534969678576,0.004119999750445418,6.396902762081903e-05
0.0235685933909417,0.018022537928857246,0.0044659362964509725,0.0025802649512940167,0.02495111257015611,0.00021865305913143667,0.0008745089371182407,0.11114611724202311,0.0014542932275175074,0.0009302391713943727,0.011510859688597988,0.002832833014785765,0.011233847973292101,0.01121008008733265,0.028674972064071984,0.01929802727863162,0.027260898485280155,0.007344261986468307,0.0010460489129813732,0.0010010524720064319,0.010627989553778186,0.011046277815919282,0.008188307721276478,0.007609774306679808,-3.4021074617466915,-3.2200474861592667,-0.8132137458033357,-4.626739744444118,-3.479791966286968,-5.624309714481006,-4.7270872733954326,-5.107479077204891,-9.46467424968945,-7.799952240909727,-6.429389098118657,-6.458674635585445,2.685507483211784,0.6079463575856032,0.5269020341161185,0.003927594892491262,6.475388432724706e-05
0.024433676176892304,0.017501192432635353,0.004751768700494551,0.002438951718536973,0.026644575224766213,0.00021185133389322634,0.0008573684136577299,0.10598642918061175,0.0013491013824208926,0.0009942480795505349,0.01249079628442008,0.003032892676702757,0.011519412781247837,0.010817749358457494,0.02758948368729833,0.019750101055636262,0.02745035261979494,0.007747225134301067,0.0010230619254344429,0.0009916752042790039,0.010573048604714533,0.010795674286333557,0.007646865296540649,0.0076471625624883474,-3.4496442501779607,-3.3590169722519225,-0.8203638341588199,-4.726423724015666,-3.481926415549292,-5.809210678138146,-4.9268589259599445,-5.2115623895847385,-9.974895221801486,-8.597074637230921,-5.96088767167974,-6.0861006347155024,2.8386796742128073,0.6627049749821822,0.5262304566793934,0.004086130358698711,6.896431353537765e-05
0.02450656779647979,0.01825607666857344,0.004505402763589754,0.0024556545743080844,0.025578218377288523,0.00022339290939926855,0.000869497908859704,0.10420220607048152,0.001368034890458974,0.0010093629565261983,0.012603319102989636,0.002888693895384691,0.011019264735495634,0.01103409202863345,0.02833303150500749,0.019753529200478445,0.02718730928608515,0.007342791133773107,0.0009712729491366659,0.0010111980786926458,0.011037173149813197,0.01062122132376521,0.007902175747748765,0.00816219959419863,-3.3950466631260463,-3.2689870971347776,-0.811942424836907,-4.633699300160511,-3.3291417464632995,-5.8255123142570495,-4.984487178896033,-5.327639040374814,-9.47100610638706,-7.950481254786041,-6.443306589037489,-6.260254897323134,2.771924305515672,0.6520437657656737,0.5233791111335,0.004140393894476574,6.814848660987093e-05
0.02268580595154267,0.018600362622862094,0.004644429241875976,0.0024987916648018357,0.025908558794620444,0.00022651441210034938,0.0008608515784587602,0.11288252180806657,0.001423931756818504,0.0009510589207050801,0.011666503569590694,0.002975784911134187,0.011105557977379414,0.011043553691511054,0.028880651021944915,0.018331155979825032,0.02857043454977416,0.007396233971695297,0.0010232698834035192,0.0009950009330121333,0.011420794906757818,0.011338554420061497,0.007762518828685023,0.00780945896498715,-3.3901115078882653,-3.3085463784372933,-0.8273185678527054,-4.643035496667123,-3.4244303572917163,-5.631554456932521,-4.944650652811243,-5.114006823127136,-9.328783279387789,-8.020675809914197,-5.948788004484323,-6.489007513118259,2.9069697984801395,0.6331536513359072,0.5560961510214648,0.004116484067554296,6.533178768822214e-05
0.02354231174024764,0.017771146028700238,0.004389777201201661,0.0025009681475521668,0.025271893495984528,0.00021331349022564767,0.0008557987417945026,0.1105761903055357,0.0013940952007202203,0.000955013336424607,0.01158327330426376,0.0030199862194227735,0.010968347507994147,0.011456981503376889,0.028009906177938398,0.018110925608495337,0.027417502662249283,0.007162044047747571,0.0010216967835114566,0.0009572638428231977,0.010887744241668766,0.01113415263557961,0.008317606629786811,0.008144235312046284,-3.386692045582354,-3.434554839877614,-0.8471069145138226,-4.609864801292837,-3.4021568019508175,-5.62232365863356,-4.7304163358448035,-5.086343734179937,-10.087771883527573,-8.565906651267701,-5.98316170495659,-6.45055135897533,2.778197655734795,0.6368666986409933,0.5380166754968825,0.0039089958374775215,6.548286596370536e-05
0.024932147108335013,0.018678313945058415,0.004606883548664947,0.002416768805839909,0.026872576616689545,0.00021857882460741258,0.0009038412963720636,0.11026784450983033,0.0013700673696626045,0.0009712338751062653,0.011934344973184489,0.002780376983258613,0.011437335180378346,0.011306387105726307,0.027959956717845267,0.01932238598223223,0.028021536807573563,0.00780822729882778,0.0009772837545383426,0.0010356514990827658,0.011508647898574467,0.010606741811412728,0.008054721964047822,0.00804442063852933,-3.2487962263914714,-3.470156520306246,-0.8575385027036924,-4.501595075065609,-3.4034348300500494,-5.719497698715315,-4.92399163836342,-5.10336634947178,-9.981434546423719,-8.255929755198688,-6.428551083877345,-6.069243143668533,2.8188864610950914,0.6604170884703328,0.5504033176723737,0.00403058936885194,6.822908496976605e-05
0.024465572123597925,0.017424193359505416,0.004650817851433079,0.0023563815689637848,0.025923471058289287,0.0002304097689418078,0.0008482527989828043,0.11442322634900597,0.0014475125823258696,0.000998458945808465,0.01159504172221024,0.0028106060956890923,0.011177370915257145,0.011000504272469978,0.027234648348386573,0.019634826169557716,0.02889812301472101,0.007662436014267408,0.000995008009912726,0.0010122363136157333,0.010896633009015087,0.011004611346203627,0.0077901937681337545,0.007914958503668225,-3.4123035503186814,-3.34043405450738,-0.7934130049223694,-4.663627065049351,-3.4811984421447764,-5.757780384942453,-4.88251135085799,-5.20568350096306,-9.966877383903551,-8.34706490966607,-6.2642909997247305,-6.450111674227412,2.8079608735208605,0.6320358292862506,0.5483893340676562,0.0038807692351347694,6.777630749377034e-05
0.022754127256205597,0.017358358314099747,0.00453421686009837,0.002417280147981706,0.024654630649636126,0.00022872605441518777,0.0008364997739553699,0.10889994234153215,0.0013811292275988317,0.0009328790422449376,0.011884085746623444,0.002769812731926595,0.010506651728577834,0.011487005031198856,0.027388806504646347,0.019362789216884967,0.027602683641417065,0.007157127505068797,0.0010112867569641306,0.0009830885476523172,0.01150081707729273,0.011324748264273465,0.007643082605332172,0.007663449794595772,-3.4401842525353072,-3.1548776337975686,-0.8387933547697021,-4.8048207051589396,-3.344877448783454,-5.9931356602176855,-5.0488076493846785,-4.936546235629501,-9.386844142709501,-8.211479631395111,-6.328249090049419,-5.921738841913605,2.684067286416931,0.6311457920861552,0.5241396892573768,0.004084778174710012,6.275823427566159e-05
0.024837153013755168,0.017953981302379123,0.004829765192659674,0.0024161276098784022,0.02482073099647207,0.00023098599242089607,0.0009151805234283448,0.10865024484756607,0.0013892622631263526,0.0009623687522704606,0.011513964319725855,0.0029841369430128957,0.010488808420612592,0.011067727317558734,0.02673399094846724,0.019372140070946526,0.026617493319090326,0.007692522589263754,0.0010305341486560584,0.0010223761884839671,0.01101601884366701,0.011184801318142939,0.007982022899307151,0.00828145245937044,-3.28083562902091,-3.4156803387764696,-0.7878714522592238,-4.4798248652359485,-3.464081169190933,-6.118143321541787,-5.108736655064404,-5.024011768998254,-9.79888866060216,-8.539069041595047,-6.3953584722609875,-6.025749085430402,2.8233462135123157,0.6169931212070199,0.5214279248619093,0.0039114312672115905,6.293837369089512e-05
0.022952543307387878,0.017281824552423854,0.0045914593785041135,0.002443798505798393,0.025351885506003796,0.00020964898215874872,0.0008515396645887046,0.10513996164780053,0.00145799675535501,0.0009689276650359111,0.011675661614112504,0.0028619241095351163,0.010911261369850456,0.01113831055524171,0.027411002459718066,0.019477656515750563,0.027464650083721374,0.007255856755683514,0.0010368709266044755,0.0009936381970878274,0.01069829606202704,0.011136367503764587,0.007946497998647897,0.008108697587434408,-3.165303121093889,-3.2213538203212644,-0.8371729986621542,-4.788842915957842,-3.4980643074186286,-6.003947684270915,-4.673474963928977,-5.1974896034127305,-10.066742723816063,-8.149146147646155,-6.226552858594311,-6.254885925694347,2.722701873422429,0.6335403760248924,0.5435695265938003,0.0040786412499178104,6.423361603003222e-05
0.023177573037397897,0.017740320035435218,0.004614769726458165,0.00257409634340168,0.025211110535472807,0.00022614381906872625,0.0008486524659719267,0.11317645711871399,0.0013542538233027861,0.0009930704266048276,0.011980685144441528,0.0030306977880616955,0.010999962656880026,0.010898971847836267,0.028443150519685483,0.018561164133236573,0.027730777490974478,0.007847883467824932,0.0009538706304990422,0.0010220429464612554,0.011044705542720837,0.011404329790338608,0.007677725751072738,0.007856408468704567,-3.204999701708024,-3.204848309623844,-0.8507108484519447,-4.711520844492314,-3.4489285706707253,-6.041749942827079,-4.765455821374014,-4.913061122660081,-9.506700956859143,-8.163088710341507,-6.305182199092196,-6.369675162753676,2.917729779379143,0.6425262973205673,0.5667608414670031,0.003924424282668305,6.593395820629752e-05
0.023838809107600056,0.01850488228567799,0.004381739519929871,0.0025636442961894552,0.024645888098908015,0.00021602119345062962,0.0008328742622534558,0.10600751764392222,0.0013437107935810877,0.0009961279116483682,0.011554225633953084,0.002981763172348347,0.010964144628620708,0.011449294327925852,0.029071737431592002,0.01810347301416094,0.028646182164832206,0.007207504987978575,0.000953310988876822,0.0009889519572749072,0.010467046128874955,0.011118851005995824,0.008029819114598043,0.008127576199192488,-3.191497243858457,-3.2325832697116406,-0.7798333104594674,-4.511646671918638,-3.5402061670087823,-5.8980636041026875,-4.8090685203436365,-5.124576101107938,-10.097520126435795,-8.115007056046963,-6.363059104907015,-6.04920222752309,2.9048221401588243,0.6287876166193697,0.5238280545955792,0.004023730924038271,6.281419924732523e-05
0.023673894548611307,0.017397355666877813,0.0046264716018901125,0.0025877146733194437,0.0262442773959855,0.00022921576909745253,0.0008869643026888716,0.10553158920624373,0.0014270675341198653,0.00098576657437121,0.011641895968885112,0.002815422732509355,0.010962758751406705,0.011061606077793237,0.026836485983375017,0.019077834729164782,0.02746052087434364,0.007566065880581196,0.0009710965274318356,0.0009892453242357519,0.011496989309519425,0.010814398441744012,0.008351106436331718,0.007671459368366564,-3.3661027103651793,-3.4404829590369506,-0.8215992360810643,-4.459560499964597,-3.320349842345813,-5.647064311999788,-4.65397915522804,-5.3872689964878635,-9.26318301401912,-8.235204505109698,-6.2725717226222635,-6.034265735882994,2.902733055542441,0.6577828815909903,0.5588436601477021,0.004216587283651257,6.75944200811507e-05
0.023079377639069008,0.01882550615092148,0.004617198821593077,0.0025571406099001693,0.02714036647856094,0.000211460471380215,0.0009122400758583124,0.11105588438326189,0.0013846118457141931,0.0009821362731162846,0.011965125918698898,0.002837514613465646,0.010953810538480801,0.011097672837053079,0.028913905125297387,0.01949585959942087,0.02773739532103041,0.007497189722917104,0.0010017337313591459,0.0010490007255733443,0.011397879514853422,0.011241207345063602,0.007796003569747146,0.00808243937635596,-3.4531490488013805,-3.3425788252554116,-0.8328571151964088,-4.875927238667648,-3.605691433695023,-5.85763948692268,-4.98153918239648,-4.89590445041718,-9.683268986197692,-7.859433356504325,-6.042385190256001,-6.100008513395646,2.8030842606895954,0.6470716570388331,0.5463303464874506,0.003907854976584285,6.505474333056704e-05
0.022848624316342468,0.018034237144102516,0.004765420352004078,0.002470104321290914,0.02472093620928136,0.0002092915595134981,0.0009055311530138088,0.10430668394680591,0.0013461275897639355,0.0010157641999378358,0.012569975400109101,0.0030368594685195455,0.010533464177523754,0.011283413767244867,0.027064637612142898,0.01813175586529469,0.02841713118240177,0.007556742784847963,0.0009651945131186316,0.0010346443488891456,0.010728044609185439,0.011142583909601956,0.007862631250790524,0.008328386122001341,-3.4479958745395334,-3.395958855738781,-0.8223842896604957,-4.848670816173684,-3.4396041082553084,-5.652785114500003,-4.829876076680748,-5.2566485943153385,-9.93716580128445,-8.087071902688622,-6.057860241221175,-5.978367948351895,2.6919148547357703,0.6143002256637977,0.5658730744156809,0.0041076469874003685,6.775974528671632e-05
0.023680522764734722,0.01800353834172338,0.004410677731621969,0.0025836619754769216,0.026275805457960634,0.00021013610568475872,0.0008656635841804008,0.11311200011317485,0.001459098134059831,0.0009411086984721946,0.012689794252629455,0.0028449905746789294,0.011457248181156806,0.01101119247493843,0.02756259642383997,0.018406082883016886,0.02840514170873256,0.007865351383773535,0.0009800493146408771,0.0009885174546178136,0.011382301458743433,0.011042318537787695,0.008118906605254368,0.008306420753076733,-3.3487183913538616,-3.384164047462944,-0.8201744676812304,-4.533104283354718,-3.526033235565687,-5.9313211933546555,-5.050179737681972,-5.294641214676351,-9.719763995534477,-8.084389708655214,-6.261251269584646,-6.478283540428225,2.731634306957387,0.658293718707481,0.5195230457397157,0.004061127674196277,6.79792845052287e-05
0.023381943070624675,0.018179174918118175,0.004492686601325245,0.0025237992475165617,0.02523512913597883,0.00023078625420594722,0.0008741413750048339,0.1097594228739415,0.0014118577754038718,0.0009955528768075597,0.012500056079725168,0.0028003061669691523,0.01080531706212716,0.010629048287303853,0.026869390399986346,0.019096349566693156,0.028901724264071622,0.00715065167964865,0.0009755376927152054,0.00101602734766898,0.010478843665593488,0.011399981388081393,0.008006932804789866,0.0076280373383486805,-3.182133704362913,-3.359346747761098,-0.7856584730342764,-4.439467353568703,-3.5525550686125658,-5.953395652669455,-4.801351663325441,-5.224534473274659,-9.73008477813117,-8.15406933643458,-5.926176554253911,-6.137808636566287,2.663619043851738,0.6360964121236422,0.5134668076843332,0.004263497795920671,6.834526297686459e-05
0.023990342451300117,0.018164347332333172,0.004458498079753245,0.0024169799722964136,0.025734263381300304,0.00022638365881322623,0.000886696652502627,0.10778157978638411,0.0014551647710730306,0.0009605719690255962,0.011608003507397472,0.00291796600114013,0.011217278050271109,0.011495040122144543,0.02793205305019968,0.01897957349932228,0.026980500575878884,0.00769718879770088,0.0009808080751400683,0.0010033997475470337,0.011153756899233234,0.01052740629604335,0.008376701116856289,0.007736502752112512,-3.2311512773563797,-3.315073868222069,-0.8116798452144908,-4.6905611238846125,-3.3157541247351543,-6.057437317917049,-4.8255808444128965,-5.125355035262711,-9.47273692097539,-8.478449425005676,-5.98142793735899,-5.918378336641981,2.9136371918778616,0.6262516091590636,0.5544471870695369,0.003995581914883556,6.660864087820284e-05
0.02386063975750371,0.018811771614585523,0.004795449208344867,0.0024030035565239705,0.026524008066856803,0.00022817801123739223,0.0009013300391221733,0.11173523126685449,0.0014366070587389953,0.0009273893722866111,0.012550587738274459,0.0029269058457297966,0.010508492414797732,0.011464948747160371,0.027414749582695346,0.019428910067467383,0.028171385740221985,0.007469840636622482,0.0009699954069039469,0.001048931251393085,0.011042221360911536,0.010468509006564321,0.0078666402510897,0.007639421843663539,-3.378767438186871,-3.4420409514659336,-0.790759942948336,-4.539118318879606,-3.4360393749361102,-6.125772128844515,-5.0100390706379585,-4.997037680535273,-9.974050518867958,-7.868924311781252,-6.4816524778247775,-6.219734834028644,2.76245679449066,0.6300530080726057,0.5159787407501236,0.003924661658704998,6.523100509151673e-05
0.0228658694649809,0.01761778021104818,0.004617885449459359,0.0025221529550589015,0.026912062900371174,0.0002273588189512745,0.0008758640380981672,0.10368475808161773,0.0013661950845154033,0.0009585889150554095,0.012462385833857385,0.0028469901056307175,0.010735602646479032,0.010620191736180782,0.028777846076638934,0.01902436946477435,0.027955997415547315,0.007578757543661951,0.001021228615879711,0.0009585046837431851,0.011408791137443967,0.010810630417771937,0.008175172176724877,0.008039844751212643,-3.2879701423357517,-3.353186386212094,-0.818134499922441,-4.674987588234549,-3.286763043680699,-5.684056635318265,-4.820855060216656,-5.3921935469457845,-9.510061103483707,-8.321093625846617,-5.977844550108546,-6.087185712546422,2.6792144861997436,0.6111098138004669,0.5637793797406245,0.004177135017889591,6.607624222026405e-05
0.022853467416701172,0.017322564594302203,0.0048217089292780235,0.002379670624287995,0.025996353232744917,0.00021589156615028628,0.0008791369750392759,0.11060781521923961,0.0014606985490609884,0.000998525176891569,0.012033955072476177,0.0029967444593819075,0.01100534199205534,0.010630428907069443,0.028735194064758357,0.018930880006777628,0.029012347765737273,0.007795790642705033,0.0009557604025569953,0.0009947176029513557,0.010711105873566747,0.01146276397852161,0.008382525943270635,0.007904061069497467,-3.347464883964039,-3.315626865026747,-0.7897633272540956,-4.479049897799548,-3.4330516143263665,-5.754252633935786,-4.987922631387095,-4.918609921357086,-9.677395023866305,-8.059853643924932,-5.974781471989033,-6.003217965093295,2.9015759793629776,0.642848561211951,0.5509005446263736,0.003936531364826854,6.750619470317633e-05
0.02300211505159077,0.018513975444704192,0.004500280751569785,0.002451252462441612,0.025113370422195174,0.00022546393393105,0.0008376366657973047,0.11045992222754177,0.0013813353014578784,0.0010076558121245958,0.012344298861427072,0.003002760925542907,0.011522768367261757,0.010895991778668663,0.028344118537968994,0.01988568443868428,0.027492692599322043,0.007369300922300005,0.0010312312067776318,0.0009732858185005396,0.011393683373916979,0.01132663842134099,0.008358003489638938,0.00795037938291625,-3.337556425426958,-3.3803964270212576,-0.8015421574048753,-4.6555864775553735,-3.607767844327038,-5.842564963758826,-4.649409009294639,-4.893035942816451,-10.133773507315286,-8.262358293934392,-6.434566706410113,-5.953781449619129,2.6506087609656017,0.6426997852086688,0.5591025824867218,0.004216214410215112,6.391583368502069e-05
0.02470053862969184,0.01835388823756409,0.004380058676096243,0.0024361921803546646,0.02558639313211595,0.00022838457413526034,0.0008488754320106606,0.11268658766299694,0.0014398560841030487,0.0010144660641382035,0.012363506892836334,0.002998099929599121,0.010829555220537945,0.010837717137254994,0.027773749076557885,0.018722707243141387,0.026808664404513568,0.0074434036110699155,0.0009913424778261678,0.0010418099366071778,0.010993326989463547,0.011502796392533494,0.007615185943856451,0.007982749259128324,-3.487739574070461,-3.3483897050612033,-0.7979182105086128,-4.5348368072930585,-3.487654843148206,-5.941956354296117,-4.899594779905908,-5.126956275415271,-10.098924752586198,-8.125375453691419,-5.990560702948554,-6.04789711643256,2.858857212430098,0.631481226885792,0.5608489585567372,0.004165646172002627,6.765650762312315e-05
0.023503553708826858,0.01817794183826845,0.004642120293273254,0.002514141190236641,0.025070934600078493,0.00022640965037708458,0.0008865821910338255,0.11232568337462348,0.0014655427566157278,0.0009304470698108283,0.011580617862259609,0.003027958600362997,0.010721902442634702,0.011125930826420681,0.027305921713596464,0.018520962743927366,0.027337810290525125,0.007575382069107945,0.000978607114685112,0.0009736066394505954,0.011032912501531038,0.011380955598778377,0.007820405048526505,0.007755087462228203,-3.471601819633537,-3.3211235516652993,-0.7985385111818353,-4.684377975676087,-3.3415959621460405,-5.6563283361564745,-4.904024843281093,-5.180973784498638,-10.046831096261405,-8.363440491564678,-6.068856487355036,-6.0915205154866205,2.8206602398829754,0.6443633182459693,0.5210393043425628,0.0041211445881241164,6.558851985096015e-05
0.02301900050520978,0.017634557971400587,0.004800310257005567,0.0024763115425815757,0.02527697102963302,0.00023090776569122806,0.0009037062832373223,0.11301093724679737,0.0013784669101163645,0.0009252171272037452,0.01248346618537065,0.002907203070090691,0.010659609991602061,0.010868441616419065,0.026852461009373486,0.01930953734695056,0.029236561872127437,0.007293633182075678,0.000972308319441865,0.0010089474472603133,0.011530407372474745,0.011068593457956586,0.007812681757571353,0.008291373641711727,-3.275379800355123,-3.370298423921623,-0.8252846241953635,-4.706647214102187,-3.4668974058498128,-5.773729808074033,-4.752565177566884,-5.052141454731427,-9.425488323834042,-8.217229992805164,-6.436957186080482,-6.238378640836696,2.72486305347483,0.6140488859840036,0.5620106738923523,0.003969370172995683,6.369113274529221e-05
0.023731878541940088,0.01780104413834243,0.00474106496012793,0.0025382393706144973,0.026366870995446257,0.00021963031282515528,0.0008510226906958188,0.10591631355161718,0.001380649633827655,0.0009362303157834825,0.012178959797763384,0.003024451299850157,0.011401048156163966,0.010698871739769725,0.028064539843378485,0.01992204783316957,0.02927743923875878,0.007376858671941161,0.001044004856417319,0.0010116657387499706,0.011116489416647567,0.011508429648974668,0.00803874542625715,0.00831875849149383,-3.4084814532809946,-3.3821429392262914,-0.824519874774581,-4.798492977006762,-3.3378679696884728,-6.151944553992899,-4.73515360736449,-5.29057029748352,-9.871920419725358,-8.570315025475837,-5.954127102973288,-6.095185742053166,2.6682935254008595,0.6206679858893454,0.5622222043581236,0.00416641292600674,6.312073060830273e-05
0.023275398522657476,0.01779116041548153,0.004564269649153568,0.0023919077521357183,0.026926724173630037,0.00021911308939087895,0.0008813801181985593,0.10850481384526259,0.0014092052272830881,0.000929426286607691,0.01248137885616005,0.002995985462441483,0.011109675514010769,0.010997129775816418,0.029002164784594164,0.019144632219539347,0.028121559846042195,0.007772897389215257,0.0010359271140378062,0.001015758810417277,0.010995919611544868,0.011448751425984078,0.00829080369611685,0.007783935544229907,-3.481936711859987,-3.226862334079263,-0.8111705140469294,-4.825621780944179,-3.5082260471023536,-5.63312521878705,-5.007451822201603,-5.21075529891323,-9.263239857317325,-7.878106844913331,-6.211560139252244,-6.084766191020257,2.655192659674907,0.6039260859331951,0.5614759768780638,0.004099389713676772,6.907281351870945e-05
0.023330922122861843,0.01717956609620958,0.004489494153640077,0.0024396124694780336,0.025919415438705996,0.00021638377608187715,0.0008966955332372318,0.10781709507419278,0.001330761941705245,0.0009896704001569959,0.012210644366090602,0.0029196180871446046,0.011248034594217464,0.011091959691963329,0.026941750930959414,0.018187033138547512,0.028583302228228576,0.0077254340461919285,0.0010352522016765825,0.0009867023324655578,0.010874798271995908,0.01140548261668912,0.007952450316835443,0.008381655235188877,-3.38298930356697,-3.412804901178363,-0.817005544789266,-4.825050549838635,-3.314266661905267,-6.128114710179941,-5.056404937208825,-5.360738522053192,-9.65038125815956,-8.329795461431342,-6.447158917434962,-6.1718112996419485,2.7736695678590273,0.6521720356614455,0.5262921337525941,0.0039525739431730605,6.735785669561079e-05
0.024043741512823034,0.018515497572649846,0.0045082471042217,0.0023565957727634556,0.025355596366594405,0.00021711811003681216,0.0008633853241942011,0.10810448854537284,0.0014462640931786133,0.001005791237994701,0.012037331470905098,0.002828614868885477,0.011025123244755802,0.010782121323466223,0.027536477134557036,0.018284326778548937,0.029316616651428675,0.0072160882485597,0.0009916680688293942,0.0009682735596331723,0.011396301883033191,0.011255743183599214,0.0076773294770177405,0.007801638241533451,-3.307678780157267,-3.3823347521642777,-0.8200461880039606,-4.506536557367588,-3.3215960168530523,-5.688778896845019,-5.035644367091258,-5.019201612679202,-10.144532394855958,-8.191135906592258,-5.9129233905261875,-6.147658482655007,2.6956570414274648,0.652665750662645,0.5350396207013457,0.004142219082115757,6.77230667065629e-05
0.023240927659930733,0.01719870349339898,0.004724583573663617,0.00240480437210055,0.02655977905892093,0.00021974754874307863,0.0008963491145888199,0.10822034828818312,0.0013338667038735401,0.0009380155872866188,0.012197895596999929,0.0030158607807416003,0.010976319536125902,0.011007293257618414,0.026998833104766598,0.018847244619835953,0.026929743936108818,0.007537791787093659,0.001040163502916341,0.0010072165216541487,0.010957016883770336,0.011240047040354147,0.008218840203033585,0.008056436322834929,-3.184007998453596,-3.291505173394864,-0.809779749015596,-4.505166338031402,-3.4634581292433007,-6.0895996319854335,-4.793291635215661,-4.959769504776148,-10.15060139463174,-8.172144874170298,-6.276120614330468,-6.3668504853879435,2.7894650703072195,0.6179234548441204,0.5410976436292411,0.004115728041253155,6.413561812149357e-05
0.02383335345988065,0.018334502866014773,0.004611446007222387,0.0025000608118038916,0.027076122103169085,0.00022959770482568488,0.0008294236564852132,0.10415805869675007,0.0013899440225529584,0.0009433609188120712,0.01197734122710267,0.002848083181736982,0.010751665456893262,0.01062523141934208,0.026964517536518535,0.018893390003577957,0.029167475850084446,0.007313408986354828,0.00101864330798531,0.0010224058538288322,0.010813730489052495,0.010655131973955007,0.007977262245902875,0.0076185292383552745,-3.398446381540622,-3.2416807499371254,-0.8569914521325689,-4.639175972790198,-3.421696322015953,-6.011787662672696,-4.648934715977204,-5.09000778460708,-9.32552128250675,-8.5395761706721,-6.0368669199285305,-6.495470399237842,2.9146042009579856,0.6298542564186317,0.541456200706313,0.003939610029575938,6.848592189666626e-05
0.023529419216851987,0.017521402582821925,0.004485063733798956,0.0024873968322278576,0.0266019353099781,0.0002213278250038858,0.0008458086981610362,0.11003498315589733,0.001455394301733541,0.0009399761336328725,0.01179425349529316,0.0029505233820828355,0.01134850105166638,0.010924786652507415,0.028491335449647055,0.018924805672986184,0.027518232681573284,0.007217807360890384,0.0009510074366834284,0.0009735675649370761,0.011425931496489653,0.011425536579489802,0.008258603209789633,0.007682933657090074,-3.3124287230728653,-3.1755258291570714,-0.7914057030085089,-4.762471476573468,-3.3169418779031465,-5.783456967628252,-4.92281855955383,-5.082997949077307,-10.157892483338303,-7.801798240930161,-6.151780844091708,-5.977435606334411,2.6730257408257576,0.6504292711487268,0.5600570120582798,0.004080149269539785,6.397533893413058e-05
0.02375192267820372,0.01858740265103924,0.004519848805064144,0.002423353319227793,0.026745116398041717,0.0002214140028251794,0.0008834148815275994,0.10702321332038232,0.0013334400603707546,0.0010080006349810547,0.011893180363424639,0.002975152115056028,0.010974610276134453,0.010560004028138274,0.028947142840660082,0.01941025589576675,0.02918478079319665,0.0076258733274529545,0.001003054238264192,0.001043072348640452,0.010740110609187352,0.01063184745014339,0.008188879757007998,0.008217204665831871,-3.2823860573461325,-3.365346135406912,-0.8280502901357893,-4.49318545592472,-3.5903380949460226,-5.6431918674540835,-4.95631985339101,-5.375223195006734,-9.934766510301536,-8.113859324098945,-6.505890903316587,-6.014468803320769,2.673768758288339,0.6418240918495337,0.5147240506838321,0.004125671160875239,6.695435550832135e-05
0.022749996231544358,0.0183105017158397,0.004633015945162956,0.0024348464025434518,0.02557142231170012,0.00021802730299847473,0.0008980143380432114,0.11276689129211026,0.0014597741928054039,0.0009738796919037673,0.011756990946227643,0.002781333643081267,0.011228004422956303,0.011035334412179605,0.026702343117008642,0.018690241797318676,0.0277340731772413,0.0074230312188655855,0.0009611721284886174,0.0009683512805019167,0.011219883593993155,0.011338833955571443,0.008266512766042898,0.008279681794577191,-3.3715744536801893,-3.190892191387125,-0.8522575704772681,-4.495618585795353,-3.5875509157873884,-6.126903223600736,-4.7663970186379645,-5.17913246198872,-9.662876340942827,-8.506710338573654,-6.506341848628963,-6.356931535438933,2.762067620301177,0.6631740941684913,0.5594257842326863,0.003979197002845895,6.92043993378469e-05
0.022638963570397894,0.01716937400555771,0.00465232252046347,0.0025949634424794477,0.024833767694516597,0.00021092724818358089,0.0008630356385808699,0.10844617639174768,0.0013266736943416894,0.0009421438410241091,0.011762500395917298,0.0028844141919169143,0.01149545619461409,0.011308227114726914,0.027505247305385574,0.019468332856939344,0.028378885085017395,0.007814353279496035,0.0010053113280183285,0.0009940275072197753,0.011391306303224857,0.011263711425821062,0.007809583802686094,0.007775157177151036,-3.2558412259897676,-3.209494988320524,-0.8253804713183241,-4.747113307162947,-3.3862541227171694,-5.819027198962848,-4.8282387484174345,-5.355311449318995,-10.20099649309317,-8.112377109770641,-6.41476002240106,-5.9984815321045595,2.8938540699752693,0.608262760439961,0.5151990726561952,0.004135601969423426,6.734170801813726e-05
0.02466805725638538,0.018814220144203166,0.004779411901157771,0.002471388804337589,0.02710705077602788,0.0002281027581956053,0.0009072909292916609,0.1099897465502791,0.001367007590454964,0.0009426611217791425,0.01155568806311842,0.0028836138982375305,0.010726256025818774,0.011494899589342576,0.027119111465858256,0.019118841340408328,0.028993266779591624,0.007833326004657087,0.0010202256067204179,0.000999762617605427,0.01115104978700756,0.010843711489250472,0.008330902118765355,0.008032770557886412,-3.4887560718481065,-3.4496353612873554,-0.8598793534069371,-4.5175041374099,-3.3299537755234483,-5.906124958750899,-5.034076699083616,-5.135318994657555,-9.54706031003411,-8.053904333552607,-6.342865199685781,-6.41084177298409,2.7353577017644035,0.6419882121495433,0.533474392279225,0.004125212429168624,6.758872101362165e-05
0.024102598626929518,0.01740365440240389,0.004600397685823737,0.0024544811953476522,0.025399570838871285,0.00022429873006786234,0.0008878879623595402,0.10492114790254062,0.0013903165962039258,0.0009746063560369031,0.012623579279121444,0.002978270470901456,0.010854892023952789,0.011233669213955709,0.026737148292666796,0.0186720073082154,0.028602539924839493,0.007172765315426699,0.0009992561221074355,0.001031320738217053,0.011065004358816978,0.01063922259477297,0.008112145658569188,0.007759803422348335,-3.396785206773532,-3.435724447228442,-0.8460953773003607,-4.796150637251671,-3.4572654395282623,-5.7241442814761205,-4.864632481500781,-5.299221136628768,-9.400837842000138,-8.241746029560549,-6.129898947024576,-6.0658227335909025,2.7568343740676213,0.6434002707382362,0.5646868459407457,0.0038639113781589827,6.430606895073509e-05
0.022765488493263635,0.017406175260026392,0.0045232126270846095,0.0023926829955646023,0.026010951865118495,0.00021486103189903309,0.0008625495053850328,0.10773342291447617,0.001350724885646099,0.0010016263521119512,0.01244337257778506,0.0029671606586901445,0.010849689566323893,0.011373442662201149,0.028470991071949798,0.019565117522006195,0.026653389485563835,0.007796964326439254,0.0010089310143225482,0.001021988195275737,0.011025337307592307,0.011410296640647861,0.008332984802382861,0.008020981035057422,-3.331470208392937,-3.1556241824339226,-0.792864364133316,-4.55297520122172,-3.5282659256563753,-6.087476088932822,-4.870438802944052,-5.068797061570448,-9.253354974431224,-8.349395965717207,-5.944914596051163,-6.341442388418464,2.671761751167085,0.6352070698547797,0.5626796080154074,0.003993632869543801,6.794809893548507e-05
0.023188935393194568,0.017612283502963136,0.004601786363613184,0.0023964642113215276,0.026466949775878896,0.00022067767640702773,0.0008802882876785228,0.1042517660585696,0.0014401375850457065,0.0009646198868956939,0.011849227159588268,0.0030209696903524368,0.01138955334329379,0.0107310220199044,0.028111840977459404,0.018411981865952772,0.02703032133542799,0.007788256299341907,0.001038555608696071,0.0010396885340231755,0.010939837996392665,0.011483896898151096,0.007871905656932066,0.008297308310769736,-3.174069559852284,-3.2421715813837952,-0.7832769699668802,-4.838871756861881,-3.3609222627245527,-5.883271231216045,-4.68286160806057,-5.0932072687090155,-9.86844288316972,-8.081211435325569,-6.055749461868171,-6.1660151935745215,2.839754694035701,0.6160766850519741,0.5217447162227887,0.004134139652830228,6.30640873130665e-05
0.024391617306445647,0.017628636535896754,0.004549230556713106,0.002401045682541765,0.025230999974587637,0.0002208467537406707,0.0008696683615967395,0.11432041507628345,0.001438152047555338,0.0009798634233503546,0.012579263414506048,0.0027752905337456116,0.011023243261140868,0.01122263668347436,0.02798695803759998,0.01865930593691709,0.028262109282789927,0.007649792152756206,0.0009863639997636077,0.0010094504551710838,0.01112138002203671,0.011296654950460405,0.0077874814542611545,0.008240302782817606,-3.1804198670960733,-3.4304251327138817,-0.8302133206559291,-4.815331925127642,-3.3808870151633377,-6.039543643143587,-5.0557002365836015,-4.973745771300219,-9.938237129989352,-8.245128268138977,-6.451317108246796,-6.231538625709276,2.665749267732074,0.6039679527488084,0.5601041886410295,0.004145984963444708,6.516952882852726e-05
0.02330591470884439,0.01782219497018092,0.004506283836131586,0.0025548370112317854,0.025110870343143698,0.00022097618215236798,0.0008923095873333673,0.1104936827304721,0.0013708879166760488,0.0009621660231276454,0.012006264592597737,0.002813456656977637,0.010684176368149178,0.010498019027965865,0.027500667075090204,0.019880921687410454,0.027224283755894006,0.007269712920574795,0.0009622177269202079,0.001027272538407577,0.011226863175104133,0.011303113518724683,0.008011072495935865,0.007613453356846053,-3.473732189106322,-3.2301275882961775,-0.8118535064106773,-4.756913719995854,-3.4886131146106907,-5.9385259826602015,-5.100864759062027,-5.3670363032223545,-9.295071741879374,-8.251029552462073,-5.9892195587925565,-6.000528291340697,2.811917832413008,0.6138651569262131,0.5384282567905057,0.004041786687193211,6.827960588017635e-05
0.024670363587315936,0.01790103420628836,0.004653051869830364,0.0025746094131942152,0.02595817351570865,0.0002293394788005037,0.0008528011864578548,0.10541343203288907,0.001437394961514491,0.000988778240788222,0.012226149350091826,0.0029723135488250313,0.010494564067632113,0.011079568687579748,0.027317974333518194,0.019237994674843915,0.027432985292276228,0.0073899326850296165,0.001017867828202648,0.001007106667010907,0.010981185757207005,0.011212426572156193,0.00812982077024308,0.00822302088479354,-3.441829588595861,-3.2771042971033544,-0.829823466073339,-4.487070469721022,-3.517717485264937,-5.675728228921374,-5.004280316800172,-5.226485876090784,-9.340157996904637,-8.557393031926603,-5.936812153671175,-6.302218287242889,2.697165037285168,0.648271151600375,0.5617962117897183,0.004234096596064031,6.842666006021186e-05
0.023297119946707634,0.017993525905682022,0.004650509387762792,0.002561253017869525,0.027021344840242205,0.00021620412314002618,0.0008543981329327714,0.10876607168376226,0.0013553924078193668,0.0009867465458172193,0.011897399496243083,0.0030089230743338296,0.011010266049342727,0.011205222856773528,0.02763086323758134,0.019851123484559044,0.02828189969183186,0.007134469627385607,0.0010195705583727996,0.0010438984935555308,0.01114814898939829,0.011048613368157222,0.00785879599897538,0.008051341046552661,-3.2682735882349148,-3.247927368663314,-0.8268224529355809,-4.62978249953301,-3.6156320940847735,-6.178688848412424,-5.036448521724259,-5.085217354921895,-9.480118510539679,-8.299619795677144,-6.393274299690241,-5.929271343522313,2.654716833580949,0.6292510494589204,0.5448552081499556,0.004033789068951168,6.305001958014942e-05
0.02344570637105164,0.017572450162093297,0.004584275826177814,0.002393890784466108,0.026164208476486792,0.0002236064017746721,0.0009108165596153013,0.11303227336733757,0.0014310366151177182,0.0009900799218450615,0.01189931370481141,0.0029562626226186436,0.01143356476436171,0.011022757366262854,0.026991092752921494,0.019003373313371347,0.026845273969468928,0.007688674957717304,0.0010025362630590165,0.001043559048003497,0.010847118963161128,0.011231286120740681,0.00791557171963624,0.008245101357308672,-3.352399025913838,-3.409579877551257,-0.8449413653786672,-4.6944969072249805,-3.56755471534913,-5.789506384155258,-5.077146028365072,-4.925741972785294,-9.443189107040169,-7.9680862595231465,-5.927376645458711,-6.1318260105030005,2.819231347398289,0.6049054862297908,0.5462102374339379,0.003986668989472669,6.605599015394555e-05
0.024622853630704433,0.01829690821120151,0.004570070513164677,0.002404001611100981,0.02471534284122669,0.00021797734803047768,0.0008358556628660909,0.1126800914580652,0.001357437908079485,0.0009598743378908274,0.012630171283561987,0.0029475489763014402,0.010649938598615384,0.011531348093066619,0.02880531091039485,0.019808707147214003,0.0282380885652436,0.007139026111965139,0.0010165994733782962,0.001048623158289648,0.010818388881553778,0.010750101317523792,0.00811636038685981,0.007861608379113278,-3.2168800976944514,-3.3601296275510255,-0.8288891928041191,-4.7099512693497365,-3.6016740744361337,-5.785383716000421,-4.974209782890332,-5.373613562038693,-10.056002465923543,-8.268903281578446,-6.271230249664402,-5.908046858845655,2.880301744985963,0.6069603605177226,0.5176367847334614,0.004156413750407503,6.465498001233918e-05
0.023370838267715213,0.01766489202783375,0.004411847870704894,0.0025642065790715857,0.02666387535092203,0.00022631808595001055,0.0009144572123307811,0.1134419326289047,0.0013343983546641172,0.0010113189813411236,0.012632375415042616,0.0027670403792735684,0.010797274624299105,0.010681221605717515,0.027692130839739076,0.01813398794623215,0.029111152254771767,0.007477413961948919,0.00101494096788092,0.0010344970939094211,0.010905933341978567,0.010838200610270975,0.008163839238417441,0.007903490974924899,-3.363598140597138,-3.2969819131249514,-0.7865626389677058,-4.795836568075233,-3.4110063687667225,-5.871173393131296,-4.887220737896467,-5.351001282206821,-9.253844134944126,-8.22611604926142,-5.929023384335998,-6.007519331559922,2.76066207312749,0.6065309364597236,0.5599074329255971,0.004209637508600091,6.915398317152892e-05
0.024224457696779614,0.017453059120029802,0.004457389165028116,0.0024533054393744507,0.024747502914076173,0.0002240437933977508,0.0009121282210956117,0.10568099773346802,0.0014151910338827472,0.0009757097946123232,0.012330849408402603,0.0029808182598682975,0.011091866391878258,0.01071162312377739,0.02801503247896435,0.019806863829951414,0.02684867518197255,0.007611765638663475,0.0009623202370458014,0.0010483428734352998,0.010926771104398483,0.010496461904819893,0.008136941751009083,0.008274494928544294,-3.476414477015937,-3.3547901703112086,-0.8068036499724172,-4.738777615690719,-3.4700706687892517,-6.073028182624115,-4.737830366910975,-5.239968241248323,-9.854192945112919,-8.002208218970582,-6.316896881374782,-6.254457123921374,2.8927340248113818,0.6651908799836389,0.532878066642359,0.004146478654939661,6.595016354225628e-05
0.023226198001694325,0.01822124496914648,0.0045355973230229675,0.0024595585585161952,0.024637842201841086,0.00021829024980762074,0.0009093888246874131,0.11035113681984485,0.0014423598304895411,0.0009734139684212742,0.011549503390127279,0.002920936550333365,0.011140260634592622,0.011443300279233529,0.027036795612596115,0.01891843514092996,0.02727525565031174,0.007428366829764926,0.001030091120944899,0.0009587471156969656,0.010672587047272199,0.010534460053416916,0.008148670335275976,0.0076295786543555295,-3.2958463874421122,-3.3119315407069614,-0.83530230728064,-4.471545419287965,-3.6084035288126297,-5.868798249661177,-5.088172607433939,-5.40598281319203,-9.302140197434007,-8.159055244359699,-6.057259369414754,-6.385817587969441,2.699585901070554,0.6366835033403417,0.5475794944075306,0.004133745444773054,6.402958895086031e-05
0.023100596311280183,0.018716782866355475,0.004567240808531844,0.002576304553971802,0.024701581399723727,0.00022345660760743338,0.0008871672390179105,0.1061229078955089,0.001461377410994455,0.0009454990517805426,0.011992225718948934,0.0030376363714531684,0.010950736274829662,0.01064485842837634,0.0280590843512661,0.019436536247848718,0.02913260800303868,0.007239654081532242,0.0009943688792906679,0.001029679025866386,0.010876956294058602,0.010474251146565807,0.00798740679271252,0.007683590941944261,-3.2561572251562803,-3.292176463543806,-0.8427951153473918,-4.463334445204714,-3.522441872817229,-6.016881615550326,-5.006895096620212,-4.988061809798584,-9.468225125618478,-7.98005696112157,-6.189881036064739,-6.320672119899729,2.7644816635563623,0.6519531236112651,0.5356037468287482,0.004157643904970468,6.702455666542776e-05
0.02450687783407078,0.01849473515047765,0.0045732130160990436,0.0025885256688872684,0.02683885894284336,0.00022493691779040302,0.0008710696871751829,0.10847265048618689,0.001382903815347839,0.0009664670270820306,0.012403121550495737,0.0030337553227682027,0.011398659007089097,0.010743998010133272,0.02913542830158809,0.019786276956781142,0.026803087504528877,0.00751031799977103,0.0009823952163413138,0.0009748966104015705,0.010812388521715897,0.010972729318808652,0.008294205079992024,0.007822536253742435,-3.474022475041402,-3.455916917994089,-0.8222709145181781,-4.821142023670885,-3.5288294419076713,-6.18905078204145,-4.7020677684805685,-5.1410839399498665,-9.86123135771183,-7.928364770900958,-6.460136121802609,-6.440159051851398,2.819622463612746,0.6623608660502698,0.514889463591151,0.004033568027461223,6.755200081911735e-05
0.023431741367727965,0.01762414414025377,0.004657784848240282,0.0023571388183663807,0.024853876167894914,0.00022605622529024775,0.0008909550603267057,0.10457889834879983,0.0013782816122314514,0.0009754331416011606,0.012034676304351294,0.0029556061792689672,0.011543830715468132,0.011361337036403197,0.027829545523744968,0.01904103043042267,0.027582116627044746,0.007612516879722684,0.0010158189087574256,0.0010225722188642644,0.011428550693136901,0.010914323612700219,0.00803754786022394,0.007766133827160107,-3.2640826744832485,-3.3479598183746115,-0.8081896127305329,-4.710351198439955,-3.5088533446602224,-5.900035291717446,-4.716196953965954,-4.909037313953429,-9.905540401965302,-8.208188914054814,-6.463372558956159,-5.955282349790252,2.7806260894512658,0.6067306861759608,0.5611517620364843,0.004129954297721706,6.49584056999203e-05
0.024756167060634576,0.01760843490456366,0.0046717016968029264,0.0025631269212021378,0.02539418718459522,0.00022157986292095625,0.000840790703841402,0.1100371801885164,0.0014009148979813894,0.000991302072684683,0.012394856599001806,0.002981353426262224,0.010455589188917258,0.010529106912332201,0.027099482807129836,0.01983283819662931,0.028651683846484595,0.007338732029887541,0.001015630353807865,0.0010027289183358746,0.011264150252578289,0.010652811143117096,0.007978280185381924,0.00818632313406519,-3.326034972952763,-3.2839112025827166,-0.8578642238727432,-4.488671071568538,-3.607318317335155,-6.023188928506198,-4.900453707841033,-4.983798299772611,-9.943595809808874,-7.916351594024495,-6.119694656881846,-6.505782972630939,2.796480426224758,0.6598253358187883,0.5486517195244518,0.0038666369331142696,6.591765399437e-05
0.02322776088968163,0.017356430432075458,0.004575475075486699,0.00240610774302321,0.027175082186768378,0.00021498121805726264,0.0008775353246931563,0.10946292148165808,0.001334893955093946,0.0009306677500952251,0.011516813463700877,0.003043017114428753,0.010661098553823207,0.011327278083672737,0.027784730319174205,0.01932921193887773,0.02784673913564302,0.007647425020668,0.0010074377897955676,0.0010479542674983586,0.010779082696013662,0.010875599154181327,0.007642371972147495,0.007976553486699968,-3.4407878011073896,-3.2125135309857167,-0.8302800940702977,-4.559489487969369,-3.343728636040155,-5.639354142637643,-4.902969863416617,-5.252466866417503,-9.368486216279138,-8.542146400031422,-6.079277037018635,-6.256722595413662,2.833406725347992,0.615941646660083,0.5427294633996931,0.004157947684885211,6.49419266205768e-05
0.02440750292973235,0.017833788531031267,0.00466556421552952,0.002470404271832982,0.02601600377295747,0.00021173069277094234,0.0008596996994477443,0.11062390664486532,0.001338573274913981,0.0009743532241731995,0.011718722662407794,0.0028786012708371896,0.011304422756105034,0.01074888687397413,0.02698322344812528,0.01973210417120557,0.02932855557327814,0.007861752833521163,0.001011007900645283,0.000956022542582579,0.011513693630124805,0.010633922935192767,0.008070910608757352,0.008016403952896456,-3.326459366328714,-3.4148018495630756,-0.779432624200783,-4.782055432611525,-3.5776280680292203,-5.767241087946008,-4.83875351352912,-5.202485126856194,-10.04951088220099,-7.996319762922814,-6.065363799296593,-6.391813658999757,2.8548096303258945,0.6394975136914414,0.5150099823313677,0.004076548169984898,6.845667504459586e-05
0.02261552521790804,0.018398561995516753,0.004432161731955843,0.0023825107439016465,0.026194350148693164,0.00021916330299896433,0.00091060831969058,0.10817094310869162,0.0014136889037890312,0.0009884334050342086,0.01183476112498687,0.0027577508908666407,0.011447961569976076,0.011235384611118723,0.02830531453503002,0.018784975089387507,0.027507900272444267,0.007666711955860732,0.001019825213508008,0.0010450126305734677,0.010721960592608376,0.011196943108960768,0.008292990437225771,0.008180567482210098,-3.3728118083069867,-3.2103169411876573,-0.8341672952705065,-4.6887590951345075,-3.6090283051594927,-5.787297712097927,-4.6545772862728665,-5.076967825890457,-9.450362255511408,-8.37078287623631,-6.019288390823391,-6.2623416377028125,2.872892934095489,0.640370545477953,0.5453878962759752,0.004103682067564753,6.448838035374519e-05
0.023040800897033455,0.017188887933064206,0.004536816637963676,0.00242216863386297,0.025718340972163967,0.00021282349495331749,0.0008604048257014096,0.11321968252224773,0.0014496004515688428,0.0009757400354728147,0.01184216088467006,0.003029473233900564,0.011291218287418478,0.010932464337567834,0.028703662702199793,0.01874742332961014,0.02663821559834269,0.007651436319755414,0.0009606023880527995,0.0010401973184402372,0.011480556739771759,0.01092183263360101,0.007611072414980808,0.008310516546487038,-3.193384528550198,-3.393246432005573,-0.8047758048435735,-4.790379472781081,-3.565857505736479,-5.781944061954549,-4.713514144025913,-5.270007290167462,-9.378077603392562,-8.030323980700784,-6.193839633167402,-6.024335843307962,2.7239131983745386,0.610990167723927,0.5529076203593111,0.003984030506480518,6.729213349219524e-05
0.023205182150020563,0.01887841860836634,0.004809148326241251,0.0025034288417918704,0.024771663527155124,0.00021406878750455816,0.0008632884334490829,0.10935887938203216,0.001349503238602059,0.000944554182759355,0.01215836607122231,0.0028877617549805295,0.011123263628329993,0.010598878913583649,0.028403907286284124,0.01974163988385059,0.027877881605579642,0.007584979440136155,0.0010289034422505596,0.0009638507110642522,0.01066089632541808,0.011360611558914324,0.007882014478948316,0.008252677687423061,-3.340677281870729,-3.3567097760297284,-0.8476571649108864,-4.440623190097576,-3.37133612338116,-6.19009732087024,-4.979647180193728,-5.02978771650488,-10.057359591046534,-7.790498610878562,-6.281311560797297,-6.491365060439933,2.9204338823941365,0.6125576303239464,0.5469285952403764,0.0040191580783354025,6.624647712769306e-05
0.023767643945058852,0.018684788798726527,0.004377900531055111,0.002591861861590335,0.025105601908894895,0.00021906189560877445,0.0008554768410731313,0.10433421087277422,0.0013348069283988862,0.0010124090695283702,0.011968121114536746,0.0028019611162893323,0.011549806658651978,0.011485923878839486,0.027323695817151775,0.01942444680349689,0.029354901810404406,0.007377869357693549,0.0009688707962975413,0.0009749617218084121,0.01154573611137594,0.011266883583782136,0.007697004632469776,0.008235485139993025,-3.184209573252012,-3.370569973074277,-0.8206001500898921,-4.48532376370139,-3.5735204303150145,-5.8868920973910495,-4.941882495818641,-5.111766291589247,-9.235576634825028,-7.938949111496124,-6.119054661014789,-6.222919778842626,2.776362216337809,0.6622600079631917,0.5204948399599667,0.004178533917498854,6.779216102118105e-05
0.022997802224268775,0.017951335128739136,0.004739419609539885,0.002398238193032175,0.0248266309775478,0.00021109985095514686,0.0009118322899725742,0.11415646767678767,0.0014102480890750616,0.0009279205927088848,0.012176715773666904,0.002874064187363279,0.011202740691115985,0.01146356089884977,0.02887312206328109,0.01919470387728385,0.029036058832235853,0.007711202810550703,0.0010464794079993978,0.0010173394713714938,0.011421928146187782,0.011218941800204942,0.008256913501210281,0.007773286133875621,-3.4212989619541414,-3.372273458262949,-0.8527831232594496,-4.525842316083816,-3.3946442555041565,-5.778149496581847,-5.118808444309798,-5.371696030714883,-10.149383248740792,-8.276979989800367,-5.975370402906697,-6.330817576636953,2.646338999408523,0.6436495665895721,0.544416653233103,0.004096956102481066,6.336205652801975e-05
0.024796596676493612,0.018736687285808656,0.004678555873646853,0.0024352260485696643,0.02714657867821313,0.0002113332748965575,0.0008883495466830763,0.10518650446728697,0.0014416047489798438,0.0010141618273257801,0.011631905220509465,0.0029085678618909747,0.011276943772461794,0.011163582792113484,0.028995579616190363,0.018108173245102863,0.02862260500373976,0.007259762546226986,0.0010037802737890762,0.0010056056917739436,0.011540345543964086,0.010657698695649852,0.008389231417287524,0.008333854742888351,-3.1931056589629456,-3.337807997099563,-0.8473861637639639,-4.601490024738644,-3.6181025769014177,-5.6571180148197175,-5.093313250843895,-5.0462726577466634,-9.466065704665272,-8.457623115678661,-6.484284968632121,-6.132820358366765,2.6478941631768547,0.6155737688073546,0.5257380109949008,0.004201947315737792,6.830452110385251e-05
0.024118814617128857,0.017581319706864083,0.0047418162411728415,0.0025137013617973656,0.02556255289114973,0.0002154134903923037,0.0008308475354236227,0.11391076441882977,0.0013330300802407164,0.0009338516966244314,0.012292475930133207,0.003044337963625589,0.010676380895196234,0.010920311011357294,0.027056286971001556,0.019291895636391658,0.027898497392073104,0.00777425127423286,0.0009573190558001093,0.0009882587954156633,0.0105998902042039,0.010871439778059102,0.007795039255809762,0.00812873740154423,-3.414813439287077,-3.3256272980573085,-0.8234078056423713,-4.82475851203144,-3.4854241431669615,-6.141601576918091,-4.7875516162385905,-5.173342243733353,-10.02831243040568,-8.461014585085048,-6.027096528927359,-6.0211547825133485,2.759137937389269,0.6628300752879327,0.5253851572732335,0.004070716261370213,6.862866920513314e-05
0.024421990177027886,0.01853846691741056,0.004710884979411638,0.002495739323406961,0.026941236006246594,0.00021343345607550122,0.0008388146109486642,0.11222024132339076,0.00138591096039328,0.0009606011869194205,0.011828716861545746,0.0029562086604858237,0.010745294936066683,0.011195489487379423,0.02916462619061978,0.018379313415452077,0.027563499357915983,0.007224678547600168,0.0009776073259217801,0.0010468726552719325,0.011222391356575606,0.011422969950811561,0.0077035930680503855,0.008009046320402996,-3.2262173899752167,-3.292991254489462,-0.8422695763976464,-4.817544265526067,-3.5129179860885302,-6.16875185335679,-4.705761803780398,-5.158659448896553,-9.995109210447971,-7.831448381982297,-6.467972936113303,-6.050808930725098,2.777981113029878,0.6332178918568819,0.5151403602023794,0.004082765758695347,6.550337999582807e-05
0.023388481794092957,0.01784170489291678,0.004477257672635494,0.0023691681954928654,0.02555429012981864,0.00022568938413962758,0.0008783273254126261,0.11420434367490563,0.001364832419757421,0.000955971415857171,0.012046178562270872,0.0029662789207081527,0.011171007484834383,0.010665226441442207,0.027401789246294984,0.01896468033784859,0.029043375153146204,0.00776187077287088,0.0010452187265202108,0.0010066471739639665,0.01120206845644339,0.010707443398644188,0.008216851126413504,0.007728385459865143,-3.424116028545255,-3.177018950709822,-0.8349825527729782,-4.829005541105261,-3.598196843613265,-5.917468763604351,-4.668870921008765,-5.106184192254086,-10.171206962005595,-8.182721702086718,-6.318901737281015,-6.486693321371059,2.9158434425506545,0.6136519626840014,0.5407782029567203,0.004083264180588673,6.427728195183663e-05
0.02473703874512931,0.018327714106104107,0.004453867783321511,0.0025213367064833405,0.0247024534336992,0.00022054043240026707,0.000874375849694351,0.10972543528657805,0.0014075947683358846,0.0009673200341172146,0.012014342649646535,0.0028824026466063362,0.010703719920603807,0.01077779034551671,0.02836773201276349,0.018586082414984374,0.02751337184688364,0.007407281679004493,0.0009824549427026447,0.0010378942952909724,0.011008779199721737,0.010551109218509144,0.007886733176370953,0.008319325187103354,-3.3683343425511656,-3.481210138069065,-0.824279331606932,-4.54986640695513,-3.57224578721941,-6.178362787262346,-4.952985988974145,-5.12289631425026,-10.124451507777076,-8.039715904625528,-6.143139989162807,-6.274271174751547,2.8928015503926767,0.6173359116904866,0.5641145628065183,0.004179926738865654,6.481012075345059e-05
0.024251795294272724,0.017731263624408865,0.004693454746780263,0.002509022114096836,0.025679360411643523,0.00022827775942092733,0.0008765747481986384,0.11410946903820288,0.0013673941477689974,0.0009942954414605013,0.011586044932598825,0.0029621570985465195,0.011294048134496875,0.010745864342722622,0.028543044388467928,0.01873986120205206,0.027313695696773894,0.007754154440856017,0.0009754410586492731,0.000966867897857529,0.011181099418313864,0.01124647795375663,0.00785384402845663,0.00821925164534178,-3.3502838232547494,-3.325035179513248,-0.805141009397599,-4.852212766269638,-3.5167860579624777,-6.132881198452914,-4.921626269966345,-5.188669080569387,-9.882119063229272,-7.997995415165966,-6.2470299727191145,-6.402995019770389,2.874679293983486,0.6557410489125987,0.5312254932198223,0.0039727061502155565,6.864828013869705e-05
0.024776871412299555,0.01757361347412498,0.004462648730177013,0.002533086709966916,0.02604461232689509,0.00022007317820969287,0.000842698355429265,0.10792252478193884,0.001383357193534064,0.0009987410855870989,0.011738421046595412,0.0029083216273803774,0.011097781703791722,0.01075619688872921,0.02918964102206055,0.01994278615346361,0.027123803272395348,0.007681877956864771,0.0010269313813012256,0.000977345855314151,0.01128365772792955,0.011355552321520464,0.007942231452239984,0.007676507017973859,-3.182580291048781,-3.3218099571558337,-0.858621131598017,-4.628468801445583,-3.280019917908768,-5.885139169385315,-4.988969659569609,-4.893864829351529,-10.06025965928533,-8.331136750905767,-6.219021664123788,-6.439772620902798,2.7471731140375266,0.6160501715312916,0.5617295729371699,0.0038879271832534617,6.621884013449082e-05
0.0226385406503832,0.017562271436890334,0.004594677325119926,0.0024791552740383222,0.025990634207108166,0.00022770756277311216,0.000891032965739547,0.10448799987931474,0.001357790837450817,0.0009604184789287218,0.011670681263240694,0.00302830178047681,0.011487683918134817,0.010482466004960802,0.028859090034929806,0.018316107670271295,0.026948731783655828,0.00731038380908839,0.0009792243920022246,0.0010205058815477412,0.01134807772778079,0.011030143583053494,0.008062030425643326,0.008118305850886699,-3.2720068358282086,-3.2060580349745447,-0.8470044462173894,-4.640227110212982,-3.384848809697145,-5.708764453366548,-4.869602664654397,-5.177195481051222,-9.763276506391533,-7.8649737885374345,-6.430091280128014,-6.264206434956303,2.742160909679154,0.6231845846072214,0.5283163773914255,0.0039906747473500035,6.621132333764315e-05
0.02277293774695595,0.017495164222664294,0.004610618644576219,0.0025781768486201075,0.026762628319709658,0.00021595540887241768,0.000915035348392001,0.1139981551132911,0.0014297401940717904,0.0009634381891715073,0.012606411636992481,0.003018243225949819,0.01064218271371351,0.01131872754568727,0.027485609667145153,0.01831078879369084,0.02880710374987166,0.007536269675881245,0.0009750712986973454,0.0010113561457849927,0.01065204835101794,0.011395203743719185,0.007954897724172452,0.007801225045717689,-3.4890425645246754,-3.339610826114083,-0.8584003132786269,-4.447644268874769,-3.4651058427520254,-5.978914867724704,-4.898272024836561,-5.201980824824025,-9.615402691494657,-7.945543432523129,-6.053183068897036,-6.145002558059428,2.751151883939182,0.6432862134417258,0.5577819713301766,0.004064608874005812,6.915520390535264e-05
0.023677976664910234,0.017467127774539556,0.004496444024181423,0.002523004732200629,0.025406442286305356,0.00022516178884612566,0.0008310335938211053,0.10708137055095102,0.001353715773188099,0.001011606326137511,0.012176159224312557,0.0029224953153615834,0.011405455894067992,0.01057739436484675,0.028627592525923912,0.018230518626070637,0.028974711350944777,0.007742243888514926,0.0010200863573374146,0.0009764157491223914,0.010763402377986332,0.010956522842467712,0.008013125745406321,0.0076818767276024495,-3.201429871678564,-3.3755453979235805,-0.8363239530598984,-4.710510041160076,-3.5225585879012504,-5.725598582202553,-4.849794069067865,-4.950213469755611,-10.141693375736226,-8.259898713040277,-6.142812924142138,-6.331362043206641,2.8579345048741573,0.6511387509469636,0.543679065273146,0.003914398699940788,6.752145772978034e-05
0.02298853908480278,0.01879398544991523,0.00470864531762655,0.002591938881622236,0.025870044444956473,0.00021524815317296118,0.0008681579879575744,0.10555990868825592,0.0013796604012426582,0.000960051044359641,0.012518698078949942,0.002988710460172846,0.010894715517716126,0.010626120565809645,0.026654074652196876,0.01874378067038203,0.027199122633684514,0.007216501033395878,0.0009725958855025259,0.0010328502522553135,0.011128775443123795,0.010713957636638998,0.008057330003651752,0.008246508606934344,-3.4939230966964865,-3.3688626688142835,-0.8404702865508472,-4.845891214067546,-3.440581237018591,-6.035496963667425,-5.1208429287650175,-4.931456269777379,-9.540935739188726,-8.321451392123407,-6.045079439124263,-6.343814291604528,2.7910508154361713,0.6631117238409131,0.5491824923859439,0.004074212854201068,6.500896263112681e-05
0.023753889655864675,0.01722426180063109,0.004611985386271475,0.0025126487646768758,0.02609993436743772,0.00021400920249166127,0.0008469760682123131,0.1128156829375131,0.0014226110265229005,0.0009636515919476824,0.01174327880922531,0.0029453680019110523,0.011408755144631617,0.010921576232105629,0.027838518897078085,0.019184263272596258,0.02827258814417302,0.007419915162775056,0.0009979810157714944,0.0010335558655998418,0.010565162015896249,0.011005717306185353,0.008259422188103412,0.008248019873007618,-3.4836002032367777,-3.321769567469265,-0.8067930510548724,-4.5062353215677176,-3.418878342650269,-5.891110234512854,-4.965057649757443,-4.974136349593494,-9.690009091156334,-7.986292404317687,-6.120181498504847,-6.4697931339506995,2.7581317668833187,0.6421187295247743,0.5643915984772339,0.004059215799971816,6.852884794535168e-05
0.024821197781774555,0.018255369831592528,0.004697541864492704,0.002357434211848799,0.02564119847239701,0.00022386587263632186,0.0009016327048683605,0.10435871224474765,0.001419953150827266,0.0010155312262658956,0.012449114866050473,0.0029026548714761657,0.011051235632277591,0.010931491222521855,0.028297746867649517,0.019873931270451194,0.028149398168527486,0.007234164213789436,0.0009600922417359538,0.0010484669272532304,0.01154919839517368,0.011497633492485563,0.008081820910685511,0.00802277081476747,-3.2711725434522623,-3.4744473299162726,-0.8414015444805528,-4.481216100142148,-3.5966820285376833,-6.046569781223501,-4.672563704522424,-5.328028433720766,-10.105819405283102,-8.229360683113482,-6.192593813877902,-6.405518129389626,2.828766906079198,0.611860849003047,0.5220416548424067,0.004178133520991147,6.650939491790237e-05
0.024984155767545216,0.018518192339005528,0.004674609441310645,0.0025227295213336785,0.026769402545567637,0.00021311036853722387,0.0008437557751422699,0.10835755482795163,0.0014569339628293615,0.0009595184357114367,0.01159086500248235,0.003042541303992413,0.011142039177189304,0.011213501139469215,0.02794070084819048,0.018466677599910705,0.028432162036690238,0.007639781999972516,0.0010384584908647342,0.0010153427531649033,0.011366636889991689,0.011101452681490202,0.008091831423658276,0.007716285063451577,-3.277853634226159,-3.4784327997350584,-0.8217934219348054,-4.752782727030019,-3.5975145737725533,-5.939831219534726,-4.745494477739155,-4.91513320355951,-10.005631471957614,-8.185086494252879,-5.941337426169619,-6.249824333287012,2.6932857449208636,0.6552824548833015,0.5366741141010841,0.0041752927714578435,6.692398744623308e-05
0.02463081376793186,0.018168967005265275,0.0047094370837773075,0.002378202383650267,0.02683391470405738,0.0002095899128260485,0.0008877007292790003,0.10665988028240346,0.001461642154852465,0.0009950944663852381,0.012205797764960639,0.002867245673060216,0.011373545876644062,0.01065192451398872,0.028300519737393556,0.01863496027509898,0.027927912571607105,0.00758045997390785,0.0010453989303123125,0.0010034431487885393,0.01074216669190668,0.010936110167725476,0.008300500184653196,0.008269667127901722,-3.345027712148968,-3.3877243061276294,-0.8114432674450797,-4.615826638525881,-3.3836472151119334,-6.117339122988726,-4.674147089638657,-5.0417622609325194,-9.432704322178722,-8.017185489675981,-6.177450629510605,-6.1741002035580355,2.903848522304832,0.633301459357496,0.5410369951555691,0.0040280464523868575,6.497575058184141e-05
0.02412933586290674,0.01858930523168199,0.004426743031370601,0.002369505058900547,0.026103728805632595,0.000210556729683059,0.0008677098311394085,0.11077826799370052,0.0013763966471577113,0.0009669618688616532,0.012348994494586756,0.0028856236148970056,0.011456080126557161,0.01127696086557334,0.029014391692668107,0.018460832678873017,0.027999844904848345,0.0077302968780879715,0.0009565991679019203,0.0009951084310936618,0.011282079485545805,0.010478540571002119,0.008144525154287955,0.007893810740701746,-3.447039847476074,-3.4750133054050973,-0.8446130761770416,-4.734572448493179,-3.5996815711404366,-5.824236504770756,-4.786973651166662,-5.035493924800765,-9.294209270026727,-8.193538679235893,-5.999010390586397,-6.2437837193942975,2.817830932252986,0.6148555189042458,0.5662437657293811,0.004221975026168506,6.813872767768283e-05
0.02348716246343505,0.01826181689672831,0.0044747831400461496,0.0024428366545140878,0.02560043330926145,0.00022170280084718742,0.000861760082197285,0.10692977525146806,0.0014626669338174492,0.0009384535359978446,0.01206223532228649,0.0028057262819659325,0.010582702158195782,0.01099288566957806,0.02835653263263181,0.018055464231225164,0.02866527275108494,0.007568512692044261,0.0009757530924321928,0.001004098258613367,0.010691436929143592,0.011321963168905583,0.007898658223043885,0.008385142055176946,-3.4871716484737756,-3.3233844257353766,-0.808086170355092,-4.476988660438061,-3.593046163808772,-5.7353854007518645,-5.087166742763485,-4.939295282516359,-9.243638227794792,-8.541414840551443,-6.237451250592056,-6.240060282357794,2.7143429925092915,0.6633614499124073,0.5506476857308222,0.004026383146089734,6.829944803919096e-05
0.024244206325297914,0.017236794894626897,0.004731881304155427,0.0024341529654227628,0.026254985326811277,0.0002238827519790707,0.0009015247226179891,0.10603383765984696,0.0014322693830896567,0.0009618493885220757,0.011522642920373674,0.0030156839932312146,0.010851848487395076,0.010507087250366368,0.028478258939033226,0.019555811017378962,0.02844053763566601,0.007320952200326022,0.0010114647407787076,0.000969652277976653,0.010976895420733594,0.011259386687348126,0.008155516138873171,0.007961157727283978,-3.337200314909606,-3.4654907087594995,-0.7972996323165067,-4.783350775611478,-3.2954010526362305,-5.992532492159465,-4.642603527094603,-5.307538026004566,-9.48419585961303,-8.384670856788569,-6.104654900977732,-6.212103999720316,2.8983252265452237,0.6309375381328495,0.5659522164757039,0.004014141462251721,6.458636593750317e-05
0.022966133106802584,0.018581029113105284,0.0045790929969190715,0.0025298536107048646,0.024995856103164894,0.00021479576815310118,0.000884846106617089,0.1122818525472689,0.0013722360953574036,0.0009420592504542774,0.011869103954071631,0.0027964130980825674,0.010727692239626834,0.010795241331065802,0.02925810232753638,0.01975438437042393,0.026712731039174216,0.007200404116681336,0.0010455267988738763,0.0010062037394985804,0.011252779855514686,0.01141940105907557,0.00787831762564519,0.008204357965444461,-3.3802189695800258,-3.187189057426963,-0.8247124325277223,-4.800185214615045,-3.352962255089288,-6.136351746687337,-4.6393121311750365,-5.19701062047951,-9.680467594399316,-7.963139264992579,-6.272384844244346,-6.334244154970186,2.8626716293354018,0.6438778987967804,0.5177410465814613,0.0039579803592701066,6.456172027656632e-05
0.024611931985146156,0.01887042155659543,0.004815735993599514,0.00238630106408527,0.02563655225470684,0.0002101916061836155,0.00088113001080848,0.1066729268065658,0.0014265214493731975,0.0010097939658696101,0.012075470464578542,0.0030215592351794506,0.010620276656235828,0.0114416241332214,0.029039176047214427,0.018850290394780055,0.026710895202764377,0.007379927255183461,0.0010446301359856671,0.0010453953662146625,0.010741420912267086,0.010661559624158644,0.008313288176911952,0.008339150316595151,-3.1642664693768556,-3.1668958405048824,-0.8542992387947442,-4.683221034283829,-3.448032957255831,-5.955916911753197,-4.978950306286434,-5.006881069004404,-9.320403245047642,-7.9507669015423135,-6.100019562014154,-5.991338249569175,2.900252450585868,0.6041752061834902,0.5490326323544259,0.004012758302908069,6.392423068609258e-05
0.02329019845211829,0.017851451660207417,0.0048106939925790255,0.002391079010655727,0.024925849042415182,0.00021815791927240474,0.0008881723682289327,0.10641338706359779,0.0013779119441742324,0.000946062866343451,0.011537059366140428,0.002927561756600633,0.010828130149178924,0.011031311550497283,0.029084242429340622,0.01831401658691228,0.028891364246401267,0.007505120471362781,0.000973329148549476,0.0010478991200052244,0.011377995716463439,0.01137338199461414,0.008330294922853596,0.0076302723925547634,-3.458131312450238,-3.460841713547812,-0.7861392561595083,-4.548364603538087,-3.3075000008966904,-5.793568897080662,-4.9517286542979075,-5.07757065962648,-9.778856862071368,-8.561229369704716,-5.979559719797964,-6.347471059256455,2.7730809256796785,0.641891105256239,0.5343510634978619,0.0039972243321531094,6.629526348616392e-05
0.024583331378183727,0.01720551832984459,0.004589367614048642,0.002486807913551603,0.026504221610194827,0.00021680546798860933,0.0008602097690686937,0.1094799526685979,0.0013756818159829805,0.0009447979540310469,0.011549036897513045,0.0030085180633751167,0.010480501483680633,0.011171734065955449,0.028887370003643942,0.018670929831312737,0.028345290227024637,0.007206775172829752,0.0009676993516303943,0.0010247712854232075,0.011052567440970598,0.0113908262171196,0.007603559517213003,0.008196852889269985,-3.251911159184531,-3.2549702763963486,-0.780455054690033,-4.460931087005002,-3.3454738180840407,-5.909839899685808,-5.08873989446114,-5.120652369754817,-9.49046729702076,-7.934309401445477,-6.0866932568223175,-6.239462226675983,2.8572222912330956,0.6324366180559184,0.5299171836083767,0.004165959154595013,6.705830830585172e-05
0.024056225350655783,0.01745208002877041,0.0044555368766963244,0.0025163046983203447,0.025401563337972652,0.0002300423885329176,0.0008640844954070213,0.11258147294531817,0.0013793495090875494,0.000955554579405627,0.011575152458745266,0.0028425245637754264,0.010929411933246163,0.010750644858868555,0.027213148399132265,0.018791350230737077,0.028465010575537315,0.007777141033299819,0.0009618007871453634,0.0009654208473921556,0.010625342498253533,0.011494168375923198,0.008226730067839595,0.007784355861978851,-3.342583654680635,-3.1512878207394506,-0.8282848726074621,-4.502095059805457,-3.340560839018006,-6.170248710925533,-4.802173627922747,-5.060072123869491,-9.712759117143946,-8.159949127961632,-6.228186999724483,-6.30807421137693,2.779318051752976,0.646661712611338,0.527429447772823,0.004050941712762307,6.613506450553467e-05
0.024974315904235562,0.017960115832397927,0.00476765533679566,0.002433927925625371,0.026791439891540654,0.00022523219459205014,0.0008572392964331628,0.11274881806363511,0.001453585692900242,0.0010102045984573507,0.01223443413547952,0.002775004698764007,0.010696142466684554,0.010742917300773975,0.028643439045784425,0.018715379220532607,0.029072188999309665,0.007175814247371483,0.000994654733252184,0.0009574570414758437,0.01117027517959436,0.011315875422527058,0.007762217872015305,0.0077682711419886415,-3.1953321238566175,-3.3767085963840375,-0.7811509595178395,-4.759123186393688,-3.3085973105068596,-5.7721279365777285,-5.09734658247804,-5.400955199003862,-9.850818002796407,-8.42739888209127,-6.02588020478699,-6.348752169870155,2.766305882498769,0.6374048141335441,0.54070674017658,0.003868293592770107,6.586578422168737e-05
0.024865106447180547,0.017687136990620533,0.004509982068349436,0.00244666312064558,0.026640386850754545,0.00022784665065938496,0.0008720700700907573,0.11100390881060102,0.0014654525795189284,0.0009346878498641139,0.011568899013821618,0.002930374174541248,0.010605848521754748,0.01126176698765408,0.02717554383585485,0.018223609741340647,0.0282102962634334,0.007234528876669453,0.0010459444939284307,0.001028707689660918,0.010621377668309156,0.010461915184227247,0.008030815060145316,0.007864430534115771,-3.4822531156573233,-3.1686497919196905,-0.8139942446521692,-4.584928095887863,-3.6208168093114117,-6.08400655960315,-5.1042490351540994,-5.292451964374602,-10.119610400111183,-8.214818378791726,-6.345807038978721,-6.012189216381865,2.8073973008479474,0.6595711812516339,0.5159638487433923,0.0041937937075636565,6.592140022333674e-05
0.024845738844716435,0.0181158376011295,0.004802408369817157,0.002578613179216591,0.02509060575144525,0.0002294977187040411,0.0008983542796407819,0.10859539085937937,0.001344205709978528,0.0010136057878654752,0.011552568544640705,0.0028579152641201137,0.011509632883854624,0.010693440808739876,0.02884365366762524,0.019042985041325556,0.027980185397046848,0.007618076978805633,0.0009829067925533374,0.001046175606101432,0.01092188439688183,0.011343905041362191,0.008193968934697036,0.008098556828221082,-3.196548260256149,-3.2000726885602346,-0.8541410454512981,-4.581951691422118,-3.3772286304645216,-6.161139563578502,-4.678616529421558,-5.244531391243047,-9.814777979239741,-8.076729358450022,-6.0181147515791755,-6.463682239373018,2.8897722413903173,0.6530832419966804,0.5627703982626688,0.003944991243347696,6.379224890835319e-05
0.024769102702169924,0.017966392628909436,0.004774005680621655,0.0024271641135766874,0.02569481390593727,0.00021269777359559492,0.0008742299487884807,0.10818779075563152,0.0014389548169931948,0.0009234502787578712,0.012449884186348535,0.003041097614625821,0.011241896397272452,0.010670310042907813,0.027620590962726583,0.019860326261262568,0.027561096852026692,0.007145878597232473,0.0009561679285322001,0.0009874509484491603,0.011027245147824504,0.01149508235284284,0.007702750901972457,0.007642067050567867,-3.231666074549554,-3.2471837518520514,-0.81356872807066,-4.700162989018257,-3.459046985202232,-6.0908083504589845,-4.752755087226846,-5.258334963542159,-10.168456093579124,-8.473299862979134,-5.916814668495605,-5.924482780545678,2.6912095434302157,0.665559806363488,0.5285164310348065,0.004015441964416546,6.804577167924107e-05
0.023873392862837767,0.018197970782138823,0.004566771353525887,0.0024383909050392956,0.024760975265928103,0.000228533799607932,0.0008366556984145023,0.1063045090810746,0.0014395533274171152,0.0009572836700824613,0.011690414317950005,0.002955938935331406,0.010644127861751871,0.010947659078913883,0.027664454665054312,0.019098821130001102,0.029062162548795494,0.00775250413271993,0.0009797342928577167,0.0009657778537037613,0.01095815367988583,0.011354586687625193,0.008340281370488813,0.00763265847037343,-3.315810064110487,-3.2752419044202314,-0.7945812148912286,-4.657164092857208,-3.3023787663606887,-5.7793360438847925,-4.880095968087129,-5.31228914869022,-9.545614833196531,-8.459850762726278,-6.498722357953374,-6.287263327995768,2.7381027064580556,0.6404295422670758,0.5369807914711645,0.004095993953622696,6.646089334128492e-05
0.02280928174429402,0.018878096330646035,0.004693284525955841,0.0025261801145773886,0.02518706421509081,0.0002184696711875021,0.0008523967667436431,0.10884863838938616,0.0014588514985867662,0.0010028441905459563,0.012478488909607894,0.0030401684361371843,0.011492415636046678,0.010863733828717664,0.028309244228274893,0.01919155630653796,0.02890830847857547,0.007426622245060051,0.0009977367665313566,0.0009783903694507614,0.011084713313310597,0.010627792798427339,0.008014737295176608,0.008351248585330246,-3.2987243280528085,-3.459172911010617,-0.8236772985247016,-4.428459647228061,-3.3211480545478174,-6.171226681489022,-4.692070457076566,-4.970245421209302,-10.195175002468726,-7.874579822151868,-6.250447982193645,-5.933390727928248,2.690079425104681,0.6440388910186862,0.54832075976201,0.0041127561696155685,6.905724901818289e-05
0.02281611836694727,0.01888706847266483,0.004542825339684127,0.0024917012794944786,0.027105386122026762,0.00022858561221092232,0.0008698641518025725,0.10950675333185247,0.0014231197191759955,0.001000758364324566,0.012405957107807043,0.0030137177211979286,0.011232437008843911,0.011113754610967915,0.02877208351432862,0.018441973777827095,0.026794928041146623,0.0075150200961548366,0.0009949434172412512,0.0009689120398431319,0.010678128250839185,0.011531576126597767,0.00783528252155588,0.008227109352414677,-3.4305795658793086,-3.2313801113144605,-0.8066781238672219,-4.497850058137648,-3.2777253919857396,-5.77310900906733,-5.049252315145052,-5.036168655652298,-9.477905676946646,-8.328986365923827,-6.117482021407896,-6.298723546787335,2.8757609051767123,0.6203153194612263,0.5433921284937059,0.0039901923827484085,6.680505079408578e-05
0.02485428387064867,0.018763871351108734,0.004743509834565073,0.002582142117515006,0.024765249266968912,0.00021394259337626144,0.0009003358851215405,0.11342803778820075,0.0014097453322477838,0.0009986482497720982,0.012661162209187476,0.0029465956446372787,0.011441018583645988,0.011478703856743199,0.02915158997430618,0.019325549062121514,0.02759210499747736,0.007584808390047356,0.0009741874468019235,0.0010039159420958765,0.010693733257896732,0.010570905813552349,0.007872598214181252,0.008352827437082622,-3.2861518287015374,-3.411947993894477,-0.8573964578932729,-4.6624647217214,-3.295847755851015,-5.766806988248749,-4.9996231086648235,-5.342694175842374,-10.187139546680159,-7.859917008999201,-6.078919265338717,-6.492337049630948,2.804293242473135,0.6400202362310086,0.5281281496655328,0.003956063399448257,6.727832056542959e-05
0.024705020362447934,0.01807113427374848,0.004821861242899132,0.0024416933603872005,0.025940069626331542,0.00021581986316881354,0.0008772803527352027,0.10624492281767405,0.0013546613800150536,0.0010020162101877642,0.01261475209810175,0.002873653630979375,0.010577680501442418,0.011116819055337658,0.027648977782980172,0.01924251981082156,0.028922464399853215,0.007645449098897593,0.0009720964953728926,0.0009875388475495267,0.011003393303093793,0.011370695352100163,0.007889062825201566,0.008312799900760271,-3.1936553011704216,-3.4821677925058836,-0.855724630591313,-4.792694939339503,-3.3338237271627276,-6.198845535749985,-5.082059332896901,-5.199109519341986,-9.76786010061642,-7.893406085517385,-6.4257372230847265,-6.0545649503503505,2.715635353920802,0.6121437634684241,0.5634082737849951,0.004197392002244721,6.323587385897593e-05
0.023610141055622043,0.018188682168928487,0.004593108820199649,0.002528188622984194,0.0267471633590299,0.0002117082121527669,0.0008297521955189993,0.11378011028030331,0.001333186349838336,0.0009315235089859201,0.012537902305006218,0.0029718931944828523,0.010655653668538946,0.01072364603340664,0.02825482520027885,0.01871872676954287,0.029192846981086425,0.007557238358760642,0.00100878811921079,0.0009804492934921726,0.0113145629779585,0.011371738545815819,0.00834452220590008,0.0077015504562333624,-3.4335379687380607,-3.3388946723916675,-0.7864641626329959,-4.7408956157319615,-3.4908876214159377,-5.732892638845657,-5.097792686960227,-5.265594879817253,-9.517553736577073,-7.898070156816804,-6.3008263098724,-6.483711796046338,2.796374755292327,0.6113005008146225,0.5361442109847614,0.0038599749242395212,6.807292908954432e-05
0.023922638813171884,0.018812960777976576,0.004482946538327972,0.0023659019030757874,0.02466105767061641,0.00022231225625728995,0.0008933536492515327,0.11079833713607598,0.0013624065568948048,0.0009455786935528167,0.012213565475268157,0.002790775594839963,0.01045426191788539,0.010896895429024982,0.02675177674293716,0.01982304095135685,0.028411871175296338,0.007354438334435971,0.0009568353246286876,0.0010441011055663148,0.011092660344049671,0.010680263753078588,0.008302801562995893,0.008206657186004827,-3.3649499406234846,-3.384097614149903,-0.8572844006422419,-4.707685344621832,-3.5993352146118953,-5.745418798214424,-4.825304762946351,-5.3995453935155675,-10.061341348880559,-8.221079516907247,-6.161629075946187,-6.045027093879367,2.6470698135987223,0.6378004141308454,0.530954831998678,0.0041571565158146345,6.44115119998781e-05
0.024304350340970976,0.01791532488489626,0.004705415950524996,0.0025059242832076423,0.025483793565149595,0.0002183484449462545,0.0008344157920032807,0.1120255403075016,0.0014094265601425748,0.0009297276701227747,0.012503558270670246,0.0030021333489095754,0.01111865080819368,0.011360607711597592,0.027497142839293536,0.019097041175178506,0.027111727353453925,0.007731498041214243,0.0009500456525165011,0.0010333360937770824,0.010734295575296976,0.010586840723365699,0.007778513619335936,0.00763155335866951,-3.4745759031318046,-3.4048143601104988,-0.7927148811843113,-4.775847293406848,-3.4516611892510247,-5.93920529423346,-4.76288531643121,-5.11258538138366,-9.672192682728317,-8.434112193660832,-6.197030755218531,-5.926024439785431,2.670455079828036,0.6630333247212316,0.5552158739358687,0.004202375805963212,6.385089346446045e-05
0.023759237962492127,0.017647341875305873,0.004673872357784342,0.0023708874833480776,0.02703057937374008,0.00021754404902627473,0.0008937932012594444,0.10538170409534912,0.0014550457701523905,0.0009816854862209252,0.011874373416296078,0.0028291509455473803,0.011179380778320416,0.010684052262063487,0.0288209199471485,0.019086325492028367,0.02698724330272084,0.007325404291919066,0.0009938153562794765,0.0010499884368578736,0.011110188457387418,0.010895048106521876,0.007766442852299029,0.008263182005852097,-3.435899657061415,-3.4282510588481228,-0.8516466799808778,-4.722690832689594,-3.5895598917027596,-6.1819723526679455,-4.9202351883388005,-5.316794793898949,-9.308671440659692,-8.203679549756128,-6.245776506750073,-6.307792156926272,2.721088764131807,0.6436048890084126,0.5445861151227356,0.00423772429238174,6.841178497841241e-05
0.02428865977661261,0.018279496606348384,0.004656437534165582,0.002571684003663635,0.02659688510625646,0.00022063301191345275,0.0009005475861852337,0.11417889518392282,0.00144234644076818,0.0009516356356851036,0.01202002208278138,0.0030352424041076445,0.01107574713731371,0.011473996081998481,0.028007315436769608,0.018687480694645583,0.02832816750078712,0.007252043509000323,0.0009995642382135692,0.001023991713250454,0.0110070800133985,0.011224063598942428,0.00792575366164986,0.0076940490738847045,-3.4282533367031185,-3.3775602878722863,-0.8174245249951224,-4.637723885801015,-3.450474974755973,-5.672029660241511,-4.9422782269386785,-5.378361888748151,-10.018517187311234,-8.408635314713383,-6.255992538902712,-5.928779870820571,2.914426032640435,0.6052209747374809,0.5411557878065102,0.003999815890933598,6.601381477522421e-05
0.024520178564564576,0.01788480297010587,0.0047558759271682845,0.0024289591757739796,0.026692299866200253,0.00021409905286372212,0.000879591388842558,0.10618981904619643,0.0013564500222565685,0.0009637269850421417,0.012001876821389763,0.003036019003162405,0.011195557942011108,0.010689242905760385,0.02790826076791696,0.01926929723104043,0.02922629516201808,0.007151188930188066,0.001038623830806564,0.0010329372276243994,0.0110836578339769,0.0105066111191621,0.007824305600454681,0.00801511041253445,-3.4318343834014824,-3.267556508780012,-0.8388511119382366,-4.697426695660669,-3.5560327630810553,-6.008647217084296,-4.886133567661109,-5.145437370756017,-9.729110637009473,-8.36969526170273,-6.390911560395007,-6.462223928282646,2.6685173871922903,0.6261524797617168,0.5585001887025527,0.00421047161595021,6.361085808991668e-05
0.02320205126176776,0.018185668895440734,0.0047185373047501904,0.00253756684128352,0.026249975537377943,0.00022377950262294187,0.0008669159764197265,0.10807767669806637,0.0014378878824851794,0.0009763139027897269,0.012208660649336582,0.002824334348659298,0.011230891262099533,0.01069187876982625,0.028353736790390462,0.019897690924886333,0.027866062778228905,0.007231863471544388,0.000958060793915659,0.0009765739304578103,0.010614876577540905,0.010631117995111364,0.007661428056483595,0.007976823473255025,-3.4460988528118186,-3.3160310226915497,-0.8381416907516243,-4.536526707818392,-3.580644419819467,-5.873494370509541,-4.993730630478523,-5.106961131478011,-9.93314656727754,-8.348231175265369,-6.10183804843954,-6.333846806516972,2.6794760591409745,0.6588643931653486,0.5413813284390723,0.0041584812573260245,6.818675954813688e-05
0.024234860876532118,0.018612438982320317,0.004573750633953038,0.0024196403062686704,0.025962815295481157,0.0002174531079492008,0.0008903641557326679,0.11097899663251645,0.0013894005466173092,0.0010036128016779472,0.011993155804826192,0.002825277993778609,0.010546577951832472,0.01095747180305976,0.02917512228666586,0.019869044347624407,0.027689909663291226,0.007191195833598904,0.0010299729363161926,0.0009927392694153033,0.011099732514811323,0.010551288146029939,0.007774881679953153,0.008176965137161422,-3.4860315171887786,-3.1942038860044404,-0.8481600313371711,-4.491762583555435,-3.595420675213185,-5.688493918344325,-4.6789974674603805,-5.26635390074159,-9.707250102071992,-8.37051647665856,-6.455786995001803,-6.152205473655337,2.7451658116763427,0.6186377158258505,0.5412552265036289,0.003949011536982698,6.858976181443112e-05
0.022622551809894555,0.018449557335165408,0.004451648422509269,0.002555789857579691,0.026412317612849498,0.0002244498421805535,0.0009020590023579456,0.10745027131984711,0.0014469965431717414,0.000946876105847167,0.012347124596665725,0.002826917588051694,0.01138506193308488,0.011166973170841378,0.02764459536027483,0.01824450763343797,0.02772368218951462,0.007242555160796434,0.0009596260336514393,0.0009633881718056024,0.011133510668697987,0.010701428818616179,0.008360580233267006,0.008335882779905686,-3.347164377361964,-3.2446197519435147,-0.8462110111048614,-4.864305886783884,-3.5134192536966635,-5.852363089558783,-4.868725323861821,-5.024464389560589,-9.997756760723004,-8.514138087387344,-6.233869907622745,-5.963898504032434,2.7960948444737475,0.6414371654380956,0.5558869814513425,0.004065032644722204,6.403813162312494e-05
0.02389128244508048,0.01728628605948272,0.004431230416800956,0.002516544212316779,0.026055452622607615,0.0002106872042901179,0.0009151184678382782,0.10461694225162965,0.0013352432796886124,0.0009924378437859804,0.01230894073202849,0.002885088548804356,0.011027932341347786,0.011285791192235993,0.02937500825522663,0.0186481995182021,0.026917520638031985,0.007663731074719101,0.0009556021046040308,0.0009992035841853576,0.010889303556575549,0.010525046165298521,0.008081089028309132,0.007915551308839142,-3.4684943988197996,-3.3112082224591712,-0.8593246803924902,-4.567127555742352,-3.4829559606508704,-5.714377514264308,-4.767043853788564,-5.353781367656248,-9.654698352711488,-8.528925066993091,-6.08140291882518,-6.370904669214042,2.830335524701327,0.6601045787304068,0.5142853475656874,0.004250562407044639,6.914727197706284e-05
0.022962888389423623,0.01774367861554336,0.004761380683899014,0.0024464647921512515,0.02709797815024452,0.00022473939337696477,0.0008853638673075785,0.10511695663020522,0.0014544011080848322,0.0009559241813491615,0.011838883827591873,0.0029606660301836605,0.011460142781248368,0.011164618787290548,0.02771974886524865,0.018926062799233225,0.027097563873475252,0.007834390600165648,0.0009770560837656225,0.0010340284042365722,0.011182717926170909,0.01079533881339141,0.0076867974680377,0.007704681295401954,-3.4552719763399424,-3.2852532494786635,-0.801240358814677,-4.696898391769113,-3.390996299234784,-6.138664281835876,-4.725302680422034,-5.276109764889844,-9.725583908906989,-8.589107686866916,-6.284960646417152,-6.30375986520832,2.674138372203517,0.6204146902362122,0.532044866706441,0.004159470151436249,6.447696375763683e-05
0.023386262035565597,0.01764363607532627,0.004798087197334039,0.0024650975640555534,0.02475477880240232,0.0002290070950786169,0.0008324065999740728,0.1098510968929005,0.0014291663575012375,0.001013972053285292,0.012321261600374937,0.0029437641441523114,0.011517839764846313,0.011487591071643245,0.027301596220768283,0.01850567732324808,0.02685835789262795,0.007316605323959163,0.0010456332835529188,0.0009869250276266163,0.01091851549913381,0.01058516507695856,0.008398470549366452,0.008091035852404657,-3.3766036339219494,-3.1816031385843875,-0.7815543420190529,-4.778099712516278,-3.2813192022781252,-5.9030588749582025,-4.663868620745277,-4.9904920169495055,-10.051975661259892,-7.9019495561843405,-6.043735284559555,-6.203181013535929,2.730870721075716,0.6469336764545052,0.5468479633306144,0.0040248826272318,6.857225618168798e-05
0.02476169247022604,0.017710282943120957,0.004560520820514791,0.0025518658122026215,0.024643953915753088,0.00022572509630294568,0.0008682809632000818,0.11198896761856192,0.0014598663005856312,0.0009899158530496555,0.0120069024952015,0.003011028306451567,0.010768154513992033,0.010456574930034948,0.02825128049009997,0.019874116471768455,0.029377374729727984,0.007322928668486624,0.0009669349046845666,0.001041617398483602,0.01087879890133038,0.01063897769065351,0.008392368998849918,0.007841532501685188,-3.2891173240899088,-3.1677898728026697,-0.8565640349546226,-4.650763094177201,-3.606080577467924,-5.742832548790532,-5.0605383005761695,-5.359747841717343,-9.682088300169617,-8.46738960742929,-6.489848296162508,-6.436474371794755,2.8360506109117103,0.6555686659475671,0.5208132410313597,0.004024515400571374,6.57332691198409e-05
0.02275250224214971,0.018593044085688397,0.004776186797013772,0.0024611647420827542,0.025167319371123157,0.00022697837329728717,0.000888503844993787,0.10761836394785794,0.0013625607155923944,0.0009311050651239884,0.012114070365611785,0.002880633578736375,0.01112138244659416,0.010937889373761847,0.027555480425024037,0.019122975518080162,0.02700030000990316,0.007676262949434952,0.0010240140328580342,0.0010457643376590282,0.010879791676142074,0.010580793845023969,0.007870383578373115,0.007630943518723184,-3.425822573151594,-3.249510137157107,-0.823756113241963,-4.840028144179677,-3.3536337093778714,-5.893148215877303,-4.797490279363765,-5.021882110362636,-9.822855687458057,-8.310059381309738,-5.898112559632086,-6.324407626720328,2.88332958339363,0.6104884093127654,0.5318701428424513,0.004198887249602076,6.534719310367591e-05
0.024123191528149426,0.01806522856310129,0.004580295473977374,0.002403660047396203,0.026554990482925683,0.00022642809914823865,0.000861989108255931,0.10606246171308299,0.001394217960242818,0.0010177314248556854,0.012186877722692195,0.0028075879258499304,0.01080245440441131,0.011386750807774515,0.02661029350825092,0.01886823329055755,0.028579865086497465,0.007512187962207527,0.000992550743425378,0.0010144740306496165,0.010998249750677438,0.011200814523398116,0.007922210343377152,0.008006232940458423,-3.2799622155612234,-3.3945204321510283,-0.8011960271579944,-4.594187487400752,-3.5741628144810518,-5.630135854151058,-4.717359966882923,-4.9042681673290245,-9.994112503873072,-8.134949331675143,-6.367168549231547,-5.901334885597048,2.701731596202443,0.647028093943062,0.5310695789085489,0.004194984618090208,6.295198234184413e-05
0.023110780285813315,0.017984436103993872,0.004679773285549587,0.002512991954790312,0.02715555762748922,0.00022109319573580203,0.0008920369447502194,0.10475082511314787,0.0013528144053897224,0.0009695083430764912,0.01228879836823898,0.0029509522641386226,0.011527076632773595,0.010535638587737508,0.027778082752357013,0.0188992249718659,0.028936635121847604,0.007320362156201312,0.0010082644532193041,0.0009590901525860452,0.010971551720163196,0.010730606740338924,0.007800029471899125,0.008013067990801544,-3.39792414920484,-3.4760701590929677,-0.8394201027499262,-4.874086801584561,-3.319322062573289,-6.080649648564519,-4.938145436812235,-5.36055214853275,-10.041175581499573,-7.914317084674494,-6.239661978104423,-6.229195414165314,2.664484944684588,0.6251973034768084,0.556071295826249,0.004105179861138149,6.524206756648883e-05
0.02451825521093341,0.0184296164933547,0.004805133183686022,0.002546293975339065,0.025306791235163075,0.00022943383056783572,0.0008847337386318876,0.10534108020625783,0.0014140069262973084,0.001007844951126832,0.01167360797854745,0.0030046864747908255,0.011016398446364905,0.011226002567312647,0.02668821154549186,0.01974761379224571,0.02844332137996906,0.0071496130256951465,0.0010075576028753632,0.000992155114701209,0.011122983271446396,0.011053875021857706,0.007908085390969415,0.007753671889347565,-3.4428212841832195,-3.2892423492634366,-0.8035441205873197,-4.508700161607242,-3.535231503550619,-6.179527911065911,-5.104955086905437,-5.253625035463301,-10.074021872019046,-8.109452405198653,-6.409682880754033,-5.942804734723076,2.705206500873452,0.6149742758787491,0.5236133899770871,0.003869990149629207,6.283026976602275e-05
0.023498615639042025,0.018552190954600763,0.004423576502574427,0.002432751692797785,0.026402940321988172,0.00022451857635955605,0.0009098933170012451,0.10688800140795618,0.0014067268219627221,0.0009313787427737042,0.01212984728893401,0.003038654491686945,0.010728401379118895,0.011478466844817743,0.028841753291733975,0.019664762907023077,0.028737311026383383,0.007835847200186851,0.0009744823140061726,0.0010011470284793061,0.011470983445226297,0.011209392609620934,0.007935090055626455,0.007897161573328636,-3.352684950344506,-3.3136241742961725,-0.8468674786738273,-4.531244582895064,-3.29252969391846,-6.101571076481202,-4.9288892323820805,-5.384543359853918,-9.751398159722624,-8.446458131954355,-6.333127505465555,-6.2635020229061205,2.740411574524315,0.6070326060387252,0.5235689417605641,0.004215811947087798,6.378180201235886e-05
0.023402627039481833,0.01865449542749034,0.004545283872226675,0.0023558733806617067,0.024884535647620717,0.0002137611303832374,0.0008812693456664335,0.11074324584392478,0.0014315806269808672,0.0009877744536340828,0.012205031094904086,0.002864768479925594,0.010870889372171701,0.011189072875294456,0.027962381831844497,0.01836509812025319,0.02730710281946222,0.007165361720216123,0.0010483388202407863,0.0009533784035914434,0.011487146234656864,0.011006815042167715,0.008227641710939121,0.008160190180444447,-3.2881521041094106,-3.1838104197649324,-0.8523934425863877,-4.5623570567027,-3.5829485256829474,-5.938058120538136,-4.992607397358847,-5.050622093418527,-9.993252037857975,-8.437663566585663,-5.922977530751295,-6.430009692993525,2.8055313557883834,0.6270923598327065,0.5534619665793614,0.0038786845173611278,6.67723458806999e-05
0.023769615465896635,0.018867265384019886,0.004729257393253574,0.002536970244713735,0.02547443088678023,0.00022805632875392786,0.0009062184435077909,0.11076703428903828,0.0013980155094195671,0.0009733299193048993,0.012314767024750853,0.0030061867812635145,0.010949265483028136,0.010773174474002067,0.026817402443139175,0.019529480206327908,0.028040831885789087,0.007473541677325204,0.0009564238140006096,0.0010443651253611546,0.01074508626521686,0.010702207389113892,0.007979975419336293,0.008158047216765593,-3.21587127767151,-3.1550299625836864,-0.8463319013224762,-4.8525637760845655,-3.437828518282938,-6.190351603765645,-4.641147721793658,-5.289202330249733,-10.072960216482508,-8.550740255678203,-6.195543875915703,-6.156074431039943,2.9072958128485955,0.6244165345796947,0.5398533196324435,0.004250163932080334,6.582435831193302e-05
0.022690426639451925,0.017666486787412797,0.0047382502565934785,0.002387859265598979,0.025936817511189845,0.00022585966102336722,0.0009056731691314266,0.10646283901346547,0.0014356014061037358,0.001012605735112523,0.012411658499165958,0.0029439549198718986,0.010552857681649626,0.011506038014771755,0.028528427617565594,0.018148991325514285,0.028624800431487914,0.0075868346628021055,0.001019049735398942,0.0009561157012564373,0.010647103295475734,0.010785122456624961,0.007654164306652063,0.007853015497515287,-3.2834605809517274,-3.3480423763690865,-0.801963778457639,-4.665400688958923,-3.5690630280750013,-6.18966434054552,-4.7755507591066255,-4.97191528539148,-9.42808454049472,-8.366824595302253,-6.063177438962006,-5.905775935462754,2.7290085534678457,0.6184278121812269,0.5173299016786578,0.004117721113812769,6.780364840018967e-05
0.02482523792411704,0.018466803635640315,0.004690492854783405,0.00238353461908452,0.02654543804948463,0.00021103264978700198,0.0008580134090692321,0.10500012945395988,0.0014168825138401104,0.0009749127195492725,0.012284081716424571,0.002909412431207808,0.010846828597104851,0.011504515118247838,0.028660823379288086,0.019673059286248122,0.029124561609072806,0.00779139998468146,0.0009503105130684888,0.0010315829007759346,0.010919584495428826,0.010605085928301995,0.007899235701873368,0.007672708959409475,-3.3848583820999516,-3.240158166561139,-0.8124683160773108,-4.762905050703169,-3.5867393546283246,-6.048998247298568,-4.894861094231308,-5.156938988704368,-9.631533461845754,-8.545039297539354,-6.26527076497935,-6.392374098485735,2.7863670992642113,0.6153121187953211,0.5582432604612383,0.004153471878835319,6.430052617729763e-05
0.02456669464842612,0.017513850403366567,0.004575836578004435,0.002348901538420912,0.025599435680638695,0.00021574592639039095,0.0008740786946726377,0.10925164953174678,0.0013750818140374097,0.0009876993550455419,0.011820866803798374,0.002896780468824616,0.0109478213865248,0.01153720285062839,0.029177479617410115,0.018499687561094127,0.028970263117112857,0.007389286759869016,0.0010365694012091202,0.001032039111331515,0.010542498011439064,0.0109654761713467,0.008246900920057912,0.008139045578622767,-3.3677121940838184,-3.2647187032867424,-0.783879325767225,-4.872268222978327,-3.2978052881074613,-5.62862353204649,-4.852077838420453,-4.993285789293763,-9.9624746014728,-8.171086064027941,-6.466069918080931,-6.408023461248899,2.6851431648084914,0.6513000752402548,0.5548606901899009,0.003956755741134741,6.537986262421805e-05
0.022699451384508264,0.017538584272909358,0.004822828327601243,0.0024753943855608694,0.02695893968045446,0.00021918397493687054,0.0008976910496720631,0.10601431491681587,0.0014141205298688145,0.0009820289196408728,0.012700049443779133,0.002847744552740527,0.01131986206273957,0.010936482509407154,0.02801371389694235,0.01926215779197851,0.029295715883330915,0.0073913939571312315,0.0010427444372996004,0.0010000255898988078,0.010904747384621874,0.011414306323429034,0.007996879105413301,0.007725515532157598,-3.4610248205023435,-3.3017888486623748,-0.8050135593475632,-4.494279556889027,-3.4795077952470645,-5.958568475801078,-4.782878124557459,-5.33531576172901,-10.070263696678657,-7.8950896475216314,-5.9344992265932905,-6.207206621374739,2.658539352368945,0.6161243361187202,0.5368514278778778,0.004231619531636224,6.925289645303806e-05
0.022720267995782646,0.0184216279133611,0.004507610974268825,0.002565045529763342,0.02577857449399429,0.00022165160361917706,0.0009137969929254822,0.10536192655591398,0.0013682860135715092,0.0009965911716602112,0.011898601617944544,0.003007944068617186,0.010718605429066653,0.011045672587211224,0.029310383799412046,0.019347238637592464,0.02760851749472654,0.007634106412757917,0.000964886552604141,0.0009609357513600937,0.0113306822736367,0.011242513416195326,0.008135822854060951,0.007979176930658654,-3.4856834412393067,-3.4777029588354647,-0.8477988224231059,-4.725818214872561,-3.365845535997549,-6.123064871937888,-5.096969112521585,-5.346105837433529,-9.936508209198113,-8.187512539448067,-6.342233723475763,-6.0595920470979685,2.71252169554172,0.6290563744026089,0.5137012567948905,0.004262068564012591,6.422269641588517e-05
0.024426667790566722,0.01838334670145799,0.004440020395316612,0.002421701549813781,0.026509614968427925,0.00022406623443477328,0.0008556918790203727,0.11085915210742406,0.00143775793849347,0.00093210205885746,0.012094331301138371,0.0029191686276353736,0.010797602805362383,0.010889385985370677,0.027671954427880764,0.01880507965023078,0.029218334890456686,0.007519061267521837,0.001037301301144741,0.0009512846220742797,0.010513183034130943,0.010612909030016734,0.008202649684203308,0.007961808661148711,-3.3702149959599605,-3.3890503058760677,-0.8314681168182358,-4.727578746531199,-3.6195374510410256,-5.867292045019517,-4.910823365023419,-4.901554344556981,-9.390020871743928,-7.853625533768806,-5.953766537251583,-5.96127186456746,2.769898511294339,0.6621470966056417,0.5219942493366333,0.0041728096127192525,6.585354050594741e-05
0.0246946123566766,0.0181712155076624,0.00459757558078534,0.0023777614493519094,0.02466524371519184,0.00022513138423210495,0.0008945150690175955,0.11351397173770597,0.0014511491291538782,0.00092758671235629,0.012152575489518844,0.0028044815934203126,0.01068900745298605,0.010804528261753021,0.027378617070794163,0.019399500552941866,0.02869550818259538,0.007573294438512502,0.0009607539859386833,0.0009968606024526438,0.010744269447628078,0.011195176939489309,0.007798615452709442,0.00784493780279649,-3.3078561090386045,-3.3698954595243045,-0.8363946110226146,-4.877773951117742,-3.326112160012984,-5.7958665710864015,-4.727968386196358,-4.93724102501718,-9.673631938211393,-8.05563969206352,-6.15013285544595,-6.207542509719776,2.736746456377931,0.6312838078109664,0.5207162913488428,0.004162624976330614,6.299525773723206e-05
0.024088749450246458,0.017844814868216492,0.004637763749396063,0.0023756324229198523,0.025574223457919296,0.0002221841331617587,0.0009046990859340608,0.10436833594459138,0.0014314144574372604,0.0010031919729954313,0.011701985995051166,0.002854818263875158,0.011486862209562946,0.010469059516171341,0.028667195136008527,0.019945801125321773,0.026993632124587455,0.007312396739715023,0.0010405877437171698,0.0010467125286286272,0.010505793018448171,0.010977445474518371,0.007839046399538337,0.007771811224472461,-3.1873307323885176,-3.397932105433403,-0.8431653056092329,-4.632215067955792,-3.351428375680436,-5.99133426765287,-4.699246993677284,-4.958881954097641,-9.92230512152114,-8.018059326287466,-6.191583029922489,-6.3176635402720995,2.837129884268753,0.6550768073043799,0.5231220029018339,0.004126688914830734,6.285398920702893e-05
0.02474878686587796,0.018617197615576477,0.004687040441316636,0.0023691327469305677,0.024776342360670042,0.00022929021140272022,0.0008969552556190657,0.1105289482289116,0.001454882319054719,0.0009298350883394483,0.011947625363047831,0.0030292599023800174,0.01138739631888324,0.010764794570928278,0.028164418820143564,0.01860053526390493,0.027790679878372023,0.007840564786346146,0.00103173532486577,0.0010494310332488592,0.010533560425047215,0.010787181631718566,0.008353552241277545,0.0078762903689016,-3.2581638343112704,-3.157572642567481,-0.8495984095310618,-4.8801405377428875,-3.4419266699215116,-5.7042608324545965,-4.7013726034161385,-5.108058437336276,-9.704189338535794,-8.007723520743998,-5.9619488298635215,-6.458318912821913,2.7350933935586066,0.6498655820347625,0.519275382162065,0.0039330608502078385,6.432291903069662e-05
0.02446899473211453,0.01739404812786949,0.00472312964368312,0.002567418456490408,0.024856076508360865,0.0002300688335786805,0.000914692697383431,0.1052943714416778,0.0013593291599691693,0.0009638036456807436,0.011891101863589581,0.0028156815555634897,0.011110723836403796,0.011023781150328774,0.028070238941560795,0.019510341668856693,0.02849569919886743,0.007619491330104051,0.0010193543124424698,0.0010363228568218451,0.01130260106424096,0.01143066708914391,0.008009471311627171,0.007753462838381458,-3.4368791232567126,-3.2471559198980895,-0.790677720373053,-4.667343300736506,-3.3229703768100523,-5.627671812851659,-4.926052404872999,-5.255349139108813,-10.179750276494552,-8.231806213996595,-6.339672583871399,-6.37193675563709,2.798318065044807,0.6199591927663272,0.5647483855400393,0.00419986069221965,6.329239997169855e-05
0.02267074072119998,0.01762145785409571,0.004382290250050928,0.002550974510609993,0.024688523256846215,0.00020912151054540133,0.0009029789301605124,0.10662583434403133,0.0013594843312924783,0.0009477156972668822,0.011792784783638419,0.00302338904907284,0.010638132651590021,0.010577911793988771,0.02673097555127916,0.01823698176036899,0.027886630056847665,0.007241794746126394,0.0010121843373100102,0.0010100229952827308,0.010776995788504204,0.01071014675679908,0.0077106545843991315,0.008193746333883492,-3.402358816287945,-3.31306943216088,-0.8519361807651687,-4.834297925933337,-3.4898504135109936,-5.975720500925028,-4.978218419489516,-5.04311460031295,-9.923136366829047,-8.038205379250016,-6.362102017277079,-6.363939559151019,2.8049209369185233,0.6437464340427242,0.5355425363024854,0.004034177327672502,6.506290829517342e-05
0.023821305467443703,0.01826956272878197,0.004814380416586429,0.0025097097148747034,0.025807968567553213,0.00021585968322156656,0.0008977960460141198,0.10590530811558661,0.0013802853243170558,0.0010001486066796013,0.01251810275295368,0.002809200072690621,0.01125510234641512,0.010608527485664473,0.027634124870881953,0.019789482538597157,0.02767605241648408,0.007296595620655401,0.0010431281707356831,0.0009599316911116071,0.010673323711145334,0.010523496075640083,0.008123694087149112,0.007767223022347129,-3.4155890243563802,-3.4214825184804765,-0.7867138244978868,-4.690314957058663,-3.6036391917994903,-6.08630010432815,-4.8276933977347625,-4.964002232446079,-10.109449770222147,-8.288508710127791,-6.474934890477611,-6.071831845091428,2.8959138309090933,0.6054210907197742,0.5348299689956917,0.004219495253280991,6.320005792983285e-05
0.02397347740139599,0.0182179950223708,0.004422655246923204,0.002508273597136292,0.025943090733689993,0.00022150426681516396,0.0008392960879048501,0.10868859590054417,0.0014162715721523901,0.000960361403665245,0.012149323637829976,0.00284291445628399,0.01062916367004655,0.010704477949257838,0.02690449737701697,0.019383631055309342,0.027869076306539897,0.00751350128860282,0.0010403946491907058,0.0009620109017175297,0.011402375044823998,0.011194197546815438,0.007814912788421812,0.007890365484947127,-3.471928815106536,-3.4568517282916345,-0.839148881969213,-4.685403703084722,-3.5243210793324153,-5.843946165385537,-4.974114917597488,-4.973042200527164,-9.499476409978724,-8.242967292943462,-6.167385417003178,-5.930836701715972,2.921700392944371,0.6193919765805652,0.545519915986914,0.00390716941299782,6.452190486669824e-05
0.024511034507859457,0.017809018854322275,0.004812931921061506,0.0025622343499633084,0.026831828945651174,0.00023046540515960556,0.0008387590036824728,0.10358410233112025,0.001379674879365758,0.0009611969311381671,0.0116852949809198,0.0029043969285413233,0.011225225615568825,0.011094246284616555,0.02900417476971471,0.01849203183760194,0.02736382704418369,0.0076598255998318494,0.0009536004879793474,0.001020053050960222,0.010683378039172303,0.010826001721150618,0.008008288998862748,0.007934676404330692,-3.2308288558691447,-3.184184514355338,-0.8110723441934095,-4.499900217320039,-3.4923447700908556,-5.976531091546622,-4.88634439280803,-4.902619113134043,-9.416196000400689,-8.003737475837987,-6.215635197375741,-6.501235862903909,2.8796459683911997,0.6213598026391426,0.5597164397417917,0.004115943608594399,6.599809077600173e-05
0.024414863526805,0.01818193598706042,0.0046985854016565855,0.002482560669207054,0.024713931348972942,0.00022889707821763404,0.0008989076462849628,0.11129976571301813,0.0013816156472392423,0.0010066955317198272,0.011905485389057904,0.002810086162084804,0.010881066722769603,0.011248033649203305,0.02865675394703612,0.018249915135772364,0.02854300528485379,0.007492581632366879,0.0009885477862024601,0.0010216071053372698,0.010699550597288582,0.011063684462721903,0.008235725627410302,0.00835879684248,-3.178402072831799,-3.437979842161173,-0.7862517336361202,-4.857467146973728,-3.313433311739884,-5.926137391917283,-4.726367455483204,-5.343235330292081,-9.598100348196704,-8.399998278542341,-6.375178735871728,-6.082857705309486,2.899355958411636,0.6651220183667667,0.5566451905839137,0.003888829875909053,6.347979479861288e-05
0.024884618875377334,0.017999362901365147,0.00464953040298382,0.0024747037591930456,0.025558066255571003,0.00022343893733139676,0.000903399453278718,0.10753784547410238,0.0014038588240525105,0.0009848201504657898,0.012156791168043513,0.0029006218957319087,0.01152539786978985,0.011251974692768282,0.02708777388741601,0.01860920694208475,0.02916075575246041,0.007329818093123748,0.0010437504332394742,0.0009596701248950678,0.01050253244071862,0.011246054235975295,0.007688651524952259,0.007853855265492515,-3.2803020358712103,-3.343088922913136,-0.79379222916692,-4.8645610357575375,-3.4352500455810304,-6.172104051409627,-4.956121529288675,-5.1843124766856485,-9.601793544177427,-8.52762557394626,-6.0876317766769725,-6.4527840715266445,2.8149386457552232,0.6486668297760974,0.535426446502708,0.004158387396212698,6.504459734803482e-05
0.02428310929601072,0.01872657480549874,0.004375614497276807,0.002511712247246371,0.026594976988530302,0.00022327077400301654,0.0008379086972614819,0.1133364502377421,0.0014129877991789978,0.0009367639998642012,0.012668208431325684,0.002879935801725226,0.010549083758818505,0.011088449617494603,0.028083124052619694,0.018787574262963368,0.02894956859042327,0.007333510358757037,0.0010116211992702104,0.0010291997691020463,0.011017653817964998,0.011058258440226782,0.007632032662108745,0.007743728358738511,-3.2472324686434235,-3.160385684088445,-0.8283861316793832,-4.483232359519001,-3.5570182419246894,-6.109566159707814,-4.9357306375361825,-5.212756661179274,-9.37574446070786,-8.57916441374435,-6.127640047690765,-6.393076599952814,2.6927990972793396,0.660447015696137,0.5571079852558019,0.0041924845140348345,6.551833737236518e-05
0.02353336492835945,0.017243619834161727,0.004796701493936454,0.002425315968011614,0.025538282192261837,0.00022337977592545977,0.0008990825311002799,0.10360436234207773,0.0014620529549006678,0.0010148261973908488,0.011538944815065762,0.002925177120750491,0.0105419713315939,0.011301656804879394,0.026613425729813428,0.01872052129477663,0.02817653375975615,0.007469343673267827,0.0010340014646619165,0.0009904785711646214,0.011461103129798951,0.011141061940721467,0.007697984966247609,0.00805940256190653,-3.2357760270974554,-3.1561302734863026,-0.8332122373889573,-4.5343549766021525,-3.4733351507855903,-6.080010234967168,-5.077317094301144,-5.333121932152847,-10.006776840075723,-8.055973130091276,-6.267714806542497,-5.970505574592029,2.725498045486803,0.6257478177754482,0.5381690275515252,0.004221162374305836,6.472353323138073e-05
0.02347265397471975,0.01727421214621147,0.004436258610970469,0.002353224409077037,0.02517109974612121,0.00022551762905023497,0.0009082113409697725,0.10794298936009496,0.0013952613218181946,0.0009834525353068803,0.012563606669863829,0.0029491950647059493,0.011098490159527288,0.010636461067387958,0.02784931956054738,0.018230343179583764,0.027256778341209792,0.007771080781968153,0.0010191735129223426,0.0009740710350324583,0.011293073771080579,0.010670789166033855,0.008047817653747496,0.007684897781537302,-3.1880968507555036,-3.2643189994323385,-0.8296367174968908,-4.777377143950264,-3.474309848569127,-6.152022572142579,-5.037907481651919,-5.209851322331392,-9.965371979947554,-8.22366951706483,-6.075203656840648,-6.20861846491947,2.760187084820001,0.6256539004782903,0.5392401311005629,0.004123890720642155,6.790250805182331e-05
0.023795972071110373,0.01814976072954336,0.004591206962896785,0.00254838869546616,0.024954817164950856,0.00022328078764217866,0.0008804751649060217,0.11028721245962447,0.001356614148916503,0.0009456937547610654,0.011566471437705877,0.0028495815123361114,0.010575931921672653,0.011271351581126505,0.028058553822145182,0.01958008926047939,0.0288461398504262,0.007589912969740725,0.0010285705755499165,0.0010357381457172623,0.011319627194495478,0.010883703237852281,0.00810498005117066,0.00784449077091571,-3.3086929773329996,-3.3747395466667327,-0.8285958874128584,-4.448913218148259,-3.2840102776380022,-6.055306944825479,-5.082584076981471,-5.293485977208541,-9.569557379065888,-7.903032186507098,-5.916082036181457,-6.5089469183829465,2.7030254623425853,0.6538099409267061,0.518299122159828,0.004110046412743169,6.816275721280085e-05
0.023024319544028893,0.01712130279858599,0.004619151935841878,0.0024708416580626977,0.024596816258945498,0.0002284757510916882,0.000844346780680534,0.10683089038698335,0.0014421309722178837,0.000928952768315522,0.012066228338611797,0.00296043948515716,0.011153515426698634,0.010733241620303369,0.02686619523997269,0.019359211731450478,0.02930526902673899,0.007759085360725551,0.0010468656638467307,0.0009932834733869962,0.010517982742938293,0.011491114345415724,0.007841565841429254,0.008313475279789222,-3.3467167561008706,-3.223061496389575,-0.8482947011334204,-4.582458066781032,-3.5795611602538417,-6.019757068910367,-4.937286244087304,-5.129219619310375,-10.032768004387263,-8.394191507742157,-6.037604069748176,-6.115699711637836,2.7933070343156623,0.6247922924452428,0.5244708193323501,0.003914798953062102,6.446497581352434e-05
0.024260972546289707,0.017134760947376915,0.0045593017918866855,0.002539999581947686,0.026140287902872622,0.00022089885262450878,0.0009067282548382356,0.10408251221774541,0.0013714246121763647,0.000997695428755928,0.012687923039138405,0.002982274434954646,0.010557727081670378,0.010715899179580143,0.02802240568282019,0.0181550954429122,0.027962202993721857,0.00781821813392471,0.0010430794735187428,0.0010168483961103575,0.010677297525235784,0.010833651718796578,0.008035928310471199,0.007942901059231443,-3.4576297415707398,-3.2728731988946365,-0.83315016673417,-4.561207858261353,-3.29436659699022,-6.1718473692432365,-5.049431294194324,-5.3004289892859315,-9.866262803307793,-8.019645891870738,-6.283063843496762,-6.297824621631869,2.747862589082856,0.6518977970679987,0.5654700700091674,0.0040224252820406075,6.683146052161564e-05
0.022810789109495157,0.018395143066766755,0.004525275432693535,0.002539915554627842,0.02579417187807664,0.00022330744515228212,0.0008517897051268444,0.10742021271181547,0.0013410306773165399,0.0009463804420805383,0.011863875731583451,0.00297916495205844,0.011111518998843052,0.01054910656712552,0.027973422617574566,0.019930822045848777,0.028914687361069287,0.007393051879706505,0.0009957635927372623,0.0009519361858084243,0.01053882748973242,0.011274553515735013,0.008013886273001489,0.007648834382615897,-3.4132932879947213,-3.2254682947536284,-0.846615343279273,-4.51881986889438,-3.550019170410882,-5.716967221665492,-4.788393854519727,-5.389092642624426,-9.73998367735756,-8.273237593244597,-6.044148055113197,-6.507260746084471,2.8298772418792475,0.6635905191158649,0.5178074916200518,0.003995299203712426,6.653101788720557e-05
0.023316277690730698,0.01773818239151002,0.004436099733237281,0.002418791938933149,0.02490447540690169,0.00021120283988587546,0.0008501842020243595,0.10915119997260786,0.0014281038089450444,0.001018066717611293,0.012446721305920498,0.002862887981460826,0.01096111070508952,0.011321879870193034,0.02853579036604548,0.019127868760398323,0.0281885056278399,0.007345631383521224,0.0009627700359457458,0.0010212964955997514,0.01064602606380047,0.010873116123476264,0.007933039888550738,0.008277643685212943,-3.3163723930471254,-3.3165180557879976,-0.8377713908772975,-4.42796644700495,-3.404719176648467,-5.784046742354,-4.8688993546241255,-4.9449088437525806,-9.724602777300792,-8.092317545365587,-5.911769545485158,-5.980038730563572,2.7133460990498968,0.6528997579626902,0.5546296930808882,0.003928756965738535,6.668767077183916e-05
0.024890002739269678,0.018348244355115458,0.004827408525014589,0.002454867594102571,0.02502674321316136,0.00022226913529539813,0.0008653496176613099,0.10813510345717658,0.0013849395029827969,0.0010089685650376797,0.012322787646621572,0.0027806296429691403,0.010632437837106587,0.010845905240481454,0.02892640688530285,0.019504532658798552,0.0272427376819884,0.0073933157339315225,0.0009529859130617053,0.0009785423295538963,0.010898526321094728,0.010665080088993879,0.007969726424531916,0.008189032720221772,-3.184540587881988,-3.3968866005017997,-0.7781631058224115,-4.52894912791441,-3.4564798663216476,-6.038055208523196,-4.99736436816387,-5.04447940220459,-9.823633454707712,-8.489026828110578,-5.89651858206763,-6.504071546380758,2.6940639399268735,0.6310452806079171,0.5268762058801533,0.0040514788642599135,6.659845623262208e-05
0.02407555453314301,0.017925798496701797,0.004458042569665911,0.0024860026535210313,0.025222607517333583,0.00021623086761797934,0.0008781766387236783,0.10890968457870367,0.001390902577192441,0.0009750947378489418,0.011983352177168605,0.0028069459814972332,0.01083383412657222,0.0114714347429534,0.027587528723339808,0.019561741601749283,0.027122069509724848,0.0078079066561990255,0.0009784082806738805,0.0009786475265903137,0.011451684672738938,0.01053808348757252,0.007613316639026025,0.008254704725471558,-3.2455687551414694,-3.450348449820638,-0.8515529278223548,-4.878589869857242,-3.3173185615840386,-5.993736789848438,-4.885062428616764,-5.040118591419915,-9.53948108725952,-8.453181828215241,-6.454212587643801,-6.302825595926193,2.8457647591343145,0.6464391003135578,0.5421260302504172,0.0039126066903663066,6.46034960159407e-05
0.024275482546633448,0.018355548231181882,0.004706028943040244,0.002545968866587857,0.026647207572174626,0.0002151989421135724,0.0008785345089605388,0.11322949486491833,0.0014338886573840243,0.0009378909396683692,0.012357050414791505,0.0029264454098006953,0.01050313889091669,0.010672076557445415,0.028220840158430245,0.01955983795785411,0.02872930115215279,0.00748539839893669,0.0009559837657262348,0.0010103328276110076,0.010588834199556451,0.01130551721855725,0.008128882661664201,0.007917329062244705,-3.381188529592521,-3.4271615017225283,-0.8011079865007575,-4.4910501331214014,-3.571076805283506,-6.014683301521837,-4.875659775052077,-5.144326767256789,-9.492192080704118,-8.46209498584222,-6.012545626635524,-6.246251779099078,2.6648789258056396,0.620980123021998,0.5519081869890475,0.004072919113779173,6.421222105738343e-05
0.024611403004949062,0.017525701251326038,0.004435733040113941,0.0024967953382840657,0.025205477619917538,0.00021390870541042198,0.0008914757696186835,0.11401075130524034,0.0013532078719812525,0.0010153287182484917,0.012223925125358845,0.0028396250842252766,0.011546093886048148,0.010677731600833093,0.027942943529741575,0.019009142516608856,0.02803797434396493,0.007690666917302162,0.0010117296619292372,0.0010090046896874228,0.010703271167235563,0.011519387140887951,0.008176071982687065,0.008241561821892625,-3.4508013983796006,-3.4601273426619765,-0.7812401568977354,-4.621819469933905,-3.33229346511842,-5.680082341819245,-5.070406807940233,-5.116755731324687,-9.653832207383969,-8.096250085357662,-6.145359927061273,-6.057091553609629,2.8431330048124757,0.6411953849106795,0.5442059022718745,0.004177791501535379,6.542308558915332e-05
0.023344939335325204,0.018245275860525604,0.004735764855801246,0.00238160096895979,0.02597460622202173,0.00021869842961201407,0.0009018860207726004,0.10949768959623164,0.001432470464774277,0.0009725726058180193,0.011596837343326304,0.003024339433411176,0.010463935131220542,0.011267843240169037,0.028450269219430988,0.01882677812724097,0.028324906166686183,0.007440430373632893,0.000984957661733317,0.000968089649174743,0.010827031198043327,0.011394725511398543,0.007894597986405634,0.00794539393086884,-3.2578817242001983,-3.4315433793730685,-0.8259271183256023,-4.5701137737362325,-3.4381321130267803,-5.874522729119566,-5.089945824075455,-5.210979451978963,-10.002699017131366,-7.886292342329632,-5.90622370390124,-6.424581301028667,2.7788903603498043,0.6600556754678591,0.5143579372525121,0.003953382195332773,6.362618585040256e-05
0.024494277711861332,0.01848834554008667,0.004696300951416114,0.0024906128879024227,0.02503196439028578,0.000217154941545878,0.000903542977476862,0.10757068223318236,0.001388463336726515,0.0010097542255021888,0.012395917410894472,0.002914769927344812,0.010673454309005653,0.011410296031228702,0.0291818355384332,0.018701599427022143,0.02870954791409075,0.007607977020493939,0.001027313113985092,0.0009832500300694874,0.011034051988498751,0.010719840101260762,0.007759652155256549,0.007967559717196053,-3.2073063879417627,-3.1781088904334442,-0.8430970402432193,-4.775537389095177,-3.3433944819953996,-5.833901513379257,-4.714777829631892,-5.403111202523662,-9.865476414423012,-8.078741181866254,-6.047043441236895,-6.315201754315303,2.7888696687649817,0.6630972178059445,0.5592083749142975,0.004139550289833966,6.63010131153262e-05
0.02401052829951125,0.018485311169472895,0.004762200367211799,0.002385417066333317,0.02628286864911733,0.00022821798977114792,0.0009011807204722146,0.10825625376414708,0.001399830587728701,0.0009609973777885225,0.01180300530680584,0.0028984433691921704,0.010611292847192824,0.011326185453491613,0.026775915226390768,0.019137389884745296,0.028492613312696057,0.0077921164922674264,0.0010396370541316602,0.000974217805586912,0.011519868713456633,0.011135236274453317,0.008308235611563694,0.007793881672021851,-3.2540232563844063,-3.298679610553775,-0.7786807183820527,-4.6786594918867905,-3.570543413052035,-6.173820914482867,-4.687650719934235,-5.156519006328092,-9.6495843198463,-8.364488062399966,-6.4028019202955075,-6.431831707681104,2.8216265424556135,0.6496063265173243,0.5209284955273917,0.004161186732407446,6.89018427622833e-05
0.0241321393508197,0.01740126760687243,0.004712719622772319,0.0023846227146357116,0.025370427534343685,0.00022555387727410107,0.0008444881968077205,0.1081980553260323,0.0014505382655140588,0.001017161864417536,0.011960199753589322,0.002921205454867579,0.011008857369759137,0.011346451625729883,0.027810688595162388,0.01958783827218901,0.028059916150058054,0.007450822280960881,0.0009626073740081393,0.0010002587615374947,0.010969872062049737,0.010725459591142983,0.007973355517751217,0.008372923550663984,-3.2816722485923195,-3.4729507745278103,-0.7920063438290643,-4.514993471235757,-3.410075018940591,-5.862645975318691,-5.113674169341435,-5.0014891995367154,-9.442376126239939,-8.48070951316305,-5.907104149484571,-5.940857600990901,2.7073770701436457,0.647421081304234,0.541341519153006,0.003917492573545853,6.585850073541455e-05
0.023926711312542925,0.017759418501866745,0.004382582480310328,0.0025280704208348738,0.02604968417921148,0.0002285782101196968,0.0008344184602003266,0.10934112563997807,0.0013377658841593463,0.0010137756300397547,0.011937452228913702,0.002758907133122141,0.010986758515480786,0.011536626259810822,0.028334141468960086,0.0194447347812843,0.028476416579488465,0.007562918799293082,0.0009832426745009155,0.0009802748192904982,0.011136048509705898,0.010774956331074247,0.007633547540179538,0.00798143636146472,-3.2386308436821887,-3.180325108093141,-0.7947297959655072,-4.577525396919818,-3.3798641630931208,-5.7909184530831865,-4.693918280672862,-4.924083451681699,-9.399112044945442,-8.318897322259733,-5.9135972499953775,-6.016019980818758,2.6763747197357017,0.6319121082817158,0.5540047242291902,0.004240234126092763,6.559273994136548e-05
0.0246949547010977,0.01882329685104876,0.004671085039529922,0.002586089517665199,0.026840361724967718,0.000230482256672198,0.0008420436986267182,0.11119983645045516,0.0013758713110835592,0.001008157194690209,0.012036195835841191,0.0028489990374424815,0.010468378259171645,0.011445355695734447,0.02804584428046643,0.019285465134097186,0.029268947125250976,0.007552342264352691,0.000998229650964471,0.0010348386009723925,0.010635975850001287,0.011342720128931576,0.007879999641396053,0.007975093044247135,-3.2838315386410835,-3.3797379065476743,-0.8384363632697003,-4.527644099851855,-3.3275015329050466,-5.863310171993508,-4.894581769007447,-5.27284612368339,-10.139154744220447,-8.316417330290381,-6.39386790043866,-6.246903652273495,2.8730876494213073,0.6048359262167284,0.5280243387348225,0.00399481492605331,6.83796024828697e-05
0.02306004566484405,0.01852330417499616,0.004816017913932567,0.002382821415965479,0.024708388470671295,0.00022570203844562035,0.0008375193499301872,0.10839009811765053,0.0013500571518780798,0.0009677259090083791,0.012418237663629681,0.0030051895528008174,0.011435645916418418,0.010643905527461056,0.026873073007368322,0.019574794235023427,0.028208458050681406,0.007308837186033178,0.0010489932017820815,0.0009662176371705739,0.011159463982812274,0.010734874380460929,0.007916094598824816,0.007606381097679642,-3.2597475961551785,-3.3078134425286447,-0.7993582561708608,-4.48599738072984,-3.5632492850509143,-5.880777486013826,-5.08148330371637,-5.354232146657002,-9.939429052427883,-8.463274202222252,-5.955202621941954,-5.950785759713391,2.8532572087471175,0.6113167421278087,0.5653646823818941,0.00424655177816725,6.832123417865108e-05
0.023622671174717315,0.018128022092764595,0.004781747177132087,0.0025394754085311323,0.026269042210955423,0.0002162609297017078,0.0008844409098324258,0.11253591414037399,0.0013690579340714154,0.000965552559400918,0.01155719510482517,0.002777679494021681,0.011247185569013544,0.01057092930071111,0.028796391492402238,0.01945239324447885,0.028187148554049413,0.00785299636040401,0.00101612981751218,0.0010421168126515123,0.011490216254127793,0.010868471898464148,0.008127783453105532,0.007709574647083811,-3.4438705713692888,-3.417964737062459,-0.8497115763361803,-4.502523404183899,-3.3740925848268386,-5.631959556170858,-4.958850102543608,-5.258827764040748,-9.329569043882644,-8.391429640953515,-5.95039878251351,-6.489687450900598,2.858332150886287,0.6370422964517922,0.5451656943155484,0.003865376989198181,6.53984540816828e-05
0.023966614367903167,0.018757414705144138,0.004783692427417694,0.0025149184689626605,0.02545584390114342,0.0002256147824720723,0.0008339128980349396,0.11330957833748492,0.0013731420989840943,0.0010159297880632044,0.012045264841063745,0.0030117019471819478,0.010810895909716213,0.01073222214836926,0.028218343486414894,0.01926618777093231,0.02938730379915196,0.007280921498659477,0.0010164096015015634,0.0009542490416055773,0.010811200435743497,0.01096788877082919,0.00814195620811796,0.008127183794253099,-3.2699991377644477,-3.340009663823374,-0.8481282629386397,-4.789442402896271,-3.3116928825390795,-6.110411209933957,-5.008802497688688,-5.200234181242198,-10.193563048892113,-8.047032914726222,-6.2731873563480836,-6.383528397530666,2.7541319435410774,0.6408243508736802,0.560205224244873,0.00410641618489872,6.890408654819925e-05
0.02462404088226856,0.01861800181466276,0.004384812574509833,0.0024331732976197056,0.026498787556089372,0.00021517406122517402,0.0008541509042986543,0.10714249499250267,0.0014006294855786214,0.0009921564501265718,0.011950536975656545,0.002812995796556009,0.011442291965745168,0.010783136270719083,0.027598243882197913,0.019386735549933233,0.028481220180082607,0.007312076483819643,0.0010182056165895866,0.000979982944783112,0.010716635487674826,0.011261287070012258,0.008292411483196909,0.00839499653821839,-3.3631022516566813,-3.2732365589822527,-0.82355616497685,-4.523262162365765,-3.5198249198808362,-6.070551550015965,-4.866827924045119,-4.940025860844166,-9.33373382655532,-8.115684379203298,-6.28409215637869,-6.018591186513474,2.655720453556662,0.6393660970883954,0.5424987163901277,0.0041794180533455145,6.576635440072869e-05
0.02431520711826654,0.01784564003023789,0.004772728284177195,0.002447270486081261,0.02542902865014292,0.0002306091639211936,0.0008787859888080304,0.10660394813258647,0.001358764282211222,0.000964743585859032,0.012206491539135684,0.003044618655282596,0.011496112841531668,0.010799457026432398,0.026620279349571146,0.018190199433015326,0.02837590544158674,0.007576875058292187,0.0010072305427674985,0.0010143559260543918,0.010512679427150754,0.01058091111356024,0.00836260650160683,0.008397620425944318,-3.4038317054223746,-3.281727920710314,-0.8372298335735222,-4.513897608135119,-3.577058514081565,-5.806115202141366,-4.777268738362682,-5.1602277214626255,-9.363705752001893,-7.858164257058637,-5.9600670113876095,-6.033266932838199,2.776468121597058,0.6229352765303416,0.555411661374261,0.004168422663422604,6.926396377894615e-05
0.023742146106717148,0.01840660648402942,0.004782723295210265,0.0023762962924078882,0.02531442696408115,0.00021005404891028863,0.0009143747977330453,0.10754331256441806,0.0014444434794068821,0.0009383463282077731,0.012263846436124628,0.0027758939217211653,0.010803466540568725,0.011399098919325251,0.027484001193923215,0.01859238415299814,0.02688003050938559,0.007561544252265665,0.00104958704300317,0.0009527781708324458,0.011066000362815024,0.011175755188790062,0.008162532217512721,0.008388093604042373,-3.417224629562592,-3.303804475059283,-0.7913094932164645,-4.655232895859891,-3.569839096812333,-5.6640788672840845,-5.021347951488488,-5.057940230688382,-9.453960876623613,-8.051856437923284,-6.3037280390128405,-6.263001228402375,2.653079131985798,0.6283948302723732,0.5600337048632553,0.004098384193669912,6.649255015090516e-05
0.024360267393267732,0.01759475731961936,0.004439212277781029,0.0024391683115200374,0.02639409923779974,0.00022105279039113425,0.0008289136878151206,0.10360892095058084,0.0014485296799857125,0.0009824304080225529,0.012442069626561428,0.0030006796819733034,0.010626011907675412,0.010505353730104496,0.026804173529390674,0.01929439676174388,0.02836936116995019,0.007516423993665036,0.0009708597365346726,0.0010318048088235588,0.01136566323373158,0.01144507371816482,0.007669239921889569,0.008057528550581242,-3.3175579724424478,-3.262554535423616,-0.8263221057989204,-4.78994234287978,-3.5609233544456287,-5.6671618944487925,-4.735917420629326,-5.241896769476156,-9.952140421406622,-8.452155558159898,-6.135072260499712,-5.894981331844061,2.894937127927802,0.6353476061381959,0.5237299464325199,0.004198235617820802,6.326019141148153e-05
0.024920061094794343,0.018470340291818852,0.004791318634575575,0.00253142355264296,0.02603200327686436,0.00021086448613029653,0.0008880133270187569,0.10857685388592318,0.0014335150733316923,0.0009421943341611216,0.011709610255430115,0.002916332094635297,0.011412789128835449,0.011104944848527249,0.027778969918427206,0.019531845642972615,0.026685527936047407,0.0077689846753559375,0.0010090491865490964,0.0009924926197783413,0.011483699048479838,0.01072072467406519,0.008391188817774332,0.00839352685717566,-3.2553556962480665,-3.2075901567860035,-0.8545542083033063,-4.476329885564476,-3.5143547866770675,-6.107689359462956,-5.008032856314224,-4.948470991579204,-9.878057419375725,-7.832375324219207,-6.4870236902774305,-6.039512637063632,2.7316896267659265,0.618312331995064,0.557391412120249,0.004215685270793433,6.314152684253785e-05
0.023121964456358023,0.01768527932167182,0.00467347636389145,0.0023789106243829127,0.025980453287160657,0.00021735291156861825,0.0008589887827321544,0.10494250726727979,0.001338625082094072,0.0009879181046776953,0.012653191909476244,0.002762669233089195,0.01113044520874918,0.01047412589341178,0.027422659210649163,0.018274154347406837,0.028826003257218045,0.007496142738631961,0.0009807093681746403,0.0010253617843150084,0.011333508042020116,0.010662935769537767,0.00819823684186677,0.007952308106238853,-3.4639731952280277,-3.347435762461515,-0.7961849062552727,-4.42096399274849,-3.3523730056701657,-5.741701365466619,-5.066095765677361,-5.356126786592115,-9.55585318464198,-8.275962367080623,-6.36847181616906,-6.084352649822833,2.840614100225487,0.6069183356202327,0.561663796544282,0.004064986965301024,6.32944539708189e-05
0.02434586963104246,0.018898191801118073,0.004431020028068937,0.0025042375443788422,0.02663323281353981,0.00022015285275650347,0.0009114026441516116,0.11199907761750266,0.0014646333569466306,0.000973921291552909,0.011759622664385997,0.002895439993925063,0.011027442650695232,0.010720769996437483,0.028975661019417214,0.01905936725238577,0.02732020310492585,0.007187451864149215,0.0009516673210315276,0.001001976676323201,0.011221793552725217,0.011130634699149673,0.007768034184361628,0.00826778607911923,-3.300263058934485,-3.323830610582249,-0.8000300131161004,-4.777611176593167,-3.5923955990274115,-6.054871247857177,-4.857873541613912,-5.066612211513206,-9.389375917405406,-8.365875207312984,-6.159921065288252,-6.393879293778296,2.817912083495529,0.6236452120775828,0.5373983862844516,0.004230204246946879,6.713749546554518e-05
0.02455941696769873,0.017798699501129077,0.004639050428431243,0.0024290557909319777,0.02570490877736801,0.00022118369297273913,0.0009053634473198258,0.10429530684651087,0.0013530801301795306,0.0009360714414201467,0.011559667859953514,0.0028591760600111316,0.01139589586281885,0.010788626454158061,0.029264581763784978,0.01896884455654838,0.028743497905864557,0.007366890700794378,0.0009836636514109728,0.0009860930918688625,0.011061582434378653,0.01105522773281597,0.007865324449145105,0.008097448350555151,-3.2044627516323514,-3.258222528445242,-0.82552059658177,-4.461487813702936,-3.381592020605998,-6.069734862561718,-5.079571064638829,-5.3903921394237795,-10.12388123850797,-8.186292806492329,-6.347862487780009,-6.491933344086973,2.9062990793446724,0.6293962161928763,0.5619491789387268,0.0040386739820184045,6.889059991598353e-05
0.023526805166506678,0.01852550989439495,0.00468838465564214,0.002393180340607327,0.02611789800531601,0.00021783819904328794,0.0008754834288740472,0.11443121324969012,0.0014283262255122477,0.0009577643129438565,0.012591578464366102,0.0028605826704255393,0.010904210292584949,0.010707609987566287,0.02681942138006181,0.01948024476263392,0.02861478101864457,0.007268281969906933,0.001000341015444771,0.0009835562383202431,0.01147323564774657,0.011157524602368608,0.007715129538333184,0.007846710385131461,-3.469087773497324,-3.4491307744451527,-0.7842664475999302,-4.633138609208483,-3.6066836637545143,-5.7708581243358825,-4.73731055597027,-5.306977712654569,-9.349683677261824,-8.277757413430864,-6.061626822192308,-6.477024023538446,2.7180060588751145,0.6369477702566978,0.5614281350044359,0.004025410493476648,6.772236816411241e-05
0.024867348833113943,0.01805274134127783,0.004664607029346797,0.0023731090694399347,0.025820385061196105,0.0002281852412898512,0.000875632776775884,0.10380082046485824,0.0013817232956199492,0.0009451737394185543,0.012078069441783905,0.002963210827783574,0.01065116468703512,0.011183732729669639,0.02791957147108632,0.019799852093964822,0.02794923801196871,0.007770234939765374,0.0010099803028166803,0.0009795294346319886,0.010551987515109894,0.011498343567004174,0.008158894672901821,0.008181674272498673,-3.445407869734829,-3.4126234542317846,-0.7796713284647918,-4.772318129903494,-3.5622570749776457,-5.617651208375044,-5.0820161924755745,-5.327058798900877,-9.766580283207349,-7.98821393114096,-6.149349696222963,-5.996163889218318,2.732796674159153,0.6477161680858956,0.5211354917552252,0.004126208195761615,6.34175886644103e-05
0.023868138904754938,0.018339427212302275,0.004749938979440254,0.002592459197623012,0.02588115292642955,0.00022982143204194422,0.0008644679518435165,0.1060398117237662,0.0013306647321171714,0.000964463254031274,0.011604484965779444,0.002957741978334802,0.010540372286732037,0.01066641330653752,0.02795321016535878,0.019889877850607033,0.02861726298987383,0.007465841584413665,0.0010021286162350002,0.0010152345037891647,0.01073170920135557,0.011392219673648837,0.007831717525601347,0.008302250069185045,-3.3095474076773153,-3.2575354550849753,-0.790893688257466,-4.725092500127718,-3.6013415553841313,-6.135714303651234,-4.786134243505372,-4.904568383525819,-9.514394168547723,-8.230849997043837,-6.450125219777228,-6.363384447359942,2.716975054104702,0.6253507552807761,0.5618443579564556,0.004063253797215211,6.327746078556605e-05
0.02453916576239411,0.018454193922285665,0.004771417202994418,0.002440682588689336,0.024805138705931595,0.00021198022609926788,0.0008592010745666995,0.11040663225312987,0.0013895101597540278,0.0010025105493743464,0.011922921711489556,0.0028343599036133333,0.010779504564933463,0.01057137000325161,0.028149219378349164,0.019702244840454616,0.027925477095969937,0.007339327485458079,0.0009984917297471633,0.0010174240603468645,0.010482296295953408,0.010945196784048051,0.008349476804844021,0.007884251415802533,-3.1939333591063863,-3.1525031946765214,-0.7899874358030942,-4.617571696398656,-3.5291338569280315,-5.997327599963024,-5.014312799261964,-5.196391868879248,-10.196717575280685,-8.004652260173112,-6.302325485293008,-5.995883076890206,2.891281258960671,0.6350450283841638,0.5277237217688887,0.004048638070062492,6.892118414944187e-05
0.024143320688216084,0.018238184365355393,0.0043829171478516294,0.002544232825322507,0.02700757908131045,0.00022974539455128843,0.0008695933175371988,0.10522206271487518,0.0014031459823279327,0.001013472552680033,0.012282142962624469,0.0030184909388522555,0.011380038616854403,0.011034955115549139,0.02750967307990443,0.01899960488749573,0.02879870680741608,0.007801349415976509,0.00095316729666898,0.0009994400692340593,0.010587988711314104,0.01058230478759754,0.007781412409326448,0.00794162962518785,-3.432708368942789,-3.2333267122001934,-0.7876151393829957,-4.836133672848041,-3.617476342218769,-5.9296548752638225,-4.893652001056544,-5.325219241670586,-9.277047018017567,-8.471694171221102,-6.442198748086871,-5.976270040602017,2.74164137644634,0.6217189536948474,0.5317647826272599,0.003969865161957088,6.48703521881934e-05
0.024001583257195584,0.018243589472089042,0.00480172832689376,0.0024379195853486304,0.025666425842329962,0.000230975393196498,0.0008585170125669513,0.1073969260139585,0.0014324236671303745,0.0010174130687311952,0.011614253554881503,0.0028187843433584627,0.010807189995704295,0.01082600173773345,0.027519764549720906,0.019821344917051616,0.027833466651989824,0.007385128987492775,0.0010342102618128327,0.0009809308615571731,0.01154123855211587,0.010577925150150384,0.007877129321230239,0.0076697426688380485,-3.2246591142567005,-3.36395560045852,-0.8148142195535704,-4.795139460374259,-3.282507420538196,-5.6261124365070545,-4.8163055290521335,-5.250424409852078,-9.98329491164898,-8.59456680427036,-6.207216635889824,-5.9205713791611965,2.7949089891033996,0.6227396600767252,0.5388329878782406,0.004020282897291431,6.442193273395752e-05
0.024586742110689258,0.017605745347127385,0.0046571251286933865,0.002504048114623908,0.02626403273119811,0.00021873966869845842,0.0008424433749723991,0.11325470856153753,0.0013635566439981603,0.0009472580390940865,0.0117448752438843,0.0028634358153465968,0.01105454964125863,0.011527173481047082,0.02736081332827322,0.01950651894412492,0.02857162161901421,0.007815847908215625,0.0010335710955290923,0.000960075867260653,0.010705062401811502,0.011076145213925838,0.00779120262900943,0.007841767988900806,-3.1777679401651677,-3.2167392145295284,-0.8177874007231998,-4.863164004017859,-3.291152356533167,-6.134658581294584,-4.9221094860951276,-5.259232695885994,-9.347764417200302,-8.565656458558811,-6.1533723161361085,-6.277204788700704,2.783052928050017,0.6453929670123982,0.565638215215184,0.004208151129530872,6.27708544000404e-05
0.02484852042003559,0.018033517826808485,0.004703503201677607,0.0024969901510398023,0.025177153269318332,0.00021664013081214027,0.0008490177515360124,0.11038087530800622,0.001423879003441785,0.0009982107799933577,0.012647918858041608,0.0029520893266954708,0.010882057869211521,0.010786757548281943,0.02939154332003275,0.019514110987175953,0.027061729630992962,0.007466733035599344,0.0010224414340474538,0.0010299049614240542,0.01130190739122123,0.011505878317153686,0.00785142798913797,0.007820565281917028,-3.2644998791568107,-3.3881419271419024,-0.8291256419356606,-4.804893498303663,-3.528549802598741,-6.056800775041585,-4.757463239409658,-5.056001442360191,-9.842623140584863,-7.8984850898451135,-6.305766476810654,-6.2895487640157555,2.7751822503214676,0.659310943474595,0.5523218294172466,0.004062331453386072,6.596046104844787e-05
0.02384733817066308,0.018208589348422843,0.004772396780177496,0.0025758775037937292,0.024618934919579987,0.00021742007120167576,0.0008489323992103442,0.11021098340761162,0.0013750225228778173,0.0009741506488774365,0.011680300492103009,0.0028710625362859924,0.010943759838921615,0.010911021422458787,0.027709619004847287,0.018771306133081072,0.02753309543512231,0.007844452151916663,0.0009524250505240026,0.0010371300674900312,0.011114699462350844,0.011336030283115075,0.008141578949256859,0.008315352723528555,-3.373237559097472,-3.3304319326930134,-0.8075556441290797,-4.83222831328942,-3.331656619574025,-6.020584482701345,-4.909147992712415,-5.09204782447352,-9.912988530305697,-8.061604001506103,-6.209014390642977,-6.270648313333579,2.8814488756042635,0.6294641026585576,0.5181880842161373,0.0042098489762735,6.466983150257628e-05
0.024933571598939736,0.017443548068762183,0.004584621691990441,0.002449394237320966,0.02616766421963271,0.00022279161856992978,0.0008493860667610276,0.1066223248720875,0.001422381477693501,0.0009792204329943965,0.012119276111382419,0.00297005709434223,0.010772063934039282,0.011337521947791557,0.02919000308680227,0.01937402584205623,0.027040410909324,0.007330213221712899,0.0010039764937845774,0.0009752048090082115,0.011368310862338802,0.010560344456227732,0.008364613136225342,0.008165932122878205,-3.4165813579385746,-3.2161033054648502,-0.8454734507190267,-4.460188354442191,-3.478471930272047,-5.732227908099529,-4.953588272476997,-5.222020640283596,-9.437112711598536,-8.082061436143517,-6.216308184242017,-6.209361583097212,2.786049901436764,0.6614287110967758,0.5422088663918071,0.003930033598032839,6.630953485418295e-05
0.02275667056267125,0.01782076107503018,0.004787482682734159,0.0025709447502124897,0.02553085096758669,0.0002117600424617406,0.0008503203025656944,0.10412482325096158,0.0013827043685715513,0.0009474133465126488,0.011621163386483972,0.0029445197056371837,0.011416050383225693,0.01114446175408751,0.02760730212226104,0.019384777805927875,0.028158103862066255,0.007425496209740004,0.001038752554795441,0.0009834330986102462,0.01076030367786488,0.011210126886601798,0.0077387058601919665,0.007811053442731605,-3.267310302031921,-3.196403826124529,-0.8451464140231392,-4.703048069257188,-3.3805866280873076,-5.7032928452287965,-5.020307785702819,-4.9661861840337025,-10.000532150147462,-8.581398554918344,-5.957347762391237,-6.464168704629279,2.7574942401745273,0.6115741991658796,0.5345317429505515,0.00386108351926028,6.7295432741689e-05
0.024893988934029335,0.017353758773148174,0.0045886080716062705,0.0023769921745290783,0.02649694665466804,0.00021215113946401656,0.0008545309445138272,0.11123000385319882,0.0013417579761111772,0.0009914564023240052,0.011529757761902857,0.0028545232858964934,0.01116011194714768,0.010998581899638565,0.027917092290796308,0.019115163499512585,0.02757466385891756,0.007170491386359181,0.001006285857519078,0.0010405038535720194,0.01132768191924193,0.011105665077579794,0.007813714907035873,0.00766703897663082,-3.304495088826068,-3.249350912428295,-0.7901453895164393,-4.804328874666488,-3.6184105029732034,-5.963230171432273,-4.995168602736137,-5.280007831490401,-9.44544004579393,-8.517847074958576,-6.424863290814508,-6.427186150868013,2.8600032731373366,0.6395230660463908,0.5295033652707021,0.00387504373499931,6.806868035200036e-05
0.022819269391142146,0.018209679537261297,0.004668615946009653,0.0025260109895934336,0.02611134714618802,0.00022215236431103236,0.0008460305700886446,0.1135597465181326,0.0013337145094531586,0.000948085266250146,0.012283059462207781,0.0028721191934736397,0.011206801980573795,0.010580640690654878,0.027352825332466593,0.018296988126922115,0.02677322295275417,0.00738634395312619,0.000986749701805874,0.000995289348395514,0.010709344912228969,0.011170696587692854,0.008029526653923437,0.0076077316954721525,-3.469418435802656,-3.17077858837841,-0.7859555520994361,-4.83162031140691,-3.368163172078953,-5.715141762326111,-5.0091303047074085,-5.034152061562343,-10.184556053634788,-8.20857631172816,-6.313688731641817,-6.493238975299809,2.6582197929952325,0.6541618260326293,0.524545551594334,0.003976867791968246,6.496870178076048e-05
0.023775284255399633,0.0183047939971841,0.0047528283331988025,0.002550701504570529,0.025125736903726978,0.0002107780869379938,0.0008917970366879029,0.11264489056100482,0.0013466373313179548,0.0009915502022148945,0.01206819657695093,0.0028588293167621714,0.011299487243907886,0.011066152259176986,0.027382097444274223,0.01811422960395849,0.026952349143708476,0.007632348462335223,0.001034584691482411,0.0010426821995490655,0.011010004241654521,0.010579731837974117,0.008342000449564754,0.007946991543135731,-3.1727840149221715,-3.242309252549963,-0.7879545814840727,-4.748988247436829,-3.405205466166727,-6.1239122355729005,-5.057965552830859,-5.215854062669861,-10.025700543306273,-8.378828986888273,-5.989893596251949,-6.167640288362326,2.8094744556819453,0.645297582038001,0.5497464084104959,0.004013528886573329,6.925683668696016e-05
0.02270338650056787,0.01807270533966101,0.004808371643223708,0.0023577737161789136,0.02601852378830538,0.0002239457097140003,0.0009132941193778878,0.11110846635097515,0.001351143680650594,0.0010077548593372854,0.012294040928031505,0.0030385317008327153,0.011064485325476433,0.010761689055118772,0.027462678978320325,0.018457020607447024,0.028285203914066366,0.007642346221230085,0.0009853251136075333,0.000982407853124636,0.011005794223087338,0.011199430191239848,0.008085895689144253,0.007957162968913353,-3.494401893968085,-3.3893198117944614,-0.8444481099556723,-4.583906028938886,-3.2907708596480183,-5.890320327110898,-4.756375073982754,-5.1527327931763764,-9.546385658726111,-8.101693872867047,-6.15260295330592,-6.354153911671124,2.914756718223321,0.60789739680705,0.5251286209371069,0.004078938872366891,6.587757595362967e-05
0.022710321143745237,0.0174122501992774,0.004766193113683023,0.002354421125563211,0.026225502967126366,0.0002281386373705563,0.0008708893494230858,0.11219881788401269,0.0013344684777214684,0.0009354449529949934,0.0124985719208524,0.0029991322990473622,0.011001453448055962,0.011412423817115302,0.027819520519272563,0.019904763256268193,0.028883813111742485,0.007782865604356601,0.0009764701483049975,0.001029596932210156,0.010833588240777323,0.011094819604830487,0.007975087931130163,0.008000842035411664,-3.2635392535726653,-3.424053447669848,-0.7831791230822323,-4.820435298693286,-3.45007560255319,-5.791302290169618,-4.66717196825429,-5.2064993684319525,-9.753353650331848,-8.234260340403365,-6.445803248261625,-6.305886890348635,2.7234038015446806,0.6479990633048713,0.5364504570324915,0.004132500414046294,6.758274397364497e-05
0.023400714641193796,0.01799764296887216,0.004759389381792939,0.0024209273954379825,0.025028039044352385,0.00022791246274859824,0.0008534404420309903,0.10392244111705201,0.001452346147732593,0.0009362831748154375,0.011989710349378097,0.0028840535762729032,0.01127374832515434,0.011202305427604514,0.029329054660711125,0.01953493384874679,0.0271466878959435,0.007706845083670747,0.0009900086198510094,0.0010410617447672483,0.011288345142647045,0.011213972152039623,0.008012366724287293,0.008069474982335826,-3.4910183485000466,-3.315427218631226,-0.8510088790154047,-4.7525413684204745,-3.3180019223895143,-5.8298404514340465,-4.955343136691734,-5.049423261606001,-9.6591183320616,-8.595427370272418,-6.164295349077765,-6.435682861322025,2.8781102667010177,0.6286822145948918,0.5568943849842348,0.004106559674313286,6.609376636423887e-05
0.02313091104116758,0.017766441198216795,0.0046991824612331754,0.002520410628526476,0.02591315536954047,0.00021052003512894544,0.0008864501855411781,0.10944495440527419,0.0014308302949124071,0.0009462557709029057,0.012409612463786055,0.002798853849162971,0.010508126089959458,0.010982132874500089,0.02860320956400937,0.01808052005541738,0.028981879763244282,0.007530945469833721,0.0010258644941137764,0.0009734213955925597,0.010510531505934373,0.010944111542890675,0.007819963871755677,0.008399524661924816,-3.387218974049057,-3.162693927172294,-0.79666092153654,-4.790906282610638,-3.551043031866887,-6.176941609983519,-5.0649251705803024,-5.138700442492834,-9.4186703117587,-7.843239286028897,-6.48068621443881,-6.365342189360786,2.74284552930121,0.6221275453380674,0.5470610103988077,0.004205985003246433,6.522437942984616e-05
0.023899529705748317,0.017940312188354176,0.004766870683881241,0.002464177407209017,0.026530509858783573,0.00021695109085218044,0.0008626651112806547,0.11439411995343281,0.0014430276731458428,0.0010018276703022944,0.011783032482337967,0.0028014870855441716,0.011342380936358363,0.01140449902780341,0.027335813050808004,0.01965586453640026,0.02693126921917016,0.007411014846411697,0.000960550895217942,0.000963446461508472,0.010518317219228817,0.010827246537155255,0.007676628635928977,0.008135742345399237,-3.41055562761166,-3.2165769229156327,-0.7869483122173843,-4.759639793453297,-3.3310192733398196,-5.990510196240344,-4.976659788587016,-5.269692852872627,-9.886970785467852,-8.24973563738288,-6.411930441477435,-6.319371739752111,2.82140775654279,0.615747873777108,0.519841084529837,0.0040438588886066,6.530661012973236e-05
0.023199995637498957,0.017709003773697062,0.004456935175558814,0.002590736992926769,0.025011550741732058,0.00021936774817891107,0.0008690950986135846,0.11303631366732048,0.0014286862746643737,0.0009220425079573718,0.011616790090057531,0.0028238120963325676,0.010836120518148773,0.01049495321818678,0.027756025245621672,0.019582698659560808,0.02864834027741339,0.007719070403088304,0.0010043141606101908,0.0009651270163170932,0.011324239256459187,0.011276299131674888,0.00802435432117455,0.008187883451294982,-3.3961847757862684,-3.3504471649993826,-0.7906322853764586,-4.6546165162594315,-3.322518493198189,-5.919888991584386,-4.889430018506388,-5.1949408377442845,-9.911324186389535,-8.56282436468284,-6.463685853295114,-6.387473576485993,2.7996685203346896,0.6122715178652899,0.5648294757390996,0.003869466178067436,6.88260598869824e-05
0.024596050852198674,0.018635213859748683,0.004437948778394973,0.002595189310383154,0.026649535645184994,0.00022924187979537374,0.000899976775344388,0.10973729425972706,0.0014478089699063073,0.0009858161980932667,0.012041028824683452,0.0029374474744191534,0.010613745101479855,0.010870272651822204,0.028425669772625183,0.019091502091340584,0.029018245446603586,0.00713654204893374,0.0010228632103655413,0.0010257369253074756,0.010839910044323829,0.010781080793253671,0.008143720175999921,0.007802851531140346,-3.354065215270204,-3.4770704837055653,-0.8160652117056085,-4.752120976659279,-3.3687066733478033,-5.618913478435389,-4.967871000382043,-5.192579149946258,-9.440014570209552,-8.532661133434972,-6.016746814554969,-5.981136898189477,2.890715375212817,0.6511909329381418,0.5378665303251392,0.003988903447771962,6.707729847355564e-05
0.024482288994940482,0.017422137572977735,0.004699698147892078,0.0025323940297637747,0.02614292976258866,0.00022472412278484334,0.0008784517396113643,0.11188200712069997,0.001430501471376681,0.0009654318529475293,0.012563048959343166,0.0029880724328180805,0.010594030154089011,0.010943365014392926,0.028464357058027672,0.01973546336299544,0.029127778609993122,0.007381934849125003,0.0010378901610511213,0.0009538400336586421,0.011313332985767484,0.010964021689841333,0.008113228990902666,0.007972237285414269,-3.3367281465078924,-3.3698514296264603,-0.8033108152886195,-4.558029271323625,-3.4954790310340482,-6.153298602912538,-4.921150645460149,-5.195610543129104,-9.591019333661317,-8.019349574879788,-6.201459311535431,-6.154523726845072,2.8395549685517665,0.6546542363879357,0.5189768536920791,0.004237128445298699,6.918308019864001e-05
0.022812563113986477,0.018095942015976293,0.004808580511913992,0.0025144354227277245,0.025191880842984637,0.00021135620769591434,0.0008478890467257285,0.10969075645560773,0.0014528289731304503,0.000980916865310515,0.011867273046345342,0.0030164085529465795,0.010848581142386586,0.010778917562152898,0.027201374438776127,0.01951572298890698,0.027210335677541622,0.007245059569011536,0.0010034474433739098,0.0010465203754068259,0.010842518755608089,0.010684502286743693,0.007674783261067758,0.008009728623491386,-3.1993347750571983,-3.479994141886788,-0.8484684401577438,-4.643764924918543,-3.4814614448324788,-6.073456081426687,-4.750924800420119,-5.037454357781283,-9.543410846096284,-8.609731794582661,-6.450998608006393,-6.136905958292622,2.706024703847316,0.6370693602400718,0.5603493507291151,0.0041246013546799125,6.816912730447964e-05
0.023174637572995312,0.017566323834549438,0.004706780509755095,0.002499853068481948,0.02567621099820254,0.00021605627816741302,0.0008623660281593166,0.11084007328627013,0.0014530917833869379,0.0009988348516029241,0.012242863837664576,0.0027695257990798484,0.0109013890450933,0.011505110076971184,0.02736453824691183,0.018266883559173816,0.026773982634740765,0.007233282119578542,0.0009763144051727127,0.0010475405562378225,0.011522186698338778,0.011526545691715856,0.008160669710735905,0.008249396656548755,-3.2270984684465884,-3.279733630798979,-0.8552724317669105,-4.584549983555902,-3.6199698329425685,-5.883587345743478,-4.8408861905511875,-5.389775260298942,-9.636469374962465,-8.214485455944288,-5.919060979339278,-6.003630252756488,2.7442302056810646,0.6066508631821546,0.5197555929753955,0.004224606403648111,6.511419883319176e-05
0.024839464042013534,0.017609444200643375,0.004793894243398986,0.0025421748368471215,0.026985276241053173,0.00021328796785995995,0.0008818757439385907,0.11203542301830716,0.0014376190321208919,0.0009379222814826026,0.01230600244140244,0.0029923514192018727,0.011536157020650355,0.010541853195788225,0.028170540938724592,0.019158017899179307,0.02742979633406801,0.007439899692529375,0.000996549531491217,0.0009621375862294461,0.011085969994555954,0.01093311755905553,0.007667058893500166,0.007765276336104222,-3.272945364434049,-3.1833050502733804,-0.8193958750948825,-4.7873812540676655,-3.565538507374959,-5.777582532432714,-4.915701585388186,-5.407000890933009,-9.339614010992854,-8.352850325389358,-6.016087683609705,-6.322278378516968,2.7519232194539325,0.6085012501940851,0.5552700079001931,0.004205012295794697,6.883679835467698e-05
0.02405762309033954,0.01838862264844066,0.004823710602864255,0.002552563294777321,0.025789136895677172,0.00023037056788175446,0.0008613276461543875,0.10484548699333754,0.0014419779943689959,0.0009951299572510245,0.011651601558521595,0.003039981781133324,0.011030565082543709,0.011541568993313111,0.02714674897715592,0.018302429166186785,0.027997149840996875,0.007121060471508092,0.0010194861300546897,0.0010282075303498237,0.01129609108636568,0.010496097695989647,0.007984386505330756,0.008378103085673352,-3.2319184915143135,-3.3865540051379117,-0.7892847428528739,-4.602842503089365,-3.443161035446912,-5.75668266594354,-5.015377850374127,-4.99956713566945,-9.410048717044415,-8.358997049505394,-6.115210995873168,-6.155719958548934,2.7785941080958616,0.6438126770989797,0.5583504991002901,0.004084212705264166,6.716511905244496e-05
0.02267746126916715,0.018143264512592246,0.00460261304051805,0.0024659830071264567,0.027079683915694427,0.00021224905585075438,0.0008300381390596343,0.10690268110805214,0.001457944707880153,0.000941926567914927,0.011864755540590553,0.0030030608750581185,0.01150705601636201,0.010457755243384438,0.026739567020621226,0.01918827943780325,0.028506223324216685,0.0075171300399725395,0.0009709651280355897,0.0010469636190665564,0.011475684598267304,0.011008578869406078,0.008309449661173583,0.00794112858694392,-3.185120605611517,-3.2673713064452685,-0.8188516978162351,-4.68838818914424,-3.3130071606464475,-5.894137934590218,-4.953870499683901,-5.16750149608578,-9.461071901795572,-8.09339585796793,-6.360222807562131,-6.235972195512659,2.870276389191175,0.6491740507340883,0.5666637843201672,0.003941183529366116,6.433316380492615e-05
0.024124565753333698,0.017448867432331754,0.0044781720963613,0.002385505550843587,0.02713526111352842,0.00021726531584165458,0.0009110915207272709,0.11183825415433511,0.0013560912421045248,0.0009476829562227721,0.012464902713292722,0.0029498864492181953,0.011424760591591374,0.01078507243467713,0.028516320692573423,0.01984581930451399,0.02878424021914551,0.007175960496137995,0.0009504478520088849,0.0009704963525039989,0.010591796050317542,0.01086687410172946,0.008106528448007185,0.008172156146272936,-3.4142932740796703,-3.195777762824873,-0.8272092593956725,-4.504376167011701,-3.521833721450828,-6.114080139256108,-5.074736100576227,-5.172538768823903,-9.986385743348208,-8.181917299301144,-6.123113866677472,-6.331983906136307,2.864147946155482,0.6065793177895201,0.5503164163607179,0.003966398689185056,6.598115905011152e-05
0.023222952864974413,0.017260087044523625,0.004621640081575055,0.0025017272331835237,0.025916826951709042,0.0002224536233864201,0.0008953091378474427,0.10775308013410044,0.0013507958186155836,0.0009639247756089812,0.012422355402703372,0.0029788783512083093,0.011061273402569903,0.011356607269819801,0.028148087259045676,0.018090492905819818,0.026689299739985947,0.007805963348352099,0.0010231486670157666,0.0009905777953158328,0.011091623916466564,0.01131737121403307,0.00823501178768822,0.007997506250811828,-3.280670928468204,-3.344771978261086,-0.8026516414767032,-4.597534483194323,-3.5274488029898032,-5.835854612381613,-4.916377096980419,-5.131398900598903,-9.521485595864897,-8.257929373947809,-5.978389152706402,-5.891582967426815,2.7426428684029367,0.6340681683305058,0.5354669726800482,0.004169291426448939,6.495552619390861e-05
0.022969628513210553,0.01819213481426498,0.004801393347286917,0.0024672192334718453,0.026998400564450596,0.0002192371736133954,0.0009114739663383494,0.1055841748310648,0.0014294018224065288,0.0009520957371804944,0.012694804986718036,0.00303811805941442,0.011528384729168405,0.01110949175212416,0.02802707806212404,0.019465708585834754,0.029232264757213217,0.007720029648133148,0.0010382866737547814,0.0009962885833296067,0.011041313462234742,0.010839315846767363,0.007786688029748681,0.00808928349332886,-3.300828690396763,-3.3633627920124343,-0.8146150826983676,-4.45725132588422,-3.5908487638112714,-6.137716851330444,-5.043307536265086,-5.324380942910598,-9.255490978757141,-8.094430751885461,-5.939247689476437,-6.417744879286599,2.678151553269139,0.6189359594119213,0.5592306708263802,0.0039813628148177025,6.413215168535831e-05
0.024922780196420725,0.017470405744280076,0.004503561507875889,0.0024885285606681897,0.02533097856638743,0.00022393767595970933,0.0008763540944695553,0.11413222633417583,0.001390181876563297,0.0009839529713531758,0.011541703716059708,0.002948309890146908,0.011411089368629189,0.011231562282467758,0.028665211479749184,0.018838718154364102,0.02831113413455111,0.00725351808735133,0.0010301464356383587,0.001017600138442092,0.011112554379694219,0.01119315060095143,0.007980101345561161,0.00794400004551225,-3.354574923598891,-3.3083032073489043,-0.8549231749827845,-4.666146092027697,-3.332384039151706,-5.751652836057122,-4.949820037361511,-5.166963620918985,-9.748279486097092,-8.196581084184627,-6.000713373362048,-5.96979274212449,2.8252845227462227,0.6236793822210198,0.5278179067797594,0.004228776520860675,6.381481959268313e-05
0.024466417975603522,0.018155323696768727,0.00471808499709201,0.0023541330115345828,0.025862871322014334,0.00022616493054669336,0.000915318599360375,0.11388972709841873,0.0014513000660289434,0.000980062905726714,0.012017737705162224,0.002952440210403278,0.011181634179730771,0.01059622397259539,0.02854996452848446,0.01830374902191747,0.026620834179408078,0.007657252738020433,0.0010176190947364784,0.0009864989071041415,0.01048315136817052,0.011290302359786062,0.008296849545694948,0.007831763149877437,-3.3767985385176864,-3.4192192307787543,-0.8230330667028968,-4.623419100661814,-3.4745129591754096,-6.044548979908742,-4.962971478694584,-4.9947364441188675,-9.462081190847424,-7.8851499123192825,-5.976365559248885,-5.9617583157075895,2.852793491766758,0.6092171509439673,0.5500731853873706,0.0041738919372536895,6.661472757395541e-05
0.022886018085286234,0.01806094116109834,0.0046760069781608855,0.002475763336639368,0.024724368403030363,0.00022467886097539107,0.000868683190073763,0.10734364885995973,0.0013558123155661993,0.0009561280985342162,0.012104922411511317,0.0029890009653187398,0.010493920166497018,0.010883261269967165,0.02776798987791053,0.018363114900444323,0.02733152167954826,0.0076878125526394095,0.0009848709417997334,0.000970765631497963,0.011360444993361926,0.010532414284518347,0.008327745754587917,0.008026208834981176,-3.2986959723302283,-3.1805839908795,-0.8400366325840285,-4.4470089713146,-3.303809722448558,-5.714599565944672,-4.842607416585787,-4.96946802815702,-9.667198139592978,-8.139928546734783,-6.080426386897796,-6.190195996633269,2.919475202293922,0.6537572087913921,0.5633406914306371,0.004097773535293068,6.567069873862668e-05
0.02292934638684612,0.018495066613627518,0.0046199309709355155,0.0025070219969512055,0.024848615764552006,0.00021786605681598474,0.0008284431023122472,0.11403056166979243,0.0013747536567660246,0.0010063101978881213,0.011570730114428187,0.002912698864589203,0.011180850983122582,0.011142394657899863,0.026624361571706355,0.01904884016920875,0.028889337240156146,0.00783850561877651,0.0009751065788477554,0.0009917732556098742,0.010604669709559178,0.010609188180242184,0.00827486198648494,0.007616516331242508,-3.2845712958314146,-3.4287221153666554,-0.8427361312601098,-4.744480496502978,-3.4996742603972035,-6.14308016443045,-4.815162541652163,-4.994123871985555,-9.306463044849622,-8.29131381409853,-6.213300158645598,-6.1007787120420405,2.696627052038776,0.6343624463807369,0.5345781731865151,0.0039029482814436287,6.56506458899614e-05
0.02389336311564737,0.017689131546742873,0.00472409919232303,0.0024871508002108594,0.025000915631032638,0.00021994250487208602,0.0008951317464567688,0.11256935651546743,0.0014434896342870006,0.0010123192510458142,0.012345175180363727,0.002870251890496937,0.01118876141592794,0.011104100788149098,0.027906162637478735,0.01891709465945979,0.028091286921504435,0.007321276072969308,0.0009604482163715982,0.0010054065130284749,0.010602890897544712,0.011543344630359983,0.007967449493774769,0.008370278227579577,-3.261787542728914,-3.21039494534002,-0.8126302170619297,-4.74565598614965,-3.5014940371733307,-5.888151780180756,-4.637386952252261,-5.36547538272406,-10.151599471885834,-8.320148102302813,-6.448148461634241,-6.468697699572981,2.8247719660274404,0.6593940392885668,0.5590028556731286,0.004026746224673705,6.838322137383914e-05
0.024910239435814517,0.018543674804252803,0.004441155059006493,0.002468213091157944,0.025691527125953934,0.00021230184896895175,0.0008651631337450615,0.10548114829287221,0.0014346445357171853,0.000981252395284361,0.011895383709326827,0.0027766532389700473,0.010619032807476633,0.01056551824305118,0.028233917348196524,0.01837386809197699,0.02761335722099678,0.007635510604050955,0.0010413051730567358,0.0010498732909052643,0.011211607666266547,0.010873928404595102,0.008250382212716116,0.008107755355519795,-3.227268990802654,-3.3618312981110394,-0.7881076178832632,-4.496595217772004,-3.364954461482372,-5.6628135371572865,-4.955077036226679,-5.131614200427411,-9.352533472876406,-8.319709580561875,-6.462823515922736,-6.472264744718691,2.8945885752058538,0.6463015727079359,0.5362840950614388,0.003962372270826814,6.640815788363e-05
0.024600447126742055,0.01775472959287947,0.004626207558798993,0.0024544025319180145,0.02484128809162961,0.00021682680510804207,0.0008619711915856407,0.11139161057904513,0.001374540452796787,0.0009724346520124602,0.01225047064648284,0.00297711795463238,0.011305084704289332,0.01130763255860489,0.026875892959772666,0.01973370161543237,0.028489187861225628,0.00729605048359765,0.0009628567281457888,0.001006415395731762,0.011267303507400262,0.011018372805279435,0.007964230778635274,0.00786399957100306,-3.4676583567465977,-3.3666144834416536,-0.788646737112945,-4.782152739706339,-3.563015315446422,-5.834703883312088,-5.045187283747881,-5.396704531626643,-9.720708284032899,-8.164474215428859,-5.903891763568281,-6.056342338353079,2.86168741810751,0.6035559000138535,0.5152586557082681,0.004088073513072831,6.876473835411564e-05
0.02329329865773941,0.018818290633705232,0.00478690513370205,0.002584286649571687,0.024783590980610396,0.00020973136018921572,0.0008331809456616833,0.11227931399243424,0.0014064285168587179,0.0009525495585154598,0.01231214186889013,0.0029655014017454396,0.010565733992678388,0.010641159345049422,0.027310639318535425,0.018138751190828466,0.02896061444789169,0.007340915152956442,0.0010029578281923906,0.001003248898236217,0.011388820142062953,0.011254237144328178,0.007644313526768459,0.007829492443165763,-3.4672088212436973,-3.308995250940771,-0.8413333010105607,-4.770711298892498,-3.319602128993603,-5.667931971468845,-4.795253587756391,-5.095504660853645,-9.843721765359048,-8.584708493072108,-6.508223651621911,-6.352846341909475,2.7693785973728744,0.6607345342847213,0.5542573628262891,0.004261383881989252,6.512313851359444e-05
0.02442874227949495,0.018102397520622128,0.004589983026439003,0.0023602644951226824,0.02714370911211154,0.00021427731829401882,0.0008336795018754231,0.11275300712147836,0.0013316545986998736,0.0010016085982630417,0.011761749954905695,0.002805225311191193,0.011358602605840736,0.01051518449653229,0.02856304671127554,0.019355135632472,0.028547230775825563,0.007581656932168994,0.0010367875045973842,0.0010434839062506997,0.010988788671822354,0.01073515476621465,0.008103263998622988,0.007685814530334675,-3.2757762489319693,-3.4234837993599627,-0.7883228444663507,-4.503624913325799,-3.4901318460122828,-5.927663090300861,-4.872617308703628,-5.113670061027972,-9.89761557197662,-7.894320643742989,-6.060682698779447,-6.444752369922973,2.8823706641709537,0.6254859499803922,0.5467086715852068,0.003952432272475401,6.768960523310851e-05
0.02284354964881461,0.01885644350275265,0.004469786685002065,0.002547593024819775,0.02713152167669393,0.00021633070343670392,0.0009132411580722626,0.10771591566138407,0.0013521340656227655,0.0009831695585335973,0.011961985300532791,0.002895356271773877,0.010813659316461232,0.011136928340597752,0.028189848161504383,0.019457587965835903,0.02749488153625545,0.007212014854993273,0.0010244316787908821,0.0010385923453413819,0.011360948080265868,0.010669313286193477,0.008131931332260797,0.007756882839106382,-3.392954214637264,-3.4815169494864073,-0.8276951087206791,-4.746397944443225,-3.5666230015239067,-5.920649592890962,-4.905569056923276,-5.2295371540766,-10.012626503833825,-7.878865893430708,-6.288775375167271,-6.386774031963879,2.825968456278663,0.652487636223426,0.5181331301488905,0.004261027297165813,6.821021193734818e-05
0.023148643342400483,0.018785107302038945,0.004514151359477608,0.002591371936316712,0.027022382472999325,0.00022423353392329827,0.000904720707769183,0.10657609564067858,0.001437128544361901,0.0009765804150241664,0.011788656105458241,0.002922940087295784,0.010730233467970434,0.01112337027588298,0.027949799968673094,0.019525629838902693,0.026882854084179817,0.007346335241845809,0.0009740263809812662,0.0009998132591951458,0.010639217308642401,0.010698175516146628,0.008306187174744763,0.007877180028608963,-3.320771156494578,-3.3863514697218315,-0.832697929652334,-4.76190784608293,-3.369335304757298,-6.053125559442428,-4.932306991725346,-4.9417747136289885,-9.874506375454306,-8.199347205200162,-5.902681621385372,-6.416469267793415,2.6728282759613773,0.6444253315654054,0.5400471134704342,0.00422938154847605,6.858381768509337e-05
0.023364107936948455,0.01717036448993279,0.004652628270788365,0.002550589970315311,0.02561230484766501,0.00021520516784276272,0.000843991683111145,0.104589095117053,0.0013959634621523037,0.0010059327895427686,0.012051198294459704,0.003042961595944266,0.010467018054164013,0.010835817433099231,0.028258524705246472,0.01809695919838543,0.027346291674612222,0.007562081601094574,0.000964650912744173,0.0009565589650049524,0.011486032137374152,0.011183550301212127,0.007986680661873712,0.007973946464566298,-3.399071781965966,-3.4660329100042633,-0.833906262979917,-4.6593655435075645,-3.6101748139192242,-5.744334302711087,-5.058606187318574,-5.094399087556071,-9.956668267633326,-8.492294257927432,-6.104248518665498,-5.927473553554938,2.681871046196949,0.6444832133607092,0.5145095216202318,0.00407948534884902,6.462174580585446e-05
0.024850162086693325,0.017643534845804183,0.004703168532422976,0.002464682920000961,0.024787363613727492,0.00021416822351562093,0.0009006409814594948,0.1131345428603252,0.0013609835868862218,0.0009660270897493294,0.012023497880701905,0.0028642918450256655,0.011540968684568198,0.011130454785562412,0.027697571906276777,0.019339123937992725,0.028232194836115686,0.007854556711005736,0.001035782324968765,0.0009631873661194048,0.010680207514373423,0.010458296681027676,0.008195170846326628,0.008000055513726552,-3.1942483099067487,-3.4500498400487487,-0.8294889623917434,-4.845272122925673,-3.536356162557071,-6.12069338757914,-4.659478686909338,-5.318192804756077,-9.518375282041946,-8.04035146085711,-5.9980420002462775,-6.5051688788608075,2.7439288867122507,0.6108576730138082,0.5639612983152326,0.004009701011678997,6.395418892418934e-05
0.023337248731717334,0.01790644251618557,0.004740470410875487,0.0024053635338656338,0.025655208543019718,0.00022224548312852719,0.0009033882239400574,0.10686288106064819,0.0013539629920795335,0.0009425070366129298,0.011581775936571245,0.002980094476881792,0.011021923508367814,0.011477108180942983,0.02702792723706279,0.018552151702724916,0.02925368631272927,0.00761315715154701,0.0010487235755956314,0.0010488888466129572,0.011318863839447158,0.011345844990539632,0.008296736823094515,0.008308041700930696,-3.313006711865754,-3.2802041082643454,-0.8361295975462758,-4.567963849764149,-3.407595326804475,-5.7556067963034545,-4.718918260220658,-4.957253476769917,-10.080539793835056,-8.016331243358845,-6.329349067028147,-6.110184009380196,2.6602453506264463,0.6420394412761083,0.5239030338849283,0.003946506293661513,6.383527463011234e-05
0.024628268158847694,0.01780535049139812,0.004689995815636526,0.0024071696698129705,0.026846871737635794,0.00021893931039292867,0.0008874421363871098,0.1073215811129407,0.001397443202506135,0.0009480332553834939,0.012533215122279555,0.0029869066193384352,0.01091636735129952,0.01112512045244994,0.02868204704651924,0.018973540513281352,0.02672965128225535,0.007624623712175364,0.0010477581457978516,0.0010063458603841577,0.010808156544870946,0.010963279780348075,0.008156799534777279,0.00809920756092262,-3.2404703626963607,-3.313314631819048,-0.845117818982718,-4.709437118749058,-3.361246591599283,-5.730946539986575,-5.116805160525781,-4.90650757845465,-9.907578946307051,-8.032276896081083,-6.281964812599312,-5.934236155909731,2.7094038140642716,0.6090200233533989,0.5640551812145121,0.003989304553711391,6.437700766067134e-05
0.024322690155551822,0.018883826837877624,0.0043963865456735475,0.00235949239848475,0.02680474042840388,0.0002164950340764032,0.0009137487986682095,0.10997428775391059,0.0013426822632709476,0.0009769667766847847,0.012463587248625691,0.00289185280134442,0.01121829779670402,0.011426886395031512,0.028767884980238283,0.01967758042288839,0.029343115434529582,0.007150018558879281,0.0009766402890356292,0.0010042520559819573,0.011507183159175975,0.011375083162710346,0.00826920051808425,0.007692004567891367,-3.2599810135174083,-3.327913998136656,-0.8200963650230326,-4.54094476247023,-3.5421971896224167,-5.904343664481799,-5.0724076101311155,-5.369349193088398,-9.749279418565568,-8.382799125181595,-6.421274108404293,-6.103735250018378,2.855844677177991,0.6240408638440813,0.5171452942199548,0.004011479999055157,6.754976855653998e-05
0.02350969454716564,0.01853818976142262,0.004729361930941827,0.0024243172356785804,0.02469319015683212,0.00022146648368454334,0.0008916177985818908,0.11290581344345402,0.0013759687801545946,0.0009563285036535525,0.012509353248422063,0.002786751447837739,0.011070804069362988,0.010846932233235509,0.029345892621015165,0.01918497751786674,0.027284614517491035,0.007246343905673103,0.0010008382649638965,0.0010138820875278363,0.011106817359390538,0.010451211554438256,0.008205197352241787,0.008359648716591303,-3.438813641226916,-3.164748417192046,-0.7990044023612367,-4.4741211496557565,-3.2939215422770576,-6.099221336423686,-4.942465654362977,-5.174930063626218,-9.781568630509174,-7.791340503958239,-6.44026358296131,-6.480445868017184,2.762782096967935,0.656235015240801,0.5540878589438584,0.0038901884430722453,6.825281997167148e-05
0.023134062593553505,0.018549144596624836,0.004387306449113619,0.0024345056494208153,0.025232597304414687,0.00021222416796182992,0.0009088966668331006,0.11209458711025336,0.0014275587970896005,0.0009897305302691225,0.012412192377049306,0.002808448561120315,0.010596695315286155,0.01068735293893249,0.02803880111857992,0.018869961975872235,0.026913069665333095,0.007769607619268384,0.0010293721302975227,0.0010424043604132472,0.011358929449239788,0.010984566786879512,0.0077020460487502804,0.007962657162518198,-3.391928357843326,-3.480814875554991,-0.8316577456597128,-4.701162697917096,-3.596003454292966,-5.742307823569307,-4.972300456866284,-5.090931889934796,-9.766424208494094,-8.519097864986636,-6.325070727971042,-6.457878436346886,2.6609763818458863,0.6645135132670978,0.5509405273638859,0.004148046338460479,6.846684200244295e-05
0.024401810040881763,0.018769032188562674,0.004571286435242958,0.0024177647067372353,0.02590121693894545,0.00021164896994093588,0.0008431295024950177,0.10759416561131983,0.0013583102208834044,0.000991122325636772,0.012598546759059207,0.0029341425160667994,0.011182693946939876,0.010604297615784412,0.027327202052928472,0.018955115146565858,0.02779682050679893,0.0074570368491176,0.0010257493902846345,0.001022761282487828,0.010735227498705938,0.010799206768207704,0.007760350891908726,0.008223210970340318,-3.411105851545853,-3.4725823401599243,-0.7795414027084586,-4.7016297669642135,-3.3440206526975964,-6.066392755831492,-5.080702647871076,-5.133752717223193,-10.166645839191386,-8.342460535628577,-6.121252253270751,-6.485331380560902,2.7192631707769936,0.6061906744903955,0.5145965523811389,0.003910313602315408,6.849789342776765e-05
0.023399087178739494,0.01798910179533742,0.0044421503409844045,0.0025302205362726753,0.026641364486473237,0.00022198953947399628,0.0008749744615013722,0.10784600261340231,0.0013416558767223564,0.0009434988037570385,0.01253291641597031,0.002918505652014269,0.010922850197156702,0.011224932403419272,0.027178919542967035,0.01910271093130842,0.027480074860712602,0.007650377744619295,0.000969814562417092,0.0010446930288987226,0.011216140372989566,0.01090948407632224,0.007842186560391729,0.008105787172636488,-3.210048736005883,-3.471719540523357,-0.8425516209590806,-4.442655405505131,-3.500515985547602,-5.960846483917443,-4.972129925708139,-5.345075976243739,-9.892523222278705,-8.258443059843987,-6.1740340414056805,-6.287867393910825,2.8762468178894767,0.6384527158751542,0.5646695726526717,0.003931868222515196,6.868131872396043e-05
0.024443811596835462,0.01778528909775005,0.00448783936455716,0.0025344693621591335,0.025740074517151632,0.00020992437655141307,0.0009133670926005383,0.10763968985007769,0.00141778207785303,0.0009318612116600571,0.01171328213407192,0.002759094748900066,0.011419218883930014,0.011169423424079526,0.026919767883937972,0.019569041995807182,0.027694518800016835,0.007186167565443967,0.0009855538168196084,0.0010073550701784942,0.010537963049228806,0.0113641728810676,0.007615566433969615,0.00815272787330898,-3.322721658974501,-3.2863497797927117,-0.8120375354952546,-4.7854229647325806,-3.288418756028618,-5.904745049895279,-4.769923413558639,-5.2481072078200475,-9.307896540267452,-7.953234908765937,-6.322135715101011,-6.409707575572815,2.647471636816568,0.6167349249782778,0.5397530141741458,0.003876525882302286,6.384312564888662e-05
0.02304856265927182,0.01790639743257732,0.004805894281997947,0.0025841621574615122,0.02672337348807665,0.0002119024319088259,0.0008826890141263999,0.10406427622568083,0.0013966044527639382,0.0009407290405104294,0.012640278819077755,0.0029259536347167117,0.011122751600162005,0.011028567020183544,0.028894579624689935,0.019257810918044158,0.028242834272352888,0.007285568171548638,0.0010189330810387398,0.0009949215166156179,0.01110238964090887,0.011131271720750919,0.00760889796290872,0.008345552924272075,-3.3387460530874415,-3.336990961514296,-0.7893969894083056,-4.786670041772392,-3.280475649577073,-6.133424559158326,-4.676177629213739,-5.160394555755009,-9.926347010982594,-8.136812902379294,-6.352352262757094,-6.329821061496097,2.738766015296855,0.6251547392997078,0.550635452060033,0.0040270164265397744,6.321048813714914e-05
0.023587078215094426,0.017292980997234614,0.004488499006814376,0.0025405293277211954,0.02588803940956488,0.0002184006378219264,0.0008352231771210733,0.10424225419326658,0.0013666413563591748,0.0009267912616650198,0.012125819058415178,0.0030299764662725685,0.011429341329629208,0.011401943695265487,0.027396001341286478,0.018490314982096277,0.029389134657788914,0.007669177812516489,0.0010360230537803388,0.000998385004902016,0.011480809972317306,0.010846890968185871,0.008363479765233814,0.007989028035009636,-3.419051428960679,-3.188618159338606,-0.7946440468813606,-4.73661963940818,-3.3990590086563093,-5.969132698737948,-5.121928152482447,-5.303340095085238,-9.330541479409355,-8.531981868692133,-5.940561407899387,-6.0299047020101275,2.7489251032108144,0.6201092202697307,0.5586462798123252,0.004248527856825774,6.658154508446668e-05
0.02467840712393035,0.01841319635560236,0.004765625326654468,0.0025598943490530916,0.026570146496600375,0.0002194706446373837,0.0008583841693742058,0.11371048049895936,0.0013509407597998126,0.0010112055976782268,0.011921985080356072,0.0029352800312572526,0.011031256148157514,0.011056038776193208,0.02752487072200504,0.018650953143447828,0.029114292574153555,0.007472896953466884,0.0010331187806666864,0.0010229429251993542,0.010914148063558001,0.011238713137713232,0.00838781116128097,0.007922912834234306,-3.478020244783084,-3.31115018909079,-0.8252228176797464,-4.568172499556687,-3.4916970801241223,-6.138183081021306,-4.762754776725094,-5.280588295357561,-9.554203601496159,-8.000162111055568,-6.471549770456183,-6.406851047505368,2.6537215033909116,0.6289024036104278,0.5667867793397638,0.00397005276629464,6.760163585062277e-05
0.02441961220959328,0.01831203994753095,0.004639791851416314,0.0024521248607789863,0.025582588146068973,0.0002274199135424894,0.0009147683529029981,0.11444756790683885,0.0014409507541398021,0.0009767028197648466,0.012371607478251485,0.0028173347946662567,0.010765304520525642,0.011269359389137224,0.028755849482877613,0.0184933985111638,0.0287200659075906,0.007524006217971939,0.0009633164456240574,0.00098913235554201,0.011171299703030301,0.010562752133895882,0.008149326213826146,0.008345898258705737,-3.1677387253676828,-3.29647458433301,-0.8171275749243918,-4.590974933294134,-3.4043891574348524,-5.891899277148389,-4.6737436465300375,-5.398124454827231,-9.457472971974656,-8.52207123986445,-6.198010648786315,-5.986614256302097,2.7504920719535164,0.6464022234240604,0.5488082969546298,0.004030407304757913,6.67436016230943e-05
0.023515276973328468,0.01838613287734254,0.004526560640851295,0.0025350564082348578,0.02545813777860891,0.00020915311260036483,0.0009125188576091598,0.10947932465754287,0.001410975053849009,0.0009710366752624431,0.012620040829354516,0.0028909289839414024,0.01105205187543755,0.010480362104423357,0.028469335827690758,0.01833936095193271,0.027128984865401433,0.007679192993343656,0.0009660228618663832,0.0010104208215463224,0.010729938694991626,0.011421943793844607,0.008132808861773658,0.00823305459806797,-3.3754270953190977,-3.1898269587029535,-0.8395428767155544,-4.7241738490931295,-3.595734323215087,-5.8327920081512135,-4.987817079329135,-4.8990636412921145,-9.90419374758942,-7.972706929132573,-5.944033733535963,-6.060470021252877,2.7773644822432355,0.6144991770314712,0.5141158342669121,0.003912186858285876,6.485976367403614e-05
0.02413603521788034,0.017780118683754866,0.00446548507426419,0.0023938574022269957,0.0269045052239459,0.0002183138744774926,0.0008857197937995866,0.11382728748051953,0.0013272384953493357,0.0009656599804317552,0.011826991280828883,0.0027975605536406283,0.011531600648713383,0.011239371486035597,0.028053779026975256,0.018566865101649864,0.02913695503423215,0.007166659297217641,0.0009993419277794656,0.0009770052255906392,0.010478129023770086,0.011133054933975907,0.008247519778850645,0.008182937359903749,-3.2086120116393704,-3.202602126854336,-0.7810424266906213,-4.575496604357918,-3.2819069062348043,-6.088693353410623,-4.657487182784133,-5.041316290427746,-9.726513787339226,-8.563594746305547,-5.946901635152716,-6.346193468602457,2.6580161145536736,0.6342121399596566,0.5313933668474027,0.003992118152659734,6.643393356425408e-05
0.02290571464188571,0.017618839434700922,0.004817187742497007,0.0025606014249312864,0.026065283815051618,0.00022767814983006235,0.0009090623421065799,0.10836972576060108,0.0013995771031447269,0.0009344332624673205,0.01158533109502376,0.0027789821646493408,0.011457717587484269,0.011368348667800416,0.028787572879183654,0.01828348001816618,0.028782157001041975,0.007198569255353424,0.0010474440976327212,0.0010128511361260635,0.01111760918810118,0.010598783602538714,0.007827273967629753,0.00762034848624813,-3.292989370997714,-3.259891134760751,-0.856435438345921,-4.550980173917386,-3.494938638208675,-6.145030127279175,-4.902197181187585,-5.3105373500296205,-9.42724290394429,-8.42841200454179,-5.97729144103386,-6.164410334145697,2.9155547861835083,0.635093970265715,0.5405684766355896,0.004188397756064043,6.810213302465568e-05
0.023354622930072975,0.017497537433931187,0.004391092765500844,0.002594298258605243,0.025202849970295378,0.00023075979625463135,0.0009118694160745993,0.10800962941630039,0.001414714571007229,0.001018319712041132,0.011749824038012516,0.0029878358667655164,0.010832107653509417,0.011311259274000774,0.028724748759191718,0.01875831125032045,0.02822326213526078,0.007375771840377475,0.0009721403811735894,0.0010007489163823408,0.01048652604862816,0.011511116881245611,0.0078013485130577955,0.007843583143088596,-3.2741261925262757,-3.227957343623777,-0.8383378684018217,-4.604777543592296,-3.3124569844629983,-6.030353634919641,-5.034413322015742,-4.944039487978795,-9.786974243462595,-7.97610743206309,-6.154605562514314,-6.332228670697709,2.8086779702173232,0.6200398864125254,0.5479287528256669,0.004253572051004827,6.921118129070066e-05
0.024445190686179907,0.018887481376998385,0.004705142865939822,0.0025720203608364588,0.02526427110366869,0.00022504169070940592,0.0008512295763967003,0.11225751524383662,0.0014157306258481513,0.0009266619377856175,0.012636286985422619,0.0029706441184376084,0.010519296233210948,0.010839149365950528,0.029123034747472222,0.018976895703223952,0.028895367512038164,0.007693116628483486,0.0010172891781012954,0.0009678222260875672,0.010852354808765691,0.0114594101311895,0.008002393005870852,0.00768914084020888,-3.467036101086556,-3.153159492830964,-0.8402531940191341,-4.422689503807453,-3.457595376970054,-5.618397589619975,-4.964778673476875,-5.282867185482002,-9.422298746744753,-8.289305338300647,-6.118753986372083,-6.415303108950087,2.722357440584706,0.6627353159741987,0.5589429373253568,0.004228600995429304,6.444767929980834e-05
0.02447780881585945,0.01879787899252351,0.00460580826743405,0.0025188655581191086,0.02498568095606693,0.00023081726995866975,0.000888712965724129,0.11235193515026831,0.0013368500105632242,0.000939891973648011,0.012327161098995587,0.0029748284835530723,0.011298024907966797,0.010513278579766272,0.028968754523161798,0.019464925550941824,0.028159958359341382,0.007305896123641593,0.0009934807816885782,0.0010249381468697266,0.011532939717213912,0.011473811078555081,0.008037883361905593,0.008053491903307643,-3.2126149858074453,-3.276561415597652,-0.8433450534249672,-4.700552763817587,-3.5593429494854196,-6.040012392708245,-5.094329581659275,-5.0606380648042,-9.482038299777678,-8.108716232298516,-6.062642270555536,-5.944881832148688,2.793517358350848,0.6448295522630699,0.5284367098187925,0.003961330588015902,6.296479751926238e-05
0.02264351343223014,0.018661398340635574,0.004541431585630643,0.002488923805012639,0.025197942855164225,0.00021920411305450702,0.0008453566916029305,0.11206336339319901,0.001418659775344017,0.0009308583801470602,0.011615652046437554,0.0029514233516786865,0.011069584054949545,0.010725532980648083,0.027363422817996922,0.01930460770687033,0.02920213731674086,0.007579713823073611,0.0009550807036452299,0.0009758292943975607,0.011198455437565652,0.010466795877231778,0.008343873076649855,0.007894641362343512,-3.3547403487362066,-3.2783486774513277,-0.8587951099290211,-4.586535643207282,-3.5618643424731387,-5.676818474784411,-5.044360181043273,-5.019951259343643,-10.137966080181146,-8.110450275554118,-6.044938381937184,-6.311151222921303,2.6718925788952688,0.6301957350479283,0.5459784686629574,0.004038217629127297,6.691192521835711e-05
0.02456544766603284,0.018248272417527394,0.00466689726211522,0.0025078633904538363,0.026709793636790147,0.00020936606137489383,0.0008906533326067872,0.10976364811251252,0.0014537793903805106,0.000932298666498963,0.012662332956028918,0.002843681145874344,0.01088721906685688,0.011221322440062154,0.028132589815292732,0.019263464113972197,0.027371277241692908,0.007230771409488029,0.000955123651307777,0.0009517402916994313,0.011241836001287116,0.011243460749487207,0.00796629439956472,0.0077806161488435,-3.1868334472787128,-3.2059349404239996,-0.7816213268297235,-4.715105972431113,-3.366824918655817,-5.623822295631829,-4.939833215324209,-4.934632307709776,-9.698706970495357,-7.798028517318991,-6.003187602412201,-6.509496153032735,2.7531983762270946,0.6348480460108611,0.5377828806999666,0.003889585915689482,6.53610242105435e-05
0.024536253544093636,0.01754914495200735,0.004802142055166945,0.0025326025496757135,0.026219712466722476,0.00022210770345733314,0.0008574669065301656,0.10681155581076644,0.001331304896519722,0.0009557821899951662,0.012327626624223948,0.0027554057445258713,0.010794013056346868,0.010858453826632263,0.028520354720536364,0.019876854272293708,0.028428895517481068,0.007662876558994189,0.0009985385353335817,0.0009855810014220688,0.0113487917144816,0.010763567086757178,0.008185289291227745,0.007796320830467133,-3.223965283811463,-3.2662257294087906,-0.8158280344609061,-4.664920359213713,-3.3631252910704026,-6.078960055269641,-4.6959724901997,-5.363339864084817,-9.80204860691154,-7.881280394346374,-5.911123838806423,-6.191126124354112,2.8293502782135174,0.6314609368517834,0.5651388541606152,0.004098285559454088,6.556909384170484e-05
0.024320731033703094,0.01855720096238907,0.004813163840870355,0.002349329505781877,0.02586505017967381,0.00020939717106981977,0.0008445892582608181,0.11143310415566225,0.0014338083979144477,0.0009255572888196207,0.012561814693668842,0.002868765833728599,0.011214176075358826,0.010801917381389392,0.028349783189281056,0.01991881531530828,0.027570361339467095,0.007130005578434906,0.0010159234711160916,0.0010209035598322622,0.011163823804237104,0.010714574230557725,0.007763232391175057,0.007873864581144054,-3.4897206102465055,-3.3908642638581186,-0.8281264579069657,-4.729617488671868,-3.401167857870502,-6.15987888652736,-4.733676970373824,-5.342015384970949,-9.701984425329877,-7.865531916685497,-6.357572029718992,-6.14480758876509,2.8275301203192624,0.6235565360812887,0.5291981495135363,0.0038794174277316682,6.540351755012556e-05
0.02408399551296713,0.017838212409713596,0.00477815179310747,0.002558875991334224,0.02657394928967854,0.000222520149606099,0.0008559028620845558,0.11030926181500417,0.0013394996815075293,0.000987134451865878,0.0120397926270736,0.002948855488865027,0.01153879170173586,0.011250125781700088,0.028278804389944737,0.018621832633921608,0.027883935754241862,0.007182407934692418,0.0010049719656139526,0.0010374662988411835,0.01131493265627987,0.011149697425977274,0.007790546732677999,0.008268872287421385,-3.2926469005217966,-3.2980628349164927,-0.8385288815887844,-4.657873643555689,-3.6003101689243,-6.112622125061784,-4.694303806628089,-5.081841995343142,-9.817235440949537,-8.224293207556627,-6.158300036357041,-6.473116013664952,2.8370618627700694,0.6656415483444209,0.5533912958139285,0.004018928416936946,6.63494891787255e-05
0.02366185187691842,0.01780343327205727,0.004794179587119911,0.0025621639149773683,0.02578013563801983,0.0002248459642313475,0.0008532998872389038,0.11357431856039897,0.0014299987659929134,0.000995949260691563,0.01165333844881513,0.002844496783999033,0.010525412340082004,0.01091801319459472,0.02745647187754486,0.018915428507074665,0.02764262150084794,0.0071841260415838925,0.0009624875687256286,0.0010306668531585338,0.010480264125043453,0.01066439987253662,0.008383751239022191,0.008369030767265643,-3.3865397299883537,-3.4692606929270267,-0.8467649231678807,-4.64878351675734,-3.4938674375376118,-5.868110260520454,-5.090904675690912,-5.2875481782917975,-9.358911109263087,-8.606354864577021,-6.507721737595146,-6.3282687513170455,2.877118370581933,0.6197795087860206,0.5668715192343109,0.0040022559495598055,6.54529661557098e-05
0.02427794567376053,0.018695358527435257,0.00476893433232055,0.0025501591341409,0.025350529761433156,0.0002229591287195528,0.0008904865709405218,0.1064933938980607,0.0014078029788990266,0.0009773744182115373,0.011534094839834074,0.0030286331499351023,0.010930948773565164,0.010545815814177004,0.02771622292360443,0.0195182760066693,0.027479184645717462,0.007307424295531474,0.0009656540403237047,0.0010423232711891653,0.010675960412084224,0.011387627531255107,0.008204065835824427,0.008293873053590662,-3.2094755393012426,-3.478033499938836,-0.7932939099125907,-4.763303249252755,-3.5643900406345503,-5.8014360254760895,-4.8813461083864205,-5.191707123893968,-9.916426528191659,-8.515228146782924,-6.19983165023772,-6.390493832645474,2.739573064294362,0.6223206194989729,0.5595648032578647,0.00401663940007504,6.919549796876323e-05
0.023420821171178007,0.01710986284070119,0.004799800480139075,0.0023588962567530013,0.02614554288265225,0.000230008615314016,0.0008734124284037467,0.11025069757550406,0.0013552022224068633,0.0009755853393987483,0.0125251208377252,0.0030226736456768462,0.010763869383106701,0.010814704064039497,0.02878228450901282,0.018227005658440428,0.02926743134051505,0.0077946172385922816,0.0009727869016659137,0.0010264079792552455,0.011454855573836445,0.010836494591916377,0.007735900521938843,0.007621730806096146,-3.2963759375171797,-3.479852004477455,-0.8412046185990839,-4.882112230077686,-3.5041548008587635,-5.821979007005129,-4.795633687001952,-5.312152857546893,-9.3883704638316,-8.177059026485718,-6.486256272330619,-6.169417658043591,2.6477636326556473,0.6298038720756158,0.5260186663266838,0.004170652232966832,6.656803544166005e-05
0.022679698781522414,0.018497835645371306,0.004621109319985271,0.0025512506981029246,0.0256539724728534,0.0002188966003445069,0.0008805742611534117,0.10672137874600413,0.0014130904564834247,0.0009866013655217578,0.011699171036561987,0.0028389918165637666,0.010678869986334048,0.01151414335696596,0.029273854482367193,0.019012209714821572,0.0286978644480455,0.007832794210487886,0.0009671901363476897,0.001025669212907168,0.011536320274843847,0.011524690872132357,0.00817011049342077,0.008097849477260166,-3.343451856329779,-3.467955100328374,-0.8428954642250998,-4.427684938576341,-3.393464966915844,-6.09769422925672,-5.039443204914189,-5.062831905019475,-9.74706964394746,-8.566786094349402,-5.986461715041746,-6.080036179916643,2.7080604233018257,0.6360577190509126,0.5367731934673923,0.004091717258751579,6.906340187169235e-05
0.02336841917577317,0.01885952399465532,0.004376653785461988,0.002428173120315487,0.02513156829013968,0.00021810991711869283,0.0008553082764568281,0.11187227096976649,0.0013737275126321736,0.001016232160389451,0.012682695016831662,0.0028024649126553113,0.011302254100256568,0.011010301520914794,0.027771070051642324,0.01899399385643568,0.028100683158838815,0.007709116644584231,0.001018867094971468,0.0010343446233122573,0.01092467914103506,0.010924292421631803,0.007880007731351227,0.0077023146272994,-3.2709842266643356,-3.1952038797718614,-0.8411874401680711,-4.860586773433845,-3.4528247100797698,-5.708470445136173,-4.957480586250675,-4.997934003292625,-9.931702346796403,-8.333811852277456,-6.495768405768646,-6.441367725856596,2.8506876829838284,0.6484279249035217,0.5141457233676224,0.0040521966200669605,6.886022745156209e-05
0.023822476030952163,0.01780969671326246,0.0044490272137883554,0.0024914767757875248,0.02496415078602769,0.00021126216832113073,0.0008373218697055538,0.11306686917262285,0.0013639181974703938,0.0010176648231271027,0.0121129238375478,0.0030146521408291964,0.011197348782624439,0.010707232923933755,0.028935160145802805,0.01862682794646938,0.027192018256757995,0.007223331055680712,0.0010203405197579984,0.0010386792169508462,0.01081594372051476,0.010529572841291534,0.007708161736325153,0.007622958011691617,-3.4630679935000157,-3.3056491021622185,-0.8326208035845969,-4.8710735738047335,-3.3056067975783017,-5.866447537151334,-5.043841470352408,-5.320342246927773,-9.392627712596612,-8.171644981329658,-6.418331645589867,-6.198357738523358,2.7609136510725016,0.6395887151478041,0.5333753121696442,0.004131978252642286,6.62707434555402e-05
0.024927757876449807,0.017269121498584374,0.004513693406685945,0.002414132273734676,0.027054403426344447,0.00022038332340312922,0.0008975560744775443,0.11106740031476353,0.001445157192112392,0.000928136844150265,0.012264716134732819,0.00298271631707351,0.010759878261571326,0.011015499185003347,0.02840995777331793,0.018335881943957192,0.029006652021602672,0.007458280380228732,0.0010422939230343518,0.0010045565056843787,0.010920736891245317,0.011352227670102948,0.007638247012451206,0.008055989802524964,-3.452523957323482,-3.430591409821966,-0.8096184241997944,-4.82656137457433,-3.5853684519048628,-5.6846840194991595,-4.7082702218539,-5.370980447597513,-9.313905516431467,-8.030235276519864,-6.007315902870792,-6.4060732792090205,2.7819409980814136,0.622585127174239,0.5132849389895556,0.0039181892212672344,6.827373024921277e-05
0.023946493730847625,0.018322490560813115,0.004753316493044374,0.002586305617511912,0.025565110006655605,0.00022154867730510283,0.0008994580546748379,0.10383516703147408,0.0013360129560745144,0.0009446541238854437,0.012698748753568917,0.0027617641300543842,0.01141460761308308,0.01137846295562134,0.028988236653005876,0.019471690074473105,0.027785928937089963,0.00761874156359394,0.000997822275556341,0.0010261416293237437,0.01058088584337078,0.011313435958326562,0.008323019597089018,0.007660915281844585,-3.3770806652955048,-3.203673776477608,-0.7787801034930054,-4.521557877810508,-3.58975290952716,-6.139244049315858,-4.719598192427826,-5.402027848951957,-9.454917927984665,-8.385513738920295,-6.47975491579838,-6.243156699831984,2.7256437611973543,0.6109036306332856,0.5440616012004968,0.004223809575813021,6.336976607772048e-05
0.023904735086944608,0.01884025830214517,0.004662317567285352,0.00254567525230974,0.027163261694814388,0.00022483378577337952,0.0008987279607105171,0.11278858369631407,0.0014397944955430076,0.0009307867667257791,0.011537846580649522,0.0029120481733866522,0.010814805987663106,0.010639600123758634,0.026695903933072234,0.01883795179620265,0.02681075982478767,0.00745906252777417,0.0009530282244699707,0.0009591332355379615,0.010893329560270025,0.01063018069862989,0.008088014038447076,0.008330110657601161,-3.2546659823971917,-3.213458500705593,-0.847011213901099,-4.672408942036963,-3.3923375660633885,-5.885098469229481,-4.780700224273676,-4.8930122704903285,-9.502186918509588,-7.914677367282567,-6.2700784870025705,-5.956311307546291,2.834743943449885,0.6501137142701663,0.5377238427782609,0.004010503827386731,6.272655618148797e-05
0.023153065848768705,0.018596423869225165,0.004770439570326162,0.0025055779589910434,0.02510547519616281,0.00021655499522877435,0.0008822612995698845,0.10939851287699767,0.001448024560131287,0.0009596933759769236,0.01250770750108525,0.0028348734879106935,0.011189527146113303,0.010929835996122815,0.02661819872016949,0.01973007578648306,0.027703306110009946,0.007733677627313905,0.0010284835587927306,0.001028952919400786,0.010757154517353096,0.01088303551368542,0.00825394300955884,0.008318304551177718,-3.1921569343861704,-3.3325470877255694,-0.8369529028244688,-4.627603350262454,-3.5300124449422636,-5.823011291325224,-4.805254781779727,-5.003061357643343,-9.26943129055343,-8.536231216618779,-6.2426977420108125,-6.257332358836354,2.8005896569064976,0.6513165910798571,0.5624342115592519,0.004210962129462174,6.333131350585202e-05
0.023625797869672442,0.018250399691803757,0.004744627841681655,0.0023997947866168825,0.02684856593637265,0.0002142399068095851,0.0008779156103095885,0.11154749699470022,0.0013351173786512952,0.0009371553192525781,0.012102595906294502,0.002929150961055859,0.011409453727745256,0.011438271760131943,0.028321778099123066,0.018564262214276,0.028073899943554494,0.007272129161855936,0.0009964425717166397,0.001013029918315401,0.010692073795478903,0.011258258441769985,0.008338700851897026,0.007984903326829877,-3.3232024641458366,-3.4758358806611986,-0.8258258655751538,-4.835389430506949,-3.336491051344963,-5.873287396940032,-5.04468880000748,-5.405212297580003,-9.41874247713464,-8.438065311108431,-6.491655458283929,-6.194158724014498,2.7833366936271915,0.608638693474442,0.5305083671627269,0.004136497625270322,6.891064248502897e-05
0.02481622115737426,0.018471887592952502,0.004716889823431818,0.0024132772222195033,0.02473764022068622,0.00021932558899394395,0.000840560994848118,0.10709144914809436,0.0013425237387180656,0.0009837271949402486,0.012406684124682961,0.0028337337305496314,0.011036983375558182,0.011409110417007144,0.028141633200564283,0.019434803433189363,0.028323936667952458,0.007137331941189447,0.00102751961389756,0.0009694779011187227,0.011160758554000645,0.010696072457293345,0.008209388764493617,0.007913506797253765,-3.168600112381631,-3.336617093566705,-0.8543858494314954,-4.755492961670234,-3.5651276194587886,-5.827982910541245,-5.0298513388877435,-5.166081401651163,-9.60099746454631,-8.241829293472053,-6.417881433148123,-6.411691418303037,2.846961550587871,0.6568870228040289,0.5568166665670015,0.0039350401229543384,6.50340495484953e-05
0.023181302833425597,0.017891171957417153,0.0045545923140510106,0.0024311875442621016,0.026692869004907298,0.00021276745308939035,0.0008748536777080362,0.10637112140097486,0.001352471968189432,0.0009504777801197146,0.012620724664319996,0.002976767688152615,0.011084304384057228,0.011161226793448647,0.027817564970518273,0.018246526366774776,0.02866773693958784,0.007517789369740341,0.0009717399093901177,0.0009887555991678748,0.01143926203974531,0.011234655506026396,0.00816484376371442,0.008077865933819397,-3.4945151016791147,-3.4643573831205865,-0.8324318852928372,-4.433801337461605,-3.5050972231985678,-6.124556199562799,-5.0845043082778805,-5.042716394117003,-9.950248115205664,-8.117430128894364,-6.0355471548862365,-5.890221890231471,2.684018634535753,0.6510014075793644,0.5353594846013647,0.0039359634237969955,6.572545701104672e-05
0.023026657791491052,0.018029028093531047,0.0047673957058001655,0.0024976473503922412,0.02499186152689821,0.00021043369274828497,0.0009101363654297574,0.11406288391130164,0.0014075459061484146,0.0009231734259531357,0.011704446946673218,0.0029097779790166903,0.010869433893929229,0.011347950992580444,0.026923055810391727,0.019057775690173435,0.028516149349992786,0.007463876439592124,0.0010443118859044974,0.0009841276767966827,0.011020989283879568,0.011441649057805276,0.008323528657520883,0.008195730305701627,-3.4704543703842727,-3.3860110216721506,-0.7991240820277487,-4.7174187511478625,-3.5734359300844662,-5.775664140723906,-4.747877099210648,-5.401773509879201,-9.584261549080647,-8.280009701549492,-6.484967984408667,-6.1650355644869705,2.6808640945347,0.6639827491338347,0.5217987125201016,0.003960110951629729,6.809602304929664e-05
0.022910352375003794,0.01845209550011053,0.00464463349513183,0.0025145630159197716,0.025496243598324312,0.00022519224414672113,0.0008954746183630163,0.10478216311241091,0.0013692707018180287,0.0009748369253316367,0.012680176452211995,0.0027707836922819546,0.010666617834564551,0.011237013442661873,0.02883553142903276,0.019552783578536487,0.028933967547526702,0.007370529040993206,0.0010059192066660082,0.0009592377338534546,0.011108636053810749,0.01106225477558893,0.00799212843283679,0.0076956855137388066,-3.4741457433851446,-3.3371616383466263,-0.8597769555284249,-4.855425180171071,-3.485774111134475,-5.911454385467586,-4.928413008766897,-5.079834757665359,-9.643447451785812,-8.12746454553149,-6.10902683509813,-6.496228973510774,2.7457862322179394,0.617681084068827,0.5485028866692847,0.004254217498920566,6.376759036125095e-05
0.023955600338498532,0.017528553797509533,0.004410180111207762,0.0024152886910443097,0.026229645720437112,0.00022319745831131103,0.000872434596337377,0.10904149467246366,0.0014629435599577251,0.0009686991868583054,0.01164319021435046,0.0030247465795215237,0.01118762944389284,0.010632907231866435,0.029217113190563603,0.018397927476253115,0.027181249246566744,0.007756668486826462,0.0009631470364928787,0.0009883621115575258,0.010848888985706202,0.011525027958013925,0.007806403820400344,0.008251609591053252,-3.3171729589391967,-3.3078873160992215,-0.7884389443649087,-4.687928255042275,-3.365204978140641,-6.064234035953068,-4.7048371041127535,-5.163817396210273,-10.125944333929068,-8.10358310008585,-6.404641338761035,-6.288356527845132,2.770913053340411,0.6654861925086458,0.535104354373317,0.004056110985093514,6.284795806358095e-05
0.024183805995913427,0.018627781859218494,0.004397953660132923,0.0024962989177428866,0.02560610511482937,0.00022844521679562122,0.0008296742122133946,0.11360020278910188,0.0013363818182515847,0.0009295702707005562,0.012555317720147275,0.0028894578738874,0.011316468442395373,0.01113210608719489,0.027182824928331073,0.018280432581189287,0.02911968042612537,0.007219172720115831,0.0009576474190706537,0.0009501544506964731,0.011280602999016367,0.011423619245813582,0.008267746458467324,0.007709815444118234,-3.3203304630226804,-3.2220648950409,-0.7887482592142607,-4.6806078606631525,-3.3018380238100695,-6.154285172836146,-4.760963603459671,-4.913628929927752,-9.289162770679429,-7.832909164470723,-6.3679663546909,-6.183935948350417,2.8633258182276005,0.6535419976398235,0.547780325538118,0.003974224001599784,6.293501071412496e-05
0.024216841834336873,0.018026811183347983,0.004709993238328881,0.002564773615351965,0.02508252197499577,0.00022258478461273024,0.0008441214306984604,0.10833639565906052,0.0013512858285799993,0.0009711203814727969,0.011612563957614326,0.00278841276579716,0.010924326155962984,0.010905747694499071,0.028977374050493644,0.019817558824942395,0.029182393663783227,0.007509878840831366,0.0009621550498735624,0.0009847026285462685,0.011424493754148933,0.01061213047223658,0.008325161105978723,0.007624243164518297,-3.4244854100757944,-3.432602680489131,-0.818543470350628,-4.583195812313819,-3.456644536250341,-6.005953614320226,-5.001252462217537,-4.951861847397468,-9.825136657363368,-8.457454933254759,-6.058933774470108,-6.175874875538741,2.8082437317214484,0.6377401881349333,0.538540530517235,0.004177465744005788,6.878019940072745e-05
0.023308958127428968,0.017295900711032704,0.004752371917913835,0.002558616597222044,0.025604085600918557,0.0002172262083845848,0.0008415385097920051,0.11156337494293211,0.001362963435811208,0.0009492286998634261,0.01157229848848744,0.0028800833284990325,0.011449621524733267,0.011336215531637795,0.026681266571228022,0.018941262467847865,0.026642508868498754,0.007830360664200786,0.0010268461566407458,0.0010402008120828513,0.010754683961346864,0.01085603098985391,0.00793079466320121,0.007788170954058921,-3.4757047881288488,-3.261793690991125,-0.8403210603240172,-4.4443987525521935,-3.4959350982819575,-6.124958732252555,-4.6746092836549,-5.302927896693184,-9.889040852517432,-8.526394083810183,-6.235508562392944,-6.360687054294807,2.6828373021181307,0.6313740294212895,0.5323612485144104,0.004254967462997138,6.872715969847174e-05
0.023098079577293675,0.01757803346045966,0.004425532832970323,0.0024673486451548864,0.02564412915535064,0.00020947928713541377,0.000908039096793993,0.11070101806998192,0.0013493415407355859,0.000954799885355707,0.01221742653715532,0.0030448447751692522,0.010588883317073363,0.01108378132762708,0.028191491964426538,0.019393436801480545,0.029135610547690264,0.007197603255191019,0.0010449387469352786,0.0009593047855109997,0.010739039363512854,0.010530352407302395,0.007721184480032242,0.007953163054371604,-3.236542957248871,-3.1784244771516814,-0.8079404347360984,-4.797868854354281,-3.3120049555144324,-5.620878663694849,-4.7649876709168515,-5.145283352379752,-9.970916890220167,-8.066713789952887,-6.132840317877117,-6.365552369040802,2.7388728144007457,0.6245158076388879,0.5559416933454379,0.004053901618663455,6.90428899425262e-05
0.02490206024200194,0.0175113469097545,0.0044405253023128855,0.0023924279060223495,0.027018283000608496,0.00021285346347239183,0.000890224197797976,0.11166256385451458,0.0014644779111436966,0.0009292657984866993,0.012361761763797375,0.0029246641889230387,0.011059919596251598,0.011121782760267979,0.02908850039672301,0.01940422305442208,0.026904606781931142,0.007629172561529508,0.0009519118968258306,0.0010125450677694954,0.010824976054953316,0.010769824747952943,0.007780728229600435,0.007920516506322679,-3.234388884649923,-3.447151530863711,-0.7978250402307537,-4.881342020910489,-3.3855451959365497,-5.715924307367074,-4.783606995985085,-5.055254164121556,-9.338145982847507,-8.5696139123808,-6.208361883264154,-5.919056082060897,2.7036412934614176,0.6625668057261812,0.5227992944378487,0.004009317342893862,6.561028176174165e-05
0.024688013175992642,0.018024890552591818,0.004463229711352709,0.0023607366572086204,0.026175839081326948,0.0002149933450646362,0.0008840785750273375,0.11112857413295618,0.0014138458427796858,0.0010162859104815094,0.011595766954681225,0.0028305617017524228,0.011501239505179662,0.011159493546470452,0.027813760947863732,0.018375180793971522,0.026943198539193074,0.007765925558432606,0.0009780880056015804,0.0009726249062142174,0.011196908966320581,0.011273448099737073,0.007662896626352546,0.008253704199249841,-3.490737311652737,-3.430028407841566,-0.859258992938698,-4.460483797429865,-3.4331240183164544,-5.837084344614949,-4.855906597435866,-5.373086580825638,-9.266194031998904,-8.144578952547134,-6.399375079851548,-6.057481441187328,2.686004098233081,0.6644538636994186,0.5374254840954265,0.003974926518245925,6.652636908923928e-05
0.02406177600609414,0.017140779046685237,0.004470560935709729,0.002423808896987974,0.025729773610907454,0.00020952365534383959,0.0008328148535904656,0.1118130578818003,0.0014059569228713567,0.0010004603837594406,0.012397972666075894,0.0029061951040779805,0.011377361382116287,0.010938962965945393,0.028685355379162707,0.0185256257151014,0.02902528839166452,0.007267792381169702,0.0010313176090633233,0.0010119877728910005,0.010702250295506562,0.010953459632365142,0.00834846965054621,0.008290484907211244,-3.2153781999798343,-3.160863961894069,-0.7817999441735418,-4.8092145452573725,-3.610519491554158,-5.9896747297824255,-4.770782310180777,-5.2871692888548685,-9.379057485424916,-8.058507394666433,-5.901263061593919,-6.245249881072931,2.7687568446280144,0.6040900706927727,0.5405225948856064,0.0039446597947744265,6.637642935201006e-05
0.024955572684063506,0.01804242442092976,0.00472729708532919,0.0024134497821398817,0.026562463007221288,0.00021267442381090585,0.0008508667178651139,0.10387216025804744,0.0014107108487377532,0.0009501309587656395,0.011924089403812814,0.0029892774248558357,0.011063342772822457,0.011310075098979673,0.028901778630105023,0.018089867666069397,0.027498648781270143,0.0074202640293244086,0.001016032032089235,0.00101144113857064,0.010679660245307695,0.011139206067798915,0.007848715783989112,0.008265506700580088,-3.1922985003711264,-3.2345227216271852,-0.7868948558001885,-4.624007384865886,-3.5414314002395013,-5.858696403427242,-5.098276899967794,-5.075752059282204,-9.663827358638907,-8.251898107000429,-6.35600264911019,-5.911588557729976,2.6535323171812175,0.6606218929773592,0.542443130815535,0.004069749339742449,6.85068815385997e-05
0.022841287836236467,0.017377024983859367,0.004716565889921176,0.002354820093154936,0.025829772881649123,0.00022619413926960955,0.000903216308409355,0.11238151719476097,0.0013886296272598271,0.0010087372433362541,0.012090746335116684,0.0030151575280916738,0.010637451404633142,0.01058620263132841,0.029170615219739782,0.01817945623325042,0.027292341899000684,0.007390725829006477,0.0009612490751425906,0.0010175061242367802,0.01140684225663446,0.01088852477845533,0.008224039448550205,0.008386978092651074,-3.364342082002182,-3.256660045763816,-0.7953509718819775,-4.652284289131428,-3.546425901150466,-5.782435337230274,-4.769203880247619,-5.1943184753603475,-9.830946378528187,-8.511005680649536,-6.1052463358567035,-5.892201217938704,2.7447539595011583,0.603117038956186,0.5172559703442229,0.004207219962900439,6.422707598380832e-05
0.023779915705705725,0.01829726409334635,0.004420245784804373,0.0024655324288089743,0.02536528301334774,0.00022778912050733146,0.0008792881623397664,0.10676532050562584,0.001328796916306809,0.0009264797278896173,0.01173137566123638,0.002803563245392204,0.010904982826557233,0.010978941521048054,0.02840096929828782,0.018427321749981438,0.02724858271019407,0.007407948364147609,0.000984732308919504,0.0010236027642079185,0.010985615278352604,0.010815634075801026,0.008229415722704855,0.008380912207547738,-3.266650217953096,-3.467232122394924,-0.8490430908016777,-4.488633105503154,-3.335967342541526,-5.764522161988609,-4.887880798670066,-5.106569713084928,-9.528377049025611,-8.510187736780317,-6.212888414644935,-6.349881666256278,2.8595387304195943,0.6056360806085054,0.5240659410946995,0.004083712489582239,6.352844983927693e-05
0.024293231749514938,0.017306203663517466,0.004742398602238356,0.0023989589954092113,0.02693767930838199,0.00022647654420415605,0.0008975350361068804,0.10922611819176083,0.0014014177040609344,0.0009735855682063687,0.011610432564071528,0.0029299790255556996,0.011249728402135476,0.011366969693925286,0.026601999665550987,0.018171874961745816,0.027842005448742546,0.007408419365981458,0.0009625931722026185,0.000999566512534499,0.011376529406973368,0.01060226902993674,0.008074562846894593,0.008040585829325684,-3.21143076689235,-3.24300145419936,-0.7988769353483776,-4.723357377190616,-3.3982022904425087,-5.62562425664893,-4.892919903927472,-5.319044872997681,-9.259835128379176,-8.313792658036602,-5.973533560378079,-6.039027918494934,2.797092752331113,0.6040505854625282,0.5548256085396187,0.0041382345723272726,6.364750148127009e-05
0.024812134583454114,0.018062049099205505,0.004392439682366316,0.0023529193715473478,0.027129005143649375,0.00022759639619661254,0.0008806672373384632,0.11168037893360722,0.0014233069687108804,0.0010178374159486856,0.011725923160021634,0.0028538513456463376,0.01096742394454371,0.010585028350337153,0.027078839788433826,0.019872013891814377,0.029205170375862722,0.007361900189438691,0.0009762951117003089,0.0010437665246907277,0.010720288784773274,0.010948798724195675,0.00836992316017116,0.008364555744904523,-3.36721508984983,-3.4666734886545307,-0.8472357416348142,-4.6850924803356255,-3.4831541168423894,-6.010411132235441,-4.948651497303775,-5.187486528462637,-9.704638528208504,-8.130943721562984,-6.232866019000518,-6.300735216536417,2.9081212161661063,0.6260942315586197,0.5139251080677101,0.004073768182089062,6.483467791970188e-05
0.024179008517130028,0.01853276944752446,0.004799430973922084,0.002584486766467642,0.026619127407297067,0.0002283752174062719,0.0008412581683725585,0.10977746983177768,0.0013837090641278962,0.0009429330623822834,0.012700633979337642,0.0029550684700115405,0.011358259230076396,0.01061415303276404,0.028161860189801963,0.018961723122044256,0.027402896776209884,0.007843118066470093,0.001036682005293032,0.0009687168804993808,0.01120780825999755,0.011060489622105664,0.00823422126717464,0.007860058235764342,-3.3563776960829386,-3.4543277371925787,-0.8015877257752536,-4.610865124332168,-3.530332617741231,-6.134010742135959,-5.11132315110621,-5.0317492609047045,-9.821538958678444,-8.464489995836274,-6.165854954565563,-6.056147382612213,2.842905255556348,0.6177165974815002,0.5330487098612641,0.004246925498486072,6.551050302516621e-05
0.022730663155719453,0.017354839318910718,0.004722489006160991,0.0025866351640683057,0.0263700235554886,0.00021886819335006948,0.0008349069975103299,0.10729739439617839,0.0014207408172508262,0.0009326816208636931,0.012553050212614112,0.00294765419281488,0.011423318249531845,0.011508717903470553,0.02914377592254975,0.01884408337533157,0.029289762315284535,0.007364911140749149,0.0010295596793953618,0.0009614325942487529,0.011338871749079518,0.01104070369878709,0.007943878744781509,0.008163315511498804,-3.24371418880885,-3.427945388037269,-0.8438059954912486,-4.604979751179609,-3.3487307061702407,-5.99901489232666,-4.732220723123113,-4.927094421368678,-9.83675938295835,-8.114392089619674,-6.5004122336812795,-6.4823249585989995,2.770560151292225,0.6573093971565339,0.527264039362757,0.004111166931072811,6.855195944156239e-05
0.024620374138917555,0.01881661012446102,0.00449725390192984,0.0023525128866442886,0.02529949524510193,0.00021942430321639757,0.0009059219037408416,0.11011635839740706,0.0014056275198491225,0.0009848584781936129,0.012336169578676753,0.002872665595361415,0.011307316763160826,0.010966478272391965,0.029243859017311354,0.01970642706175967,0.028925201057083298,0.0077890495906883725,0.0009821443015089156,0.0009778439936855082,0.010525584595200265,0.011170010474285196,0.00816641225781016,0.007892610175687816,-3.3681185749727383,-3.2373399482849634,-0.8580650331831905,-4.493869586603322,-3.471087578545885,-6.112112747781513,-4.709595868012592,-5.264510165223312,-9.688381281446835,-7.882886429080025,-6.45316737031627,-6.182178837440314,2.8592222533641873,0.6302107982925468,0.5493083589494585,0.004086841517019758,6.747139874704293e-05
0.02368744716831574,0.018206214974165292,0.00479043905684122,0.002410969849852066,0.025934230836796197,0.00021958495646336507,0.0009009740104899438,0.11260048062333101,0.0013780127164452615,0.0009430211607037619,0.011558456530808291,0.0029861557560897,0.010616258702063902,0.011050845213711507,0.027331092704198923,0.01876671456605561,0.029099337986500537,0.007829392237339186,0.0010111706001698715,0.0010286272632073037,0.011457369001450633,0.01100996523037118,0.008200384187034854,0.00797137575757527,-3.423413922603591,-3.3613969268617025,-0.7846438585296802,-4.743338023066269,-3.4103365065744202,-5.969776127649651,-4.671199143957728,-4.916178719184237,-9.692343557160275,-7.851140002574115,-6.397483054681862,-6.221834228377661,2.883601128707133,0.6386746894672523,0.5564247792818752,0.004231070278386973,6.544125924509329e-05
0.02311679572837585,0.017326131683001542,0.004521200188806214,0.002412203308924492,0.026959801880125863,0.00021642220345346178,0.0008664447277511698,0.1054907860369687,0.0014518824305079672,0.001015633595794228,0.01205545534804503,0.002816160656940057,0.01071351597426503,0.011520227395680885,0.029139127942789066,0.018116806401716496,0.028723266957882458,0.007181029787641498,0.0009886591151700443,0.0010409308693209206,0.011324868648183533,0.011156992882967303,0.00784060124389284,0.007940738381829106,-3.3844978814023605,-3.3045878346096074,-0.8138585037565432,-4.7546093329231764,-3.465671336124569,-5.642111610060926,-4.933820425265053,-5.344018095752683,-10.134343950660025,-8.345202124576428,-6.465211770629018,-5.94403855524624,2.894014755426022,0.6032563804189519,0.5578902343000498,0.004244008442951206,6.753963218771853e-05
0.023912326569137474,0.018820069217920805,0.004759741772095966,0.0023960063383695164,0.02663098531195237,0.00022396553380729686,0.0008595623803457956,0.10585217939198818,0.0014573617064789243,0.0009616808539687957,0.012202233524868687,0.0028276243872272355,0.011326039478185241,0.011436896370764742,0.029141728948731845,0.018251684742341148,0.02662777637514664,0.0072481304578805705,0.0010364146523220174,0.0010406226531381796,0.01126387783417285,0.011190061942161027,0.008119636467609858,0.007679873672774564,-3.4372121064873387,-3.219315974688718,-0.8212434460875477,-4.7120653234481376,-3.3574231279583997,-6.14802190142034,-4.703952352469984,-5.149987642770628,-9.605845520498518,-8.129875446418636,-6.094764868218454,-6.394124084768093,2.7114352998360185,0.6387787943390193,0.5133424013488169,0.004187627649324685,6.304403278094216e-05
0.0243057627653261,0.01769471544073291,0.0047470670927919935,0.002551372355995792,0.026867922873467603,0.00020969445861350027,0.0008788628794444132,0.10832370798937783,0.0013367078358447748,0.0009278750776593857,0.011885986538759774,0.003027674289318003,0.011013891639339163,0.010843564943216177,0.0278432891980681,0.019283578557889702,0.02883728624619306,0.00711786831783139,0.0010381270781473241,0.0010012768482372827,0.011537225745667536,0.011428843134830923,0.008020402322559638,0.008350269642543878,-3.297401327109971,-3.205402756983723,-0.8164828092669763,-4.876822574188133,-3.4808704153620473,-5.814593879881768,-5.010420333849775,-5.158801809251094,-9.789453510405242,-8.338315660809537,-5.965507114675019,-5.972886527826628,2.7877859939765,0.6397619027053663,0.5649340501272013,0.004121815808193745,6.824355867310958e-05
0.02347864997950526,0.01815243313231224,0.00451115641282093,0.0024313631181368096,0.026071382502432985,0.0002170553908572403,0.0008528468652408388,0.1111763353597295,0.0013889722406471628,0.0009449890412998722,0.011693494143413734,0.002884742824609792,0.010686606677190322,0.011302940113200727,0.029157936002828955,0.019774577104293044,0.026984634875129337,0.007194219692827244,0.00103586606230259,0.0009578786444161021,0.010960727301162787,0.010456782210037758,0.007965526122917147,0.008288144065245112,-3.2377304512657203,-3.3363083564363105,-0.8105211596658155,-4.719051268521606,-3.5437427779461403,-6.127239286793743,-5.050788593445032,-5.357129406052007,-9.25121578458361,-8.192182468126472,-5.921325325698971,-6.167812058890487,2.694947580175497,0.6559126564621591,0.5581685784730593,0.0039237149584295476,6.623599386008356e-05
0.024384690584338,0.017377697708775026,0.004412322054548171,0.0023850974089936784,0.025850789642286258,0.00020909687510646863,0.0008546793661746205,0.10963522743140112,0.0014449134196003676,0.000962529223738274,0.01156396239030631,0.00294002873961178,0.01136286343483594,0.010935113935759279,0.028339661695728997,0.018510912367089506,0.0268301027311243,0.007334426732418359,0.0009677665340254119,0.0009929917770700298,0.010457034141862812,0.010693531694915456,0.008300951347589847,0.007967172930839527,-3.244835783996089,-3.2398678128433023,-0.8102953877341125,-4.555521550000789,-3.3261564403960553,-6.159178259161469,-4.759787354902759,-5.37573413274821,-9.609578687963191,-8.491034945846712,-5.915573011540426,-6.419274593521668,2.782311618727684,0.6508169851390658,0.5504341049975413,0.0038928548303378612,6.433960850207373e-05
0.02347041753444749,0.018041077233129477,0.0047957824886633305,0.002576959307502314,0.027137286657378683,0.00020990969621531683,0.0009021790641925201,0.10448321371346524,0.0014436523401037476,0.00095553109485328,0.012512908320618778,0.0029496680248278597,0.011441284518603647,0.010811533263178732,0.02676851597093349,0.019662765772347105,0.028815282332432017,0.007628205296096438,0.0010180640553895972,0.0009720979911900696,0.011245803717373737,0.01138489520922107,0.007622746871451091,0.008210841670089184,-3.491530214317588,-3.4697928626670476,-0.8534877070170467,-4.860709518299922,-3.5949969483149484,-5.886382934373713,-4.85514389878441,-5.1729526134995645,-9.627464954540164,-8.244985703960406,-6.349913496990186,-6.459453490231745,2.7230790548436943,0.6429594471530843,0.5388782053981748,0.004232208228461166,6.510340544991665e-05
0.023817310400988376,0.018391050908616747,0.004819484537080962,0.0024410465136459674,0.025785114668491736,0.00021861749020099394,0.0008731935345339936,0.11251403189425502,0.00142164989677363,0.0009543101289935481,0.012291599414389214,0.002856687574739919,0.011240235953228643,0.011304738814963588,0.02822838185251564,0.019549084770356988,0.02856103561049987,0.007461733297809231,0.0010472008737593963,0.0009530836657969265,0.0111043144352775,0.011311565592267696,0.008240231017862113,0.008207414705208351,-3.3047850372952587,-3.349757569478242,-0.7898888430844242,-4.53816563374105,-3.5919454341414943,-5.9590685907043275,-4.9083769262657935,-4.902207995233657,-9.635744118366938,-8.549956414187347,-6.396728740361061,-6.421448265758204,2.6768581663838917,0.648388285190023,0.5578341284458146,0.003901988396371446,6.603085757299697e-05
0.024857835353507857,0.018719048593385273,0.004441558742386138,0.002446970052200194,0.025619228542464515,0.00022684654250417562,0.0009043410551171263,0.11407894498996644,0.0013634316336606322,0.0010082426892836429,0.01257228654075322,0.0029944944174202974,0.011068385418687007,0.010471840952124795,0.027237016982445385,0.01846002899080811,0.027896307638861476,0.007851442959651574,0.0010151122561958873,0.0010135425929073225,0.011088294876491753,0.010996322043960262,0.008286257943027148,0.008316630326168858,-3.3624515934419597,-3.2858807017349143,-0.7820671660356867,-4.6383451124099535,-3.349068077064117,-6.139995484768821,-4.691021887961098,-5.058794589279434,-9.827952988508812,-8.525773303059017,-6.443916626073516,-6.340035920035747,2.8089539265756303,0.636803108130084,0.5663554071583368,0.004051870418224111,6.344441161096983e-05
0.022792256067311684,0.01727632924659234,0.004580191905154966,0.0023946300686578386,0.02690613735664029,0.00021703165829506282,0.0008699467549165168,0.10829452205848394,0.0014050312006020312,0.0009909186330885709,0.012311517051729004,0.0027694559786565326,0.011366462720243714,0.01148849573052042,0.028652787031362432,0.01807684824593363,0.027891626995516047,0.007365523431891881,0.0009684310563315635,0.001025115678702217,0.010562378425121694,0.011482393338681094,0.007695407150883631,0.007837361455445281,-3.2629719632358456,-3.2463976981087943,-0.8424093553999975,-4.741882807030191,-3.616939785739076,-6.183164482365009,-5.04155819312946,-5.103885564929027,-9.772530084312779,-8.071832170340663,-6.403881532364947,-6.272804370050467,2.814642394263665,0.6390695324809597,0.5283698437603235,0.004256090017238249,6.697426966035637e-05
0.024349801040042786,0.018630672738114945,0.004488986222036653,0.0025415389186528217,0.026060207123070153,0.00021817562651544136,0.0008348294725496144,0.10692600022151734,0.0013378910262071917,0.0010083451734076007,0.011589867900488755,0.002949367860429448,0.010751399285947797,0.010831369422320613,0.027342622502602117,0.01977528918655707,0.027903994399786396,0.0077798759616296296,0.0010303081659274603,0.0009954034929299323,0.01136219664394958,0.011078018950610108,0.008397628080689038,0.008027525041439042,-3.4044992058481913,-3.3678307549893844,-0.8043402107389748,-4.68718935235459,-3.546165481792796,-5.69557918018209,-4.975964884720142,-4.93012822518022,-10.139952438094944,-8.048036547520978,-6.481291595645938,-6.238748295003961,2.8615036978348813,0.6548059061670071,0.5158894916824996,0.0041149777139642,6.781878003234497e-05
0.023739612675101943,0.017362152600491013,0.004750778564838366,0.0024820932277820804,0.024889546254730215,0.0002209469751563451,0.0008898773967234462,0.10955501766743717,0.0013342881060839442,0.0009573037847711024,0.012456322885853513,0.0030344413796857036,0.010517727961892532,0.011015037803887174,0.027981881815251665,0.019080158841064815,0.027913299604092525,0.007686126853684813,0.0009956104160539175,0.0010133285677603094,0.010801503896523564,0.011230989552204739,0.008159204010672886,0.008194998018545185,-3.4730775981948234,-3.3622148070376454,-0.8378630236130745,-4.490113914318845,-3.5146349117362545,-6.006716877308589,-4.8350306302465915,-4.895141550556522,-9.740524732867431,-8.170107661796033,-6.509179747395742,-5.98138030832454,2.713579916404308,0.6551185772779129,0.5323075420171365,0.003920164845331764,6.886964856576386e-05
0.024972524448593957,0.017177724876741664,0.004628835518534114,0.0024129324397818936,0.024600786496358586,0.00022255740538075033,0.0008615802002625442,0.10761321483960545,0.0013802161225378669,0.0009779284872992497,0.011979984070348707,0.002864972124446888,0.011350298313654968,0.010666946083565299,0.029022820471275235,0.019593917091108862,0.027225249933059224,0.007524767158748516,0.0010167237243263046,0.0009751075591566345,0.010867975322636345,0.010966578752537873,0.0077952562923786165,0.00830073297752756,-3.1871234895569276,-3.443383399176108,-0.8025719673104507,-4.509778156715167,-3.4571872370352184,-5.821640991452489,-4.845017238226241,-5.3145139929114125,-9.459748919859742,-8.135867671335044,-6.338720200840865,-6.488271099552767,2.8654411425556265,0.6577232619613269,0.5196597558005155,0.004238406569604365,6.833290771480855e-05
0.022779173442721633,0.017106738155273866,0.004732624714862637,0.002491043837932185,0.026125482576240408,0.00021723019261599526,0.0009096446012723394,0.10481157700328465,0.0013719362806826015,0.0009334557608557041,0.012141745063266238,0.002931885770211199,0.011303224252225493,0.011294041982315652,0.028889403820776555,0.019411747208128636,0.028437376839746776,0.007122278147232336,0.0009787890078819066,0.0010362101485510227,0.0108845287182174,0.01132766434390236,0.007764150567173255,0.007601552310152858,-3.4211877784574285,-3.184553752911603,-0.7854440456749799,-4.465026060019314,-3.5162159667407034,-5.875501011155518,-4.647779486298957,-5.002408400971606,-9.743992480507341,-8.53064840967375,-6.400852289556936,-6.124984571235237,2.692523237199191,0.6539040635627378,0.5555829963073141,0.004066710942434864,6.785472722720229e-05
0.023889039344865966,0.018507392743156027,0.004427988446899463,0.002552144783402394,0.025147223469552574,0.00021169036341799614,0.000900762369468485,0.10389914905113032,0.001400219266149231,0.0009284799697523178,0.011592332472757866,0.002955143756759913,0.011490369758256905,0.01107668137853852,0.02710878774486376,0.0188249684734652,0.028318147857225286,0.007500937270514194,0.001024887666697407,0.0009960298426346583,0.0107501996026695,0.011127189207301845,0.008017042265722044,0.007987756434091086,-3.337986223183964,-3.1693087129364073,-0.8255795569360679,-4.5673345586782546,-3.2850249193519905,-5.7003862450881355,-4.8787584969544255,-5.041903306478236,-9.837659446429873,-8.598732489239117,-5.9474649637428465,-5.935367531604958,2.880198143558291,0.6592790926762618,0.5329470970436846,0.003886178993317662,6.454274798787531e-05
0.02301568587625866,0.01829381724725678,0.004445036464624883,0.0025833869603296452,0.026416644506039814,0.0002212254277234297,0.0008688140189118017,0.11019458029473857,0.0014165649398427402,0.0010172543335436495,0.01212123745608419,0.003009669675312364,0.01054784268694713,0.010601741788877328,0.029165096564419502,0.019418505292782093,0.02809362181017423,0.007491830346794908,0.0010227993458942267,0.0010096357590334403,0.011409518641032627,0.01116147575714933,0.007868126970615227,0.008363478100935835,-3.365433348138366,-3.351962718039971,-0.7791545486344189,-4.542427662279953,-3.4306957903248225,-5.707625667438031,-5.12042274133854,-5.380576054663067,-9.553450026128838,-8.138463668326938,-6.487415338557108,-6.205643596803538,2.78208235543949,0.6640653302831283,0.5630205262720643,0.004100192624567928,6.821813566882316e-05
0.02295688299264209,0.01787850062682445,0.004720092628923675,0.0025448079614414946,0.026627830032651137,0.00021006051648001216,0.000854951842721532,0.11395258648098953,0.0014029497068311202,0.0009370901226940223,0.012531369164796271,0.0030057431016997285,0.010755442782608761,0.010842519468264995,0.026884556486411568,0.018487282651378445,0.02730866463144436,0.007799486976969055,0.0010415980289094136,0.0010370209749930265,0.011404228563978698,0.010955420656806653,0.0077935259754082255,0.008064712243961998,-3.359805321403496,-3.277887920374068,-0.8293898768581075,-4.641409190733602,-3.549240245418055,-6.099901423620396,-4.9367343631326355,-4.976300116558462,-9.858484589586608,-8.417462467260446,-6.2204864822705455,-6.271280328986618,2.8124888842736526,0.6328195703998817,0.5228815298501546,0.004220754107632182,6.443803711557347e-05
0.023716105647406907,0.018705372979604902,0.004630852238592876,0.0023952876122842817,0.025824871268686506,0.00022603296669907678,0.0009153436211154753,0.10406009747550828,0.0014592290170900568,0.0009695179844507554,0.011649040997300941,0.002845665973776168,0.01059504350697529,0.01120861889379091,0.028508499493344327,0.01818161999105201,0.02678457364202404,0.00765509834779023,0.0009822619524227972,0.0009814537389790212,0.01149871566438522,0.01084143721716285,0.008252934127707239,0.007923349090770929,-3.2389655642930304,-3.206555921175811,-0.8554446614570987,-4.741435763423786,-3.560302853567903,-5.982027042312767,-4.7368040040396755,-4.897435573217704,-9.709044572160176,-8.022029497385386,-5.973062186359029,-5.916095576433741,2.6858938754138353,0.6527787024829603,0.5634568072217054,0.004031249749516148,6.528099244081188e-05
0.022913156003537806,0.017859663001456222,0.004819401132023676,0.002482373747176413,0.025833876831009,0.00022807562755763672,0.000902530793567553,0.10698418258948768,0.0014149267884259519,0.0009348709343219532,0.01258246033383806,0.0028463674617863464,0.011323222220936919,0.010647429803778875,0.026908278622166906,0.018514266705458388,0.029319541591825846,0.007595878507189128,0.0009718384316770351,0.000975706263622179,0.011077991627593731,0.010659225450129626,0.007749699690413698,0.008142399311986962,-3.2953054576584897,-3.444954079574881,-0.8204681076656223,-4.6894616025553155,-3.458837835219966,-5.997071915110161,-4.863939613511381,-5.362201919211352,-10.169929816267834,-8.229684656883737,-6.296941941783463,-6.474275642531339,2.91850062590421,0.6336706626360822,0.5168062758647215,0.004173123165555943,6.278203667086691e-05
0.023553270471657152,0.01815401188080597,0.004504428302296345,0.0025638494200902764,0.02479110104803096,0.00022193096281045933,0.0008752317341614893,0.10880517723538019,0.0014108711106957119,0.0009461635618583326,0.01188567148295815,0.0028770449981783924,0.01098204678958292,0.010813888827367195,0.028883396376712778,0.01835849255719363,0.027105855804655677,0.007793565086815363,0.0009903765544193618,0.0009649064830237323,0.01138583266681202,0.010656179032837184,0.008178256229458903,0.00809508832189293,-3.424914983642206,-3.171753225813103,-0.8560229490521851,-4.48170333277918,-3.6212852426732143,-5.979465707033537,-4.809967705032143,-5.0981135613769215,-9.408274561875764,-8.289725861927897,-6.1981550500167,-6.440751608037146,2.7676052875949018,0.6330288609373896,0.5384403438123296,0.004061490085025487,6.327369661350656e-05
0.0228386984736897,0.017584246199822996,0.0044257641193334255,0.0024577896758015195,0.026744138222538835,0.0002150511755060624,0.0008973440447943029,0.10909995199871672,0.0014018041164690098,0.00101282466106122,0.012346655528973998,0.002983354416496336,0.011196074510587158,0.010905067630735189,0.028318507079255893,0.019648626839253735,0.028225888429419713,0.0072473830472424405,0.0009936703709984506,0.0010182778127373184,0.011520643417661673,0.011332701280498462,0.008018125910243932,0.008295891372711858,-3.1995354113519014,-3.235464601890946,-0.8485622909990297,-4.838738373085965,-3.503430522095994,-5.769888860756802,-4.833524932987662,-5.064495173063423,-10.122971560491662,-8.548585381796848,-6.386154050820494,-6.409503686754798,2.86681914815846,0.6255973050740979,0.5188770120312376,0.003949571867747585,6.889598327793302e-05
0.024133856031208798,0.017326833516583057,0.00465920659389792,0.0023644306710823657,0.02516151241001366,0.00022203023056690892,0.0008991363015038247,0.1118286753612765,0.0013467689713850988,0.0010030843834643328,0.0122168228269636,0.002807848478572199,0.011274499006303406,0.011316855304803355,0.028447766394349136,0.019903563009589554,0.02667544779228836,0.007690349563327692,0.0010324944547503445,0.0009908303284528572,0.010623127456920225,0.010499318347643465,0.007731299144725984,0.008168668837214937,-3.4603006294143794,-3.331676280234868,-0.8162471748203619,-4.739180209622003,-3.4081397063675443,-5.653524568930641,-4.772130223307434,-5.257923208252197,-9.623010850778732,-8.012533976329971,-6.058099719381103,-6.37406287190027,2.6929754850352445,0.6641638489294308,0.5321517126833007,0.004238921616752941,6.39513754116622e-05
0.02432722028531507,0.0181189889886182,0.004476949036804764,0.002425532961279609,0.026823011851155834,0.00022297607928557287,0.0008794159679046648,0.11091243667099007,0.001340204373985743,0.0010171183824154552,0.012165820554866303,0.00286795150093333,0.011353390593857779,0.010509041738942322,0.028896765868088158,0.019083664963413238,0.028277500604208455,0.007677018441054985,0.0009585312627595956,0.0009632907809754209,0.010456342385605564,0.01086329878535725,0.007944477413043438,0.008051013436719668,-3.4899886667752926,-3.176665087962464,-0.8284434551841338,-4.810894909616528,-3.551757006671494,-6.163856982659637,-4.94365974249934,-5.195966026528581,-9.523970553979899,-8.284526778884723,-6.231580955598077,-6.4989935790203965,2.918681590041445,0.613734015227171,0.5289270132442955,0.004241581685390781,6.35815919707672e-05
0.022761686117936625,0.01833522109639253,0.00446784024424041,0.002569872636405971,0.02542996146687434,0.00022417392840975284,0.0009003577809492852,0.10655097524667174,0.001329456510526463,0.0009753980545152924,0.012072436215641124,0.0028684424154726777,0.010683045081009068,0.011423723687735303,0.028291954446772103,0.019782642302897564,0.027531600918509192,0.007394538900638398,0.0010348956404876266,0.0009642899632006527,0.011015118282477946,0.011476787434886108,0.008198629736134349,0.007808236671744011,-3.3326820008658733,-3.2883087917368057,-0.8344846662207435,-4.837374106302549,-3.4753167815573582,-5.738095369359113,-4.907080309806215,-5.2470044336822745,-9.980725156987454,-7.982636734420406,-6.085241705476841,-6.06395115548948,2.8201513145120733,0.6025847347463812,0.5609837100327699,0.0039850256001379035,6.865904521259691e-05
0.023983507591950122,0.018503859779199872,0.004481090279635676,0.002373914224533799,0.026949678263723725,0.000223813202740265,0.0008692372271680706,0.11058246313168336,0.0014131849126710345,0.0010088423283293533,0.01175437517978883,0.002923637418627745,0.011534600016067284,0.010504018309951825,0.02920753968619528,0.019605315830738594,0.02762618485192353,0.007287602725444784,0.0010263517414777228,0.001006041943877401,0.010952454983505758,0.011190811887941458,0.007882850183689288,0.008347325879328087,-3.1760300934272987,-3.3525628420730964,-0.7809938026707618,-4.815944973746319,-3.354513582985253,-6.031821439481065,-4.740398228732119,-5.37404141113738,-9.838782533636204,-8.513482833893008,-5.971611000180848,-6.373217485388727,2.77679993947823,0.6506008738678398,0.5158326584918016,0.004081637384692561,6.58876601826968e-05
0.023561479099343294,0.018781387339741464,0.0045719795218255145,0.0023880560601072464,0.026672454491092967,0.00022414427013706226,0.0008303269067356944,0.1052690365972018,0.0013723128830806027,0.0009528392418683244,0.011636504902173257,0.0029755439129247694,0.011411415652951137,0.011199605216054667,0.029104478879119676,0.019414118015717366,0.02771580355013806,0.007463209993812549,0.0010255029791270364,0.0009580418944882848,0.010509152449798808,0.010696718058544488,0.008077407943118387,0.008384002366701483,-3.3300273271074112,-3.2070516992917404,-0.8270506526299309,-4.592987127493612,-3.3468400910491622,-6.047210891522625,-4.720813693274157,-5.3413302727586345,-9.39169304193769,-8.218142323401349,-6.467264080580734,-6.47385729130312,2.9166862467248924,0.6366540597226236,0.5631303832557119,0.0041406993452157885,6.404285207360762e-05
0.0237277330538768,0.018645557223087323,0.004754940722549712,0.00240347354710205,0.024768934041408352,0.00021776665174845175,0.0008461636992484259,0.11437630769258607,0.0014615456583120588,0.001007416443751147,0.012062839074251167,0.0028364870391763123,0.011149661050905984,0.010989170702466387,0.027784005388357166,0.01964195288063605,0.02802531443141692,0.007626969186909306,0.0009594614398840038,0.0009897592093295782,0.010748801154957091,0.01135191440571336,0.00829541477384197,0.008075245741870957,-3.4652330752903806,-3.4276077358878188,-0.8018281585093161,-4.423865506493574,-3.4714253302309706,-6.0592216233681775,-4.729778630928574,-5.301770541993224,-9.544088762074288,-8.179885788214955,-6.3874286038648185,-6.407635961944975,2.6467932585336147,0.6626449501823138,0.5392460626413432,0.0039259611412485705,6.844718146765989e-05
0.023469127574524233,0.018009066991482237,0.004455066244260326,0.0023962340668910813,0.024607698477456058,0.0002203003062779707,0.0008353701107356013,0.10688397034201468,0.0014185355941165921,0.0010041541988778412,0.0116336548962927,0.0027870477479466165,0.01105037800364487,0.011238586997917303,0.027218903262524335,0.01808720772841102,0.02781199598441478,0.007413171466077053,0.0010392428489360702,0.000982325934990566,0.011196213858577502,0.01085268735901779,0.007836837097170618,0.008124630058197812,-3.2725081475488524,-3.163049106044234,-0.7857705821300516,-4.716603091725364,-3.333613773174975,-5.809598793236607,-4.850487131610202,-5.04345947983505,-9.316140391176697,-8.19081846029393,-6.203612314136482,-6.032988115188234,2.918080345205157,0.6198692022732191,0.5201822848232691,0.003964685959845728,6.356586126105013e-05
0.02272547458022619,0.01725819333080473,0.004809666143887194,0.002415781814443031,0.02660722241282227,0.00022528479070321739,0.0008324633643642273,0.10497274690528911,0.0014587599616075583,0.0010130788677303183,0.01267184257957937,0.0028957769578542647,0.011511905564958198,0.011417238539059177,0.026890445175677506,0.01902910078906151,0.027616697311804304,0.007647942302594043,0.000987158307122863,0.0010391008854112875,0.011355745153750799,0.011454275561211272,0.007972370452719618,0.008216407725699544,-3.2323034217255806,-3.4022567527987198,-0.8499758330038253,-4.766331225871751,-3.345354529905621,-6.052404607913516,-4.836729799083768,-5.02875205093609,-9.93056017939566,-8.44164947337153,-5.941924887511927,-5.9881796223651005,2.8749660000721624,0.6216222896951162,0.5542210285922573,0.0041517562804407005,6.498240190029051e-05
0.024742487694885358,0.018662877026330106,0.004572502444543489,0.002589094072738979,0.026956421117426847,0.00021567771277650988,0.0008773877522333034,0.1143683149354515,0.0013875355177181208,0.0010041230241100319,0.012337402269067411,0.0028657522790356852,0.011131771726855626,0.011452744674991605,0.027102197882397545,0.01819551278344885,0.02748461342380502,0.007155161828696797,0.0010457815017867673,0.0010470088074080197,0.011164378762020965,0.010867555165972138,0.0078878112444729,0.008115338240636302,-3.3743263981882596,-3.456194280229039,-0.8134979284140327,-4.676097466301422,-3.412904366085645,-5.762066302399178,-4.829528282706033,-5.339676060663157,-10.028925789537636,-8.605114425272584,-5.942214953974001,-6.50227791705323,2.9135972487922785,0.608078989644268,0.5382375617698368,0.004171167463956985,6.278650557705355e-05
0.024341073628195656,0.017130481145768244,0.00453719051985495,0.002529479589422221,0.025108621089698413,0.00022456920275511916,0.0008767632067677353,0.11075678449114977,0.0013457268186627355,0.0009471908977211741,0.011938236316564127,0.0028125819814442455,0.011134942217525977,0.010703944113284545,0.02746934277862833,0.019843256366361247,0.029196678324453967,0.007180163693827869,0.0010105288356335234,0.0010293379348231266,0.01057153589918343,0.01054572574102046,0.008368227141779426,0.008155940114532457,-3.3294548364568257,-3.239024137534315,-0.786057121799434,-4.77491398626186,-3.4633137833810625,-5.757363874469321,-4.892521394873635,-5.232660632032648,-9.27060707105779,-8.283909601116532,-5.954857213251315,-5.910342593977206,2.7755231767188544,0.6344358171670722,0.5430000801142105,0.004020976378271849,6.563459469857314e-05
0.02498895812301238,0.018624256468644334,0.004411114665307014,0.0025575431969804357,0.026780546446824496,0.00022114760446908597,0.0008416044876326797,0.10830429660362158,0.0013434287883436326,0.0009290638190778633,0.011561955403945293,0.002851916116250187,0.011219465968868076,0.011203491710069305,0.028614966016319705,0.01916770937909444,0.02893115235586541,0.0077478147313461395,0.0009668961091552492,0.0009817508579667887,0.011081660047761678,0.011456314559122327,0.008058155273659225,0.008383670731748739,-3.259119164014808,-3.3409067500877057,-0.7870157517114191,-4.737588818727818,-3.593456653906733,-5.653782369976994,-5.057544995790282,-5.286953430597313,-9.7747935385083,-8.453531994538674,-6.327119478481207,-6.303010372976134,2.6680405439344956,0.6359654410034591,0.5219100844314922,0.0038603280577981483,6.637107348241243e-05
0.024829731612482968,0.017168326315914095,0.004780062167204706,0.00254801834314044,0.025053056097081396,0.00022587570784985084,0.000834692323434514,0.11272679312722562,0.001435839668482915,0.0009678001003735423,0.012689153516999877,0.002910910903225311,0.011244359471315796,0.011475009823797308,0.029050937007727314,0.018644090617268398,0.028548822389545172,0.007352840073466263,0.0010130253177951102,0.0009768962657883266,0.010560552897171038,0.011100857771731708,0.008069227637484695,0.007965048465276098,-3.279188074831979,-3.452567076226314,-0.8297304931524845,-4.826112764693714,-3.521494544133037,-5.971827344969714,-4.958498223333765,-5.395446485305444,-10.148238312823896,-7.954821786454705,-6.504980671129958,-6.242094622046441,2.705157492106555,0.6390002624423832,0.5644256574286463,0.004260360262386115,6.308900383286533e-05
0.024318545226052864,0.01846050094247746,0.004585567516589614,0.0024781108015778657,0.024647503121182465,0.00022140612058730859,0.0008955447373374283,0.10982595466291697,0.0014268879747581303,0.001015271912917979,0.012319758326771867,0.002972138725286461,0.010890909588344919,0.01134962068570465,0.026794189452105377,0.019815701176486553,0.028654603103300747,0.0076858799047690215,0.0009539676326987094,0.001003776443900093,0.010932311819448582,0.010743578642098926,0.007691778694390924,0.007818191901512273,-3.170231765447125,-3.237648292765989,-0.7785092947972426,-4.615395477607839,-3.2903946824274257,-5.93433131035146,-4.76065210244494,-5.352347818113499,-9.924971419847976,-7.861736496048315,-6.004265879732756,-5.9396262155252115,2.661870585435792,0.6575461830942484,0.5657146911361156,0.004225897904764489,6.35468372789589e-05
0.02424705999855438,0.01766800840897488,0.004775306509870941,0.002500327645640703,0.02682931530331851,0.0002115128172341421,0.0008368786070608188,0.11424829474337155,0.0014210029696806964,0.0010049865511385537,0.012278225788419047,0.0029969482055480744,0.011262719881511181,0.011106386935487017,0.0290207992894388,0.01896763949961058,0.028707202550861108,0.007571517090268348,0.0010093272833335807,0.000996415320517166,0.011111440110918894,0.011532479138734666,0.007842495185380662,0.007978224409014203,-3.3604062113980753,-3.188103684128917,-0.7817067796628663,-4.456206971785048,-3.407156021534676,-5.827606137242415,-4.941305490548198,-4.940678946239492,-9.662118385924012,-8.243846732181213,-6.271830062808315,-6.309956050183826,2.917376243233002,0.6478041608758407,0.5660556961674136,0.004136768813944289,6.270857048705814e-05
0.024961941230956585,0.018265995602595557,0.004744340179071903,0.0023698609570404045,0.025238964460624257,0.00021995757166376798,0.0009095423248431041,0.11123863005108071,0.0013552860540909262,0.0010043245889126877,0.012298496462468358,0.002940801522239484,0.011547968104036853,0.01096505345085029,0.027060669425035468,0.019356873290216445,0.026650157097579456,0.007225347878299617,0.0010428087654128133,0.0010254793409029332,0.010863981329895364,0.010687507134213872,0.008132714678563729,0.008387686557638547,-3.1824676026792105,-3.324175290211484,-0.8390032443191889,-4.612699721910682,-3.412579498606016,-5.947505286183694,-5.053487797682799,-4.911788898958199,-9.86330096030772,-8.097093377536096,-6.0133713361089365,-6.068432042529397,2.7740191760829083,0.6061344211575823,0.5372479496122269,0.003983156883085731,6.27181276014018e-05
0.024757245162371832,0.017746894509059145,0.004826655375867601,0.0024142184835163013,0.02555943321010536,0.00021534335535688894,0.0008312953659492932,0.11108751143873473,0.0013430719617839636,0.0010164709798202306,0.012512564777702932,0.0028149605944028304,0.010636609573877418,0.010844333420760527,0.028634667093023182,0.018355101672626266,0.028527254437174125,0.00742742430624972,0.0010192040668787273,0.0010068465951251432,0.010884096438976672,0.010884866019353637,0.007990283978852816,0.007932533602290983,-3.3751404517791843,-3.202838746072408,-0.7965143832704971,-4.477978300952272,-3.2796648367521626,-6.11635020738281,-5.085503994723099,-5.292763653107352,-10.022734569690979,-7.931468376415846,-6.1033243778057,-6.42894090572537,2.9219785806908884,0.6220521242950536,0.5254202799328335,0.003996151156994236,6.65908664019273e-05
0.02414838260528024,0.018837851407085014,0.004759049255301211,0.0024307470833424966,0.025059846179815375,0.00020959642482385927,0.0009062934942326187,0.10395533803966713,0.0013864029875583362,0.000976190916474505,0.01215495686951773,0.002755943370038298,0.011356423305275285,0.011325431747880881,0.029342982719032042,0.019911171206820875,0.02828814388582872,0.007745664705444846,0.0009968126811895012,0.000980758500351059,0.011455459381405275,0.010808028795387442,0.008262839739362501,0.007742754848468744,-3.3590519499389515,-3.423841075023433,-0.8390847098270586,-4.714943411141954,-3.4776878343758577,-5.830928866985931,-4.771570930623875,-4.966811325603129,-9.35413880090902,-8.232871452611375,-5.96680611778152,-5.975223246573611,2.7484910490402963,0.6576523654929257,0.5140538717205615,0.0040360727875921355,6.602477816848895e-05
0.023084947464474585,0.017855488411339635,0.004380801723607399,0.0024077963201593854,0.026380343194968115,0.00022883433049649397,0.0008965738302374584,0.10776099839677847,0.001338213296293604,0.000950393452908293,0.012101166187828133,0.0029545424200182386,0.010699933490653232,0.010680502182187183,0.029092183429449876,0.019660672091702663,0.028319949079685134,0.0072442866396891055,0.0010123721854807342,0.0010230515305658424,0.01154757943350788,0.011124022474677635,0.007813547744982085,0.0081964438020527,-3.17805124907665,-3.2219261515502473,-0.7984910961567057,-4.473326724304001,-3.4235093632839853,-5.951009350816541,-4.76198359088692,-4.9201984371230925,-9.655706090597658,-7.995765440688212,-6.2985909303122005,-6.165789715919971,2.6714649788390696,0.6447518379375851,0.5543248061244676,0.004007580753603554,6.454079745784168e-05
0.02330347497342135,0.01854709857701882,0.004615837115052123,0.0025169388986906044,0.027085753132911356,0.00021442259562633986,0.0008422643227606325,0.11229281356890042,0.0013264005365271451,0.0010168571770213409,0.012639540005512028,0.0028115751660592685,0.011384303027341993,0.01102640101514918,0.02717255590073584,0.018431383462182083,0.02725136735327029,0.007159331375987017,0.0010085844319582976,0.001032470652268984,0.01106342539500509,0.011353300588124103,0.008151589121348586,0.008143367059854294,-3.3417460833199337,-3.358480193676135,-0.7870904342407143,-4.564264264583725,-3.315984848796488,-5.752619923140823,-5.1024231731092184,-5.198285989838467,-9.89421425463717,-8.533778810050336,-6.064519032258988,-5.962969181088658,2.7712364312747897,0.6191893917443518,0.5641908792625088,0.004099868406168261,6.418635407986489e-05
0.024478439109478185,0.01814507577278989,0.0045172133162536205,0.0023773975456211306,0.026057947558540785,0.0002170858963458536,0.000888243899992152,0.10802954861648201,0.0013819716923821773,0.0009822450975022622,0.012230066151539862,0.002998343010659935,0.010615490342651222,0.011050491344427144,0.0270009261810115,0.018889811308719234,0.02858612453807562,0.007404359551497087,0.0009926500006782833,0.0009912459131563394,0.011067645447737907,0.010473215391627815,0.007895533864708225,0.00831431626583726,-3.2359523519469624,-3.4616799527145004,-0.8338914312133231,-4.492201679732846,-3.381327107273691,-5.932718486418093,-5.023093263741043,-5.083397859523257,-9.783670877166063,-8.027319612995697,-5.958591408655536,-6.470873309511316,2.832109729898956,0.6246525563460248,0.5489123681820063,0.004100510549292586,6.298772553575448e-05
0.023626711319276232,0.01873060351033979,0.004554051160175451,0.002536224158599066,0.025615614822898116,0.0002190389371732929,0.0008890295036472154,0.10909269881995037,0.0013370899149521584,0.0009918608817271798,0.0118098902212579,0.0029634861908831344,0.01057368605842562,0.01145441033833103,0.02919915674229381,0.018565090842932428,0.028877049157966937,0.007525511554726512,0.0009841839145076335,0.0009801187306230624,0.010527146382541293,0.011025787953263613,0.007928635277664253,0.008103783648523492,-3.4706873449969815,-3.2455458350902266,-0.8072252690179647,-4.611226903985998,-3.3762634130489233,-5.8500726543393125,-4.842081855464768,-5.340570385033259,-9.481196977959979,-8.219635879321265,-6.33365777272379,-6.306884918191344,2.686800022400436,0.6642855166330748,0.5369582202676212,0.004190343237277351,6.866178141404888e-05
0.02356963470487365,0.01855397155542761,0.004593097288741594,0.002375287763044731,0.02468532863399758,0.00022064370378285198,0.0008479350404947108,0.10875672039186685,0.0013389292769903046,0.0009615954292852678,0.012181572923295149,0.0028529518764969907,0.010566718147757916,0.011499700655666837,0.029286838595250417,0.018652685305411105,0.0286813771985089,0.007170650828620183,0.000985718023349856,0.001021560984897105,0.011251506154985038,0.011435743894311172,0.008306594482964074,0.008230267027926775,-3.495282397498583,-3.4109971912837476,-0.8447689699055609,-4.542852418407777,-3.4122026793357003,-6.149862922284359,-5.0050680800265654,-4.982079997530023,-9.678895742396655,-8.163251550770749,-6.041191643432238,-5.923786283106076,2.910396316220842,0.6146300711885094,0.5406444036617698,0.0041741706004985194,6.716142564329665e-05
0.023811619981186218,0.01805401416908298,0.004656665407173515,0.0024068069613867676,0.024640698251455595,0.0002168872079604972,0.0008755409470338298,0.10482143281105655,0.001351872085045757,0.0009860295258502926,0.01231376831656734,0.002790356174118581,0.011268598016853083,0.0111570981905212,0.029010552573608173,0.019221157864211972,0.02808554864817918,0.007720753573205005,0.0009809278810622465,0.0010417351867338257,0.01087259471821148,0.011250250205799011,0.007770223378730718,0.008273389991342618,-3.4446329957207356,-3.4292208703106217,-0.7995046694115983,-4.451952829713788,-3.344699784086645,-5.717540255888209,-4.822571089427994,-5.224881373112957,-9.2497696347652,-8.282162873411114,-6.2694643242982915,-6.0586016371316145,2.752382299416046,0.6433589065794628,0.514656825058643,0.004197026989291237,6.343681189275446e-05
0.02431069203789437,0.01753051488337645,0.004548731164083658,0.0025935526076760213,0.02620819655342012,0.0002092241428059535,0.0009058781050626462,0.10643345411846847,0.0014141924055829612,0.0009224943531410202,0.01152802606425948,0.002851845277705679,0.011430732856083025,0.011153886847518498,0.02798912567250074,0.019342033949589176,0.028942537664946002,0.007476824740844388,0.0009914367924471687,0.0009540512053882186,0.010773405202259738,0.011104510076433817,0.008095637697706964,0.00802662570256053,-3.16362455491323,-3.322510974525898,-0.8493725347683554,-4.547811602382138,-3.538772136066401,-5.97796263987454,-4.757522891157492,-5.309202632573185,-10.153166123524622,-8.555808227617435,-6.299886554555428,-6.136518916423804,2.860891618098261,0.647580390580447,0.5338811584850379,0.0042117112179370485,6.626477101349814e-05
0.023138441375807818,0.018135899308613364,0.004470917565086547,0.00258279739463905,0.02596994584472484,0.00022222175057748158,0.0008823329884569245,0.10550768742166158,0.0013421465613482756,0.0009930883284880027,0.012322548176797767,0.002796943671048325,0.010511552741358508,0.01154638692838265,0.027033044096473852,0.01877494771419146,0.02871731228424633,0.007631682328195418,0.0009683847717382748,0.0009811525505175256,0.01112067920634237,0.011377985500356751,0.00806095222642228,0.007751183051544732,-3.2940103778068233,-3.318565813590937,-0.8058277307968837,-4.614572253198859,-3.3755950673280557,-5.908123953538303,-4.959665964695092,-5.005218467429999,-9.405214031463789,-8.083423760234076,-6.2348024639454405,-6.39527123740958,2.797666611024686,0.6087675347842533,0.5254996499269488,0.0038702770042306676,6.302645789885742e-05
0.023597991923078213,0.017964478313137983,0.004439910865797919,0.002572863705833063,0.02534845016073817,0.0002122069045578057,0.000839042823380886,0.11206085951685432,0.0014144728506085415,0.0009859695579520222,0.011618227602979047,0.0030349672934936347,0.010471575572238826,0.010793149724560986,0.028327599056116728,0.019780882563271752,0.02667960696223243,0.007323538186052186,0.000997589361473399,0.0009589653897588117,0.010967898712291707,0.010660846721069539,0.00810104682798728,0.00795364203456794,-3.338462014190887,-3.4268815341473093,-0.8536156890762608,-4.851190263975105,-3.381780263470297,-5.63362542690922,-5.1224264306649605,-4.947571961500795,-9.621912279209994,-8.42546873151628,-6.312922761885067,-6.4674880790609315,2.7525531419422062,0.6476666450998131,0.5570100504673349,0.00424930990889723,6.817525198847481e-05
0.023918802191637126,0.018875412958971393,0.00459973784324398,0.002578847923081419,0.02554062927012211,0.00021780222109242384,0.0008319346665557057,0.11066609876955748,0.0014594147936303013,0.000969367962274171,0.012244935796848933,0.0027837814417556055,0.010762827664086372,0.011215674346691913,0.029314095963532766,0.019227376599093623,0.02873479574999322,0.007568328485162713,0.0010000295287863907,0.0010156415032043042,0.011043496756470206,0.010943281571655236,0.008096548756829938,0.007995601197763042,-3.2212592818668293,-3.3716731799004105,-0.8024395729423262,-4.728998896410614,-3.3353563071547137,-5.9734519709072975,-4.860731058970302,-5.132688204558924,-10.105528881563423,-8.380595315116924,-6.082029013967999,-6.094458150605135,2.8223180582864607,0.6165716637837153,0.5485425396185675,0.004236307874441458,6.86777053951972e-05
0.023087413119587268,0.018752670610889484,0.004719594964521856,0.0025138618178588996,0.025502131964060863,0.0002302318015530499,0.0008722044487675876,0.11231151364301194,0.001423544089076313,0.0009631507935324463,0.012677140469547871,0.0030256312046018545,0.010744295626292958,0.010952042167907076,0.027372849665390823,0.01815254618889665,0.029366164048588776,0.007282687380481564,0.0009583999382396662,0.0009630607980037537,0.011192636888290282,0.011420623412654186,0.007725515984332026,0.008113341316473562,-3.1807111126014953,-3.253811062556929,-0.8056800507987127,-4.598945053763405,-3.4847445502777803,-6.1434742379165375,-4.72836617149695,-4.911141261159798,-9.626099560829692,-8.08841687943327,-6.009031324863729,-6.131736428879552,2.67846594127601,0.6621758294564527,0.5615546151566182,0.003953038519507497,6.805768505917001e-05
0.022889814973305646,0.018640805011008805,0.004811303547118213,0.0025196215869316145,0.025301101995742956,0.00022557168349216644,0.0008533990441356656,0.10971225793253131,0.0013426109435607696,0.0009497624219770337,0.011939229301389555,0.0028880802436765923,0.011287904750765807,0.011300638033893758,0.02766063254791844,0.018315214909790704,0.028850186590147035,0.007841449481491848,0.0010304133683860244,0.0009685270708182719,0.010908326611800339,0.011202373374998017,0.007885506569953148,0.007776937140059953,-3.405159264908469,-3.1799626364230504,-0.8046498538744498,-4.832915254735761,-3.3242819797209475,-6.0822826926222655,-4.758508818759084,-5.047591112209636,-9.268804461355664,-8.204673589022018,-6.372363260936566,-6.192350282683418,2.8662944916690543,0.6304467976726381,0.5605237287901065,0.004188794945079319,6.81966435390154e-05
0.02411995482258172,0.018327415114774717,0.004613174153386511,0.002511485325515065,0.02700210448093307,0.0002105644995486853,0.0008359979316606564,0.10674969779339111,0.001374148585795832,0.00095802288565551,0.01236605983723564,0.00284281378718379,0.010537342693530887,0.011065100090759285,0.029337548527665888,0.01807284498893395,0.028298321670287147,0.007402818656566676,0.0010024837876687711,0.0009676321775860841,0.010612031369553418,0.011019322677222396,0.008270281826416507,0.008280559198068018,-3.20165141012815,-3.1934991284168146,-0.8464959185015455,-4.604115906400875,-3.360338423617268,-5.915094419478701,-4.717668728225355,-5.0484772613771325,-9.884927368549777,-8.421708254310518,-6.469341062265635,-6.4455493495021745,2.8692515358191697,0.6516188889424794,0.5433447128505873,0.0038753786971932234,6.768422769994965e-05
0.02388679491267009,0.01851232518313288,0.004748718679148336,0.002356197785569715,0.026132687445777306,0.00022161740683350546,0.0008298074766129216,0.10372366043585167,0.0014392004554812598,0.00098797114265983,0.012484765502056355,0.0029037872758805377,0.011472370171776828,0.010808718521470972,0.02862621841630921,0.01948215996112283,0.02813678958853284,0.0077635646379463075,0.000984244352767342,0.0009946300560204923,0.01082060638249673,0.011146238352189265,0.008379317198752387,0.007991639118599611,-3.170729899850523,-3.3443608811510397,-0.8368698346189369,-4.858652096805745,-3.587921398765911,-5.748705121571239,-4.987261835144612,-5.117159690018472,-9.424425015224985,-8.480428977628538,-5.999767444902121,-6.095776419606457,2.912140276444064,0.6207503464742238,0.5487660966886431,0.004202059652648565,6.587004045451476e-05
0.023056711599750045,0.018699863752419145,0.004777051207959603,0.0024596712340623373,0.026032810230100716,0.0002259161189217638,0.0009044879299501899,0.1035560268813756,0.0014532395791380405,0.0009925207291029813,0.012504746656185539,0.0028794605027457577,0.011475404279792972,0.011002053273552444,0.026813340530865797,0.018432304646323533,0.02909534092788293,0.007802066102227827,0.0009773984327839753,0.0010131322315049837,0.011206286708449984,0.010672447530568247,0.008375226968893201,0.007761479773825417,-3.3427130615919607,-3.2129244643046158,-0.8432795295228586,-4.788183363594769,-3.3636595538484837,-6.084503432573383,-4.662648961070933,-5.140274292566559,-9.52498621623574,-8.205563222156645,-6.125849226263192,-6.384761633904614,2.7942875176161612,0.653180495303696,0.5213577713303027,0.0038849777648127842,6.374210623849562e-05
0.02357568444467491,0.018508443425978738,0.004415179620234649,0.0025273480109757407,0.024915066252159303,0.00022593928703554256,0.000900483020714188,0.10366289807423443,0.0014601525433921268,0.0009385157766893626,0.012166782959403467,0.0029041959062026715,0.010773432740058961,0.010817235819115756,0.029339494858021727,0.0195077505909874,0.027720559038185905,0.007128965867918173,0.0010302966666121596,0.0010013241559892938,0.010504854884491389,0.01152331231948157,0.007897935140839618,0.00818866783340774,-3.2034961581326904,-3.3236971389325918,-0.8386131702256941,-4.8065496722939605,-3.559488569821685,-5.85533194930908,-4.685191571162793,-5.023527345414988,-9.902279776412163,-7.944052048475839,-6.4173075166424685,-6.168557518966408,2.909277034307209,0.6337050638356289,0.5375051439735774,0.004064031047879655,6.653693073717924e-05
0.02324599187944191,0.01712509445439182,0.004640712455344579,0.002423181904756789,0.02698941282289974,0.00021330771791718735,0.0008770221485867681,0.11080257451417065,0.001424545859590591,0.0009704179317734764,0.012382445833561776,0.0028885788547917224,0.01150352906517778,0.011543521254690289,0.026676175592634008,0.018052579654066616,0.028070774552757763,0.007527411661776555,0.0010260376461832844,0.0010279627997872892,0.01121694434225605,0.010464955604136626,0.008361872181811308,0.007694810696865932,-3.294858621104814,-3.2259130274390886,-0.8347269126221355,-4.726852689304154,-3.3965674906164582,-5.92349907726458,-4.70297372522777,-5.256591298627785,-9.579796982691198,-8.554883656585268,-6.005168128889942,-5.892801520051474,2.7088159038258364,0.6192782754287787,0.5339931877478674,0.00417154429393624,6.484335647406053e-05
0.024105277536925627,0.01884211105494065,0.004629734790857638,0.002453610071173296,0.02681388884833661,0.00022986211136902674,0.0008729244550400093,0.1101098681290686,0.00144007569113824,0.0009585149402138476,0.012310258856591722,0.002781499683777731,0.01133959162127031,0.010719397717674432,0.029256374640324486,0.01899555842150176,0.028392652603206465,0.007570764073592455,0.0010183436839267782,0.0010428880804689846,0.011034858321604684,0.011393751233119238,0.008022371508176258,0.00834387083067575,-3.24387022074498,-3.4010531670298176,-0.8368221266807492,-4.647047435076142,-3.585614823736787,-5.722664630840253,-5.00573229584699,-5.114586740853568,-9.918685573092366,-8.035272690537164,-6.14611462184632,-6.332792961324051,2.6691700280875943,0.6613660206135056,0.5443635478123638,0.004230738853701215,6.346096138090395e-05
0.024034456216447193,0.017271783376043872,0.004710403092213175,0.0023499408877343097,0.025659714058694355,0.00022915866048684656,0.0008999031071552602,0.11244895450200565,0.0014326767917608914,0.0009319563605821093,0.01213919666232969,0.0029793760520795964,0.01096018942676272,0.0105649204939079,0.028560752187283604,0.019853480497850382,0.029015805923911762,0.007653813152782244,0.0009579704631277192,0.0009779986925112561,0.010809563824444946,0.010771265739637178,0.00804358429690934,0.008320740138669938,-3.2185826314966133,-3.27160595790473,-0.8311472062654183,-4.85330444940349,-3.4976449604729836,-5.991484994861083,-4.810427027854982,-5.193739996107069,-10.017317413973485,-8.026443516069367,-6.423493782130038,-5.896945729025157,2.7481734052562223,0.6628725834346256,0.5161576016269513,0.004191133240690584,6.53708191748511e-05
0.024874138810430185,0.017292412873253716,0.00441364967468969,0.0025795579681248894,0.026878766782764612,0.00022355904153120994,0.0008881176702706439,0.10447027906404062,0.0013825832507097953,0.0010005954171193893,0.011799942359807329,0.0028708028669528324,0.010841901098544373,0.011406953777119363,0.02749076627718812,0.019001005682093907,0.02722973091856417,0.007594795881897563,0.0009921788248011753,0.0010235666776775808,0.011194590776258354,0.010682971589107393,0.008005244631536228,0.007668991537556804,-3.230025030348992,-3.2974634302130448,-0.7801799414881675,-4.5174019563661165,-3.392909389805533,-6.048540183699386,-4.928054247615172,-5.05002501229792,-10.03384685108717,-8.195182604790304,-6.505260374566157,-6.364308486130184,2.646096615892487,0.6212370162885611,0.5648568589812195,0.004029552358151318,6.74893623305515e-05
0.023007674674689112,0.018231185120153644,0.004483574795475453,0.002415043112363719,0.02657658980588952,0.00022421910769073903,0.0008635931995418757,0.1039849419019255,0.0013936610755003825,0.0009515413559196008,0.012110247513909612,0.002991816370535556,0.011284720943466537,0.01113633333931519,0.026896843239737456,0.018097807485544334,0.028293161431154037,0.007461006772185394,0.0009597650169745694,0.0009972437060632095,0.011056993548350979,0.011267990343580617,0.007948435496644035,0.008366211506772414,-3.4011037338311993,-3.43417901965353,-0.826397800741086,-4.730684914550354,-3.6188951727341907,-6.028590737228999,-5.067931903554816,-5.324990532782184,-9.860678983147267,-8.361251285474214,-6.49113723226241,-6.274737843629994,2.8722490223725896,0.6605280046090155,0.5363327360470806,0.004190849033617205,6.78486420994207e-05
0.02351829008995351,0.01792919911488264,0.00472604119614361,0.0024117176314113506,0.026402254216988268,0.0002266866312976149,0.0008825568592077533,0.10620703648234749,0.001358490221464237,0.0009846241849435985,0.011847642463650962,0.002818167085103297,0.010925935602752674,0.010999446066230397,0.029049775654553526,0.01813644274772435,0.026796765526337044,0.007636668575265569,0.0009672167503648038,0.001000583886287079,0.010543624065150957,0.011266055113665022,0.007620185688572104,0.008391046039173474,-3.481086498648683,-3.4103836836765264,-0.8357906451984426,-4.811472937644081,-3.4536982110379997,-5.96801069679362,-4.977953820672553,-5.313730951205978,-9.770085653294947,-8.222829277393132,-6.38411667879385,-6.496962018020677,2.7476041132455404,0.6306893542856467,0.5186618367266972,0.004077475681314169,6.704848567763045e-05
0.02472960992531912,0.018836500882024664,0.0048164501270003685,0.0025317866864218836,0.027093172649805326,0.00022653563672132777,0.0008904287334888515,0.10810981227082427,0.0014218599737401837,0.0010181226328358438,0.01259325086662356,0.002853402674906083,0.010574661631341981,0.010910038581325988,0.027791943680022926,0.01931893980461006,0.0268899195955644,0.007486136870166344,0.0010307663931457616,0.0010345392916815694,0.011191942428920885,0.010545445562364099,0.007684591185417261,0.008301071923609783,-3.1670081739303297,-3.4261340919221284,-0.836482624182552,-4.5224695922017775,-3.3956952928559048,-6.130903731210203,-4.883543267764882,-5.012657659863125,-9.849505453932082,-7.983238569098922,-5.9135345049502686,-6.382089852654859,2.903244526871024,0.6226211748897369,0.5342950113879251,0.0039420646303465695,6.72190784817162e-05
0.02418632570952812,0.01715914432956427,0.004430033570475573,0.002499085920954465,0.02529245356678247,0.00021129356823102035,0.0008757860075365753,0.11204337985200914,0.0013444235943162284,0.0009812383092647429,0.012443834791705752,0.0028988412738087006,0.010515751888224026,0.011281037441806198,0.02763706289229866,0.01837008780157106,0.028597685628326902,0.007147187758927329,0.0010398369810226647,0.001009311708107818,0.011335888993786944,0.011303688377335646,0.007655351630641422,0.007826496840331399,-3.4332151616719395,-3.3259309871377205,-0.8271641042376529,-4.544979141713148,-3.320707843022919,-5.738616001870199,-4.962369386364796,-5.236413038801474,-10.094562286486077,-8.465816655134299,-6.499280891482275,-6.352013660546439,2.9033808404263253,0.6445458905956866,0.5516145216288934,0.004062099304925247,6.848848346632089e-05
0.02433282663237421,0.018140175747084045,0.004654434203383807,0.0024628144649438332,0.026409595213770152,0.00021030566947501927,0.0009001304162628199,0.11259149001279387,0.0014194172004818894,0.0010099815996838031,0.011998405197172757,0.0028223877907947613,0.01082428925697519,0.011256851159459132,0.026988920097348226,0.01906997633641401,0.02768725629026784,0.007329417246382636,0.0010131180137027893,0.000991357333792213,0.011001404193388764,0.011547590082828824,0.008290170624905828,0.008330905650467494,-3.165787114919088,-3.3471680075974612,-0.8101419671153525,-4.694755782111901,-3.3191545291026694,-6.1021956072309305,-4.927760228878554,-5.390658281627214,-10.167002454507246,-7.87013499184347,-6.171728713913666,-5.997589719486423,2.8536936229247885,0.6629438843217239,0.5307643515532331,0.003992944240415294,6.613096636514183e-05
0.022661791435539633,0.017591814877193045,0.004812267006149637,0.002537245279354364,0.026777538728456535,0.00022160015693515272,0.0008426081663502464,0.10604765372007213,0.0013781934751861831,0.0009704930385003535,0.0124378668053157,0.002891060708541555,0.010761694326808286,0.0113411577023632,0.02935230817110938,0.018558192138876554,0.027546359333445666,0.007831248093183696,0.0009700143870757371,0.0009754318103584538,0.010552912120073893,0.010917870253456315,0.00790950667879876,0.007675496508775943,-3.3222955727251167,-3.174345840482282,-0.7982030635370686,-4.645796456186078,-3.5839839051010522,-6.001248237770239,-4.679981821804816,-4.897026192434863,-9.84511890618499,-8.594366324595638,-6.16639825073016,-6.266619150902542,2.662594279707298,0.6038637838360933,0.5638265872711811,0.004138076411232803,6.670405962911121e-05
0.024095181113439,0.018080605128404575,0.0044521118875500264,0.0025472748437660574,0.02615399058550884,0.00022558853756687704,0.0008419777110512422,0.10428330210250572,0.001448198733192653,0.0009794880880604525,0.011973441811272108,0.003001982426341,0.01134181634655245,0.01094445953773525,0.029063405057220045,0.01893221379782553,0.02763961400156648,0.00737882536682624,0.0009777265403367649,0.0009550205410726999,0.011258966596407361,0.011160483489340267,0.007961746314747642,0.008249656489027458,-3.353445668153669,-3.337566975768454,-0.8030975016925845,-4.602535519119684,-3.604361602876275,-5.9478539545575515,-4.918807255369056,-5.1443694744228505,-9.583857093888936,-8.466877402361321,-6.052965335411027,-6.479154690674495,2.7109296261093414,0.655681687408201,0.5523866298294801,0.003987627763472202,6.869267204670671e-05
0.02290960434883957,0.01860411668350953,0.0045498042115725565,0.002543002758624592,0.025260816943316836,0.00021760741335999516,0.0009146108249043711,0.11096342360879272,0.001452707423532602,0.0009912169231900117,0.012368875320534805,0.002931918591149124,0.011372627080593247,0.01082184272103062,0.02849489770135434,0.01988880186406812,0.027419317331158526,0.007724236026864441,0.0010286122231664935,0.0009569652862296375,0.010550230719447246,0.01082792305946111,0.007758891819621995,0.007946087811772291,-3.1651877883190487,-3.39014701894995,-0.8281767004176276,-4.843827417747249,-3.6148582838906727,-5.987507080506113,-4.888850422524478,-5.101500313917243,-9.89514188254753,-8.591632213189337,-6.030942822658361,-6.356473923564714,2.8407605554022104,0.605117874082968,0.5131104922056747,0.004011372473394135,6.717585175558209e-05
0.023239371364640733,0.017114736562144583,0.004708139058559192,0.002427439950702754,0.026683631094370924,0.00022266448111974983,0.000873666232552374,0.1124773803140438,0.0013279098036644446,0.0009660054968321401,0.012092227976785606,0.002941055450310555,0.011376702081560218,0.010654107008222495,0.026931018297331393,0.018199420665330424,0.028774049269862302,0.007395943134441218,0.000981522417622609,0.0009818467651606043,0.010968729240926631,0.011045173648184461,0.008186551644074032,0.008382499268617217,-3.249463628634526,-3.1798011194014126,-0.7785733413400928,-4.469835223303188,-3.370540948043892,-5.98327474263415,-5.079785901505871,-4.987746091156007,-9.324945037920113,-8.119311093904281,-6.019885464593901,-6.252767756936024,2.7405448805770822,0.6233672555147789,0.5415543261850783,0.004242334514957195,6.802216940222306e-05
0.024896098978932014,0.018159316296690004,0.004515989897828057,0.0025851513940984366,0.02461104289796812,0.00021810666450959064,0.0008657642513071762,0.10788744576728303,0.0014003629953591801,0.0010068538485966368,0.011785716656278101,0.002841020966290697,0.011249338811268566,0.011126741746209598,0.027513109489704278,0.01894104265142081,0.02721072481118168,0.00714144352174758,0.0010458255333982511,0.000994354114714117,0.010899163943687382,0.0106461172119732,0.008019167196721222,0.00800683618318524,-3.3345775232058976,-3.3608181517020643,-0.8161690831921135,-4.677244265918165,-3.48246713191685,-6.098560215669465,-4.954291594475738,-5.250528768932708,-9.660575565442992,-8.201718808257077,-6.069252057402528,-6.166996409342427,2.8286600850799544,0.6224148031973248,0.5304300621175622,0.0039947295547234874,6.47190806480777e-05
0.0239446079612707,0.018161761994314095,0.004450446074951319,0.002424190835196567,0.024858320472958294,0.00021690190863027443,0.0009078037998174949,0.1106496608634358,0.0014468732349194136,0.000984152780233488,0.012608233770131285,0.0028621389686492656,0.011426605027536028,0.011078630382715962,0.027356438206724815,0.0188092688057301,0.026753359705319536,0.007120180978648183,0.0010208414320508532,0.0010420874501443382,0.011429544678260396,0.011501569606303191,0.007810996884479027,0.007807046175474233,-3.1723332169938323,-3.4507977197369604,-0.7902334777751352,-4.444642248072633,-3.325481922979298,-5.8362573542330525,-4.722794814626014,-5.053798188157391,-10.09606351345881,-8.551453672975676,-5.951417803223228,-5.993841427473414,2.6517322873538918,0.6607613299838192,0.5497021297020097,0.004195474603123415,6.760960380985315e-05
0.024740010045551493,0.017504371552844112,0.0047285903551159145,0.0025854072795046235,0.02689719745521476,0.0002121876270980433,0.000866668338322065,0.10607218907983373,0.0013660453144023511,0.0010050555295423574,0.01191415715224703,0.0028210821724783085,0.011257354185892049,0.01138970907690655,0.02852629153577259,0.019398839519358772,0.028088885419702638,0.007416347327048383,0.0010334282102302606,0.000968645167439448,0.010747961662300682,0.010637815630503209,0.007605780498336275,0.007652509993571813,-3.4013648170239184,-3.3537766724455533,-0.7962838866454452,-4.466848486616767,-3.4198244079913613,-5.710447117591458,-5.067862301932867,-5.117938562728473,-9.236319590522015,-8.535854680399245,-6.296056395536812,-5.940483088364998,2.811640180850396,0.6305352545429457,0.5255880141100076,0.004244252762531258,6.726130301150222e-05
0.022629342913015403,0.017155915289956903,0.0044822100652999524,0.0024378274923658187,0.027181042733873412,0.00022563657599901024,0.0008861176366387742,0.11368746734162251,0.0013912437150319223,0.0010085442423165324,0.012268959187804289,0.002773045203516198,0.011125286352630716,0.010599865459169482,0.02921322791202586,0.019271754495178924,0.027085368431303304,0.0073383621444065945,0.001028767763290657,0.0010083107189524207,0.011266077704855344,0.011542044462530343,0.008102694720568552,0.007772760191342584,-3.2140065706859176,-3.4454765292470952,-0.8392491390212811,-4.477389650894827,-3.4864929507645215,-5.612806293429928,-5.092299261987195,-5.27773391281974,-9.979344632116298,-8.079507049874715,-6.096855336896342,-6.424029363714159,2.8961155709855486,0.6515213806621082,0.5168408967505987,0.0040884910650428015,6.520328387128723e-05
0.022682516271384803,0.018526697904273547,0.004373908736481292,0.0025288595516785935,0.02552182977792299,0.00021250358812300007,0.0008927313964981099,0.10493094230074546,0.0014473766826933858,0.000998255627422175,0.012556380271610747,0.003032162366995828,0.011374815032608634,0.01150168439174088,0.026726708343003867,0.01972122483425499,0.026906163667321983,0.007243787186741575,0.000988494301883026,0.0010198925173246908,0.01098315190063536,0.011372765687963004,0.008045773562065938,0.007958150677518525,-3.4329639121142703,-3.342076911560307,-0.8563599883667935,-4.866329223874193,-3.3676208534313004,-5.741497385008741,-4.9045577845022805,-5.379229113726394,-9.864506841622296,-8.068495673219493,-6.230504195407536,-6.117498499258921,2.919741574188585,0.644114942986606,0.5484420479232825,0.004200386436689319,6.578748315332299e-05
0.022926438781664563,0.018337563248201103,0.004727727356263801,0.002445491178405393,0.024977742894463827,0.0002267925236076508,0.0008422993056368576,0.1113167391225472,0.0013664363968574054,0.0009537553985595021,0.012624079355586623,0.0029870986782303383,0.011193639320051865,0.010888393381659457,0.027998812705454033,0.01903373402997927,0.0288295662191426,0.007805789890530294,0.000992897594472597,0.0009761512696968241,0.01049089602723954,0.01059354668524048,0.008399339652007965,0.008109026586285864,-3.17318992155256,-3.2763338133068585,-0.8260758416651081,-4.430059943996748,-3.620161918712621,-6.003019548364957,-4.646307625147167,-5.047195847318359,-10.068477269691831,-8.095671921538653,-6.1506965575289,-6.211230675833499,2.6488247290748124,0.6338310029800864,0.5308148197024121,0.004133204377086539,6.85979123771535e-05
0.02305398508231549,0.01823639790306452,0.004391528490461306,0.0023487146555675664,0.025722472873670632,0.00022495961470690614,0.0008888089354989535,0.10576124529296317,0.0014446281387748834,0.0009697322675706257,0.012315485651826377,0.0030313883219542526,0.011546873281594096,0.011439270724176508,0.028177214198169306,0.01953386753437213,0.026955060506979784,0.007309941055474094,0.0010107182283204546,0.000979881465003147,0.011179765615475443,0.010816464812689218,0.0081689952072673,0.007680221536112852,-3.233073256910826,-3.258688110039273,-0.8551059049306363,-4.865683936399793,-3.428683059153014,-6.057548822652873,-5.013411521393891,-4.93062648385862,-10.098088583663765,-8.239170147389753,-6.1111080306281025,-5.957091221372376,2.66090106042864,0.6091412514833459,0.513512140187298,0.003954734883663786,6.783319752315883e-05
0.024018607495585882,0.01792410897617612,0.004685459290650518,0.0025157855280081515,0.026578691988170818,0.00021351472278903713,0.0008816540131400852,0.11110151276591446,0.0014260535328702926,0.000985648905808277,0.012558504481205317,0.0030406539254974672,0.011252752542215515,0.010830542046666291,0.028424246643125484,0.018659916263123178,0.028118643087281316,0.0072614469200174645,0.0010187388899459892,0.0010360263294363625,0.011188919029866382,0.011082135849148904,0.008090321695763427,0.007748518792108564,-3.485369693677644,-3.3911399669485585,-0.7793009193982792,-4.639437835103633,-3.4888545420028536,-5.705675270677512,-4.636169875361145,-4.943802364688038,-10.101442112585623,-8.447706335972237,-6.262905260262834,-5.894666743414194,2.682996341602935,0.6143626191138348,0.5154599287379996,0.004074899488722521,6.908801162217013e-05
0.02301201798477478,0.018077047455605153,0.004374804054671035,0.002531233042406047,0.02631662098721741,0.0002253284626704693,0.000894976444444308,0.11286891778893374,0.0014036282112977472,0.0009258665226104006,0.012455324085884631,0.002780183148355997,0.011174218136149425,0.010749566688877166,0.029060422187091015,0.018888700255462836,0.028871996299774428,0.0071396460387738265,0.0010322058411188616,0.0010185536039773778,0.01083901208577324,0.010658494118573572,0.007779626572174989,0.007926965718683695,-3.311145142653337,-3.2788931102036263,-0.8276310174088716,-4.549381793114565,-3.523683600492329,-5.74080416876079,-4.7780842469427025,-5.204517064698042,-9.856260418315095,-8.528059634438545,-6.196509668218049,-6.0325819455898335,2.666722125920353,0.6540730094874154,0.5432498740007371,0.0040444033987671055,6.274048733214203e-05
0.024174726414955792,0.01801353902703164,0.00437747386790446,0.00238608824857524,0.025240435116426072,0.00022912410770334612,0.0008768823683649833,0.10711082616579427,0.0014428161180781976,0.0009280837050478395,0.011852570346955721,0.0028544247259855013,0.010865500877493356,0.010720089525985112,0.02880674637390339,0.018447843011420516,0.02915314822748744,0.007642635095013229,0.0009575889847982592,0.0010452780624573194,0.011250777658100149,0.011196850514473855,0.008311434642976723,0.00834426891762094,-3.361805293565414,-3.152790423351166,-0.7930144916886456,-4.880413765205113,-3.608068076473818,-5.7929719517252956,-4.929433908476219,-4.953281831165013,-9.81841059776121,-7.992701587801645,-6.206588070332647,-6.130549934109844,2.848122319246964,0.6467070416467657,0.5420901775885436,0.004117934735351397,6.292389521815451e-05
0.02341121703852338,0.018068625294613987,0.004443772882793985,0.002558467274192614,0.025827187576325863,0.00021926189046671127,0.0008522534832298567,0.10617563537530196,0.0014307234224550855,0.0009485038496613747,0.012696751495521755,0.002820174875814199,0.011352016660504722,0.01051107024833539,0.026666331500141933,0.019645907660572157,0.027671112438614337,0.007837334574428973,0.0010050693094402592,0.0009825134568636836,0.010844408947562419,0.010897748235282122,0.008216108031710105,0.007851646294558957,-3.2045267073271932,-3.1518240605763435,-0.7852496951536933,-4.827042448962681,-3.2785449522902463,-5.987152687322966,-4.967702611490145,-4.988447040200008,-9.301256035215772,-8.402340479702044,-6.479326301890397,-6.4886879481312,2.7467644125650144,0.6597404772747194,0.5452730264718574,0.004264623129214479,6.529514706013323e-05
0.022667612112087485,0.018445004520411548,0.004670057626921261,0.0024580831965054033,0.026334522784592248,0.00021203493575708304,0.0008972032354741654,0.11050878031883662,0.0013726469028236237,0.0009586893236926407,0.012423526145790073,0.003019079817864774,0.010827088414158725,0.011251701680800032,0.028620344436643325,0.01989165762279236,0.026640864323996302,0.007249390910653457,0.0009919041175401682,0.0010413660804736678,0.011470581611641098,0.01152132988841319,0.00810178256136142,0.008070933814227509,-3.327894035466371,-3.2875711245523176,-0.8141986916286719,-4.773380248176277,-3.509423972737283,-5.674047988725038,-4.781090461740327,-5.06584884195193,-10.120419555853784,-7.840659363011698,-6.03226639157914,-6.359563224337445,2.686979159609887,0.6616237538175463,0.5546604063965697,0.004155131035310984,6.574748846716108e-05
0.024683152584162534,0.01883355654917421,0.004761512654294677,0.0023582225510660553,0.025783816281079085,0.0002268357264818527,0.000889278657782996,0.1082062667559561,0.0014201007163819643,0.0009635771338089802,0.011797134250098758,0.00288919474922376,0.01153785763104757,0.010519773656211408,0.02821353520733066,0.01924616125101951,0.027428739104560996,0.0074055188979084575,0.001033625317954508,0.000990662907427854,0.011165234587135957,0.011513319856334012,0.007656373059198655,0.008220814922413272,-3.313522476379021,-3.3489043786097703,-0.7932118027923151,-4.597088642423775,-3.4453631665178435,-5.948408004146689,-4.749422893997559,-5.261918446729815,-10.084924218139845,-8.025080712037376,-6.200137542433443,-6.44180407142895,2.817242439437485,0.6302610712826179,0.5295895869898691,0.00410803198397376,6.92826581837143e-05
0.024220598476878265,0.018242321106349314,0.00452045351268899,0.0024769081061264513,0.0262473915065806,0.00022431849076840854,0.0008706253200621834,0.10683269782678284,0.0013976555259997486,0.0009690484419106304,0.01243531022805198,0.0028813617317837146,0.011354988043606705,0.010770765763222806,0.026912514861255583,0.019728824578391237,0.028971922222338384,0.007276566480181795,0.0010499041781970042,0.0010268571148307184,0.011204130163659452,0.011072430426535882,0.008161016397005063,0.007745298314106355,-3.3613177094441227,-3.2502325185528083,-0.8570369666867858,-4.869252953813996,-3.3460609133010317,-6.107410177952074,-4.9911915840539605,-4.921443029549068,-10.09206698467102,-8.142814177370159,-6.431947932531977,-6.2373629319407735,2.7908983014123936,0.65535932452588,0.559326644485761,0.004213504939870902,6.836824101582377e-05
0.02343564413474175,0.017858199095092727,0.004681747624506171,0.0024618326812708945,0.026279034914100677,0.00021289061584719592,0.0008473028451994617,0.11084656966243925,0.0013914775068486155,0.0009770090068331138,0.011968023477905517,0.002829390514413435,0.010526547418003266,0.011319534479115777,0.02803338154500863,0.01834943141367038,0.02709351644770037,0.007282996594449022,0.0009735999707479685,0.0009933000672857216,0.011543225015008467,0.010699549374375977,0.007810393849250699,0.008104984769489645,-3.4193462429627925,-3.433688487658369,-0.819893087953115,-4.565410198575399,-3.5271901282890976,-6.167365483221981,-4.706339573301008,-5.322801620102454,-10.191781217833471,-8.078167257588367,-6.1946981134548205,-6.093673617603962,2.8058584461676186,0.6528298603479863,0.542332290837273,0.004258449097905487,6.525866327573e-05
0.023647166081378797,0.017921671237470533,0.0044052273652289455,0.0023934071850107114,0.0249793006132683,0.00021208707633563434,0.000894353398169295,0.1102573086608663,0.0013504889590561873,0.0009489647414675691,0.011986737871652539,0.0029616100097971487,0.011264953432506566,0.011453456333760399,0.026976045352180955,0.019834226548278322,0.026693349419221725,0.007762472537343258,0.0010036944545690396,0.0010024819243251559,0.010496762504475883,0.011016393758390542,0.007990478328490725,0.00807845468329013,-3.3940682516930827,-3.4101387147295097,-0.8483703777431193,-4.578709963948536,-3.422061894642025,-5.851820696136914,-4.834257101597614,-5.216966364438153,-10.171922731260965,-8.553180939125557,-6.209851869203873,-6.498747391500045,2.878419023417056,0.6165593882586172,0.5522554775208153,0.00394277199870415,6.393766785633962e-05
0.024975768152909323,0.017864240868252314,0.004720654717464177,0.0024954378975437326,0.026521146235906227,0.00021822841857147888,0.0008521403439701729,0.10595613864844006,0.0014508761345734032,0.0010105634532218142,0.012541040270708815,0.002786339299686377,0.010495784397218317,0.010918738581652498,0.027842147721898098,0.019763093728818903,0.028043184961347535,0.007695284719068329,0.0009554637185828649,0.0010127848084691621,0.010982258299609134,0.010829663369221606,0.007719168159257214,0.007656711464309991,-3.348162869450229,-3.269859061441158,-0.8062468079959234,-4.477809006650272,-3.5103250198203204,-5.731100046567449,-5.113146343198031,-5.376507974193953,-9.893604588327687,-8.093960088980277,-6.46851673945091,-6.061138955418289,2.908986175139188,0.64720557979032,0.5339103286555074,0.004019645450529151,6.532612094781404e-05
0.024531175885205498,0.01869134325055189,0.004403499880760495,0.0025702315361517568,0.026299056755017716,0.000214131370862612,0.0008451716742628726,0.11369949568069662,0.0014215204031100583,0.0009423871854242358,0.012247183602186684,0.0028975265836292162,0.011542697707787025,0.010840970308396838,0.02925226014780343,0.019432227667070014,0.027499602504780358,0.007602986847363958,0.000956093276106718,0.0010203500860796572,0.011109158341720802,0.011178987750013155,0.007863758693787009,0.008323188507215034,-3.424583871776673,-3.2755121130710325,-0.8129945868212858,-4.572166393640307,-3.370061204861335,-5.690107901634995,-4.767875256129168,-4.912129821829206,-9.736879369284456,-8.044220027898385,-6.296518906616369,-6.102518448202801,2.8354896153395073,0.6517534090049344,0.5507434390262212,0.003946381276314486,6.623066990659501e-05
0.02414590309505258,0.01769794475840476,0.004464920787249792,0.0025568197601617574,0.025380300407278386,0.00021935189831766413,0.0009078850818289694,0.10945035467361737,0.001339919850506487,0.0009394785839301239,0.011934131808693606,0.00280677344876486,0.011423946701497828,0.011253751120425901,0.027329456457119712,0.019090313275154418,0.029188670236884224,0.007343584977701247,0.0009818593945707067,0.000969373432855002,0.010873583154770708,0.010583973888014573,0.00820109101510098,0.007905836953247281,-3.2855345452801217,-3.235734107280468,-0.8362493916992298,-4.552284953183921,-3.5213875412055193,-5.781358915990532,-5.092854299436995,-5.06617003269601,-9.722930162111316,-8.308679436440622,-6.237062201834868,-6.200737913799465,2.7571871340264473,0.646903547034199,0.5466900617826935,0.0038797691960709467,6.3988877989492e-05
0.02437211411974348,0.01842639625885934,0.004739854841334381,0.0023991511080623633,0.025591306731165154,0.00021867075439657762,0.0009054083744159751,0.1075237372442531,0.0014161918905135134,0.000927612866911849,0.012172532904027207,0.0029151966820741997,0.010883200305558302,0.010876186122472951,0.026761438617471087,0.01969011530375936,0.027378858043289454,0.007226734412149846,0.0009804216978253869,0.0009971541294740663,0.010994963140482239,0.011515958912904621,0.008373036432861726,0.00761770861211904,-3.479048691134751,-3.157097032726867,-0.8053593351104207,-4.652532229031617,-3.3784451367220907,-5.9846852460888424,-4.919932995497989,-5.212859783983441,-9.681615259248659,-8.579694892556669,-6.364495479782973,-6.428704094247381,2.7616515950925753,0.6562593546113448,0.5376560395317687,0.00397950535878673,6.728268885172357e-05
0.02340932058440493,0.017382000777281612,0.004679470924465574,0.002587976195382567,0.02580227156222683,0.00023070366624526001,0.0008561523434217164,0.10895252157444063,0.0014628589148273973,0.0009683704643855283,0.012138258517310041,0.00280811444896442,0.010667606014614767,0.011141414217875747,0.027128711446013375,0.018401944247135885,0.028856691085156892,0.007454142849395652,0.0010222900153692232,0.001013722270215227,0.010481182936299344,0.010610215871641515,0.007923237205685758,0.007700672630374112,-3.435545062275653,-3.243715801814237,-0.7941103323769335,-4.809875771516683,-3.315123767595769,-6.1526809299877785,-5.103209624863881,-4.95608332912508,-9.618307809640408,-7.811046112601433,-6.134467167600049,-6.499630457793343,2.7015397947589133,0.6231010664898717,0.5306987868656456,0.004018182643469785,6.730450686756966e-05
0.022838102313694025,0.018653226295411395,0.004385352231486266,0.0024836692562262585,0.026257715563980457,0.000210276954127192,0.0009115900678204108,0.11277232604293767,0.0013935561295817043,0.0009610862206024325,0.01202836125895953,0.003016611607464119,0.010936363545750125,0.010729207221623209,0.02795704129592389,0.01832785902540512,0.028255214984197762,0.007850630212812418,0.0009506097600789294,0.0009923134744151104,0.010977508864029512,0.010667243339813809,0.008379116139294715,0.00812963322361342,-3.387832192294035,-3.2236363934819368,-0.8572416128202186,-4.66701227729101,-3.501395442509307,-6.148739374338161,-4.7396245384440405,-5.268284192507743,-9.489513404734586,-8.152191040691719,-6.0544771361656995,-6.484461017645119,2.805979428038961,0.6051839505929749,0.5332123078926068,0.004002480004076416,6.417933413054534e-05
0.023662776796739046,0.01713957234901485,0.004733224408146075,0.0024087690968422645,0.025134854138149986,0.00021105039609480234,0.0009092736463101061,0.1128042222053151,0.0013878178082320485,0.0009410400837833566,0.011577168921126518,0.0028143021137932685,0.011314159065198112,0.01050949155620547,0.028501142329669386,0.019848042875680125,0.02690083356669722,0.00761507624744087,0.0010094076861386521,0.0010067372019788021,0.010861150120190389,0.010881206468920143,0.007985414263904396,0.008139434418302924,-3.482779978391658,-3.3069472131125903,-0.7825882900303817,-4.4456652350461106,-3.555404826048542,-5.753575552129413,-4.724644862648043,-5.12048417519937,-9.77104312445495,-8.601019006138474,-6.349190211373434,-6.120422440295192,2.790506208063291,0.6543301344215824,0.5608375298220096,0.003863946683757683,6.69700376617538e-05
0.023165546134117258,0.01746259436111448,0.004828343040498577,0.002437139339528737,0.025033129230149456,0.0002153219431433026,0.0008715581111396872,0.10943543471802972,0.0014106455020465518,0.0009564662270255207,0.011926412593149208,0.002778637681222915,0.011222307693843882,0.010648452857615877,0.028839024946833994,0.018387528603238692,0.028818951561434148,0.00728436746946488,0.0010014102586792136,0.0009729590787737663,0.01109768854056861,0.010899006138283302,0.008097320353799987,0.008362395223176123,-3.313223385736968,-3.300261438445332,-0.8306828312197252,-4.558557482616078,-3.3286932003004943,-5.944928538211184,-4.640619749747547,-5.198924926164177,-9.947253752632802,-8.011956896879989,-5.8987773294249095,-6.14042449938111,2.7796982226773284,0.6486255211762602,0.5371205077201,0.0041953978773705,6.400958555030222e-05
0.02370533644443816,0.018722551528269037,0.00445432431194066,0.0023987105141092062,0.025727723571868852,0.00022578000741538734,0.0008520785024569084,0.11237886956703019,0.0013740437182192728,0.0009571405472114142,0.012457741157371315,0.0028314975002916806,0.011428336807084227,0.010967386555112013,0.027855239925210457,0.018830393269900228,0.028110945872489496,0.007462413096264365,0.0010419795330999422,0.0009985642003220339,0.011078295579411644,0.010712893572384806,0.008138217370160714,0.008299567610993087,-3.4539277244844784,-3.398471421918268,-0.8360112197342952,-4.758129202972247,-3.516435681146396,-5.718235128704363,-5.013024889998527,-5.109692405386896,-9.640623629689676,-7.844391031288515,-5.925249277099152,-6.129456500792562,2.665585421019256,0.6516278901872805,0.5621007841454955,0.004219971170227136,6.892921632099927e-05
0.023185538867805878,0.018202404500851803,0.004610119085753282,0.0025531705298416398,0.026862987728292136,0.00021456783834141978,0.0009090407409418442,0.10953796658480885,0.0014288302452334259,0.0009591348001347072,0.01229739383727136,0.0030264602990426174,0.010784372954319043,0.01145856769989622,0.027708453235603312,0.019281437233346025,0.028680154373464255,0.007257922150012975,0.0010207810068404606,0.0010297487660237054,0.010463800910996223,0.0109743118719771,0.008339696145317732,0.007732052876039042,-3.270347162677698,-3.3974275313123696,-0.8561861695000925,-4.449369276440316,-3.2887147661258673,-6.196386974324827,-4.688276354532817,-5.3798602967518345,-9.738596280846561,-8.236462942878209,-6.0930083167236475,-6.008485393945621,2.86722994287913,0.6136313873898226,0.5386737362547227,0.00420802059739023,6.839835768416814e-05
0.023144290808521196,0.01886873556945207,0.004512182148260191,0.002429652541925792,0.025249368425918815,0.0002131560489161956,0.0008819485290935625,0.10917731411771073,0.0013990612063345667,0.0009747130887005606,0.012245788718440344,0.0029811363034784578,0.011225604590285551,0.010521609799831409,0.02754113351275688,0.018213165125300784,0.028761005087616795,0.007796401002165068,0.0010042933133879877,0.0009586636700067085,0.010732704978355148,0.010756295335845666,0.008365183526725594,0.008229156219089696,-3.4477978924542514,-3.441656102273251,-0.8030227262525589,-4.733214328491292,-3.578261735039693,-6.029710799548284,-4.812648660628269,-5.347085360255273,-9.793452297707052,-8.364859561045803,-6.147025993642264,-6.123148890608076,2.8462441568992576,0.6263090669630086,0.5373403528004798,0.003909130946248724,6.5141317617634e-05
0.022828996195768662,0.0185776744220718,0.004687950673493351,0.002428268957965837,0.025708323807679956,0.0002222411883677142,0.000850278948974222,0.11138443302656419,0.001377115953668399,0.001005598810911778,0.011838053411752382,0.002810168628283293,0.010669742830435402,0.010623589054037022,0.02831502744907372,0.018164066965077004,0.027706790320682757,0.007779059165644939,0.000960189758405636,0.00098800668135916,0.010470411948791437,0.011278744677643626,0.00807277158246005,0.00778707343919071,-3.441887803395062,-3.4720750098928432,-0.8382651591033221,-4.86263824404716,-3.323682048862683,-5.961874160131911,-4.822260517166579,-5.062115972735905,-10.169799540235944,-8.290376609353276,-6.4944280310487255,-6.161301690330553,2.8685696309270496,0.6064442877392748,0.5205570879020012,0.003908375857229156,6.280438344130997e-05
0.02403208714451216,0.018778040308508655,0.004414293439281478,0.0024324381958671735,0.025738173417069805,0.0002275286209882109,0.000832304284892498,0.10648670438961264,0.0013790511695203204,0.0009740411370420157,0.012351821735855494,0.002855406587961542,0.011396446783183377,0.011344518113036568,0.02688127541777005,0.019147581766803853,0.026997234582096574,0.007124878036933656,0.0010143064684464203,0.0010380362697184607,0.011515075922467474,0.011290847376192037,0.008260615140883831,0.007707065476424936,-3.2691071895141652,-3.360584290667258,-0.7910520989903469,-4.624709032175275,-3.607411988247332,-5.86580782015515,-4.794038948921257,-5.045756629584778,-9.906500757475573,-8.546660244618547,-6.215228036858766,-5.8994644478325915,2.816738188639991,0.6563221490712025,0.5304459919464476,0.0040971658436856516,6.297715827821538e-05
0.023962783720531258,0.01821315452906637,0.00437089035898893,0.00250165664982372,0.025697632323180283,0.0002275138225488014,0.0008708587240708756,0.1121936461137594,0.0014197420931970405,0.0010132069868026056,0.012402413024483663,0.0030251201737672116,0.011157370943128178,0.011048333248460046,0.028166763592415198,0.018873959856532733,0.027772683785379566,0.007509076066665215,0.000979161395245261,0.0010497130011381975,0.010862195327613186,0.010507381108855204,0.007660426595398218,0.008303850750296231,-3.3043004719788636,-3.467656973987034,-0.781354911987204,-4.436056497775806,-3.349341069479312,-5.884345538890104,-4.84830102420072,-5.276670215726559,-9.320747260289995,-8.193217451474208,-6.312621145430401,-6.466631183911438,2.650774252320715,0.6574091424505832,0.5639856862868865,0.0041089887977062665,6.389049439799418e-05
0.023671698800591764,0.018019713660419424,0.004713306872967013,0.002455064408886239,0.024961544038424835,0.000227158026687339,0.0008624903972406586,0.10510362721937898,0.0013761272202234506,0.0009251054066740726,0.011601928603111197,0.0028759236763822504,0.011336673940682813,0.011220822918731098,0.028954105109137145,0.019791544536287717,0.028019547608082618,0.007166953867435364,0.0010078638235027696,0.0010159769019696173,0.011071006714369277,0.011539091082701694,0.007743153048218729,0.00790124440197653,-3.277208383825987,-3.2114718295260634,-0.8396246762173762,-4.608513371214666,-3.6128592495920766,-5.712209224534974,-4.9773514919678545,-5.329981935258746,-9.629371911408892,-8.424240115787104,-6.011761468263659,-6.4220853818379355,2.889572733451073,0.6429173072365812,0.5416782006499572,0.004182051055136858,6.685343230241372e-05
0.024142302521300677,0.01780620624812487,0.004562258608818194,0.0023683010097622324,0.027141774886978602,0.0002180524781343044,0.0009091679770854502,0.11184973627371521,0.0014578112753773004,0.0009727396460701037,0.011631311485455213,0.0027883448587706717,0.010686456930613637,0.011451911938893666,0.02886588342265554,0.01913058536725185,0.028336180278873573,0.007494941196141878,0.0010311640111797542,0.0009701442681213299,0.010462520857380172,0.011357019413549307,0.007958041520351775,0.007664377619872722,-3.3275000137886974,-3.3519969268089116,-0.7923243213919576,-4.733672940373306,-3.384062030709504,-6.1045790855091875,-4.685952229999241,-5.394405168769514,-9.494945723592947,-8.458723415454402,-5.891392373211971,-5.989827445425143,2.899727992831817,0.6344507009699689,0.5418720168557751,0.00413247195482071,6.737373850301686e-05
0.023781164306298376,0.018780815822804168,0.004538775984297735,0.002361159925818048,0.02516990744323897,0.00022871099033358358,0.0008850475937058595,0.11324079903545775,0.0014083592101759395,0.0009759547462372436,0.011912810740199677,0.0029158914710885053,0.01071279896783427,0.010871938863654229,0.028345772299022753,0.01845038530890307,0.02857614620613285,0.007435067140902443,0.0009552883199316613,0.0010352749685006626,0.011510474682428953,0.011233720703433734,0.00760758351662484,0.008052758351652008,-3.447217077560182,-3.451299025702599,-0.8399193140066427,-4.703006702806686,-3.478786156637531,-5.892249676962664,-4.861585521121995,-5.229297221158794,-9.34703732395261,-8.072124783333562,-6.071735920969425,-6.4775197747996485,2.7597344884536215,0.637238465575473,0.5265717350590282,0.004091051275111486,6.342435099609887e-05
0.023496128181147085,0.018372701242831448,0.00482507311010828,0.002487865434552766,0.026347036137990415,0.00022669628476168675,0.0008478274880891279,0.11015437559500585,0.0014593513564900864,0.0009478641857182091,0.012516296208300163,0.002838392502435478,0.01149377401827158,0.01067924456359785,0.028600841850230402,0.018538923699626668,0.028245617383984012,0.007836582483852758,0.0010435263905142513,0.001044036392348475,0.011534229483152868,0.01118479758176983,0.007832856371797993,0.007949575897724085,-3.3392756998836126,-3.208099953167114,-0.7953226019129197,-4.611937184353322,-3.5977814668145878,-6.018962402814546,-4.7926667312201126,-4.974464815291103,-9.942171502706225,-7.9818044485205135,-6.3113826705602145,-6.268958663371336,2.757696903066763,0.6327565265002828,0.5228892988762035,0.004053555954226028,6.764441833431094e-05
0.024951821964535333,0.017708280916883336,0.004627367721556697,0.0025232301015673054,0.026511414490376334,0.00022325455932314836,0.0008396482129245354,0.10769182350158786,0.001427282207567285,0.0009969073176739518,0.011603188111236262,0.002764219527807438,0.010607793093174604,0.011445695730879094,0.028062951265164372,0.019934126447679862,0.028049374047432,0.007674673621885187,0.0010482180016269176,0.001039840876995306,0.011514683656602095,0.010764931376927219,0.00795915554091217,0.00782605218374896,-3.449146301638351,-3.3556409823560416,-0.8359381298924048,-4.445192922618357,-3.289396561653723,-6.012776817287968,-4.926840739314263,-5.394099212975872,-9.699932669959555,-8.501320075217588,-6.359831983247858,-6.066615861370371,2.816472770549561,0.6359300374846836,0.5314540313585256,0.004075624298994812,6.770080629360672e-05
0.02285973295537203,0.018273949415358023,0.004462019039465332,0.0023680874562847045,0.026782836117892447,0.00022352151207074574,0.0008921297438636353,0.1058254830905578,0.0013667069590924874,0.0010166333691152166,0.011871665509485482,0.002930731297787584,0.010859904989155192,0.01097527714111326,0.02938451617446196,0.01979514097346129,0.028304716704818815,0.007262271057248536,0.0009589178745888111,0.0010123112737958008,0.011045824399383862,0.011485525458368812,0.0081475934643194,0.008140384777997424,-3.3083540485503007,-3.3182629068185108,-0.7939630626065918,-4.57129933114943,-3.2892212378126486,-5.831452473439333,-5.065428801659006,-5.257538595856033,-9.59674435507078,-8.209735653234778,-6.350322516823018,-6.154003379932571,2.8260659209106627,0.6410548958380192,0.5426955442999325,0.00402900655786044,6.385902287204071e-05
0.024195037534693146,0.017104013095124267,0.004491793097628608,0.00239176718882937,0.02506273464151749,0.00021717949902803153,0.0008382470213638339,0.10774034875697992,0.0013909894977121326,0.000996856972395958,0.011807562068665085,0.0027920510225525456,0.01058422751179508,0.011068598961363354,0.02725907755424008,0.018454891247035712,0.02801358541822735,0.007698841370765982,0.0010353281961213462,0.0010098021268226654,0.011238638082450533,0.010809454039373246,0.00829790036865391,0.008173810527152584,-3.190606297703854,-3.243965524663532,-0.7903536438698808,-4.5557324790057265,-3.5037150411508944,-5.9563925964486115,-4.908196878661611,-4.922089163384687,-10.149420112010784,-8.44502957432319,-6.172776792048604,-6.323596454358409,2.869687277524638,0.6151615738877072,0.5519434038807589,0.0039115746097885045,6.905568701199027e-05
0.02369001111226109,0.017883893174356628,0.004686120576140771,0.0025546212245936787,0.026240521990757805,0.00021462160010880097,0.000904174078803879,0.10471053898442166,0.001438513254674609,0.0009628553775837322,0.012436634953870178,0.0029825944044200893,0.011082830592288007,0.011343150381292948,0.02733810814150522,0.019752248153737224,0.028263275863016697,0.007859721735516618,0.00100109351086217,0.0009709485042764267,0.010892434664442516,0.010499557876165461,0.008244014405061612,0.007916012577332753,-3.2023580818548214,-3.1827212233156494,-0.7911774673568829,-4.753287006639924,-3.367525417846759,-5.6156192327143675,-5.062046049876321,-5.025102950312209,-9.536627546027043,-8.045831863339577,-6.351629235122641,-6.474949730444432,2.6952114788449575,0.6402833930765641,0.5427624696806143,0.0038726200652685096,6.37862821772079e-05
0.022978415911722058,0.017534330298841595,0.00442627744594556,0.002445118078693092,0.0259922805805702,0.00021266291589645402,0.0008497299474048954,0.10610819420501189,0.0013828609419570886,0.0009374315295561142,0.011637464028007895,0.0027784314982896344,0.01115289582304995,0.011009317247517674,0.027262154790857626,0.018631867263699715,0.02936071389581991,0.007575150598653482,0.0009972523757359152,0.0010399022052976388,0.010782427025143745,0.011182481063692028,0.008034248836050547,0.008263525079635528,-3.3932520508040693,-3.2923742171747037,-0.8106841975720048,-4.450854043979646,-3.3294445130102672,-5.767866854177755,-4.704735327029443,-4.894090911365917,-9.567114536036051,-8.312463482195769,-6.3899675255632316,-6.110849963010269,2.8740933363166685,0.6128014012290656,0.5223523343197054,0.003926877649564952,6.897272689339468e-05
0.024489650840926837,0.01787189391511433,0.004678116847442928,0.0024923283846566714,0.026801756245887858,0.00021246327146279018,0.0008594781626903043,0.10486057467216799,0.0014203205131416668,0.0009310255883094455,0.011879643889911173,0.0028623539475555104,0.011435442409091333,0.010807916859064307,0.02714446178661575,0.01959837123520617,0.029262350274467365,0.007579409397490716,0.0009844269095228046,0.0009996315796142136,0.011079782530711728,0.011518404388864143,0.008066020230533592,0.007868973230377828,-3.285357613510242,-3.161593420014345,-0.8244578043278701,-4.839567600844996,-3.5488143146501754,-5.616136333583259,-4.743753891872375,-5.011118847715736,-10.132550524976633,-8.261084037790685,-6.391550087541168,-6.506460073168611,2.843680846955333,0.6499443667074556,0.5301357046137696,0.004141687710396616,6.453169346540195e-05
0.02273393819240434,0.018377142696983057,0.0045616444983788565,0.0023903373566617615,0.026291565557333658,0.00021594396144675401,0.0008535628735265473,0.11164506952232145,0.0014068805046499038,0.0009404705120523879,0.012703280649677148,0.002760406809401458,0.011368732712812456,0.010860025664879347,0.029262218722089495,0.01992088946691098,0.02776155056847075,0.007837522966023054,0.000968697817573202,0.0009692680946473552,0.010626770369805935,0.010831540228619289,0.008122225925280422,0.007731625066250841,-3.243168616099478,-3.4595178438344063,-0.8438291611697117,-4.684835359853163,-3.4024252489440596,-5.981127261376591,-4.788069123032659,-4.932063893803649,-10.116254890004969,-7.845823485262689,-6.238825511865689,-6.0552210583364925,2.7984879183010185,0.6103146228257701,0.5498046766425222,0.004038163594017131,6.716840903054939e-05
0.02441821646233214,0.01864321030621979,0.004746316672177498,0.0025390674851580733,0.025846938918127695,0.00023072572733826976,0.0008496292630797602,0.10854355429273577,0.0014599529753381952,0.000954644665246885,0.012426671332316258,0.0029144732407517322,0.011008212449558413,0.011025100391016066,0.02804445989215715,0.01845442989324715,0.027031685686190285,0.007757449440579656,0.0010055718329947557,0.000966958852774183,0.010949752879408688,0.011447602413555396,0.008027169609785995,0.007887346534307272,-3.2956185727299765,-3.4564569951816675,-0.8561245336897136,-4.634774262558125,-3.6192832829231514,-5.951712327091119,-5.091538922661558,-5.233095885463262,-9.512588036412346,-7.879500547110453,-6.353352793833979,-6.315382917071248,2.896831174968751,0.6448937096198062,0.5395301145609471,0.004203829126701239,6.565827350250683e-05
0.024162852785707976,0.01721187877281261,0.004721799097975375,0.0025699461313778596,0.0247384645403311,0.00022369767451025459,0.0008537789721651427,0.10466139021394126,0.0014583433627519502,0.0009388615466072935,0.011868244126309938,0.002994820747941972,0.011086741749391015,0.01152279224738589,0.026791611304720308,0.019363125930920825,0.028863615941732854,0.00777176650946925,0.0009518662846250778,0.0009645411333868584,0.01068534396116186,0.010486554747272189,0.008000731686246106,0.008202411013612004,-3.3945009561102397,-3.3041350837226267,-0.8519163611058274,-4.574669465490129,-3.3725402691727875,-5.851351099206196,-4.776111686678348,-5.310742224515878,-9.831675040425257,-8.337495680363517,-6.109512374043458,-6.4563163833449755,2.7980719956076876,0.6193041181578364,0.5153335102733185,0.004206824131788318,6.390305505805836e-05
0.023558774630622684,0.017464716685306983,0.004459602934886666,0.002525580810499678,0.026090465453848414,0.0002305752997993169,0.000906655420340187,0.10862771694616487,0.0014284154648609396,0.0010023561576126866,0.011660443503784803,0.002985923942700251,0.01114879248497749,0.010974691066175157,0.02669440514109855,0.01912635926134737,0.026821531762058537,0.007526684358710687,0.000951448513405168,0.0009970280559512001,0.011004900194724089,0.01062228376484858,0.008245514126758204,0.00813444926430241,-3.2134126846352684,-3.447716140200368,-0.7807509297280055,-4.818185491821567,-3.38827235370425,-6.194050309004812,-5.0312635633124,-4.9252977133999405,-9.890794196441465,-8.378187441290503,-6.4083052644106395,-6.314440588871855,2.8721123173940675,0.6150394643741076,0.5408133598796571,0.00410889990768044,6.673876834988426e-05
0.023573762307638812,0.017339167807539104,0.004730526537443885,0.0023622254846566255,0.02469069831050593,0.0002301712727807253,0.0008679203961656175,0.11314546016732054,0.0014303079034315687,0.0009872200757629756,0.01259981698203752,0.0029996531575526616,0.011006066036014743,0.010579164664498224,0.027406101372080285,0.0199078273922573,0.027244060546539713,0.007258681300101524,0.0010220500332993147,0.0010091887317026104,0.010888034899829212,0.010485339331038412,0.008304172231701367,0.008201631256376794,-3.4297099943923524,-3.224463065498924,-0.7844979390790985,-4.739666481922417,-3.4608663406985922,-6.014362437514898,-4.815705501763569,-5.267217871385996,-9.955937546605737,-7.9946287529988735,-6.4951415187186425,-6.031565917384582,2.7847941191484873,0.665263358866149,0.546867851569364,0.004106038855241932,6.461135951603326e-05
0.023273283611496585,0.017825369277811462,0.004502795987557169,0.002389338833563338,0.025373044701336927,0.0002302660373247604,0.000861853634842708,0.11350872743226753,0.0014489447675785775,0.000968317631286826,0.012272308895912527,0.0028346801174230947,0.011324779379402943,0.011232698270976976,0.02716564647385202,0.01822562487840338,0.029078075435228556,0.007481385735845161,0.0009789927415125854,0.000979215667044289,0.010586788139443751,0.011527927012598867,0.00806850560337355,0.008363174566321685,-3.428958333588918,-3.2426677225470484,-0.8007503265409835,-4.790870136543666,-3.3480510543863726,-5.614436330129719,-5.017304259059453,-5.17050885649186,-10.193115999554141,-7.850369707491386,-6.284575221085441,-5.987209014368469,2.689000244671076,0.612601794600276,0.5593359638479332,0.004265460972151863,6.86018297531306e-05
0.02489053263510385,0.018157889235211666,0.004632233848721613,0.002400708898736192,0.025670795932291716,0.0002100852440795705,0.0008575689943145086,0.11417700307964115,0.0014465331907599875,0.0010148099348611984,0.011844909562591432,0.003020772366743227,0.010972099008798569,0.010791917577583372,0.02863849904847383,0.018418833549915414,0.02921260836047381,0.007401126851020921,0.0009963780344824516,0.0009990189798573907,0.010865627766825287,0.010912387336831208,0.007783670898383421,0.008018445371798792,-3.403401952300395,-3.461852061250739,-0.838953071627748,-4.854010638212106,-3.5820327864058417,-5.820939365621973,-4.988450277184782,-5.236666423313123,-9.921905651761707,-8.098780775783242,-6.315067852020704,-6.147081233110173,2.863720006691988,0.6539795600864596,0.5446563137167819,0.004209079386062742,6.491873772224015e-05
0.024038232695912234,0.017671060337999506,0.004493977422159536,0.0023941389235917006,0.027101258449487152,0.0002182400076210544,0.0008770592798181365,0.10541726725990362,0.001374348472814671,0.0010110010321542715,0.012275995485167212,0.002967665634609478,0.010893537641162512,0.010582464110255527,0.028118895042427906,0.019797692207929724,0.02820149573638745,0.0075343278845756145,0.0010463510882370941,0.0010079862832982189,0.011274951203933787,0.010455100786626117,0.008262206992005547,0.007998296191327407,-3.4562157861412968,-3.2769211050171183,-0.8085988849935131,-4.74273830052861,-3.564156580880736,-5.96584212936855,-5.086802553809196,-5.290979286867965,-9.919386251531861,-8.281021688835624,-6.447890689312078,-6.17561799402889,2.81837656334818,0.6323997153820964,0.5531273144589842,0.00410962686729297,6.581930497482721e-05
0.02427933959019039,0.01742927180873413,0.00441738027818355,0.002543922588544031,0.025379305140533867,0.00022582048906508542,0.0008936377289914667,0.11270932533136441,0.0014503320682763526,0.0009892430122697693,0.01262989290099508,0.0029360581612614825,0.010451159427194446,0.011168596846899323,0.02903218935823562,0.01990998902070287,0.028076062001877945,0.007160739875398478,0.0009826915267322962,0.0009878058272368654,0.011400483482234791,0.010576129344193481,0.008281749364403871,0.00818424936299049,-3.395902567345784,-3.476857839030061,-0.8177394279600172,-4.61396485792085,-3.2918799640785554,-6.077211990846267,-5.064376266450693,-5.1361104970992235,-10.14135083955207,-7.969975708649565,-6.243580054780698,-6.271837474259659,2.8375404942459967,0.6404696682293101,0.5403334303995576,0.004180599475997013,6.763041505011675e-05
0.02458814428942438,0.01842410048451624,0.004507439712304157,0.002527817425139044,0.02527985852780923,0.0002288113177350255,0.0008968366042900732,0.11396466249541748,0.001368774911351056,0.0009298534865676912,0.01180624119323265,0.0029697279060004913,0.011104394291867744,0.011412939163744468,0.028677834083050892,0.018705073989792792,0.02834835637611162,0.007702478277628016,0.0010347470387611765,0.0009705098539960821,0.01114546990246045,0.011236058060060089,0.00831056570908741,0.008150577688883259,-3.181508215844548,-3.2901879049991076,-0.829726644525952,-4.7669089049165185,-3.46533474456339,-5.6311182280046275,-4.9026704757843795,-5.249083861419859,-9.265365590669628,-8.429404430142558,-6.046618950081173,-6.48280637646966,2.6511887381188433,0.6045459071396999,0.5430322383188037,0.004016959552650181,6.519354832035423e-05
0.02341665086436518,0.01886566125517608,0.004484981974433433,0.002487606785005302,0.024973206020668496,0.0002220042816615869,0.0008627902353861327,0.1136456058401424,0.0014635774208888233,0.0009369065957956638,0.011697979711290073,0.0029254679433018014,0.01141540863379741,0.011484510924315877,0.026650645381055726,0.019243217681712214,0.028534628843906267,0.007447850231814263,0.0010081704265848016,0.0010284400295642654,0.010503282633621297,0.010568633875857837,0.007752562637096868,0.0078049191057161195,-3.4625813364394573,-3.306596706716804,-0.7845916300167213,-4.819114349655215,-3.4040739426260824,-5.693168077705711,-5.115357725836739,-5.118941842067845,-9.841022568306709,-7.996846857789565,-6.461774191657781,-6.134466645663232,2.9098864833995433,0.6599508272965351,0.5294459246222133,0.004217458677451984,6.549653827918926e-05
0.024463325908177666,0.018655714964830882,0.004829511799113001,0.002444496225869352,0.026035958445314436,0.00020906836232135586,0.0008557158940338309,0.11261795561600851,0.0014372994071886092,0.0009781566208218661,0.011978998943918576,0.003011397196285387,0.01118496197078456,0.011288645235952983,0.028154868717932845,0.018071774009994435,0.028464259826499964,0.007544562154930638,0.0009783225745920638,0.0010126309492270204,0.010830178127468799,0.010801099961938369,0.007857571218657936,0.008043547785189658,-3.4288226005353084,-3.3926939978566817,-0.8155289756013955,-4.859887402283851,-3.5626783937734725,-5.63477443779788,-4.935363198399978,-4.916467957205241,-9.382756562218225,-8.35404463050324,-6.358394853823321,-6.149823362702976,2.804625129464545,0.6130881637943084,0.53992121836313,0.004186771312158595,6.391309363395303e-05
0.023827768840012198,0.018440222457762917,0.004516717555924758,0.002519208493721901,0.026483651396984605,0.0002210005377282567,0.0008721639426781086,0.10941493669290353,0.0014145977359541595,0.000923117486521935,0.011605741835478427,0.0029060076319588147,0.01095312315789879,0.010747503393579461,0.027040699249464308,0.018570347337391012,0.02748899848540799,0.007610870199136366,0.0009980965727551968,0.0009812390900385524,0.010796873775036929,0.011143210930311905,0.008394555801469526,0.008150024250832763,-3.319502206995246,-3.23882764562933,-0.7944408436095829,-4.723562563395055,-3.6137212096201092,-5.67783925800001,-4.871391573917732,-5.240476683265992,-9.710813854472004,-8.344312342965473,-6.373688894193926,-6.071114976621583,2.8267675621575084,0.6382577159536059,0.5509882313524693,0.004123278765493342,6.489845871706328e-05
0.024502535676168405,0.01821758276290632,0.004778688735197128,0.0024509091442424832,0.026701781139197862,0.00021852581558742264,0.0008638210029082636,0.10685221378300268,0.0013772056522009365,0.000950602187604466,0.012494992902661605,0.0028278624120741287,0.01076109560047126,0.011244749862909008,0.029146265620178784,0.019265894864244508,0.02916416316105875,0.007605751870139293,0.0009704253282372563,0.000956627339812473,0.011468003081830571,0.011028998025381776,0.007907978495931216,0.007854557209007252,-3.167368969062361,-3.226546233203237,-0.8145021469422467,-4.472552620386144,-3.5265276178219334,-6.0431024756089755,-4.795050749479924,-5.202683265483971,-9.274373030524366,-7.826474692689436,-6.324411232624115,-6.313863432582009,2.8156352632718264,0.6602489587715209,0.5324875494655646,0.003890702387901046,6.44314890585678e-05
0.023074605841783394,0.017220410345981804,0.004494340376414188,0.0024541198215142974,0.02600044825932416,0.00022276424506927566,0.0008746077455607118,0.10505708545948678,0.001463932827738572,0.0010033601498432585,0.012052662193503219,0.002755227854389725,0.011259941995545066,0.010727411228590547,0.028651324555128196,0.019313484035676717,0.027872276504825957,0.007144838759912681,0.001007399342400375,0.0009514016779497123,0.010943688207066248,0.011095879408671683,0.008275202369059743,0.008290176074459005,-3.4132101310586083,-3.4552281910272207,-0.8279462369518203,-4.808523347954774,-3.304813680082607,-6.156497498738992,-4.823270655852509,-4.9173369008144325,-10.147042888628159,-8.598204753284815,-6.121508659047746,-6.11308109356801,2.722134591160477,0.6405876553714221,0.5222244948733016,0.0040490049670767626,6.901091599004189e-05
0.024041918414329226,0.017702693364025947,0.004788914676302179,0.002451898637086807,0.02665276503652409,0.00022666555552042418,0.0009008329973905232,0.11339413693087139,0.001456159405268615,0.0009692898154990414,0.011681711823211583,0.002970838253585858,0.011417561652103099,0.01071222071058995,0.028766303479152756,0.019492542065757346,0.02849401235388678,0.007668227119871992,0.0010277665501514052,0.0010016299606267654,0.011114002833331053,0.01073285760786,0.007671013851566419,0.008277136867390561,-3.2786830592661205,-3.268166063556671,-0.7921933926327024,-4.523555434993183,-3.5369278193327127,-5.933541121639271,-4.875211385976552,-5.288474335893188,-9.836279394742167,-8.498789304189996,-5.967956139861019,-6.0236881245347735,2.8675570001557547,0.6248799136597923,0.5313017552799887,0.004181932105214951,6.836202157024691e-05
0.022898529520671413,0.017328812308024785,0.004785939331800246,0.002562570288069478,0.02673599811281012,0.00022373483452406184,0.0008658105129597106,0.11140367897778862,0.0014366592756609095,0.000926418693269403,0.01152029635882748,0.002993902873977199,0.010889797048952085,0.01144774065154665,0.02734181720833644,0.018815266989163793,0.02910157404393383,0.007863251194900433,0.0009805014823239323,0.0009788439232467448,0.011363602105223407,0.010986933802593133,0.008186108931761088,0.00768159947017463,-3.3889401205303633,-3.1563710283528024,-0.7915765906700122,-4.8619155247058465,-3.313893871328194,-5.685301306292755,-4.873648025260701,-4.918873344223726,-9.317705691432737,-8.449328608343945,-6.293389125987974,-6.396735006146537,2.8035236769034855,0.6339220050317622,0.5462907329667919,0.003925219971716968,6.779876244105669e-05
0.023966113180076208,0.017714158627612595,0.004583273643568091,0.0025389328164553593,0.02486935928648859,0.0002154533098728016,0.0008290938592492489,0.11211974547843798,0.001429322018502544,0.0009891433967476962,0.0118052817746172,0.0029931366231595894,0.010602296058013598,0.010996013922531507,0.028138234108297043,0.019061284508827825,0.02777398872208332,0.007658411166296478,0.0010490534657696083,0.0010161546264074502,0.01147812142711193,0.010488795286777083,0.00838857028427203,0.008033486917631552,-3.3578083375251904,-3.220722086219318,-0.8595304783446156,-4.464245103930574,-3.379133006779571,-6.108525172980732,-4.731796238301874,-4.948961453034856,-9.240175019319631,-8.268151816658822,-6.224150783300501,-6.031276430747035,2.6490829741560806,0.6522971870446402,0.5431770103668155,0.004229800607973084,6.792161815618209e-05
0.022862421779998372,0.018693882920924495,0.004769664703357505,0.0024458743315680224,0.026450246287713197,0.00022073400002137683,0.0008513715330022072,0.10426257503498997,0.0013391107207160037,0.0009805622938225905,0.01253822726557727,0.0028992559976218305,0.0108635698759733,0.010739737137995265,0.02857135996808021,0.01933328286069483,0.026919928575597992,0.007441441550409159,0.0010259343002030534,0.000992268283009825,0.011441132822173418,0.010747816881565312,0.0077718661222276495,0.0077209200728131306,-3.486861040428932,-3.244269373020678,-0.8002730871643238,-4.7360277801150525,-3.4464954610982694,-5.620157621309152,-4.847739985110856,-5.237127677141324,-9.508699445638312,-8.335100227695417,-6.24615228439372,-6.3047283941583725,2.759413061735866,0.6596473498974824,0.5165466222894132,0.0039060386032579732,6.806473137796198e-05
0.02328498556084726,0.0172797715066043,0.004402941615038062,0.002563218129647395,0.025548700666114695,0.00021362711457607886,0.000904932850814947,0.11376187043681445,0.0014171871792880639,0.001000323212133012,0.012203870620123758,0.002820823482914888,0.010990778558156361,0.010581750606647528,0.02904452458602228,0.019579318109508956,0.027195768616073476,0.007614260106914993,0.0010497371473815157,0.0010180729306565797,0.010687370164703709,0.011203618220419346,0.008309707492716416,0.00821537332543781,-3.3717793087540513,-3.4345012508887085,-0.8092301971550313,-4.819767436277064,-3.5812899665426587,-5.64158429452357,-4.665747992343519,-5.010260672733069,-10.0438384090287,-7.818447709339648,-6.225449650977691,-5.9818446669109075,2.649304775763748,0.65032345487095,0.5459203283796299,0.004127276863065769,6.826942375936895e-05
0.023636843419977405,0.01753378278553708,0.004552256869765617,0.002404088013544683,0.026996643211322984,0.00021658254444685554,0.000913450434821848,0.11304754897419424,0.0013767336270393937,0.0009970098141634002,0.012239780677261048,0.002900547106184042,0.011132236710852802,0.011362543861916003,0.02675867917541224,0.018415885479709005,0.02800487514442109,0.007448712470813489,0.0010370339422297922,0.0009573964643307116,0.010951574753571117,0.010544278862961295,0.008232391522055838,0.008132499115266844,-3.307058316302202,-3.2381567096563177,-0.7997518381284924,-4.849696555442682,-3.3355443801583293,-5.621672066815865,-4.686519766782954,-5.201079123160318,-9.90128482892493,-8.42365311776794,-5.937524942377151,-5.963520005684341,2.6762299253483945,0.6491114865463073,0.5576965372394037,0.0038677604628132006,6.701803869773619e-05
0.023103884715067757,0.017296996874043877,0.004820769933942525,0.0023886270751932517,0.025545607589033775,0.0002270438955445775,0.0009083809581345878,0.10739789495806437,0.0013612321890643056,0.001011338429742527,0.011988388776030172,0.002782283454644767,0.011062675429138434,0.010848671832273206,0.029117129850830575,0.019229573070286804,0.027102792571658107,0.0071402915228744755,0.0010088244100811155,0.001040745473822487,0.01105027174377856,0.010552864563907511,0.007896720361058167,0.00819096844404039,-3.3522507694480774,-3.304525749983637,-0.7855645247473878,-4.553447915071069,-3.506909727893147,-5.656011083460828,-4.837556811749432,-5.262291007816443,-9.879324511376407,-7.897011743407072,-6.261818425044791,-5.983098440224828,2.7629985133426795,0.617153351359215,0.5669221793406553,0.003991657281001226,6.480119001910594e-05
0.024773504766584242,0.018146089744250526,0.004519162003977502,0.002395671273090692,0.024851372896401137,0.0002197670774117357,0.0008511218207119616,0.11142404767696412,0.001330437787854823,0.0009382138682268133,0.012101233631390753,0.002882011578883254,0.011018500999219487,0.01096276416188085,0.027270078437481735,0.01859717826147401,0.026854422075077187,0.007264698078848891,0.0010337409200312294,0.001010521002300083,0.010784875366135904,0.011109871862771181,0.007635987104896598,0.008212574756036326,-3.242497775477788,-3.400891274165445,-0.8492335390088975,-4.651728921210466,-3.421217539607838,-5.907240008522363,-4.6580263664428845,-5.040786521667634,-9.45229440861588,-8.279421290180258,-6.3783330900135775,-6.193261079329527,2.871022972669521,0.6430906568385746,0.5352368148010601,0.004066396715698881,6.68670098795404e-05
0.02443953831270921,0.017248650462009216,0.004422435905428243,0.0024938006678853803,0.025506533765512793,0.00022940265735802817,0.0009013875989503612,0.1135987289659537,0.0013839054396019219,0.0009842866585711406,0.011953564050893824,0.0029240165757152643,0.010733475854035862,0.010880598478380219,0.026765391063649724,0.018987067074912274,0.027522353138064795,0.007351275915256691,0.0010122523959490654,0.0009939677740267061,0.010569884334949903,0.011032641030401368,0.008115714410162844,0.008243881208251596,-3.3245740086835265,-3.16841509109905,-0.8477084200950922,-4.748397721681119,-3.3760994646030515,-6.071977113911472,-4.852353658264062,-5.27360475952808,-9.85695415386436,-8.09810711616099,-6.241040966475266,-6.079496495661254,2.8620318767255153,0.6503963384681699,0.5464013615102504,0.004171932730998144,6.711397889881001e-05
0.02467382142865104,0.01734470500846961,0.0046293517600287225,0.002473251193541858,0.02663731715781896,0.00021355117037050807,0.0008335973646830762,0.1063320493585277,0.001373398949875527,0.0009578921051528128,0.012221641162919548,0.0028860365945076434,0.010570366647109239,0.011112862957898165,0.028203479824027385,0.019553924066771297,0.02778321768705914,0.00776060723513195,0.0010032212765623317,0.0009731085182343048,0.01148801571095983,0.011382368577506484,0.007628718896842102,0.00802506259886205,-3.4802856154751605,-3.227226030410589,-0.8340136291080222,-4.6039189217899255,-3.5635552377470407,-6.168488874940164,-4.903500768752067,-5.233619654327049,-9.357004749084384,-8.070340839000913,-6.180204290534777,-6.410534784990457,2.7566481394068263,0.6131587538476968,0.5203507754894936,0.003997155577905039,6.71963393689179e-05
0.024268913035892254,0.017941291694591244,0.00472229591394247,0.0025417763139622047,0.025042284715866066,0.0002099609133041997,0.0008551829675376131,0.1095603902421587,0.00141510482861562,0.0009283648370199562,0.012493006114417254,0.002788856389931705,0.01132070601414753,0.011042446579771475,0.026745613923001395,0.019449235890901414,0.027804532880301727,0.0076777071710399224,0.0010473885439178715,0.0009856444192448315,0.011431888523059673,0.010477223828778488,0.008055398127861104,0.007684174214122842,-3.26041261842711,-3.274376064492742,-0.8308162496414819,-4.848196409920988,-3.2779417297305122,-5.94330147090016,-4.69953311650326,-5.037987786554304,-10.181911842348581,-8.431849949207034,-5.925506276879187,-6.180268610489141,2.8818087135055603,0.6260338809700294,0.5513011871020245,0.004196231494950824,6.73639519070753e-05
0.0240453744543284,0.01798599259310771,0.004405492999921281,0.002455245394397389,0.02641327090520463,0.00022114034029026408,0.0008434399358074927,0.10852385274496053,0.001449361525782277,0.0009778323196887682,0.012428653480264269,0.002841241730451166,0.011102305110262379,0.011161760393214835,0.02858087975894949,0.0185235999616662,0.028114127257638517,0.00781505528504162,0.000983463734102726,0.0009879932706013165,0.010912006835569941,0.01134781075557284,0.007600619497748247,0.008102649080012878,-3.4093790807899995,-3.299710661743422,-0.8090293141581478,-4.499495966372219,-3.2973249706979195,-6.150919002194028,-5.111184823412812,-5.254546125171501,-10.042506246846486,-8.436632218904249,-6.308474897008163,-6.277613583025482,2.7649252417204093,0.6521275686021935,0.5216365947588233,0.003965622578257328,6.286840650313277e-05
0.024098678526397573,0.018086276146798384,0.004621606623487556,0.0024838842119035806,0.026855869334765404,0.00022091310213897451,0.0008774287722806064,0.110178171328652,0.0013572533093221362,0.0010017411086830326,0.012093118657424849,0.0029531284752407237,0.011106857332793846,0.010518860904781017,0.02765718081009663,0.018883499188766053,0.02937230521462174,0.007191843105363383,0.0010115739299675745,0.0010132925946483597,0.010568666409113879,0.010690410394682456,0.00818469219715405,0.008325709699953818,-3.19275304114833,-3.3467156190321052,-0.8123839766553221,-4.508005321016633,-3.4090645734587173,-5.83215077987456,-4.748908147134958,-4.957608948846884,-9.49731126637282,-8.548080256220564,-5.994036578795173,-6.388343262308247,2.906587037273783,0.6385721597142292,0.5514839667696739,0.0038722033134422668,6.399672646275492e-05
0.022806901764308548,0.01801691021653354,0.00472675067305003,0.0023631086612493114,0.02482360049019736,0.00021446110250025746,0.0009057514785788988,0.11088196922279454,0.0013733352782597282,0.0009538548591168809,0.012119673004568865,0.002838180687803091,0.01151858447788193,0.01122357322862434,0.02807406077172277,0.018845526816843105,0.02733438073268848,0.0075073304238565805,0.0009889948677354755,0.0009713142619234827,0.01083427710502449,0.011003453950695819,0.008243159626746308,0.007989989057382936,-3.442378163257591,-3.3270631587050064,-0.8207067233138807,-4.793195730688243,-3.5835956500250874,-6.032907389129635,-4.847158809164057,-5.289593204854507,-9.431926431101981,-8.327875510848207,-6.255190214345828,-6.247843298592996,2.7200277821087266,0.6347411657110187,0.5248290405714525,0.0039597796075362185,6.573805200030421e-05
0.02430930435405594,0.01731581662605858,0.004661274894617212,0.0024630981908354077,0.02491036453955314,0.00022212618359532932,0.0008606295374813051,0.10565722683277005,0.0014582518806933566,0.0009922590818403718,0.012404889315620019,0.002931034163807213,0.011029142314249816,0.010687864123539371,0.028503329090153656,0.019585963615424362,0.02892915673846507,0.007352027866619972,0.0009567305417006484,0.0010226678481528766,0.011047458849812961,0.01154585663701029,0.00785086193538284,0.008147539083691285,-3.287491512241516,-3.2630430395706354,-0.7944182914361213,-4.824237243661576,-3.3552579711617496,-5.979689597125494,-4.769429150003218,-5.129790039224988,-9.28802027495148,-7.860819621922423,-5.969048237629836,-6.286523762969678,2.853897493258429,0.6484701227791116,0.5456477674089365,0.003970468812639728,6.351280568558654e-05
0.023114471624218837,0.017736975362823277,0.004771778382013684,0.0024484692415740156,0.026290395002995303,0.00021254680536677103,0.0008568797700268467,0.10891693848196307,0.0014348154234963342,0.0009708880753439588,0.01253486864019101,0.002790560994824827,0.010902900212488815,0.011455948302700539,0.028397388475973832,0.018582109058602757,0.026760612181226894,0.0072366250961519284,0.0009724518759308302,0.0009789800370274358,0.010584002489458491,0.011137114949947692,0.007888788055674653,0.008165268406360934,-3.273239688029024,-3.279377003119828,-0.7797583426853494,-4.608912190145098,-3.506082000758451,-5.899608035336483,-4.950414481830756,-4.971721585473452,-9.441305844410575,-7.8212928689998185,-6.091818148977561,-5.973683082247135,2.8281624328720034,0.6358452696608826,0.5394862891258658,0.003903492726424384,6.48872684059739e-05
0.02476108611637928,0.01866587827589528,0.004506789246422569,0.0023983706436289205,0.02518448544158095,0.0002107875326612774,0.0009029082574555414,0.11361101535791612,0.001446191251079275,0.001010782634887824,0.011918778523997182,0.002959110130427059,0.010994107297081493,0.011513340968484845,0.029275496314103876,0.019936302727757874,0.027732124674428586,0.007823055484368617,0.0010058761834328216,0.0010117922015395354,0.010934396893756212,0.011172200728204948,0.0076990119442530815,0.008205366653893015,-3.241082124552097,-3.3809753809766723,-0.8158905702795423,-4.822641400812407,-3.3520956358377743,-5.8142531573233684,-4.8623789570739175,-5.227316165720605,-9.97589448617082,-8.52508268810421,-6.365793048433618,-6.312975024989376,2.8353398207442018,0.6104378277917164,0.5170588860219726,0.004208475643535459,6.533527065829592e-05
0.02367144112021846,0.017912879002742275,0.004408553687284569,0.0023720801536614516,0.026345544966380023,0.00021283309698220222,0.0008474996421323245,0.11427526502974367,0.0013406864579339956,0.0010084308496207002,0.012116393963625112,0.0027568419889204463,0.010538952697393265,0.011129330369898086,0.028699399724365176,0.01890409974455753,0.027911372842598228,0.007189888983094073,0.0010076305358352015,0.001018459576271705,0.011384046818211554,0.01064379211944516,0.0079964319589974,0.008342327546304103,-3.309064213155837,-3.2840759253919316,-0.8487030189966506,-4.872781959426949,-3.3823546714322172,-5.880188854904803,-4.702761792936308,-5.096515610070481,-9.343394719346763,-8.255359417574725,-6.319089465254049,-6.070247579103697,2.834962004956683,0.6462262685468227,0.5130496658493042,0.004172596027775508,6.724563293024235e-05
0.02373091440024643,0.01883114365061473,0.004721206895717043,0.002422683288817528,0.026557246142686092,0.00022672273673114725,0.0009102098630290316,0.11319265261390152,0.0014413642340630052,0.0009904790516920164,0.011530772394429015,0.002851453244071508,0.011163047035917875,0.011127635816863551,0.028708456948572485,0.0184229414379076,0.02776758939455423,0.007581956219602623,0.0010139089337766875,0.0009918637563710384,0.011321975606218941,0.01091132670442183,0.008108048071352247,0.00828586057662759,-3.3733260901373243,-3.1709683177350456,-0.8022655263776568,-4.643965100572785,-3.6126991061525935,-5.694470409232766,-4.641386963070711,-4.894866586822512,-10.177207345730451,-8.30643559240254,-6.421606357811528,-6.049763754988089,2.890991226098768,0.607283127992361,0.5652910419977152,0.004119236101797579,6.831138943672068e-05
0.0235023833957866,0.01765561073246245,0.004404544410185838,0.0023813543676367817,0.02621870120417385,0.00022969809817735754,0.0008351341546704775,0.10485184239816205,0.0014555078418737304,0.001014242081828617,0.011781225283806632,0.003035568319448188,0.010461821778707171,0.01137591483899196,0.027566640239720334,0.019675920640953495,0.02887476056910069,0.007606717608509875,0.001048604169994594,0.0009521016195983363,0.010858330336571203,0.010744167883165068,0.008149641961333283,0.007973001679696716,-3.4492117660320765,-3.2882150269653856,-0.7822017016129332,-4.780539438781303,-3.3775951458024385,-5.9603439266243665,-4.774232334199848,-5.385855002900397,-10.054519804896117,-7.9915612062502035,-6.140575789400407,-6.213406368775947,2.7402406225106724,0.6219533454228074,0.5205944425873583,0.004192167313396836,6.911689734981019e-05
0.02271389266065597,0.017267153392871572,0.004605223582645026,0.0025412585384568557,0.02538515489292561,0.00022194165757379074,0.0008738643854407624,0.1036764507839256,0.0013943626289840653,0.0009795202285318497,0.011650747826230512,0.0029979790668209945,0.01067700640833319,0.01090351603973066,0.026963898986586052,0.018799339898835483,0.027944505634237428,0.0078117225911774274,0.0010406448273576122,0.0010241127687347154,0.010579233575131415,0.011468380872074212,0.007724644339847975,0.008325417971490064,-3.1721063425795863,-3.3292523132746483,-0.8189413733306048,-4.533598602301419,-3.604936289270027,-6.021623014655076,-4.8166159102612385,-5.039703763110363,-9.743080014428637,-7.9729161951048875,-5.897978529916118,-6.080833883676053,2.7632537710054517,0.627035267573098,0.5342320407744306,0.004000392842746526,6.515951123611479e-05
0.023552288743053727,0.01833239185531448,0.004568867056073383,0.0024692297746072775,0.02484579854796467,0.00021386850868619257,0.0008509436400022173,0.1056728956263029,0.0014046371608739934,0.0009875211155267992,0.012593764730442226,0.0029535840052215723,0.010592424750214916,0.011154898442746537,0.027731756880248145,0.01927454369510462,0.027551844675179387,0.007179299503700781,0.0009658364521816123,0.0009973132614549379,0.010608613634993864,0.01051198606750337,0.007798264617085255,0.008217839847415875,-3.4342858972518537,-3.4252623361553383,-0.8122180343819198,-4.797115895948,-3.5540011467956476,-6.1152662821119534,-4.995093840916452,-5.150004760779677,-9.710070374542802,-8.054344642981311,-6.095278798420044,-5.974652947703676,2.755502888769864,0.6117090291684528,0.5132664788375323,0.004117071883600437,6.674899226349148e-05
0.024126586095810306,0.018410067769504657,0.004390312117266659,0.0024163516168903072,0.02480604502747651,0.0002154000910942044,0.0009109507503275358,0.1041888913918273,0.0013490695306540494,0.0009448992877251074,0.012107826435975905,0.0028666908236785202,0.010612690836161601,0.011206691837450274,0.02743037936703764,0.019437629305269807,0.02810612865726525,0.007664689101454088,0.0009872568802512254,0.0010041483309071247,0.011166875816371599,0.010792411689790412,0.007931910474383646,0.008354059990495821,-3.42380401646151,-3.4202872697272775,-0.8104435238208502,-4.720982486216843,-3.477406206243269,-5.853629469847874,-4.678439849741886,-5.052391827056926,-9.898389324207717,-8.155118250141017,-6.251438576639592,-6.233901551993052,2.844948889771128,0.6468685023114225,0.5336131260049237,0.004127828047011711,6.36181680425481e-05
0.023393384492351503,0.017679707750540136,0.004499002943051511,0.0024568031181317735,0.02640764937570781,0.00022351981167004038,0.0008938016586766299,0.11285849901836903,0.0013711553161985417,0.0009662154181294666,0.012508510393569589,0.0029940743602098314,0.01146138954583192,0.011289937974128363,0.02719517753828752,0.019743255259455687,0.0289106398837824,0.00774491888235586,0.001033266643790162,0.0009594881748626946,0.011147055041517919,0.011529133219039062,0.008284422922146865,0.008303072122446877,-3.2201340251015242,-3.153634660387306,-0.8527023828687355,-4.547453201450471,-3.5788888558136525,-6.172710129833809,-5.0654462603176516,-4.983062322659588,-10.202707577473141,-8.270458828597203,-5.959706663323661,-5.894048265189595,2.669905560716977,0.6107019971891814,0.5635235595623984,0.004088895249343975,6.527240316325764e-05
0.02268708068047097,0.018820858264019243,0.004793066051200773,0.0025882411000828576,0.026920609682178933,0.00022107708089035217,0.0008890976913062831,0.10928406295742372,0.0014089674499899196,0.0009898360509552724,0.011916464469818233,0.0029048172941638583,0.010567826481754946,0.01102958059795744,0.027274059390245516,0.01872976405203309,0.027441392238697744,0.007588672813512912,0.0009865802712117815,0.0009510255075827041,0.011029423779903026,0.010600929621519596,0.007920890441080583,0.00785718998992457,-3.3465491654111483,-3.344146545152935,-0.818320315505077,-4.48285415139436,-3.30152021184,-5.846582088196063,-5.112607792438746,-5.185928209819701,-10.156856556585714,-8.240128174938757,-5.907803513425467,-6.292779694946513,2.659864422600831,0.6025262362087307,0.5428298219264254,0.004256930930489128,6.897928472886145e-05
0.02321527403006271,0.017970229647873297,0.004563217480800945,0.0025444926921407113,0.02565723485848223,0.00021206705020388104,0.0008949092155232585,0.1090319678969216,0.0013471685723512742,0.0009658485521560072,0.012681279667216815,0.002966732865365917,0.010860955242917003,0.010737264518040997,0.028810714014674887,0.019402735881617957,0.027213411849458285,0.007445000200818691,0.0010238119906830583,0.0010214464030220793,0.01122338424084488,0.010858068180946022,0.008098315676650234,0.007609365264290847,-3.4646741600554414,-3.3562366962954977,-0.8579330037736491,-4.648250282551335,-3.527732298573512,-6.162913917390515,-4.6613250935132475,-4.923721404868429,-10.039996453392076,-8.593183553035518,-5.994188348956476,-6.021548855683085,2.8754142272608014,0.62844642496463,0.5576253256471726,0.004055659588523419,6.929539229966472e-05
0.023581147933881046,0.01879942715464685,0.004386923555547796,0.002355448176313352,0.025411278351375383,0.00022424903999194995,0.0008709987631625041,0.1123136994247484,0.0013603216011104846,0.0009999766812868753,0.01178534921919447,0.003026147056689027,0.010876507952903037,0.011338776887953868,0.02716367199686167,0.019856771186987154,0.027113873958731067,0.007712775961808288,0.0009887473318010308,0.0010393664186241752,0.010540486402037419,0.010774052719528979,0.00810590222510321,0.007954985057804335,-3.1964768112771265,-3.208922019851625,-0.849394159715259,-4.799289288690912,-3.455600144232413,-6.0241732632265155,-4.881744997405865,-5.263788972037761,-9.732282142716247,-8.520427147554443,-6.082416986523994,-6.241076963915844,2.834484723610213,0.6379132794955708,0.5349306008698375,0.0040351795111811615,6.32239290826634e-05
0.02328178339474649,0.017979970760447488,0.004409244042973187,0.00240932577391972,0.026265837759247554,0.00022744447114626684,0.0008836068230149157,0.1100696757161456,0.0014070665685324722,0.0009574186203574429,0.012669662934825911,0.0027712392431657757,0.010499966994608137,0.010550805579885497,0.026784895851569297,0.018923381662335353,0.02803332244539103,0.007592670085379473,0.0010211582516168188,0.0009881794297532547,0.010682525592454728,0.010719077486149869,0.007946135452038608,0.00826145449496474,-3.1987407849547873,-3.1598978293928743,-0.8085358797232847,-4.4316280268363215,-3.5440068388572996,-5.994926003955419,-4.982201553561097,-4.964989055805358,-10.03833211095257,-8.306981327551295,-6.337984668541446,-6.074471366195317,2.6464836875136935,0.6304575254987826,0.5476526056819325,0.00412493474133333,6.281997287845573e-05
0.02460735973491728,0.01764629426926806,0.004518598111617717,0.002549195910452837,0.026609940554355293,0.00022709317311498853,0.0008892302511410951,0.10445141875464274,0.001401980480614682,0.0010146934626086962,0.011705652276564395,0.0027733743339009593,0.011368454962200987,0.011059655834085613,0.029354152625994404,0.01902745893174386,0.028771318817842836,0.007749739436362162,0.0009798343543183305,0.0009956789439778504,0.010947324122775584,0.010821693847060894,0.00794150197970397,0.007908262403301898,-3.233218405549409,-3.30500565129079,-0.8016542141297509,-4.699228004205428,-3.4527237180523933,-6.00782417612837,-4.863721311595493,-5.032785306796226,-9.394965133733631,-7.998311743738559,-6.432546625485226,-6.453951912188774,2.8580281197504864,0.6168775292189081,0.5176587682741473,0.0041034606195641055,6.636374653582827e-05
0.02492843299096707,0.017812550172216064,0.004431934439223469,0.0024793834502126757,0.026952812775185853,0.00022186806967690884,0.0008477350366099934,0.1070416820323756,0.001417352703154515,0.0009797035644477604,0.011691218098090433,0.003037142343417777,0.011032380912388642,0.011539767698328488,0.02707760856014732,0.019451921288362442,0.02854501024066551,0.007656769123279387,0.0009527618955607005,0.0009524115279658476,0.011055817998721297,0.010993961308190666,0.00825050795607436,0.007816190169765074,-3.3498623024726353,-3.4750066270738884,-0.7996135472328998,-4.765966992288278,-3.2962636214098393,-5.776037237697635,-4.7361528814283185,-4.918121987360191,-9.241167084318112,-7.88720162170146,-6.404591841012197,-6.507591234115901,2.7466094047221064,0.6222566702770993,0.5226249795843425,0.004218946925987724,6.79578174986901e-05
0.023448874118532036,0.018358257294288916,0.004649770020392722,0.0025665502052138107,0.02708641182062956,0.00022938706167771023,0.0008550146751914985,0.10867696771865955,0.0013898086590539377,0.0009802558681036302,0.012354416275926962,0.002864573353044214,0.010464565904868654,0.010556780408392854,0.027038013770497436,0.01994161102177153,0.028053155239153152,0.00736380663881996,0.0010410931543066867,0.0010480953065007904,0.010522573683548489,0.010540737669763588,0.007745300549220821,0.007730001864171917,-3.3791411047017963,-3.388607335708877,-0.8214401864634235,-4.587634106893072,-3.4622036326223613,-5.703222928520951,-5.018583875369208,-5.231549339007823,-9.256482718992068,-8.58335545534534,-6.350996854018787,-6.319695131447427,2.7148181419320774,0.6223789368263046,0.5543750237975004,0.00413342310265548,6.700852336292939e-05
0.02346488161016524,0.01858669366966052,0.004482669301740864,0.00247514139112711,0.02562870355309636,0.00022270348365459184,0.0009096775611523835,0.10933604880341506,0.001376741232909196,0.0009290674090169839,0.012417301732318108,0.00293804310658045,0.010927012688669165,0.011077337026812122,0.027391395707868787,0.018207306805427054,0.026792647006602437,0.007786306288842495,0.0010250643976612826,0.0009616749135481238,0.010771865597074078,0.010922168047985277,0.007893494231988044,0.008209526940237688,-3.4267401809097224,-3.4385098470376203,-0.7847892422446132,-4.76775101981808,-3.3558998623354146,-6.032573453968506,-4.9050110024661535,-5.146081059739573,-9.685130981653183,-8.592309309424635,-6.186287539421556,-6.448529258212485,2.862765662342866,0.6505446128470403,0.5177520287254418,0.004186210465324594,6.407602275233527e-05
0.02337948598303443,0.01857836510144648,0.004753731943830266,0.0024689308879129613,0.02674962812178838,0.0002277541638398347,0.0008791909233688607,0.11095502551021094,0.0014023717387313382,0.0009518019167949671,0.012163270926280773,0.002929461986607252,0.011296976431547307,0.011381688430196164,0.029321926412275233,0.019044161467835222,0.029053133914757882,0.007347488078443216,0.0009662795110097478,0.0009571937477427265,0.011357904692967553,0.011288329270068464,0.007875274951976282,0.007615201524406772,-3.2662831627516566,-3.460004612056199,-0.7969913849319994,-4.4342455655048845,-3.586048749555488,-6.034506642037819,-4.714259418192157,-4.999621123740806,-9.76894939962537,-8.520902856614216,-6.413299142851415,-6.413989612646299,2.761764136077373,0.604635887361294,0.5328567545067925,0.0041880370310905055,6.525056935091488e-05
0.023725773783667824,0.01799040975691041,0.004623940875175724,0.0023758406033838686,0.026681197020921834,0.00021928383809585044,0.0008671419969558495,0.10712369290392235,0.0013716764897904658,0.0010116975498864406,0.011726702831861639,0.0030125926444918355,0.01135120702798145,0.010552176660968136,0.027138308139245292,0.018901725334500144,0.028694125448730266,0.007433623294583928,0.0010330451524583775,0.000994807418143858,0.01077613889853817,0.010865524386909573,0.007924826524131123,0.00806961723631585,-3.4749418942424497,-3.409851933247659,-0.8415418956260816,-4.475835544192409,-3.293503452865563,-6.095026796165611,-4.725598142462139,-5.100284316667624,-9.905227530652933,-7.928819947333541,-6.013947219394335,-6.372922600006866,2.865833538064094,0.6533166908004121,0.5473507476580036,0.003960411054505615,6.720609317443683e-05
0.024915540517754926,0.017535874644526113,0.004401575077875797,0.0024189954500934063,0.027039150610300135,0.00021417253952064677,0.0008959658556077144,0.10651662767127229,0.0013676329346174723,0.0009991746755478596,0.01218776113445913,0.0028211819908282275,0.010632669309199505,0.011259492245927696,0.028240141067997656,0.018486961566978308,0.028301815911058754,0.0072983210054776764,0.0010272524920093542,0.0009902126115304318,0.011484897698418761,0.010575130909284709,0.00824570443213749,0.00822616678634592,-3.471149054313016,-3.1679996864179145,-0.7993193688634356,-4.847189760517122,-3.3571747156849554,-5.961528622358019,-4.669748839044747,-5.2341630524431375,-9.525812546042102,-8.387483844649244,-6.124516024780834,-6.2265154601802095,2.769158366305615,0.6582815945409757,0.5252913749074093,0.004000810402157917,6.435741000568472e-05
0.02280422061839839,0.01810512074430836,0.0044216470959652756,0.0025704469957934816,0.024923531318224734,0.00021229491137021857,0.0008950594766705428,0.10653015465034922,0.0014359554990315403,0.0009762762529588926,0.011878535797688381,0.002762153448100359,0.010665178794382875,0.011496422195388375,0.02882364463442172,0.01873386069708648,0.027274493425388905,0.007786468292639032,0.0010412881703018703,0.0009505916903107108,0.011157502983123534,0.01090139863596645,0.008157590977163166,0.00781231267638172,-3.1631676854010897,-3.4152752934763746,-0.8268811409915526,-4.862468406716658,-3.4935967567239348,-5.816515364120734,-5.015989382566799,-5.065453939805599,-9.576055905874487,-7.810172070379344,-6.116610211833347,-5.90292429392685,2.7166630208828395,0.6195368319076028,0.5288628423474,0.0038747579625494906,6.519969580357023e-05
0.024158389230357468,0.018250071160523112,0.004566255546955312,0.0024317695762238263,0.02715241164642549,0.00021289972880831937,0.0008580695508474494,0.11147560704436424,0.001432839984080769,0.0009317045785740483,0.011619500427201696,0.0028704328021732822,0.010844092819949596,0.011497381359215792,0.027285591365948575,0.01859060869217157,0.02706486089477802,0.00784489927515594,0.001010081232585358,0.0009588416601475295,0.01072370262335682,0.010549906279689377,0.007784584742321178,0.00814857801114132,-3.432195277992752,-3.2707011771613805,-0.8224877290273371,-4.796875360632305,-3.545890726908991,-6.103976671308713,-5.051304743126789,-5.188307977701408,-9.820532902906582,-8.099589407868383,-6.457793663709188,-6.114586012959335,2.7207984218412355,0.6378354626779397,0.5429304464634056,0.0041944416838298115,6.899650672937472e-05
0.02280117502399339,0.017331608467881992,0.004666012848466479,0.0023967730293255247,0.026374370901998352,0.00021321715291872296,0.0008947160695546107,0.11023979260799074,0.0013707653969762831,0.0009945108142865563,0.011936007412158214,0.002802625935595976,0.01083572964267125,0.011424718867805474,0.0293814569780244,0.01896218708034431,0.02820340818894346,0.00782477062092038,0.0009732198357426742,0.0010021646864833338,0.010598666656995128,0.010812726662156684,0.00803247917298928,0.007850267426982851,-3.277650508877255,-3.4394341459037143,-0.8115212399385079,-4.785847265159162,-3.422847125883625,-5.81052749647869,-5.059175944715588,-5.089610717933758,-9.463126242440287,-8.578038371323554,-5.980863957979576,-5.972202305118745,2.716573313360702,0.6235144321107026,0.552641919704523,0.003983677552677949,6.405147972427728e-05
0.022665223280419103,0.017704072095909344,0.00443488951045736,0.0024743952124684945,0.026800123386875107,0.00021509414438758548,0.0008872088340720365,0.10932420369015482,0.001404345392009682,0.0009999683207136795,0.012145152507671918,0.0028031705025373397,0.010941847316492398,0.011349826949923853,0.027529563236882028,0.018878575335973653,0.02788841922176081,0.007576421561616031,0.0010375956026443746,0.0010485746887446672,0.011228740363657147,0.01080085356856556,0.007961268468599741,0.008019450967830744,-3.451589243563121,-3.3297861664225397,-0.8265813091516617,-4.69192611303644,-3.403103175795157,-6.072736255940409,-4.65160645774324,-5.1557857172271495,-9.599681498556274,-8.495331855700528,-6.232609930400154,-5.982851492417425,2.80716706876391,0.6306280592091245,0.5586902993682104,0.004003015578148477,6.417125971523277e-05
0.023172957975781477,0.018707628306459355,0.004780960373186155,0.0025764592660458014,0.026062081642693972,0.00021195209752577427,0.0009026460374973114,0.11027580205803003,0.0014458171648065136,0.0009906510849283247,0.012648466942367485,0.00293310777394897,0.01125307392374105,0.010698026847857312,0.026671179747501602,0.019010268408414722,0.026955776740617766,0.0075469530346423145,0.0010266352767321816,0.0009627290496614874,0.010900078574980978,0.010472375645185035,0.007866188516922711,0.008010934188941953,-3.3852290958913165,-3.393615071900307,-0.8524924121823069,-4.717595149913142,-3.4986929102676116,-5.80219563872146,-5.031619431356173,-5.162352991792367,-9.305399225959166,-7.820890098292776,-5.933682073238011,-6.127541889168885,2.6554043620872507,0.6050370996545029,0.5567272710368034,0.00422523738575418,6.388474614958084e-05
0.02326759947263694,0.018619451433040203,0.004577608864873954,0.0024052462570173373,0.025480836660847443,0.00022702612855839962,0.0008914303043025829,0.1074856306919672,0.0013613509330417024,0.001013296720471895,0.011860506918978287,0.003023847763404627,0.01126315810829611,0.010558372974383022,0.027028918168550662,0.019350337575062177,0.02771723216769063,0.00770528059449492,0.0009753358806474925,0.000995700084504735,0.011157036687027432,0.011179348397253482,0.007919647953662425,0.008293244856497869,-3.264249285510693,-3.1609898887508296,-0.7873957904799999,-4.814897170100485,-3.5115386370612516,-6.109000220988132,-5.119590614826552,-5.137917743906127,-9.399530191120034,-8.176631135448897,-6.223499747682869,-6.382778666155499,2.727560521191419,0.6587594311957952,0.5536009666132711,0.0042426895061036226,6.554165285430161e-05
0.02301239952491363,0.017876384823455348,0.004784415195612654,0.0024625319840536454,0.025312181338888146,0.0002094597157021316,0.0008897155934423214,0.11170063649943553,0.001396235217250272,0.0009408679922001027,0.012477126383149847,0.0030067445790933193,0.011432109284793109,0.011324155004655556,0.027808344329777385,0.018711038672323214,0.028964296439204416,0.007553704371310987,0.0010339595149036936,0.0010074975279266846,0.011310863028486221,0.010765813677125893,0.007732001033980374,0.007883778351399211,-3.3793739451086795,-3.203245403956012,-0.8010491195672969,-4.421239694529115,-3.3801890106007955,-5.925738440971294,-4.832978861017654,-5.315478918384297,-10.001770289643035,-8.588589784373164,-6.276401189946314,-6.08828080201769,2.8903840341034703,0.6354084937515626,0.5532113520475683,0.004063706300245887,6.424902756127877e-05
0.024492295947537032,0.01814815030287239,0.004796238787178237,0.0025530719223578516,0.025072209980810736,0.0002154388394376974,0.0008992795637933242,0.1102230389933665,0.0014220816517405252,0.0009254539908349046,0.012434625263710482,0.002805915081751125,0.0109318223380294,0.011523618832667204,0.027188161071594136,0.019247902356832623,0.02839684581076142,0.0072017300992520935,0.00104480299798698,0.0009787952373938908,0.010840871548063557,0.010802871741543953,0.007625782253322037,0.007699229844421122,-3.4732346555114253,-3.2562381089058907,-0.7981584268469578,-4.802090709998221,-3.305250315288795,-5.8616325913394745,-4.8749921250364645,-4.916737562640291,-9.598504762316175,-7.814153321275949,-5.9911684556054805,-6.2941338011440155,2.800821321810605,0.6590624456284285,0.5632843258289674,0.003953910498790605,6.272189962496835e-05
0.024959953034870228,0.018650101892610106,0.004391838336892803,0.002577522068744102,0.02540983859662971,0.00022137489927586302,0.0008928978492066932,0.10362557753522951,0.0013274331768019405,0.0009799554356855335,0.012595549873263605,0.002796745920183821,0.010588058431855684,0.011145264992781765,0.02787266550705676,0.019030478608246335,0.02894848708716579,0.007566654543063414,0.0010137859270170925,0.0009813852740420913,0.010657989106000293,0.011128070644606507,0.00830218207973418,0.007858177300530692,-3.2781545371710163,-3.378157199756848,-0.795595610991143,-4.8274034832993555,-3.4729477808531812,-5.9941594199114805,-4.869990587403269,-5.246362855363963,-9.260539072040785,-8.126978769936645,-6.4353047801377805,-6.044841148925353,2.687433503134319,0.6181136496678009,0.5290937729802172,0.0042203539598328526,6.387783046103856e-05
0.02424916719629308,0.018443609820388642,0.004491189234710489,0.002556295839550581,0.02489103998426838,0.00022804128991674115,0.0008719723173945815,0.10596158776862871,0.001355573182642698,0.0009402592216707387,0.012301485466618444,0.0028263404677446318,0.010786519044178586,0.010555036953687357,0.027069207812820503,0.018822350018919503,0.028739324507464654,0.007577671115558894,0.0010325969590391925,0.0009522294983285556,0.011353885294680649,0.010972001624417603,0.00800390022310597,0.007604385648268399,-3.4724235230098204,-3.4371639864915493,-0.8094477134108543,-4.594751146223852,-3.3846103235895546,-5.611504193892031,-4.837487489191747,-5.382181359980169,-9.70295901181469,-7.974943797280143,-6.3085718845396315,-6.073829056305103,2.7062271492342056,0.6271744343882172,0.5360989305211775,0.003945433832382806,6.642597896096184e-05
0.024076915621629058,0.01810850687017595,0.0048212064557571375,0.002519433770384507,0.02546074477165607,0.00023051618017266845,0.0008498655378865928,0.1073737569394359,0.0013353107799350611,0.0009839936504187905,0.011918220161329637,0.002850070532541409,0.011468750879857279,0.011200481653582771,0.027442474791951332,0.01879466660372141,0.028133376962703755,0.007368534517849537,0.0009899768295736188,0.0009663107318333971,0.011256883187906403,0.011283343706429052,0.007816462598556437,0.007959042326258362,-3.461718296878461,-3.4636206131036964,-0.8004811589746533,-4.589242057309973,-3.372132486593853,-5.658445075339342,-5.083613013969685,-5.138570000268271,-9.711389774752616,-7.798520675118731,-6.006043850046977,-6.212542517351478,2.775616905832925,0.6075455087718292,0.5285602200586376,0.004111703950793218,6.481523302622192e-05
0.024965907763017485,0.018402316456492495,0.004501472937972069,0.0025516266295479255,0.025985533023848886,0.00021300680890699083,0.0008414576812742885,0.10799209111591568,0.0013924630151827594,0.0010069441837091623,0.011508306946482855,0.002920278234450909,0.011275707754630193,0.011240886891101769,0.02744628182790204,0.019625812341976762,0.02765121735088593,0.007713882573283715,0.0010465355540612707,0.000998457283795328,0.010495097000204647,0.010957817401715733,0.00805087440485607,0.008093617851642325,-3.2982301053928937,-3.2611819660350774,-0.8180714022235301,-4.526899624380448,-3.5831778397275693,-5.709849812279027,-4.800142055417411,-5.235165867265383,-9.80284094665231,-8.447414706523796,-5.96378751824763,-6.184886210749909,2.6629504059858187,0.6583786147151729,0.5521087878933157,0.004210494710131238,6.583702922724409e-05
0.023934261704480056,0.017130852147289575,0.00469825758016434,0.00251704406301039,0.02542392727388079,0.00021448938019855504,0.0008389538196547788,0.11089482414706177,0.0014127156274664665,0.0009807043600684928,0.011998149258398375,0.00284472531222101,0.011444561093301185,0.01141088045071291,0.02883288719180928,0.01831935531644417,0.02793402007772624,0.007704164925566756,0.0009881390421639803,0.0010359173384759768,0.011372376730697931,0.011350520145935227,0.007668597007816661,0.00773989495416697,-3.3780080527193195,-3.435420156224943,-0.7919215930893454,-4.810110358742969,-3.538511600182639,-5.968566117663412,-4.760193952756682,-5.124850989920347,-10.194401071518058,-8.133230649782806,-5.949560879331762,-6.23333511856981,2.7046783762602775,0.6316556549730452,0.5409148839118502,0.0040927137381387615,6.864273402492004e-05
0.023949434823634295,0.01721673571252156,0.004521546525872658,0.002449742102906406,0.024811097140594835,0.0002283431627496833,0.0008884490927001209,0.10416583206000317,0.001405476954054868,0.0010090847023194226,0.011829534820387021,0.002874227125061197,0.01102630968832739,0.011492078738468903,0.02786434154696809,0.01865498416768887,0.026970344847206444,0.007593652098741652,0.0010226658079267067,0.0010433428062891377,0.01146642072770464,0.01098671902594565,0.008153344453606876,0.008121025854055093,-3.4068707435874757,-3.3994423570765546,-0.842198972940147,-4.845640304689488,-3.2871541141695197,-5.924934104122729,-4.942967879989139,-5.321327065956086,-9.290362007312655,-8.396379613887062,-5.995524377435833,-6.242561132417591,2.802176176553947,0.6080379916564663,0.5250437362574355,0.004042708399913526,6.607012896199388e-05
0.0230956665288505,0.018520219707666853,0.0045680155302645345,0.002426591283019347,0.02702702315390583,0.0002279479553023517,0.0008463846620988713,0.1105399506203162,0.001412150522070257,0.000996360851169165,0.012080173655544781,0.0029650939442167038,0.011077686632965853,0.010948841509812705,0.02709646131599801,0.019038916285863895,0.02899699944295264,0.007206121740487017,0.0010135041130600187,0.0009661436180019076,0.011143079484438191,0.011302006824304853,0.007681539385056803,0.007668229275326012,-3.450939785694014,-3.3463356825628874,-0.8587181876320799,-4.677467293669265,-3.469894523626192,-6.166593145010538,-4.899175047824758,-4.984741388205127,-9.657790616702263,-8.272405459105402,-6.21814999486592,-6.335890728083051,2.8853640102851257,0.6348191706573703,0.5303052405894227,0.003922053003758272,6.668113116752208e-05
0.024053847306589812,0.01806704457024095,0.004530917278561856,0.0023521169123914827,0.026731585219058558,0.00021639634501364918,0.0008409743121006797,0.11349400435969431,0.0013868839871125282,0.0009584170050787175,0.011858524176311622,0.0029895565423189345,0.011513441508766743,0.011440226843371776,0.026894663527012183,0.019783399330233833,0.027949855433990797,0.007738631062940875,0.0009507114184792202,0.0009688304594861931,0.01141739181201785,0.011450212403693875,0.008075646852838163,0.00799305317622888,-3.4535716204329816,-3.3118002285671877,-0.820938819771635,-4.519324430864422,-3.4191288356664176,-5.862930225587314,-5.00646908530865,-5.079348579874383,-9.44402762327577,-8.189069060099381,-5.900262738734315,-6.431954799965633,2.9077313226472645,0.641585200730162,0.5544932831548416,0.003887841392743908,6.638506323667232e-05
0.024325232801212713,0.017866579327922696,0.0047002631731829485,0.002555260041554768,0.025799830119690316,0.00021397403290752918,0.0008994946991538152,0.1074670836915232,0.0013513373032702364,0.0009902612424797692,0.01213680589982783,0.002929736115612403,0.01152973305381163,0.01124748478052707,0.02752130036377776,0.018337101279994335,0.02747316342013398,0.00782889389876112,0.001040969943498795,0.0009653804755742192,0.011445098264756612,0.011067492012983954,0.0077281953814909675,0.007886324358786384,-3.2669654764933007,-3.320522102075085,-0.7964756831730444,-4.768360713305616,-3.408429985248346,-5.770297418429741,-5.026830231346369,-5.1334469510592635,-10.004472669347116,-7.955944397840241,-6.354115235436167,-5.939163549567684,2.657430547033362,0.609955747696968,0.5323912415201917,0.004078089956653423,6.590230012596532e-05
0.02296891451581995,0.018687126065035427,0.004406963282425194,0.002404386376988194,0.026080574758199405,0.0002243944739867019,0.0008765309972325175,0.1131978056968022,0.0013877024372074007,0.0009846931621339825,0.012095970750355962,0.002826228324235396,0.010899557457788447,0.011178937376278366,0.02924240443978114,0.01908851313097264,0.029356176578887234,0.007700367312066532,0.0010175539287750797,0.0009775670763683666,0.011205560598670573,0.011414866503199304,0.007979107242006808,0.007659120261038334,-3.425520042339324,-3.4667991278127532,-0.8027328702544269,-4.730408407206678,-3.42479447111785,-5.837541774198616,-4.721899454211852,-5.2005328118342105,-9.945844683580617,-8.07329572003919,-5.984289487454844,-6.284375135136577,2.872676596005828,0.6197148442081439,0.566720083726221,0.004187149496591571,6.469527018680558e-05
0.02306778045537797,0.01783701966499522,0.0044984757800435975,0.002581702788165397,0.025615152868114034,0.0002271348887559576,0.0008947947380640725,0.11201367458915581,0.0014201574686978555,0.0009489378756714765,0.011544899823175954,0.0027985748350783162,0.011419096663365673,0.010788813525309845,0.028779883348669554,0.018393984097713284,0.027815812343221096,0.007804093978477769,0.0010077059647055585,0.0009733183132634613,0.010558782477042863,0.011154416838266448,0.0076350841295337625,0.00781369832144244,-3.2404206679340337,-3.3308096432379797,-0.7934603133444392,-4.508622556589845,-3.436393999634625,-6.093468689562475,-4.716705290775212,-5.102378938476168,-9.684130346826906,-8.357433410041867,-6.279641387914651,-6.11559305230405,2.7716698277445087,0.6451013947793682,0.542030620619344,0.003921558992849271,6.55717702682417e-05
0.023576313622306187,0.017203055272375055,0.00463441079491748,0.0025683671990795833,0.0253671687152378,0.0002104719654016095,0.0008859135955197255,0.10966717732799985,0.0013976932408418937,0.0010175692995750862,0.011908270636829572,0.002773822735536002,0.01149910181284157,0.010979461221460478,0.028458132782126444,0.01901885248804219,0.029030674452626477,0.007651815686330188,0.0010454419462298584,0.001036602939567934,0.010945132921967452,0.011221097816513646,0.00830539994583758,0.007626932832881427,-3.4463020561359285,-3.1655127793364675,-0.8443581549270424,-4.856732475034314,-3.374543773596159,-5.721880065524025,-4.879143910178998,-5.174088949714318,-9.793985537335468,-8.499551173515327,-5.963102316120813,-5.937925471148702,2.9055493210144894,0.6220055453936809,0.5271239920355344,0.004090449896032631,6.80138056438179e-05
0.024825954996978254,0.01828265588965449,0.004527023255583806,0.002486476732599121,0.026171397119160947,0.00022207316568080077,0.0008777317795641468,0.10728665387284858,0.001348798389604766,0.0009854017325749648,0.012635622501248086,0.002933769834650047,0.010505456990049808,0.01108041162604455,0.027947293531793795,0.019793876481664686,0.028449452992933087,0.007424723353629588,0.000976933133858401,0.0010336112271318216,0.01055534897503621,0.011252453508731797,0.00785262345577483,0.008305806158230825,-3.3331195754677223,-3.4581808090697423,-0.7828964863182284,-4.743867159109984,-3.602341349270094,-6.082662954337458,-4.811764009151508,-5.345223663024747,-9.436123141178829,-8.558814747326707,-6.459178571534768,-6.338371136444595,2.715493444350289,0.6454707960671882,0.5246618693654521,0.004183616760167026,6.426435330235595e-05
0.024681144825308164,0.01873818990680685,0.00453967054100989,0.0024427419571232747,0.024873391884330392,0.00021317782085153263,0.0008607372792003247,0.10555213190352716,0.0013879355200498043,0.000961936142896344,0.012612138837153437,0.002952808037723411,0.010460369411916762,0.010516170140756937,0.02790257680906311,0.01976622516809524,0.027923332144987874,0.007810084530984732,0.0009810802488006702,0.0010342160751910946,0.011476433852420753,0.011478888074768689,0.007939980365141285,0.008309816521114755,-3.2414330720214624,-3.3830887835830183,-0.8017359813519447,-4.658772659236355,-3.531742331154302,-5.669962353963333,-4.8140215550527214,-5.082279363743738,-9.529412808847155,-8.310935071752713,-6.2293757536304355,-5.942195780685123,2.700092545459056,0.6610248814421186,0.5387656272832699,0.004003632012020466,6.424273275692892e-05
0.023210304115870377,0.018743501889365285,0.004827948443156796,0.0024666457307097483,0.02673825580298516,0.00022071236119212078,0.0009081194671175072,0.10647566063903657,0.0013486673637751764,0.0010120122032632312,0.012373607465968505,0.0030053348886031465,0.011444291191647856,0.010909539141799028,0.027912518665068962,0.019633531242908446,0.027823058139112917,0.007555524463563042,0.0009615115625414628,0.0009763238260274147,0.01127679167279441,0.010632995739594501,0.008352254358327416,0.007898906819849394,-3.399933450350506,-3.1966965851939873,-0.851118727776969,-4.530947102363215,-3.5477000867293396,-5.632620912720309,-4.7348626945872745,-5.350379941255928,-10.11136298244242,-8.432381205864603,-6.485246334356868,-6.412930194170968,2.765795239237366,0.660316552911279,0.5216579992346394,0.004155707124452543,6.870974754937523e-05
0.023383857061549714,0.018560841300852296,0.004524285010754705,0.0024065155238676,0.024784922049910292,0.00021960814647546564,0.0009103973554037928,0.11068820961006794,0.0013850603134145626,0.0009440767846831617,0.01187556627988854,0.0028584181496125426,0.010476095259372903,0.011535400875122797,0.027265747002892183,0.01870594600104078,0.0274244687107604,0.00718157841903073,0.0010429066035804314,0.0009681839043336531,0.011311977718727677,0.01112089892793574,0.008180673151129867,0.007636811998068058,-3.4534522123412774,-3.3691395119578664,-0.8266450636508311,-4.635150492323172,-3.3371913276899803,-5.913096423434327,-5.096100592957185,-4.968559103508027,-9.285792727375044,-8.580645531544935,-6.210979035663929,-6.217009385371953,2.7312596473239945,0.6380409916522812,0.5598429444686917,0.003862676159847557,6.65626876217346e-05
0.024808147473634384,0.01874030872993095,0.004664306113562859,0.002469481892116166,0.02530756316069814,0.00021082526466811678,0.000835445061357118,0.10930223954267362,0.0014444093351405445,0.0009496286306657506,0.01177464173445026,0.0027706242562254633,0.011375752311808058,0.01079810513644948,0.028153794707917935,0.01864654609617851,0.027588096229931133,0.007570525376165805,0.0010069048969499157,0.0009848904072311008,0.011462650292812494,0.01106475999291997,0.008332301812178807,0.00769164025388619,-3.3104843780242543,-3.2191603740777595,-0.8289340474974245,-4.574986609869775,-3.398437956967189,-5.637207077647361,-5.017044223813806,-5.16443500986933,-9.55857727526743,-8.600009626116211,-6.387049931060122,-5.992774294046085,2.677215185481964,0.6649462704034825,0.556394712171757,0.0041485408585325775,6.709849725964851e-05
0.024876945774516396,0.018263786887319593,0.004613722749683855,0.0024304384093112685,0.02650166673716531,0.0002174998482131553,0.000831199259325658,0.1084297775304536,0.0014553296160032785,0.0009744017435145058,0.012432042627159681,0.0028639878816293885,0.011072000244583134,0.010616419562003904,0.028286563307899134,0.019500594192629946,0.02841803889370698,0.007710525468087253,0.0009895350161984666,0.0010141029911335847,0.010766402916510442,0.010886249001250856,0.00783669027525274,0.007984684681911944,-3.3836603829498397,-3.4790049537684617,-0.802880799813004,-4.691767595270607,-3.557713340185109,-5.873980219474005,-4.808088568130069,-5.185397167109832,-9.438347390416329,-8.392142784528447,-6.033859691208946,-6.098336307980897,2.7194151122193193,0.6317501308005415,0.5197359095906003,0.004113487820889699,6.669837821759983e-05
0.02429921145327758,0.017340861558845923,0.00477318161053497,0.0024101886908288227,0.026864756252769482,0.00022164072541695974,0.0008546136643203339,0.10518425912074389,0.0013536441772164065,0.0010182186435004443,0.012281262623466549,0.0027562068215073224,0.011427031433777816,0.010833084954231006,0.02684251589997363,0.01960996101483547,0.029257720547062365,0.007707880794402367,0.0009781924310990984,0.0010018624148726508,0.011286130750374762,0.010916808653047401,0.007957107341303926,0.00789536761990926,-3.2467384186794823,-3.4134396744628073,-0.8002038195247919,-4.52051586678486,-3.4232580819208094,-5.817599475308935,-4.6553299331875495,-4.998231650520904,-9.24429548488201,-7.989619885264006,-6.108125150989944,-6.141666409085297,2.8812246234703442,0.6548876669941279,0.5170098341025676,0.004115325319393731,6.765873067513407e-05
0.024551811169242068,0.01840374563881854,0.00467729547239949,0.002489434062509562,0.025762136095215108,0.00021738646510075267,0.0008483640463781309,0.10468868194911347,0.0014184577014112068,0.001006053443692249,0.012189796382285904,0.002785475534983567,0.010781991655539305,0.010605944472293545,0.02707415102875969,0.01983156618235938,0.02704293463485679,0.007358669677713208,0.0010399198485647194,0.0010170514395374745,0.010634079868838155,0.011260121617597723,0.007962639488523951,0.008084332643651524,-3.4657158769489804,-3.3380453651525794,-0.7976358347548997,-4.772856863357048,-3.4183362586702395,-6.003643999786159,-5.068912623148138,-5.223834291298682,-10.046186871309759,-8.568778015289645,-5.999406936698915,-6.050390095128043,2.870552381666183,0.6356971969906731,0.5297965139065118,0.004056528423437346,6.731336369801133e-05
0.023236847006052157,0.01872863644337386,0.004823402299019759,0.002473542859923687,0.026446582755634225,0.00021981864906401961,0.000837005004968951,0.1078747507468126,0.0014417961915767145,0.0009723606061166446,0.012621727617583492,0.002997181155748023,0.010741383370075524,0.010469962398427709,0.029311940058026266,0.01820842458292559,0.02871617953114514,0.007629896761828206,0.0009635335086614799,0.00095320090903795,0.011062110310877359,0.010561422967917563,0.008031600223768474,0.008060966917025505,-3.162594185438291,-3.1713010873407166,-0.8337081165107615,-4.865846205512103,-3.415906653311428,-6.001699662535648,-4.679555563562533,-5.2710673716960725,-10.189257196128837,-8.38322800069029,-6.339455545404595,-6.036837443823491,2.7362128660495966,0.6167653217914829,0.5171610508839762,0.004227674293295757,6.342864006878563e-05
0.022784669335492135,0.018223721584280362,0.004711911557289065,0.0024105391163065167,0.025482543804704678,0.00020962095529563764,0.0008852616369233491,0.11175197582048675,0.0014221687534557211,0.000997250647821113,0.012393547309533503,0.0029844601535380386,0.011053383342377179,0.010946805781776746,0.02889232753638748,0.018555992939565193,0.029077202828771735,0.007709791329698857,0.0009643508205598363,0.0009506892933939221,0.01145985563427581,0.01089603493097739,0.007715210503507128,0.008251151526625478,-3.23455418781931,-3.198947767032657,-0.856830343468008,-4.703733288564405,-3.3960248765179126,-5.762749295347218,-4.707154870413931,-5.35581505476847,-9.592305039595757,-8.586673842079277,-6.198969555577542,-6.3250316609917565,2.6735173252726376,0.6114953083235575,0.5412220341690045,0.003893882730927314,6.885339805275048e-05
0.024908821586277302,0.01724021922071424,0.004805242602251606,0.002533832134233238,0.025261259591119654,0.00022627521318957804,0.0008319840910450978,0.11397664242414016,0.0013808520806607234,0.0009907439893282726,0.012081520419182607,0.002967977728578167,0.01146487272364521,0.010546929443142016,0.029038562630771377,0.018100692640143225,0.026665951789047012,0.007670988024433608,0.000976824859533113,0.0009945509173434467,0.010802038422290362,0.011284352363267584,0.008100718761471304,0.00791158045560284,-3.4838998593543864,-3.2131242259032406,-0.8165806704546233,-4.663308947532436,-3.3962405227822137,-6.167043631773371,-4.944415925761892,-5.357907543700593,-9.796066647854719,-7.809011909452275,-6.139016199285126,-6.181237507654127,2.8243106932371393,0.6481603907305034,0.5300854505053575,0.003913071325562265,6.435538466390495e-05
0.0249005879606031,0.01802862696815078,0.004737625587278212,0.0025694831395688773,0.02697761632115221,0.00022584917948948217,0.0008609510193911109,0.10695354343553512,0.0013325402040312406,0.0009403533343962658,0.011720666414458073,0.003001749103648422,0.010780734620095713,0.01133108813526858,0.0284419964764411,0.01963051634487448,0.02769691646078537,0.007665113580515922,0.0010343890702924972,0.0009606781497681984,0.01046081318208924,0.0115454792351461,0.007602930957154117,0.007832776817437838,-3.225832112065862,-3.166440678263914,-0.8059606275465034,-4.446582691086834,-3.555861721453852,-6.146175793521936,-4.663237652813457,-5.12150260885579,-9.360450941107493,-7.812569443363399,-6.325265676818137,-6.301230283509909,2.7399082882092425,0.6285110474572724,0.5382811282952508,0.00405258197506206,6.579166164654733e-05
0.02434845335954172,0.018031692830312664,0.00453261033740717,0.0024563559489491705,0.026517920310411967,0.00021032379957287788,0.0009142005012611107,0.10894519116412292,0.001346455134112368,0.0009245231857005479,0.011622811565689756,0.0027574823891216866,0.011331707549688078,0.011353130961993882,0.02906588223644936,0.01826090202638009,0.02857897953124709,0.007754613381461962,0.0010091173479359306,0.001021108952435649,0.011168595640001774,0.010745135568907722,0.00760551995226723,0.007755913093897072,-3.4053081219142354,-3.453279081610924,-0.8214935843289064,-4.554488865002937,-3.502199278342394,-5.699969295441998,-5.07422594271636,-4.913463200119678,-9.582574134198717,-8.389882526085389,-6.474228368856767,-5.907419734615138,2.8679595207712096,0.6497930595450018,0.5579623803426615,0.003938225657585201,6.853474129696457e-05
0.023142215253391014,0.01810786488324293,0.004635444826858825,0.002460580966091018,0.026129930080949618,0.00022876034493944409,0.0008679946831530521,0.11190579018904642,0.0014488390775224485,0.0010045532001524413,0.012666048175986407,0.002908106710957957,0.010908342307295904,0.01114802786503828,0.028700054590042795,0.019111748877519933,0.029286708558701795,0.007594085855563829,0.0010027520185260021,0.0009926543767638538,0.010654102121939263,0.010947283781264939,0.008049909700966352,0.008072960330288977,-3.484760197246647,-3.4518052815522893,-0.8452169064794163,-4.45152200000359,-3.3232017397784333,-5.954670747138758,-4.848266460240926,-5.220676785127448,-9.942580231303895,-7.871347520107837,-6.500794928239782,-6.1407329950167595,2.685349616423105,0.6473637555524179,0.5565052396110297,0.0039050176426111355,6.463302560677454e-05
0.024455464169908146,0.018320078666095065,0.004658855613450702,0.0024096271379686588,0.025982267322891345,0.00022283244674689602,0.0009110367048884634,0.10967666867815865,0.0013762065057751373,0.0009443529175794121,0.01235367551448626,0.0030365584908202486,0.010707633629705157,0.010820067578544494,0.02754940292527591,0.01968907637542695,0.027055717116239577,0.007515769623920233,0.000999845075779578,0.0010190677691709498,0.011410672934366985,0.011362776555483043,0.008270488656873446,0.007858421519616151,-3.463358646422102,-3.1602040851234228,-0.8077483982031627,-4.433043386874531,-3.4388600360830623,-6.0375153223645714,-5.040768132341514,-4.929398391940936,-9.756255583705872,-8.187868901592578,-6.056673218286179,-6.2819915819237355,2.8066389079522187,0.6036254210605003,0.5665551910528133,0.004053043014414221,6.31244422676828e-05
0.024533387267059916,0.01867941073297559,0.0047353574362417085,0.0025791402850538904,0.024877724737276424,0.00021701909830215848,0.0009051964107248386,0.10986135855050708,0.0014074146265132983,0.0009679237840608621,0.01158935023793603,0.0029472634903341824,0.010466278495122553,0.010612501722464434,0.02824651988150402,0.019294545310114295,0.029322635118859536,0.007399151063185289,0.0009640009492810511,0.0009715991705342092,0.01109858284854796,0.011537380367001415,0.008016152262186405,0.007939231680720329,-3.382524689656034,-3.2516139887002207,-0.8555347768951036,-4.600549318678873,-3.3995149429582066,-5.659766309275996,-4.9475534544734066,-4.945378088105529,-9.744812036061882,-8.328531790243954,-6.3615061862070235,-6.143399121689543,2.8943600113002392,0.6301240209654334,0.5569780422598753,0.0040812758827736125,6.74995566459396e-05
0.023849302055243105,0.017283603907812545,0.004492053799183933,0.0025686206689806527,0.026854614845449255,0.0002211138482839717,0.0008676295110849033,0.10721704991013027,0.0014191761052781088,0.0009413593938318308,0.011782743444036863,0.0027832045533804093,0.011279108529931733,0.010925983255322555,0.02930717952556163,0.018959616549045825,0.028447334538397543,0.007241531083675817,0.0010288498561080604,0.0010473447506615802,0.010916701161107246,0.010824045408178681,0.008287708646711143,0.00811440825860186,-3.4551681746492315,-3.214392281689384,-0.8232272189585186,-4.594584647282686,-3.2897696190337498,-5.763085006683525,-4.82405315890955,-5.010641315947101,-9.509927056467578,-8.013246079190194,-6.244609368070764,-5.897499370253919,2.7725844189258084,0.6584230923517471,0.5221372105055642,0.003998672857903589,6.386533766171037e-05
0.02347468981994444,0.018438591651167235,0.004511497817255742,0.002486916540976736,0.026656276159021643,0.00020971254024486238,0.0008523027308433821,0.10588943678014533,0.0013744254722953416,0.0009643095268125554,0.011689277212080568,0.0030092037522317307,0.010514306403385855,0.011291712215501461,0.027885469608746896,0.019133690634840845,0.028469585498324085,0.007834319704204628,0.00101139944180109,0.001035410935042137,0.011482559008037829,0.010832363738610903,0.00805165931026527,0.008331612503107157,-3.4047998690962955,-3.387059029793608,-0.8125625944592646,-4.781261455535624,-3.6054782507273067,-6.046121712652079,-4.759040704216667,-5.067956563647211,-9.868711697692227,-8.297227187583257,-6.176420274892219,-6.399573985892166,2.667644148197808,0.6210702520679415,0.5157784785613176,0.004233631801625701,6.333946136544063e-05
0.023091139713051288,0.018175416367495208,0.0046140360649580756,0.0025355838428199585,0.02678962384357153,0.00022380065819912876,0.0008611972486744662,0.11246747322329938,0.0014632306674274903,0.0009939725377224487,0.01258043085220384,0.002940402553194652,0.011046685908700058,0.010622315960322426,0.028534768324955197,0.019156321900258053,0.027954944641622435,0.007159582540721339,0.0010083966389163375,0.0010270898133857998,0.011039468773302556,0.011398130910055633,0.008255192868824071,0.007843186299593297,-3.38075373400821,-3.2812767810841175,-0.7895461585105858,-4.761042231002733,-3.3246100668943273,-6.043554440049393,-4.872060034310251,-5.273221671421692,-9.555580365077658,-8.511921507349992,-5.901975789547615,-6.01753184661108,2.8985687205463204,0.62961469773039,0.5571747961883106,0.004105571354041045,6.312918703360228e-05
0.02415420038605091,0.018392669778590835,0.004813669268062116,0.0025808378723885363,0.026235026925335036,0.00021598529061077508,0.0008649946972907903,0.11404266739009843,0.00136202173295382,0.000975206701311149,0.012160113254623909,0.0027936910059974834,0.01084744100194425,0.011025397035064315,0.028692470747281026,0.018887408382269287,0.028599746483920628,0.007767244163629039,0.0009586809802070032,0.0010047539660835586,0.011087253371330307,0.011401719201210442,0.007687773132976251,0.007982324234434391,-3.323904597518372,-3.4804886835069833,-0.8254507167748584,-4.859619211437874,-3.5547602992676,-5.711812030955547,-5.05114461457229,-5.02769527115733,-10.117243375773485,-7.888331312306357,-6.354900495075206,-6.223606993611943,2.6671245080763426,0.6188298889212419,0.5662642298264422,0.004043936456213886,6.36060880188646e-05
0.02302380465101979,0.01726391894166558,0.0048248151710411965,0.002528555588037863,0.02566405599014525,0.00022040674488496952,0.0008317804428510361,0.11135284016597674,0.001331154908481079,0.0009928996528229582,0.011755960148793418,0.0028365832952773197,0.011128208790707519,0.011206964069666247,0.029368823888134343,0.018849871633100906,0.027828623699731585,0.007378889468488838,0.000974509658741428,0.0010115907882325191,0.011295133314049093,0.0111681522548593,0.007638545615531679,0.007979396574488732,-3.175514475851709,-3.3873453056664897,-0.7879825506711797,-4.532423144011964,-3.611968349513044,-5.635147161723737,-5.059997190681352,-5.358883545324309,-9.380142303675154,-7.851580946527122,-6.099194217686175,-5.947085188275989,2.7915637759677643,0.6208533574408298,0.531804650870934,0.0039855235368623804,6.633681186600216e-05
0.02371772356324953,0.01813768684739578,0.004634594418288786,0.0024076871375987544,0.024814321032802303,0.00022124375801452274,0.0008971930542496141,0.11441212661258399,0.0014025542134886802,0.0010065066786957668,0.012424952233638775,0.00281967506069403,0.011446548315083665,0.010476852180326663,0.026993691895897235,0.018905095426089792,0.028538774781554054,0.007348670662526018,0.0009937939672154618,0.0009611732027269121,0.010603080154041026,0.010668667577033428,0.008094486984567169,0.007929953050582908,-3.1747737699541085,-3.1969759968730584,-0.8495434607831162,-4.564745646569973,-3.338501537327091,-5.698705106039757,-4.766224324436087,-5.199885849941325,-10.084070279383248,-8.00256698162564,-6.29107384556955,-6.229980594169278,2.8108718802245067,0.6644038065878688,0.5331213172074196,0.004192690836619547,6.851816000425401e-05
0.023335363012725024,0.017161791246978243,0.004388091683954711,0.0024259145601468286,0.025896175148391584,0.00022660798717814338,0.000907461000369679,0.11071253420233415,0.001370377044559296,0.0009466369218360581,0.01259829498222539,0.002854148011398276,0.01150412937823596,0.010455239691251105,0.02936602796989488,0.019331026463179524,0.028155862579199848,0.007684793053247579,0.0009794940219025145,0.0010459663650421807,0.010825373623293137,0.011153284037309266,0.007636682604040806,0.008174760650458433,-3.3403739549441607,-3.3784616675738857,-0.8397729652829106,-4.8762224305824065,-3.4422164300929645,-5.9567053033053865,-4.91843827628964,-4.9524378603299954,-9.920680113726041,-7.811605296916128,-5.946180621872376,-6.478840643979363,2.8129986863253427,0.6466036344627134,0.5191902643539066,0.003898904509409073,6.561901062449356e-05
0.023313957483499338,0.018475049413545115,0.004715872352493848,0.002453112585657262,0.025526693558003827,0.00021653567413546022,0.0008469535318453863,0.10570555665479332,0.0014431808964583933,0.0009444511978392566,0.012568312881060988,0.0027798849613774306,0.01072370681228699,0.010802244244981826,0.027894876433116736,0.018259864875020678,0.029086677003615016,0.007539030300662886,0.0009962463236821454,0.0009816867638286196,0.01123097082781393,0.011009764284509655,0.007782527537524995,0.00787861230847657,-3.366332547978782,-3.248747423430107,-0.8595876062790325,-4.7652044144195305,-3.4867676104756105,-5.76839482145011,-4.683428339139994,-5.405445816734599,-9.354907850628877,-8.418568667848936,-6.181553591467251,-6.248896387241948,2.9058911154878952,0.6081793949758386,0.5464494982162359,0.004211695677689454,6.812515483056886e-05
0.02486009392721306,0.01723773118930823,0.004417935304498293,0.002528639431660256,0.025774581134124477,0.00021278706885081487,0.0008917882685132442,0.1100644178486484,0.0014407727380701275,0.0009775741760011233,0.012586534785325346,0.0028978494954566333,0.010504378170346532,0.011122369475020303,0.02855715330974104,0.018680405689472497,0.02865980994132197,0.00786110293291066,0.0009969556845365686,0.0010181832866258476,0.011350269108084851,0.010524106272232438,0.00760801670801339,0.008211328792485114,-3.4393217100842235,-3.4222552650881544,-0.7951548980444373,-4.801165621186328,-3.3951795423896587,-6.045226042711094,-4.71407866558725,-5.16757876921205,-9.33563836846598,-7.949207491835018,-5.932514428035199,-6.361477807753101,2.772477642070883,0.6327199315127696,0.5309907912389062,0.00392949950245367,6.419398528023351e-05
0.02371154030790032,0.017542423544474463,0.004641687550760622,0.0025739377323083226,0.025276239244452988,0.00022469111557756754,0.0009104954889547678,0.10378878657508384,0.001357020489371239,0.0009978769955765734,0.011944463797287985,0.002852308765812657,0.011173169042151227,0.01050736741405807,0.027679239107770516,0.01860362937527227,0.027579405786173995,0.0076558025474684835,0.0009702002648245949,0.001011025865848737,0.011463956421187941,0.010614065948460708,0.007627029918547373,0.007693056414789187,-3.292091382469901,-3.2632125258125506,-0.793172907841151,-4.731530735663885,-3.4270025499609473,-5.722799348932871,-4.775754392150847,-4.998937117971872,-10.158842192045904,-7.944333936819588,-6.098770678321361,-6.403618424674984,2.820764835916915,0.6291602604486131,0.5267064223478046,0.004098860170692106,6.639977014796188e-05
0.024714367098699917,0.0184691413755965,0.004804017746685105,0.002397993081118788,0.024609688699591032,0.00021600996880197045,0.0009115567793684157,0.11358235594691408,0.001408519306192128,0.0009825261726102406,0.011819147837597804,0.0029933972568016065,0.011364516878721103,0.010542973315870442,0.026715236487407108,0.01811875510376218,0.026827791376281305,0.0071481890519049605,0.0009537621742346033,0.000950419556780621,0.010721332525321502,0.011432908303328323,0.008179460358520392,0.008209643020682828,-3.3177181492141212,-3.441168637875319,-0.8060616882606569,-4.849220629152382,-3.2946193973019464,-6.007225633229628,-4.821532036294861,-4.962102880027052,-10.183468076294124,-8.408128543909532,-6.434019684407673,-6.187523481557595,2.6745530879201054,0.6376309307112469,0.5409961657443597,0.003972814849156552,6.37746580695679e-05
0.023045947321410996,0.01743349077992034,0.004682712972785643,0.002532993277285142,0.026378865520919798,0.000227669832341092,0.0008779962409008366,0.10616517742755198,0.0014382843032566778,0.0009889462618175577,0.011572935788935364,0.002927406425624942,0.010749149119831828,0.011064816913321337,0.02690145866276587,0.019212333982373656,0.02700778966948243,0.007431136186344016,0.0010018564511003836,0.0010193915427447336,0.010853630600750107,0.010900874366318465,0.007998532128969938,0.008123006847173186,-3.3490306819986753,-3.3321058710691114,-0.806409398879338,-4.881046832600429,-3.401553351294091,-6.022095526795958,-5.07153566243944,-4.92308253332347,-9.273326115593779,-8.426862712146491,-6.381165891108738,-6.391166843659935,2.68833384859183,0.611676354231518,0.525226305771336,0.004095393474166518,6.317456889628052e-05
0.02313710761898733,0.01848323076374257,0.004692362239344084,0.0024797042534705793,0.025571862495794486,0.00022501080964604052,0.0009119483806969081,0.10377703029697247,0.0013689080136186286,0.0010105051543867175,0.012335004729140266,0.0028821092953197768,0.011108329084914027,0.010484530676485618,0.026782232609208187,0.01974574295753935,0.02761433117997978,0.007200609838667419,0.0010196073118062387,0.001049182217540754,0.01134087294295467,0.010906854978094328,0.007828741479463611,0.007909791245610129,-3.4341117771514744,-3.241228815118072,-0.7799647788249221,-4.482452813258169,-3.393288463033494,-5.760221574759143,-5.052182135421851,-5.104443355110875,-10.160235646742361,-7.8409484672790075,-5.959409621462681,-6.434968302925052,2.8891217514556744,0.6502706981719004,0.5276470146906056,0.003894475502681857,6.473828720011593e-05
0.023657921558453514,0.017819053330023767,0.00478462155258821,0.0024850895929862727,0.024728402724306025,0.00023010651189843054,0.000847402561573194,0.10443618046884806,0.0014404060745364228,0.0010012551524161758,0.011588169770858685,0.0027689209503336627,0.011133719761601863,0.010491759222541334,0.028222335731858034,0.018819275242160982,0.027163335865265637,0.0076958889097932925,0.000993362356222967,0.0009961612386158213,0.010993914021930914,0.011080361171054034,0.007659362907213646,0.008036171814499967,-3.297058422426286,-3.2084093593574896,-0.8577308753385464,-4.759787266919524,-3.614261259500661,-6.193288441742668,-4.7061039451054585,-5.337564273555374,-9.845396677573943,-8.491292251022497,-6.253741998254218,-6.282950545559534,2.712241035310977,0.6333368887170938,0.5192200418168986,0.004094012754510348,6.286270495323478e-05
0.023081799593047476,0.018458659507367584,0.004815007816212521,0.0025377933073016472,0.026082719735777183,0.00021252677005229723,0.000889566469874319,0.10883261638107478,0.0013454422755546965,0.0009350058901304384,0.012215680128029984,0.002936937707203236,0.011076528501903403,0.011040492132440875,0.026949827152470105,0.019475350644807068,0.02813947136333756,0.007252914136806671,0.0010439805820597608,0.0009722692884337583,0.01097277759247827,0.011402685922325937,0.007612593889430581,0.007834112587899433,-3.3996718589696644,-3.278260897026006,-0.8568929112165273,-4.682285667001273,-3.5109301158645265,-5.629073772142673,-5.039879616937705,-4.929677406756856,-9.51880376961154,-8.271808814948384,-5.903300687678581,-6.446574568647222,2.82547889622001,0.6334527876099929,0.5527490463128029,0.004020393492014457,6.618223521673754e-05
0.022770914262994654,0.018575988495800028,0.004516846450349439,0.002389619509202294,0.026565815933779185,0.00021719691765826845,0.0008494256836579971,0.11327409363587855,0.0013994458245734297,0.0009242054339910393,0.01264595696542965,0.0029204302542951304,0.010580278553965707,0.010450439613554855,0.0274721327619718,0.01819777184327331,0.02709133778675924,0.007197132890863853,0.0010404778756689297,0.0009935404367106887,0.011345139093109998,0.011493863668967274,0.008334848317332508,0.007708165157763783,-3.492280217308434,-3.316384777534751,-0.8532501169152584,-4.8209935624528955,-3.3400315856330662,-5.89342356826119,-4.6602013805732385,-5.1714824399991715,-9.423165145519732,-8.107709372515526,-6.138343524458822,-6.294724057458438,2.8144883641111402,0.650673732135168,0.5532980925237396,0.003940055753514687,6.644471489787973e-05
0.024966317151694978,0.01788778426197327,0.004594243977466088,0.0024486931625424097,0.025795399817325853,0.0002220587881619086,0.0008930151188464325,0.10535822764246587,0.001393143590554089,0.000993690405096137,0.012539430820067532,0.0028998327530304654,0.010450301018897261,0.011290849597050753,0.027763313549904255,0.019181267643340563,0.028841643940467124,0.007610351843311124,0.0010471295486945546,0.0010436124492743902,0.01129074660436505,0.010949866593785702,0.008220274557940837,0.008179353622160447,-3.4161436453202985,-3.478987312591391,-0.8408582088772422,-4.828442795526022,-3.537432901407699,-5.729632921536696,-4.818384270938202,-5.368783090537527,-9.247870913855042,-7.959096602216013,-6.066655518768941,-6.4693142539155435,2.7791707925517093,0.6594957410244305,0.5663179336640313,0.0038606940832073364,6.883966440415732e-05
0.023424492120766135,0.01721762375165169,0.004797585080760744,0.002479534309999717,0.02602505363640925,0.0002306568520612382,0.0008525811804898361,0.1042764143980732,0.001447315395035903,0.000983219773308011,0.01226156940162566,0.0030436100056564974,0.010934904926628375,0.010606685997357751,0.02709202589499461,0.01838124617595057,0.0290194401416592,0.007467461777011464,0.000986805866899297,0.0010317311764713778,0.011454077138166154,0.010543141553828333,0.008134058147352052,0.007805691596132372,-3.2723240985822715,-3.451613413397138,-0.8323139195426194,-4.630280144435714,-3.500909967929803,-5.944053926923194,-4.710314064141952,-5.004141364602983,-9.819946964266485,-8.471399305774007,-6.21995238718958,-6.2153572916611,2.8991606122521585,0.6269358547783385,0.5444866373378536,0.004018461590370841,6.368987485785362e-05
0.022923735805637443,0.01857104835880301,0.004495457415828102,0.002351886430727997,0.026686461455623672,0.00021631223586188414,0.0009120797375055773,0.11408877992896645,0.0013804315491718466,0.0009728295570910647,0.012474287679553227,0.0029242123524133696,0.010571531590776626,0.010892060618340624,0.027299602007286823,0.0193278983663789,0.028259093290114397,0.007374140000640898,0.0010376090934258824,0.00096501857667965,0.011529498194873264,0.010623569888027078,0.008125540813630393,0.00761710950572711,-3.446547291463893,-3.2005936995658804,-0.8143475096614231,-4.669990324703877,-3.475607218906897,-5.730361934214675,-5.02946582820151,-5.271963332982739,-10.128870324783815,-8.33655512379033,-5.9567528743879805,-6.197772403243821,2.887484942057936,0.6123381422102542,0.5525695859064885,0.004243772126397286,6.796758501994547e-05
0.022625764085868243,0.01773180493551451,0.004810291717510186,0.00253542377480077,0.026967584087511837,0.00022776860108411517,0.0008840020457386839,0.10936442220386967,0.0013632183175746504,0.0009286256440170222,0.012134127416961961,0.003012451594371241,0.010716853260228299,0.011258316967324404,0.027857987644202865,0.01965046665261271,0.02837090579030893,0.007574036717674904,0.0009609073349359721,0.001009900685221957,0.011502257310802452,0.01109284804663255,0.0077583058873184705,0.007686817915141618,-3.258633563454267,-3.2845962875924952,-0.8219260072643123,-4.465730825122442,-3.3351051068335447,-5.746622388414338,-4.785534746876104,-5.294757952639988,-9.280906358522008,-7.8740516328965775,-6.476803256001227,-6.4171866815326695,2.8100137309188833,0.6299519952822612,0.5319320631354433,0.004092304032745265,6.789328563234226e-05
0.02365539158433789,0.01740580117510328,0.004438734200007659,0.0025806318424511938,0.025182163163872506,0.00022955883702060372,0.000862176185445093,0.11348187842940059,0.00141952124560258,0.0009215794991765699,0.012229378291304601,0.002786260533112118,0.010845419428743286,0.011514877810599494,0.02770217245504345,0.019601472386283215,0.02881092220826837,0.0072088099661643005,0.0009598953221071238,0.0010496805616021416,0.0109893268102391,0.010950897110535426,0.008067100675621698,0.008071533694495519,-3.420631333539518,-3.1791840570535865,-0.7987742701390527,-4.75133152748582,-3.4448750302789546,-6.004793677476283,-4.694682123301164,-5.203393139252103,-9.909966124667674,-8.381489884001757,-6.1393331545066365,-6.2582195238605145,2.884915235672108,0.6308420695137409,0.5199888882427521,0.00415116256129505,6.922148841486929e-05
0.023430262656972265,0.01880338012641433,0.0047312169615165555,0.0023843835596991467,0.024908214678487608,0.00022082126725583382,0.0009128425535110341,0.10899458379505879,0.0013500771537002518,0.0009270512857231708,0.0123917637848147,0.002844175327090436,0.01133068000949838,0.010483258901673632,0.027851816420605826,0.018157846042982,0.02851003150950775,0.007421494754760594,0.0009696508102070066,0.0009890627242916633,0.01110143305142375,0.010938859432471687,0.007679531533496296,0.007911039136744126,-3.3816308271388364,-3.357450464974266,-0.8558972397970438,-4.653459777899946,-3.6138945748701934,-5.864528815005978,-4.979537091925983,-5.2375501004399,-9.639081904515649,-7.938124020741905,-6.286639926391609,-5.953223072703561,2.9046948389294434,0.6565692794942175,0.540191058281143,0.003988527232850279,6.498921369109414e-05
0.023418241432779204,0.018844272501388606,0.0046841156749978284,0.0023655998331607218,0.02519576170922207,0.0002161712109337157,0.000893466886626235,0.11382986422014293,0.0013317992701148283,0.000969632829500551,0.011942522860401298,0.002787194756657914,0.011480631616569337,0.010874063022618211,0.028454674528444822,0.01937588993710301,0.028777912418582914,0.007432193289889826,0.0009592191138214275,0.001024471177004188,0.011266409447838811,0.01055760349616809,0.008107929052100858,0.007747435120766696,-3.4064879576525677,-3.1893089410262565,-0.8107433604440252,-4.755788760979693,-3.299221225940905,-5.739896879722888,-4.891475941282536,-5.339213403607905,-9.77597144919821,-7.9571716322135115,-6.294090672810153,-6.487177361171335,2.875919669210451,0.6509385663445957,0.5493928937852595,0.004154491155866899,6.804667476505238e-05
0.02343822902076192,0.018657002070810155,0.004636503858164771,0.0025936382883969,0.025815336361875562,0.00022579555127190244,0.0008622718682963226,0.10727401546779823,0.0014387448342782383,0.000991821836062237,0.012194989815339705,0.0028605510210164904,0.01150030040116345,0.011304035515928889,0.028743201526676733,0.018972228111772585,0.029049796310985917,0.007279083310921971,0.0009680616910108543,0.0009865167511899026,0.011231067992395555,0.010726201345242999,0.007666204780812186,0.007839598568299733,-3.2858637142674376,-3.214040547893409,-0.8152135314557031,-4.842279663934187,-3.552439651018803,-6.088969669208526,-4.994375244808712,-5.071382062315938,-10.164584797140696,-7.863735262724469,-6.248844231383183,-6.13367533902309,2.790059230227153,0.6033359479977057,0.5594778694080773,0.004149840067571454,6.617333943730462e-05
0.023007158274644144,0.018284833832958435,0.004494997837037488,0.0024935835884426047,0.024778894576242837,0.0002213461584500135,0.000865070721633236,0.11392956806859765,0.001337455563077474,0.0009330555706599909,0.011994695739436899,0.0028930732051759504,0.01132933649768953,0.01067586407339479,0.0277228577296965,0.01909322256486067,0.02803407217033863,0.007229859186544168,0.0009917138580035935,0.0009915654017199113,0.011433771219211077,0.011207237096191232,0.0076650416342750015,0.008093475201734469,-3.171000361703358,-3.3450263520971797,-0.8540600833504294,-4.859142556520345,-3.5882280522759804,-5.6165625924164635,-4.812821458834353,-5.057647375552638,-9.632652180756455,-8.538132132733265,-6.488872261824716,-6.400004499769052,2.7669996347109187,0.6142748665868641,0.5623346334148783,0.004111857436306617,6.482510454902213e-05
0.024410934324268233,0.017546147499777245,0.004640264930450686,0.002555879604180086,0.024927691155832595,0.00021186821488116105,0.0008582102711355478,0.10691242055899637,0.0014253174111712556,0.0009533398459662064,0.011624469770374315,0.002945566079352182,0.010930564873922572,0.010915267236676622,0.027246280301368074,0.01838366227365229,0.027341461771536957,0.007780939297661401,0.0010108044665449172,0.0010458070956041346,0.010725683460853326,0.010716331559274822,0.008125907005492563,0.007740222802640284,-3.3558623980029307,-3.3507193107192763,-0.8591986791457865,-4.631174387257993,-3.3503920864376693,-5.823372948450297,-4.9135748594673725,-5.251797804011168,-9.624818853481681,-8.604916478542881,-6.297675646224409,-6.482087665356949,2.706527938493504,0.6246817426960601,0.566608903194434,0.004075329264986048,6.615626032048523e-05
0.023704151585035506,0.018278838974125772,0.0047891876152354315,0.0025894891643709456,0.02601345276636395,0.00022745948889435643,0.0009051040488508551,0.113624842582395,0.001401505935040726,0.000988374766653298,0.011498961836555027,0.003023199270449547,0.01069219457897705,0.010638458105522745,0.028506693324442965,0.018684753593671607,0.027660742629533833,0.007800465777448382,0.000981337513660588,0.0009582386088219012,0.010772554438837581,0.011206341680413914,0.0080401389885251,0.008153729904107026,-3.4815376631227632,-3.4112866137261966,-0.7952156778044456,-4.60645724169367,-3.588568340610939,-5.731976174918419,-4.753557258352157,-4.955131200879018,-9.384466607555739,-8.440173348052385,-6.249906414717268,-6.1334365326621505,2.860423893839499,0.6430286510532011,0.5319550778630711,0.004042419994430032,6.381625866476769e-05
0.023523974192615416,0.017415586058509673,0.004485844026368913,0.002380479580307088,0.026477152779264056,0.00022147585539756726,0.0008588321963840565,0.11430056842791857,0.0014557441325318585,0.000971990206752531,0.011963601750481353,0.0030187859999430823,0.010627990200410156,0.010955419219787411,0.027206316227291034,0.018343816443513853,0.029297468906334487,0.007785189271700115,0.0010433868336954264,0.0009827674440769636,0.010668034678906469,0.010923055165676562,0.007821225397220318,0.008327287200743265,-3.3785927450774835,-3.3983514526352065,-0.8117670883557306,-4.858144779903216,-3.5779575442737563,-5.7551170183076055,-5.011679104952083,-5.334845073688721,-10.005169993529583,-8.04320965746264,-5.930212707417463,-6.294934954414386,2.888138381363559,0.6107925929550597,0.5471026008130511,0.004183016334028566,6.379648811507074e-05
0.02311962195389542,0.0177884564699609,0.004824258239836228,0.00255008845781132,0.025417740071073686,0.00021560755196549548,0.0009129399027258524,0.11124958659524152,0.0013522147134071567,0.0009570232384642671,0.011686628648908608,0.0030161211625220384,0.011268282500554424,0.010464669437297847,0.02712309655779549,0.01892087643483963,0.027021636594855725,0.007340115637176044,0.0009796496429689831,0.0010275755503198736,0.011125931118025375,0.011180529972615788,0.007740822169537583,0.008378445750917864,-3.3118655891745115,-3.3196671156953923,-0.8318507159150696,-4.458995432322293,-3.495724105525962,-5.977674541911212,-4.9986646833315245,-5.348309834644133,-9.271826117373264,-8.43609700980621,-5.992951830229118,-6.306632719257598,2.8377661874035884,0.6053612800738873,0.5232702659780286,0.004147895002503505,6.912265433439767e-05
0.023070356327817284,0.018829446939282294,0.004407693378802709,0.00243602403779388,0.026893706133543187,0.00021090463011131367,0.0008645451049445844,0.10906153608104735,0.0014568495252858344,0.0009401194960889382,0.012256991484996822,0.003039731644534775,0.010491609587917354,0.01058651694629247,0.028717822240791033,0.019324036661244125,0.027407041636066748,0.007199764651434557,0.001033845304508618,0.0010263145773607998,0.010464928760604827,0.010776814057441998,0.008021200574210153,0.008198623983581994,-3.3834022697249244,-3.3728065235960476,-0.8513027484993618,-4.580707345774366,-3.462536127208063,-5.8087010076910115,-4.863224836531438,-5.330932658175607,-9.664917740581581,-7.85493166713475,-6.4669430750887615,-6.376983673582125,2.912551317795285,0.656765731592598,0.5539091420780047,0.004093107327119491,6.350825451905877e-05
0.02278880688263503,0.017782393369571752,0.0046071089513547245,0.0024781881894802237,0.025318135071383467,0.0002120063783842958,0.0008313782854646314,0.111215539572014,0.0013375730001593266,0.0009811408357943503,0.012350256275517505,0.0027586258692707416,0.011340550672065528,0.010452413859644991,0.02772929313601998,0.018574294251857047,0.02839952614529056,0.007626269337848854,0.0009681219082345585,0.0010334338550817487,0.01082847814460174,0.010532690004895174,0.007806105742655622,0.008349233862869128,-3.318247379267446,-3.179151614900813,-0.8013254082933579,-4.613122389709946,-3.4559938237170997,-5.930518732180413,-4.715251150537781,-4.910874079509001,-9.538630010473787,-8.367549303377414,-5.922301628505965,-6.425556289501619,2.7883658691178694,0.6218337507090584,0.5480858344605275,0.004060628166801539,6.894525697460865e-05
0.023277885663379908,0.01757529538548499,0.004448633793463841,0.0025216006721552804,0.02527116150568823,0.00022772776484152185,0.0008449431465551553,0.10902128245883624,0.0014392873166519076,0.0009989622968874228,0.01224225788200395,0.003010054396576676,0.010599961014375842,0.011332258032532811,0.02820869867402808,0.019484195694739807,0.027026094400861112,0.007160934509417843,0.001032889015789969,0.0009626998677994884,0.0107290826078404,0.010739330004679293,0.008113907771833075,0.007601705985866226,-3.371160016177393,-3.364819386776818,-0.7905736906052735,-4.4544764642636965,-3.432683808705989,-5.912763342980984,-5.119985081277181,-5.2768530631327515,-9.41229184865754,-8.377266332356179,-6.038995123321037,-6.2308552018847925,2.743405007797621,0.6243113234051121,0.5334337854490796,0.00416414111535904,6.600766957776818e-05
0.022759212416267046,0.01731121444327044,0.004775956542732361,0.0025691667294884804,0.025811006949705863,0.00021420419237945764,0.0008365808650766638,0.10528982960801068,0.0013874594619902123,0.0009650048028555543,0.012375193399815935,0.002795258416690205,0.011338239319302489,0.010940316492378109,0.02741986546714917,0.019927120706972765,0.029178267416080733,0.007470323235101357,0.000954436025762441,0.0010106663134149673,0.011104538722864465,0.010890880877379808,0.007619148067529074,0.007971158145870723,-3.4772458564343904,-3.2318112871509044,-0.7924176846526079,-4.523036160518114,-3.326874119747637,-6.130231858773756,-4.686762103613805,-4.961043992540538,-9.285134287463627,-7.8908666362529996,-6.170178909133357,-6.508332044806349,2.9208181951241396,0.6611080071277466,0.5541051003484612,0.004008736099112043,6.685955557141715e-05
0.023594593391153783,0.017930111114088487,0.004437306239363059,0.0023710092823208567,0.026363184312614526,0.00022033195953032617,0.0008693673185325825,0.10937296746213196,0.0013543061345802202,0.0009908368632636417,0.011787262010183246,0.002958132045232001,0.01128295840306013,0.010968745754403667,0.027992760050467747,0.018812891876141897,0.027155757394785363,0.007130496806153289,0.0010320977346387357,0.0010046530243409298,0.010506216742873336,0.011089843029310573,0.007918593161956086,0.007665940379195757,-3.206480677142289,-3.215652320680299,-0.8303969847189691,-4.56021312005393,-3.4611433500484114,-6.068046078891305,-5.089298734515573,-5.265044802469432,-9.300189902490798,-8.508097385785709,-6.309200698032156,-5.92130081988304,2.6570796663430016,0.6159195168200244,0.5486969659989527,0.003994194954852495,6.523697970493436e-05
0.02294321053621113,0.018184254336173575,0.004400913274814561,0.002513121430542836,0.024957055656714543,0.00021954549168653315,0.0009149692472067685,0.11221297647327778,0.0013596702462491984,0.0009247827138220039,0.01223101212952974,0.0030273534546342382,0.011167818804515502,0.011418230968351395,0.027721234110099423,0.019252131584842597,0.02931235996563461,0.007400582474090659,0.001049423901618684,0.0010445812057782553,0.011260700682565183,0.01084486226381567,0.008009982262154712,0.008087838896536442,-3.400245194086442,-3.2362927956155465,-0.8084830611309719,-4.533875158367303,-3.3788847358087106,-5.906517460785621,-5.080409517339006,-5.404163894352696,-9.908952114429876,-8.472517113572392,-5.945496303818238,-6.3888076032609105,2.6876813651301434,0.6400980597542149,0.5212717000940381,0.003921928126744644,6.375134901247823e-05
0.02332176175063524,0.0182821199765037,0.004646388180317306,0.0024522489815564357,0.0260973588063379,0.00021097438529178898,0.0008370506832334544,0.1070293547114922,0.001461844620276997,0.0009828652025871084,0.011951891803902196,0.002969447194383582,0.011285486054882353,0.01146703131034882,0.027286178937732244,0.01932100546651241,0.0266450930708406,0.0072376736879188955,0.0009974978725038495,0.000966730231297342,0.011449972075211918,0.010959967858268829,0.007662337755051148,0.007795747472015324,-3.197757238400845,-3.2899002436591256,-0.8366909728840927,-4.854932068958759,-3.3913047461352894,-5.804969589888264,-4.791763438340344,-5.29583831627619,-9.879164636786609,-7.9407529346191605,-6.249073073139366,-5.950525717384934,2.8401418717639233,0.6103576686336545,0.5249479900457229,0.004196348832681304,6.400468965319746e-05
0.02288115690174544,0.017473117324986197,0.004624715275684153,0.0023641567493988534,0.02703482171843435,0.00022243069657367068,0.0008548711917391213,0.1125611328402249,0.0013964398042876445,0.0009373879927478144,0.011738102497256302,0.0030192572222830973,0.01101146849122825,0.010951206399827272,0.027698674451370076,0.018641763486270887,0.028959431811668487,0.007178600680644455,0.0009736351715273969,0.0010084515415866014,0.010941954613986967,0.010991084134237683,0.008285435386366937,0.007831119998372719,-3.200673784278796,-3.2985294471112003,-0.7889744772490999,-4.742088881377924,-3.289961631990405,-5.942729534807449,-4.661676156912711,-5.331358359043705,-10.056955131446474,-8.287310153878261,-6.151096590478867,-6.205008846406708,2.7131669130443075,0.6321476527122777,0.5344157191319332,0.0038760680431052952,6.662931078973084e-05
0.02269524869705814,0.017471927412168957,0.004380196029010444,0.002565996941872921,0.02600364806358311,0.00022332512083835635,0.0008565040637999255,0.11239500123597058,0.0014516933520531015,0.0009732077390253119,0.012338567171453043,0.0029000089530961475,0.010884001579263183,0.010472595986501713,0.029218019772943214,0.019314288061786138,0.029339449431635252,0.007683950381550254,0.0010282999790741704,0.00099796834663987,0.010474612715739295,0.011186497800219906,0.008280849529984717,0.007935570709783497,-3.4450428975133387,-3.22848216336729,-0.7997770911328907,-4.466579434823821,-3.420431843400695,-6.070238644958283,-4.677959132941197,-5.300163197680387,-10.071568679453062,-7.990627422527088,-6.254210356512964,-6.304945968694689,2.8467081326233417,0.6427891810781383,0.5144435915718986,0.003933910553479226,6.786737317593357e-05
0.023792693170554165,0.01770568637158485,0.004684828190759742,0.0025615998960103756,0.02547006080466532,0.00020984923697450612,0.0009011245887859887,0.10580232123717713,0.0013970218686332968,0.0009934430100278406,0.01270398483885772,0.002817829795877388,0.010742744714808017,0.011110169892160566,0.027803363158207403,0.019710538989713353,0.028010468368984784,0.0074171562288312355,0.0009706613656114892,0.0009861049456833036,0.011229478152184162,0.011054246600514399,0.007733417514530717,0.00767299519620765,-3.179872572508221,-3.2859834416563682,-0.81510646813648,-4.672845232512504,-3.4117870704179025,-6.05180734951567,-4.932169260142102,-4.9895383334622725,-10.126833613766626,-8.295925491826562,-6.133893949301184,-6.028277854145679,2.781662661310258,0.6335970836740185,0.5362568369265945,0.004128681422137151,6.49288012187808e-05
0.02345828372453268,0.01749033166399607,0.0045917595815387,0.002483505580394296,0.024875230660499837,0.00022517049933751184,0.0008639298781612407,0.1072364199313189,0.0013643652310808363,0.0009232824013061723,0.012588580575634913,0.002887018464629095,0.010757514853711632,0.011414217138614059,0.029203912912378536,0.018981116104251225,0.028066769813017103,0.007306516918794436,0.0010237464181830397,0.0010234335359142655,0.01142017396423272,0.011129660342269053,0.00764939336326804,0.008121675347341747,-3.254939353032231,-3.4246090346378297,-0.7827276853175344,-4.568700050117934,-3.3852317232512825,-6.075889175951298,-5.002691515661669,-5.235613159970196,-9.311591536129663,-8.236983193142146,-6.116050624906917,-6.159204675700219,2.732031779343596,0.661573593424319,0.561509554229011,0.004049315818211724,6.564786538419355e-05
0.023328370866206042,0.01718163766061868,0.004461976262162036,0.0024799664712553534,0.02634180609282408,0.0002283370346270947,0.0009135165654564351,0.10764911808436502,0.0014061078864229927,0.0009352061258434828,0.012303725484242354,0.002897225633926781,0.011004214806153826,0.010629683020532233,0.028241226522533226,0.018776346738108334,0.027438449879192986,0.007820524319324453,0.0010084311373339666,0.0009644220896766871,0.010871881791351089,0.010595403834352484,0.008392828420379469,0.008031817576877692,-3.2945855187471325,-3.2623380790892407,-0.7925953004750388,-4.585486252112083,-3.313132145710136,-6.087807224287669,-4.939470684029399,-5.045286937197479,-10.137651990733179,-8.533116697544306,-5.8949933157126315,-6.119646498838096,2.703489904914784,0.6580843595328494,0.5494156967909092,0.004001634395846769,6.722439142954384e-05
0.023229827574417095,0.017281123581986482,0.004518492379971935,0.002502723148488469,0.026023498769709802,0.00022944778243632819,0.0008793785854395811,0.11008678307167254,0.001431129259393996,0.0009365067615380876,0.01188735008080569,0.002759518487698229,0.011291858413680222,0.011008670946258228,0.02911923712756582,0.019075394218201883,0.027763569036031915,0.0072568847624416575,0.0009948160535686087,0.0009721168830701019,0.011392490269916154,0.011470636320870267,0.00783110122769012,0.008270891307839569,-3.2717274342940352,-3.2580937201817095,-0.7891554139836915,-4.541518942666978,-3.43410188090679,-5.721548851889592,-4.917682276266441,-5.228644718498358,-9.706231456661243,-8.141126889534283,-5.894664559975458,-6.326083281866813,2.675369745354728,0.618861851593909,0.5261686211452665,0.0038998747044245792,6.762277945613082e-05
0.022796124876432292,0.018301492190388104,0.004395953154557824,0.0024637772312320135,0.024871368981237055,0.00021677802600367905,0.0008837478824402468,0.11042884296843468,0.0013870299724934294,0.0009287954608796897,0.01188232637724893,0.0029975499297393935,0.010978315370912551,0.010994588794820646,0.027581167749910714,0.01924988215943998,0.02696917914499937,0.0073226230767691625,0.0010318465469418856,0.0010187543595699003,0.011383332229988939,0.010981942870168486,0.008212444209352892,0.007769547314476406,-3.2340813267541235,-3.368000217704316,-0.7830273640254293,-4.495763110944392,-3.4584589248794533,-5.686253083447997,-4.746023773330031,-4.928422655849314,-10.129696400476885,-8.53705350937075,-6.379063969683389,-6.014746714064627,2.820028128532225,0.6029363038393794,0.5460152074990418,0.0041487929756323086,6.688673530895966e-05
0.02425284663340224,0.01850054142855655,0.004770121088235056,0.002421871068551327,0.02488143881529735,0.00022600722479419912,0.0009123348328883778,0.10927627245015337,0.0013366405863707925,0.0009336877467933191,0.012030770089328844,0.0027615043467549664,0.010800423143194696,0.010894126760279805,0.027257385499039652,0.01828887309711005,0.028268252667927547,0.007221960803480815,0.0010098010889272662,0.00101455952610953,0.010510267504166115,0.01048002849620232,0.007847883115214697,0.007653025229194962,-3.2083265817392976,-3.407500670371845,-0.7836161737639528,-4.680775067157189,-3.3592586180265,-5.728870280620293,-5.0669486190131074,-5.147483930559861,-9.813126872008212,-8.573771154716571,-6.287898324341987,-6.0765218547812605,2.8013055834958926,0.6542680337174492,0.5636336371012085,0.0038913992383000718,6.288512426663675e-05
0.02378990918592245,0.018573043590694786,0.004749426799309624,0.002458188932215927,0.026923372835046915,0.0002290710137038057,0.0008374321263177846,0.10560898259251013,0.0013704546107953088,0.0009366762733503756,0.012574736773269793,0.0028492691130697994,0.010965646914763823,0.011393654462779306,0.028481417724173775,0.01880116751296456,0.027754853807535392,0.007404133845876629,0.001032631540039527,0.0010028902821147606,0.010765351673560452,0.01109892175615758,0.00822313626146182,0.007661600351804674,-3.169795248904609,-3.320265447883957,-0.8596488183078946,-4.714216828091269,-3.3309168516932157,-6.04989451438552,-4.710908397370257,-5.08039412864698,-10.050440577890829,-8.547283490453607,-6.410537472665682,-6.196297860426477,2.830557372435171,0.6439044188129533,0.5229559811944728,0.0040937198148427514,6.408253519548792e-05
0.02327960750101786,0.01863567240440377,0.0047935043389474895,0.0024181876065680883,0.027149538791928395,0.00022887549234871051,0.0008641702912824685,0.1089631115494483,0.0014414476196128556,0.0009392414182661387,0.011930707477094144,0.0028216533046354847,0.010600897910280927,0.010775170500125275,0.027392759092089925,0.018731560467311625,0.029107079567339555,0.007138136013234644,0.0009630866934060868,0.0009886908647420082,0.011465948123055132,0.011517077140271576,0.008124000332165952,0.007786164680806811,-3.2350819252293617,-3.288750764556042,-0.8144543128292779,-4.841300531052893,-3.4493165981942857,-5.967580525965714,-4.684443604395429,-5.30599037777837,-9.401370229794994,-7.967129115588801,-6.175231988810133,-6.344305350299887,2.6893192307763805,0.6388193838878998,0.555495891473742,0.00404555461792587,6.415574904182424e-05
0.024177014218530017,0.01789564665761115,0.004763078290136495,0.0024573233238970754,0.024769689474661558,0.00022731678622867017,0.0008485677463599025,0.1035647751655865,0.001383256286512017,0.0009349664762813937,0.011525340066058494,0.002875022379254237,0.011186180265426409,0.010627642063481713,0.02838723353001935,0.01900387555579052,0.028994799107348628,0.007731812722789425,0.0010306386524573591,0.0010414641104011647,0.011535083007703699,0.01074093054068566,0.00834980308722974,0.008337818696695688,-3.4841648467692528,-3.367320542323675,-0.8418333972290695,-4.764771507250788,-3.3341073129474155,-6.1115394327320764,-5.046911640833765,-5.275533486692011,-10.039216457852527,-7.9087594769212926,-6.3034814286780225,-6.2590197158347305,2.7661093691665637,0.6560181566746441,0.55660455876562,0.0039809602401054914,6.666094368523521e-05
0.022846840718930426,0.01791934291532875,0.004770803562348352,0.002468672592570289,0.026809248257366948,0.0002291781526340781,0.0009023819367252718,0.11056935989758986,0.001382085305529958,0.0009423143200529191,0.01245448189690493,0.003026916852674126,0.010995283090414374,0.011372898862525896,0.026673660186249955,0.019631004497753398,0.02825278299130159,0.007286159664512503,0.0010080303485458303,0.0010464068326792196,0.010712775558041012,0.010754660379614844,0.007630841545952713,0.008354471376049529,-3.1832160202082314,-3.3265373515029664,-0.7814807333138643,-4.840958260117165,-3.5155636009231097,-5.66466034591564,-4.830485837176671,-5.24074110593097,-9.57370760289024,-8.011044255870598,-6.172257917524707,-6.203992710778409,2.672145191420163,0.6175752125872388,0.5416522403449121,0.0040840831650800265,6.531776593483725e-05
0.023813159447484664,0.017583147885727207,0.004479153536310713,0.002427774538331028,0.02462204193187563,0.00023082711368454777,0.0008974161453153275,0.10414715733634214,0.0013985920987750766,0.0010060950695223016,0.012084072281389989,0.0029099037751834263,0.01047465659289604,0.010862271910017684,0.02704828572314941,0.019131994986402553,0.028748785247324483,0.007332122594327265,0.0009632955733082087,0.0010020002337955004,0.011270777570536109,0.010829036245613334,0.008063103065855176,0.008001965331535875,-3.287018250609399,-3.363762101795999,-0.8314231797711924,-4.420646987822573,-3.296577283973094,-5.899206392510051,-5.0688537579078865,-5.406901749801362,-10.03293823947917,-8.608470159728723,-6.4641609152501704,-6.485918531543475,2.7941771769039216,0.6036742006760265,0.5162174805336734,0.0041815180490885045,6.879749627962063e-05
0.024451452245944173,0.017909330423372304,0.004497807432337527,0.0024845126314149367,0.02498346031258383,0.00021177334597843634,0.0008961674919382153,0.10421698310583515,0.001435160390595211,0.0009876060135816237,0.012339864358322475,0.0029262192832276326,0.011236523773933478,0.011481232730995558,0.02797106022709783,0.01918666244268804,0.028566031717289435,0.007358012331313242,0.0009610415391366117,0.000960349973842111,0.010611217322798999,0.010641597796698085,0.007859772949583073,0.008289449446995627,-3.2902454414634867,-3.425060114499184,-0.8379748962921965,-4.76758179025799,-3.3469094486348054,-5.93556066759203,-5.016451426358339,-5.05646391750794,-9.617662985165751,-8.303446082986632,-6.414047137615949,-6.401350068816649,2.66735822983,0.615863460863576,0.545013622851619,0.00424739442433352,6.662158575872078e-05
0.02458113852271797,0.01829897798587065,0.004659649559633808,0.002449963600046181,0.026528166179673605,0.00021344498571984475,0.000837820847597461,0.10559593757076423,0.001326518048191999,0.000936002849958714,0.011949171252798369,0.003033286165856425,0.011470394293259674,0.010977216244340091,0.027689107475485274,0.018513084407582866,0.026964373629236694,0.007123730458155072,0.0009870824500273685,0.0010358499576871094,0.010690791163005989,0.010918992795785152,0.00820824599777165,0.00798027558228313,-3.252728622748654,-3.406557339639638,-0.822713741056642,-4.6560572888148535,-3.5720583516903446,-5.746013427342766,-4.865746828434194,-5.075931984829486,-9.448880935079353,-8.55197816096847,-6.101079998453551,-6.290985027151492,2.8176235183820615,0.6229912495691812,0.5182443150091686,0.003965443061937882,6.44241269930043e-05
0.02300011086382868,0.01866029726240111,0.004678799139685791,0.0024275568488116173,0.02540329625096709,0.0002246408619873267,0.0008908187614007612,0.10583606495611896,0.001452126711511501,0.0009975071521898557,0.011814901397700986,0.0029419934226166994,0.011228855749084709,0.010468603470857847,0.02792462786262971,0.018210064035000507,0.027572771272347203,0.007353876568662562,0.0010445841955862981,0.0010274886864357654,0.010750434569237034,0.01087865548073335,0.00817386894581973,0.008017253195370272,-3.2653200258972532,-3.231040454961664,-0.8343490112276298,-4.801717043854873,-3.5965244817246003,-6.1548656655485505,-4.746432432898094,-5.2074180337188345,-10.05934763157206,-8.489625846514766,-6.188914875943965,-6.389987123494577,2.8656165829750293,0.6414023974108458,0.5572780795499465,0.004202828231085259,6.855948242453074e-05
0.023372536201988207,0.01823523262970485,0.004432901982139843,0.0024526900860452586,0.0256228243280524,0.00022689319526491677,0.0008815890880329035,0.1069492648724517,0.0014642172396016916,0.0009414586268273471,0.012389443778471548,0.002828101557491437,0.011510583662249623,0.011074211879105088,0.029068630656027418,0.01877900994863394,0.026959432354059207,0.007423910460406501,0.000996664657779096,0.0009643716716632804,0.010473483970160844,0.010478646740827992,0.00803652913663588,0.008272043006143428,-3.429231263762801,-3.4169619224973347,-0.7972824296345776,-4.754712480330273,-3.33661588266647,-6.067354923134399,-4.640090610519215,-5.386079752189994,-10.067496081626215,-8.415402236169417,-6.210171606071039,-6.430175757218589,2.8327693411996497,0.6120886017061222,0.5498403130116266,0.00421415234938026,6.537331212804203e-05
0.02376464794418866,0.017516757878794746,0.004550447554748862,0.002432586080037834,0.02510138692237451,0.00022884639528644268,0.0008703144444648705,0.10546093360944717,0.0013346067796808077,0.0009919990263995918,0.011703745906295755,0.0029222212140285852,0.011532830415885502,0.010692143288731769,0.02743292138657146,0.018614281674341034,0.027322411660413083,0.007210377692395986,0.0010491708213972671,0.000950741154487522,0.01088027584472344,0.011034181776898928,0.007955830822868385,0.008159970299800229,-3.437997566788876,-3.2331216026780334,-0.8317160110786991,-4.544007162100321,-3.3464024001085275,-5.830488580452564,-5.103568278412094,-4.954489783046805,-9.291543104941356,-7.922464734370692,-6.3853997200759505,-6.386240365640061,2.6963810927720053,0.6409942693080762,0.5190097146505901,0.004165171512004409,6.396592184791617e-05
0.0233580270446895,0.017872805178707714,0.004651409309918385,0.0023556142867724485,0.026603271393353188,0.00022125419428737668,0.0008996156061978522,0.1040487236564664,0.0013446909224003288,0.0009946040153105695,0.01199572371235229,0.0027808341913172514,0.010809693809569318,0.011210625130188863,0.02878569529287396,0.018248180888579518,0.027501788773642132,0.007564420038101349,0.0009837083056484877,0.0009900330125907901,0.010476917034687307,0.011173741316840678,0.00806393483232605,0.008029765476120118,-3.2605220531919326,-3.2434981185034286,-0.8142850011247492,-4.471222378516515,-3.4920777461629617,-5.784780170945207,-4.781516759211566,-4.945694159546321,-9.257999596884648,-8.081003731874812,-6.4294699560024675,-6.221478946371887,2.81405223232611,0.6137755359266434,0.5472670598417286,0.004131416174035909,6.505958295836848e-05
0.02365465633214536,0.01861550899742987,0.00471982698056399,0.0025161186037392386,0.024658100800703943,0.0002290509142999026,0.000896253397059353,0.10877213145723508,0.001332823454738617,0.0009842380447884836,0.012633505082739017,0.0029233761882983492,0.011119401249933453,0.01124632093103048,0.027187511119678674,0.01870354949456637,0.02717878616082385,0.007673133345377779,0.0009879094591179081,0.0010349045946861956,0.01129006496511074,0.010869248880315586,0.008338174937872258,0.007893235580762771,-3.2499042565433665,-3.3127746133623415,-0.835619462405399,-4.449661891779025,-3.425109173249829,-5.748008031784192,-4.681349694098187,-5.34912338511563,-10.036730053593502,-7.971068209902006,-6.489358309119689,-6.369982419648337,2.7306477454961784,0.6364106041737099,0.5464864004216003,0.00390442975835767,6.450729597273026e-05
0.0248793152106897,0.017418530727851152,0.00445104536664532,0.0024512180682959464,0.027115629733365714,0.00021261720852477401,0.0008777648049514868,0.10659667067390956,0.0013580184000520905,0.0009335434517871358,0.012553984976329273,0.002845191020059788,0.010694023576725309,0.01070960406642869,0.028230347309200318,0.018115720853539307,0.026780866208623133,0.00764464649287249,0.001012811020923067,0.0010232924708229137,0.010549008347414443,0.011435265848263121,0.007792675410760773,0.00780335324119135,-3.3550256654569086,-3.286818750378997,-0.8184872718049303,-4.840213241562367,-3.4629825113220556,-6.132071875480334,-4.645325510477466,-4.98676755096827,-9.47207339327732,-7.949071986776779,-6.47032470115746,-6.349344858525179,2.809811972270356,0.6171339786829195,0.5315036115175366,0.003942549769714774,6.65464968614876e-05
0.024002499151222018,0.01779558586420436,0.004467337921570234,0.0024717992050351037,0.02671622986731926,0.00022018831777131709,0.0008940664946778537,0.11421501232481367,0.0014117310315069625,0.0009713693472982314,0.012276969005270803,0.0028474785187887304,0.011361297494425236,0.010540802601304744,0.026659013233203098,0.018894637695695892,0.026727658031459864,0.00785693049584509,0.000973460143899801,0.0009551750907543006,0.011140314066784871,0.011056453808880455,0.00834693082028027,0.007900475251307874,-3.1904672225217863,-3.334340100107604,-0.804528606512487,-4.808680870325508,-3.414055294429195,-6.191680796205911,-4.849115484567135,-5.37671799330597,-9.738242966866036,-8.183256829734907,-6.148686086199998,-6.3406669127125594,2.77349446510374,0.6281152839981385,0.5360372853935147,0.004047159137124054,6.893161030172853e-05
0.02399294750630551,0.017191641544321394,0.004464107320401486,0.0023882205694260405,0.025282487255569856,0.00022951560634035327,0.0008629912002667156,0.10989208547356676,0.0014095707395213903,0.0009228031389203745,0.01269179620636434,0.0028008912284765456,0.01130683709488543,0.011371027395963476,0.027438553938325404,0.018516350400410917,0.026887516110337573,0.007717862029287954,0.0009793206692305368,0.0009769392425438624,0.010954729215231886,0.01060561721020181,0.008341314308456325,0.008120024384060934,-3.2110141247710033,-3.240586144673211,-0.8508096150010587,-4.53877878589122,-3.539901303778687,-5.826985698468471,-4.90138222215143,-5.323446939114823,-9.882438525700044,-8.254744562182967,-6.370398061681546,-6.369119092203593,2.848605501084658,0.6288557645701539,0.5419156028073258,0.004134680363765061,6.888333303429709e-05
0.023455316139457272,0.017861415214157156,0.004424596321931501,0.0025154560633009067,0.02632474785895068,0.00021063993342774635,0.0008655070985740728,0.10755677596173209,0.0014125207527652625,0.0009222729350437769,0.012497299054071745,0.003041365049587492,0.011271827478338329,0.010502588139559534,0.027572146236828868,0.018900732421678855,0.02861304068024325,0.007598719677397066,0.0009553876427694041,0.0009743067837433288,0.011403075585981687,0.010673922697595482,0.007641082583393556,0.007956308631207953,-3.177035025106292,-3.4703840101040084,-0.7826582425526557,-4.513187535049455,-3.5241637039818645,-6.100202655813348,-4.792234248139027,-5.328416784634527,-10.034815749956117,-8.156528945016177,-6.340523129032324,-5.9873907172441365,2.8860270252753413,0.6411331562574216,0.5279912891945612,0.0040744386578292595,6.406671512219973e-05
0.02350530654669862,0.018222220458469624,0.004706588601253647,0.0025928787731378427,0.025646908313097943,0.00021235608129965028,0.0008532223369350858,0.10665359038205835,0.0014603640298918494,0.0009620055577607063,0.012343063400715054,0.002892603842471199,0.0107824077436424,0.011229795034933534,0.027552930952773,0.01826597090886666,0.02725935117032651,0.007857709663324103,0.0010355509123497362,0.0009604945398314757,0.010616365667853638,0.010759536634285995,0.00832640191670237,0.00820125660869936,-3.422772947776387,-3.4210231796028396,-0.7824249587571127,-4.6835428572780655,-3.611141494121199,-5.971152802777586,-5.123365473621017,-5.016241317759263,-10.021595567057926,-8.36816901359796,-6.050769889479109,-6.0369651490608875,2.833725497952375,0.6211849644652855,0.5450784637033883,0.003909879448646341,6.553175620350327e-05
0.023427112523805773,0.01752779233856647,0.00466496388676795,0.002402106029142511,0.026213754585754673,0.00021181180132603047,0.0008913031392917987,0.10393552107080618,0.0013516799814074546,0.0009242861678289122,0.011608857745611257,0.0029965213537787878,0.01148908507047278,0.01111575608485837,0.026657201604068204,0.01939290869482752,0.02802258213278003,0.007855098139382255,0.0009532508504571818,0.0010302953592803052,0.010914764824282053,0.01154386634253462,0.007743655162297814,0.0077157949321308,-3.3455960190917717,-3.4093097092587996,-0.8453141663684466,-4.55917189781035,-3.4224681173466514,-5.82515214725626,-4.8317818890739375,-5.295608126319128,-9.328039230274323,-7.8496613934822985,-6.186462099565552,-6.460817774793232,2.65947761057549,0.610558639924025,0.5330256631122879,0.004167968855151456,6.776716663145941e-05
0.024731535514900697,0.01797254097629401,0.004564834932612356,0.002502250087407744,0.024798476994565527,0.00020902399657940127,0.0009099826149709123,0.1093144665697409,0.0013867486318312877,0.001001008298649192,0.012502235384399388,0.00296429037820443,0.011286458110414514,0.010771817406627545,0.02788476960142274,0.01959899179037475,0.02711572626637965,0.007637589895285606,0.000994470017407885,0.0009629114379415768,0.011512221911096928,0.011502552417078227,0.008034873054330444,0.007851142447690078,-3.427240431744199,-3.353571069153182,-0.7948432545630983,-4.698417734458955,-3.462013136984752,-6.120676412614738,-4.791585789512873,-5.050422971636011,-9.54950309743149,-8.37218337433588,-6.419961463098813,-5.9567283413699785,2.6632584847742486,0.6494112033532243,0.5549405782772185,0.003969075964083256,6.671273435359484e-05
0.023895553084620415,0.018463610651567413,0.004501025540116659,0.002498111182716487,0.026418805360903987,0.00022060162557520065,0.000867832365206517,0.10501921501471709,0.0014158455653584016,0.0009261806384427539,0.012184854758502086,0.002833465318777722,0.010485586748248116,0.011461274229502287,0.02812780011836232,0.01910741190228909,0.028372459553051958,0.007839217376619181,0.0009697717664106732,0.0009695907081527802,0.011162736368062257,0.01104028902580797,0.007797102108383144,0.00786829115179663,-3.435277294533046,-3.4523314059593515,-0.8127639604947078,-4.592481419882929,-3.3394380278188875,-5.917730164565958,-5.107279197516326,-5.165085471235882,-10.15567204781791,-8.606995466327465,-6.352968618288539,-6.106571731263273,2.711910454532073,0.6349845613449643,0.5555371300895924,0.004039223490429318,6.701234891166242e-05
0.023760710176674704,0.018271172185411456,0.004372961016110208,0.002414574339494537,0.026313594628355634,0.00022899616185636121,0.0008926179863794792,0.10434001786997465,0.0014101678537825433,0.0009345402130419183,0.01205472109691322,0.0027984610678970503,0.011246396174317554,0.01139786522418419,0.028790536728249362,0.019503275777752575,0.028055356205145585,0.007475136725326915,0.0010391868875258303,0.0010387686570368395,0.01093391283870986,0.01069522018647333,0.007950829699792541,0.008193373033551124,-3.4831940007929183,-3.372091391310413,-0.8176733360702687,-4.552714626884866,-3.4260641814985826,-5.701531477324832,-4.958032914887044,-5.205071311227558,-9.292719392075414,-8.215977605381827,-6.048050503393346,-5.914692775365198,2.9114754136888448,0.664675766826299,0.5372002832049356,0.003988145147085475,6.857620544290135e-05
0.02267288955399687,0.01750962646427192,0.004764296892071852,0.0025676287274057036,0.025044868865491017,0.0002105935028746514,0.0008389164884205371,0.11381527301607372,0.0014191110668128112,0.000997351930402194,0.011953901572007306,0.002979820144952525,0.010486637439924071,0.010714967104645442,0.026689837484732346,0.019527142495478527,0.02715827727107062,0.007121532626708687,0.0009690400683878031,0.0009727740893169633,0.010787946430115936,0.011509838510617664,0.007645677633078659,0.008138016831847799,-3.350305833230766,-3.1854474104501667,-0.7974498983201275,-4.47230821219268,-3.415577700955961,-5.976967882147102,-4.989497698699343,-5.3972379819579945,-9.99898346854448,-8.125590087844682,-6.306767074671288,-6.30908049536238,2.8195282142956932,0.6618373677654901,0.5297588474081854,0.004124248352679986,6.408908780123078e-05
0.02434379466093493,0.01743736580690948,0.004738489491028588,0.002404602587300809,0.024894892735681202,0.0002133522415858025,0.0008863329891637746,0.10533094760353855,0.0013905553134651175,0.001003977078594548,0.012043929195990124,0.003006602287996513,0.010892580585332027,0.01120352203777999,0.0268462795236113,0.0188034818344533,0.028356810328587428,0.007722248911553181,0.0010291229064112596,0.0010171434982314679,0.011524858183198115,0.010460010172375633,0.0077170531876410405,0.007698795135023324,-3.1974568880982206,-3.2684951280736416,-0.848770533902856,-4.661461017859636,-3.537848556804616,-5.905745214563358,-4.877104530671501,-5.130165498656083,-9.717001063232077,-8.559332215470281,-6.02336296880222,-6.053779619236929,2.6527625646187944,0.6449643468139907,0.5359171131303724,0.004145251127771752,6.628875064702724e-05
0.024863525443759405,0.017422631142024744,0.004509111570816101,0.0025812252345610103,0.02615748364520281,0.00022594169295582386,0.0008537361930622173,0.10835212538121042,0.0013451200016694701,0.0009458051505757454,0.011566169693349799,0.0028732145688453096,0.01140705635514809,0.010461539109878298,0.028826004951537625,0.018578590578886594,0.02675531024684608,0.007699975469582659,0.0010253806285591205,0.0009794420629535856,0.01130465121724991,0.010536865162855213,0.007889929775955765,0.007640985652139487,-3.4500350765733425,-3.30204720486806,-0.7998749238816087,-4.606050854976445,-3.439986537334822,-5.799472360729611,-4.788777761342914,-5.1533976683699505,-9.757613794175994,-8.201628748772224,-6.274362540662674,-6.18794213825679,2.8892596988729355,0.6046614932465726,0.5596359488123133,0.0039786160851575094,6.901872848524399e-05
0.024093081114689798,0.017184473230922166,0.0046888921487570215,0.0023618173296346074,0.025852603786674446,0.00021237260075245327,0.0008435739666058912,0.10870651252383065,0.001334073720143751,0.000954459839642171,0.012123998060984579,0.002816380254265623,0.011463933908415875,0.01078430141306457,0.02813073959782966,0.018989908330985798,0.027089715259223372,0.00752592546742287,0.0009905569046031845,0.001040434895325436,0.011422954907530385,0.011344756432550073,0.007754014460629285,0.007886961366430727,-3.2532567803701653,-3.2505190457984288,-0.7955062386497195,-4.5734304928134595,-3.5969823239676395,-5.849642469447287,-5.053161022399813,-5.332155551070959,-9.407236746505657,-8.151360934431116,-6.123430926515091,-6.067030504311905,2.859811190558452,0.6355107847837509,0.5187295748990401,0.003898843746299655,6.723660151132616e-05
0.024747124262158027,0.01801223149503056,0.004381497475443459,0.00249845364919749,0.027157168620368433,0.00021971941399633884,0.0008648717867959287,0.1046701573934287,0.0013283093847394865,0.0009645032604631924,0.012214052621758504,0.0030078418184950727,0.010969376652837362,0.011100154535232954,0.02817080935085672,0.0193899243324112,0.02670571426799771,0.007472459600970712,0.0009577951458232694,0.0009793421404301484,0.011118818174450306,0.011079638297700431,0.008114952637593072,0.008357275472907228,-3.4224953659792376,-3.473513804175682,-0.7890636574877647,-4.868874101603319,-3.299500639978375,-5.841578110089104,-4.6618786224039,-5.028105856275842,-9.238714858127764,-7.880584588016962,-6.326764938545195,-6.298407045604988,2.7918335834686996,0.6182038342195607,0.5137945164082562,0.003967296952950924,6.731833204465239e-05
0.022941441236906147,0.017351252465664962,0.004585809027045292,0.002405913676994394,0.025216028621036227,0.0002146883187568866,0.0008377563680076721,0.1132120925695354,0.001435381846742145,0.0010021715221891785,0.012047360473067191,0.0028372317728059663,0.011392177570872977,0.011259854236197206,0.0279341732522701,0.019759179584784358,0.028843970360928384,0.007299817241629366,0.0009970035301919728,0.000998657765781159,0.011071633153437531,0.011361781748252902,0.00782548377064784,0.00808222040818866,-3.4770374140367943,-3.407705000215543,-0.7965880534287375,-4.843326101239488,-3.534175958191145,-5.64571924548139,-4.643343911606591,-4.93317571042483,-10.135124389455068,-8.267883185511959,-6.38299821087966,-6.420653432858861,2.8493601329148883,0.6489721182040737,0.5293834386091288,0.004161611283212831,6.487467947645386e-05
0.02498609387370898,0.018547435637877016,0.004619779653335335,0.0024155691276665486,0.02654962864032303,0.00021303973911215266,0.0008361970598125475,0.11191388358677881,0.0014437729213185267,0.0009784348685899274,0.012387849226655855,0.0028612816880092228,0.011190665562131328,0.010498882662323737,0.02856880010241502,0.019851375188888125,0.0281252258138351,0.007131722343764077,0.0010142178026707272,0.001004318945063531,0.011310061621154334,0.011513866917034302,0.0076742638772466796,0.008315126942488593,-3.38607512551697,-3.4731310098404857,-0.8406949301235594,-4.539635558302136,-3.4663448465910527,-5.852660201415014,-4.668476072819509,-5.226045492561086,-9.760704390557164,-8.57450066339346,-6.304196150225777,-6.463482091382787,2.670858405039767,0.6273683584321939,0.5249985433272574,0.003894299224892242,6.841889594280056e-05
0.023196494359422202,0.017726753608828003,0.004631928298090174,0.0025265838746874754,0.025039011544010427,0.00022389746377368897,0.0009087817983566539,0.10651345575245326,0.0013847886268407417,0.000939271916923565,0.012161681094728078,0.002772532064599282,0.011095220104633945,0.011193589756680241,0.026762520877361796,0.018360826237985326,0.028796891752809736,0.007155975507693962,0.0010016946455245206,0.0010316613239169062,0.011503578429388482,0.011452844563127415,0.008367370931959831,0.008275669909847879,-3.4312618453560697,-3.163471970552729,-0.7909199151834763,-4.672281839020718,-3.420192883004007,-5.724816291066368,-4.682476266342418,-5.121831764145098,-9.246111218651112,-8.464965963411528,-6.010980017891983,-6.142388483688022,2.88406507667768,0.6373263672498823,0.5573048011060381,0.004137481600320691,6.917542564507297e-05
0.02452926908035611,0.018104019017185505,0.004503110075370041,0.0025617692763562692,0.025015894881676014,0.00022477860701893904,0.0009012668974469056,0.10421256792661367,0.0014297956427645072,0.0009804655193633095,0.012142593483818348,0.0030172409441048655,0.010709075956126126,0.011414764521302611,0.027503813862311696,0.018528381110233486,0.029002255030928306,0.0077652676790853315,0.0010394478803783316,0.0009699176043307423,0.010516143593906799,0.010954453225217535,0.008291565368718966,0.007999455074569839,-3.431032654193994,-3.371406836820611,-0.8458819715330814,-4.561892227861185,-3.416191445742727,-6.0444149872993345,-5.101575728038077,-5.302318080882046,-9.421462459550117,-8.14564074938362,-6.408492628898401,-6.447634712905866,2.761404341591933,0.6259558170855433,0.5340607285279093,0.004164442800118877,6.604099556205606e-05
0.023258560408108413,0.018258007775770746,0.004468068888696736,0.002538494091025447,0.02666499077664382,0.0002268844241606782,0.0008333580732581651,0.107062378887235,0.0013957712473011933,0.0009512755399131139,0.011696314983041514,0.002842234097580493,0.01127151533933286,0.011339056506754685,0.028731907360980868,0.019232518758601987,0.027621146085799818,0.007818906662243252,0.0010241673925399533,0.0010095190122288268,0.011159831800547628,0.01070898801551284,0.007838368215149228,0.00783911632238056,-3.2398647756599144,-3.4438341232671648,-0.8381875029448785,-4.734874253774259,-3.544613799656258,-6.193643277634902,-4.767703239510078,-5.319460938285031,-9.402461398477953,-8.059323473836796,-6.441691067133057,-6.247615059112049,2.6834228527874133,0.60676792299207,0.5403818691195237,0.004147423196355827,6.612353326479158e-05
0.024647714233366924,0.018681077044525887,0.00465418386431812,0.0024438792646767986,0.026704018439949913,0.000219844805822671,0.0008613914030743549,0.1126389226009298,0.0014657291650931872,0.0009493765629329322,0.012086476870658587,0.0028694076476451142,0.011266802287436997,0.01045153100577238,0.028793052344795175,0.019584707616537037,0.02924536301454189,0.007437345675657519,0.0010444626525706682,0.0010108552561701152,0.01089068678885129,0.010784195725391982,0.007850000931444081,0.007902156936454139,-3.461370659412919,-3.2042930385761044,-0.7782297538671036,-4.440112690709379,-3.518199237850161,-5.737056778205415,-5.11468267987687,-4.980968342394153,-10.088821916276665,-7.927044083953913,-6.4539571715476844,-5.973799114100349,2.802570241426166,0.6456095950039892,0.5599556763224021,0.004029721477099648,6.288473622237803e-05
0.024766196009266578,0.018199238287022586,0.004574044842348832,0.0025818427547715656,0.02666759733087253,0.00021908505855741838,0.0008636488426810191,0.11081362644775114,0.0013599062751847636,0.0009340384284399264,0.011763740365056969,0.002920608466764179,0.011156183938728746,0.011525695694857818,0.0269704413163433,0.01889612629919369,0.027303449260763706,0.007487594462018874,0.000961326274936615,0.001002220205597973,0.010997372787923265,0.010591349396250697,0.008390140707088364,0.007729185169839878,-3.175813282668105,-3.3359162217393723,-0.7939057039335066,-4.778492008510838,-3.4761685179657325,-6.01639923947627,-4.950809577082737,-5.017088999684019,-10.10438927349458,-8.380066334558448,-5.918147922444652,-6.309643412879293,2.827643694567471,0.6601319834005012,0.5583693649487049,0.004017886660582517,6.446098038016269e-05
0.023949982623032412,0.018166259321217522,0.004680710755145333,0.0023584419258457735,0.026824980659979313,0.00022092630679282447,0.0008433009601778672,0.11130606764957184,0.0013498780769404535,0.0010127118264106959,0.01238135643143449,0.0028250587261152253,0.011055506844921513,0.010831851602950266,0.02771352208550586,0.018663059690001812,0.02720402976508891,0.007621031600410272,0.0009591546461075132,0.0009828670641290353,0.011064581517234794,0.011461208922215983,0.008027373436505114,0.007650099737775532,-3.2143686618697433,-3.40732947958444,-0.8536845125955713,-4.847857388868541,-3.480567894765257,-5.954131787576907,-5.025710263620521,-5.17739582048431,-9.4202216712314,-8.089664033457716,-6.160449974035855,-6.053617442864255,2.7543877907298167,0.6240650003196833,0.5581162423529417,0.004102856185457122,6.902898135301929e-05
0.023697419062962147,0.0183629791924144,0.004416344960080376,0.0025887888010820994,0.025213673577764256,0.00023008499169926825,0.0008795507047260187,0.11015815698327941,0.0014037350882390729,0.0009670291065002573,0.011901525191899012,0.0028011160104382308,0.011116561648277823,0.010512590183691339,0.027927829414425735,0.019113376881926866,0.029256169870902668,0.007798842871469563,0.0010425446752754322,0.0009745594221417479,0.011495008306454746,0.011148932787755222,0.007914771131654754,0.007912232077499302,-3.436397859213969,-3.4572564599755107,-0.8251102319879795,-4.692532887293865,-3.458046025361861,-5.726981822733848,-4.910626359121794,-4.928998927343103,-9.621172882244009,-8.00537826754723,-5.908466963602086,-6.240370685462866,2.904352745343052,0.642564026894079,0.5367260183571586,0.004199513945011155,6.556204011990355e-05
0.023786103154025007,0.018882735763796555,0.004697101403519976,0.0024175686958895957,0.026495088416786165,0.0002156414721065539,0.0008416735356564822,0.10656356497028947,0.001393410692094132,0.0009595889034361569,0.012432798186461104,0.0027834544656902623,0.010828919772727631,0.011284868714760444,0.027548689073404978,0.019358472599685393,0.0274348522181623,0.00730814966118522,0.0010270125442311537,0.0009579896956222042,0.01059731540374092,0.011528278790968492,0.008271414668814163,0.008061872234194802,-3.3162801373723774,-3.163660072051833,-0.8249553356595241,-4.421812311104089,-3.4973580158836755,-5.690652842202124,-5.041466116795199,-5.134154856071425,-9.406821006236592,-8.08387552661372,-6.066008328167076,-6.022693551848469,2.8777296971629753,0.6214211608498914,0.5596967952742313,0.00395144329845796,6.345788710095523e-05
0.02402172577360717,0.017127733559023205,0.004777215844378727,0.002475682319897799,0.025316631400053805,0.0002251239763191841,0.0008610160097446159,0.10731013213304649,0.0014584589233189824,0.0009806048224532292,0.012451331315782502,0.002941368899759002,0.010879921322751493,0.01134676929427261,0.027534869200472024,0.019079229778025085,0.02752952719438842,0.007193631610633357,0.001023451959104107,0.0009859946641623178,0.010546861499804609,0.010692712645290042,0.008177375684982103,0.007706139069686405,-3.4162445127771335,-3.272309841906072,-0.8093866573822782,-4.436137883712382,-3.541039118210131,-5.865344784289836,-4.652886855405775,-5.2478292946416385,-9.779204433979924,-7.85238298704917,-6.20420172113069,-6.14414716408256,2.7056422472158945,0.6282807321997671,0.5628935092590392,0.004036321543783493,6.927971407289624e-05
0.023930560608820928,0.017635571244116563,0.004811997754334405,0.0025118963095820813,0.026210518986911048,0.00022407725584679258,0.0008599261648230423,0.10495252920969439,0.0013913448882182438,0.0009554186109989332,0.011857534033456634,0.0030175666775602563,0.011231089673002757,0.011174130122440135,0.02891663434344483,0.0198988821529085,0.02870535649512771,0.007183051552423169,0.0009645034400246057,0.0009907012255277532,0.011195358060965154,0.01050564784432012,0.007690429997578416,0.007951856619562294,-3.1979238426616527,-3.4297824489410096,-0.8350704933399232,-4.660048839756907,-3.3396389873929424,-5.7943019067430885,-5.073755438199162,-5.252636895416535,-9.91727824391634,-8.210149609355609,-6.1484021042041705,-6.273343348374973,2.844760746540776,0.6323495399821158,0.5344733877610034,0.004004700852704186,6.420551496613007e-05
0.02448393203792338,0.018889859480720264,0.004756923416255227,0.002466403708217605,0.026882356263384227,0.00022182432784452466,0.000834639347814575,0.10939182583348235,0.0014104410366571336,0.000926041210168831,0.01173620837103166,0.00280610260150758,0.011038040275103961,0.011180620314680494,0.027805829571413365,0.01826414038250315,0.02926305235719397,0.007235026934733044,0.0010057520516756897,0.0009870389922081002,0.011257458534359001,0.011205002775808716,0.008142969543152552,0.008298249784286216,-3.464979640278832,-3.191653792394921,-0.7937240312376904,-4.5279650500708755,-3.4098936213237576,-5.613625283360588,-5.108337658669529,-5.18498020836304,-9.24552058671726,-8.485359926861609,-6.395075973946981,-6.452994007341752,2.691435602548558,0.6555031068603623,0.5237938862845833,0.004252289470983539,6.584320166111527e-05
0.02425744880701908,0.017484202838465326,0.0045236571977225176,0.002492261957763458,0.02469665708772872,0.00022712396993835248,0.0008476484286033245,0.11192348378906951,0.0014255009425574658,0.0009807684717959815,0.01270157386344336,0.0030302314210179995,0.01089166728311183,0.010492159641592474,0.029205113659393808,0.018222851901113942,0.02862958346512333,0.007460159296973578,0.0010067603420656152,0.0009851960277245436,0.01069678738578203,0.011471349258035356,0.007727268095250832,0.007925628725539952,-3.2766791343838837,-3.2341581935880583,-0.8516870241532205,-4.578131254368698,-3.620665607935792,-5.764984126278546,-5.034891611830716,-4.980515513669891,-9.728093473696799,-8.292578189530134,-6.401155129634137,-5.917671475466828,2.7106662526186343,0.6381273786594992,0.530003345549036,0.003939304573076387,6.301165248118041e-05
0.02407213802669362,0.01756858607326399,0.004730145723729796,0.00242980425254994,0.026428607616796117,0.00021133120688292256,0.0008820378146366372,0.11074727907965222,0.0014010579032974586,0.0009793574440511038,0.012136211986094941,0.0028288167182580707,0.011462984450592083,0.010800085298453912,0.02922936902745341,0.019200430764365062,0.029158889954460296,0.007282219740773475,0.001027911593700128,0.0009677171001335766,0.011234635561178263,0.01058590226774426,0.007988042453007098,0.008205781479059183,-3.207982880721521,-3.461330611453456,-0.8099764072953969,-4.503365080243155,-3.6026885939063584,-5.685990317850711,-5.061006442557012,-5.213938762904246,-9.847582945230974,-8.398945326522874,-6.204928280290707,-6.37508725090604,2.7185735624176535,0.6563911907571043,0.5611796288638867,0.00397355746874384,6.549160167485215e-05
0.024265199828527276,0.01725146512213428,0.004582557285936135,0.0024460883011225352,0.024742471161729153,0.00020974984737820963,0.0008775927750480939,0.11161292923190198,0.0014188710388179505,0.0009886137613374694,0.01182300216058688,0.0028416011767307464,0.011255317403867322,0.010667927571491915,0.026893596022853655,0.019143024845595897,0.028391358982606845,0.007240745497620831,0.001024333071697988,0.001003574062939625,0.010524539794766476,0.010998797405031114,0.007959271390110942,0.007733798089137401,-3.400894010545962,-3.3817974835265887,-0.8503147527314187,-4.432397612483482,-3.311623997006006,-5.647999871171868,-4.778794115133881,-5.175812269973334,-9.369547123280595,-7.896500073870659,-6.0488019414356895,-6.138392538512747,2.696060239302414,0.6099045419669284,0.5156274354044404,0.004032237695596064,6.880983818718773e-05
0.02397670992750074,0.01853584880557395,0.004531573565204582,0.0023916216038666286,0.025225799324242067,0.0002165136459164761,0.0008799922229793219,0.10396661019342833,0.0013830831872374484,0.0009430462946674392,0.01223310356663822,0.0029245869330520847,0.010614816521859534,0.010501456863049801,0.02660811652416857,0.019337148152616914,0.028351987936493798,0.007326739248957572,0.0009856383643118566,0.001049578070701196,0.010770937162707685,0.011333899634306808,0.008387161057446456,0.007865048890844039,-3.3649636147589854,-3.285508286478088,-0.7980952191422923,-4.51452236635661,-3.5684246336277954,-5.980646222103456,-4.800749750953738,-5.075301755368696,-9.35776388415565,-7.932194692296013,-6.183059771247512,-6.1781975564735765,2.746253553721002,0.6385235236279708,0.5302054495246274,0.004143127438731675,6.478975210196367e-05
0.02363967644124687,0.017677408902332718,0.004444683894996587,0.002357955885870175,0.02493448618826614,0.0002158405095413745,0.0008838311639516747,0.10808642477517758,0.0013482993633000416,0.0010117269147198213,0.011861863924158556,0.0027745200568255065,0.010906496878563201,0.010539227733410716,0.028093873037290305,0.01812576268256526,0.028353574093506414,0.007683149001390548,0.000979902623172086,0.000989458102245169,0.011214068264834683,0.011245014735313775,0.008003024616056141,0.008323631949286904,-3.3885200046040067,-3.4577485871386835,-0.8396813912947659,-4.6161769700325275,-3.609789021177161,-5.955202641783467,-4.809480952219361,-5.115871910256376,-9.815808471133185,-7.828638709444722,-6.131516058812927,-6.3375291497310124,2.732342686089339,0.6422873561975707,0.5558349507297288,0.003870915556794528,6.672582122279991e-05
0.024474810385253055,0.018564133278678382,0.0048045445968036525,0.002455911683573807,0.026438423298251374,0.0002157138683688371,0.0009035964050491517,0.10913027976796198,0.0014062895222880876,0.0009796461677556208,0.01229666755645069,0.0027976864395439383,0.0108688549718215,0.010923674442400017,0.026810412102112536,0.01915320812897669,0.02880354336025243,0.00755892940167544,0.000955808173959528,0.0010151510206568228,0.01050009946153848,0.011151406058952113,0.00823847289081843,0.007785069619415134,-3.3913076926789456,-3.3338118044807667,-0.7999818901763219,-4.620956457951245,-3.426517293892167,-5.870724880017718,-5.069933088952033,-5.1515148448213735,-10.086556840224324,-8.359124813786543,-6.502139390302788,-6.219114669562225,2.7045474079890095,0.6152441608152173,0.5178727469321445,0.004082008363575358,6.896091537683011e-05
0.023204191961941983,0.01789896642437683,0.004551085763157245,0.002481844259964962,0.02646467876455532,0.00021364324897819956,0.0008391976899096936,0.10525765788071208,0.0014605232970007502,0.000995344981185095,0.011661562987639255,0.0027662304363894135,0.010769345326768529,0.011143359989007418,0.027009286506921245,0.018541777543772838,0.02697258820690248,0.007314913377052979,0.0010052662148944953,0.0009568004382966993,0.010941069737684118,0.010521008139438142,0.0077373284344295235,0.008379654357885128,-3.3554776875125665,-3.229040146846451,-0.8071895633098345,-4.634585335636095,-3.307857932823043,-6.105904257551645,-4.824851600070237,-5.073196995082812,-9.707428532823261,-8.488404819616346,-6.0962914861024,-6.083946067589186,2.739336368973854,0.6598904255128407,0.5650315055121167,0.004012009479571507,6.499974723844367e-05
0.023735105930026056,0.017247012939945273,0.004628514735575705,0.002462240665957323,0.025023851988930205,0.00022539483994768884,0.0008965958250915396,0.11283737077966961,0.001345305186854719,0.0009562431380357244,0.012170945150809097,0.002973287694576021,0.011265471503093306,0.011019118924910769,0.026913606221440144,0.0188063986383651,0.027467925497646654,0.007560538844522098,0.000978567434149432,0.000995878431576475,0.011035672026479931,0.01124946962317792,0.008109300380396154,0.00781287126378785,-3.2363107520513408,-3.4483696785115474,-0.8084096564029853,-4.458806002331551,-3.5230783758737316,-6.145565653996768,-4.666265201677364,-5.1745506407898905,-10.000966612996095,-8.140174135280894,-6.369382092917087,-6.362099111524222,2.734177550810417,0.6431758519779616,0.5636796615740775,0.003933496292282428,6.713320170448769e-05
0.02448615470180051,0.01813429050328124,0.004511807684779709,0.0025357864355994983,0.025535933169153483,0.00021087960449389035,0.0009094618089652401,0.11340907478534312,0.0013600103052100521,0.0009402183272661137,0.011679237082362869,0.002901967033241014,0.01102263517537254,0.01085472876061515,0.02700500459635775,0.019016134692653175,0.026819945586801498,0.007428226688349744,0.0009619315590640697,0.0010252965046023917,0.010526756486235066,0.010834211229962483,0.008211967529532235,0.007761798376574679,-3.4813908143293775,-3.3320532024330847,-0.8419797780522442,-4.572477290526466,-3.2810853768116433,-6.1777361169132945,-5.10512568118848,-5.074035178271217,-9.9599152481378,-7.829437684950327,-6.0347913839018155,-6.191881382755355,2.750673423372675,0.6543651032936078,0.5645107399115714,0.004222280778126683,6.41017409204339e-05
0.024952091832787446,0.018441569508831617,0.004580719352159338,0.0025411396057739427,0.02550077683399713,0.00021348057691216964,0.0008506030216062765,0.10940544935780262,0.0013720650725137238,0.000967562365250191,0.012617823038229675,0.003020465592531176,0.011406106382547744,0.01084721353197712,0.028720353966082218,0.018344734886565853,0.026719722816220877,0.007173623708189133,0.0009850558306383052,0.001023375596217795,0.010991061430549143,0.011037254676420073,0.008231636079096364,0.008087160473249321,-3.4429232908054264,-3.4736984695577164,-0.7926670144183809,-4.784709680913426,-3.4292281881645916,-5.780607089534266,-5.009496541925828,-5.044211358189152,-10.030675786134406,-8.316680426005961,-6.144468131144004,-6.3892654087061365,2.7297849955523885,0.6285620726529227,0.5181262446259396,0.004001784048051075,6.654942482238693e-05
0.0242035039289311,0.0174870598578456,0.004731028556939959,0.002470560651852851,0.026873931656668893,0.00022630810439081358,0.0008842870432459639,0.11104600021137992,0.001449733070133429,0.0010151794423813067,0.01171931857351354,0.0028659616753237416,0.010946186838531198,0.011273289994355232,0.02744884793909452,0.018400866490178955,0.026724595582980123,0.007439098937286709,0.0010390846557447777,0.0010273394253260545,0.010886212208779951,0.011445897434436646,0.007693426610152868,0.007690984110998332,-3.3285119428205165,-3.3055111152976373,-0.8337923341799821,-4.75622945653658,-3.4302867477357717,-6.017739333334262,-4.689530893630718,-5.115176836011547,-9.587942049937675,-7.816227613919419,-6.2021403962784225,-6.037757824331294,2.8441969394774125,0.6525940824701522,0.5188020314474162,0.004246149271235881,6.382304452001722e-05
0.023556235744614993,0.01864819775098516,0.004559787990487177,0.002372583895456486,0.025383534963522955,0.00021692391680168068,0.0008888604266853071,0.10814366688894253,0.001408137631798403,0.0009532507710309027,0.01262731960663805,0.002857123583729633,0.010935105502670963,0.010657397906356262,0.026796713676107375,0.01991661572814694,0.028885142487715006,0.007203073666670536,0.000983532135749712,0.0010487421861626555,0.010953476117596232,0.011432084151134482,0.007906117488212173,0.0076577865015601525,-3.1684601485442476,-3.445682699088814,-0.8526060499277738,-4.689622443285991,-3.3511527148561058,-6.074294830674863,-5.099770110215782,-5.274178685623047,-9.640013624370932,-8.413265681957348,-6.01753784290486,-6.146575008357426,2.831557453942923,0.6254186229709477,0.5402981377188952,0.003979911739890746,6.803594658460193e-05
0.02307364161618769,0.018021429814704695,0.004779391012086784,0.0024862135401372333,0.026850982720332338,0.00021855276238050126,0.0008443808256114443,0.10705171203754546,0.0013694283207952317,0.0009395656579569877,0.012524164647235402,0.0027843543921557755,0.01128261727633407,0.01125583452710924,0.028120430369943245,0.0187612081422647,0.02823468405178381,0.007301138441212321,0.0009920759964453252,0.0010149270496328218,0.011497348842594065,0.011292414051794888,0.007765933292090256,0.008023404473176397,-3.2573142834699182,-3.2978693637172816,-0.7885943398012057,-4.480540457257635,-3.4351328290569514,-6.111136706719415,-4.685723705640541,-5.104906137074326,-9.541635082936493,-8.048682114846121,-5.9737214504478,-6.3455575456187985,2.8805368568781287,0.6092945036163644,0.5404585880371332,0.003957003194578745,6.847343762620977e-05
0.023031109358614753,0.018342034584937574,0.004637501441592786,0.0025780048467684696,0.026767061905829236,0.00021967994850382702,0.0008854451284810082,0.1074787481192534,0.001337249595034843,0.000943228849086906,0.011746083141577848,0.0029029758780065636,0.011243969331387391,0.011191339312183649,0.026637628924731874,0.018444078449889552,0.028485674023750747,0.007356794422148221,0.001034995590974883,0.0009703598008938587,0.011317819045611431,0.01148948924197109,0.008298500137855826,0.008085004525013106,-3.4883278204502526,-3.214819274281322,-0.8501634381489388,-4.647694227338934,-3.4767742080690476,-5.890824280689775,-4.64825400770888,-5.102816903482997,-9.515154675712193,-7.792789572696768,-6.086258864110339,-6.502820583593243,2.702516088309903,0.6612047151080137,0.524307754860448,0.004086371823161576,6.34968542030545e-05
0.024547713658904735,0.01886090459312809,0.004399147824663584,0.0025680390195693516,0.02704059922025083,0.0002167181160059787,0.0008726925880520482,0.10516009408573336,0.001393008933608022,0.0009900511408522479,0.011761168775004816,0.002840532084416334,0.011212092414307154,0.011183412558136282,0.028900893205564823,0.018254655803521508,0.02824979305892956,0.007715595949660845,0.0009758705716595763,0.001038864004933098,0.01152785594722588,0.011280394877183254,0.008158226727783503,0.007871000003336136,-3.2131099152238685,-3.3100638320097455,-0.8553390637067134,-4.794537782995452,-3.56463623084875,-5.840380875065011,-4.858949370382595,-5.209174455280573,-9.92918227029361,-8.32671758036538,-5.91076127337315,-6.188674331358307,2.8978023392450174,0.6059530949596889,0.5584378013073364,0.00410694423681174,6.692847901318646e-05
0.024882109225931995,0.018746537512272843,0.004576757290289175,0.0024349350965467633,0.02590303707323515,0.00022079744378751315,0.0008399059919300377,0.10637429069177373,0.0014181342094555063,0.0009949644343075566,0.011708035018247895,0.002856963401209783,0.011439202080244206,0.011299417568492892,0.029102950094560216,0.018952729300169047,0.028956025311909498,0.0076245009345741995,0.0009767932175064103,0.001048216095521753,0.011171959461193613,0.010958250577214246,0.00789114534070885,0.00836153153391293,-3.1837750490472105,-3.4556064068180934,-0.8228399526412937,-4.530282726745092,-3.4985921441845553,-6.140888519504484,-4.839059344187651,-5.374913965804776,-10.10823593569627,-7.838125493050685,-6.379196578842545,-6.101237058734401,2.7953710518808297,0.6315447194080963,0.5358332250233856,0.0038828566455464185,6.62782670259326e-05
0.022794178662010663,0.018110371676570907,0.004388493662729382,0.0025346055245866837,0.025713292527329346,0.0002173715591620365,0.0008800889738346766,0.10996673860829055,0.0014320822583793853,0.0009706950952441869,0.012266892287195892,0.0029511587264696828,0.01137139670288623,0.011089547949702584,0.027202690667266424,0.01854378523964044,0.029250725369781787,0.007287138971499514,0.0010249592893790207,0.0009718507949983756,0.010901899225859423,0.010806562534915165,0.00824821218370308,0.008213998763328794,-3.4029423374236862,-3.4467039733662643,-0.8217146164020391,-4.834034331536735,-3.3003463690110912,-5.811889270737529,-4.890217193968113,-5.379017768239886,-9.487520759357736,-8.206470005337522,-6.015209614377522,-6.1163800849659005,2.7732303201864075,0.6521987531362339,0.5261070699221065,0.004054652427832959,6.31427903744565e-05
0.023743567333192005,0.017231993819233946,0.00441930573895499,0.0024749404376579465,0.02653422480483108,0.0002194003524483694,0.0008448368237079146,0.11159506211477248,0.0013575345238157543,0.0009717413882064314,0.01179752977143297,0.0028601828633794337,0.011293433958910967,0.010793596984117238,0.028716730145416203,0.019440321097919825,0.02917329403745629,0.007373357623198407,0.0009515434801032939,0.0009831445194188313,0.010592973555464014,0.011329887668122977,0.007619371934304613,0.007606731967335622,-3.263193642512537,-3.200863547552381,-0.8537752479295784,-4.695951886523624,-3.414987134924693,-6.0000435253302955,-5.1059507837160485,-5.206759870150257,-9.571318126285076,-7.823639016595965,-6.178769575566567,-6.493295233842632,2.788033958933725,0.6163190278932907,0.5210875731622839,0.004232556040243805,6.516661995330177e-05
0.023828652625856983,0.018174347920914515,0.004542377912686504,0.0025915844274345965,0.026275704167365434,0.00022922819448242102,0.0008505363568475723,0.11112241448743337,0.001436421539837281,0.0009702847363294147,0.01189602220513797,0.0028144752545451387,0.01054515998041192,0.010697048291057486,0.027199172871961715,0.01825796038316587,0.028061617705382104,0.007319346060376084,0.0010140818582612642,0.0009706854311442132,0.010930772465126396,0.011203397096567258,0.00809929631457591,0.0076452339523550225,-3.186200832135557,-3.4589671755265767,-0.8305968727907919,-4.810788615981865,-3.586338898102972,-5.8726399482668326,-5.028121702422613,-5.03898971931732,-9.851179360091283,-7.984643576263825,-6.341292088717869,-5.945232502630583,2.868075334229246,0.6362297970691345,0.5349011266721668,0.004262985659296328,6.494618796110489e-05
0.024868768497898607,0.01718674301053262,0.00460282164066891,0.0023900813235428735,0.02543957639805465,0.00022542232914916688,0.0008318051561567036,0.11246361493078219,0.0014342061193602373,0.0009292398888529234,0.01164007099431242,0.002810864164448691,0.0113870103568339,0.010656785929443949,0.027626093176341116,0.01837246519626774,0.027628247696646974,0.007449468264464919,0.0009873526245805578,0.0010394746495281187,0.011334952706491503,0.01098070497211441,0.007707949966456017,0.008104487951254156,-3.343923646679987,-3.1545884415654,-0.8393240646470428,-4.5320035384895165,-3.5937952603717975,-5.935195299038541,-4.946962167055027,-5.097185523067853,-9.505137324992642,-8.577800983984964,-6.2685532178011005,-6.109139752354393,2.6606202104801255,0.6576144113140494,0.5535295816216458,0.00404093680663084,6.811378010025893e-05
0.024050142778150523,0.017393232545268443,0.00471246840545897,0.0025733001139356558,0.026085789229256712,0.00021674887024983195,0.0008789573153168466,0.11336469287989533,0.001352598301839637,0.0009784800399542117,0.012391236445998393,0.0027658282228457194,0.010949687397177133,0.010553262177075558,0.02787026498931265,0.019738230366157763,0.026868304898856412,0.007654275733310177,0.001031661353234419,0.0010379596285969486,0.010964803115978269,0.011389791281248802,0.008093490526837582,0.007770067770522785,-3.3422133722567384,-3.432303743158347,-0.8498168464879632,-4.4732398784917295,-3.391625546737764,-5.844463855149294,-4.940303531845316,-5.084972552759565,-9.63018639102341,-8.40146458779843,-6.188578765497104,-6.042100216392478,2.7639227930553343,0.6616460477147649,0.5476924737210715,0.004060253366813716,6.374818179311244e-05
0.024082077509331896,0.018540203576635026,0.0044462177901301424,0.0024425786373125794,0.025966840461450143,0.00022032457927131512,0.0008865375448062581,0.10622719182366275,0.0014586589162002867,0.0009790971055578484,0.011811545746096292,0.002962820056537208,0.01129550643629839,0.011005479419424088,0.028144055677761376,0.018414548570503102,0.028115122885150914,0.007337661419597008,0.0010120700012079859,0.0010372564892399186,0.010585058215346983,0.011122496051126753,0.008325614253859715,0.007995099359840043,-3.385673310224087,-3.405959112286723,-0.7823136699796355,-4.813471513015836,-3.4468945862669487,-6.191083194748045,-4.929870347816019,-5.1516884346734795,-9.85315339573712,-8.213249691063679,-6.227248474054862,-6.316291455851779,2.65338124674655,0.6140241873892281,0.5322382129398031,0.004166970775236236,6.589477342851461e-05
0.023745340369919234,0.017320434690427256,0.004743885282377294,0.0024728908327969587,0.02535821322287036,0.00022866826624521672,0.000851899528276703,0.10961914297951794,0.0014051908272724337,0.0009347206681224253,0.01235883253320815,0.002970208893536399,0.01085340080730809,0.011157524918886861,0.02686323845446371,0.018368006587204513,0.028535807206436736,0.007678279774090231,0.0010411275766637274,0.0010476762386199016,0.010891658205303913,0.011375531496683428,0.008172919031208217,0.008394395216613471,-3.411995460119762,-3.3744386364023873,-0.8065776778276661,-4.673831044709597,-3.554531796287399,-6.1745070304482255,-4.646838543339871,-5.344298365257773,-9.661499352641044,-7.845447055575864,-6.46115546816786,-6.046355635423072,2.8717421372711165,0.6101301835501239,0.562802446536155,0.0040570804827143635,6.737006145811472e-05
0.02465765666348839,0.01779341607861636,0.004825520418252631,0.002521702492641119,0.02700456954336742,0.0002298511779575252,0.0008661478059302982,0.11180821389798418,0.001394889262034892,0.0009531772453519257,0.012626046902973625,0.002771821076449907,0.011485525710795804,0.011045033411512651,0.02828886573220198,0.019396931988705932,0.028609458015341156,0.007171842301505695,0.0010223294137466654,0.0010375891093398046,0.011270453110415083,0.010813878282074675,0.008122831685909966,0.007625641012326086,-3.254269796348817,-3.3311103562150963,-0.8485888476712505,-4.455647234043947,-3.5151760277167017,-6.126526938172479,-4.638585074286644,-5.008717408548758,-9.968310101914746,-8.433038345385095,-6.331162716533448,-6.326589513917461,2.9029434661848867,0.6269730008033482,0.5236806026886789,0.004262118556660016,6.468481101782867e-05
0.022959689498002603,0.01734656187070995,0.004476226875050499,0.0024250363572876016,0.024762544770281694,0.0002207001018881063,0.0008782266362520817,0.11390012547755952,0.0014459897102802137,0.0009730952467375154,0.01233251949768428,0.002760749103557231,0.011154190074241399,0.010480837200415824,0.028381147218471393,0.019388191496982846,0.02786308525631547,0.007734605352706389,0.0010177269913234676,0.001032141427341724,0.010904190837954294,0.011038946106516687,0.007803211011610019,0.007988588310989683,-3.212269711561932,-3.3763662894725517,-0.8547724262404574,-4.510308601098749,-3.5127407390547,-6.1754113598554525,-5.000270954648136,-5.368124717904133,-9.559686798162925,-7.916152984146872,-6.2118772147902614,-6.148671332032086,2.911401922040882,0.6550416338754816,0.5625566239379639,0.0039047818311265764,6.29772018582466e-05
0.02323356678289428,0.018757866819800965,0.004561231475354697,0.0023587544001925772,0.026126459886636463,0.00021978829770487256,0.0008912427771627471,0.11101373917963293,0.0014367725063672639,0.0009529391169391174,0.012360145001104371,0.0029538434509464645,0.010472778998169197,0.011242463558476246,0.028543398780301314,0.01810970865954139,0.028522537018207117,0.007411094111210449,0.0010132930879543237,0.0010191311252877645,0.010488365483945746,0.011099071516877718,0.007892481548494647,0.008368093170096623,-3.2230370714753516,-3.2383928281559444,-0.8123388289342155,-4.866827582518336,-3.5404668021865966,-6.024984441198493,-4.721106073210877,-4.99104439727606,-9.561387974433984,-8.014296296698237,-6.191230076994202,-5.9156911250610795,2.8516757490087623,0.6513918619409343,0.5624034371876226,0.0039349256723572885,6.593881814499712e-05
0.024654031365717134,0.018266628080089487,0.004414970225149252,0.0025071828964050927,0.025608527904547568,0.00021772586743595295,0.000895242190283222,0.10900291689679689,0.0014501877850850147,0.0009234039154971163,0.011812742754535834,0.0028431937033895553,0.01080487741828499,0.011384204799859176,0.028390816865935847,0.018594898276731428,0.028899471930730062,0.007809212857030419,0.0009924251963340292,0.001002639248610995,0.011364267400461776,0.010469611086867971,0.007849150037441185,0.007885116033214894,-3.275512138955078,-3.3178418312024207,-0.7974744092140349,-4.786909404922483,-3.467229216166977,-6.051236966310859,-4.730700367929704,-5.274944257164415,-9.657272889013523,-8.300751049298125,-6.16391850076847,-6.121909183630939,2.8497670438257314,0.6096254241100065,0.5281050003699701,0.0038821142375744426,6.493272370059387e-05
0.02459096483623819,0.01730769546123836,0.004777629488847851,0.002566407795450504,0.025463278374905442,0.00022764945400898738,0.0008455779637433145,0.10398788002406263,0.0014281599117100263,0.0009417509393032682,0.011574813352367243,0.0027756176279534026,0.010551929093255261,0.011265813036615014,0.027044600597327263,0.019341358231981225,0.026614165702480676,0.007418348723962778,0.0009595041853389917,0.0010163617246912917,0.010637963986840028,0.010652084726631188,0.007922759627258488,0.008336567025841284,-3.3103272951708154,-3.252058689618277,-0.8335183942602462,-4.4416902390818755,-3.361740930565362,-6.01561129885246,-5.000661418479157,-5.3641002155429085,-9.36755876430033,-7.9046691093590775,-5.965843214172169,-6.0355973470604285,2.7498861836080133,0.6083675757294341,0.516310133623863,0.004094353655892497,6.820376426495598e-05
0.022876367854450505,0.01798253888330138,0.004694561302761702,0.002394923735321989,0.025396252181074164,0.00023040125841979303,0.0008367045625108935,0.10797930023063772,0.001365028890266757,0.0009735896834149031,0.011567860805417137,0.00276361896167027,0.011365528628689187,0.01091211352809976,0.027311698529028622,0.019019580128184128,0.02665993407709698,0.0075423069160477675,0.0009639362322410103,0.0009648806222424803,0.010856077185465298,0.010979301692145307,0.008371541896599197,0.00826670902385048,-3.1811822577862547,-3.2186886436652005,-0.8436305166302247,-4.540307017502974,-3.587021088002115,-5.636375005115353,-4.907400127733564,-5.06856541362965,-9.574558535523327,-8.41233990535758,-5.984080083803801,-6.163746159334531,2.80904584321857,0.6195997913234006,0.5430902430849867,0.003996683457267561,6.318352008382572e-05
0.022727870897629038,0.018690021675151006,0.004568368684059891,0.0025106229048741336,0.026041696483585088,0.00021554037253559595,0.0008731325216882432,0.10498429359355146,0.001359778203630569,0.0009561761053128911,0.012025892557999983,0.0027763368497242345,0.010974768256241677,0.011254645774362772,0.029012366395518987,0.018911419180081185,0.029082696190484,0.007826110430052415,0.000977894022288564,0.0009531362955299104,0.010706462441014216,0.010706429348551748,0.008139218595837456,0.007655281439644297,-3.1889762509208173,-3.441304002093397,-0.8207837953072195,-4.7497988688528805,-3.390491538841353,-5.9669811435575415,-4.744747644850837,-5.2484872043208535,-9.631220496845259,-8.1422168903929,-6.348691995861177,-6.004800064078099,2.861214795962362,0.6277011244973935,0.5284594561172326,0.004116721465189549,6.439339891019148e-05
0.0233387114087019,0.018703755317879232,0.004512721104258148,0.0024927039380773855,0.024627737024726,0.00022651149264543138,0.0008440938780318318,0.10502729616174056,0.0013560551067851045,0.0009870237097703964,0.011789968745345587,0.0028484556907074294,0.011166637934458481,0.011352879700123667,0.02722869057139687,0.018139386757052955,0.02851515556427031,0.007202598396946482,0.0010344173256951025,0.001006924497384704,0.010596197529670488,0.010511077619901336,0.008286960816790988,0.007636079820889141,-3.2872918817146792,-3.4130704160732726,-0.85214243175905,-4.61924940055422,-3.497001135993968,-5.985925359468963,-4.692385418366895,-5.370690038128196,-9.76173575328697,-7.792320876012847,-6.301310203706046,-6.500265587568948,2.8819359864574134,0.6044287298749917,0.5273730682949029,0.004108224658202071,6.371473293786927e-05
0.022954617139616704,0.01765126117514789,0.004394201709990148,0.002408493076536009,0.025818900531375918,0.00021848789254921445,0.0009070264024535468,0.10522909573233477,0.0014122174774093372,0.0010002078053692465,0.012383253637717214,0.0029683633091357408,0.01112008670954006,0.010588894721006664,0.02938739979334585,0.019440832312435923,0.027589942234098847,0.007748901183403476,0.0010141182515596653,0.00101797332056358,0.010928288980665406,0.011347006714396918,0.00790087235580609,0.008110054861549256,-3.3842177509125633,-3.267736693915276,-0.8048815761430751,-4.515673312356887,-3.3427413271274733,-6.092676684746942,-5.058976722231389,-5.386738869275597,-9.286711065546104,-8.198862166954427,-6.3234592127822005,-6.419553387240385,2.7533851346537266,0.6249703172322325,0.5241021731971797,0.004214733195871543,6.466458857063826e-05
0.0230403399933913,0.018583789511385923,0.004547357408431572,0.002559117930636259,0.027095024100529063,0.00021785656966593866,0.0009130440019455003,0.11293589018169027,0.001424386575053162,0.0009780512042024795,0.012542272498310959,0.0027925237122548544,0.010766910226357972,0.011531056318998775,0.028263593863442984,0.01890780818378931,0.028727555562730454,0.007694899715200608,0.0009541398396343303,0.0010384280286891247,0.011301271165766033,0.011001953467530539,0.008321760620933098,0.007814697334328987,-3.221127909347099,-3.168935540009806,-0.8008274117586796,-4.468038793752841,-3.447671499849428,-6.184276360483153,-4.807198224897567,-5.279030750579178,-10.11285274233475,-7.804762226252972,-5.900603699994681,-6.468159020068532,2.885175467003555,0.6322492532925421,0.5265197199005575,0.003947597478466252,6.366028592464973e-05
0.022982085058712423,0.01731249468338001,0.00475675324385612,0.00246194839962583,0.02514588303876536,0.00021382654766057306,0.0008576616205826709,0.11347814652318819,0.001330187817889457,0.000948846706678486,0.012071451271174156,0.0027896916520816204,0.01122354307397091,0.011281720965588169,0.027423393765074803,0.01938107535159153,0.028978501931401623,0.007591635390908181,0.0009637185438850159,0.000961571670141616,0.011138534913173112,0.010985282194533118,0.007995309278683095,0.0080415911788358,-3.2894700631518465,-3.3942700237473127,-0.7828344965388528,-4.708863801835896,-3.4303564455303364,-5.758472694105942,-5.078859880761977,-5.153675663176599,-9.656741539757393,-8.12326530666559,-6.005775157502466,-6.07519355486971,2.920053103888692,0.6114650365348198,0.5353466165661664,0.0040059103011734435,6.799808811968106e-05
0.022961458734615192,0.018082136006338307,0.004748158346216462,0.002589793869196393,0.027120890968148185,0.00022234817366246866,0.0008431494158972751,0.11413503374543729,0.0014079916989991018,0.0010184762031989678,0.011523914621348896,0.0028368884319849652,0.010482379887824926,0.010761252829222346,0.027109862107054596,0.019570771217872786,0.02821846578590923,0.007254905609289607,0.0009891114637761542,0.0010221535929157114,0.011011532938639797,0.010563646157083087,0.007982807024250586,0.007836756875529332,-3.2883906674179,-3.4529957155932953,-0.7867540253881589,-4.512300227913853,-3.4028601698236325,-5.647296175750907,-4.668051171011597,-5.207772413689159,-9.468372578526726,-8.257207546231802,-6.39594986956847,-6.494828446296941,2.736952193712897,0.6173997617149964,0.5393016511078094,0.004162090201232654,6.39449720288521e-05
0.023125796300368377,0.017468084080736863,0.004623182926524509,0.002589299926745897,0.02628699623995534,0.0002298883347718149,0.0009112139915827405,0.10635036711580184,0.001431719815348619,0.0010039226277800566,0.012641651100573303,0.0027572681370920623,0.011139052895045904,0.011421059947573902,0.028598919500874027,0.018404782847223865,0.02798624857975176,0.0071539923436144135,0.0009952421223419676,0.0009771554482992347,0.01054633214765607,0.010978299353832436,0.008278034721074124,0.007688255122024381,-3.2907064267698614,-3.185752684875931,-0.842950965073413,-4.666578191295054,-3.521023186573496,-5.901334962264431,-5.038874594559655,-5.11194527992946,-10.099888647247692,-8.091053323685717,-6.18113933840315,-5.959819371442415,2.846510331663676,0.612653145854218,0.5526065942932452,0.00388941486107044,6.767328204996939e-05
0.024100667096150042,0.018893529985351036,0.004446778613987518,0.0025766623875350444,0.02534071253881433,0.00022574906841482269,0.0008894564381612746,0.10631142143014717,0.0013658815322545566,0.0010169743593760794,0.012164892453734415,0.0028901377228909755,0.010808433777919844,0.011082148327355457,0.02930243392263839,0.01921295603268528,0.028640292529251935,0.007134775625296182,0.000986058354888979,0.0009543552672815481,0.011124286363888446,0.010471661674342006,0.008278652003473322,0.008186740336798861,-3.398746138563284,-3.3657606408655125,-0.8060566065724851,-4.779677399771963,-3.4710046776182075,-5.614878093811754,-5.0219599424732335,-5.3294359775187505,-9.535504877693814,-8.315509199106035,-6.42676656449258,-6.300020341969163,2.673380608446985,0.6362002842672595,0.5507954495427946,0.00424130375246264,6.684694311474826e-05
0.023252343452907463,0.01788968380231716,0.004397189984813731,0.0024808107202056446,0.025065886485662242,0.00022610426548734603,0.0009107882358032963,0.10611961195913537,0.0013702135255857606,0.0009372398322390185,0.012529593626676688,0.0029610802208549056,0.010516170334210805,0.011359007941802161,0.02855200914471341,0.018795369520716622,0.027552124883116553,0.007817161940951441,0.000986916777495108,0.0010477657909080567,0.010938295592427863,0.01056706214711281,0.007772935564795252,0.007920845702933986,-3.2615544777698746,-3.3939558822037066,-0.7894967333463844,-4.578975858360713,-3.590529198030406,-6.078401752075365,-5.002000761020257,-5.186294539026605,-9.595621295740832,-7.907799849213422,-6.283372148725785,-6.01383074907992,2.6668889733129175,0.6424927977456049,0.5534106010985087,0.00394763335210664,6.815663345982945e-05
0.02415484958557555,0.017943972651874193,0.004460426527565147,0.0025183415318580384,0.025413769541243043,0.00023029781839154872,0.0009103432933429429,0.10966259599296456,0.0013776407041577534,0.0009581571206326053,0.012305049994705084,0.0027995567470750007,0.01054801379984444,0.01147289029904009,0.02851279339704458,0.01927902085815052,0.027679634193640487,0.007126491809418544,0.0010096909162969543,0.0010377730628480446,0.011208577193379242,0.01083590669760213,0.0076070589013626155,0.008076498779482749,-3.301571287271496,-3.3554643927062386,-0.8274006292536977,-4.816049579712789,-3.6178139390471498,-6.026053738089182,-5.022127048703964,-5.3694876333584896,-10.12198438664331,-7.863888718769162,-5.892410492929303,-6.193064817875688,2.6948378547705873,0.6480511866210874,0.5200856689695659,0.003926279367279064,6.72586486449487e-05
0.024436404583979443,0.017427595032734566,0.004447895652940319,0.0025946304685873197,0.02697534366124325,0.00021663128246124865,0.0008935914191018223,0.11014079078035306,0.0013794622130297307,0.0009977819976563968,0.012577131725765245,0.002787852543344679,0.011169198715426034,0.010957014684015345,0.026648705091937935,0.018410889119811775,0.02723077735735469,0.007315647447489012,0.0009846260893512935,0.0010432678810805977,0.011503870931807861,0.011438139929146019,0.008193586166473747,0.008119574879871338,-3.2623011118299647,-3.3792379063279574,-0.8006781104333678,-4.72012398383855,-3.4400596842974402,-5.824800574848345,-4.881954418783378,-5.177881745152217,-10.146175207722136,-8.322197990512928,-6.001595333182157,-6.4553594181112555,2.7937924526139204,0.6457951096539225,0.5655159712475094,0.003877961775278591,6.913003526968505e-05
0.022896921409501263,0.01868306778890088,0.0046607917374989,0.002585732688055486,0.02645559683589432,0.00021037532770357172,0.0008591606437244923,0.1059783993343495,0.0014234323606392325,0.0009880651814892021,0.012060677297183041,0.0028340504210402676,0.011191767354401035,0.010796476324940952,0.026925733203621873,0.019756502040161352,0.027013710897855255,0.0075459007084923094,0.000981615754804139,0.0009842010641318915,0.011545261331544595,0.010635868865736463,0.00784447760567573,0.007717665938412449,-3.2913210358384317,-3.223470143712978,-0.8220775664973248,-4.6912737478318745,-3.344235924571963,-5.6718499017788275,-5.018068626904164,-4.978664705984637,-9.233874404905576,-8.198051467960415,-6.046101010032885,-6.358538958313755,2.842303023927263,0.6623243903577191,0.5166826629113557,0.003932647687455832,6.363120718191918e-05
0.023565989721285596,0.018286635131620217,0.004592472934996841,0.0025322409323328817,0.026868880920117418,0.00022718491748830016,0.0009136457715752776,0.10919049834174928,0.0013927340066081132,0.0010046374645313544,0.012560988687023532,0.0027686692042958256,0.010707354685328596,0.011266609856213397,0.028084029316583332,0.01869880848688587,0.02729867445888671,0.007302717921389804,0.0009748771782284842,0.0009989671239479135,0.010632539567710032,0.010490967395354999,0.007714136983186137,0.008131600959965195,-3.370703505191819,-3.436133409466411,-0.808287527689615,-4.719639019834236,-3.362662968242435,-6.054459290079359,-4.796333794916365,-5.078435878498248,-9.855806061980015,-7.806738881112688,-6.1415412249762324,-6.455967741879027,2.91906251119518,0.6230812447721452,0.5452211746491444,0.003971146391271108,6.678929746945738e-05
0.02303730853016067,0.018133046139172996,0.004677123226542199,0.0024919571463261386,0.024670107354096207,0.00021986683684340272,0.0008396604465895684,0.10568890749330183,0.0014259009310974458,0.0009332121280166063,0.012255688144313343,0.002772918906215723,0.011138179633518616,0.010684851113640679,0.02774646633811715,0.01927019823439261,0.029170090250835924,0.007127829213966205,0.0009642223439109359,0.0010055870512439885,0.01094478888519034,0.010554119896471897,0.007631561703159058,0.007687701017808166,-3.4920723298612013,-3.3850883290850384,-0.8187087002781881,-4.4707314377054646,-3.3770183023736178,-5.803460586201061,-4.820072108288121,-4.937809802056531,-9.870072627046936,-8.484362743994096,-5.890982556984327,-6.185602241174195,2.6835475704863425,0.6606411911064467,0.552470262442122,0.003915528911545133,6.464493768947953e-05
0.02452317939590638,0.017159696138203173,0.004615524299216975,0.0024683305846919736,0.026818202301592552,0.00020916050543027422,0.0008830611709733,0.10829135021106133,0.0013278439624204476,0.0009829354285673581,0.011911436510952068,0.0028784868156423514,0.011141658057971668,0.010493712890242797,0.02761550302361344,0.0197225793494287,0.02669955456672847,0.007263747943468049,0.0010493755764842264,0.001000666178272268,0.01106897190943274,0.011307115060831594,0.00828014295776868,0.00823058365513838,-3.1896843514232662,-3.377490767189244,-0.7915539369377556,-4.638510059639454,-3.4267366781374045,-5.798175577515689,-4.890810792531645,-5.126803418029341,-9.28028657860267,-8.038925674967807,-6.259907406421151,-6.0971112991446486,2.654417946173044,0.6127571929718417,0.5646047142466417,0.004143968440666533,6.542791442898788e-05
0.023019475220340303,0.017137484851158444,0.004704165481046934,0.002507709443691961,0.02481009585319304,0.0002104975366402144,0.0008825463789628572,0.10499257515523756,0.0013431434846126547,0.0009567724166113892,0.012096463453559778,0.002870108478670365,0.010530212119545246,0.011368993738301709,0.028225071346439295,0.019173730441528265,0.029222016933897147,0.007360472205171689,0.0010144666838379046,0.001014776723470074,0.010795466139869142,0.010877075500299153,0.007765370510430095,0.008258559880756048,-3.4303997856402217,-3.4185540988251493,-0.831359232230207,-4.4287621500402095,-3.40049482033051,-5.673587307725326,-4.976413465613197,-5.162517323894939,-9.63457441811283,-8.351777251476735,-6.037398291669042,-6.130731897591327,2.886710257990839,0.6058370811520739,0.5632224435320166,0.004190102847716571,6.829578418951668e-05
0.024830845795968913,0.017409721280054552,0.004528206272288599,0.002448912081016166,0.025007924623353262,0.00021212929304601218,0.0008536784680248697,0.1064495284995324,0.0013404280326717324,0.0009465467985138383,0.011796185242320366,0.002927034677977434,0.011281203435935706,0.010902051151148024,0.027346670263810244,0.019893606959740837,0.02826915211889216,0.007622854103134835,0.0009653438580173419,0.000976636765215756,0.011492404832976196,0.011002670755481402,0.008128655201478983,0.008385980431819097,-3.2515621191692983,-3.454620620426317,-0.8545003795156652,-4.438402024557291,-3.576770891284119,-5.728515960032011,-5.1096252818472285,-5.33735510329561,-10.110122050453125,-8.309370786512414,-6.427812594669823,-6.006814187897952,2.783573952088405,0.6117748776061644,0.550172272669541,0.004032723167404445,6.676553891214099e-05
0.023351125822118842,0.01877591532132159,0.004582157250916801,0.002356847382082529,0.025035883242236854,0.00022497759592828912,0.000840280122188551,0.1106694027743037,0.0013948246919651976,0.0009717988534568047,0.011969530117265793,0.0029763363748721654,0.010952421199037136,0.011396483959140842,0.02893037458774887,0.019681399373301555,0.029207628986014166,0.007732901401299526,0.0010063678409958177,0.0010164962821933548,0.01132910143667134,0.010903114539322639,0.008094335497623936,0.007996629486376168,-3.491178859018681,-3.230910812473436,-0.8510662540420634,-4.576062156269513,-3.2971202177687067,-5.619967835951634,-5.061617451473644,-4.932543548988255,-9.647753112393112,-8.335408483735947,-6.009593586306552,-5.907240942103761,2.801512296000875,0.6038116088885696,0.5278573458032161,0.003899497064075849,6.275085465311883e-05
0.024809971814297387,0.017798270814732776,0.0047252796593591755,0.0025223415343605124,0.025324920119925914,0.0002306352588455009,0.0009069273289767908,0.10544969784156796,0.0013853915353911042,0.0009304174763029051,0.012329773493662372,0.002894749901942085,0.010896628386389575,0.01056329847751042,0.02745303860549173,0.019696896048804372,0.02666215975815951,0.007749027539679128,0.0009749990411184711,0.0009941683237787843,0.010501493521795309,0.010792011564946314,0.008219364062526695,0.008342977990414661,-3.3703271212109125,-3.302787954129075,-0.8208654283729284,-4.467540147933992,-3.5252969372103706,-5.817159387935645,-4.808728876181984,-5.28468021935383,-10.10275863840337,-8.103030182237909,-6.50191465913742,-6.434066725618125,2.7672905087302975,0.6325330811436246,0.5491033078868724,0.004158980698255521,6.800190600349349e-05
0.023832029047078436,0.018873419636071247,0.004758528869769462,0.0023735586337272725,0.025651740531068206,0.00021966955361188396,0.0008872618284556826,0.1122448912348449,0.001434404750492427,0.0009545431449590371,0.011851057594614288,0.002886550654837189,0.011451722065331663,0.010959562771481338,0.02826144620395225,0.019140904724238683,0.02783722436835756,0.007220970481474413,0.001048851296338066,0.000962522449230098,0.010606250367034055,0.010503804197013793,0.008146236168654963,0.008168990785231839,-3.477708645816928,-3.3335951184657535,-0.8419193735244999,-4.757487677688761,-3.494794468521667,-6.010224249220202,-5.025352108239086,-5.284089857070487,-9.593682551544129,-7.7945273745806025,-6.374526102011014,-6.169999713325202,2.74449717413421,0.6457165680235258,0.5287144478056945,0.0038715419699235976,6.454952972192543e-05
0.02438141586994892,0.018356703178716037,0.004727904237808185,0.002565459735548715,0.026565379176429805,0.0002139056657796349,0.0009049948926698418,0.10613538697249979,0.001357673069843987,0.0009499139649338339,0.011496638750533571,0.0029133564027100365,0.011289693216389446,0.011185713363725421,0.027247604951248495,0.018120433961462117,0.028180690273314605,0.007361013433909683,0.0009940760713682093,0.0009784254747566223,0.01139827647483962,0.011454846482824702,0.0077378948003306676,0.007633543457743901,-3.207619949677294,-3.2792718637287948,-0.8046939287355651,-4.793666167683789,-3.428420281386044,-5.784477568452514,-4.790074558993537,-5.147189330822829,-9.396584285995022,-7.9253892230415675,-6.424178881427509,-5.919850495509322,2.8456306482186116,0.6312188933608928,0.531655986680322,0.004006901493220405,6.280827743450523e-05
0.02393775406389048,0.017641045215724547,0.004538293799380968,0.0024225550464583075,0.025304699516301724,0.00022465553213263064,0.0008752177738585272,0.1040176728671256,0.0013841748884289178,0.0009658250013803861,0.012267884943220002,0.0027684508822574945,0.010509829283380808,0.010620897995402868,0.026713296974850493,0.019884948114483648,0.02677696418668848,0.007195498111790437,0.0009959257328324947,0.0010188215403743482,0.010609517934012392,0.010758056322968225,0.008384608080282442,0.008054828543098228,-3.255661990991314,-3.4274431222741777,-0.8583332842811411,-4.625348454748607,-3.5798765491976914,-5.818856838245295,-5.10756111466562,-4.905320384870658,-9.550145514874824,-8.061410592422606,-6.431450097976821,-6.04026425081309,2.72779784874166,0.6371968848132804,0.5492525857755665,0.004182593912667779,6.328344515883969e-05
0.024496648103082143,0.018194805707039352,0.004625022687769676,0.002552799272493206,0.02600595173413451,0.00021625394168883674,0.0008802657041454223,0.11144841096596225,0.0013324634108254072,0.0009667363593421402,0.011542197544587738,0.0028095558159679443,0.010520655475820005,0.010601953183198943,0.027789615110278335,0.019619819276471613,0.02717216309409484,0.007185322072838389,0.0009505982469629503,0.000975646309068704,0.011478504500334875,0.011024317549302106,0.007999364042895203,0.008329092273974135,-3.2176776304987986,-3.462190016197168,-0.7979823214003604,-4.450081723075259,-3.6171263883509077,-5.79195910760121,-4.798041017227758,-4.968107091677165,-9.365531637195799,-7.839695521464847,-6.3649959178436255,-5.993388444367237,2.7268595921235974,0.6267570375460091,0.56070092163055,0.003948807034928502,6.826065144164194e-05
0.023088822520540054,0.018487287481106188,0.004755432702119409,0.002591004726977754,0.0257972081361465,0.00022241609688385705,0.0008901128400998141,0.10586825195645358,0.00136317987453069,0.0009270132447446554,0.011904523630918996,0.0027678381001104363,0.010550139107023761,0.011292900679017635,0.028964385882274624,0.01980186640813653,0.028655341952525407,0.0071744687557887075,0.0009666615888436809,0.0009558193023428214,0.011279468052140283,0.011146472516265181,0.008069843091505994,0.007810046551575452,-3.460638732224205,-3.4115871850415953,-0.8150664686446282,-4.451014397802759,-3.508619872423175,-6.012073600272449,-4.9612978095519304,-4.964297641626453,-9.258482811044082,-7.795086160262953,-6.188022835426993,-5.998930190520373,2.839164304705146,0.663626102634759,0.5550434623397694,0.004259582052874817,6.71059024307429e-05
0.024726402340833568,0.017371381006554353,0.004541680823592411,0.002480469487010725,0.026255891864199226,0.0002283010755212813,0.0008438414701432269,0.11386827050219651,0.0013992203557086195,0.0009239762743505202,0.011946197097360783,0.002936265407718041,0.010771067877979578,0.011482423887212777,0.02887780705389843,0.018909634884666904,0.029275605404605255,0.007697447637824081,0.000999639973755015,0.0010140744454636501,0.010707592436873484,0.01133708493437647,0.008172136576401437,0.008352798585140691,-3.3146326094975915,-3.3914793658567577,-0.8352756417997788,-4.727990412786107,-3.559939820095661,-5.73669752264008,-4.90599166433029,-4.977876254661574,-9.608745295534888,-8.263265873814424,-6.102822969413817,-6.178741299384085,2.8543667973983937,0.6455644132112132,0.5142009814947615,0.004005546630777497,6.799134251618338e-05
0.023665927621034612,0.017981523653132422,0.004701626708395529,0.002500519853113872,0.025078518680614337,0.00021612636009042644,0.0009044020693794654,0.11236071744066671,0.0014242076034836804,0.0009787260849269232,0.012468265872544002,0.0028189130109928595,0.010536820217380782,0.01055594380132853,0.029079085159674063,0.019703727675075087,0.028985792959110575,0.007464394376363651,0.0010079559646414375,0.0009959009836601265,0.01046883104611882,0.011458031905617675,0.00782213185712111,0.008110636292389499,-3.2378066733970674,-3.2110149881503807,-0.8294255319044905,-4.812176977909648,-3.4820948988054496,-5.881537677002622,-4.857390937717131,-5.132385019311424,-9.448017182589425,-8.266231399688143,-6.364157635309039,-6.379947433355603,2.9164065524994043,0.6172663635997948,0.5371820443806321,0.003943199641235337,6.51510383826203e-05
0.0226758579164648,0.018802157163489812,0.004370344415578493,0.0025336955926138103,0.025624421644306353,0.0002143311060346869,0.0008355082080920785,0.11241425316508688,0.0014361255677138788,0.0009699820529062763,0.011982580483068342,0.0030221992458294307,0.011016991625434163,0.011149976316856785,0.027007240502873127,0.01967192192027554,0.02739675333208929,0.007556347981391616,0.0009673452924863216,0.0009888266263987588,0.010650741726330628,0.010589883297896494,0.007927948627320141,0.007965828156268867,-3.3566766095629292,-3.4038385860039795,-0.8241830261778305,-4.4193092616782215,-3.546879963316971,-5.69845661454342,-4.884739376560548,-5.283549290447528,-9.741509496718923,-8.485891793941416,-6.470067242756471,-6.279465211172008,2.6570539464517955,0.6182371443395138,0.5643232130145713,0.004174977796153815,6.389930721150517e-05
0.02328672995762723,0.017300870913931288,0.004670648750134765,0.002444714899591251,0.02635843762601186,0.00021552080067770857,0.0008717320308502705,0.11312754398198431,0.0013972941058980211,0.0009689818637510265,0.011889728901999772,0.002833124403369405,0.011391090421166473,0.010986164256654343,0.027576650444835846,0.018175895370838406,0.027744208225122854,0.007657807935642506,0.0010218003921203607,0.0009790067887994697,0.010563962533836142,0.010548934916525624,0.007670332008298941,0.008015845082948636,-3.4635504041184477,-3.219673844523771,-0.8157714750898485,-4.563877771846849,-3.520035195074585,-6.105020354325943,-5.027187866437145,-5.3405000607654864,-9.450764309023985,-7.836510173120574,-6.0331237574235494,-6.451672614332757,2.828241190497575,0.6124969738053522,0.555685120187088,0.00413706920343804,6.451971228966518e-05
0.023194425240492172,0.018306257885615865,0.004571560741851164,0.0023538346148676476,0.025701603784268744,0.0002183535878062145,0.0008889910075107928,0.10635661661919288,0.001348244650137525,0.0009502719690851831,0.01235619458684912,0.00279441447965077,0.01097072623941066,0.01138258699521428,0.0290970691993525,0.018585371520958446,0.028676560806391846,0.007490913830134763,0.0010157748107230754,0.0010202336385058334,0.011458424760229334,0.011443800166570369,0.008355834364258071,0.008074563804431275,-3.227965425341795,-3.1983828651005766,-0.8213258915057116,-4.457880804979318,-3.3642367294560502,-5.944152662325624,-5.02349914465788,-5.259799413402117,-9.562546303803265,-7.900571873027234,-6.073851306721726,-6.126897576043075,2.7682997683435993,0.6263413069309405,0.5175785199912329,0.004114376908923662,6.876838953789512e-05
0.024064188874365365,0.017347712933751033,0.0046438455745900775,0.0025582157572407636,0.02496035828577705,0.00021548731215663688,0.0008314761697751047,0.11171426618901531,0.0013263002687219922,0.0009780328776531032,0.01263368309087802,0.0030011260946186885,0.010858298913826319,0.01061122042881012,0.028593365814131126,0.018858850122236922,0.028045664470457983,0.007383688840130057,0.0009540152134068137,0.0010025008630124748,0.011255360676701211,0.01074879076437697,0.00768300948444572,0.007778659261204479,-3.411270786816451,-3.2711528372614858,-0.8241233383567181,-4.78274056391398,-3.3034659164190474,-5.665260821199328,-5.022760362175232,-5.11642744901474,-9.773936445022231,-8.524638386634757,-6.221654276566675,-5.941857999833761,2.912485319579047,0.6482154070246858,0.5516764949030074,0.0038657435500331606,6.33807140564859e-05
0.024338871173723624,0.018367288520864174,0.004723419552870001,0.002467769483256087,0.025436419172695023,0.00022597617024501293,0.0008919525713167987,0.11388223483512966,0.00136988992214882,0.0010103777771440362,0.011524658934062978,0.002839357599841086,0.01069914873732523,0.010927689542924267,0.02774137422336663,0.019667766758383328,0.026798859012103805,0.007158359088333554,0.0009875432904505748,0.0009608615685008954,0.011220013367730573,0.010745938349567299,0.00804949556184705,0.007824170859011239,-3.223416383448282,-3.464058952771734,-0.7792462723565339,-4.730982659223645,-3.4297686910036234,-6.183757597425643,-4.738548092572659,-5.391850062521978,-9.71349995915245,-8.355813497514802,-6.111772512867241,-6.456926695096348,2.770075902258813,0.6026563519365924,0.558741787719798,0.0042249336050253815,6.639177162945637e-05
0.023608986672268864,0.01827224877481329,0.004412004502693741,0.0025151668005545893,0.025528097441477205,0.00021698172351101682,0.0008862110441765973,0.1056184277287338,0.0013276757971447312,0.0009770964174102225,0.012002787613788727,0.0028574774870184084,0.011099167256379288,0.011243951272180266,0.02870560132287886,0.01883287553558136,0.028865264232008365,0.007183872222012666,0.0009838260747166666,0.001004835455182752,0.010787527628404243,0.010647249630567214,0.008090941537508207,0.007646085154264166,-3.412586644503838,-3.4753430066086817,-0.8032071439412148,-4.576460148178639,-3.451327654424509,-5.692227488856813,-4.797944012215644,-5.181685202545262,-10.010182072872212,-8.14361798178795,-6.322512908412289,-6.449754383457285,2.8773653199889533,0.602884197651081,0.5169844063988821,0.003955112545839152,6.86685463546343e-05
0.02334946955402728,0.017261271823404267,0.004715017364322189,0.0023765560582722856,0.02626073874354824,0.00022565639156348592,0.0008701384973365493,0.10520612573687968,0.0013685297710791051,0.0009633895065495785,0.012546801530944725,0.0029999900817301354,0.010789480024392192,0.010572307944083778,0.027243449251724717,0.019714999937165068,0.028938156596930886,0.007324234683122661,0.0009801368960165703,0.001030336553135157,0.011075107112309232,0.011121785709348856,0.00799170120185591,0.008176154284584217,-3.242022891282763,-3.301187338165114,-0.8038065935290535,-4.551668896584132,-3.4718102256237504,-5.8336223347029295,-4.733105635502828,-5.2255527830400155,-9.67589234820597,-8.474605350176265,-6.158478175402455,-6.2493148464406945,2.8587842389951463,0.6299140681253874,0.5423909989418318,0.004185062551257164,6.923421539617942e-05
0.02363255368123266,0.017968807643049027,0.004598320676547338,0.0025923017106390155,0.024604575701229817,0.00022801545026987502,0.0008896811082985579,0.11299672056903923,0.001465157707721775,0.0009524424867337782,0.012652243382999886,0.0029308223629246617,0.011112916549002826,0.010490402596277364,0.029321523657127736,0.01872224540518218,0.029084210168681825,0.007768172744938389,0.0009617875049706834,0.0009896443998813308,0.011440018132337592,0.010706008591256935,0.007613907451037195,0.008060071660817975,-3.281375165091893,-3.3062296065267867,-0.8248936326717966,-4.475079238499914,-3.5821981810311927,-6.049346676949398,-4.8171882780949025,-5.168450693003774,-9.645633107955616,-7.854711926491981,-5.905862345769787,-6.228717824837367,2.822358005397449,0.644282769212491,0.5610276437677675,0.004231321200057135,6.766324512172243e-05
0.024019402056471954,0.017371891780693715,0.004371107986828874,0.0024490760943032064,0.02522036874946045,0.00021606471279830838,0.000873291326323888,0.10791690227268337,0.001359173372762952,0.000978931418632516,0.012317051163419218,0.0028690856157659104,0.011453512368204705,0.010829498877400411,0.027354126682214562,0.0195916387871912,0.028701062250107122,0.0077442096401299405,0.001046283222648643,0.0009837851282980205,0.011518121140116383,0.010650535354925663,0.007907050299326937,0.008133541794061915,-3.3575892530903015,-3.3295038202681315,-0.8287517639658137,-4.707122264621915,-3.3045989960815754,-6.086457915583285,-4.91938579092633,-4.975718799650179,-9.800409972613902,-8.212476264805403,-6.0516128884962175,-6.251468591269058,2.8996529210384385,0.6554004001892773,0.5215212387973502,0.003940373427749903,6.667333441035308e-05
0.024333835516206114,0.018676548690468513,0.004372088250155894,0.0023858848543631475,0.026757395182386966,0.0002249038292148132,0.00084211996079974,0.11294597200593201,0.0013645752218895107,0.0009517266144857067,0.012236297342995549,0.0030327445297054566,0.011382409570477607,0.011013669848928702,0.026641073286830807,0.018437136739506456,0.02900502666757305,0.0073664903243642705,0.0009715966501919728,0.000976718614331294,0.01121502981464711,0.010776505197573697,0.008175874749050675,0.007738804359984281,-3.222479325696497,-3.165100451425762,-0.8424688106837518,-4.598091686906748,-3.5587368078052366,-5.91405553229466,-4.770534159414046,-5.392743655719287,-9.283202442291248,-7.873072839451443,-5.939925875647084,-6.104233386998285,2.7459200102336507,0.6258177213330374,0.5601893698528378,0.004175823758833336,6.474621183529017e-05
0.02265110925989697,0.018414661300158477,0.004689370475927373,0.0024214762158867673,0.025004669105050226,0.00021072896141375547,0.000895455481652266,0.11368502174823603,0.0014115191715818745,0.0009791594503568983,0.011991047750152582,0.0027877556576208344,0.010940451903217333,0.011298349481670996,0.028630762124741586,0.019197015776780336,0.02733003172740205,0.007689723499602046,0.0009714065242971312,0.0009595899774790094,0.010492583152496043,0.011317939052317986,0.008396112388166205,0.007698281042502899,-3.2469692209195307,-3.40169202483277,-0.7835363660899415,-4.83742841252547,-3.355714389295933,-5.820742388152854,-4.930327093575806,-5.161331879158242,-9.515893821665676,-8.405951346898973,-5.9511654725199685,-6.1590275073815235,2.8631106819776067,0.6624756468755866,0.5245734888183252,0.0039719325950272845,6.300208876021132e-05
0.024394994678756023,0.01720712926106354,0.004757758038631458,0.002512181923970951,0.027066317803724337,0.0002234261404420916,0.0008437136902282955,0.10452323319572514,0.0013668242882860628,0.0009525037028993569,0.012059325553379633,0.002990241444059335,0.011085555659769175,0.010961207356136926,0.027617361085362818,0.019939838339796203,0.02842478444190391,0.007532981391597586,0.0010134721255052378,0.0010245901381506185,0.01085458522634974,0.010975682311798796,0.007905055629304167,0.008321941655114068,-3.340079460593873,-3.1977473604978184,-0.8309789167975136,-4.636995629061067,-3.32780078237629,-5.856680692422901,-5.075304697197375,-5.0950235047358925,-9.36630858777498,-7.807944101236428,-6.221914181950025,-6.4384255706176745,2.9161260815796597,0.652983064761133,0.5302774614904852,0.004248785436744219,6.315334528401992e-05
0.024981076835488676,0.018451409454855933,0.004600737540194182,0.0024372397310606984,0.02610750428113539,0.00020935101700418895,0.0008571491393797695,0.1052083906434519,0.0013280976242700485,0.0009813896248966696,0.011515525044812127,0.0029956066391520564,0.011288507434567102,0.010655595807204774,0.027735681055308627,0.01833444527177943,0.027599299796994336,0.007177574328482265,0.0010028258716668966,0.0010112692970695573,0.011054229786587662,0.010822977875521413,0.007933791706268976,0.00834853011091392,-3.3483372709467876,-3.3853463893724722,-0.8528415836231446,-4.4949759274284,-3.523267261573725,-6.149086284461265,-4.653145300117346,-5.25317679242531,-9.532922086649773,-8.302766236256975,-5.971101838670449,-6.170878429354214,2.882653976449415,0.6572496417831333,0.5472086578399935,0.004050718501768606,6.599316038251401e-05
0.02369190142510772,0.01873317657293938,0.004499520818427567,0.00247771417550043,0.026584639160841143,0.00022623816823436486,0.000868233689072675,0.10375590736821966,0.001430151662178072,0.0009243779839705265,0.011678626787150197,0.002837879290053507,0.011452394394800305,0.010741050352592056,0.027923841998364854,0.01840863588423426,0.029024249621104625,0.007336573453856693,0.0009705528003540043,0.0010292943104811604,0.01117307348628489,0.011073870037339971,0.008064502020943439,0.00782344827530293,-3.328766482138543,-3.3201245046692067,-0.8436600863580972,-4.443623332149592,-3.447394670472885,-6.135343101461403,-5.1179187662473735,-5.059558412562692,-10.17881118972992,-7.941471794602433,-6.160945890405744,-6.0289633026810945,2.693721664274026,0.6575005362108592,0.5567871095669159,0.004062711969057033,6.756562335888148e-05
0.024924846902514616,0.017734862970241305,0.004395738456719204,0.002594412021302579,0.02688707804975051,0.00022436183440200177,0.0008337798415545735,0.107496426724874,0.0013315540155702194,0.0010024022413291861,0.011551214477094021,0.0028563697452501013,0.010579752695745308,0.010907670459446083,0.027116670247405314,0.019377370466204608,0.02809740461152363,0.0076793834916943195,0.0009839969869347043,0.0009513064214289673,0.011494438274838073,0.010654179625326452,0.008225351168855519,0.007713251199888349,-3.2286034112318043,-3.20120735464768,-0.7789921526970142,-4.771660111665571,-3.385995689879327,-6.170723165916523,-5.054482818586905,-5.154658727426461,-9.83384401293077,-8.112203259325085,-6.394308223282829,-5.90054178746975,2.6564890561416497,0.6620364612110183,0.5402681490972507,0.004239909606048291,6.507778285127007e-05
0.023969890386813433,0.017154812477161503,0.004700658918875684,0.0023705580833574495,0.0258577253359973,0.00021609519200223155,0.0009040041138306952,0.11146519701661105,0.001449855549242358,0.0009958369246880162,0.011554550801041568,0.002950216797937246,0.011471303168134939,0.011343624434061277,0.028098477430600816,0.019712161603582964,0.027140827468392404,0.007212582628674691,0.0009730636192847926,0.0009564412792669169,0.011225732256141758,0.011085438057115078,0.008391605932886565,0.00779082821018005,-3.2748404554843473,-3.3411848147642145,-0.8522393004383689,-4.846887660296819,-3.5917686295103914,-5.89826086885734,-4.643175441415126,-5.080622034136791,-10.089209822357258,-8.08555783247013,-6.224887862692848,-6.026247000270709,2.6747534418389183,0.6089525338663077,0.5365549532631719,0.003913883639056751,6.387125482941497e-05
0.023299726415441476,0.01878861150788586,0.004449511808046437,0.0025109616507638954,0.026424720729385533,0.00022978811738713626,0.0009019614828001551,0.11136320195456506,0.0013423919262209076,0.0009229707074759824,0.012291091211534655,0.002880949092524619,0.010819026169313857,0.010689917192809116,0.028609999564290535,0.018279578883461774,0.02810261622243283,0.007447179914386452,0.0009670951413781579,0.0009999081588708853,0.011528336981655741,0.011111968615280295,0.00787461677807885,0.008221605834078261,-3.321946090462232,-3.3096654061326136,-0.8204895044667088,-4.6101533750726205,-3.3869885345888426,-5.80672153532693,-4.656216728510485,-5.278505251542277,-9.78688227094622,-8.304227935501538,-6.002536076928592,-6.2838749922852974,2.734902566143816,0.6097071719254854,0.5645612616764245,0.003993407367428309,6.337683231212728e-05
0.02369501663897031,0.017791295771092827,0.004530057323252937,0.0025871722542385183,0.027167096923228107,0.00021232692020782193,0.0008593505666584429,0.10677837473273105,0.0014336615873939884,0.0009943985258939266,0.011741714637570306,0.002877986177570286,0.010645039077849956,0.010589881381690473,0.027437088955655515,0.018576249614697008,0.02687817948801494,0.007634529434475351,0.0009566393125699237,0.0010014008194706133,0.010628823332336636,0.011094516266998707,0.007773658846458007,0.008213133894086833,-3.3887875990935403,-3.2304037933843066,-0.8303776388549339,-4.80686789010446,-3.475128143197526,-5.66627890199162,-5.090549557965988,-4.979374011845859,-9.345455834818551,-8.281723135241268,-6.114151362297035,-6.102980828927921,2.7246620004867954,0.6162961637520433,0.5603796193789476,0.004262827261277108,6.33975862827891e-05
0.02270539469489088,0.017675249066730316,0.0044241579392463445,0.002401644095588781,0.025516244641717777,0.00021126636825262728,0.0009155468616080597,0.11297099910637937,0.0013769173059098657,0.0010129519672563933,0.011751389309162329,0.0027859989495345205,0.01058671411433554,0.010887251890741067,0.02782299401008332,0.019202055691476233,0.029332575501710048,0.007502837837926386,0.001034162462808118,0.0010277974437937617,0.010870938781250877,0.010592378157408662,0.008272311151069337,0.00835782998283105,-3.1982842329287346,-3.172900327622813,-0.793111724344055,-4.878065202381888,-3.455495792218911,-5.986319052341458,-4.754347689362097,-5.099978486484556,-9.745726800633928,-8.285851229568259,-6.156246194806379,-6.255656430719171,2.8935617454861413,0.6187767855350041,0.5481360357726963,0.004073267769910916,6.324494212041649e-05
0.023645014373680728,0.017780581329347105,0.004798488634416496,0.00242639085142101,0.026113511137498893,0.00022953998637623873,0.0008409402250591957,0.10440099826002723,0.0014470974120999417,0.0009522468398743999,0.012364536141954627,0.002983904201480795,0.01089827755753399,0.010755158319223008,0.029161664437102736,0.018082787986907222,0.027745221723683204,0.007549388703933357,0.0009654188819923422,0.0010065216195631382,0.010493847973097778,0.010594196504912277,0.007784936376775102,0.00807263194458503,-3.2503314695768957,-3.282454352238447,-0.7799182311784361,-4.673298630418377,-3.525566233137203,-5.843255566215574,-4.701613461519225,-5.123544093723637,-10.031227411376047,-8.498267829158346,-6.299613217560222,-6.235731720384102,2.7854071741817754,0.6196228447720649,0.5606673011791837,0.004077887250391074,6.465017556903308e-05
0.02327014476506938,0.018666258281900206,0.0046164587836282096,0.0025177682210103538,0.025021453093410344,0.0002204741912846916,0.0008368342289686098,0.10639338942909714,0.0013581658830737363,0.0009237766693344389,0.012654665777553429,0.0029138530894223724,0.010788322064722557,0.010777808533077688,0.028417310971132773,0.019937343082701897,0.02674443905555068,0.007735844994712539,0.000985980051317956,0.0009547139172770961,0.010755766707279065,0.010848711122802392,0.00798634089721924,0.007787840337284904,-3.452166538684358,-3.2905436033065367,-0.8408775221896845,-4.629344247561758,-3.553263755910695,-6.053929390778398,-4.806348244640486,-5.053678495752496,-9.932266695578674,-7.889347194627268,-6.179232549349125,-5.9622410376084005,2.707971365956564,0.6024188143083389,0.5505446528581531,0.004044952799983094,6.591232395780527e-05
0.023990511110069525,0.018374472001422334,0.004498106421394305,0.0023971429842251923,0.027160327972965664,0.00022525333545784753,0.000883105870114342,0.10923831979743254,0.0013495868544997896,0.0009666565911262902,0.012013119011256611,0.0028829284492643934,0.01055907556603754,0.01100290498556457,0.02881886934282015,0.0184719939511462,0.028822570851273547,0.007797919935292233,0.0009742836435958137,0.0010136110624100526,0.010851133178393443,0.011147644989885864,0.008023244608603403,0.008141348595797395,-3.464192886078071,-3.4329860386135995,-0.8571387374520907,-4.728134542607153,-3.5295003430800143,-6.02144591858229,-4.92478988414721,-5.105613785770117,-9.557000360693086,-8.070980629125328,-6.113778060530259,-6.236734895099873,2.6943698050615787,0.6457903047072969,0.5399535651113714,0.003904084362895027,6.752791564417363e-05
0.024626673703387007,0.01789401610359818,0.004585074604760215,0.0023825520535714242,0.025164541875183025,0.00022600476097114325,0.0008569864476192475,0.10474589625643937,0.001378729958203126,0.0009613151676143307,0.01265583804803981,0.002819190514255202,0.010500947287586796,0.010722549720459463,0.02797804122611911,0.018497930604904823,0.02798473035903879,0.007863956390534797,0.0010179123876555174,0.0010267601056482382,0.011386985252939491,0.010699976337064078,0.007771057010478916,0.00826846246356425,-3.2068467342068905,-3.1567438973948887,-0.8559926027836792,-4.6362226621463964,-3.4253618719686925,-6.118724606718526,-4.969466985771447,-5.012223245260501,-9.492699570991478,-7.960288186679829,-6.0248455008391995,-6.170417295187125,2.8417447890626604,0.6075703206236757,0.5226971492985785,0.004004415488511913,6.899468077681822e-05
0.023521031634098185,0.01847698723262876,0.00450574714398832,0.0023668235068219634,0.025765703467063646,0.00021989511161951328,0.0008462845913765495,0.1076698811882868,0.0013459274101931887,0.0009833156840539123,0.01166859461316155,0.0029133373522238844,0.010790100096219288,0.01065862147917102,0.026722140127354518,0.019070949997752877,0.029066262112359652,0.007848801736275569,0.000995815522952421,0.0009549531715489374,0.01137060051703127,0.01116515236492014,0.007650745140103368,0.0077971279475149355,-3.318478620437645,-3.1869641412506535,-0.8366676891275038,-4.8671793025394585,-3.3381829017882088,-5.670443492702474,-4.930966138819548,-5.24974095078412,-9.811389996574558,-7.974160739988387,-6.391912728511148,-6.442930686392842,2.813556014065317,0.6274890447995068,0.5338430795825673,0.004258022766798421,6.469266065417432e-05
0.023858883195967205,0.01781754902954514,0.0044685246309359395,0.0023509530847228613,0.024842273365538455,0.0002106967637324401,0.0009027785654916987,0.1091185352002926,0.0013295826504348344,0.0009589477701474592,0.012615958798507972,0.002946088729096517,0.011308842989931503,0.0114075067690121,0.029284410828973192,0.01878230032929733,0.027445454464160465,0.007737070252602874,0.0009833000509876216,0.0009570076803525046,0.011523450063354071,0.011087741641652037,0.007936440304526282,0.007963979107599417,-3.1901452465807014,-3.4437323865693923,-0.7918881618281571,-4.749094476707063,-3.55492581010733,-5.86437255938542,-4.85840569281112,-5.291500865499754,-9.466955026044097,-8.029393005766723,-6.38017507027938,-6.2682302642575705,2.675874320436513,0.626434419960217,0.5133877377174857,0.004180180474803546,6.823265794628768e-05
0.024662390207197456,0.017569916005769928,0.004550130950912272,0.0025397131260929125,0.026479196090699077,0.00021490384650909035,0.0008329719005928296,0.10418076882012751,0.001421162219080876,0.0009441488435323819,0.011932795670969663,0.0028257894430019463,0.01092825958251184,0.010885396868883769,0.029221966362719887,0.01923051633461605,0.028141976581692645,0.007503866166108582,0.001008687849576445,0.0009567560285570232,0.010495403415316415,0.010688518027499082,0.00835689902807085,0.007675069555949495,-3.2943338025583304,-3.3570849231768136,-0.8221856607808957,-4.590512109043519,-3.461402239544839,-5.945997533948064,-4.814227167258773,-5.072690558207149,-9.534128170192105,-8.106459590025633,-6.102654488060479,-6.376684272906622,2.7281612075599195,0.6423768578223945,0.5313155934026185,0.0040463623874935975,6.643658662314923e-05
0.02464558553019212,0.017413215597577747,0.004590570403838763,0.0024014301012119117,0.027177056887852262,0.00022368064189238297,0.0008939866627874979,0.11175873344433618,0.0013901011124989016,0.0009453116785180449,0.012473086817235648,0.0029384373289277803,0.010603519444217639,0.01152626221668574,0.02758483496070382,0.01970749932342356,0.028634938028435024,0.007741032329423706,0.0009665793840276559,0.0009857331394781139,0.010507809832603205,0.010731942634022905,0.007951795925589589,0.007943800642051232,-3.4186521667942014,-3.396668817202454,-0.835410134312365,-4.84273063274642,-3.504649143294653,-5.697283110994093,-4.985674212504339,-4.9915232533610085,-9.960476889807962,-7.817216950072925,-6.456650203766757,-6.149440488665927,2.9050723504210754,0.6407486953068919,0.5664176336095785,0.004255489650040497,6.61438237303136e-05
0.024854795006008422,0.01876648616620634,0.004430563856053066,0.0024507303281361076,0.025587176748133506,0.00021993364387220372,0.0008654450531825799,0.11082183600031047,0.0013415396234373138,0.00093660882782281,0.012008656673759714,0.0028754456847075952,0.01091526575103241,0.011388847011111279,0.0266473955144402,0.01852191494564038,0.027166842081659814,0.007228657773665507,0.0010478073834597782,0.0009978705664827215,0.011059159718178608,0.011270686433469216,0.008256428951837706,0.008042035227592554,-3.4180105975372874,-3.172296296218692,-0.8588617781315919,-4.879632284239203,-3.5695987142874213,-5.750298993979094,-4.7740254520628955,-5.139685234426271,-9.291276218368086,-8.572564370175813,-6.1286554213982125,-6.013093101927972,2.871347172868072,0.609425150150579,0.5510939204363263,0.0042010721186223465,6.835109284158377e-05
0.024789333443178976,0.018215860487084286,0.004468953589891077,0.0025252575347959297,0.027060581911399928,0.00021474716734872014,0.0008481609812937249,0.10671034614958479,0.001410094678989492,0.0009854942377933314,0.01219625404693818,0.0027914294264050152,0.011175977031675185,0.011063656827838301,0.02751807196000608,0.01969380587154105,0.028881170925957725,0.007152953720187222,0.0010467388506322048,0.0009637025066642238,0.010786014718874198,0.010888925082207148,0.00775304676659437,0.008304323173471385,-3.410131720569754,-3.4139944266888564,-0.8231410407390071,-4.607984055287314,-3.4472033471547263,-5.903886373271012,-4.782193567337629,-5.176449973721851,-10.185398168992048,-8.063562587475356,-6.45724926768922,-6.201945951043025,2.8958160826652484,0.6202381507936763,0.5375995931747162,0.003950711535683697,6.893804537627202e-05
0.02359723493780858,0.0179622409981825,0.004522876006919045,0.002507508162038198,0.025229271287755237,0.00021747050430282976,0.0008334741293857231,0.10537660872374056,0.0014189392344279698,0.0009976211150578957,0.012479035047693845,0.002832677414315833,0.01073090266020704,0.011005709746935318,0.027964682006400225,0.018546985603668204,0.029147206670015188,0.007597436402741582,0.0010047920474149559,0.0009976269238159427,0.010792682993275257,0.010982725600137792,0.007918246656559744,0.007634431446782335,-3.365643723455833,-3.4320146308452433,-0.8194353253478004,-4.595680910040349,-3.442411359269279,-5.815393336916776,-5.072929861969024,-4.961982505777417,-9.613758671226323,-8.462419730992458,-6.458545190702859,-5.904356244551296,2.8916831650505608,0.6374980404500301,0.5164853639923656,0.004235736485277559,6.491634317628756e-05
0.022822319035279693,0.018872936470152736,0.00458117501582532,0.0025487341733449295,0.025243781791928353,0.00020919231977699321,0.0008832714704673456,0.10915643608682724,0.0013326264177205215,0.00098353010393113,0.011714640104906216,0.002867634028227883,0.011066732696757736,0.011074815142826959,0.027477862952411204,0.019679950680065266,0.02686222096792856,0.0076984432198513135,0.0010389476207879275,0.0010109547540770134,0.011373358712323771,0.011248019334261502,0.008283413401508188,0.008166999951076205,-3.2216129357360526,-3.413693216125482,-0.832585819282845,-4.647516500352193,-3.2835873484648412,-6.161695356526612,-4.644589151519551,-5.2616860129155025,-10.173070524850711,-8.397089155013079,-5.991858604518226,-6.173571978864971,2.6977639614119164,0.6412742699663235,0.5536965392889199,0.00387050633195355,6.840457265207336e-05
0.024546842013099788,0.01723433292205526,0.004447370513308658,0.0024771295244041935,0.026806588029057714,0.00022265479854625332,0.0008286960668478011,0.11151195133215595,0.0014047075483383355,0.0010072664561765637,0.011849733115436023,0.00299013401296284,0.010511600489426084,0.011264268801143442,0.02841251321536445,0.018780635007083324,0.028030403215057988,0.007512837075174585,0.00100159768958848,0.001024244809974238,0.010925723627227572,0.010679269339322835,0.008126865869782958,0.007933660696235747,-3.232682887450414,-3.346005304392099,-0.8512491555549117,-4.735144651807534,-3.5136482537161506,-5.922601881257167,-5.0290687812526595,-4.954062450185196,-9.521772928642035,-8.475859013736688,-6.294910417115415,-6.161844055831416,2.8513754117151318,0.630368287833471,0.5447090929821301,0.003971276465691673,6.414308190191365e-05
0.02394153725694621,0.018714178342599048,0.004633581849793725,0.0025745047067357784,0.02568030692344842,0.00022913769788827007,0.000880889962633549,0.1114537610675807,0.0013814477873851474,0.0009593605208369923,0.012131221759348563,0.0027755086763578234,0.010787463537832553,0.011546785488585861,0.026938896431159882,0.018184749350183275,0.026690608703367633,0.007118764251102891,0.0009898150667390878,0.001048137111738645,0.011190750860422139,0.011407037137305967,0.007966794330911835,0.008192303543575063,-3.4443979276378798,-3.363080845600295,-0.7963229730933862,-4.814511251693714,-3.616167208089897,-5.60894805433937,-4.828547993449778,-5.142852963053839,-9.529554132442511,-8.343046145628865,-5.896952162920011,-6.341336306152047,2.8313508448977416,0.6198592600456515,0.5461181227453019,0.004059637158387847,6.895626737228017e-05
0.02481879972405155,0.018309102979342986,0.004626901826182898,0.0023665272426998257,0.02544549706095342,0.00020977239627629837,0.0009085043142362424,0.11005369670270829,0.0014565930570077535,0.0010099060262165366,0.012085288759993307,0.002918046336758491,0.010867682807665603,0.010810448919422982,0.02737699700612538,0.018835416225107492,0.028474251204443597,0.007821595393674934,0.0009876285424450543,0.0009909991329616083,0.011149326357645527,0.01110253049780976,0.007920392060712822,0.007906486875244395,-3.408683536919122,-3.3419070025493527,-0.7820196243958355,-4.854416573812628,-3.3541546283661834,-5.66022937066331,-4.7424506084903735,-5.183976331348524,-9.805203103955492,-8.137212620235218,-5.95794913853727,-6.064469780941726,2.9151606606369476,0.6176287182955158,0.5211644967182039,0.0042525449621729884,6.839109241451291e-05
0.022867370141290273,0.017973331371043632,0.004466906807304446,0.0023946169402156913,0.026336747202987666,0.00020900617205080963,0.0008495252677778757,0.11439651776768582,0.001411118260653046,0.0009431439508424545,0.011888316101812998,0.0028861651212826705,0.010642736579017485,0.011533200745198853,0.027158823805376837,0.01893361252893581,0.027017166473435942,0.007713599555867925,0.0009830174045475201,0.0010288757371028749,0.01130684076345197,0.010528387174449913,0.007706136323601322,0.008048496981126021,-3.239579722766679,-3.2183808426833327,-0.8460269306976782,-4.681781371099982,-3.3221575532661305,-5.654429384726957,-4.83646694960723,-5.055116962266856,-9.350465307028742,-8.118704188819494,-6.384244183682502,-6.318314380675145,2.7696951837565007,0.6047283896948181,0.5448910465137784,0.004168749100117558,6.540651510087596e-05
0.023213272870806594,0.017374513570897785,0.004788430395796352,0.0024403063808574807,0.025327353240515077,0.00021877935680972237,0.0008614801004092788,0.10456543335208464,0.0014022058052393898,0.0009869145026402818,0.012174291827676731,0.002796150912331987,0.011421465466152643,0.011321055272798114,0.029125897189520345,0.019120044197337375,0.027600403669263248,0.007783447715966518,0.0009694373309230864,0.0010311547918719032,0.011069813819690164,0.01093104177080304,0.008365826385122071,0.00808396598581687,-3.363845411060588,-3.3490924199673917,-0.819799719742858,-4.560630154107735,-3.315051709301988,-5.811248262739452,-5.089495643567389,-5.2433553538070194,-9.604434634883773,-8.22697710342347,-6.294521825705524,-6.0015329738710586,2.763375313994792,0.6617382096753537,0.5447524658392903,0.004034842770158068,6.777465679646286e-05
0.02484331815135209,0.01795739802251046,0.004799056135680574,0.002426806745123821,0.026432247547238812,0.00022903149844536152,0.0008823858869673869,0.11198549051321699,0.0014533923092546045,0.0009520150182740865,0.01255214530773973,0.003023801352074149,0.01120854964592859,0.010736000645745685,0.028483132103725925,0.018601002077664967,0.02714360666686596,0.007761462041142982,0.0009981248032946517,0.0009672464316983805,0.010624816229086917,0.010940225648464919,0.00821830344330133,0.007696406246333737,-3.441113956636652,-3.3737348154488562,-0.8346798668608996,-4.818635749372708,-3.3298352752081604,-5.919226788113001,-4.780111752356333,-5.013929956061114,-9.531096527169023,-8.501991380148585,-6.382426178478665,-6.062754477655093,2.8787608830574123,0.6475113324612746,0.5390245598608211,0.0041271580189845385,6.650162717517821e-05
0.024541407220271642,0.01875459688887309,0.004409911077676951,0.0024761359670656302,0.026238431119845487,0.00021258016819115564,0.0009001893338064507,0.10865867060375703,0.001380953573445406,0.0009248578940606483,0.011693372562838282,0.0030336831601657918,0.011215338254937066,0.010812986665085917,0.028352650235497504,0.018324126618179882,0.027740773386755752,0.007214309254196835,0.000979570112940591,0.0009702006923345448,0.010718312374427393,0.010721884932451025,0.00778830741454907,0.008151421929808342,-3.4848673138491337,-3.2718070649930997,-0.8370891219369279,-4.829806463050217,-3.393774903615523,-6.019675118791024,-5.10108879839533,-5.179441903263517,-9.603963948305468,-8.274121319364296,-6.437941824918435,-5.965614381995677,2.7875361282734414,0.6286156163206946,0.5149305244278555,0.0038924326578093013,6.81321250763993e-05
0.022928918306849132,0.01753950661045829,0.004659963912844858,0.002423793739428694,0.02647253468650386,0.0002152828320767408,0.0008911668248099492,0.11328985939154762,0.0013548495577802243,0.0009566697773157612,0.01156429244265285,0.0029805780812531095,0.011242414679193374,0.01082138625037116,0.029326938411309372,0.01925608385551962,0.028016434395209334,0.007746724098523163,0.0010045526714762506,0.0009597788833971405,0.010938825696460689,0.010925342414705896,0.008007764887770472,0.007937512877835107,-3.468218773416581,-3.300130097502491,-0.8078005762337025,-4.646215083015084,-3.5702862638633754,-6.184549027013864,-4.741100936597962,-5.021701449425719,-9.473567657891296,-7.913399173557946,-5.909107663767219,-6.328459758358556,2.908680273477537,0.6283174189318378,0.5440099908060919,0.00396615541527303,6.910326646466004e-05
0.02479796159628024,0.017335254708192263,0.0047607765047094465,0.002366168363585843,0.02614961220135141,0.00022659506220300385,0.0008289546453968084,0.10843845603071499,0.0013905839249775608,0.000951877430027305,0.012589720317913226,0.002763986580238505,0.010704213858737035,0.011286387601969382,0.02775008195383839,0.01963814228520884,0.027205246546288104,0.007535472969096119,0.000978246231385826,0.0010463063248979058,0.010471182466923593,0.01080578724029682,0.008237258194002976,0.008237982275415934,-3.2452914923873397,-3.260391304766192,-0.8475720620018535,-4.618433331824161,-3.314597423412924,-5.9164083787440855,-4.688956784125359,-5.308823534296186,-9.731286622987039,-7.918757877623049,-6.439879161112806,-6.412314483917116,2.7994742652574724,0.6487866051656613,0.5225040818668387,0.003984859714216536,6.490816252144745e-05
0.02274158396115008,0.018077575713344226,0.004419768589012569,0.0024115490617491082,0.026371990206605873,0.00021117126065784463,0.0008311442488588512,0.10387908991638084,0.0014561785065420418,0.001005855460399595,0.012220541399190125,0.002827110407982942,0.011115417242935376,0.010641832847090438,0.027153020048001155,0.019767755372821952,0.02728274517644669,0.007209979140371578,0.0009655655170963587,0.0010004709620917737,0.011368515287929934,0.010781331560464187,0.00812127497887391,0.008231715264678849,-3.2236705869619113,-3.368239217065619,-0.8055194946971063,-4.581273416496751,-3.472394194610511,-6.096016652713373,-4.823761146899528,-5.017617106962038,-9.88080679976757,-8.341291173710916,-6.190154717912286,-6.272516254517559,2.7840608582230217,0.6356039487477224,0.5458051414154859,0.003923206249519955,6.913900181226e-05
0.023589404252965858,0.01786848132882919,0.004682312336167141,0.0025456241670067303,0.0247510890504883,0.00021489523758094867,0.0008584035250744418,0.11193589509249652,0.0013863542353817135,0.00092827544138421,0.011876932358699487,0.0028299302846636126,0.01082278939481202,0.011395446055490291,0.029292732163553884,0.01866539323608928,0.02777767254103779,0.007543967363626171,0.00102136856170746,0.0010213855326157342,0.011154434156495934,0.01072786922626387,0.00760438576304725,0.008106427937193187,-3.188626048356924,-3.2499277542719973,-0.843004271354703,-4.437541207993088,-3.300710437200426,-5.725796819772813,-5.061411765088035,-5.364963214422866,-9.283735061499824,-7.855603361986244,-5.985043766219241,-6.250496997746742,2.8120647967354264,0.6569838953375167,0.5271776167425761,0.004212176077275288,6.775548340874862e-05
0.02384170490514416,0.017786657120656232,0.004570811674732441,0.0024205137848740095,0.02551135810472834,0.0002301297656434057,0.0008828487992907819,0.11000350076058864,0.00134183809889272,0.00100925328472623,0.012684119190158358,0.0030358009510779767,0.011020192572911555,0.010759060142421898,0.028926833795361023,0.0193523139940991,0.02673184075549022,0.007251269204483174,0.0009908223763836937,0.0009815291762719045,0.01107389423132844,0.010540190431964016,0.00821304156362994,0.007760746939478834,-3.4559470810503883,-3.405035197069472,-0.8340736438691563,-4.744380580026806,-3.454993134631831,-5.629472101321566,-4.70766390300108,-5.186638376467661,-9.37231752828351,-8.332469556532988,-6.240881637121883,-6.041852010413361,2.8445196122844916,0.6226922210147827,0.5653801990689765,0.0038718500787500013,6.633192870950035e-05
0.02455871315487353,0.017229719328604794,0.004425186353261802,0.0024979195397511816,0.025987100246446578,0.00022975318618441917,0.0008526912171622836,0.10960517315331238,0.0013724845264610978,0.0009956319462190314,0.012010623747785078,0.0029313685171313353,0.010854377536961201,0.010991295376946167,0.02680723362332966,0.018148201011565286,0.027474734949585067,0.007310871705304709,0.0009620429778861953,0.0009679262183918117,0.010835370654662084,0.011324107148022683,0.007802879939971663,0.00802830682580068,-3.308820998252602,-3.3105087097261925,-0.8502251317976409,-4.717919657652244,-3.3502762147252056,-5.779864472677371,-4.650802653239975,-5.221289977593517,-9.722731559421744,-7.961855578561179,-6.286114113476331,-6.335073015507457,2.737676290864699,0.6381156381070585,0.527236480164951,0.004072507096865531,6.61035386461258e-05
0.023720298820477232,0.017745375504985086,0.0044499847326785755,0.002529334004088605,0.026482617158232993,0.00022130133131581886,0.0008635051169655753,0.107231533113609,0.0014123713413226719,0.0009926952242894718,0.01151637741708036,0.0028247102909043174,0.011238696868039137,0.01124869461176942,0.029355952677288657,0.019117116471977367,0.026898125453255838,0.007452602430755723,0.0010351483044376349,0.0009872883149547418,0.01064961012359618,0.011400883133377034,0.00807145084368996,0.008228449433185904,-3.2184447343532616,-3.328432600987931,-0.7976189939336835,-4.424079717450522,-3.40659060893657,-5.94036331969938,-4.76872044236609,-5.333892714824312,-9.275232144179855,-8.564462997888885,-5.964996560669764,-6.11907546417308,2.681534709971136,0.6532321388261384,0.513722191697818,0.0038649270782801625,6.740073575394364e-05
0.023374981127822436,0.018606529610241094,0.00463531417435537,0.0024961966410929487,0.026019962332646574,0.00022662731202320973,0.000863168634084381,0.1067935826123812,0.0014005534523386942,0.0009909600080032427,0.011648032745074532,0.002983688048278967,0.010921071141005621,0.010855913036238271,0.029114299207740245,0.01969998677993598,0.0279089622200955,0.007866506709287397,0.0010426830037032777,0.000995366841960381,0.010855595949981504,0.011357988349606387,0.00775078769355527,0.008131113074750701,-3.279475897632431,-3.372984130116734,-0.7804200102049761,-4.774468501161699,-3.3576066034619574,-6.009395358868186,-4.741408337855602,-5.216763169065679,-9.373368100807578,-8.431120164267483,-6.176605871833148,-6.104934176517359,2.892479600037099,0.6032122484758612,0.5259123951694966,0.003989572144042706,6.874968400823374e-05
0.023996125362937208,0.0183656033254662,0.004745288190394261,0.0025307080250402876,0.027072110013325174,0.0002169863499720351,0.0008687583468963777,0.11174648413769077,0.001371110795651711,0.0010048497710516899,0.01239759930279397,0.0029592202319315116,0.01091319620523634,0.010990284214278855,0.029194240315677352,0.01835072459663189,0.02715105270043221,0.007723422495417938,0.0009843065749741762,0.0009525407740585261,0.010881528810042089,0.01108337360089681,0.007874278389022696,0.007603085185991429,-3.455676756132822,-3.3302129832789458,-0.8192591923777377,-4.490962358977983,-3.365498870038782,-6.157128886269009,-5.024063027225619,-5.3221373698374554,-9.852183716939638,-7.977904233503515,-6.147562402797433,-6.381318722260404,2.8063579726512264,0.6169204591512375,0.5575143361342121,0.003974548379309048,6.577449871632752e-05
0.022984957605037448,0.01750206095668563,0.0047856070752183635,0.0025562007905362656,0.025720619887672366,0.00022102557116608586,0.0008674067602840138,0.11001821219895792,0.0014383895955304613,0.0009851452606904451,0.011856152211922436,0.0028458833061641834,0.010595991813982393,0.011431045074560407,0.0272139038236726,0.019545461719907665,0.027458174190755105,0.007168478053842134,0.0010013283662021978,0.0009898150303028178,0.011459692830021769,0.011047734025146043,0.00790453225542654,0.007991024329306057,-3.2565873719192786,-3.3801279251850023,-0.826221668794463,-4.443475556143133,-3.525036956490196,-5.646478863228554,-4.914370909455652,-5.142271053297967,-9.479852480689383,-7.966273068371628,-6.124290554394579,-6.186040515688302,2.698509175398864,0.6635339991819044,0.5347816292898403,0.004207283106533673,6.485715183481469e-05
0.02387421531459793,0.017202006754253537,0.004412817512510394,0.0024956409910851414,0.026301214980634716,0.0002199807031047094,0.0008733745008028079,0.10477527663779129,0.0014455400424174094,0.0009772502721515975,0.012376238506261667,0.002906655168546313,0.010678046406430221,0.011516559326806307,0.028284327562289283,0.019463137337770872,0.02894377374119947,0.007132716472754824,0.0010469260119522568,0.000997424833729487,0.01120037224157842,0.010466266658923752,0.007811988247059659,0.007817517135099082,-3.360245567801311,-3.266468265607883,-0.837443212868374,-4.498121781792655,-3.30891227900375,-5.842862521759747,-4.853822392695475,-5.030982788670683,-9.469490404081286,-8.145965102705455,-6.060376060373671,-6.377691579725049,2.748880597776282,0.6493039740877167,0.5422917863217519,0.0040857266710631985,6.739090697249567e-05
0.024387717691292027,0.01813004330769583,0.0047019990064770395,0.0023834726908002267,0.026573322326502332,0.00021684194440343155,0.0008684044175251742,0.10880044042192961,0.0014174765925504187,0.001006270521835666,0.012069830658293689,0.002974685743922035,0.011179083825330121,0.01052370987250462,0.027104667086609358,0.01842145633397606,0.027366778828462647,0.007468049094226293,0.00098275364601486,0.0010330351355065212,0.011031392836714768,0.010516251499592103,0.007864038542483135,0.008114197937382004,-3.445680210310683,-3.293847731844467,-0.8081840654796338,-4.601839055579748,-3.2878859027075102,-5.945559053859782,-4.887323661609846,-4.966119354106828,-9.97207903001727,-8.42106572029801,-6.02824477625607,-6.085592088315231,2.829835016386909,0.6337512718387954,0.516122140039188,0.004214073320654187,6.852484709385681e-05
0.02437500527004472,0.01743550240940928,0.004533255411723261,0.0023728688303325516,0.02563281058865206,0.00022963301749651073,0.0009061712969933342,0.11036726461201155,0.0013887488306042793,0.0009375850347995128,0.012258105422042993,0.0027723974481904464,0.010821158639622547,0.010695848762707266,0.02895166552045969,0.01968645182157681,0.029092023033205013,0.00756003968431825,0.0010056540197492495,0.0009544068527872475,0.011538481783937016,0.010783156343407672,0.007989459372292522,0.008317397221256018,-3.3606316858989027,-3.181060023909936,-0.7838078663575093,-4.693277545459969,-3.56117802013351,-6.060250114891894,-4.794384184648162,-5.12390214135208,-9.873595003660109,-8.194693510977249,-6.368891266869744,-6.374749670871179,2.860512548640747,0.6594372642852222,0.52700559253359,0.003880534141729852,6.844884350077957e-05
0.02390399529661383,0.017658726233135497,0.004800959475562908,0.0025200679433906572,0.0271837726377499,0.00021015604799576489,0.000870412368197964,0.1097919221750375,0.0013601577188686778,0.0010102760601465501,0.01252121154906046,0.0028961659158285285,0.01063957335815165,0.010754313967537883,0.02768955991327097,0.01882041044959648,0.027232872489524,0.0075012462103451775,0.001031032475426092,0.0010178529344196281,0.011181980431996448,0.01126192122162583,0.008203698138009342,0.008219033490687604,-3.385265123802266,-3.314049739568271,-0.8532064296535418,-4.60761557008001,-3.4281255337707655,-6.075752222050273,-5.063674287556118,-5.004417200765812,-10.103232837518524,-8.034382120958199,-6.126587221468345,-6.114026549829267,2.7174003127325426,0.6461016371110686,0.5135464108757544,0.004028556482274424,6.811062489970072e-05
0.022974914663564,0.017773072369244403,0.0045262662395518845,0.0025063505366524188,0.0253923571634998,0.00022637154979240215,0.0009048153596398357,0.11342022452932662,0.0013449589819097274,0.0009992678284102773,0.0119065155774662,0.0029429520350803635,0.011100595448106043,0.011469602030191591,0.029333157840803342,0.019172844758272498,0.026873759625818158,0.007641073074806816,0.0010309091454495055,0.0009628767803365888,0.011253562826640697,0.011310649395085996,0.007935348737798848,0.007648404678413306,-3.25048161845356,-3.3642445018256777,-0.7853588276441037,-4.535320161206781,-3.4456924854141593,-6.19559150949771,-4.938969268782218,-5.332712970545666,-9.6115723235069,-8.101116363707442,-6.448972477255319,-6.162921207387165,2.7956651588766923,0.6620180550189853,0.5325438913467205,0.004012522801024242,6.711790716402324e-05
0.02394018312110819,0.017457559428565923,0.004464324527979044,0.0024432343014544867,0.026223325654097216,0.0002148118770244092,0.0008621401410150153,0.10716219969627085,0.0013918879968256072,0.0009409929853424083,0.01192491972525856,0.002800700819582963,0.010724471255936383,0.011217013382177406,0.02693373065997315,0.019761450098193058,0.026764966903969296,0.007739688403205338,0.0010264865693690119,0.0009942680681306216,0.010846979774755119,0.011173896052175558,0.007834635369366728,0.008197869026493311,-3.4758486024369106,-3.2879202246564656,-0.8336201121957056,-4.750404919461146,-3.5581957570814224,-5.9120726651197195,-4.85121597764828,-5.222720333881835,-9.32420008426149,-8.302187202714016,-6.509646070332266,-6.220136974623358,2.6448076720417064,0.6023399349565134,0.5625881072354153,0.004056039545410602,6.7561695597119e-05
0.02299351360730492,0.01859197377393053,0.00461438561932021,0.0025688788559394423,0.025874543337955157,0.00022728436719180394,0.0009042393881119726,0.10956687912824853,0.0013535614342128856,0.000970176042297499,0.011548195267277546,0.0029991875941289842,0.011480935076008855,0.01095270725610655,0.028394064819976614,0.01870742654117126,0.0279383178036439,0.007523276933203274,0.0009967972186862835,0.001049391298083892,0.010484602472739007,0.0113671984597535,0.007869006551124585,0.008156271264910593,-3.366731362687334,-3.1877796937419203,-0.7995770389316734,-4.46281706194894,-3.3565577894224683,-5.985301945608969,-5.1066524225601455,-5.085689110326636,-9.804213419356046,-8.01048228551085,-6.4220560072289,-6.289166411363988,2.816151828410124,0.6205006412196697,0.5488791019982228,0.004069132876672822,6.738181165800449e-05
0.02466000197970071,0.018232321362557157,0.0048262405123668,0.002421209011547096,0.02515647322279703,0.00021930010594785795,0.0008637681574608818,0.10827633314487167,0.0013314176077653622,0.0009551614211406236,0.012459405164796543,0.002896426041849452,0.011012609609636731,0.010834946592918825,0.028595937767486253,0.0187365020395129,0.027018421210362988,0.0076526477987995094,0.000988399382638738,0.0009647163107812665,0.010635286903281867,0.010845772147404485,0.008228136067479894,0.008392127744061896,-3.4220393168946157,-3.1919311990151007,-0.7788518371481521,-4.668025500867137,-3.547352038507522,-5.645114023766268,-5.038258730890289,-4.9508875739720635,-9.267851095042776,-8.374350867162882,-5.923692415969912,-6.197477532864645,2.6788463159896496,0.626831723272228,0.5557817094011025,0.0039554853692938,6.544611389214266e-05
0.0241609319887213,0.018083249107726396,0.004596416509513352,0.0024247562083314503,0.02493775211152048,0.0002158739207836953,0.0008351141493375232,0.10642367529158016,0.001391554598217897,0.0009394129128593302,0.01226261320150369,0.0029743246617269987,0.011170221528028707,0.010958255723925994,0.02729168364234171,0.019199136810122388,0.02830917160874715,0.0078123986466522135,0.0009663968569623377,0.0009575714693716915,0.010694949534558532,0.01097098653424146,0.0076998809843857865,0.008123991195268535,-3.168996356814091,-3.436804556418118,-0.7983013455844545,-4.67959019186868,-3.6029655932599756,-5.838332832761806,-5.116228216678161,-5.110322896838038,-9.780458860063398,-8.522556719729065,-6.3341801680535035,-6.235107523093694,2.697545396862532,0.6638947703613622,0.5162624014555977,0.004143472125824765,6.279491174089012e-05
0.023585141390565223,0.018706171497164706,0.004763316497312048,0.002495210102915314,0.025523257074220578,0.00022085903921796355,0.0008293506000143521,0.11098626177350074,0.0013322813562323132,0.000992387800683965,0.011520417451148254,0.0029012003354649575,0.010459860869277257,0.010796944601036544,0.029239998112224226,0.019538549435934298,0.02829466861332511,0.007501779603228382,0.0009587993006459874,0.000952378889779051,0.011489067495926862,0.010936471042182299,0.008353733495882455,0.007611547517451258,-3.1633526166674026,-3.154259405756967,-0.8089922821242498,-4.493349566765309,-3.5519684880305045,-5.916264663067666,-5.014922715650008,-4.899464073292247,-10.076292238780045,-8.01570739549873,-6.2289726413048525,-6.433281473354855,2.7110852098050664,0.6558174258046168,0.5414939989106641,0.00390755978113221,6.635843672145973e-05
0.022648225466963056,0.018419530791983173,0.0044275319977108004,0.0023550872344292617,0.02645939695374353,0.00022427920231823486,0.0008998143923762677,0.10435229794706996,0.0013355152237192803,0.0009426331670570482,0.011717236560954438,0.003010410095413479,0.01116274173058483,0.011021725098354019,0.027347746558889132,0.01984527198537426,0.028056412302458752,0.007317699104655281,0.0009971717818891797,0.0009671598852516952,0.01121311682425205,0.010517185330305772,0.007678717863414031,0.007604911851298001,-3.1857447218228248,-3.2992409998351073,-0.8285271838472851,-4.524356045292963,-3.460555438003384,-6.039075688611729,-4.672769544365056,-5.313129859182623,-9.771930667193317,-7.986830710911074,-5.972254637010413,-5.958344506543594,2.7099147633671,0.6423112245233069,0.547011286241567,0.004089028097883161,6.450010910374968e-05
0.023157513599888418,0.017553961173104073,0.004429776044128511,0.0023778718630747954,0.026472125634796395,0.00021441008471921962,0.0008295529184047268,0.10776839795375898,0.0014265751760340973,0.0009341130543071452,0.011965893947382978,0.002966558477650309,0.011239080369675435,0.011197674612796967,0.029029828332039993,0.019369294276953136,0.028363741693828704,0.007773601576795028,0.0009563572971234127,0.0009552309472066194,0.01129162468371974,0.011107883658629362,0.008264701678973052,0.008054149517386316,-3.344339854514612,-3.403546123996294,-0.7790400019245088,-4.45299714953138,-3.4310362002346,-5.7560283672095665,-4.665011645752696,-5.404883742093148,-10.047448664015207,-7.93653850462497,-6.163035307192973,-5.913365665606632,2.7259981188407707,0.615482324839269,0.5337553890055493,0.0038633015202299194,6.9079652658365e-05
0.022861018171210598,0.0174804349429241,0.004803337895057916,0.00246326632615723,0.02705545203731484,0.00021402129905742398,0.0009060104181199143,0.11093845594677698,0.0013339272610066234,0.0009493092946752143,0.011658921651258,0.0028222301551866797,0.010530881884230622,0.011380509915887618,0.026973479479114677,0.018616875534922937,0.02707531463338526,0.007141290067510696,0.0010219734345234444,0.0010201671646402632,0.011355002957262198,0.010763323312460209,0.007940390472779186,0.008034700544517081,-3.2304520215851635,-3.395219425716665,-0.7960996921387352,-4.878958528002672,-3.2847035143330743,-6.065238275823545,-4.7569642404131205,-5.091427845746769,-9.564951691177743,-8.009632592622244,-6.256742081944176,-5.924978834488461,2.856171080295018,0.6364748579288497,0.5326245301031927,0.004129106527976506,6.309189470216546e-05
0.02303398502356321,0.017494178077836722,0.0045951759729300976,0.002483064872030405,0.025787023298023373,0.0002157891342586069,0.0008810061360612849,0.10391673262955359,0.0013477176624910345,0.001003720794484741,0.01260819383225063,0.002830203300855021,0.01129918341475123,0.010928815789017344,0.028041273558346652,0.018066470939148357,0.027682863859089447,0.007412370026506589,0.0009945062901067594,0.0009652656778409538,0.010630160925692186,0.010626466787869344,0.007688809951349609,0.008278653785285512,-3.222308394618796,-3.4029865604243965,-0.822016933615842,-4.61689258175825,-3.588937114272167,-5.918754398717458,-5.040220386534921,-4.8964013996937785,-9.332698543748853,-8.131896300282728,-6.137437534130027,-6.3807394016987375,2.7664841239553817,0.6057173795912703,0.5657687486009155,0.0038872914786503765,6.411005874824838e-05
0.02309517325779859,0.01736339782300542,0.0045516175287358875,0.002459364384035732,0.026706182537226765,0.00022253121604161734,0.0008602992322355637,0.11185885812935281,0.001462017630993728,0.0010075052790685095,0.012027280529756792,0.0029286786803069042,0.01107263402934093,0.010827248877722805,0.02874792945300783,0.0195436464467841,0.02694669095363387,0.007291095749659599,0.0010214014856154167,0.0010351530196625654,0.011394848826954617,0.011092100894519792,0.007943157002955517,0.0077375604828305794,-3.3538579374166924,-3.17600078416728,-0.804262481341557,-4.623946754491501,-3.350823646500562,-5.736121819435858,-4.936368152703313,-4.907244344297791,-9.733961964671698,-7.834071984835386,-6.292860164405162,-6.360567831460332,2.717744069987233,0.6416448132138072,0.553027542748806,0.004092114731156396,6.874245696525395e-05
0.024725575540635005,0.018731934462480757,0.004418578888447149,0.002489927808835092,0.025189954045187406,0.0002226106979375585,0.0008452301706546975,0.11352686825264266,0.001411296834699792,0.000932955812230722,0.012427235135633334,0.0030313364020842504,0.01073750076600772,0.011428212660633002,0.02818714713219957,0.01892943175119764,0.027623122753888545,0.00748886944993746,0.001025455493627011,0.0009641126745923039,0.01138132610689238,0.01101165285558049,0.0077608429051546435,0.007705160972438862,-3.3394179537235353,-3.25417798687735,-0.8287121152592511,-4.5691958502435845,-3.358314552578604,-5.639944417467054,-4.799561084477045,-5.346325453970163,-9.992345642697545,-8.32427421178884,-6.076295733477773,-6.422799542382507,2.7509258742170966,0.6290438206617097,0.5396571208856514,0.004005219435989295,6.84354939388758e-05
0.02487212135774593,0.0186221639179828,0.00478792635772829,0.0023495476006002596,0.025130242383537515,0.0002272506294984446,0.0009075551645289988,0.10840370012295246,0.0014456016961515896,0.0009672040598523513,0.01250167824697788,0.002906747770827881,0.011497643551614872,0.010607788231768665,0.026805964767955392,0.01922296484594331,0.02815219342581509,0.0077217528147311846,0.0010209949138605455,0.0010382771247702408,0.01099194209008033,0.010905987533921538,0.007949912422170902,0.007938849425285804,-3.2482288567910924,-3.314211925425231,-0.7858640089605863,-4.746091277193483,-3.591338133549735,-5.800943483105733,-4.946259885900692,-5.267588036855658,-9.496013532036072,-8.167264725170407,-6.083316479039581,-5.984840707817063,2.8743292688145754,0.6375976860679419,0.5474462361837615,0.004087580320624773,6.437047508229799e-05
0.022873592069360113,0.017440520775760273,0.004455619318641158,0.0025100603111141238,0.025924267259587665,0.00021892067593798687,0.0008359824680968879,0.10896761030124111,0.001427692923268904,0.0009837917085268031,0.01179971903026646,0.002869672917116809,0.011404454596444173,0.010615987365583644,0.0289380157243009,0.018145150971124683,0.029179188807772368,0.007434886669324069,0.001012627385931955,0.0010278523742356315,0.011186554442396664,0.010961077105869277,0.007947798620785205,0.007829883491587301,-3.264771707188351,-3.339264911880327,-0.8028353716718353,-4.6629473617112716,-3.3944424899879038,-6.076529382513708,-4.855052061875394,-5.0208352627356225,-9.668540349620267,-8.339173848134067,-6.341707657280877,-6.1623049736477,2.8508205599558676,0.6523349646227056,0.5244033225888359,0.003940883111511348,6.356065804783528e-05
0.023548358439929837,0.018770610716662,0.0046255267675643355,0.0023810563810488746,0.026741259013843832,0.000216443095525634,0.0008790169379166133,0.11177752814667838,0.0014041072296218063,0.0009850112555735335,0.011629879659389039,0.0029036406071455403,0.010698299947959693,0.011262606968098656,0.027766724700036494,0.019423529335563936,0.02895362521643096,0.00774150929337465,0.0009513365977242248,0.001003837446497655,0.010986562442387165,0.011486685431214436,0.008367135760947888,0.008058431803782025,-3.3121105197752394,-3.3651058836738645,-0.8173500352713906,-4.462202152440807,-3.6095927725268875,-5.720859873593687,-4.712187629671155,-5.40001350007241,-9.548648268441553,-7.9588131799826485,-6.254579932680061,-6.275606225236976,2.718863297346529,0.6571191343444569,0.5434766412954046,0.004142456877664847,6.427812933886453e-05
0.024441448871907905,0.018806211770212425,0.004675280233318419,0.0025592981799593337,0.02649167209598717,0.0002215367302960143,0.0008739630823134663,0.10504567584697003,0.0014596075049271775,0.000986800303749659,0.011832310354033811,0.0029129878570561506,0.011081342820618014,0.010699933676840542,0.02930176766706048,0.019836643364041787,0.027184116927234665,0.007143362374504505,0.0010319465987001961,0.0009518675160617271,0.011442877920860099,0.011411209192920543,0.007927121003188979,0.008239409843356058,-3.2817762319331027,-3.222376902246421,-0.7849187073586009,-4.636785865693947,-3.5113213642553522,-5.871926489198225,-4.945598342613405,-5.146730950822209,-9.498527760147354,-8.474944851720112,-6.320491344367216,-6.344717292747437,2.6501221202789145,0.6493595764710184,0.5327538613821592,0.003944059863611847,6.46349656040105e-05
0.02445768678832557,0.018480899553811426,0.004535646536140092,0.0024826881573549626,0.025698867075059695,0.0002098873586743921,0.0008345303220627329,0.10779209461747206,0.0014570066641398742,0.0009601247382649613,0.011771104249136867,0.0029480342338029765,0.011147297799813232,0.01102063779030919,0.02746077827775782,0.01819276291189359,0.027802168300102632,0.007847595282719434,0.0010379104190333527,0.001015593024336901,0.010533977181555451,0.011288185507175984,0.00831203618913806,0.008241926877362065,-3.4072930099954863,-3.253480200155233,-0.783356368517482,-4.670505000877946,-3.574501430573045,-5.902593418135441,-4.76361852525387,-5.218437550583893,-9.940368351878384,-8.26469135790519,-6.139981046370732,-6.176598565464067,2.6513325880362433,0.6637784412982497,0.5336585423249423,0.0039357326212499984,6.877401949523017e-05
0.024068092427275575,0.018407805529580618,0.004393632080178276,0.002593223774364457,0.0251988132013837,0.00022998194852120478,0.0008487926639127694,0.11309127014240787,0.0014044652580529338,0.0009814789591007101,0.012033223873254886,0.0029921788886285864,0.010843203478518396,0.010520455106238802,0.0276389998909706,0.01895685413489239,0.0276348620652435,0.007823702600267823,0.0009897664268422527,0.0010269836870812079,0.01066288149229126,0.01104972447287861,0.008099013627202587,0.008238544153126916,-3.244398592775752,-3.2476250646946987,-0.8172134940429914,-4.725499541640985,-3.5153121256843067,-5.635575790750745,-5.0320003965200515,-5.281609122936534,-9.791047710142696,-8.493024696575302,-6.010512738558108,-6.096449715375271,2.6596488232467856,0.6049757432965713,0.5335536022007247,0.00425968989071801,6.31887871976282e-05
0.023480525492917147,0.017595793758483896,0.0046078583317970875,0.0025802938199904236,0.02694728466410614,0.00022236054745669638,0.0009130862467636065,0.112104986315377,0.0013609069097738444,0.0009970824940144524,0.011766702996015161,0.00281232483496478,0.01121309151768432,0.011404927116027537,0.029089341192694098,0.01991346317475312,0.027969743315162367,0.00781075299017096,0.00104245721688338,0.0009774132751691944,0.010726638659159264,0.01045095574696987,0.008074307750066545,0.008257221955515093,-3.405998326338627,-3.2523246510359907,-0.8202369691427396,-4.489689635468571,-3.3408998144921855,-6.0584876977987445,-5.001711717749739,-4.9513756257609325,-9.848727049637308,-8.050561516305521,-6.214077994526562,-6.048456634781659,2.852528805262871,0.6190081690017173,0.5435158695259468,0.004176250288882668,6.53096160471911e-05
0.023543572130409657,0.018276311949089904,0.004757892072128161,0.002504502258571061,0.02471774594932842,0.00022681922694056932,0.0008598665979660784,0.10981395838933712,0.0014209414134885052,0.0009358132208764444,0.012003214274560033,0.0028665863670239294,0.01047025819671462,0.011198157379870404,0.026850226983150174,0.019948118229538212,0.0293844179390643,0.007177172365270027,0.0009535638490282591,0.0010439483844935538,0.010922526165604586,0.01068610362210386,0.008011403465846643,0.007800438235824155,-3.4624581660160416,-3.4743262411771716,-0.8594196967920203,-4.620184929664556,-3.4407851602142965,-5.988702280415808,-4.776705173649344,-5.230521617176649,-9.452831197402029,-8.344948016827923,-6.260652377119855,-6.47178583495177,2.895116550702042,0.6216917417721762,0.5214057435967405,0.003962230577519973,6.488208041864565e-05
0.02395728780027848,0.01807526758980747,0.004608919947840763,0.002409162294411281,0.026448311389830465,0.00022510117000197846,0.0008713671649349904,0.11148648343871048,0.0014450578922230017,0.0009256126226113125,0.012049650806593265,0.002977990444739594,0.011040889541570972,0.011315105717136682,0.02768342121835179,0.01988196638261764,0.027119737141695972,0.00777844418578391,0.0010065814454066208,0.0010192188070663308,0.010949001140249229,0.011409114489991457,0.007767216718154023,0.008311921024815587,-3.187736474679407,-3.4651309957050644,-0.8597912289857086,-4.489300982849872,-3.621802212125515,-6.129745850579297,-4.932757522831773,-5.232387767044474,-9.304534139011317,-8.150558787732567,-6.277410440645286,-5.990561428224003,2.7825949071333342,0.6109553025653474,0.5282234041936187,0.004243024496864766,6.482925681033652e-05
0.022696871659672907,0.01851093564380567,0.004648910376535395,0.002584910181101468,0.02546721711833906,0.00022815178215130374,0.0008427218035898154,0.1068039258789101,0.001346222877909089,0.0009256790965591106,0.011915036932144915,0.00296896045426801,0.010674876625726845,0.010818821819313592,0.027251095485536808,0.01972472793880939,0.028638144444667443,0.007520232281210948,0.0009644287634372267,0.0009719357322716763,0.011029967456462833,0.011118657965037452,0.0079758725274819,0.00837603391823373,-3.4027004246758183,-3.392148150377841,-0.8235004411473663,-4.640833754623346,-3.353946717465433,-6.005355215805235,-4.7005931257773215,-5.111357759715658,-9.984399438512682,-8.340146166498261,-6.371391823363152,-6.293278932740388,2.777046830230903,0.6406011280701179,0.5351648782384499,0.004212743728855747,6.401788078811472e-05
0.02471255367362394,0.01754376282343504,0.004394494013530753,0.0025800157079295463,0.025050440466457463,0.00022741219525020627,0.0009127332256819385,0.11291817728687054,0.0013865676259708422,0.0009323861879584705,0.01177439686060861,0.00284062203726509,0.010629399823720865,0.010530611985943699,0.02718190958419667,0.0197138574470561,0.029325074087126066,0.0072798665239242055,0.0010035208908501147,0.0009791103351851514,0.010790568187220694,0.011075731021531376,0.007843240347852151,0.00761096945214885,-3.3627526008725854,-3.3961149276499967,-0.8517875452502669,-4.4638918187517564,-3.285941142867016,-6.09156924724427,-4.658481326287637,-5.126183395645983,-9.315441839150436,-7.8063860834611125,-6.3552966081141635,-6.350650420477476,2.7205600548199813,0.6295564049219744,0.547180013054086,0.0038973118140871164,6.372928718243228e-05
0.02423574006491916,0.01755813316595282,0.004500002413026993,0.0025067814157783063,0.025362993705860207,0.0002296442307669675,0.0008835460588065938,0.10873191697206454,0.001385980875680484,0.0009941020056441281,0.011695163614325287,0.0029686769169656106,0.01154460844893667,0.011278440573370317,0.027705927378092368,0.01955717362707263,0.027350928499820903,0.007349415983569778,0.0009638221508004144,0.000987659495516108,0.010807220378243007,0.0104839884367335,0.00796902935793807,0.008067970784655636,-3.3293278396427657,-3.3271582586984616,-0.8591059640243462,-4.738056200232905,-3.4049352409609592,-5.952434945545319,-4.985962550535785,-4.9031087880620605,-9.988507737486712,-8.479035548365404,-6.407053571976439,-6.078031348881515,2.75874126468318,0.6452701952420533,0.5518287923019205,0.004164647188793469,6.718658234840778e-05
0.022715970800808862,0.01843704592037817,0.00449295843954608,0.002483265770490001,0.026438908605049716,0.00021161020480912695,0.0008540312090593012,0.11433756910592742,0.0014648628811769421,0.0009952914441042043,0.01211521555547859,0.0029150542613777023,0.010917719292574606,0.010466098876625076,0.028385922782607466,0.0188173650476067,0.027078737589325677,0.007273734881868164,0.0009817768286079075,0.001016735308925685,0.01073624379190162,0.011328020690449147,0.00797648087173176,0.007660048412195347,-3.265911822369269,-3.172691484260385,-0.818246526878512,-4.41849410004062,-3.3318357175877535,-5.869472954076576,-4.983282075383161,-5.025700475734624,-9.580879697980812,-8.22516073684231,-6.077006563966659,-5.968331520192702,2.8309515945894383,0.6462789749797312,0.5397982872046068,0.004031767996141479,6.534178339858706e-05
0.024164601474307313,0.018896200829731792,0.0045601856188424855,0.002402509145726804,0.024743454049721277,0.0002095020461345324,0.0008429783644943144,0.11379240257547611,0.0013984344386475285,0.0009300773528830046,0.012065960002311093,0.002774341816010382,0.011397706982326731,0.0115031051756223,0.027155018392880783,0.019426297316402063,0.027413026455528178,0.0072151673764740635,0.0010246115420966286,0.0009796590544785904,0.01049803862257499,0.010975890454433788,0.008138818545627624,0.008234122032271925,-3.1818547893435474,-3.4197108892119776,-0.7784161395290238,-4.591931457441327,-3.4737144824224453,-6.092185920874009,-4.835967870240129,-5.391523360832597,-9.619198715004183,-8.355373717212235,-6.108793126116064,-6.355727071633391,2.7638246406086795,0.6533866639381299,0.5394009356767892,0.003901666805106189,6.900730800243284e-05
0.022692759064273302,0.017499214272951525,0.004407834182979759,0.0024608569881233466,0.025076891004891282,0.00021483452996517126,0.00084109804570541,0.10786105770985323,0.0013684105190946276,0.0009903876117630611,0.011767784758436168,0.0029447482096957734,0.01064720273510937,0.011114465138220782,0.026799031719786082,0.01827776167251359,0.027584939675948758,0.007195009716185891,0.0010297493112080744,0.0010194842943877286,0.010663844723537614,0.010492530097867934,0.008130773350108441,0.007950443499724015,-3.315492516009944,-3.3022447855879786,-0.8236624753347839,-4.676740274991214,-3.3253593906895933,-5.996262242468548,-4.779563105715433,-5.234764395659695,-9.887883518860127,-7.976746807427195,-6.366321815136411,-6.465689232239191,2.8870748655387435,0.6451883367874038,0.5590237393677784,0.0039011481227440516,6.569005396801265e-05
0.023777338549229435,0.017564461930334823,0.004398187198499679,0.0024387714196940453,0.02672470800511171,0.00021744227765878158,0.0008786158132195196,0.10767196072839419,0.0013843641241659001,0.0009483858301296783,0.011841036403028516,0.002984969936735794,0.011388653119905754,0.011173062760394306,0.028362031056909313,0.018668135441222467,0.02817538273517487,0.007790808169121309,0.0010407663665899809,0.0010258761872935524,0.011293786144150124,0.011476116433580544,0.008201982944300985,0.007623556732750437,-3.322404895669757,-3.4391375621134173,-0.7913773636634721,-4.429967982003455,-3.548577581411198,-5.720158750969137,-4.896285160198378,-5.241562668831875,-10.068791930800758,-8.006454713936135,-6.406315198986666,-6.267393621478758,2.849005548150465,0.6076407850710932,0.5381598219646183,0.004055058376403245,6.921458413094109e-05
0.02463438534671994,0.017337416642256166,0.0045819674522494455,0.002407250367477012,0.025752813558676542,0.00022261962752528165,0.0008938880560242739,0.11214204322277811,0.0014453084449517967,0.0009548881028572187,0.011701856671040374,0.0028139042043997657,0.010719827218029984,0.011501241663346711,0.02685695513388503,0.018063088934505648,0.02768531599277154,0.007548887167392186,0.0009543951166293622,0.0010121426201064934,0.011237432194645874,0.01127575213100949,0.008187660777201785,0.007827394803282404,-3.440271191792103,-3.200051411742533,-0.8225551103320324,-4.5566749498248456,-3.3103062475439757,-6.1921726697783885,-4.961835704030054,-4.976847975592056,-9.43084151312962,-8.238185685671892,-6.380577936001841,-6.113638896524229,2.7653723546780156,0.6585086228021623,0.5565563408015689,0.0038957123965987603,6.732897990628958e-05
0.02325557792030789,0.01852828928121504,0.004472389372097751,0.0023591291579814315,0.024988024568997496,0.00021084270540865124,0.0008690346813902914,0.11069042791450043,0.0013267793641649917,0.0009893893275409917,0.012582877192034013,0.00293559426484542,0.010496425965874362,0.01061840731462172,0.028270135319138412,0.018623652746271823,0.02939352389269258,0.007436117051748483,0.0010442315725799174,0.0009725181427172602,0.010695721471399484,0.010518809080784527,0.007928866816784858,0.007758761265843976,-3.3430693862866225,-3.2293610867211875,-0.8590371219424228,-4.764388374661641,-3.4369161728775834,-6.064925932145513,-4.777563098372473,-5.135651590330468,-9.254513687564536,-8.228013506280785,-6.262328796745599,-6.342083712263387,2.876580038174935,0.6063916758437181,0.538102488649235,0.003890915762857092,6.475934548267285e-05
0.024650797356016566,0.018419223345062408,0.0044207173344166855,0.0024414580408131815,0.024704649873872168,0.0002296776948102064,0.0008780817299781498,0.10869658171538604,0.0013275525467079598,0.0009641515102263831,0.011700236013559991,0.00291877301741879,0.01122136599099673,0.0113745728613219,0.028080366575109574,0.01906812294793709,0.028459853562646083,0.007843867357918899,0.0009973649349379861,0.0009805531138993193,0.011378957104587008,0.010908126715998705,0.007726114908476789,0.00795544006555412,-3.213484416200785,-3.449254429088267,-0.8148863058380902,-4.750771190396831,-3.373288894900042,-5.889512110864548,-5.056834456653229,-5.189529149628286,-9.559103024264312,-8.14726743663914,-6.033310844795225,-6.0757854386162204,2.7803520792659118,0.624142727396097,0.5246899760606462,0.003868409938677566,6.869952142806295e-05
0.024704319944296057,0.018341688622391657,0.004676811510333749,0.002460131680335102,0.025450780552229494,0.00021137790116514734,0.0008985365346386812,0.10897853344311792,0.0013310528947865711,0.0009599503066572642,0.012677189737987173,0.003014263342797761,0.010816736491333709,0.01149097441967391,0.027577706024861006,0.019535813091912935,0.027376068225394918,0.007478003606935863,0.0010492621406076902,0.0010228447395540187,0.01141140467646581,0.011083617796907193,0.008196574192304754,0.007928360240174214,-3.3897522995721685,-3.412163807684692,-0.8582834554642965,-4.721407242022315,-3.464383281043525,-5.840958545893478,-5.066691538652416,-5.3962292422305715,-9.610122728243855,-8.13905391539832,-5.933125349401842,-6.252611711046326,2.745310037695821,0.624480367754388,0.5257625270140672,0.004221568638747342,6.788469843384149e-05
0.023347302699331662,0.01831350577518101,0.004630252959906441,0.0024084080172775226,0.026073888774879973,0.0002309210545572304,0.000882128757505856,0.10476067855277038,0.0013411970031960104,0.0009551430062980573,0.011506443358316975,0.0029118679104601815,0.010631354492422718,0.010893129315496785,0.027067463662748398,0.019812066628963374,0.0275055562300377,0.007297692104469751,0.0009927293096140667,0.0010146933656842922,0.011176186040014026,0.01091548004700573,0.007911356136976579,0.008271628748344334,-3.4299120392609113,-3.2553040722699214,-0.8267692173979907,-4.596480651383589,-3.301277074040511,-5.72374966835133,-4.900611646907624,-5.354672529291918,-9.697929599319995,-7.882258243061701,-6.266841416706714,-6.2014077561489165,2.8565795161203456,0.6311658407178024,0.5321996009808256,0.00404143799990921,6.631524267118884e-05
0.02339636796246701,0.01820453406064799,0.004645957995071878,0.002467951106154517,0.025927982449239717,0.00021731718986421037,0.0008735046172704253,0.1043959037347379,0.0014539936057140685,0.0009626550124211118,0.011501378392879236,0.0030440149257591857,0.010710131792739502,0.010568500956228006,0.028861353086387827,0.018192232137320182,0.02885879066765648,0.0078027351897699,0.0009761961084802799,0.0009548971272813641,0.011129962636717337,0.011379641137496245,0.008152261548114789,0.007889105315437756,-3.432489841772788,-3.254630239252812,-0.8170946821445334,-4.580048842620774,-3.5187429441073728,-6.0944195574849545,-5.024716798323882,-5.1829619868899535,-9.96421947849732,-7.934737335438247,-6.130280042405996,-6.089819916464725,2.738002932942323,0.6078779458227349,0.5588781507901767,0.004071775139539182,6.589189690454146e-05
0.024916459046118642,0.01886272359820998,0.004762598998779416,0.0025534298759070572,0.025805461833556066,0.0002188307732166573,0.0009125621237161586,0.10847934857338665,0.0013857929815426974,0.0009588874497854228,0.012269768602432545,0.002816902491525382,0.011204380535309,0.010949730570447817,0.028816559743561503,0.01929020467297235,0.027254880378887143,0.00729332076316614,0.000967816572537498,0.0010466925806477238,0.010619636077838586,0.011268476632422973,0.007807627804246753,0.008112291190878352,-3.3691751154249143,-3.3415433049914567,-0.8136190291175777,-4.8291305013130295,-3.3597752526312705,-5.828752020659155,-5.095611817706271,-5.228195663378955,-9.93435048459039,-8.185664983366376,-6.336106900080267,-6.265428325895362,2.736572522091543,0.6172591431323514,0.5387365788689698,0.004040307702259603,6.276301446267244e-05
0.023360263238063613,0.018225606103333777,0.004546521340504614,0.002509331736893402,0.02529106154050197,0.00022491882320847695,0.0008322028877272043,0.11292987992058649,0.0013419772953733248,0.0009565566178796229,0.012696237776345286,0.002851252922839461,0.0113279067019883,0.01083695704852456,0.02847590487937281,0.018220972005641045,0.028183772633422262,0.007852362978524957,0.0010031584262950141,0.0009716104290868251,0.010594516673119768,0.01123689777390909,0.008024812219886303,0.00784032696937102,-3.199942650843302,-3.463161450002408,-0.8153245096490821,-4.5299130370250715,-3.5304065563810947,-5.622393459544303,-4.725804201039013,-5.26023141404983,-9.45644706955423,-8.502832752197754,-5.924383542017014,-5.9255776122907236,2.681788614444796,0.6496929318944,0.5434414127673349,0.0039178456050149085,6.541872460659877e-05
0.023438998621011665,0.017721677640484115,0.0045404344459206054,0.002377245859708187,0.02708118718303989,0.00021298125545626373,0.0008442696858897373,0.11163513640840814,0.0014507115074487477,0.0009482450656547954,0.011776478627156762,0.0029777013946868124,0.011205394570816771,0.011363511469265732,0.028243905914943145,0.018480480512241767,0.02764710513025163,0.007125361145295245,0.0009593315379136233,0.0009545769772380655,0.010959935967764109,0.01098882668501628,0.008397203017837722,0.0076432331532326776,-3.173717826500521,-3.3282823270812627,-0.8074248465265308,-4.732614901546071,-3.3638957676506864,-5.718984231675386,-4.803704646534373,-5.243028253855921,-9.577325045691929,-7.991833581098945,-6.478939069024412,-5.912366268176206,2.7333405637122143,0.6077995139868959,0.5242444723604249,0.004134973118393265,6.605216340545907e-05
0.024181748127485612,0.018365365175118664,0.004691657901647073,0.0023749346698499593,0.025389117048287235,0.0002201131699591285,0.0008386793216527768,0.10539896858057578,0.0013956769845860182,0.0009764786030418718,0.011687819236948744,0.003041657579969563,0.010873205948263034,0.010757324735345422,0.028606276549677446,0.019863901270092053,0.027316991453618523,0.0074874291001496875,0.001005430597283711,0.0009563283809740045,0.011307296406098963,0.010482714649999444,0.008116977131516594,0.008380343500271333,-3.389273239294292,-3.3788809184048154,-0.785059989885101,-4.590406297945624,-3.438412813435967,-5.682613363418507,-4.821278639945165,-5.336337018126598,-9.761571282255638,-8.39453212762191,-6.444343306890314,-6.29920413013033,2.6496331091437337,0.6480954203057137,0.5547720860054176,0.004142820788333214,6.734807026054431e-05
0.024208869353191536,0.0179608724441154,0.004685581683985742,0.002362798679603195,0.025014882510160378,0.00021445555937978688,0.000876214629196437,0.10411520751727259,0.0013335748723272325,0.0009500935824823756,0.011777519636299194,0.002794831500775544,0.010834451905543094,0.010985353205018217,0.02907763979428378,0.018611612859642055,0.02838574360821591,0.007787511320549842,0.0009929117110216515,0.0010314786410374145,0.010657388783327412,0.011228150982945497,0.007718366392109037,0.008136886089604662,-3.4948731110885616,-3.1590911152744785,-0.8301255621391891,-4.581081145699617,-3.4681531175109717,-5.700910460486622,-4.64403443745911,-5.382549661771935,-10.077813037434693,-7.870645175692382,-6.115024364091879,-6.342689657243489,2.906922606771095,0.655201976419587,0.5529822823332524,0.004023516845321298,6.880216567823156e-05
0.02345981371223076,0.017485306851350517,0.004745528013622572,0.002526843013591576,0.02571020573203117,0.00021001896724666012,0.0009154655054319887,0.10686377035671608,0.0014155121116961422,0.0009447746892972238,0.01247590467066428,0.0030131262525195874,0.010484018685350502,0.01093396802987426,0.027622892843096783,0.01899807627312174,0.027668278650044884,0.0074713025773903135,0.0010129332775725916,0.0009622573961270598,0.011278171331712045,0.010628798164610717,0.008272876636985508,0.008091950269088913,-3.257045683244984,-3.277441961317038,-0.8577965320087413,-4.420083661745601,-3.4676151969654505,-5.981406781248951,-4.693099093863053,-5.326243575776407,-10.165701609629258,-8.023906051970389,-5.909610498566126,-6.060729230292492,2.826384278434953,0.6266784354048143,0.5499767579503279,0.0038951980546987433,6.872449262399443e-05
0.022825821493941217,0.017947218792690012,0.0045537260073869705,0.0025640071662108017,0.02620226249376376,0.00021244737610777916,0.0008566585371500749,0.11240575298902163,0.001336157690202644,0.0010115072149773554,0.011584169192639117,0.0030434883018639605,0.010756452918168265,0.010773797746525194,0.029226785643271233,0.01934959076715772,0.027526006118129685,0.007682665554552048,0.0010097548477738005,0.0009819131537550216,0.01127207392288242,0.011070272536513935,0.007789078982018943,0.007929599580934253,-3.197064736353987,-3.2949548299862346,-0.8014609273876201,-4.805698579797771,-3.417240869923757,-6.103153354634821,-4.7583027363065264,-5.1509018672546745,-9.27640782310114,-8.545363033007895,-6.024330091660293,-6.2137880612512,2.798965371624547,0.639445353987318,0.54948339849688,0.003946970147894983,6.690162957527348e-05
0.024501566720037858,0.01885292412617478,0.004577427560452801,0.002524094103812987,0.02663017310964106,0.0002239954486568928,0.0009107009091142454,0.10625738245002331,0.0013753360807645188,0.0009265833929733889,0.012638287018791371,0.002907819971117808,0.01087234157012348,0.010529670775790081,0.02927029698894716,0.018881326078012454,0.028163037286547503,0.007380512804872422,0.0009545607330050786,0.0009836797283294199,0.01086904828173813,0.010880752241264668,0.008154797384444051,0.007871375259056793,-3.24809399714085,-3.25302902937322,-0.8417012331583859,-4.6540431776386235,-3.4543765141640717,-5.6712101537184445,-4.877561809708435,-4.907997229284155,-9.586832805740135,-7.8251593974537945,-6.24803043610015,-6.1552511613330525,2.9139878557463326,0.6656293221152988,0.5524961402858966,0.003886440252173916,6.672924966353002e-05
0.02270278020026882,0.0180456353809349,0.004764845344881017,0.002433291012498463,0.025434092081614543,0.00020956001550171275,0.0008372406073778835,0.11168954146750873,0.0014499756526802547,0.000924026390785885,0.012057650436984473,0.002983083579130803,0.01069508172601735,0.01118032843280944,0.027892632313748417,0.018243405319942,0.02819621229228062,0.007156631193646589,0.001010152599141071,0.0010355513786896762,0.010769600493231881,0.011187908791318837,0.008178469260003525,0.007874426828000011,-3.462135724883594,-3.3988862232070853,-0.8090965539518656,-4.474430855672307,-3.305925474387921,-5.860983171138043,-4.856317032646761,-4.99019377471884,-10.086069741737425,-8.167037398593644,-5.904640828168769,-6.404321324050214,2.654264223488134,0.6102698231263147,0.5232408390287472,0.004048159710054747,6.562385497513345e-05
0.023837850683348358,0.017514827925226267,0.004501936846664863,0.00244784498286329,0.026159321648024775,0.00021374092517644533,0.0008450123297096379,0.1064426769140265,0.0013926069434455149,0.0009685176275373273,0.012200330235254481,0.0030218537930065334,0.011002316752287192,0.010466568847200684,0.027608091358309862,0.019298319600873606,0.027356453667168715,0.007775759139505489,0.0009990736039448694,0.0010238370121574629,0.01108966082998624,0.010819575386216453,0.007716592293537475,0.007657063330001002,-3.3924208761276455,-3.4256803939834017,-0.8186177090387089,-4.500752565063463,-3.351782632043155,-6.120067341405403,-5.028788845199564,-5.0670904554945775,-9.567646052975718,-8.02848843652702,-6.476275966852821,-6.089208046141893,2.7011616915562477,0.6325502154381926,0.566020830953706,0.003982844069053994,6.290456249463677e-05
0.023319453476028457,0.018229677040359254,0.004570129732862135,0.0023999854159269477,0.02469390416958143,0.00021943549453109446,0.0008961163599637503,0.10438303052535827,0.0013706795729703403,0.0009363772504233488,0.011892308823328012,0.0027854438896775624,0.011310585956918653,0.010503318423449082,0.028909579903138943,0.018200957910889562,0.02883685078938599,0.007479516292496448,0.0010095058882370683,0.0009866182947700021,0.010630951294695943,0.011467413395086876,0.00790325298495689,0.007677312851703039,-3.4664587993939264,-3.2251573401688116,-0.8037481558553699,-4.783502769011662,-3.3496583157755095,-6.181286196395139,-4.912820536127082,-5.3259280727763905,-10.071920213596446,-8.455849042042018,-6.415761333659939,-6.437667226767326,2.651824971308359,0.6382219616417901,0.5441234649599453,0.0038731605700505893,6.56385783693727e-05
0.02277523910249421,0.017947825452818783,0.00460229617541414,0.0025424477363668423,0.026539766216019195,0.0002275565437482569,0.0008875915525334091,0.11422505821136232,0.0013563221210380807,0.0010047524762293717,0.012388075939241348,0.002954000145440427,0.010634800301254355,0.010517315681262683,0.027753437500606135,0.018628532818743146,0.027399277693530545,0.007507915102131579,0.0009693306300578779,0.0009581221015474873,0.010451623857687109,0.011492385007970642,0.008181304817036418,0.00779214554088626,-3.2255616723282463,-3.3501333569943466,-0.813278635476433,-4.630790250645463,-3.326821312494289,-5.713783059359048,-4.986459252448203,-5.205559621809695,-9.56864346511772,-8.232775325374625,-6.267274680730038,-5.909360055177036,2.8364886745365436,0.6320259930598962,0.5196059818361259,0.004160886965457721,6.856214874526351e-05
0.022613834189656713,0.017831287069003245,0.004476689837307496,0.002555549425267468,0.02611596475323685,0.00022634112662306205,0.000845752685151195,0.11255187283258014,0.0013405120821077024,0.0009916807852173315,0.01167172933517061,0.0029612654723107056,0.01062215314008174,0.011102583319644648,0.02787954368169834,0.01887773801028527,0.027278192871500292,0.007617420026979309,0.0010280019771674274,0.0010319648377393126,0.010800523903453634,0.010555519441002421,0.007853230817624656,0.007818894506185937,-3.3341952155380477,-3.294374251858073,-0.7959776012067888,-4.748010866168171,-3.4498993523504433,-5.771309240713583,-4.697341768720192,-5.272107892119187,-9.581256983551379,-7.899655871452961,-6.279990397973561,-6.052430657577144,2.8438182012986064,0.6278341886927431,0.5520381967140822,0.004234574921403374,6.305829075260974e-05
0.024412985557465853,0.017277725143670476,0.004466187093033398,0.0024723064178135685,0.02693176043090333,0.00022000191591243324,0.0008285992774088292,0.1092648144041204,0.0014640634921456153,0.0009994751410082848,0.012238377519595469,0.0028401400537723122,0.010654033096711136,0.010563795866998632,0.029394017356449878,0.018106754251851858,0.027052580121098693,0.007483941917712453,0.0010044361158839557,0.0010331774705868012,0.010756604051280557,0.01149661168669217,0.008368942190017005,0.007879598260335824,-3.3067811209738722,-3.4218286688414645,-0.7875402183616284,-4.598798720857217,-3.4691783153984574,-5.687097441393784,-4.722881083384598,-5.3184425960946555,-9.323431686898731,-7.911350104526274,-6.245007785868519,-6.224390166745992,2.8367568475230263,0.6492655698506746,0.5456765190090104,0.00408981857311588,6.58030309474932e-05
0.024803359900556158,0.01856216404510493,0.004586803691040349,0.0024103107756423586,0.02633860071078854,0.00021313238583445834,0.0008564064046107613,0.1121560341184995,0.0014065926870238804,0.000962790307999253,0.01247074256091953,0.002893410997160789,0.010528925959678139,0.011322976524252154,0.029394441401223197,0.019627888483493686,0.02706922038791269,0.0074801492471933,0.001024590160919785,0.0009739485936684132,0.010866488455336694,0.01144271403288256,0.007775409037527148,0.008049443414563045,-3.4805596290615517,-3.2347441223949316,-0.8375846120287957,-4.570924864816015,-3.3621046319113663,-5.882036326711914,-4.6838843252760505,-5.014925089142088,-9.513458248365286,-8.121614909262295,-6.2076793067632945,-6.339069799266513,2.920996849153467,0.6609537960268533,0.5167567152974905,0.004218082171958032,6.547660346136976e-05
0.02349418033696196,0.017117576596001136,0.004546901195439897,0.002471161532715807,0.026912823533778694,0.0002221631542305274,0.0008287598611631672,0.1095856078490373,0.001451066094480961,0.0010034575549720188,0.011677037999354512,0.0027675296283290775,0.011279784020513444,0.011377565733829597,0.027142491754288015,0.019815038052847306,0.02937136202575458,0.007147558647353385,0.0009997027422237767,0.0009623100551763874,0.01118458624198854,0.010463484022370767,0.007726853869499957,0.008296587235043295,-3.49292457537645,-3.2181179500843493,-0.8376664052977362,-4.566309275848335,-3.5308964645396577,-6.14696363900619,-4.997890945898344,-5.282937326462786,-9.900026176540468,-8.576873653466292,-6.168127686515859,-6.23413506088366,2.852998335021482,0.6272213679147499,0.547966420234433,0.003934394542190118,6.29075206829167e-05
0.02353370425540519,0.017146547423240146,0.004479751272368611,0.002464001201835126,0.02654015081547961,0.00020938979258094183,0.0009083321975964999,0.10668288931653068,0.0013464031945184809,0.0009396973047661864,0.012667286598501849,0.002973567742548144,0.010656971452549556,0.011032547093444926,0.027112954736810184,0.01816671821011692,0.02698214605299899,0.007493132443635508,0.0009726879219323028,0.0009833893715452465,0.011013393591521039,0.010485161273927448,0.008039842999804528,0.007855917354696424,-3.2028756319192127,-3.182249072081161,-0.8259939216959997,-4.798183722395735,-3.503107082893191,-5.649463243422811,-5.085388796873923,-5.1423891823867365,-9.487697302478699,-7.999233355650235,-6.183532167003981,-6.20274168706774,2.866486243535211,0.6063516977814681,0.5155541820088025,0.004212961078630519,6.624395649826092e-05
0.02391041593151388,0.018543086712194786,0.004473020019785036,0.0025831022264106293,0.024677818080530742,0.00021438603079448914,0.0008906919698126831,0.11353669579586897,0.0014143078793448305,0.0009415839181093149,0.012664924416157063,0.0029347753260925502,0.010987519416331873,0.011528405672383946,0.02749511340128803,0.01875353487453142,0.027353953437383716,0.007822121926845466,0.001043878547093493,0.0009944507316194773,0.011452248475993252,0.010897259695907054,0.008328012730545757,0.007938235853019377,-3.1774631691081843,-3.3428493891964566,-0.8149351977448478,-4.513458633003422,-3.431771675142593,-5.921426012525642,-5.122811640121064,-5.008119819114946,-9.589124333972594,-8.516155998769543,-6.458041164583688,-6.172933126585686,2.7214441283960373,0.6296622148363298,0.5261952393440443,0.004156568613795529,6.32080823357236e-05
0.023986500661175345,0.017367294301970038,0.004383618974490199,0.0024011993002124384,0.025295067903767,0.00021500932500124236,0.0008932165834732441,0.10921351436096233,0.0014539147966645075,0.0009358573608805927,0.01265081093124554,0.0030391193892529466,0.010753578617172863,0.011073245336406284,0.028488156211133063,0.01839645204572764,0.029129253666515455,0.007639526757364718,0.0009661168558697474,0.0010124027819667953,0.011022983678862593,0.011107600709284704,0.008346061746597806,0.00836511619620969,-3.3000156627078807,-3.3246842401899888,-0.8190940605201154,-4.816621043350451,-3.3645957850346018,-6.114452814930326,-4.9915423142812365,-4.942269867782222,-9.862067226584946,-8.354330181498176,-5.95620064883018,-6.34790019935424,2.856946510958292,0.6461149311800644,0.5290772432437387,0.003915141237219874,6.340780843012539e-05
0.02497072626551833,0.0183508693776598,0.004474209432021367,0.0023678078751047187,0.025150137635117156,0.00021557730208182255,0.0008357856793106876,0.10990066993927937,0.0013981918574312148,0.0009731620973972893,0.012111973958948178,0.0029396042108764766,0.010977944183813529,0.010865957138087336,0.02899338514129487,0.019603572779268743,0.02898496705992607,0.007325734784794163,0.00102219595118742,0.0009931196989433494,0.010535126373385561,0.0108621321564669,0.008214785291583667,0.00808864427506056,-3.1786723294231827,-3.436236484721435,-0.8582283328772287,-4.521706151794196,-3.5927105049177905,-6.061168795019411,-4.872932556908365,-5.135047842630013,-9.721413486309315,-7.822388826005678,-5.890301621735844,-6.351324694717735,2.735567748104041,0.6280059219551211,0.5256689809622638,0.00396798056312557,6.74787856574123e-05
0.024515770114964343,0.017563210348202754,0.004546029828823938,0.002374832454388592,0.026919903689317907,0.00022538453917814578,0.0008517680042287008,0.11128033434983799,0.001371525962333321,0.0009418591473174745,0.012307118293725992,0.0029644715121815235,0.011482209040271467,0.010464232091311476,0.027321445111622242,0.019522587254294125,0.027138741774326253,0.007564905401766377,0.0009534682476077333,0.001028541966969396,0.010615310922368984,0.011322942066807968,0.007900753498616693,0.00785962029485195,-3.42638364756222,-3.2018006158790184,-0.8109381484296617,-4.6359075788798565,-3.308418554602725,-5.752209794937319,-5.012169934605209,-5.243886953501102,-9.434963548183145,-8.470210550878404,-6.335064792376125,-6.3209655000538545,2.8132424830821363,0.6632641976284197,0.5391220862980979,0.003997912342642084,6.335008426318253e-05
0.02306621043200815,0.017447382245520525,0.0045480252562264305,0.0025247516082980083,0.025853827215968034,0.00022074966247135009,0.0008530652113753837,0.1103983017044469,0.001403024620009582,0.0009547303873640345,0.011984316181523107,0.0027580667931950353,0.010984867851722804,0.011403274699430836,0.028988417596579674,0.019104869207747077,0.027057295344124807,0.007429809792133808,0.0009650651497336408,0.0010442819070271413,0.010810007329141124,0.010755468029550432,0.00767314876543336,0.007789037070411818,-3.4486838933681367,-3.439711597713979,-0.795418878693569,-4.468832871174191,-3.5044808836721324,-5.988223740588013,-4.934334558455149,-5.128770437507609,-10.188702379114797,-8.34059228199351,-6.187458966917127,-6.058872516367353,2.6659954601312448,0.6416834503732846,0.5649659226208702,0.003919422320936292,6.577671417030078e-05
0.024945043111861777,0.017880277227610573,0.004641102444151603,0.002499665508251323,0.02576712582565071,0.0002195650091323778,0.0008855412466250541,0.10469501592807588,0.0013700131438794429,0.0010027178768047666,0.01265679742838677,0.002909004659899295,0.01064852823118676,0.011507139143658075,0.028799140843372116,0.019344764354453273,0.028787354690932385,0.007584124393933525,0.000996136328716274,0.0010081622343436891,0.011415137923361789,0.011176579800316461,0.007675928178585141,0.008068292091892417,-3.2962046255706534,-3.2096937780687242,-0.8088120011438036,-4.651248365532433,-3.356223437645072,-5.812810950798097,-4.764152338719094,-5.342233632509774,-9.77779368659107,-7.918568083756289,-6.067634929130949,-5.9944756977273705,2.7491702137658582,0.6544800672701487,0.5195448313943949,0.003877423576165858,6.695978157737351e-05
0.023509401741678457,0.017815017656384158,0.004562550051404803,0.0025726163725911665,0.025898119595634414,0.00022402151368837754,0.0009139402051771079,0.11062525456128038,0.0014090465046208802,0.0009227334508434506,0.012420901670930452,0.0027651661227734306,0.01046894982089253,0.011236154432224164,0.028610897645086487,0.01941715475955371,0.02661024960668299,0.007261244748825806,0.0009918482736744245,0.001019605803595085,0.011445885039951198,0.011060684604884035,0.008239800664251869,0.007819419820970798,-3.456685463714595,-3.3897239192508777,-0.8179741917559873,-4.6975545153233655,-3.598966284726884,-5.793849030748827,-4.647310840694826,-4.9567749909432415,-9.691623593494626,-7.793615133780471,-6.251632724435206,-5.9089696988934834,2.65668392272821,0.6432337613020032,0.5172941686771595,0.004041916400686983,6.459193211805069e-05
0.023341349882900906,0.018851046632101045,0.004707252376739186,0.0025541819876265144,0.024865355770982405,0.00021153714446114002,0.0008928256416033887,0.10394363604860003,0.0013969669228476472,0.0009334263483869698,0.01149598629764219,0.0030201268914547335,0.010572459706932871,0.011151347982754772,0.029195922494864662,0.01861540787488959,0.027965139892956323,0.007173197436062835,0.0010251575418471315,0.0010312689036777287,0.010936953262591757,0.01077059489292501,0.007818792074287283,0.008294839060249963,-3.2656145589193297,-3.181945539159611,-0.8465480550567599,-4.844754071319781,-3.324978894839045,-5.949768116854022,-4.8382806006451125,-5.032212954710667,-9.686216292072858,-8.034312162918294,-6.059533341398706,-6.423576875003124,2.8733750156331648,0.6398773299138008,0.5208790935820676,0.0042337430512210845,6.330898134422674e-05
0.023332363431861756,0.01729979024324759,0.004718838449312006,0.0024502186623684423,0.024919894343749565,0.00021225817322087574,0.0008309657641757397,0.10574756878375574,0.0013469649921435305,0.0009668943894067265,0.012193861345945488,0.002890224555323554,0.010733837342801556,0.010993872444121948,0.026967748259519142,0.01842606311295941,0.027369027974070884,0.007794681516355368,0.001007033062443632,0.0010337203366408995,0.01053017727459263,0.010541388443260365,0.007656833313496967,0.00822063424304185,-3.3725355754982798,-3.194823188552234,-0.8351571083210094,-4.660881572573403,-3.5324650029804867,-5.6836977667936575,-5.1102668617059335,-5.180815786780232,-10.18264908263856,-8.299077053138983,-6.375512017159301,-6.024774853395568,2.855244806631799,0.61357089495542,0.5621715320605707,0.00408067001763336,6.641852625804527e-05
0.02471849609816523,0.01720017611293933,0.004604015596877377,0.0025032999134685366,0.026183190848743668,0.00022167710362112152,0.000828497295275663,0.10699725041752393,0.0014346887015000253,0.0009277159494398214,0.01181397530046623,0.002925576423062487,0.010452906371472915,0.011069896368522488,0.027231984266680137,0.01973915564613512,0.02729698976484258,0.007781573654065594,0.0009819830772164464,0.000998740497955381,0.010530610206634651,0.010992419175776614,0.008164725447828475,0.008236004970374923,-3.3965093216476157,-3.2482459097535545,-0.8138389075702054,-4.702427937378814,-3.5713414059286817,-6.0179955429948455,-4.974807713202278,-5.245863811372976,-9.623960228590573,-8.296641111765902,-6.179846322471726,-5.946193064835893,2.8987304294031593,0.6615152679339252,0.5311422828274953,0.004009892404868481,6.69829198755374e-05
0.02316399306435,0.018479360076147096,0.004534890571821865,0.002490258120576867,0.026093485439090146,0.00021550617408348173,0.0008397548517961629,0.10822880584470548,0.0013290182879843108,0.0009578179875367331,0.012377772883583885,0.0028231906783369445,0.011541308689729256,0.011401104515470268,0.02891905894709363,0.01861811625306985,0.028663346450769803,0.007219945438347041,0.0009922053517975777,0.0009659047280894863,0.01079455308703282,0.011020263347680333,0.0078087506678330455,0.008014162992888301,-3.2060063546332596,-3.3355721108081355,-0.8003830757358374,-4.687308281641476,-3.4217925207849635,-5.887712449105978,-4.835274789921526,-5.170839962969937,-10.198103352268234,-7.86852480062675,-6.2884712455467,-6.494306269917215,2.8153219506755387,0.6645624432473343,0.5574751293559561,0.003923296745980052,6.778593181960573e-05
0.024525299338001405,0.017133963893971694,0.004622792741449324,0.002461520710890228,0.0266237353031738,0.00022506880374887446,0.0008728512464218068,0.10431836479549546,0.0014441915061677297,0.0009674476626298888,0.012568240269877361,0.0027584742423222143,0.01056525881536283,0.011048814575950118,0.028521140978030334,0.01835332270606314,0.02852067129698473,0.0072953504698962945,0.0009854620345060956,0.0010353991259787901,0.010869654563085113,0.011359656832457272,0.007924509218189145,0.007852736008968339,-3.332544847280534,-3.4243417755261856,-0.8365741815755019,-4.776510123896734,-3.5617487962612633,-5.799765363898763,-5.012649399162493,-5.203771497121674,-10.012242490734724,-8.362173941475099,-6.0396038770657166,-6.346920581630985,2.7183261500850815,0.611173911913341,0.522298104035259,0.0038618934239141823,6.411818161514629e-05
0.022850845020410203,0.017691998652593487,0.004371540454256957,0.002379137949538204,0.02465045702906191,0.00021577495112189282,0.0008743512913874281,0.11155765817717536,0.0014648042732019117,0.0009782681650064699,0.012069082176986858,0.0028882879329369666,0.011484510664490601,0.011037392251739357,0.026717966260009465,0.018065156688938697,0.028168720701649212,0.0075726475735611925,0.0009991379254146895,0.0009963699184304853,0.011240539320622661,0.010999637006129045,0.008019938758618702,0.0078804974466901,-3.358362478786885,-3.3598382362717465,-0.8291843596026179,-4.656700942761491,-3.2932135022358855,-6.116754992128304,-4.784060885494429,-5.38428371191249,-10.144801416199519,-8.008143265499115,-6.020664291809031,-6.0000973895479905,2.67859298739081,0.6180789659877823,0.5189282216404456,0.004153028225246836,6.363759604589867e-05
0.0231807677668689,0.017151327700463147,0.004692507460928843,0.0023874401178802175,0.02512207930658274,0.0002103514601809325,0.0008701877488161302,0.1050888113692121,0.00139913844118188,0.0009478851719241074,0.011971868121526313,0.002867026317402727,0.010917193766250919,0.010526168870041,0.02924741574841941,0.018300589731926133,0.026817660646514772,0.007567425904588037,0.0010174181314071464,0.0010474316832456338,0.01105827218076867,0.01103399263624086,0.007805138568409489,0.008371000874503133,-3.229740465240462,-3.1828591743316634,-0.7900294840506566,-4.850246777207301,-3.4792996940815146,-5.900826883405293,-5.055420416258432,-4.926428354514333,-9.914315033498463,-7.957386002090535,-6.5042932145538765,-6.158103598451225,2.9118013966006413,0.6597342551357811,0.5326957095857346,0.003980727561784539,6.52646821008721e-05
0.022620207628837777,0.017517648838587346,0.004504050595729333,0.0024657002011765606,0.027012155982899702,0.00022866493141511943,0.0008646677797839255,0.11121209667545319,0.001401200487625964,0.001007059820163125,0.01260568228290403,0.0029773704166115842,0.011507987290085816,0.010945126028966296,0.027162725891944618,0.018943751838770593,0.027130962986419316,0.007826829800476203,0.0009994651516019694,0.001019533330994761,0.010618363073080344,0.010710736338390583,0.00835973129002687,0.007890766147011756,-3.3910325310063447,-3.205179906860098,-0.8054280107524612,-4.599959183258053,-3.473901189271137,-5.89535474963424,-4.947962416531228,-5.361341932450344,-9.716491159412467,-7.930108262430663,-6.323092972101752,-6.2762816303530675,2.9105788399420494,0.6321846210624071,0.5656972825148129,0.004135822152645368,6.594682891706586e-05
0.024602534201304448,0.01759876196632996,0.004450663191597273,0.002565825421434834,0.024801400350287807,0.00022894387056161475,0.0008931186969984565,0.10817291133788082,0.0013448327914858148,0.001002639455966917,0.011503948641624578,0.002862654493249616,0.010792494033352673,0.011433686597532862,0.02820001445732856,0.01863097701440697,0.026735517688585755,0.0074102391259492344,0.0010496266005951395,0.0009808822446730784,0.011224476478085062,0.011022752346234323,0.00808324685032698,0.008116072810733658,-3.2968962279721854,-3.203731040225063,-0.8229197097861839,-4.536849156834549,-3.2782347625121306,-5.610591306546462,-5.053728118102323,-5.093385626158589,-9.408998394123557,-7.901431656160419,-6.182171640292815,-6.036311991632359,2.81012417873342,0.6647915896916671,0.5531197810341726,0.003931298384955544,6.535935076205579e-05
0.022723205621355234,0.01861173144498413,0.004662087012684517,0.002472684137110672,0.025905667053519463,0.00021813659123578487,0.000850018022906027,0.10751472134112865,0.0014574850374389561,0.0010163856057950546,0.011593704511749715,0.0028943860169490187,0.010652785263077315,0.010559085098126917,0.027901723528014285,0.019573657001901654,0.027900144106891497,0.007196787426628608,0.001020142249461101,0.0010454574990568734,0.010781139147960642,0.010798060050043528,0.008289414575427007,0.007651023049475834,-3.279046682491701,-3.387964156579575,-0.8120902919659424,-4.708449529931355,-3.488011283008399,-5.788271379827997,-4.896715673981795,-5.14914247685128,-9.94886442857864,-8.305445468136506,-6.438440777432585,-6.33820811462804,2.79235866193004,0.6278640201337492,0.5632139992599289,0.0040366381933299635,6.66585310064831e-05
0.02329269251186146,0.01732375426104881,0.0044588661026045955,0.0025053375309731897,0.024822530649716356,0.00022008969791713795,0.0008958712440281828,0.11434408235220406,0.0013765508316685357,0.0009249938414180591,0.011500735720791386,0.002972556216375812,0.010796096747473654,0.010890361343303736,0.02868804254043951,0.019022150380127827,0.028674469678497252,0.007672424703638256,0.0010292168802624668,0.000958363338327168,0.01150604949706113,0.011534264527673654,0.007829044137071984,0.00795942891602855,-3.17007577582879,-3.403053302846444,-0.8179013891794398,-4.448215478873768,-3.33274692177292,-6.1474051757384744,-4.867906849652034,-4.9276572155051985,-9.776431286953182,-7.867794607448706,-6.050224507690434,-5.999705390773013,2.7006278495868257,0.6155346136702697,0.5139751496194839,0.003948391831265138,6.580045207553754e-05
0.024597753549119698,0.017172886810463413,0.004513395663644387,0.002380081518327896,0.025546298712343155,0.00021807657246098627,0.0008685263406242417,0.11394270413560045,0.0014312057186847509,0.0010141215518267503,0.011657399376988802,0.002778091264862293,0.01153370363334496,0.010926949828927566,0.027267291228908513,0.018559511648536444,0.029399238398504144,0.0073550925197291865,0.0009878373843054842,0.0009515428252996247,0.010814559286814253,0.010851430117201697,0.007971940287856352,0.0077026314099696526,-3.3411140764903497,-3.334542302000836,-0.8456494988517371,-4.496233920850638,-3.416826703483435,-5.87818832873413,-4.802659534990768,-5.26305417079348,-10.119038155987216,-8.582839481017311,-6.079906193388925,-6.124599887362366,2.787149436921781,0.6401888273245564,0.5156693156703326,0.003982345769009932,6.66429794786213e-05
0.023959653698933027,0.0171501565702734,0.004608458386705479,0.00250647710932364,0.024898746887559185,0.00021766914194275392,0.0008667085402007476,0.11287808599232063,0.0013729767374888158,0.0009475679626078133,0.01197446511004162,0.002782963038191939,0.010878913327756829,0.010527920950340471,0.026699812337945255,0.01863660726709834,0.028684352390382122,0.007126192125945256,0.0010185567820519953,0.0009660664715195227,0.011427179428985069,0.011376732949058227,0.008241024147488991,0.007703204572260183,-3.4893267834959714,-3.4162955719751036,-0.804227901231899,-4.78111947165884,-3.3030379203432156,-6.06277188006565,-5.077954851499899,-5.005746586717523,-9.404173548927862,-8.202595003369694,-5.970225234220884,-6.446941829555464,2.757876819024348,0.6489580545975897,0.5553821401084746,0.00411053252494811,6.929177344052328e-05
0.0246062021072813,0.01841758510852408,0.004822255672574748,0.0024305222649786545,0.026211264917211662,0.00022487313578917363,0.0008474741392502593,0.10514689988749124,0.0013293820150793469,0.0009495199713129909,0.012133159253870755,0.0028136664992359974,0.011394658529230777,0.010988052049333497,0.027599610574506057,0.019175034520725505,0.027291215774369305,0.007529733998920305,0.000959029185521004,0.001044990509124808,0.011259798199735433,0.011540208882764642,0.008145162764375264,0.007722573008461116,-3.458654809820034,-3.4309901107869405,-0.807493101499802,-4.544735209106492,-3.603220448932501,-5.989148611528057,-4.88089648497056,-5.382888432384673,-10.016365827578065,-8.575641712352388,-5.914286459447027,-6.402415937736851,2.7851420571444763,0.6388866147715379,0.5515324704847505,0.0038931857617437522,6.456008675229277e-05
0.024255280861042068,0.01731666939383302,0.004586519795314619,0.0024773246362293994,0.02584508059671283,0.0002133794022636561,0.0008662308555440554,0.10563178584510582,0.0013623409019116834,0.0010134444482670407,0.01244824096188624,0.002943448183225483,0.011378783345881754,0.01146790334117577,0.026605373924745622,0.019829978348702034,0.026851626453843282,0.007187997841047568,0.0010350019251297018,0.0009850952937428628,0.010838251243771689,0.01145171042062396,0.00802834430494504,0.007775616587617452,-3.253705860859117,-3.3545428929559766,-0.7843372932164114,-4.500272300502649,-3.4134509908211674,-5.626719773025216,-4.700275727398199,-5.190230419991151,-9.676301196993876,-7.9309726957769096,-6.407262910854773,-5.911817078985747,2.81848702732816,0.6129073181987049,0.5227241892613081,0.003962647479455244,6.784318280014679e-05
0.024028568946250346,0.017368250760987924,0.004751156466643404,0.0025612378832932424,0.02698189729735478,0.00021114540475649816,0.0009039678601843172,0.10546950650048388,0.001340725707908256,0.0009338097454663584,0.011625979441385097,0.0029569663757792655,0.010661411689392398,0.011057394492336722,0.02668497692993668,0.01893770977038543,0.029104410117838684,0.007727370747588107,0.0010127735548145548,0.0009980110952399358,0.010845619396836202,0.010864547221024918,0.008252756310039744,0.007612566412273355,-3.22496193358492,-3.1911844999323433,-0.7942950030117151,-4.492646458947085,-3.576613351257873,-5.69373955756483,-4.969119407215044,-4.920407500007635,-10.079859420553436,-8.317647026948498,-6.503406423332166,-6.312587756150638,2.677603797786607,0.663846786851712,0.5359641798903931,0.00388351855740104,6.35551891400131e-05
0.02325280028429117,0.017660860632389152,0.004510717396551313,0.002389703747472491,0.02575046010212917,0.0002273302349663246,0.0009086056120304868,0.10508076919612226,0.001343857137719106,0.0009583338068849529,0.012124684015423035,0.002803006562339409,0.011209719268702843,0.010682746248721385,0.026629518122233575,0.018079289903008656,0.027170657565003566,0.0077162297026812324,0.0009906410109065628,0.0010008050037041234,0.010930138491489105,0.010736645403112043,0.007652638017109776,0.008178920873214679,-3.1797127969975607,-3.1659898442924006,-0.8229386812317941,-4.531705979471825,-3.585110066474473,-6.030321987466078,-4.764719025564748,-5.366285293346705,-9.672552417264704,-8.500746223871715,-6.47720701802167,-6.275752986150077,2.7412697745445,0.6329308319523854,0.5296618663587711,0.00411895386428832,6.699001530477289e-05
0.024574389197994293,0.018670688220717074,0.004398756677340363,0.002508346285911512,0.025552429237923134,0.0002229116946962481,0.000903106060561813,0.10455158531428223,0.001383797838062739,0.0009655043764513675,0.011635089637080508,0.002835871390604201,0.010477502350871708,0.010669700931545076,0.026945177595677723,0.018865398576085064,0.028752982067317967,0.007433253728233015,0.0009911331318546628,0.0010237468557487074,0.01056125132565206,0.010648969158908568,0.007994593126392663,0.00773805336410688,-3.300656515807811,-3.249126163748046,-0.8446881267121331,-4.745232746159187,-3.4055865237647684,-5.704590206499254,-4.731462151480732,-5.385260504351888,-9.247224461479927,-8.267054687895143,-5.982993898419372,-5.967227491994876,2.726072398391892,0.627298631571225,0.5203274110088284,0.004024149741834507,6.339969497362251e-05
0.02294752634698388,0.017269651270935236,0.00455670492315485,0.0025086898255324694,0.024830869782928415,0.00022695758356523917,0.000837173019235796,0.10472714234882867,0.0013473743290592182,0.0009223552773306213,0.012416187334245357,0.0028994326522186523,0.010462139794843202,0.010548413438964257,0.028252047270617125,0.019563531188383703,0.028339556037593923,0.00721719280336358,0.0010011315338457377,0.001001554225573945,0.010576868527993761,0.011456602423566766,0.0077228998259013535,0.008287692415729391,-3.4524080890873057,-3.351248040869864,-0.7918014473672866,-4.69604892810483,-3.51859364755025,-5.815784976145197,-4.915422474483573,-4.959437003400622,-9.342743465625393,-7.9518353133211175,-6.230329431655802,-6.444095537695557,2.815925228377195,0.6442302953661834,0.5501068836654354,0.004218508100126549,6.923048148848547e-05
0.022828138835396895,0.017712236775477147,0.004553422209400267,0.002379391149830577,0.024989248382840806,0.0002304422218735117,0.0008484377581534687,0.10455612601868432,0.0014339723725709838,0.0009979436909786205,0.01199614670856429,0.0029415133997145767,0.010555899788807829,0.011118809905011086,0.02784685664052825,0.01879764225002491,0.02683722209945089,0.007633388637235905,0.0009845618349047533,0.0010080911489286502,0.011126547564268546,0.010635968273304047,0.008265423451979599,0.007902781871322097,-3.3821276930834845,-3.211822649233096,-0.8376741736594042,-4.669354877325089,-3.306987377287013,-6.113571863676272,-4.933247433756114,-5.137219932548755,-10.010801277284953,-7.819398316775769,-5.934752684682816,-5.971006999128854,2.690936566773988,0.6147622633578084,0.5269523570874889,0.003867497662712819,6.360126806515127e-05
0.0243889735752172,0.01719612937408435,0.0043841856889581445,0.0024720012111747705,0.025093121430358942,0.00021471404082840396,0.0008841373941567055,0.10736166560999037,0.0014264078596952067,0.0009218467715449269,0.012016056871754825,0.0028751533446703245,0.011136051595918284,0.010643444287807351,0.026959427012556634,0.01816093670144143,0.027647857195542393,0.00725652211465593,0.0010418591699015319,0.0009710224835338082,0.010774689159031216,0.01067783976380161,0.008307823667523574,0.007773724109797368,-3.3032467957354914,-3.270902467370641,-0.7911520734074967,-4.844118066392448,-3.3344892141368647,-6.128512586033692,-4.911875229368711,-5.033937370558186,-10.197456576163079,-8.104930887359792,-5.996631488621186,-5.9482110946242726,2.827041051128914,0.6087371473564341,0.5641988284247886,0.003914004761389444,6.432918771078405e-05
0.024139409844772475,0.018315425116150648,0.0045431315836952976,0.0024564581043120285,0.02619869164516061,0.0002267455440627799,0.0008315826361874144,0.10654349522089514,0.0013997111241287447,0.0010157841016506975,0.012526628415365934,0.0029386194089474674,0.011473549533960044,0.01103074968969754,0.026615601613807795,0.01964022510173329,0.028966917145005648,0.007413652580798611,0.0009746331687930329,0.0010266361927228308,0.011430414379406137,0.011522495354106922,0.008273718573742697,0.008024181802445868,-3.200304473268718,-3.2240682950923127,-0.7922525739511568,-4.761164228999983,-3.4965486997774335,-5.927510950646543,-5.115956478761187,-5.165648546656504,-9.361519403198356,-8.60384764084338,-6.110436785683033,-5.9323826132064825,2.869394530264186,0.6329160547933633,0.5366369187719869,0.003874162764172714,6.787387676944568e-05
0.02311801946846754,0.01725338330744689,0.004807002345461682,0.0023929169584251224,0.026365263458510164,0.00022183438021965008,0.0009126571936850752,0.10964325592149265,0.0013540162011106938,0.0009890245438488585,0.01216237893741656,0.002836025725902016,0.011158806392032624,0.010569166909350097,0.02686113603587229,0.019258698070656555,0.029240335232886275,0.007728552136984653,0.0009634459854866894,0.0009617519978263635,0.010652994403866458,0.010804545814319621,0.008210111296497789,0.008081172184596168,-3.2486361665620587,-3.2561050014470005,-0.8136951562353675,-4.850791254780946,-3.3079320635591487,-5.69742488360375,-4.975438894028177,-5.063101426944978,-9.79064224420295,-7.801463895581027,-6.0638219219599145,-6.323097583861054,2.6454637899143365,0.6455337774940465,0.5475400171441648,0.003925456725244838,6.348827272609254e-05
0.023698847015558213,0.01878789382471781,0.004817094221237232,0.0025269269129970006,0.02665646600432558,0.00021451568956251018,0.0008401992019681578,0.10906711303804534,0.0013606162888540926,0.0009864201431936494,0.011792009389964215,0.002877893450792402,0.010502247955309277,0.011392066250625898,0.026772231351705558,0.01882854704583308,0.029361637449308003,0.0076660960785894326,0.0010333722428725837,0.0010222530288232755,0.011446824680432576,0.01099523802377939,0.008249170003605812,0.007888736148456546,-3.244533773703663,-3.307343670111343,-0.8108302766075984,-4.452698928253153,-3.3184383182138633,-5.839397365920121,-4.742263691376406,-5.24553604893129,-9.527321270455488,-8.407012006498025,-5.931403436147299,-6.261764619098158,2.7999274021644376,0.6408910028284872,0.5502914749835756,0.004258922318287703,6.284341147764708e-05
