NPP_pft0,NPP_pft1,NPP_pft2,NPP_pft3,VEGNSTR_pft0_Leaf,VEGNSTR_pft0_Stem,VEGNSTR_pft0_Root,VEGNSTR_pft1_Leaf,VEGNSTR_pft1_Stem,VEGNSTR_pft1_Root,VEGNSTR_pft2_Leaf,VEGNSTR_pft3_Leaf,VEGNSTR_pft3_Root,VEGC_pft0_Leaf,VEGC_pft0_Stem,VEGC_pft0_Root,VEGC_pft1_Leaf,VEGC_pft1_Stem,VEGC_pft1_Root,VEGC_pft2_Leaf,VEGC_pft3_Leaf,VEGC_pft3_Root,SHLWC,DEEPC,MINEC,AVLN,INGPP_pft0,INGPP_pft1,INGPP_pft2,INGPP_pft3
330.02524222754874,181.8526042977348,1.3825297582894565,7.254377589048818,0.1243353746831417,17.055360984802245,3.3647847890853884,6.297300052642822,2.042202854156494,11.322187519073486,0.3508012533187866,1.0089350938796997,2.381776094436645,1.4998506546020507,3857.982958984375,104.10990829467774,478.4010894775391,205.73166046142575,691.4210998535157,16.51125431060791,30.467796325683597,76.28262710571289,782.327692604065,1306.9666779518127,14505.927899491788,0.2441927537583978,530.2136672198773,373.22754502445457,3.2346183095127343,14.516985845007005
332.8733061606996,175.3160134902224,1.377968931477517,6.184135010605678,0.1229951553046703,15.983948040008546,3.246592116355896,6.113461637496949,1.862168025970459,10.263760089874268,0.3586762964725494,0.9959346652030944,2.082316064834594,1.4554445147514343,3688.6210693359376,100.16858978271485,464.7572845458984,187.80030059814453,627.2684326171875,16.837031173706055,30.4473819732666,62.082266616821286,795.1709144592285,1379.9193382263184,15193.27146166563,0.2312069921870715,523.16345724985,373.3429570674896,3.251528634596616,14.60778048746288
342.04927009698,173.79771959781647,1.3091909075155854,6.22232163134031,0.1153448276221752,17.160510063171387,3.44953932762146,6.217595481872559,1.944406831264496,10.759142780303955,0.3536556363105774,1.0107659578323365,2.0960922241210938,1.5171780347824098,3940.84033203125,106.67014999389647,472.3002868652344,195.99197082519527,656.8288940429687,16.38607864379883,30.45906219482422,63.27514152526855,801.3508117675781,1320.84160861969,14746.54984639883,0.2342459227947984,538.3690575160086,373.3484020546079,3.223729163222015,14.522401276044548
338.07962135938,179.89776311228053,1.387206438370049,6.545274891657755,0.1321914866566658,17.634439849853514,3.535297083854675,6.242616844177246,1.994068431854248,11.044602584838866,0.3699291586875916,1.0064300298690796,2.2549983501434325,1.5152802348136902,4016.467041015625,109.29971466064453,474.598828125,200.9337326049805,674.4340942382812,17.4079948425293,30.47203826904297,69.41820449829102,802.4366654396057,1267.5386570930482,14314.822414541244,0.237181172070268,538.7893936749548,373.2197447553277,3.2464512791484594,14.511703576520086
323.2938442038838,171.07589083686472,1.504889955278486,6.45163885334041,0.1130128867924213,15.488779735565185,3.1095082759857178,5.947473049163818,1.826716697216034,10.060443210601807,0.3928287774324417,0.9937071084976196,2.057001066207886,1.4445105910301208,3586.4447509765623,96.22623291015626,451.86769714355466,184.27161102294923,614.8761352539062,18.840137481689453,30.43318195343017,62.32104721069336,796.937714099884,1326.5574654579164,14694.35997288227,0.2109011769440258,517.5313785236328,373.35715305954216,3.3008406212553383,14.629335833154618
316.46715334830805,168.07480444610118,1.5794104784727097,6.857249590335414,0.1129166074097156,16.15860080718994,3.113179707527161,5.980848598480224,1.8320875763893127,10.092501640319824,0.4166979908943176,1.0056090354919434,2.232681465148926,1.4686710000038148,3679.49853515625,96.38955459594726,454.5425598144531,184.80560760498048,616.811669921875,20.160851669311523,30.41942977905273,69.6925277709961,788.7274337768555,1365.687548971176,15036.460961461067,0.2168702679147827,522.2323746234179,373.6448725983501,3.3587106659077106,14.622537660226223
328.55770409358666,186.61588914301245,1.274443101976067,6.145253830053844,0.112916748970747,16.957297325134277,3.465756773948669,6.366093444824219,2.066863226890564,11.492685699462893,0.3476443231105804,0.9921081483364104,2.0915133476257326,1.5032822966575623,3812.028198242188,106.90096893310547,483.402474975586,208.11816864013676,701.6192199707032,15.989226913452148,30.44223709106445,62.26619758605957,791.696218585968,1221.211053609848,14044.575156211851,0.2451856292958837,524.4981435116381,373.5277226254344,3.212816785182804,14.513567085377872
334.409536744142,173.39591283090414,1.5655945841223002,6.730788171105087,0.1228446029126644,16.3970516204834,3.2527222633361816,6.208360385894776,1.9382718205451963,10.757164669036865,0.3833012461662292,1.011819326877594,2.280427861213684,1.4757251262664794,3777.797705078125,100.80945510864258,471.9886138916016,195.38495330810548,656.1465270996093,18.605154609680177,30.457625961303712,70.99350051879883,789.6775867462159,1327.0754028320312,14760.184806275369,0.2300268264109036,530.483594622463,373.6817613273859,3.2925928363576533,14.58226144630462
325.20060566858155,172.354249898158,1.3638495353981852,7.076667989604175,0.1014506481587886,16.766623497009277,3.2003240823745727,6.104987907409668,1.848617660999298,10.191678047180176,0.361590963602066,1.0056833982467652,2.483518648147583,1.504653823375702,3883.5080322265626,98.74912490844729,463.8715423583984,186.44895935058597,622.7117980957031,16.93524742126465,30.476030349731445,78.67024688720703,797.4972986221313,1342.3112642288208,14791.458810448648,0.2997543343371944,537.261902737245,373.4306220278144,3.242406513076276,14.554389807581902
318.6072438813746,175.7635109014809,1.726688799448311,6.907658491237089,0.1280738994479179,15.602440452575683,3.3714853525161743,6.2743768215179445,2.0182809591293336,11.193221187591552,0.425442174077034,0.995715320110321,2.384755349159241,1.4510033965110778,3511.1974365234373,104.03602981567384,476.62439880371096,203.34950256347656,683.4036865234375,21.016283416748045,30.44181632995605,74.44237976074218,781.2109228134156,1254.587926769257,14291.311204898357,0.2330218029877869,509.29183753691615,373.5749785766005,3.404298516269773,14.582076241634786
316.5082305063028,167.0936648823321,1.4848667099140584,7.190698401071131,0.1110529422760009,16.770700454711914,3.1525697231292726,6.124443101882934,1.88814994096756,10.413382053375244,0.3842897087335586,1.0063962936401367,2.358335590362549,1.4963578581809998,3767.031079101562,97.44138946533204,465.43876953125,190.39068298339845,636.3708251953125,18.40029888153076,30.472265243530277,75.16096496582031,784.6665422439576,1389.1167607307434,15270.764698696135,0.2271942062317976,524.2295109029859,373.23536418825387,3.2760443659499288,14.554974242299796
327.63217876241544,175.9017182417214,1.3178427020087835,6.877767047658563,0.127448970079422,17.151583099365233,3.2835473299026487,6.29038109779358,2.024166703224182,11.236119937896728,0.3484073191881179,1.0120795845985413,2.380781316757202,1.5026885986328125,3857.251049804688,101.72482452392578,477.4426666259766,203.94660339355468,685.7114196777344,16.17777500152588,30.47412700653076,74.85678024291992,780.0811429977417,1260.8729367256165,14282.88215944767,0.2354023173335008,527.944950408116,373.4097764164209,3.223068276513368,14.526799254119396
328.0184321429115,181.6756674591452,1.3192618385888637,6.405822032969445,0.1122111864387989,16.97385425567627,3.3683024883270263,6.29628701210022,2.0211632013320924,11.20556936264038,0.3674045920372009,1.006316065788269,2.1425366163253785,1.509234571456909,3827.1481201171873,104.07646789550782,478.5134857177735,203.63137817382807,684.1817016601562,17.046251487731933,30.46239852905273,65.36771774291992,799.4318565368652,1248.8908465385437,14211.921777594089,0.3155554450000636,526.7648354124278,373.3827962681651,3.233362009376288,14.508803332783282
318.2296765905339,172.69242852674796,1.522097361460328,6.9999367335112765,0.1181126363575458,16.487601661682127,3.171266198158264,6.149432897567749,1.8984185934066773,10.474875545501709,0.4071430414915085,0.9930773615837096,2.406956744194031,1.4836897492408752,3709.572314453125,98.1044792175293,467.2963623046875,191.4055374145508,640.1580993652344,19.54664802551269,30.47898464202881,75.54581451416016,788.2746209144592,1387.1382480621337,15289.855905616285,0.2338822068384615,521.6912673525512,373.28948798775673,3.3263475868850945,14.567161016352475
333.8225077609532,177.51765253450722,1.702613617759198,7.61306578963995,0.1217034555971622,16.304122352600096,3.5111767768859865,6.2357734680175785,1.965959084033966,10.863688945770264,0.4267805427312851,0.9937127590179444,2.4665390729904173,1.48141667842865,3758.70234375,108.52521133422852,474.1199584960938,198.14217376708984,663.8245544433594,21.00927867889404,30.472586822509765,79.81751174926758,793.1377195358276,1346.9127725124358,14999.24716900587,0.2333600351616041,530.1505446203053,373.4189822420478,3.400528768543154,14.558601575158535
324.4634408768732,166.58882079366597,1.337529650516808,6.739681649208069,0.1091132946312427,15.871667766571044,3.2368682622909546,6.072479295730591,1.86273432970047,10.276274013519288,0.3448762774467468,0.9949485063552856,2.2616681814193726,1.463090991973877,3628.405224609375,99.92309951782228,461.2403289794922,187.85506134033204,627.8264831542969,16.063338470458984,30.46735191345215,69.94478073120118,783.7466756820679,1328.3635214805604,14607.44674038887,0.2197302542394027,516.0046384762973,373.43850261271,3.238562937173993,14.592726838588714
331.0442212483846,169.91481933444737,1.3892527414485811,6.335363166732714,0.126423493027687,16.879168891906737,3.490407466888428,6.094803810119629,1.8718742847442629,10.32429027557373,0.3601118683815002,1.0094743013381955,2.136925721168518,1.4862445831298827,3868.1481201171873,107.97002639770508,462.919857788086,188.77356567382813,630.8783325195312,16.947966003417967,30.460264205932617,64.88144149780274,794.2177651405334,1422.3352633953095,15531.2409663558,0.2320744189433753,533.3116883762181,373.08257019519806,3.2504695530980827,14.569179215468466
313.3838017364964,175.48853417579085,1.4346570364199578,6.983641057508066,0.1198283992707729,15.608502101898193,3.174484062194824,6.209645938873291,1.960134983062744,10.855524826049804,0.3719468086957931,0.9970516443252564,2.3985665321350096,1.4545522809028626,3508.10947265625,98.31059188842774,471.562435913086,197.5524719238281,662.8941650390625,17.65163860321045,30.422399520874023,75.20793228149414,782.7588771820068,1300.737477016449,14467.860147035122,0.2310596951647312,510.11212287284434,373.395534388721,3.263476139958948,14.573956226184963
339.38207932962104,174.86714563351126,1.669529132824391,6.8690184963867065,0.1345717132091522,17.167573165893554,3.482646918296814,6.283904409408569,2.0392508268356324,11.312268161773682,0.4204032391309738,0.9953867197036744,2.3109707832336426,1.4984609127044677,3923.53154296875,107.54395904541016,477.0408843994141,205.43534393310543,690.71591796875,20.61820774078369,30.453096389770508,72.1035545349121,797.6027430534363,1251.5774858951568,14282.63542265892,0.2315435906028142,532.5119474075734,373.4324239134788,3.3809009115211666,14.523689333721997
331.6817267235019,175.728930227831,1.427316253632307,6.457988597382792,0.1038894221186637,17.077550315856932,3.430347990989685,6.146401643753052,1.853203248977661,10.226926898956298,0.3922735244035721,1.007948398590088,2.1935073137283325,1.5212293863296509,3950.933056640625,106.24909744262696,466.9248779296875,186.93128814697263,624.3607482910156,18.567957878112797,30.41869239807129,67.07366027832032,783.0377700805664,1347.7484577178957,14756.35322227478,0.228207259014016,541.914961867407,373.3908158153296,3.274262294359505,14.53285775501281
329.39645862891336,174.85900210458786,1.3003609823994338,6.221690338104963,0.1213287822902202,16.582296562194824,3.3611955404281617,6.1330338478088375,1.858276867866516,10.24657506942749,0.3558327525854111,0.9968118071556092,2.048504042625427,1.4829702138900758,3807.3421875,103.82220306396484,465.768017578125,187.4121353149414,626.1229248046875,16.435107421875,30.45347785949707,61.337650299072266,794.032040977478,1370.437599849701,15099.939418840408,0.2284650466710445,530.7838607914746,373.2537975370884,3.2337737867608665,14.57449883725494
326.1092039969284,175.91109182024374,1.3599656462669372,6.471265233401209,0.1103881515562534,16.470204734802245,3.309597873687744,6.15313458442688,1.881872010231018,10.38566370010376,0.3716606855392456,1.005868911743164,2.145790219306946,1.4937875270843506,3739.511987304688,102.43921966552736,467.6735870361328,189.7450180053711,634.5315856933594,17.380624961853027,30.48130989074707,65.68459777832031,801.9520635604858,1333.3484899997711,14795.300620532036,0.3043043455822044,524.9896351452917,373.4565064921975,3.248404806852341,14.559024946950377
344.1440336416475,184.03853058945387,1.7354095671325922,7.3943924233317375,0.108136111497879,18.178010177612304,3.691446900367737,6.375176191329956,2.1050869941711428,11.687553119659423,0.4187304764986038,0.9976362586021424,2.5258172273635866,1.5488811254501342,4109.863818359375,114.30940246582033,484.207373046875,211.9855926513672,714.3351684570313,20.739047813415528,30.43861389160156,81.15940628051757,795.9370759963989,1177.255144739151,13866.899105131626,0.2437932832617662,538.132428926602,373.4011360123753,3.388387474231422,14.45840473715216
335.68500203918666,179.19141394924372,1.683832786232233,6.85158348090481,0.1274768933653831,17.050506782531738,3.574013614654541,6.24219765663147,1.996403431892395,11.0593412399292,0.4246292889118194,0.9953500509262084,2.2716503143310547,1.5062270760536194,3876.877856445312,110.72308959960938,474.3569732666016,201.1675994873047,675.4266418457031,20.85582866668701,30.437658500671382,70.81181488037109,802.8378441810607,1294.5372502326966,14537.854645943642,0.2344925029145088,533.2897957742214,373.1778608545661,3.391485841665417,14.512573127262296
330.1750034636352,168.39309062156826,1.3821976840496064,6.162075321469456,0.1014596685767173,16.22760066986084,3.2477059602737426,6.088283824920654,1.8324780464172363,10.114650344848632,0.3769765317440033,0.9980450749397278,2.1402203321456907,1.489772605895996,3731.996215820313,100.23289108276369,462.1614471435547,184.8452896118164,617.5589538574219,17.70141143798828,30.445072174072266,63.8192497253418,791.2295522689819,1338.6857330322266,14782.134931230545,0.2184334828241844,525.5838571805507,373.452019315958,3.257231243047863,14.575536662340165
333.5303517179564,179.31208723392336,1.272179738804698,6.954939665598795,0.12314959987998,16.636377906799318,3.451491951942444,6.280813789367675,2.024916124343872,11.230458736419678,0.3477068841457367,1.0015767812728882,2.3809053182601927,1.4796480774879457,3798.763598632812,106.7334602355957,477.3015167236328,204.00015411376955,685.477880859375,15.96892261505127,30.409392738342284,74.73468551635742,788.9815527915955,1245.9471201896667,14148.113659226894,0.2344792846735799,524.3377025287598,373.4737194493413,3.22140350677073,14.545078103989365
333.3055123740341,174.96161949634552,1.5495137973688542,7.378164474992081,0.1023448355495929,17.28196601867676,3.357774043083191,6.1815448760986325,1.936081385612488,10.709092044830324,0.3836576163768768,1.004905343055725,2.5092960596084595,1.518884015083313,3961.6617919921873,103.53977584838869,469.73085632324216,195.15302581787108,654.0306640625,18.57861099243164,30.473045349121094,80.74005737304688,784.3545064926147,1315.2336193084716,14489.743333613873,0.2305652862778515,536.4652031932026,373.2468424916268,3.286417781654745,14.51035240702331
335.2478435716592,188.50805242657665,1.3384721119888128,6.207254190463573,0.1047135420143604,16.651625061035155,3.3644322395324706,6.39226803779602,2.114302372932434,11.753975772857666,0.3517483383417129,0.9959953427314758,2.149563527107239,1.5061984539031985,3761.233203125,103.8200454711914,485.7484100341797,212.90658569335935,717.6079833984375,16.4137939453125,30.47695541381836,64.4695655822754,807.115032863617,1160.6022112846374,13773.761932826044,0.2542899869018583,520.2141803130507,373.5402692571282,3.2214006585069,14.499280392751098
339.7295352674322,169.46264193579557,1.332278098911047,6.677489057485945,0.1071962676942348,17.287833976745606,3.437978863716125,6.196716594696045,1.9282795786857605,10.6673978805542,0.3657319396734237,1.001544725894928,2.231828093528748,1.5302717328071591,4000.55078125,106.16408004760744,470.3066040039063,194.37906036376955,651.5187072753906,17.021209526062012,30.44622631072998,69.0737533569336,786.8184064865112,1378.3675848960877,15152.586803138256,0.2326340963700204,542.4723904788494,373.1077441766858,3.2331783211790026,14.501565290987491
330.83736688047645,169.80760205835105,1.525838732998818,6.3517688884167,0.1130363933742046,17.117533493041993,3.320531415939331,6.172567510604859,1.9056753754615785,10.546574878692628,0.3928058058023452,1.0035711646080017,2.076695775985718,1.5055269956588746,3923.178564453125,102.43981399536132,469.149853515625,192.1149353027344,643.7098693847656,18.91652183532715,30.417924690246583,62.89633979797363,786.0787191390991,1339.521464252472,14824.777186846732,0.2237401050981134,536.1511859443038,373.42863522619007,3.2995401876978576,14.546805780008436
314.7626731647644,178.76345708537846,1.5148034762591125,7.486187202995643,0.1129810102283954,16.897210121154785,3.181027722358704,6.239391040802002,1.942617619037628,10.81728982925415,0.3740530252456665,0.9982165157794952,2.4094961643218995,1.4988967418670651,3771.08427734375,98.34088973999025,474.3067230224609,195.8251724243164,659.6222839355469,18.026733779907225,30.458298110961916,77.65523986816406,787.8330832481385,1331.1391652107238,14751.424624919891,0.2341957461525453,525.7050883211195,373.6328934535384,3.267907053325325,14.548878343962134
319.4715649332851,179.10661362800747,1.3537850555032491,7.535754939494654,0.1014177396893501,15.606793785095215,3.410614800453186,6.293382453918457,2.031427812576294,11.261676502227782,0.3538444191217422,1.00041401386261,2.3857258558273315,1.4708930015563966,3508.6404541015627,105.35194091796876,477.67212829589846,204.66285247802733,687.767236328125,16.545107460021974,30.46128845214844,77.14936752319336,787.361403465271,1298.2377996444702,14503.99932578802,0.2379703294922364,509.2008590821177,373.3107288971543,3.236440846975893,14.53553086835891
341.5419264073949,187.83163579814132,1.3256797918118537,6.09761056965217,0.1242747619748115,18.045651245117188,3.584078049659729,6.370066070556641,2.0841721296310425,11.571612548828124,0.3618436217308044,1.0011030435562134,2.1357691287994385,1.542324995994568,4077.369091796875,110.59414291381836,483.9959381103516,209.90978088378907,706.5122741699219,16.83264789581299,30.425390243530277,63.60070953369141,798.1999181747436,1215.6334631443024,14038.893903160097,0.2456127978424774,540.3339526742697,373.43766850978136,3.22220038222149,14.472458298504352
310.8995108549949,172.0740124285221,1.6460496592335403,6.396954107191414,0.1105352602899074,15.581871700286865,3.2778231859207154,6.129721975326538,1.850654637813568,10.208660221099851,0.4210619360208511,0.9960567355155944,2.100549244880676,1.4540925741195678,3499.867651367188,101.51621170043946,465.2282989501953,186.65865020751957,623.5397216796875,20.57118549346924,30.468242645263672,63.60028686523437,782.8482549667358,1346.4547320842744,14871.6494735837,0.2254526023141806,511.5024882789701,373.5868595063686,3.380346328392625,14.614486962370574
333.3273658869788,171.31480742748826,1.395716273970902,6.796124543249607,0.125346390902996,16.920685386657716,3.3649168014526367,6.149810838699341,1.9103178262710567,10.537340450286866,0.354505056142807,0.9957849979400636,2.1695947647094727,1.4941725492477418,3912.953588867188,103.78360366821288,467.5665161132813,192.60375518798827,643.9587646484375,16.71785659790039,30.416135787963867,67.30091400146485,788.5743079185486,1399.0124059677123,15334.063351845742,0.2302915099920937,538.7487884692848,373.251901447773,3.2441652093082665,14.554027826152742
320.698884583544,172.08795220591128,1.403361357934773,7.136069486383349,0.1186878390610218,16.77369327545166,3.2382115364074706,6.1457610607147215,1.9091501235961916,10.55120906829834,0.3838479280471801,1.0023151636123655,2.3560473203659056,1.4831679463386536,3788.0742431640624,100.08913040161131,466.90074462890624,192.46918792724608,644.498876953125,18.096902465820317,30.461456298828125,74.73121185302735,785.7028394699097,1321.6503490448,14593.3320004344,0.2258438495409791,525.0478704031557,373.3781950041652,3.262802160065621,14.563548617623749
333.676990747964,180.1575087614357,1.6729050209745764,6.225061700120568,0.1075189046561718,16.568462371826172,3.3988597869873045,6.35222544670105,2.1056065559387207,11.6783634185791,0.4220721155405044,0.9956436038017272,2.04382848739624,1.4993592262268067,3754.3288818359374,105.1764533996582,482.1730712890625,212.0603820800781,713.3975708007813,20.705734634399413,30.46112632751465,61.31937217712402,792.6696363449097,1266.8798822879792,14367.753851687909,0.2412560094351647,523.9515274669975,373.36475863307714,3.3842721017077566,14.501874058321118
342.0223227647599,176.7772010691464,1.5050391513854264,6.991331213037483,0.1295960754156112,17.425488090515138,3.584706544876098,6.309594345092774,2.0621785640716555,11.43191080093384,0.4074073135852813,0.9947030305862428,2.376705908775329,1.5238529920578003,3974.796923828125,110.7551124572754,478.8291290283203,207.72979888916012,698.2770141601562,19.50854549407959,30.434135246276856,74.67079696655273,804.5400941848754,1286.5810187339782,14533.04031690359,0.2407084147300338,538.4856970842927,373.1637429818511,3.318892673309892,14.48203479591757
324.2501347195357,181.5569990478456,1.3791074460372328,6.404693458392285,0.1292870089411735,17.209706687927245,3.33036048412323,6.402707052230835,2.14555082321167,11.90978536605835,0.3767595022916793,1.012268602848053,2.1133172035217287,1.507816636562347,3842.79794921875,102.8384391784668,486.093896484375,216.04073638916012,727.5045532226562,17.69839153289795,30.45944881439209,64.64585647583007,791.113505935669,1242.2543889045714,14256.524656629565,0.2431331725558266,525.5809023268521,373.4927891537547,3.2458591937087475,14.502927564270797
323.87829198976976,175.636550646089,1.353241339791566,7.45528814534191,0.1045088492333889,16.012294960021972,3.4115835666656493,6.189564037322998,1.9440924882888797,10.743171691894531,0.3519714891910553,1.002747404575348,2.351082372665405,1.47946617603302,3620.216845703125,105.2660514831543,470.4653778076172,195.98652191162108,656.1509033203125,16.454515075683595,30.42963981628418,75.76846008300781,790.8923819541931,1278.8694228172303,14357.81251193285,0.2328378487713052,516.1773431088775,373.4871408700943,3.236944933887571,14.551847582682967
331.2364721100777,177.37928306870162,1.4376781581901017,6.462782737775706,0.1273002117872238,16.053293800354005,3.457110381126404,6.269176435470581,2.016673803329468,11.177929019927978,0.3927652269601822,1.0095030665397644,2.1359504222869874,1.4709783792495728,3648.426049804688,106.98233032226562,475.8878601074219,203.18453979492188,682.6842407226562,18.620165634155278,30.42520904541016,65.3547462463379,797.4299831390381,1304.156023979187,14633.182730555534,0.2384477394662099,519.3450699269772,373.31568753421305,3.280820202641189,14.547512018866836
321.9099565754179,169.77496716771276,1.340859648399055,5.996339324885048,0.1174134418368339,15.464442348480224,3.1619040966033936,6.095721340179443,1.8584211945533755,10.245455360412596,0.3704033344984054,1.0113104701042177,2.093939280509949,1.4427025318145752,3536.8227783203124,97.76663970947266,463.394662475586,187.4248062133789,626.1026733398437,17.237225341796876,30.45259609222412,62.01516494750977,786.8908874511719,1369.5924010276794,15054.030574047563,0.2244426291726995,514.411873878166,373.63191433399913,3.25395921766758,14.629102800041435
325.1498426314444,174.6172243068926,1.582165826112032,6.640355433407239,0.1067377544939518,17.1960205078125,3.288719582557678,6.113807821273804,1.87267861366272,10.349201107025149,0.4123691797256469,1.0087270736694336,2.194340634346008,1.5138460755348206,3895.212548828125,101.80921478271485,464.8483795166016,188.8224548339844,632.0262084960938,19.978964614868165,30.439849853515625,67.92367248535156,790.7402091026306,1325.5132660865784,14608.101675188542,0.2264331599173601,531.6904319748282,373.2569117426872,3.348414713330567,14.526309652999045
324.9658637254033,181.01821912210437,1.4542177424766125,6.465034324047156,0.1271022960543632,16.849746322631837,3.253619146347046,6.227952909469605,1.945742380619049,10.75892457962036,0.3981755882501602,1.0093141794204712,2.098616361618042,1.496225905418396,3797.400927734375,100.66814193725584,472.9045104980469,196.12505950927732,657.1972595214844,18.919632720947263,30.47544593811035,64.34074554443359,801.8055728912353,1287.4688963890076,14422.870738637448,0.2277128124187584,526.9754909306764,373.29977436363697,3.293003263231367,14.534691749699414
317.80537525685503,178.9250760496594,1.2995418001897634,6.727997729368508,0.1155601814389228,15.976196193695069,3.162503910064697,6.305769729614258,2.0459505796432493,11.343146133422852,0.3516615867614746,1.0063828229904177,2.221664428710937,1.4659717798233032,3579.1302001953127,97.9118637084961,479.3018676757813,206.1022979736328,692.7318969726563,16.247717666625977,30.461565017700195,69.02649459838867,760.8904706954957,1289.9565507888794,14396.368121874331,0.2362275967388996,512.6043750375509,373.62819311916826,3.228773336205632,14.566898502968252
340.83432649681345,175.21148949377238,1.4215458956547082,6.860086373286322,0.1119073018431663,16.480571365356447,3.334328460693359,6.146875047683716,1.9006857037544247,10.486169338226318,0.3560143738985061,1.0100945234298706,2.3479839324951173,1.4992823243141171,3800.198779296875,103.02407760620116,467.3001708984375,191.62940826416016,640.8375061035156,16.876228523254394,30.427395057678225,73.63469619750977,808.7592103004456,1352.917913532257,15027.016593933104,0.3108321609324775,529.2315777394921,373.0880200088024,3.247196593787521,14.532317887991669
345.9046621993184,179.32652117349207,1.3565752414986492,6.199553061788902,0.1285974964499473,16.915057754516603,3.621905708312988,6.318059396743775,2.063626194000244,11.472348022460938,0.3510799676179886,1.004932940006256,2.0121276140213014,1.4891926527023316,3886.4973388671874,112.07540740966796,480.2635345458984,207.84700927734372,700.3430786132812,16.433917999267578,30.436641693115234,60.403435134887694,784.8981084823608,1215.4319846630096,14010.271340465546,0.2439492040823097,527.2598967213183,373.6426295414567,3.231736137252301,14.53889815416187
334.3621125310659,168.55272752158345,1.3621492899022996,6.240597112127579,0.1097336687147617,16.8047945022583,3.4976529359817503,6.1841028213500975,1.906477117538452,10.566293811798095,0.3691068172454834,1.0046529650688172,2.090696334838867,1.5075445413589477,3884.090673828125,108.26267013549804,469.6119812011719,192.22366333007807,644.6225952148437,17.277025985717774,30.466039085388186,63.00961685180664,791.1937440872192,1333.3503390312194,14774.969521284103,0.2234684074501274,537.1778329391033,373.51725704967976,3.2440799093805253,14.54709566552192
334.9678217822686,167.6529478961602,1.5273554337210953,6.359649327723309,0.1081343576312065,17.318498420715333,3.267265796661377,6.062044143676758,1.8404636144638065,10.137631702423096,0.3764315813779831,1.006275653839111,2.131444883346558,1.5189839005470276,4002.364184570312,101.15729675292968,460.3217254638672,185.63968048095705,619.6139099121094,18.175757598876952,30.44256591796875,64.74533767700196,799.333864402771,1404.4523263931274,15441.123382139203,0.2257682726572966,540.2815972879529,373.0315946474672,3.2731756512075663,14.533230485022068
324.4542478270363,175.63264305088668,1.6237961499020457,7.098723251582124,0.1228822849690914,16.179299926757814,3.308239555358887,6.203523063659668,1.9379626512527464,10.696981143951415,0.4150866627693176,0.9946775197982788,2.4860681772232054,1.4680402040481568,3680.11748046875,102.3105842590332,471.5814605712891,195.34781341552736,653.6460693359375,20.232028770446775,30.48305950164795,78.47334747314453,791.4486728668213,1341.026684331894,14873.714344990254,0.2305922417290276,522.4492570757866,373.4659903302789,3.3631952769123017,14.581517250463367
327.42040893230586,180.5683467175812,1.6319963381625713,6.954125109710731,0.1235908560454845,16.979227447509764,3.3881845235824586,6.222570848464966,1.9549415946006772,10.827713108062744,0.4366418808698654,0.9983035087585448,2.230243992805481,1.4853315591812133,3846.788427734375,104.96358261108398,473.1165771484375,197.0274932861328,661.0695068359375,21.24213104248047,30.48347587585449,70.02283096313477,788.956619644165,1257.9156360149384,14251.131698584555,0.2311010445700958,527.7489459134638,373.4845626145601,3.4026945986784995,14.55960126016289
327.9940639496781,172.55731245353817,1.7450493243522942,6.813426291220821,0.1225328728556633,17.3351770401001,3.369863772392273,6.097683668136597,1.8620453357696531,10.293145370483398,0.4338592946529388,0.999612945318222,2.3819011926651,1.4910731196403504,3941.6525634765626,104.31074905395508,463.0384033203125,187.75430603027343,628.574658203125,21.460367012023926,30.469237899780275,74.1779541015625,778.808438873291,1294.6121509552,14400.164081251622,0.2264836856222246,532.6909036785364,373.3769111558795,3.423274496104568,14.567360830679537
327.40533251781017,173.3748549742624,1.5950600665993988,7.251893338235095,0.1196571893990039,15.983390998840331,3.2571255445480345,6.109167098999023,1.8604726552963256,10.248892116546632,0.39418044090271,0.998299878835678,2.5120466709136964,1.4573934435844422,3670.6552490234376,100.44639053344729,463.967333984375,187.655419921875,626.3609191894532,19.18693809509277,30.47586250305176,79.97911224365234,795.0017827987671,1393.1528451919555,15332.507184076308,0.2287185212655458,521.807622044161,373.3240720495581,3.3205787427723408,14.602974158152938
327.0342228897847,177.63365916777403,1.3609469051472842,6.653713151300326,0.1206532150506973,17.41944751739502,3.4527016162872317,6.216499280929566,1.9573349237442017,10.80617036819458,0.37701475918293,0.999912875890732,2.177021336555481,1.514597809314728,3941.2636962890624,106.47158889770508,472.6088531494141,197.29414978027344,660.331298828125,17.636977767944337,30.437168502807616,67.2039810180664,798.8992359161377,1356.150772666931,15012.1625770092,0.2337310129325487,536.5486394044012,373.13486807346345,3.2469931345433,14.517703248374165
333.5525681050029,181.2828246433288,1.719336441811174,6.663215235690586,0.1069934427738189,17.5245662689209,3.5224504470825195,6.349642992019653,2.0813063859939573,11.531761837005616,0.4222873270511627,1.0082552433013916,2.26566264629364,1.5340333819389342,3940.88984375,108.89921951293944,482.289306640625,209.6919189453125,704.2952209472656,20.8553861618042,30.438300704956056,70.34923400878907,791.405033493042,1266.0458290576937,14344.96702580452,0.2437819684826536,532.3008355688304,373.252586235106,3.39304082300514,14.467896186560392
334.98180880225266,176.65091057382523,1.3777418116107585,6.704276421759277,0.1070702880620956,16.529020309448242,3.5245007991790773,6.232231140136719,1.9562787175178529,10.831220722198486,0.355845433473587,1.0068498849868774,2.2999427318573,1.4935126543045043,3775.7912109375,109.14287338256835,473.0462493896485,197.15176696777343,661.3475646972656,16.72306308746338,30.42992401123047,71.36459884643554,789.4075441360474,1254.7508708000182,14162.53775177002,0.2303101546276593,523.4350031524897,373.4244264394045,3.2392832793295385,14.535146135650574
328.80628981711345,176.58678868357092,1.4067128063179553,7.2370830132626,0.1078895680606365,17.31572551727295,3.4158561706542967,6.273928117752075,2.0056517839431764,11.135514736175535,0.3597182303667068,1.0014680862426757,2.426102495193481,1.516571283340454,3894.2239013671874,105.80216979980467,476.5054962158203,202.1122985839844,679.5286315917969,17.00914936065674,30.48044204711914,77.43528213500977,784.5453760147095,1248.8669563770295,14227.6248801589,0.2375370842040865,529.8622006073595,373.5938697427511,3.240614360850304,14.515552976727486
319.9954745111056,181.15377971017733,1.5177413959987462,7.201965728867799,0.120207429677248,15.499897861480711,3.2378894090652466,6.25239896774292,2.0048044681549078,11.132637786865237,0.3720423996448517,0.9994326233863832,2.504680681228637,1.4569091558456422,3498.7449462890627,100.34314651489258,475.2645172119141,201.95386199951173,679.6556335449219,17.93252944946289,30.47418212890625,79.6361686706543,792.0549166679382,1317.6027219772338,14679.233217453955,0.2376826748877647,511.2974690701813,373.3326623544097,3.2727302108891307,14.563979952596128
322.29513095626606,174.4626219175756,1.349100340064615,6.366920267581008,0.1108793161809444,15.538010501861573,3.3026560306549078,6.256725692749024,1.977487075328827,10.963381004333495,0.3625709563493728,1.003581953048706,2.1813257932662964,1.4399186730384828,3530.655712890625,101.99520263671874,475.1005920410156,199.3058029174805,669.2721557617188,16.915453147888183,30.422097587585448,65.99626007080079,755.688822555542,1086.5497601509094,13559.274185299872,0.2992768294177949,508.2084780965,374.2386521145701,3.2479791335761545,14.626161289215087
327.63815488475376,177.43977603074163,1.331043250579387,6.345603486755863,0.123413310945034,16.607783699035643,3.323443388938904,6.295096015930175,2.0503124475479124,11.365960311889648,0.340364795923233,0.9989346265792848,2.049259305000305,1.484461236000061,3753.95498046875,102.70955657958984,478.5579132080078,206.5461410522461,694.1083679199219,15.852779197692872,30.439682006835938,61.96635627746582,795.3299753189087,1252.502419948578,14252.860427820682,0.2298037620887044,522.8330412648618,373.4356620118022,3.2238001648336647,14.539494846388695
343.4383734184783,182.4475287672132,1.3618007791228592,7.025592648470775,0.1229781724512577,17.393957710266115,3.5166104555130007,6.364113092422485,2.1056241750717164,11.692184734344483,0.3646523386240005,0.9974310398101808,2.4186176538467405,1.5173853039741516,3960.9247802734376,108.9048698425293,483.6910034179688,212.0611770629883,713.9734924316406,17.082569694519044,30.422216415405277,76.17606124877929,802.1846061706543,1231.9753863811493,14164.706735634803,0.2426151846579159,535.7720129471272,373.32785682827233,3.235019755084068,14.490799691341817
330.04399421063715,168.89648467358202,1.3043998710811138,6.701608805451542,0.1020987525582313,17.167991065979002,3.388519597053528,6.12258939743042,1.8725589156150817,10.326416015625,0.3528878659009933,1.0015783309936523,2.173038148880005,1.521069383621216,3977.697094726562,104.63773651123049,465.0650329589844,188.8348510742188,631.0176940917969,16.331055068969725,30.45032119750977,67.32382202148438,787.2331838607788,1390.914309120178,15187.72988526821,0.2272058810238377,541.8925576470792,373.1773817464709,3.2240665584802626,14.52578781284392
333.5569325066172,167.47141111847014,1.5728317708708346,7.411892559821718,0.1264646708965301,15.991946411132812,3.2160329580307008,6.10481538772583,1.905273532867432,10.504442977905274,0.4163467556238174,0.9988756239414216,2.520760917663574,1.458729863166809,3698.169580078125,99.64295196533205,463.3498046875,192.0909851074219,642.068798828125,20.12526550292969,30.43452682495117,80.88152160644532,800.1229487419129,1434.313998413086,15872.923684668542,0.2331593847615295,523.8791036695242,373.1718051925301,3.3557159753516315,14.581500986218453
350.0494451304432,176.0855545331724,1.63441494833678,6.274272966617718,0.1302956566214561,17.584674263000487,3.6148016929626463,6.291102647781372,2.0576399326324464,11.413914966583253,0.4185516685247421,0.9990986585617064,2.18525493144989,1.510557126998901,4055.69072265625,111.88563995361328,478.0581939697266,207.269548034668,696.9603759765625,20.427363777160643,30.47429656982422,65.90741195678712,804.9342911720275,1235.9688474655152,14203.942168843749,0.2313539828857756,540.2779686890542,373.4154173508287,3.369302706979215,14.509542923606933
329.6474674996454,175.60263392375782,1.684270326513797,6.092145841475576,0.1144407771527767,15.88729543685913,3.489239430427552,6.220005226135254,1.9780460715293884,10.950115966796876,0.4051647245883941,1.006048560142517,2.13684675693512,1.4679917573928831,3621.4538330078126,107.68050384521484,472.7263244628906,199.3386962890625,668.7426635742188,19.955378913879397,30.455638885498047,63.7009765625,779.2935717582702,1313.7171953201291,14552.583445036413,0.2384134696083492,517.0291589412839,373.3455796256661,3.3582240163348613,14.559213222377002
322.6979420268908,172.66593989823014,1.2884884995408357,6.344526836508885,0.1140816152095794,15.669271469116213,3.189517998695373,6.163559913635254,1.921108722686768,10.617010974884034,0.3486345708370209,1.0012532472610474,2.11012728214264,1.452755582332611,3560.671948242188,98.48373870849608,468.1140502929687,193.66610412597657,648.5616516113281,16.05714225769043,30.47812271118164,63.88042945861817,784.6021625518799,1323.7346962928773,14594.43205231428,0.2284858154132962,513.4970166396349,373.4329757392407,3.2335057800635694,14.591972395218908
329.38835592106915,174.7074116723612,1.5072031699120998,7.0415279002860185,0.1301448196172714,16.625949096679687,3.4540170669555663,6.182306337356567,1.909691846370697,10.546841621398926,0.3693495094776153,0.995255172252655,2.3891947507858275,1.4844780445098875,3816.780200195312,106.51517944335936,469.6625213623047,192.53840026855468,644.2066772460937,17.774060249328613,30.48743057250977,75.23025894165039,797.7673818588257,1329.7357436180114,14799.957178187373,0.2291397859895369,533.4094436030834,373.46344536989926,3.2686561973765493,14.57266494501382
333.87218676074406,173.56673749592156,1.7626778322272003,6.660551650682464,0.11092534288764,17.065552520751954,3.3858793497085573,6.228690528869629,1.9877253890037536,11.012246131896973,0.4457458257675171,0.9974955320358276,2.302732968330383,1.5083078026771546,3884.9955078125,104.72097091674804,473.1140197753906,200.29855041503907,672.4580322265625,22.065664100646973,30.4809684753418,71.12445678710938,797.0418066978455,1254.345675754547,14275.215712594983,0.228447637980571,530.0390049513429,373.42826693058015,3.447332230769098,14.515671782940624
325.131294569606,167.12653332063928,1.5942029610276225,7.449287286843173,0.1147541753947734,16.699424934387206,3.285653328895569,6.097948408126831,1.873802638053894,10.32408504486084,0.3931856721639633,1.0055054545402526,2.3722918748855597,1.488279438018799,3851.7308349609375,101.5527847290039,463.4409576416016,188.98756561279296,630.9582824707031,19.140274620056157,30.445719146728518,76.49395217895508,789.8388158798218,1379.8520169734954,15214.69317446947,0.2233949273970211,534.5580453723669,373.3057445332408,3.317728508729488,14.569384532235564
349.5652740850113,181.5340605840087,1.5215657041408122,6.96399171538651,0.1142662063241004,17.642198753356933,3.57940788269043,6.23726806640625,1.9677284955978396,10.890618228912354,0.4105358511209488,0.9955658316612244,2.362261652946472,1.536289405822754,4079.030078125,110.67693862915038,473.725942993164,198.3116149902344,665.1456359863281,19.7047908782959,30.427907943725582,74.12347564697265,802.405487537384,1288.3089305877686,14424.71713089943,0.237117696912901,546.1521577529609,373.1708334892989,3.327991172950715,14.480979469232262
329.00555609483274,182.75180181209,1.3807245693169534,6.053530998062342,0.1161863662302494,16.55425033569336,3.4813231945037844,6.409298038482666,2.144081115722656,11.918163204193116,0.3679615914821624,0.9966125786304474,2.093782091140747,1.4872686624526978,3716.126147460937,107.6672706604004,486.5149780273438,215.88216705322264,727.9815063476562,17.295085525512697,30.477290153503414,62.083289337158206,786.7009492874146,1187.618910264969,13960.47484039068,0.2494845296780113,517.2556962493807,373.7968994528055,3.243991172127425,14.531089008413256
341.9574337280821,172.3261696564965,1.2672846954315902,6.576737109734677,0.1097833327949047,16.923765563964842,3.4733692169189454,6.181796026229859,1.929982316493988,10.655428695678712,0.3474682658910751,1.0069790601730346,2.154242038726806,1.5162203550338744,3926.107690429688,107.40887451171876,469.70765380859376,194.54611358642575,651.17587890625,15.948344612121582,30.41221218109131,66.37425537109375,803.8765909194947,1352.499447441101,15029.381113386156,0.3085013183226692,540.3944849692285,373.1572633072734,3.2153686828911305,14.515242659300563
332.29706528326494,171.9183170825243,1.4930971601977945,7.243743319320492,0.1150309942662715,17.377264976501465,3.4049395322799683,6.164194250106812,1.919219434261322,10.644239902496338,0.37335786819458,1.0086177587509155,2.3273149490356446,1.518207585811615,4003.354614257813,105.17392120361328,467.9629150390625,193.44669494628903,649.7200988769531,17.925251388549803,30.416093826293945,74.4481101989746,781.0635816574097,1340.967269706726,14705.493918323516,0.2330597075779223,541.9319993104785,373.0354334414005,3.264249587059021,14.510831378027795
333.0862713295035,173.50050119394436,1.7494018158875406,7.166965184453875,0.1065198436379432,16.373163604736327,3.3904369831085206,6.083801937103272,1.8375996470451357,10.121202087402343,0.4465100258588791,1.00393705368042,2.400457668304443,1.488456952571869,3794.31279296875,104.6909164428711,462.5760040283203,185.35840301513676,618.5535949707031,22.05819606781006,30.436813354492188,76.25607757568359,799.208697605133,1335.5345413208008,14895.557922565937,0.2199951618225895,531.1826199170202,373.51213251203296,3.447711262665689,14.571660860441623
328.36154115777464,174.28814333714544,1.2724592614918948,6.528335760720074,0.1179850861430168,15.87754487991333,3.2398460865020757,6.262414741516113,2.014676260948181,11.16985845565796,0.3500805556774139,1.0035609126091003,2.261356997489929,1.4713364481925963,3598.3670654296875,100.0656021118164,475.7620880126953,202.962614440918,682.1101867675782,16.07327995300293,30.456148147583008,69.36008071899414,779.6684581756592,1299.0220482826232,14483.765607655048,0.2379207141639199,514.3753106933087,373.2942994743586,3.225059978291392,14.548077318631112
340.88850172671954,188.3520669458434,1.4226490349508822,6.48706795303151,0.1036072649061679,18.181736564636232,3.621446204185486,6.39303879737854,2.09684534072876,11.613175773620606,0.3626462638378143,1.0012550950050354,2.1083589792251587,1.5496503710746763,4094.8851806640623,111.93000106811525,485.2930755615234,211.16008605957032,711.2059814453125,17.216030311584472,30.48257064819336,64.64625091552735,799.5635017395019,1163.640457868576,13745.841524076464,0.2585547217313433,536.4054980780929,373.39430599361657,3.2336122213862835,14.457591802440584
341.17835724996405,185.2832680055872,1.5485255062580108,7.058523629233241,0.1166480384767055,17.338923072814943,3.65044686794281,6.386771154403687,2.129679012298584,11.824655055999756,0.4082296043634414,0.9928319454193116,2.4077234983444216,1.5115826368331908,3932.9596435546873,113.02039413452148,485.44329833984375,214.43950958251952,723.0447937011719,19.689074897766112,30.45379638671875,75.86727828979492,793.5266557693482,1176.2353249073028,13872.104470288754,0.2450148064075619,529.0132268186659,373.4955253943801,3.330331502482295,14.499674310162664
333.0194882253651,186.11682841703296,1.3739757591858506,6.375739237479865,0.126159793138504,16.082407569885255,3.482073712348938,6.317578458786011,2.041634750366211,11.31895399093628,0.3578574419021606,0.9985828042030336,2.2030041456222533,1.472935438156128,3644.65517578125,107.73459548950196,480.3808013916016,205.685693359375,691.0778930664062,16.799525260925293,30.48634529113769,66.82183456420898,786.5431867599488,1241.4349936962128,14183.019698297978,0.2398357391517493,517.1327657353133,373.7162803083658,3.241835414990782,14.560767170973122
329.5982932487503,172.6595604615286,1.3423777610063552,7.11441370844841,0.1163449898362159,17.008480834960938,3.2706324577331545,6.147507667541504,1.903209674358368,10.50939121246338,0.3447171807289123,0.9972957372665404,2.3680967569351195,1.5043801188468933,3922.197509765625,101.2665771484375,466.6678649902344,191.8780715942383,642.1263061523438,16.08834762573242,30.48019027709961,74.96281967163085,798.7457520484925,1416.4934141159058,15476.14522987604,0.3106320225357194,540.9538215946407,373.0188926577568,3.2293878768570723,14.535720805078745
321.9173297532834,172.2442858733237,1.457435293029994,6.669801865285263,0.1122906148433685,16.63891143798828,3.20565984249115,6.228127670288086,1.9891613364219665,11.02737741470337,0.3827347874641418,1.011785864830017,2.2433581352233887,1.4932457447052,3741.835986328125,99.21851959228516,473.4477478027344,200.4446350097656,673.1415344238281,18.242288970947264,30.44479179382324,69.64063415527343,779.0676109313965,1259.725329875946,14253.836058151725,0.2294905915332492,521.693131692335,373.4596083253622,3.266478414088488,14.537623348832131
332.2293940320611,172.31408451385795,1.6551267212256788,6.836330457939766,0.1262401178479194,17.480573463439942,3.503380537033081,6.160228490829468,1.9208869814872744,10.601800632476806,0.410912612080574,0.994506299495697,2.319436550140381,1.513965654373169,4013.604736328125,108.19955596923828,468.09503784179685,193.6528518676758,647.8808654785156,20.138166427612305,30.486385345458984,72.27768783569336,799.6296275138855,1386.8041590690614,15380.595583426952,0.2309082693391246,542.6550928875804,373.0067922279239,3.3609700412489474,14.526682516001165
326.2774525529705,175.87978215608746,1.3259507817216218,6.443699488556012,0.1076353877782821,16.377492904663086,3.331075119972229,6.2343791961669925,1.9300943732261655,10.71771755218506,0.3537228226661682,0.996769231557846,2.075940656661987,1.488926112651825,3731.933081054688,103.01398239135742,473.3140258789063,194.5722869873047,653.71923828125,16.442059898376463,30.459241676330567,63.17413101196289,792.5126947402954,1329.5059659957883,14667.138958895206,0.2287432146724313,524.9719364263117,373.37977214604615,3.230855594109744,14.550786812603471
350.2147649533581,180.68101411182437,1.746963916439563,6.477138813445345,0.1060244634747505,18.210878753662108,3.642999196052551,6.358363103866577,2.0888808727264405,11.59122896194458,0.4410537838935852,0.9927741825580596,2.077822971343994,1.543371748924255,4173.92578125,112.489111328125,482.5275909423828,210.36941375732425,708.5627502441406,21.80591526031494,30.417140579223634,63.28207092285156,799.2069935798645,1181.2121430397033,13862.033075881003,0.2292237841087626,540.8290135953575,373.4403974995017,3.432985745742917,14.463981796056032
323.06253014823886,169.48120954539627,1.78004653993994,6.313812440540642,0.1043974161148071,16.78033103942871,3.19891095161438,5.819363689422607,1.8337570190429688,10.094437313079831,0.4287396967411041,0.9950352787971496,2.2120466947555544,1.4993582010269164,3870.967822265625,99.12045669555664,442.44129333496096,184.9720245361328,617.0880249023437,21.317749214172363,30.45757102966309,66.51985168457031,780.9246263504028,1352.1747962474824,14777.028832817075,0.2184219414630206,534.8552672293038,373.6323928460479,3.424018131289631,14.625248690135775
309.87384470328686,164.26181710623206,1.4233958513475955,6.380047364463098,0.1107253424823284,16.405057907104492,3.156482529640198,5.713286113739014,1.8524685978889464,10.242416477203369,0.3867924809455871,0.9910417258739472,2.08801462650299,1.4897966980934143,3744.8287109375,97.35555572509766,433.6160491943359,186.84173126220705,625.0450500488281,18.29559574127197,30.426542472839355,62.67195625305176,753.2821601867676,1404.3600308537484,15292.440807771683,0.2256396245531505,541.4095568865538,375.7716527819633,3.2732851332984865,14.745684039220214
322.07151852026584,166.07469641026108,1.592001206148416,6.9605230378452685,0.1104579970240593,15.424493598937987,3.189926648139953,5.991575193405152,1.8217517971992487,10.033656597137451,0.3886880755424499,1.000761616230011,2.235159468650818,1.4389777302742004,3543.3978759765623,98.64923400878908,454.7895843505859,183.77650146484376,613.234033203125,18.92289524078369,30.4048152923584,70.01408233642579,794.2259094238282,1418.7987003326416,15534.88240777254,0.2218702699668938,513.9588971786201,373.2668530225754,3.312314611207694,14.63291455246508
361.6718209680868,184.65263173095883,1.531191962491721,6.77157295900397,0.105683683604002,17.77269592285156,3.765533089637756,6.3841881275177,2.117774987220764,11.759055614471436,0.4126501500606537,0.9904735684394836,2.270336222648621,1.5372459888458252,4108.235986328125,116.31292190551758,485.08795166015625,213.25833282470705,718.5552062988281,19.83108310699463,30.43518829345703,70.33609390258789,801.742204284668,1163.7176878929138,13777.642148029803,0.3907052115173428,538.4688816688955,373.44373893737793,3.332189997844398,14.466239755600691
331.428962346958,170.56882201964035,1.5445292415097356,6.757074622204527,0.124088704586029,16.90726547241211,3.207332754135132,6.097090435028076,1.8855587601661683,10.415877628326417,0.3816193372011184,0.9961140751838684,2.3212841033935545,1.4872220993041991,3868.2903076171874,99.02499542236328,463.4825164794922,190.11432037353515,636.2082275390625,18.463870811462403,30.44046974182129,71.89166641235352,801.5639213562011,1309.3299496650695,14618.439439976217,0.2245203104481334,529.7363730993122,373.1733929783106,3.2858545244671404,14.557810830883682
330.568923773896,182.4297757542692,1.596101582236588,6.236910214694217,0.1135205365717411,17.683405685424805,3.4992507457733155,6.316147470474244,2.052635383605957,11.38403844833374,0.3880665481090545,0.9929376244544984,2.156103730201721,1.5318195223808289,3982.783032226562,107.9669059753418,480.0432983398438,206.7775436401367,695.0837585449219,18.9242280960083,30.4696102142334,64.70189819335937,805.8311067581177,1195.9864183425902,13970.003051185608,0.3071522448284668,535.7370352942496,373.52431590259073,3.301326209586114,14.488438224233686
324.6681042268407,175.94908526353538,1.4970670748502015,6.936916074901819,0.1186268858611583,16.48081684112549,3.2427648067474366,6.188233947753906,1.8925668954849244,10.456935787200928,0.3942686945199966,0.998478353023529,2.2100974798202517,1.479523730278015,3778.1572265625,100.10769958496094,469.77373962402345,190.8299087524414,638.4579772949219,18.88641815185547,30.42099380493164,69.168505859375,795.3291991233825,1325.5361896514892,14715.647246181965,0.2235981825273484,531.6770774234086,373.47045401632784,3.297498964332044,14.575237638503314
319.8742733440828,166.57105712648482,1.3462470264174045,6.829946480155923,0.1151345930993557,16.417973136901857,3.157726240158081,5.8655921459198,1.8538853645324709,10.308219718933106,0.3496625453233719,0.9924912631511688,2.256675124168396,1.485530436038971,3792.110546875,97.85788497924804,445.5654541015625,186.98966217041016,628.2097778320312,16.308617401123048,30.432228660583498,69.80236053466797,753.9295404434204,1396.631594538689,15265.200343847277,0.239408047121833,543.9696228593588,375.6842234775424,3.2457759005948903,14.714152767509225
333.76407187054866,170.71185906734317,1.676293901540339,6.928773471154273,0.1238528758287429,16.983339309692383,3.386373424530029,6.139555501937866,1.9062679052352904,10.544745826721192,0.4276969075202942,1.0013229250907898,2.2882510662078857,1.4852912664413451,3880.198388671875,104.60623703002928,466.3232299804688,192.18274688720703,643.8684875488282,20.970718574523925,30.44087600708008,71.71592330932617,777.403879737854,1292.1802478313446,14408.960780107976,0.2269046148547204,529.4644435007125,373.55735240131617,3.3973723688162862,14.566834197752176
346.8091568861622,179.54530379623174,1.6053535155020655,5.958815609058365,0.1125967033207416,17.612216758728028,3.582182574272156,6.285173177719116,2.04233295917511,11.328302383422852,0.4143488705158233,0.9987388253211976,2.124483108520508,1.5313323259353635,4067.2044677734375,110.7244758605957,477.70335693359374,205.74127807617188,691.6837097167969,20.14734268188477,30.46690368652344,62.659541320800784,800.2989873886108,1243.9842975616457,14145.98237107992,0.2323711193312192,542.2511542957276,373.33318891376257,3.354150485433638,14.480233369581402
342.212573654484,180.1636267481372,1.487885695323348,7.226461145887152,0.1220486938953399,17.964794158935547,3.495103931427002,6.25202579498291,1.9874855518341064,11.015138149261476,0.3925442039966583,0.9964619278907776,2.4317529678344725,1.5351531744003295,4108.768017578125,108.01694717407229,475.0959991455078,200.2853042602539,672.547900390625,18.78881015777588,30.490379333496094,77.49785537719727,800.6314352989197,1280.0450273513793,14377.304586827757,0.2330926844078931,544.095925379172,373.1500630497932,3.2865488852374254,14.485095703043044
326.3820677106734,173.29266888685524,1.4878896750509738,7.0904223043471575,0.1089693427085876,16.982468032836913,3.1897043228149413,6.153848934173584,1.891365361213684,10.437256336212158,0.3686714261770248,1.00249445438385,2.261773681640625,1.5032807826995849,3883.457080078125,98.64925765991212,467.6493896484375,190.70268707275392,637.7607177734375,17.68464756011963,30.43975257873535,71.58423385620117,785.7193321228027,1383.2899397850038,15167.632995581627,0.2311465948703698,534.6665602430701,373.219029083848,3.263053183164448,14.541977021098138
318.35645790197884,179.98371042469518,1.426341307349503,7.288100598263554,0.1245696902275085,16.05561008453369,3.277805280685425,6.253482341766357,2.008208417892456,11.113233852386475,0.3571547150611877,1.0006688833236694,2.344990086555481,1.4722667455673215,3609.579858398437,101.47514572143557,475.4752868652344,202.3510513305664,678.8449157714844,16.94226188659668,30.48522663116455,74.95945053100586,775.5251344680786,1329.532695865631,14629.82425698042,0.240582577670284,516.4130401648581,373.29591038376094,3.2503654211759567,14.552240336686372
330.3649076523725,173.36189709138125,1.428055230155587,7.318997625168413,0.1046088442206382,16.88343391418457,3.3546305179595945,6.227907323837281,1.9756366968154908,10.94357976913452,0.3820316344499588,1.0015446662902832,2.3488900661468506,1.5091772079467771,3825.201806640625,103.86662902832032,472.73375244140624,199.09367828369145,668.2790649414062,18.11157569885254,30.42825126647949,75.21669158935546,796.0093047142029,1264.9040022850036,14307.278070771694,0.2300161336563178,527.1994468271732,373.41254783272745,3.2593989006243644,14.511436110548676
322.00682399226355,184.5507625836879,1.3411536461673677,7.041020296094939,0.104982104897499,16.370213127136232,3.1881977319717407,6.333243465423584,2.0664284944534304,11.45115909576416,0.366072416305542,0.9990115165710448,2.458965611457825,1.48969624042511,3670.2988037109376,98.59266662597656,481.448471069336,208.1492706298828,699.5007202148438,17.064295768737793,30.48402214050293,77.6108512878418,797.6944206237793,1225.4512285232545,14116.48044717312,0.3200263541104505,517.2063314773143,373.6060841143132,3.237707829847932,14.527660982497036
312.19115836091805,167.1741286667995,1.3463043188676238,6.836737212026492,0.103681518882513,16.4365140914917,3.107379364967346,6.051433229446412,1.8545941948890683,10.322126579284667,0.3497266054153442,0.9969928383827208,2.191641902923584,1.4849633932113648,3682.239721679688,96.14771347045898,459.8401397705078,187.0513153076172,628.3463928222657,16.32396183013916,30.42230529785156,68.00422973632813,742.7507408142089,1331.3603743314743,14577.63591477871,0.2337374832859495,524.2866990759969,375.5995303928852,3.237174797710032,14.67413361314684
333.3237146193627,170.81570487357675,1.4783561046235263,7.124483765196056,0.1302424117922783,15.86825771331787,3.4556462287902834,6.1316571712493895,1.9033284425735475,10.497305202484132,0.381897509098053,0.9903188347816468,2.405415725708008,1.460281491279602,3677.0550048828127,107.04562377929688,465.98826293945314,191.91808624267577,641.5263427734375,18.26561660766601,30.4273063659668,75.7857452392578,791.7243087768554,1404.5081978797912,15449.998635685444,0.2319342791335657,525.404907746613,373.1531183794141,3.274093962833285,14.586888198554515
324.27432502862064,175.40985326971858,1.52432848373428,6.449842829303816,0.1177525036036968,16.92909812927246,3.428433990478516,6.285928058624267,2.037571907043457,11.318100357055664,0.3986397445201873,0.9994632601737976,2.0967419385910038,1.4973172903060914,3810.3073486328126,106.03778533935548,477.5268707275391,205.26653900146485,690.7414367675781,19.17525444030762,30.48284149169922,63.97632522583008,777.2906675338745,1257.305330133438,14247.661827492711,0.2329549156274879,526.0122430115938,373.4217459350824,3.30942259458825,14.52884900290519
319.1773966469802,163.8390473043546,1.6698370997793972,6.814236478926614,0.1034229397773742,16.16263771057129,3.281857442855835,6.054715871810913,1.8342080116271973,10.106935405731202,0.4299391508102417,0.9992948174476624,2.1793855667114257,1.4711421489715577,3665.090673828125,101.48475646972656,459.68267822265625,185.01578216552736,617.678369140625,21.05067024230957,30.43121719360352,67.74335250854492,787.2791397094727,1379.598412132263,15168.847247946262,0.2179967447373201,518.8514493875206,373.3645897343755,3.401782584376633,14.594619639217854
346.71543778856284,178.81100005209447,1.541760771162808,6.8707517891423775,0.129455429315567,17.977626419067384,3.6640589475631713,6.259600210189819,1.995656490325928,11.063412380218503,0.4014647364616394,0.9919685006141664,2.220171523094177,1.5336906671524049,4138.49970703125,113.48377304077148,475.44154663085936,201.0614486694336,675.5862670898438,19.362976837158204,30.431128692626952,69.23480606079102,798.8558362960815,1281.120189857483,14393.855740118026,0.2377113382084644,547.2865324050188,373.1460266038776,3.3159973273985086,14.484455161169173
339.08290412453937,174.4550191178918,1.3707809491083025,6.790514820325188,0.1060097388923168,16.139589881896974,3.422763991355896,6.175187635421753,1.906833827495575,10.522286224365237,0.3545286238193512,0.9951190769672392,2.401638650894165,1.489236867427826,3723.401220703125,106.02060928344729,469.0431457519532,192.2545593261719,642.9910827636719,16.634876441955566,30.48131923675537,74.60838394165039,803.706236743927,1349.555982732773,14977.38298547268,0.3110738159390166,525.635403092578,373.2407888963818,3.2398519988171754,14.548069693893192
315.07579511995425,171.10295193139464,1.3937076572328806,7.21245215930976,0.1133443690836429,15.045711517333984,3.154305672645569,5.9571105480194095,1.8276436448097229,10.068750858306885,0.3542088955640793,1.0046422481536863,2.3613970041275025,1.4238126397132873,3483.987255859375,97.66939239501951,452.5237121582031,184.364274597168,615.3246215820312,16.67354679107666,30.42271041870117,75.01825180053712,792.4647766113281,1373.0174396514892,15061.370218741891,0.2985461534495698,513.3187810938805,373.49834008216857,3.2587418468669056,14.671574523113668
332.46979407952165,181.8327252211049,1.5503563190810383,6.727387905539945,0.1292571634054184,17.032085609436034,3.491278290748596,6.3202760219573975,2.075636124610901,11.511169242858887,0.3894500076770782,0.9979779720306396,2.246012496948242,1.5056396126747131,3855.338159179688,108.17177886962892,480.2811706542969,209.0645004272461,703.083154296875,18.844611358642577,30.43944549560547,69.5877471923828,800.7936578750611,1247.542296123505,14240.835091924668,0.2371964670630404,530.6653053011745,373.394965288043,3.2969533909112214,14.506051549501716
355.6349005114753,177.81040888186544,1.6785987744107842,6.653582839714363,0.1084650367498397,17.900125885009764,3.6364288568496703,6.318790531158447,2.047476625442505,11.316068077087404,0.4456386476755142,0.9996943473815918,2.1980491399765016,1.5325246572494506,4130.531396484375,112.2891128540039,479.55165710449216,206.3017990112305,694.2985046386718,21.80549716949463,30.475481033325195,67.96578903198242,794.8950584411621,1175.185879278183,13835.318247878551,0.3862375527576659,538.7759867522866,373.480575196445,3.427187877893448,14.48669128064066
319.0879218453541,180.07093061069023,1.319640013575554,7.399928072188049,0.1280531376600265,16.053822708129882,3.3813705444335938,6.294748735427857,2.027715301513672,11.251429462432862,0.3431264221668243,0.995783269405365,2.38708815574646,1.466026508808136,3603.2875244140623,104.27944946289062,478.3687316894531,204.28311462402343,686.8360046386719,15.931204891204834,30.429424285888672,76.46218643188476,776.5929824829102,1240.5701993465425,14176.939680123329,0.23520151067205,513.7691893845797,373.6936568796635,3.228452205378562,14.56996984668076
362.7755680847913,184.58328836318103,1.4321595991961658,6.827458785288036,0.117416164278984,18.56499691009521,3.776204657554626,6.467380237579346,2.2176363468170166,12.292521286010745,0.3741057991981506,0.9981772065162658,2.337443280220032,1.561769473552704,4243.834912109375,116.77840118408204,491.1194396972657,223.2173110961914,752.9144653320312,17.78557243347168,30.4816951751709,73.06144714355469,797.4154334068298,1167.0770273208618,13833.48348546028,0.2668052316701505,544.370368667692,373.29939118772745,3.238776399940252,14.434188384003935
333.58929160209374,179.90686789676548,1.4171385946683586,7.420099043892696,0.1162722833454608,17.58202362060547,3.4763370752334595,6.27497787475586,2.0254655838012696,11.227828407287598,0.366068822145462,0.9953044414520263,2.5293697118759155,1.528140330314636,3966.049560546875,107.69569702148438,476.9372985839844,204.0639617919922,685.6017944335938,17.34040184020996,30.46529197692871,81.2863784790039,782.7979433059693,1302.4781061172484,14501.37104138136,0.2461790601009852,535.0876911759376,373.1521485194564,3.244622472021729,14.48674568478018
337.3781696564518,177.67701629810034,1.681536153703928,6.017405426618643,0.1066255055367946,16.951528549194336,3.470083546638489,6.249321174621582,1.9630738973617556,10.89460802078247,0.4371178925037384,0.9975231111049652,2.160497498512268,1.5151692986488343,3875.41708984375,107.39545440673828,474.98463134765626,197.8669677734375,664.415478515625,21.42283687591553,30.48885860443115,63.97728309631348,799.8218335151672,1306.7137542247772,14629.63981422186,0.2316263091401197,534.4333215188235,373.3475715920329,3.413435183558613,14.519888667203483
336.6898483300116,177.3939962730743,1.3457410820759832,6.435469473619014,0.1072462625801563,16.9793643951416,3.5217921257019045,6.210551166534424,1.9537296175956729,10.805397033691406,0.3524502426385879,1.007986307144165,2.245768046379089,1.5111452221870425,3869.220751953125,109.02968368530271,472.0668914794922,196.9194808959961,659.9557006835937,16.460751914978026,30.459102630615234,68.67760696411133,801.8500226974487,1297.505733394623,14469.988374447825,0.3122392593228141,531.2846829697489,373.2387958034873,3.2296403005719183,14.512542089261114
328.4052521377336,181.57494739275427,1.3060583964921535,6.601929193828255,0.1108960784971714,16.30217876434326,3.478012228012085,6.28180193901062,2.0145859718322754,11.16362648010254,0.3522524356842041,0.9977039098739624,2.2973675966262816,1.489372718334198,3683.427880859375,107.74809799194335,477.0272247314453,202.98467102050785,681.7104309082031,16.305344009399413,30.47230339050293,70.67940979003906,795.5708653450013,1281.2482705116272,14385.750228714944,0.2427447159599978,520.514298101142,373.2382248476148,3.225887487549335,14.5242753976956
315.2239952542353,162.4213701447472,1.6024899042211471,7.29874730380252,0.1303705930709839,16.15687999725342,3.1112064123153687,5.797666072845459,1.862275195121765,10.271087169647217,0.4071692168712616,1.00757178068161,2.427688217163086,1.4703126311302186,3728.4228271484376,96.16044158935549,440.6177947998047,187.81635589599608,627.5906555175782,19.797946548461915,30.43523063659668,77.38070526123047,760.3842315673828,1416.054702603817,15606.225530147552,0.2066758452216163,543.3855195067823,376.0263538330793,3.3482006882317363,14.773095662891864
316.8598746772856,165.48817913811655,1.4091849881224334,6.054906651424244,0.1186319783329963,15.70764045715332,3.1428826570510866,5.887052059173584,1.8348454117774964,10.107624530792236,0.3796103566884994,1.006797194480896,2.1150571584701536,1.4498937010765076,3595.4767333984373,97.35253067016602,447.6136993408203,185.08159332275392,617.7441955566406,17.909093856811523,30.42256164550781,62.62575759887695,793.4680626869201,1363.104535484314,14995.915175569058,0.212734788749367,518.5205176543444,373.68328065574167,3.2691035725176336,14.664896881580352
325.3192697321996,172.29869995396584,1.3157437673769892,6.943530336534605,0.1102773509919643,16.139208984375,3.340156483650208,6.148962831497192,1.8830732464790343,10.385795211791992,0.3494363784790039,0.9991033673286438,2.298217749595642,1.4729941010475158,3713.683764648437,103.04724960327148,466.6597137451172,189.8860107421875,634.7107971191406,16.20020866394043,30.43546295166016,71.99398880004883,789.4804978370667,1396.2677321910858,15223.627280139925,0.2283798541349824,526.525828417018,373.311768001318,3.2336429164744915,14.57529206238687
323.0898759264499,182.70821558143945,1.4161489165388048,6.4956518013961615,0.1067497320473194,16.013813018798828,3.310038447380066,6.362497138977051,2.088608169555664,11.593255233764648,0.387405714392662,1.0003710985183716,2.16028413772583,1.474880373477936,3603.3888671875,102.25564651489258,483.0485137939453,210.3591278076172,707.9148864746094,18.312357330322264,30.46868133544922,66.06995544433593,786.4353514671326,1220.033690214157,14047.430543088913,0.2365016364812618,513.1059133991599,373.6684137031436,3.2639102209359407,14.543201109580696
325.88953654500654,175.39797448469326,1.6792132484726607,6.470690958434716,0.10785913169384,15.88106279373169,3.298462414741516,6.199216604232788,1.9534129858016969,10.814887237548827,0.4388649702072144,0.9966106414794922,2.1921460151672365,1.4710615754127505,3608.9921875,102.0050765991211,471.0555541992188,196.8795333862305,660.4269836425781,21.49127693176269,30.480817794799805,66.8263168334961,782.2153732299805,1284.7489163398743,14379.15420677662,0.231681633622793,515.1228987388313,373.5639032304287,3.418577741086483,14.561829207651318
352.34210964720694,185.6117627204396,1.3769180413335562,6.722029984660912,0.1310687899589538,18.63572463989258,3.7533663749694814,6.468446969985962,2.23120379447937,12.375663661956787,0.3753067761659622,1.0126829028129578,2.183393669128418,1.5602139830589294,4208.79716796875,116.06660766601564,491.79188537597656,224.57046661376955,757.7645385742187,17.64472312927246,30.457489013671875,68.20675888061524,808.8243335723877,1146.3093567848205,13797.266935634612,0.269053650276328,541.8851156163961,373.3399448081851,3.232216230314225,14.436299539543688
321.5728336703032,181.3150168504566,1.6311217660084367,7.388061516778544,0.123637069016695,15.711341953277588,3.221424198150635,6.255686521530151,1.9582619309425355,10.851905918121338,0.4230903595685958,0.993927240371704,2.3094820022583007,1.4577677965164184,3548.21943359375,99.75550765991213,474.8594451904297,197.37557220458984,662.5012756347656,20.62010250091553,30.4243221282959,73.86190567016601,791.4507905960083,1254.930488872528,14272.636478471755,0.2303879818180575,512.1659307923168,373.543536876142,3.3792469883337617,14.576429333351552
320.90684964200483,179.6126043956727,1.7601240834221243,6.689060067711398,0.1231515139341354,15.747730922698974,3.4569838523864744,6.366790962219239,2.11053638458252,11.717044162750245,0.4509174793958664,0.9924713373184204,2.221969509124756,1.458744740486145,3533.7678955078127,106.81091079711912,483.5111602783203,212.54656677246092,715.5536865234375,22.2965877532959,30.438037872314453,68.41789321899414,761.9131561279297,1261.4146525859833,14359.446958637238,0.2450545647297985,509.21666819565,373.63157838433983,3.4567090407013894,14.56227257102728
335.3901389751583,167.83109059333802,1.4858644825406373,7.085851344023832,0.125768019258976,16.519777297973633,3.240556573867798,6.086580657958985,1.872347092628479,10.312915325164797,0.3790044963359832,1.0036582350730896,2.2374356031417846,1.475902259349823,3809.5989501953127,100.341015625,462.6604370117187,188.83417205810548,630.3580505371094,18.15501708984375,30.43865718841553,70.76524810791015,796.2238166809082,1390.164569568634,15390.389430463314,0.2280693109991261,529.823444538191,373.2961580708623,3.273553129285574,14.584651554003358
338.9557272941805,176.23181871864944,1.3489946251735092,6.511404411518015,0.1035323813557624,16.333053398132325,3.574535346031189,6.282917308807373,1.9871242880821227,11.05991506576538,0.3664602249860763,0.9978204369544984,2.1551074743270875,1.502796506881714,3756.08720703125,110.29293670654296,476.9354095458984,200.29476318359372,674.5052490234375,17.112012100219726,30.458281898498534,65.92703399658203,800.0440833091736,1314.5597149372102,14640.817739117145,0.2333709761704085,527.5479526724666,373.34419073164463,3.238028052262962,14.520918587222695
318.0299118843861,176.98211134579032,1.4913919075392186,6.117998378397897,0.1073153346776962,16.357272720336915,3.281397795677185,6.286326360702515,2.0258510589599608,11.220466041564942,0.3674241334199905,1.004177451133728,2.0895755767822264,1.487672960758209,3657.02685546875,101.34174728393556,477.0900207519532,204.1064880371094,685.3912658691406,17.63891429901123,30.442615509033203,62.37819938659668,782.9757843017578,1320.6481412410735,14644.41515444517,0.2436104892956791,516.5804403044283,373.26422915160657,3.2617807096801696,14.523782880790533
336.8746827580966,185.62591361701487,1.3014920907095076,6.405893960827962,0.1298627197742462,17.03734359741211,3.4399250984191894,6.326365900039673,2.04274263381958,11.334702587127683,0.3594181090593338,1.0083487391471864,2.203861451148987,1.4962284564971924,3871.34736328125,106.32211380004884,480.6826934814453,205.8009475708008,691.9102294921875,16.613572311401366,30.42094135284424,67.18817749023438,812.5071872711181,1167.4401674747469,13834.551667129994,0.3199059308666619,528.3322667296976,373.6484281346202,3.2284144132398067,14.529011268168688
333.150456635328,188.20080021154132,1.638352865166962,6.658739895164035,0.122210743278265,17.07681999206543,3.511396718025208,6.484692335128784,2.200612044334412,12.051961898803713,0.4100907444953918,0.9987026393413544,2.106006503105164,1.504340159893036,3831.564404296875,108.63848190307615,492.4074981689453,221.44559020996093,742.234521484375,20.053658103942876,30.40380687713623,64.96976776123047,802.0393465042114,1128.1546846866609,13703.443438959122,0.2577520103135612,522.5795647870749,373.6746130675077,3.35364957600832,14.50093255508691
310.57260947516187,158.13235232010484,1.5616702882573008,6.266385258641094,0.1089367546141147,14.781353092193603,3.006588339805603,5.529545068740845,1.863823914527893,10.2778715133667,0.4017913222312927,1.006613838672638,2.045889687538147,1.4453324556350708,3427.8946533203125,92.91254043579102,420.1061187744141,187.97308807373048,628.1752502441407,19.42094669342041,30.4237117767334,61.20471725463867,758.5981973648071,1422.500689291954,15477.006525731087,0.1889329644909594,526.7590237438678,376.22470302432777,3.3327000885270537,14.854340146481992
310.1862999554258,177.87863632282242,1.6380245217122138,6.406243001669646,0.1228759855031967,15.333916759490966,3.1994558572769165,6.199012613296508,1.953770625591278,10.814821338653564,0.4373917371034622,0.99331396818161,2.18152928352356,1.440243113040924,3442.326806640625,98.7385482788086,471.16721496582034,196.91904296875,660.4188781738281,21.29174900054932,30.42300796508789,65.90497665405273,774.3236591339112,1306.4675052165985,14502.442642343043,0.230192053540668,507.1796741858125,373.4226154878736,3.407603073120117,14.594161374121905
366.8957760290708,190.35041727945207,1.545260390266776,7.218353731837124,0.1219138227403164,17.779074096679686,3.809874558448792,6.414425897598266,2.1466076135635377,11.310095405578611,0.4006659120321273,1.0006234169006347,2.3269137382507323,1.5257726550102233,4109.989916992187,117.7914031982422,487.3164978027344,215.6674606323242,700.8086486816406,19.33624038696289,30.43389015197754,74.14928665161133,806.0425331115723,1136.977508354187,13680.12655094862,0.2596780738356756,536.6142802968621,373.3733575820923,3.312521008774638,14.478554989024996
320.55609411303885,179.07443587630988,1.335218049120158,6.2755159284221005,0.1031846590340137,15.599427032470704,3.211334156990051,6.236212778091431,1.962172555923462,10.852346515655515,0.3624355942010879,1.0003996074199677,2.096596431732178,1.461940050125122,3527.235009765625,99.0496726989746,473.4605377197266,197.7805953979492,662.833056640625,16.863934326171876,30.39833793640137,63.026807403564455,776.0492023468017,1284.6977595329286,14314.359834003448,0.2357973421138012,511.1919502507896,373.53599651902914,3.2423544806428253,14.567214322090148
304.42896949639544,162.70873763356357,1.4468605363741518,7.6142408275045455,0.1151713848114013,15.432273387908936,2.973581886291504,5.411019945144654,1.854775273799896,10.25505018234253,0.3660407721996307,0.992263913154602,2.560854506492615,1.455019724369049,3573.1995361328127,91.99010543823242,411.29716796875,187.0518783569336,626.4024780273437,17.395716285705568,30.4194450378418,82.15390853881836,758.6366395950317,1433.1925522089005,15565.766978168487,0.1832754686591215,536.1793423820287,376.2867178887129,3.275639442820102,14.87905967850238
332.84581921184434,173.89917904157193,1.5301963374949992,7.432015073159709,0.1112723335623741,16.004837036132812,3.407662343978882,6.188743734359742,1.9434954881668087,10.75058193206787,0.4085446804761886,0.996163845062256,2.4443463325500487,1.472016656398773,3672.352734375,105.2771110534668,470.2362884521484,195.8930221557617,656.58125,19.635691452026368,30.448894500732425,78.47953567504882,794.9756349563598,1301.4962127685546,14510.207308888435,0.2272002269746735,519.656085729599,373.3337170630693,3.331074018124491,14.556404865719378
327.97037625424565,169.55677109360695,1.3126997712999582,6.37706602322869,0.1081119634211063,15.74133186340332,3.4244452476501466,6.102017593383789,1.8828893065452577,10.42198371887207,0.3631460189819336,0.9921374201774598,2.1804107666015624,1.4623582720756532,3617.985229492188,105.58236236572266,463.8570770263672,189.82644958496093,636.3341125488281,16.80537357330322,30.422252655029297,65.72953796386719,784.6947048187255,1340.5994027137756,14733.423814475536,0.2261043818114558,517.4717190306634,373.2213401630521,3.243744249735028,14.577607294730845
323.162791093532,178.42514410866426,1.580514958873391,6.614196105394512,0.1065822400152683,15.986260223388673,3.2347414970397947,6.282348871231079,2.0282520055770874,11.253711700439451,0.4198735415935516,0.9977324604988098,2.2494493961334228,1.4706215143203736,3598.594189453125,100.23233413696288,477.63539428710936,204.3455139160156,686.8236389160156,20.31321277618408,30.490772247314453,69.24201431274415,764.3690010070801,1242.120495891571,14161.253420591354,0.2317254117675475,512.4138468526304,373.6415154591203,3.361797382682562,14.561547537706792
328.755669875117,169.4474791505374,1.493954628147185,6.556222797580995,0.1211358688771724,15.906938457489014,3.230748248100281,6.12278733253479,1.8635826706886287,10.331297206878665,0.3902398943901062,0.9933529675006868,2.289303064346313,1.4610936760902404,3671.0443115234375,99.64506225585936,465.3003784179688,187.9967712402344,630.1784118652344,18.69239673614502,30.42298851013184,69.84390869140626,776.0505813598633,1352.2184138298037,14817.852548503875,0.2266701808766811,523.3645566511899,373.53019259124994,3.291255718935281,14.60676974710077
317.70238055051306,174.696314315591,1.6830769512802362,7.040336870681495,0.1153705425560474,16.70623435974121,3.1226986169815065,6.120718002319336,1.885225522518158,10.408356189727783,0.431437286734581,1.0020498037338257,2.2592086791992188,1.487621796131134,3750.2931884765626,96.62448501586914,465.348989868164,190.0921157836914,635.8436218261719,21.16315574645996,30.483015060424805,71.33644409179688,784.6478019714356,1316.0630105018615,14622.524416089058,0.2276367347163614,522.2459357023239,373.38481827378274,3.4056422647088764,14.562555378302932
329.570995833585,179.1935944675468,1.720366790704429,6.261283738398925,0.1183544434607029,17.552556800842286,3.50440092086792,6.277937412261963,2.019512581825256,11.218469142913818,0.4247736543416976,0.9976256608963012,2.0482186317443847,1.5136394023895263,3973.703002929688,108.19164352416992,477.3272033691407,203.41326904296875,684.7700561523437,20.971173667907717,30.451261901855467,61.6497688293457,781.0057710647583,1236.4002116203308,14066.68332079649,0.2272768644092138,532.9830036129803,373.59574895501135,3.3992032601498066,14.517225437983871
342.03228426971475,179.74513783380388,1.5953488238155842,6.085420888080262,0.1301063075661659,16.98362636566162,3.4231270790100097,6.241657066345215,1.9486944317817687,10.81418972015381,0.3981721103191376,1.0131543755531311,2.081914567947388,1.501608669757843,3909.22431640625,105.77236328125,474.3338684082031,196.42452087402344,659.6226440429688,19.375882720947267,30.469755935668942,62.320957565307616,809.1335478782654,1297.801678752899,14622.192502355576,0.3108958554264973,537.8206303715706,373.4426701352001,3.324400100018829,14.540646219439804
346.9922033038456,177.64168431982398,1.3629004172980783,7.539595778658986,0.1193283379077911,16.77954158782959,3.4315715789794923,6.277671146392822,2.001357066631317,11.11215114593506,0.373758926987648,0.9965086936950684,2.425283432006836,1.4943816184997558,3868.129248046875,106.09987335205078,476.6662872314453,201.59929809570312,678.41748046875,17.4926399230957,30.45022087097168,78.34501647949219,794.3973575592041,1253.0062523841857,14228.120140612124,0.2358465295983478,528.6699371162802,373.4253943920136,3.2469809886068104,14.53101984951645
330.3230146133807,178.52321375180037,1.3656046976335348,6.264963452192023,0.123576121032238,15.857136631011963,3.410497808456421,6.174220991134644,1.9173297047615048,10.606385517120362,0.3664977073669433,0.9976944327354432,2.0145946979522704,1.4581321477890017,3621.042578125,105.35832901000975,469.202490234375,193.28577117919923,647.6712524414063,17.155303382873534,30.43624496459961,60.461517333984375,789.3068816184998,1279.2539225578307,14335.658457803724,0.2309181918608374,517.3754302926361,373.5728836163879,3.2521395650692284,14.588510840572416
333.6698540668003,183.37046098280695,1.3901161101646722,7.06922109182924,0.1251334935426712,16.13971538543701,3.387974405288696,6.262855863571167,1.9962756872177123,11.053203010559082,0.3501560062170029,0.9915109276771544,2.3737791538238526,1.4769284009933472,3672.739379882813,104.76833724975586,476.1401947021485,201.15684814453124,675.0524230957031,16.499141502380372,30.425365447998047,74.66440200805664,805.9893764495849,1271.1145329475405,14373.42664245367,0.3212598042940954,520.7645973499864,373.33349730968473,3.24035849487409,14.543045547790824
328.86498605161904,178.2814552079886,1.5997791913338006,6.896852371515706,0.1086260192096233,15.860849285125733,3.3685516119003296,6.216760158538818,1.9576276540756223,10.833062553405762,0.3959791660308838,1.0051943063735962,2.2517657995224,1.4660457134246827,3621.760400390625,104.3320816040039,472.3551239013672,197.30893096923828,661.5498291015625,19.28517417907715,30.452741622924805,70.59788818359375,797.6540510177613,1288.6043321609498,14432.212450420857,0.228118302601797,517.7343805346638,373.351521807909,3.323759189154953,14.558800227940084
336.75671514566056,176.44495534598826,1.3733803653158247,7.491694732382894,0.1280743986368179,16.346305465698244,3.5138926029205324,6.263579511642456,2.006136178970337,11.125718116760254,0.3623728781938553,1.0023335099220276,2.4387990713119505,1.4712398171424863,3781.725073242188,108.4283203125,475.70244140625,202.13487701416017,679.3623291015625,17.00100040435791,30.469579696655277,78.73943176269532,791.129888343811,1310.4084387779235,14559.532911407949,0.2358732952998252,529.2561167027801,373.2848870754242,3.24661249006167,14.55200580470264
336.21846399176866,183.093090252392,1.6207011356949803,6.162683538394049,0.104336142539978,16.39506607055664,3.394785761833191,6.296864938735962,2.005095338821411,11.143398761749268,0.3951318711042404,1.0114978551864624,2.0460253238677977,1.486549925804138,3740.3470458984375,105.05378494262696,478.0168762207031,202.0031997680664,680.0624755859375,19.311808395385743,30.474267959594727,61.53645286560059,795.3517656326294,1195.256563568115,13924.694964051248,0.231021007146046,520.7039881825447,373.6382818669081,3.3246956100687384,14.542155006155372
332.8507996547968,176.57831569770352,1.3957567035220564,6.82358083629515,0.119987778365612,17.417077445983885,3.2279663562774656,6.193144464492798,1.9116808891296384,10.557980155944824,0.3649858951568603,0.9934960424900054,2.2976042509078978,1.5158599853515624,4013.1079833984377,99.88128890991212,470.8001953125,192.73675994873048,644.9039611816406,17.209666061401368,30.422291564941407,71.35602951049805,790.7938394546509,1343.2984053611756,14832.52320047617,0.2323005502403248,546.4023382470011,373.3313516691327,3.2452646397054195,14.533831124380232
335.48588324645533,172.09113839212804,1.3525665800087154,6.998776701372117,0.1115073062479496,16.112784004211427,3.374361491203308,6.10520224571228,1.8791982412338255,10.383116626739502,0.3693948179483414,1.002854824066162,2.382300925254822,1.4760825753211977,3705.64453125,104.47645950317384,463.9778228759766,189.48853607177733,634.0989074707031,17.241782188415527,30.485191345214844,75.06104888916016,790.9497114181519,1291.5882451057437,14401.843003249169,0.2269408959618886,521.0829444836825,373.34801708459855,3.2509268100373445,14.57218430135399
321.0438676367979,174.92477521281688,1.5806768860667944,6.906424837606028,0.1074719123542308,16.742654418945314,3.368647336959839,6.21416130065918,1.9398452281951903,10.711071872711182,0.3870903193950653,0.994095504283905,2.411521506309509,1.505182111263275,3764.153564453125,104.0022804260254,472.230810546875,195.54268951416012,654.5325073242187,18.82709045410156,30.46027565002441,75.35313491821289,789.2701050758362,1360.0668685913083,15048.072875833512,0.235934570201789,525.1595940534025,373.4124895855784,3.300350809004158,14.532822660170496
347.71047879410906,181.5056929662824,1.6246008452028036,7.2331915338989345,0.1127450749278068,16.72937145233154,3.6733601331710815,6.328805828094483,2.0665735721588137,11.47754192352295,0.3935041666030884,0.9969436526298524,2.353825306892395,1.50878746509552,3838.1998291015625,113.4914161682129,480.8622772216797,208.1570251464844,700.6319091796875,19.251978874206543,30.4783935546875,75.00487442016602,798.116242313385,1223.785505771637,14092.579337084291,0.240483248847886,527.9612986415625,373.3613654270768,3.320436756592244,14.503988953121006
365.54344398886894,180.93646318912505,1.721050868090242,7.434646666026675,0.1115510702133178,18.69178733825684,3.6047475337982178,6.420935344696045,2.076946425437927,11.32584342956543,0.4214404940605163,0.9930091321468352,2.3384667158126837,1.5482745170593262,4336.283935546875,111.5840934753418,487.4348693847657,208.87747192382807,698.8979736328125,20.825524711608885,30.44875640869141,75.04738922119141,795.7400000572204,1454.6084498405455,15787.751618826387,0.4934846134739928,551.3273244693876,375.2607594326138,3.3889042078517377,14.538911658152935
348.064434904675,177.11976657733322,1.7703153060749173,7.205182289821096,0.1041944824159145,17.253347396850586,3.506153559684753,6.252293443679809,2.014362931251526,11.171905326843262,0.4350187748670578,1.0056219816207883,2.446462392807007,1.5195348858833313,3984.452294921875,108.48384323120118,475.2483764648438,202.9376892089844,682.1727172851563,21.591142082214358,30.469704818725585,78.11207580566406,798.0105827331543,1265.4827720165254,14316.654300034046,0.2339869362927857,537.0547248601913,373.180836609006,3.4285568287596107,14.492367213405668
341.0167369882576,179.434200694412,1.3318143549375236,6.4025077486410735,0.116156180948019,17.632756996154786,3.549036145210266,6.214646673202514,1.9448491096496583,10.759992694854736,0.3717195838689804,1.0113728046417236,2.1452970027923586,1.525301194190979,4070.458520507813,109.61872940063476,471.89085693359374,196.0262252807617,657.1598205566406,17.288659477233885,30.473596572875977,65.61398391723633,798.26228723526,1287.4981206893922,14374.8730371356,0.2302955565377487,545.65399893336,373.19411605000494,3.238269640412182,14.504298711009325
325.9408603751566,176.1438388388604,1.4132600153796375,7.326660995697603,0.126632972061634,17.431250381469727,3.4047385931015013,6.264532279968262,2.0002720594406127,11.05636682510376,0.3856012761592865,0.9997629165649414,2.520709753036499,1.517618477344513,3928.4957763671873,105.15692520141602,476.3156005859375,201.57058563232425,675.5685241699218,18.227414894104005,30.48834686279297,80.76364593505859,794.7621235847473,1356.135833644867,15063.985010004044,0.236451761436183,535.5296916827559,373.2893180474639,3.2572458690963684,14.51629842389375
336.3674832175951,170.0346192665398,1.7159169858321548,6.166320973983966,0.1240711599588394,16.58926601409912,3.331622219085693,6.17366132736206,1.920426595211029,10.607794857025146,0.4289739400148392,1.0060494542121887,2.1357962846755982,1.4825610637664794,3830.155810546875,103.0875617980957,468.6492828369141,193.60589599609372,648.1700500488281,21.148910522460938,30.447041320800786,63.97779998779297,791.0104257583619,1372.3381378173829,15256.92048354149,0.2344878096162574,531.5720247995108,373.2218325048685,3.407997864857316,14.562140218168498
330.5298870813567,176.00396766047925,1.438977025542408,6.313721001963131,0.1271175920963287,16.743908882141113,3.4633227825164794,6.201060247421265,1.9530246257781985,10.822997093200684,0.3860934168100357,1.0102799654006958,2.2151456832885743,1.4760599970817565,3839.3031494140623,107.11261138916016,471.0434906005859,196.8240921020508,660.8199340820313,18.32840614318848,30.455107498168942,67.18175506591797,784.2899724960328,1293.201687002182,14382.419168388844,0.2265476641390705,529.4940993402154,373.3665793567896,3.2693051657639445,14.560467426665127
336.37462532573846,175.42327576521785,1.3902569099329412,6.652706752810627,0.1002707593142986,16.27910785675049,3.3018365859985352,6.201691055297852,1.9265844225883484,10.643757343292236,0.3767568111419678,1.0087496042251587,2.2981595277786253,1.4964279770851134,3725.343701171875,101.98882522583008,471.2363128662109,194.2167724609375,650.1220336914063,17.728526306152343,30.4804630279541,71.23408126831055,800.8996690750122,1327.319482898712,14822.085495686531,0.2337682266603224,523.9215012490749,373.4125016823411,3.253526821173728,14.542586782388389
329.146104844613,171.8216903248802,1.6728887599892914,7.359724548691884,0.1100860878825187,15.834303092956542,3.409709620475769,6.109607648849488,1.8738681077957156,10.331993293762206,0.4065394014120101,1.0043851137161257,2.4144912004470824,1.4662654399871826,3676.968505859375,105.1211944580078,464.4909301757813,188.96918487548828,631.3859497070313,19.984385108947755,30.480318069458008,77.47954864501953,790.7195575714111,1384.7839760780334,15268.06052455902,0.2272521245045936,525.2213042054325,373.2861405596137,3.359412193205208,14.589297582954169
328.9359823174309,180.13140309676527,1.674239516351372,7.054619717202149,0.1256016209721565,17.267479515075685,3.364576578140259,6.190172052383423,1.937356507778168,10.716714763641358,0.4440725296735763,0.9926975011825562,2.34447865486145,1.5082650184631348,3902.702075195312,104.15249252319336,470.6489166259765,195.2928192138672,654.3818725585937,21.71723499298096,30.41888828277588,73.79004669189453,798.873027420044,1244.4228598594666,14192.15733422041,0.2281375715188915,531.9967315822839,373.4721065819264,3.424976337514818,14.527574447728693
328.5735995696392,172.81289265258238,1.5714759822934865,6.49137764996849,0.1153805702924728,16.09818744659424,3.452329111099244,6.230419206619263,1.994980263710022,11.05202579498291,0.39499152302742,1.0086476802825928,2.219738554954529,1.481141495704651,3658.237255859375,106.8710090637207,473.4054718017578,201.0215835571289,674.9606140136718,19.155169105529787,30.43640518188477,68.046337890625,772.3437128067017,1342.538696050644,14730.468205404282,0.2400826559474808,520.2454585850239,373.2669945254922,3.315267840214074,14.540497069060802
326.26376106832174,183.1886021038517,1.5738100165501236,6.426262786705047,0.1186237893998622,16.974273109436034,3.388943099975586,6.371893119812012,2.1082382440567016,11.699650859832763,0.4152091145515442,1.0008405447006226,2.227006983757019,1.5081768035888672,3799.614599609375,104.5785743713379,484.1090484619141,212.31978454589844,714.5185852050781,20.084977912902836,30.462053298950195,67.86893463134766,783.6948293685913,1244.6241192340851,14245.40261515379,0.2464336829521926,523.1660025063902,373.5665102019906,3.3493267366662622,14.504900287091733
328.85652392897754,172.6158026168123,1.389341183938086,7.021236258000135,0.1265331029891968,16.817523956298828,3.224963164329529,6.153037357330322,1.8839667081832885,10.39556531906128,0.3659794330596924,1.0073251724243164,2.332915210723877,1.4862356424331664,3882.944873046875,99.59435653686523,467.2237426757813,189.97226104736328,635.1734008789062,17.22182140350342,30.440399169921875,73.66394271850587,781.844638633728,1386.1992019176482,15159.337924730778,0.2313337640167447,537.0744465757161,373.2569396883249,3.2517003275454046,14.567428933642804
317.96229039141906,169.5391518007964,1.5225381094031036,6.662226545531302,0.1081104978919029,16.899956512451173,3.148751711845398,6.119141864776611,1.8578085780143736,10.259386730194093,0.3917575240135192,0.9966948568820954,2.099590492248536,1.4985526919364929,3799.608471679688,97.29374313354492,464.8584045410156,187.36313018798828,626.3210632324219,18.856532287597656,30.4201717376709,64.62847442626953,775.5971334457397,1359.3546349525452,14894.11785376072,0.226143989477714,526.8461881563068,373.4309672102332,3.2981758463196456,14.566693329811097
352.15162696647457,179.3197568481788,1.3392528224736453,6.634171207086183,0.1267854362726211,17.619123458862305,3.6203212976455688,6.344304847717285,2.1061437845230104,11.691203594207764,0.3535959988832474,1.011529839038849,2.224134063720703,1.524401605129242,4042.306298828125,111.80995101928713,481.81329650878905,212.0816879272461,713.9265991210938,16.499986839294433,30.447380828857423,69.00438385009765,798.5650497436524,1252.1978635787964,14276.640767073632,0.245263751479797,540.2353283707052,373.3051215365529,3.2230495512485504,14.483690877072512
351.0710865436122,186.91231229435647,1.2634410361759365,7.173956135672052,0.1112558402121067,17.337174034118654,3.6572139978408815,6.476586103439331,2.207392692565918,11.556438732147218,0.3474564045667648,1.011479902267456,2.4323585748672487,1.523043167591095,3939.0077880859376,113.24446868896484,491.5329559326172,221.9784408569336,717.4400512695313,15.949071407318115,30.44622611999512,77.68106231689453,791.0626873016357,1157.7892453193665,13777.63653831482,0.2690670724929077,527.9653126891702,373.569624774158,3.202167276199907,14.482169515639544
336.9317765167449,180.14422366544605,1.4882844880223274,6.4367803752888,0.1150968872010707,16.552958488464355,3.372697854042053,6.256791687011718,1.9784186959266663,10.964432716369627,0.3734738975763321,1.0021120309829712,2.119288897514344,1.483250105381012,3788.369604492188,104.02469940185549,475.0987976074219,199.3720016479492,669.3644409179688,17.910095977783204,30.423044204711918,64.50811233520508,799.1376211166382,1225.893324136734,14076.43850120306,0.2267368700733641,524.7527247723192,373.4920652553439,3.2667386839166284,14.547872249409556
330.31727067886385,171.46444165538998,1.7192245626822114,6.992338271765038,0.102272030711174,16.063545417785644,3.2421523094177247,6.177425718307495,1.9096678853034972,10.546750164031982,0.4132132858037948,1.007088232040405,2.3561881303787238,1.4826527118682862,3719.2326171875,100.41781692504884,469.3131958007813,192.53433685302736,644.2745544433594,20.427946662902837,30.45753421783447,74.30729675292969,792.8598701477051,1335.0749568462372,14862.470194268226,0.2230479374004062,528.2111117169261,373.4338305264711,3.380217259656638,14.564686753228306
346.38356537688526,182.06300315428524,1.4942814065143466,7.577301761461422,0.1136255010962486,17.877012062072755,3.6455437421798704,6.381004571914673,2.1367225885391234,11.870890522003174,0.3960111558437347,0.9960029125213624,2.371733927726745,1.54669531583786,4070.3078857421874,112.67886810302734,485.0223083496094,215.1487060546875,724.8805236816406,18.972083282470702,30.430946350097656,76.8172607421875,806.0439202308655,1195.321109008789,14009.33427119255,0.2406922086389386,541.5262290805579,373.4333904370666,3.2903048733249305,14.45660397876054
317.2446762221865,166.99701561965048,1.5273302501998842,6.935177594562992,0.1044885292649269,16.37498950958252,3.15330183506012,6.102462911605835,1.8865229845047,10.556968593597412,0.4139706254005432,0.9998676657676696,2.339054560661316,1.4795568346977237,3699.455249023437,97.52255325317384,463.57041015625,190.2078094482422,641.890283203125,19.86907043457031,30.424654006958008,73.25895233154297,771.3682552337647,1347.7372430324554,14689.667606520652,0.1861000869510462,520.6456879675388,373.3397173509002,3.3406546292826533,14.56575335096568
321.4663819835056,173.87636820543557,1.6532606887631118,7.552889141812921,0.1067830346524715,16.340364074707033,3.197481799125671,6.216361284255981,1.9116274952888488,10.663954639434817,0.4338066220283508,0.9971789360046388,2.465427041053772,1.4875384330749513,3683.869946289063,99.01799392700195,471.9498291015625,192.6891342163086,650.215673828125,21.180198860168456,30.483583068847658,79.67283630371094,792.9732332229614,1315.2104369163512,14728.5766086936,0.229750215333479,521.0990383632482,373.6212187856436,3.402785703912377,14.56211162917316
320.6767487016041,177.92279647309334,1.5822558281943202,7.328498300584033,0.1092077672481536,16.77397060394287,3.3969841241836547,6.17942247390747,1.9250448942184448,10.656033897399904,0.4159961313009262,0.998926317691803,2.506051635742188,1.4944100856781006,3789.756298828125,104.73485260009764,469.4462829589844,194.01888885498047,650.7859680175782,20.14372520446777,30.413626861572265,80.13496170043945,792.8889461517334,1313.597960138321,14551.963439166546,0.2278905561310239,526.8012460362166,373.28829000741246,3.3549794559367,14.532952540740371
343.4041027597617,185.10216676387932,1.2844009940512475,6.4440825581084935,0.1296401694416999,17.85773048400879,3.6741992712020872,6.4303357124328615,2.18179452419281,12.133099555969238,0.3503501951694489,0.992699921131134,2.1393201112747198,1.530091106891632,4028.0327880859377,113.79792404174805,488.78163757324216,219.64466705322263,740.89306640625,16.160843086242675,30.450857162475582,65.04975967407226,793.3659834861755,1209.5665924072266,14076.276357042789,0.2592145296948729,535.0634803783148,373.4050589710474,3.208152278047055,14.479343172721563
331.836214268161,175.09556328933687,1.4390923787839711,7.048845196794718,0.1155215725302696,16.74821319580078,3.3200681447982787,6.160419273376465,1.878844237327576,10.37044620513916,0.3692559033632278,1.0043426871299743,2.407369065284729,1.5041595816612243,3839.28369140625,102.69708023071288,467.7888244628906,189.4586013793945,633.5717590332031,17.55148410797119,30.412204360961915,76.02855987548828,794.1231504440308,1344.9182156562806,14866.827286231515,0.2291272054513683,533.6382912293077,373.39871036559344,3.256536557804793,14.544843222200871
342.8090734300669,176.61517762010916,1.4914478236809372,6.748687097732909,0.1192814327776432,17.02020893096924,3.476288843154907,6.220906114578247,1.9868765950202945,11.024069213867188,0.3810841560363769,1.0075891375541688,2.3008864164352416,1.5042842745780944,3905.099658203125,107.70945739746094,472.9618774414063,200.19903259277345,673.0189636230468,18.28114585876465,30.475464057922363,71.72400817871093,797.5002750396728,1309.3793683052063,14604.491687834265,0.236938525486039,533.4263951994478,373.0356811478734,3.269558769464493,14.513840674981475
325.39287789235823,180.71456496743485,1.5071840471588076,6.733651289483532,0.133426633477211,16.673488807678222,3.2088117599487305,6.308065366744995,2.054559230804444,11.397482681274417,0.3862861603498458,1.0082852840423584,2.326700735092163,1.4839530110359191,3749.4271240234375,99.34052124023438,479.6094451904297,206.9545227050781,695.9796447753906,18.563908195495607,30.44007110595703,72.36359481811523,796.1412957191467,1226.715062904358,14139.190508651733,0.2306779102334985,521.5093329831958,373.6456884518266,3.283226717729121,14.546025542728604
315.3685729391873,177.5802750069648,1.6975948778912424,7.376259637344629,0.1045960284769535,16.087634468078612,3.1815751791000366,6.281831169128418,2.030400776863098,11.252048873901368,0.4315872311592102,1.0002033710479736,2.488319826126099,1.4776148557662965,3600.5816650390625,98.1815086364746,477.4313537597656,204.55919952392577,687.1690612792969,21.21542091369629,30.48835563659668,79.87565307617187,783.3965463638306,1268.216907453537,14345.959703457356,0.2300091596640413,513.8923230674118,373.5003642648458,3.4083551390096547,14.546148176304996
322.59661844214423,168.80747569166124,1.4603621165268124,6.6754339701728895,0.1259832844138145,16.629933738708495,3.2982825756073,6.118004369735718,1.8771735310554505,10.34894313812256,0.3702359646558761,0.993712842464447,2.139320397377014,1.4788247108459474,3830.536645507813,102.00049133300782,464.4732879638672,189.2831237792969,632.4888427734375,17.659907341003418,30.456551170349123,65.88352279663086,793.1285554885865,1374.8686501979828,15145.6077095747,0.2208914586517494,534.4677669133991,373.2634160384536,3.265259902738035,14.579055399261415
331.88680612395984,172.39157099192963,1.7553269256837667,6.398719795467332,0.1057511828839778,16.907894325256347,3.287661647796631,5.995557689666748,1.8269453048706052,10.061551380157471,0.4582559078931808,1.0083364248275757,2.1312042474746704,1.5097215175628662,3908.954931640625,101.709317779541,455.83331909179685,184.2919174194336,614.9240051269531,22.618607330322263,30.42595100402832,64.91209716796875,801.835394859314,1412.5673815250398,15527.015518951415,0.3019312197284307,535.5266488071532,373.1150390267373,3.4703493364155293,14.5431884361431
326.0421501751756,178.87740154555067,1.4023785247467455,6.915376202831976,0.1005236767232418,16.72202796936035,3.3769662618637084,6.277263975143432,2.011729121208191,11.173417377471925,0.351216197013855,0.9962198495864868,2.229247784614563,1.500638973712921,3767.9375,104.4816749572754,477.1339416503906,202.6269561767578,682.0361267089844,16.599735832214357,30.409552574157715,69.71743774414062,790.1995491027832,1232.2495309352876,14121.150046300889,0.2325824915635166,522.487839724496,373.6106008589268,3.235700577124953,14.523456963524222
319.66832481720485,175.2847773211077,1.6591362713836133,6.271135942079127,0.1139866210520267,15.917188930511475,3.1788748025894167,6.142061519622803,1.883738100528717,10.40874423980713,0.4124496847391128,1.0008450746536257,2.052551770210266,1.4646570563316346,3596.4218017578123,98.31390151977538,466.1875366210937,189.94072265625,635.7280151367188,20.216690254211425,30.44501304626465,61.75467720031738,793.5179064750671,1287.1870429992675,14412.738192880151,0.224966571026016,515.001787165925,373.3913006260991,3.367008312419057,14.580346272699536
334.06091644270344,180.42489711875092,1.704223328270018,7.112763365916908,0.1016851067543029,16.059881973266602,3.27402777671814,6.225439739227295,1.977760136127472,10.959466457366943,0.4371964395046234,0.9956301987171172,2.377442741394043,1.4813403248786927,3677.9472412109376,101.05973739624024,473.34051818847655,199.2822448730469,669.2452697753906,21.49333248138428,30.46657409667969,75.17875366210937,794.1335536003113,1275.050811100006,14339.712825095654,0.2336772514507174,520.1661842085421,373.2910680219531,3.42020345563069,14.537002661079168
322.8061966368812,171.9617775356397,1.6232878344133497,6.482435162342154,0.0984260998666286,16.638391494750977,3.2490728855133058,6.1533286571502686,1.9104802131652832,10.53784008026123,0.4062786906957626,0.9989807367324828,2.083466720581055,1.498824906349182,3805.75810546875,100.32980117797852,467.4434295654297,192.6135131835937,644.060107421875,19.82824764251709,30.475683212280277,63.658539581298825,794.187590789795,1394.2124124526977,15310.941715681553,0.2256879295775434,530.3446520682425,373.1813639611006,3.3468476899899544,14.536992952041327
355.0281183901243,177.15128775052727,1.27962015401572,7.267902581393718,0.1176245905458927,17.897022819519044,3.704200696945191,6.317231559753418,2.0647454023361207,11.461965751647949,0.3519403100013732,1.0004526376724243,2.4394596338272097,1.5273855686187745,4128.656005859375,114.2565414428711,479.8949951171875,207.97982177734372,699.6279907226562,16.208172225952147,30.48832321166992,78.00509262084961,796.2714834213257,1234.728548145294,14142.737339413166,0.2378276339994045,541.5573082823306,373.2946435660124,3.21226863944903,14.49124413188547
321.2803598308936,169.74076919294893,1.6518540129996837,6.7090068713296205,0.1079490818083286,16.0690767288208,3.2610100507736206,6.1560387134552,1.9183329820632933,10.5991774559021,0.4396186619997024,1.0013402104377749,2.1822479724884034,1.4733165144920348,3632.03203125,100.556591796875,467.4899810791016,193.39093780517575,647.5271179199219,21.438501358032227,30.469331741333008,67.58924407958985,762.5579713821411,1320.4206943511963,14577.461942684651,0.2245278126865741,516.0931923467666,373.5058271750808,3.414203864708542,14.573864462040364
321.89398762057533,176.8127546293661,1.2800324779003858,7.395324376644567,0.1193999670445919,15.870639610290528,3.286466884613037,6.333299684524536,2.064902663230896,11.453696155548096,0.3447702199220657,1.0101467370986938,2.4741397857666017,1.467961776256561,3562.344799804688,101.68588104248047,480.8069152832031,207.994384765625,699.5068603515625,15.866063690185548,30.43948173522949,79.71191024780273,761.6027929306031,1287.4897640705108,14441.322693252563,0.2434214749664534,510.817709011212,373.6042164668441,3.2211727214977146,14.557524638809264
329.0470336660277,180.5787812352181,1.3168370227329431,7.1454081604722886,0.1019121654331684,17.207949256896974,3.4355417251586915,6.26422905921936,1.987589716911316,11.006938457489014,0.3463634938001633,0.9951120018959044,2.3193714380264283,1.521584141254425,3868.354638671875,106.4219856262207,475.9518585205078,200.28611602783204,672.1496826171875,16.08975124359131,30.48333549499512,73.53780517578124,787.0618680953979,1261.702294254303,14262.23027290106,0.2395316673806519,528.3930416312069,373.39144572019575,3.216289608087391,14.504237115941942
324.838584188465,171.61657717078924,1.3299373468384146,7.348779851663858,0.1260545179247856,15.929277515411377,3.1203499317169188,6.084326696395874,1.8325446009635928,10.099273109436036,0.3502191364765167,0.9926015734672546,2.52510404586792,1.4531196117401124,3688.5533203125,96.41284866333008,462.1553588867188,184.84996795654297,617.1372497558593,16.27754726409912,30.46168327331543,80.53566818237304,784.3817649841309,1382.4660398483277,15145.529894828796,0.2250392046655179,526.7794742122293,373.3934565484524,3.241934396699071,14.619282110407948
333.34006868880243,172.81010498255492,1.6991063059307634,6.700654243282043,0.1145174749195575,16.812991905212403,3.4945321083068848,6.120542097091675,1.8606185078620912,10.26749324798584,0.4360717266798019,0.99560084939003,2.167574882507324,1.501464581489563,3892.565087890625,108.07324600219728,464.8130126953125,187.63995666503905,627.4021728515625,21.42591361999512,30.46069679260254,66.96137771606445,801.6955634117127,1339.025057601929,14956.504800534249,0.2259640308257076,536.4440207496285,373.2578130096197,3.417098155338317,14.548431060276926
338.9104700299446,173.67897021304816,1.4520572539418937,7.35111551634036,0.1214342944324016,17.541329002380373,3.5398011207580566,6.280493974685669,1.9892614245414733,11.055723190307615,0.3651656031608581,1.0021115064620971,2.4097848415374754,1.5164088368415831,4036.43310546875,109.21980667114258,476.6977935791016,200.47447509765624,674.3390258789062,17.411760902404787,30.48140754699707,77.35839385986328,789.9480178833007,1328.6560476779937,14742.37128418684,0.2365442768932553,544.9286690119654,373.48399077653886,3.251061262562871,14.5271992335096
334.64666061257014,176.02365649733693,1.5601199050433934,6.866411561751738,0.1217819988727569,16.235640716552734,3.229057693481445,6.159919500350952,1.8856775999069213,10.405534076690676,0.4196864366531372,1.0054707407951355,2.3219847440719605,1.4748668193817138,3744.153247070312,99.68314743041992,468.0736541748047,190.1414291381836,635.7773986816406,20.236981773376463,30.468399238586425,72.66585159301758,797.3329845428467,1335.5171947479248,14905.928127348425,0.2296167678927304,526.7930707529188,373.50283201783895,3.357385527621955,14.58318019080907
322.97096849945376,168.44326840173454,1.4161396153271195,7.545425813854672,0.1188118450343608,16.55515613555908,3.2647096157073974,6.107488059997559,1.856881666183472,10.309492588043211,0.353534471988678,1.0016071319580078,2.4287211179733275,1.474078619480133,3807.25810546875,100.9552604675293,464.3181762695313,187.2890380859375,628.808349609375,16.733967781066895,30.482312774658205,78.52083129882813,781.3082918167114,1347.3470570087434,14809.06487789154,0.220753086906916,532.1467733584344,373.52372276932,3.2509047724306583,14.6027491139248
325.8536621424836,175.51669246349485,1.489482476375997,6.359849887527526,0.1104563698172569,15.918813991546632,3.4273573398590087,6.129138422012329,1.861314713954925,10.27116584777832,0.3841134190559387,1.0037479996681211,2.0343337059021,1.4782470107078551,3672.895971679688,106.09126434326171,465.8547698974609,187.7027374267578,627.5692199707031,18.405719184875487,30.4354455947876,61.64264869689941,790.427158164978,1355.7970007896424,14929.70854548216,0.225032542203553,526.4383296057582,373.46352915763856,3.277673890627921,14.577134969457983
339.61510169841347,178.6505019118078,1.4364893771708012,7.228943279804662,0.11097422093153,16.605845832824706,3.593708610534668,6.247411584854126,2.006006407737732,11.104222679138184,0.3765098690986633,1.0057056546211245,2.3788273334503174,1.5100088953971862,3795.164599609375,110.8390769958496,474.95256958007815,202.12371978759765,678.3124633789063,17.885988616943358,30.432588577270508,75.98605880737304,803.5078486442566,1288.8615886211396,14467.254186618327,0.2372188708759495,528.6237947203219,373.2263882815838,3.256650219485164,14.499923759698868
328.66650828905404,167.45328973745927,1.3527090412564575,6.433475925400853,0.1113685302436351,16.501459312438964,3.391980767250061,6.060369873046875,1.834135055541992,10.105675220489502,0.3744921594858169,1.0102262496948242,2.1695800542831423,1.4838228464126586,3819.10263671875,104.90877914428712,460.554052734375,185.00657653808597,617.5689147949219,17.475294876098634,30.475217819213867,66.3073226928711,780.033032989502,1372.015349245071,15025.062894058228,0.2241444543382385,533.6902719579637,373.51582572460177,3.25359718548134,14.591883129626511
337.4132939820644,181.82806075513363,1.5403265677392484,6.445640376210212,0.1168276607990264,17.239437103271484,3.574886679649353,6.365081071853638,2.1207632541656496,11.76831932067871,0.4120359241962433,1.006144642829895,2.078100204467773,1.5214178085327148,3900.68388671875,110.70328979492189,483.9398681640625,213.566911315918,718.748974609375,19.83472404479981,30.411102294921875,63.49435310363769,794.9327041625977,1221.6881736755372,14103.786139321328,0.2416551041780621,530.7565984673798,373.4831075027585,3.334795625228435,14.484241183660924
326.3344384348485,168.09414554424583,1.3042723794467748,6.5584438646677885,0.1066491186618805,15.66793384552002,3.337196612358093,6.09152398109436,1.8729839086532596,10.33805799484253,0.3635596513748169,0.9963613748550416,2.2512163639068605,1.454044473171234,3586.718139648437,103.09223709106443,462.86200256347655,188.8756256103516,631.5512939453125,16.78896369934082,30.43348693847656,68.810888671875,793.3254564285278,1322.5616118431092,14627.868815350532,0.2216001402543042,513.8755980841815,373.4180450946093,3.2446617102250457,14.595613946393131
325.78800171595066,166.99075933508576,1.5328339396975934,7.254142813244835,0.1157076641917228,16.825986862182617,3.133609175682068,6.1295215606689455,1.8873608469963077,10.41722593307495,0.4001278251409531,0.9972974061965942,2.362532138824463,1.4955486178398132,3861.678662109375,96.71960144042968,465.14365234375,190.29996643066409,636.5718811035156,19.26580047607422,30.481725692749023,75.28477249145507,797.053486251831,1365.065999031067,15165.320008647444,0.2228716448167688,533.679707025364,373.22808052301406,3.3162749397568403,14.556151870265603
335.90781079162844,187.92753572370856,1.286888659093529,7.4488628316205,0.1207858726382255,17.013350868225096,3.608627796173096,6.367939138412476,2.0952312707901,11.623631763458253,0.3633597314357757,1.0077425479888915,2.3534162282943725,1.5100244879722595,3842.741088867188,111.5733024597168,484.1104583740234,211.02488403320316,709.8249572753906,16.743362045288087,30.443321228027344,76.05329666137695,797.6343685150147,1228.1447440624238,14130.806920492649,0.2483287371025653,527.9381513137371,373.33255950063466,3.223977087624371,14.499885127134622
335.87359597175384,171.09551374772565,1.5348857885226608,6.325445299083367,0.1029106259346008,17.80700626373291,3.2902565002441406,6.217126989364624,1.9531793355941771,10.812065029144287,0.3816477686166763,0.9920279562473298,2.061074686050415,1.5381574273109435,4061.68466796875,101.53870010375977,472.5564727783203,196.86355285644527,659.9087219238281,18.448919677734374,30.422199249267575,62.07212295532226,794.2528635978699,1325.7982585430143,14716.768908309936,0.2257014312010142,542.4867197118699,373.3566832229495,3.275768904201686,14.499448289908468
333.55185441174547,176.9305848803371,1.5352413803339005,6.150220393948257,0.1098598890006542,17.503009223937987,3.434031200408936,6.183474969863892,1.92069753408432,10.619026470184329,0.3945309787988663,1.0033762454986572,2.154711675643921,1.5264285445213317,4012.472583007812,106.3843780517578,469.3611450195313,193.61837768554688,648.6582824707032,19.02722816467285,30.474048614501957,64.57035217285156,800.7027952194214,1298.6404634475707,14461.011205077171,0.2241366127404035,541.901031614095,373.2231502190232,3.303033830970526,14.50269196201116
316.4072836608626,172.1195482778363,1.6488049653358758,7.139810013025999,0.1123333998024463,15.800071811676023,3.233310842514038,6.069489145278931,1.8340851068496704,10.103792095184328,0.4048420220613479,0.9912096858024596,2.249574971199036,1.459420931339264,3603.685693359375,99.9346206665039,461.3086761474609,185.0050842285156,617.4736389160156,19.83477249145508,30.432178497314453,70.93398895263672,791.0554844856263,1387.7754335403442,15227.54829170704,0.2216308830669731,518.4473029542714,373.33132231235504,3.351863240730017,14.60304668750614
331.0628834118135,171.3390254514292,1.601451530028135,6.608726352872327,0.1026106879115104,15.98042631149292,3.450894403457641,6.118878984451294,1.856326401233673,10.233961391448975,0.4128215104341507,0.99396550655365,2.1578945398330687,1.47623872756958,3708.480590820313,106.81190185546876,464.5522186279297,187.21888275146483,625.3640930175782,20.05766353607178,30.42620658874512,66.10491104125977,795.7981573104859,1336.7678814888,14845.444359076024,0.2206890366185689,527.2122460756451,373.5033244714141,3.355075043812394,14.581341181881726
334.0071094079409,175.58640659013764,1.6374839949421585,7.030854523461312,0.1182987958192825,16.75030632019043,3.257514834403992,6.171384620666504,1.9226667284965515,10.637160396575927,0.4089284181594849,0.9911577105522156,2.415850567817688,1.493068516254425,3820.8085693359376,100.6430679321289,468.9468658447266,193.8146987915039,649.5492614746094,19.9927188873291,30.429161071777344,75.81494216918945,786.7495886802674,1283.534517478943,14371.411586105824,0.2322219790003146,526.7625622361899,373.5504251271486,3.354515881370753,14.548004933260382
326.6988212859724,182.1711629623547,1.3564128066413104,6.477199909463525,0.1162199981510639,15.748318672180176,3.358321213722229,6.264769124984741,1.9706104516983032,10.90902109146118,0.3605918079614639,1.0079110860824585,2.096973347663879,1.46281818151474,3572.227099609375,103.6489158630371,475.5357727050781,198.59717407226563,666.2011840820312,16.85738334655762,30.465221405029297,64.21459655761718,777.1639423370361,1275.4434402942657,14295.69952608347,0.2420980981027241,514.3122844647617,373.53785815387965,3.244168490637094,14.574229177087544
348.40934841064734,176.80820161364971,1.7390543015673756,7.415374126145616,0.124974850565195,17.539778900146484,3.429898977279663,6.30880389213562,2.0764984846115118,11.522600841522216,0.4382165938615799,0.9935465455055236,2.4000751256942747,1.5086023688316346,4036.5107177734376,106.06589889526369,479.3301574707031,209.17178955078128,703.5098754882813,21.64868221282959,30.40694847106933,76.98601989746093,794.7796332359314,1252.6352935791017,14287.020133519172,0.2348466641720733,537.942172222957,373.3722854271531,3.427506424393505,14.50363638587296
334.157109907968,179.09498798986897,1.5660767822526396,6.788621410145424,0.1224368773400783,17.359650802612304,3.285910964012146,6.209135484695435,1.9181892991065976,10.597837162017822,0.4122078686952591,1.00336674451828,2.1579169750213625,1.5156425714492798,3976.7482666015626,101.75862045288086,472.002392578125,193.3865203857422,647.1321228027343,19.922616958618164,30.40944900512695,67.16728057861329,799.0907861709595,1318.6139476299286,14696.793967437745,0.2285319267393788,542.2606468997895,373.3731636360288,3.343125990126282,14.53072961885482
314.05051244949,163.21650485098365,1.6775538759306072,6.905028254212811,0.1297129213809967,16.15766658782959,3.119513511657715,5.971343278884888,1.8285394310951235,10.07327938079834,0.4071666926145553,1.0029971599578855,2.208495712280273,1.4507338285446167,3708.7755859375,96.45858917236328,453.3829864501953,184.45269470214845,615.6442321777344,20.02351398468017,30.426837921142575,69.01292114257812,781.5473043441773,1374.1177861213685,15077.426118767262,0.2145480291830608,525.8143801886588,373.6724317744374,3.3635274078696966,14.650406624749303
316.81000095861964,181.410699627921,1.506067583244294,7.39297624588944,0.1143339462578296,16.129105377197266,3.362140393257141,6.251181745529175,1.993908166885376,11.043495464324952,0.3999804466962814,1.0108718395233154,2.344331455230713,1.4753658652305603,3615.850659179688,104.0649871826172,475.221923828125,200.9185958862305,674.4231262207031,19.17288589477539,30.451330184936523,75.56973648071289,780.1356742858886,1290.3223651409148,14421.955330336094,0.2385970145347528,516.2102067079395,373.5230389386416,3.3094221502542496,14.550289062224328
324.29624599195085,165.8937468584627,1.6137882930226624,7.582491867151111,0.109083554893732,16.707951545715332,3.218034553527832,5.884784841537476,1.826987421512604,10.06611738204956,0.4100861757993698,0.9972870349884032,2.4675601959228515,1.492850422859192,3864.9010498046873,99.52569808959962,447.0921295166016,184.2976852416992,615.1237731933594,19.96840934753418,30.47480583190918,79.7502212524414,790.9647432327271,1375.5138335227966,15149.082364463806,0.219247676449595,533.260019203648,373.347720271349,3.354522165376693,14.612808546051385
338.041519511817,174.9530516596511,1.689567838422954,7.226398945925757,0.1243683859705925,16.540283966064454,3.415282773971557,6.199354553222657,1.9415165662765503,10.74431095123291,0.430703991651535,1.00848388671875,2.273085331916809,1.473637795448303,3787.889306640625,105.47089080810548,471.0884399414063,195.68730773925785,656.0936767578125,21.14952621459961,30.4062442779541,72.52426452636719,789.0329341888428,1239.592116355896,14202.84499526024,0.2255477157392306,523.5799822483211,373.7961342155933,3.4055503660812976,14.578139126114548
328.18798853233454,172.03526029102505,1.6783826531842352,6.258463932969607,0.1253215059638023,17.03780860900879,3.1781652212142943,6.118164539337158,1.884256970882416,10.390582275390624,0.4125097930431366,0.9944363415241242,2.1439343690872192,1.4864454388618469,3882.258642578125,98.44862518310546,465.1449951171875,189.99764862060547,634.9888061523437,20.27779140472412,30.491955375671388,64.40667877197265,806.2113304138184,1358.9239810943604,15145.648054516316,0.2978284311364405,532.2799053773284,373.3165882214904,3.370355544053018,14.57054666299373
324.56596318823284,163.71670284001158,1.7266870323568582,7.409273568447679,0.0985261216759681,15.862296295166017,3.105713486671448,5.979859685897827,1.831427013874054,10.083934688568116,0.4394806265830994,1.0026011347770691,2.4682186365127565,1.4659002542495727,3673.851171875,96.14996871948242,454.52296752929686,184.7415557861328,616.3598876953125,21.661085891723637,30.452651977539062,79.30143814086914,799.120413017273,1442.3870729446412,15780.122205078602,0.2915654288983205,522.448411398381,373.20128408968446,3.4323116038925945,14.58861225489527
330.094804051565,183.4651901813224,1.5413928641006351,7.49846628587693,0.1080554537475109,16.001820278167724,3.2792537689208983,6.296985101699829,2.007912826538086,11.13914670944214,0.3955197781324386,1.0020039677619934,2.3822768449783327,1.4747482061386108,3642.3929931640623,101.41123504638672,478.08478088378905,202.31384887695316,680.1463195800782,19.08701343536377,30.454957962036133,76.92885818481446,782.3072151184082,1279.0453745365144,14320.709351873398,0.2379881109198322,517.9227146431804,373.5096193134785,3.308720588311553,14.543672440387308
341.058202525042,174.19129700735212,1.4450302545912563,6.3872626307187605,0.1132849983870983,17.49649295806885,3.3422556638717653,6.218180084228516,1.9284683108329768,10.685035514831544,0.3845118075609207,0.9945433497428894,2.216401743888855,1.5301302671432495,4049.048779296875,103.32044830322266,472.1137481689453,194.40848693847656,651.8939147949219,18.28871021270752,30.4155689239502,67.04145736694336,797.0652095794678,1319.2828540802002,14688.362261986733,0.229637481959071,547.4328262068332,373.30329378843305,3.2617818699218333,14.51066854763776
335.00307775200343,173.42803697232156,1.3440515860915183,6.101448148908093,0.1100077278912067,16.16900520324707,3.3200868129730225,6.12648639678955,1.8714142918586727,10.33597707748413,0.3510201960802078,0.9927943587303162,2.122937560081482,1.473923420906067,3724.734887695312,102.7330307006836,465.01784362792966,188.71191864013676,631.3350036621093,16.373399925231933,30.42448234558105,62.80744590759277,797.4319538116455,1314.5321068763733,14557.344990944865,0.2263883540435927,522.8090485207737,373.16774202138186,3.2386215126141904,14.563847818039358
311.74979672064075,162.1813331315294,1.4965088007971643,7.606385580264032,0.1065481036901474,15.357613277435302,3.044215226173401,5.426138210296631,1.858390283584595,10.260675811767578,0.385610094666481,0.9926178097724916,2.396115756034851,1.4510278224945068,3542.47060546875,93.89678421020508,412.5458923339844,187.3924301147461,627.2645874023438,18.48097457885742,30.445869636535644,76.9439826965332,755.7050201416016,1393.8741314172744,14987.982132816314,0.2180355135264108,525.7125445052982,376.0281508758664,3.290730789769441,14.85678630284965
339.05740248737857,182.1434796726331,1.4207781068980694,6.828827648982406,0.1100719831883907,16.90978298187256,3.4907605409622198,6.298135614395141,2.014061784744263,11.16898889541626,0.3603350102901458,0.9935703277587892,2.2789503812789915,1.5084080815315246,3852.779931640625,107.9026741027832,478.2562744140625,202.9261611938477,681.7351623535156,17.083488845825194,30.484363555908203,70.9708740234375,793.4814462661743,1231.46377286911,14108.357106924055,0.2360292202065466,528.6377937924117,373.5635282099247,3.243859236035496,14.518556717596947
346.2915872865822,182.34670408554376,1.7302622249349953,6.73554704003036,0.1066747650504112,18.312707328796385,3.699657511711121,6.346212577819824,2.078562784194946,11.538440895080566,0.447331815958023,0.9982209801673888,2.2202553033828734,1.5561578035354615,4163.713330078125,114.4774444580078,482.0079284667969,209.35253143310547,704.4522033691406,22.046718406677247,30.482816696166992,69.01188812255859,796.0456538200378,1208.4080773353576,13999.778623235226,0.2353896302985959,544.0872263915837,373.4066868200898,3.440232662856579,14.456058568134903
334.363488189457,180.74144398011268,1.4150660442188383,7.042318738577888,0.1213910318911075,16.177471923828126,3.415178775787353,6.320601224899292,2.0695904970169066,11.474681949615478,0.3734611511230469,1.0113000869750977,2.3651202917099,1.4870511651039124,3670.2515869140634,105.38286514282228,480.12085876464846,208.46613159179688,700.831201171875,17.66617832183838,30.471508026123047,74.99962463378907,799.178931427002,1257.9500214099885,14327.195496475695,0.2432175669760909,519.0421185400337,373.4384110569954,3.254261099267751,14.52484560459852
319.4909728642786,170.52041464643554,1.388815265148878,7.450851227296516,0.1008393801748752,15.637435626983642,3.2460114479064943,6.118462133407593,1.8741705894470213,10.337135219573977,0.3617432624101638,0.9975547790527344,2.5350647449493406,1.4627702236175537,3585.76611328125,100.19782485961916,465.0754058837891,188.9963256835937,631.6216003417969,17.01939811706543,30.467618942260746,81.46151199340821,782.0903394699096,1363.510500574112,14940.607893967628,0.2226750906236702,518.7175253711641,373.5345956966281,3.25259981751442,14.594820280373096
331.0592113474384,169.27511401809753,1.654856960568577,6.440426591597498,0.1175214909017086,16.622965812683105,3.2390716314315795,6.153246402740479,1.8973063945770263,10.469231605529783,0.4233470559120178,1.006375741958618,2.260709047317505,1.485797607898712,3819.220947265625,100.1334213256836,467.18773193359374,191.29937286376952,639.7933166503906,20.705607604980468,30.466118812561035,69.04658279418945,790.2078746795654,1373.101584339142,15191.581761682031,0.2284278565071872,530.0323836237192,373.2371069863439,3.384831400122493,14.564287315309048
325.1084520547185,172.87910871058702,1.7002850168384611,6.342356301285326,0.1295151606202125,16.91695079803467,3.1454017877578737,6.0697730541229244,1.824110221862793,10.047406768798828,0.450010135769844,0.9983147978782654,2.105537509918213,1.4810713171958922,3908.5049072265615,97.4835647583008,460.8510894775391,184.0103012084961,614.0781127929688,22.067925453186035,30.43023681640625,63.53059387207031,789.0120920181274,1403.4398765087128,15382.035122799873,0.2271492518833838,537.344519027695,373.2860801190138,3.443463516235352,14.584264705330131
323.5440075191203,172.46678696405144,1.3066282474435866,6.500292182154953,0.1147742241621017,16.826184272766113,3.203853130340576,6.089491891860962,1.827449381351471,10.068610763549804,0.3579921633005142,0.9920722842216492,2.1256547212600707,1.491873073577881,3896.0710205078126,98.82116165161132,462.467578125,184.34444274902344,615.2846130371094,16.557275581359864,30.44321632385254,64.66801986694335,789.9876370429993,1357.8588531970977,14884.669232535362,0.2188600840498111,537.7885145060718,373.5285812631249,3.2352475658990443,14.576748655177653
327.31841922723686,178.343358035665,1.2877610520459712,7.16759006017819,0.1017753720283508,17.07051200866699,3.180323934555054,6.182439994812012,1.8964457631111145,10.47037124633789,0.3422499775886535,0.9926862597465516,2.4791730880737304,1.5132239222526551,3871.582934570312,98.4579734802246,469.8250061035157,191.21313934326173,639.6754760742188,15.789367389678954,30.470213890075684,78.53675384521485,790.2712362289428,1362.3284973144532,14928.587634277344,0.2318142785457894,532.9119787085801,373.3296394005418,3.215555418096483,14.53050186727196
324.85838158223777,168.492092237249,1.6621570633724332,6.757231238111854,0.1016147255897522,16.80479335784912,3.2550832509994505,5.937489318847656,1.819936990737915,10.025123405456544,0.4064960867166519,0.993654489517212,2.206679582595825,1.494511878490448,3872.2102783203127,100.77926330566406,450.6507904052734,183.5944854736328,612.6617919921875,19.949995613098142,30.47220230102539,68.2988494873047,798.4245094299316,1395.5421735286714,15297.869978225232,0.293567514330789,532.6087349768728,373.17973658144473,3.3577576196752488,14.588491986878216
346.8971490168944,172.84534169770777,1.3059927891008556,6.31071069566533,0.1052899599075317,18.13618602752685,3.5752675771713256,6.211408090591431,1.9516596794128416,10.820113945007323,0.347722640633583,1.006707000732422,2.1701528072357177,1.5457617044448853,4154.47392578125,110.68063735961914,471.6731201171875,196.71943359375,660.2423767089844,16.117444038391113,30.44449615478516,65.8059196472168,796.466093158722,1236.2954623222352,14104.394493877888,0.227520316884329,542.8147568311542,373.30099096149206,3.212518753297627,14.484439406730235
323.88337722262366,178.22113440521062,1.4364065518602729,6.142786960955709,0.1134348914027214,16.33345832824707,3.311196970939636,6.217177820205689,1.9605338335037232,10.843655395507811,0.3643072873353958,1.0108674049377442,2.169864869117737,1.485399329662323,3686.647583007813,102.57746276855468,472.4165985107422,197.606169128418,662.30146484375,17.310023307800293,30.45385112762451,65.0919418334961,787.2631220817566,1311.3476392745972,14535.351154315473,0.2349608126867678,520.2720772102475,373.3320779323578,3.2547341735102235,14.541645610705018
332.6922419246286,176.03618017919362,1.6109708514995873,7.013344075460918,0.1131851963698864,17.372488594055177,3.274929571151733,6.174551153182984,1.9180221915245057,10.58145580291748,0.396732747554779,1.0035059452056885,2.367872047424316,1.5233571648597717,3987.1477294921874,101.35830993652344,469.441537475586,193.3699493408203,646.6264099121094,19.35874214172363,30.45856990814209,74.74257965087891,797.6605648040771,1367.8992078781127,15176.320166361333,0.2309506458754185,541.5485827047378,373.1289018511772,3.3241438692435623,14.514272753335536
334.09459348027593,166.96151942592115,1.7678945164196194,6.482929640635848,0.1250486120581627,17.11663112640381,3.361045551300049,6.107665729522705,1.8678345561027527,10.29517946243286,0.4237762868404388,0.9922640919685364,2.243258810043335,1.5034467101097106,3951.353271484375,104.09674224853516,463.5680480957032,188.36404876708983,629.2523498535156,21.057381629943848,30.44703903198242,68.20873947143555,792.6936285018921,1365.8401140213014,15160.503964567184,0.2271084098261781,540.5279772762209,373.4283004522324,3.40922184959054,14.560744388587771
338.51554128169084,176.63776320032775,1.610703350044787,6.72337084854953,0.1101436533033847,17.724482345581055,3.3617414951324465,6.2594215869903564,1.990250527858734,11.034530448913577,0.4011560469865799,1.0006769895553589,2.3328901529312134,1.53001629114151,4024.053930664063,103.86371536254885,475.29945068359376,200.54781646728517,673.6274536132812,19.562086486816405,30.45252990722656,72.38816604614257,794.848677444458,1241.2277727127075,14191.60811382532,0.2316900784178869,536.9804627541453,373.3347975626588,3.331141931656748,14.497162977606058
339.7346908132546,176.4688398713246,1.623213800881058,6.557723383139819,0.1147535897791385,16.772422218322752,3.5783468961715696,6.28435640335083,2.0388733386993407,11.31784257888794,0.4042594045400619,1.0030727624893188,2.1608803272247314,1.4971931457519532,3844.084033203125,110.46217727661131,477.2346923828125,205.38070220947264,691.0337707519532,19.73761978149414,30.454239273071288,66.43816146850585,782.1963418960571,1295.1793748855591,14436.46886113882,0.239092259373865,528.8428084231913,373.24331510216,3.3419496112503118,14.514091204106808
327.56750737396067,171.5263277478516,1.5678597800433636,6.789664737228304,0.111270834505558,16.0761869430542,3.2475857734680176,6.1469520092010494,1.9219035148620605,10.610318851470948,0.4036816716194152,0.9901795387268066,2.2003565549850466,1.4736024022102356,3693.7669189453127,100.58626174926758,467.0762023925781,193.75226745605468,648.3614685058594,19.537150382995605,30.422664642333984,68.05795822143554,795.0265594482422,1410.8721652984618,15533.94051553011,0.2326295035338262,523.9303537365049,373.08190175741913,3.331059606280178,14.559672182798383
335.6545262991218,166.0263938788325,1.439747386239469,7.213237313344143,0.1057499341666698,17.444357109069824,3.401566171646118,6.110142850875855,1.8697113990783687,10.298801612854003,0.3624869883060455,0.9963623940944673,2.4904224634170533,1.530382180213928,4020.30771484375,105.37348175048828,463.8567779541016,188.5747299194336,629.3148315429687,17.243081092834473,30.412632751464844,79.19157409667969,782.0911485671998,1360.8011036872865,14952.777067148683,0.226743748167064,543.6085569001734,373.3619679734111,3.2496268005110323,14.525901967845858
335.9765715632122,171.57188181653618,1.634997977782041,7.072463513258844,0.1195772305130958,16.55120143890381,3.31046314239502,6.181167888641357,1.918264877796173,10.594013595581057,0.4001141816377639,0.9939442694187164,2.293582463264465,1.4932104110717774,3834.9417724609375,102.48345108032228,469.8524536132812,193.38682861328124,647.1241394042969,19.58072853088379,30.442862510681152,72.2427474975586,784.1578898429871,1348.6357584953307,14926.337800443172,0.2323407106945524,534.3508640024811,373.4476633831858,3.337950036674738,14.557787008024752
321.17984144142827,173.81129445973784,1.6766515158116817,7.050283585535363,0.1136852763593196,15.716239833831787,3.31463737487793,6.135291051864624,1.8929776430130003,10.483959865570068,0.4195993304252624,0.9928101301193236,2.371289777755737,1.4568529725074768,3565.235815429688,102.29594497680664,465.91090393066406,190.82137908935547,640.1799072265625,20.597140884399412,30.466472625732425,74.55532302856446,793.8165333747863,1316.841741657257,14678.534131407738,0.2245219009462744,514.1363676302135,373.4166643798352,3.384111509658396,14.589046366885304
330.7424470408354,182.67981405481697,1.3815622108988463,6.869901415193453,0.1049421563744545,16.000405979156493,3.447452211380005,6.392309474945068,2.1384737730026244,11.886713123321533,0.3490217417478561,0.9925977230072022,2.209094929695129,1.485461163520813,3616.5468505859376,106.31731185913084,485.6035827636719,215.34515991210935,725.7604431152344,16.431599617004395,30.432659339904784,68.8257682800293,780.9513751029968,1250.2575815677642,14205.20565174818,0.2485131590918172,514.3327050112188,373.56876515746114,3.229891551658511,14.515480547212064
326.5306427106261,173.1195359739475,1.6502828020602465,6.596568724815734,0.1210644878447055,17.1564302444458,3.3626518726348875,6.180097055435181,1.9223819971084597,10.611003112792968,0.3986863404512405,0.99650040268898,2.2062156200408936,1.495500922203064,3890.897534179688,103.7849365234375,469.8420379638672,193.79217376708985,648.3763610839844,19.560342597961423,30.42887115478516,67.66003341674805,785.2428005218505,1354.5290594100952,14923.82255049944,0.2289732205186737,532.65709797889,373.4571789041162,3.338180525414645,14.5556966137141
317.96436726632527,176.4034869826399,1.581780241243541,6.467633817624301,0.1042416721582412,16.392749786376953,3.1997403621673586,6.214368724822998,1.9601096630096435,10.855071640014648,0.397724649310112,1.0089325308799744,2.2494032621383666,1.48562890291214,3684.7965087890634,99.15006561279296,472.36224365234375,197.54464874267575,662.7689270019531,19.31159439086914,30.445911407470703,68.86643829345704,782.2820747375488,1264.507141780853,14247.603879773616,0.2281322982162237,518.436755560711,373.5090296983719,3.322215342707932,14.547656545042992
338.35237788711675,174.59039503522217,1.6564990657381713,7.062671419698745,0.1145558670163154,16.145236587524415,3.543658638000488,6.102760934829712,1.8624598741531373,10.289659976959229,0.4275894075632095,1.0002777457237244,2.3429785490036013,1.4739206910133362,3749.67744140625,109.7247917175293,463.4599884033203,187.8085723876953,628.4263732910156,20.90345516204834,30.45793342590332,73.9541618347168,797.7964704513549,1310.7814405441284,14645.551908230782,0.2271533621998969,527.3970034938305,373.2033641561866,3.393691597133875,14.57076989468187
333.28403246123344,171.88400176391005,1.647629121877253,6.659593725716695,0.1237689815461635,16.612687873840333,3.480010747909546,6.136575984954834,1.894818127155304,10.470227146148682,0.4137653142213821,1.0076149702072144,2.135486102104187,1.475904154777527,3828.142138671875,107.52394790649414,466.0863494873047,191.048356628418,639.4842346191406,20.243682670593262,30.411407470703125,66.02554016113281,794.2392705917358,1296.101588010788,14504.189014196396,0.2237662183237262,530.9095679160207,373.37037229985,3.3663063309155405,14.570007060840728
324.67699958048763,176.58808974511922,1.304266649670899,6.44221499254927,0.1132670104503631,16.98820056915283,3.3753649950027467,6.173630285263061,1.8886428952217105,10.428548812866213,0.3434810996055603,0.9944352984428406,2.115826344490052,1.5073686242103577,3846.2926025390634,104.14334640502928,469.2179168701172,190.43641052246093,636.8947814941406,15.901583385467529,30.489521026611328,64.37696075439453,791.5178797721862,1345.1298328876496,14767.843281054496,0.2288045923545723,530.8731360208243,373.3614222794771,3.220663250144571,14.54569956213236
346.51588266650214,176.28587721977382,1.2922268928028644,6.444777178484946,0.1278919994831085,16.974665451049805,3.3945000410079955,6.25482668876648,2.00312659740448,11.09862642288208,0.3442466795444489,0.9993365168571472,2.224055910110473,1.5026214838027954,3904.56396484375,104.70170364379882,474.7531311035156,201.83446350097657,677.8250122070312,15.892976856231687,30.42957878112793,67.73311462402344,807.3946478843689,1289.4688298225403,14489.733852040768,0.3158776570344344,533.4681012496352,373.057060687244,3.219221519771964,14.50933866146952
323.89764477857386,177.0351053116843,1.7519677540287375,6.843800821201876,0.109747277200222,17.278517723083496,3.292351675033569,6.309962511062622,2.0569260835647585,11.418648624420166,0.41943099796772,1.0036367177963257,2.3414957523345947,1.5137819409370423,3867.487817382813,101.65345306396485,479.5172119140625,207.19165649414063,697.0665100097656,20.81361351013184,30.46585464477539,73.25410690307618,762.3831571578979,1255.1722279548644,14231.980292844772,0.2333907290536444,527.1243341822177,373.5007559940219,3.395898076891899,14.509787862189114
334.18003455838186,168.114809483476,1.7800574167631569,6.703955936455168,0.1155521720647811,16.504073905944825,3.284134793281555,6.03916335105896,1.85030654668808,10.19285888671875,0.4225814819335937,1.0102962255477903,2.2090625286102297,1.484622836112976,3828.868115234375,101.54872360229491,458.7478973388672,186.62196350097656,623.0289611816406,21.03290195465088,30.439727783203125,68.61219787597656,796.5033725738525,1426.6890652656557,15693.533476150036,0.2289893600041978,531.1829982850701,373.1262593001128,3.411001479625702,14.567868167348204
329.313586889999,179.59331487668678,1.7524735305458308,6.267693707766012,0.1159475661814212,16.980909538269042,3.2936726808547974,6.274083852767944,1.9986978054046631,11.046404170989993,0.4457324683666229,0.989885538816452,2.019876456260681,1.5033342242240906,3845.55322265625,101.99669342041015,476.9740356445312,201.4319580078125,674.7501525878906,22.03582019805908,30.405293273925786,60.502173233032224,803.3219066619873,1309.3019948005676,14723.019335305691,0.2317552371445344,532.3434910353274,373.3872104376554,3.4444435640238225,14.5226000957191
343.1298976677936,185.8444064332172,1.6175535562448204,6.701844468060881,0.1126982383430004,17.67391166687012,3.5280633687973024,6.350311279296875,2.068187046051025,11.479530239105223,0.4204907387495041,0.9964980483055116,2.10561752319336,1.529266536235809,4011.028173828125,109.0864112854004,482.4813140869141,208.31936645507807,700.8805541992188,20.465898704528808,30.419282913208008,65.0897605895996,788.3583633422852,1213.7205126285553,14016.774777841569,0.2450531410693656,535.102269454673,373.45948336571456,3.367625256348401,14.488411939144134
322.1422959102318,173.25654051359743,1.3812593549489975,7.468046765308827,0.1016514040529728,17.121834182739256,3.1769431114196776,6.2095582485198975,1.9701387643814088,10.916985034942629,0.3804055094718933,0.9942887246608734,2.4592112064361573,1.5073899149894714,3851.033935546875,98.03659362792968,472.0515441894531,198.5219940185547,666.4763610839843,17.866393661499025,30.432237815856933,79.08133468627929,783.5952388763428,1254.6727077960968,14223.088271462915,0.2278199787993799,526.7910415671765,373.4523231774568,3.2524423209950326,14.524518207274378
325.8774425196927,184.46629585139453,1.415352847147733,7.1654779854463415,0.1095534965395927,17.042598533630372,3.2139941930770872,6.344208574295044,2.0688306093215942,11.479307556152344,0.3873247772455215,1.0095847010612489,2.266246128082275,1.5068723201751708,3814.3359375,99.40814743041992,481.9126281738281,208.3780944824219,700.8424194335937,18.312002754211427,30.441046905517577,72.27637100219727,794.3841711044312,1217.8297626972198,14100.589434707164,0.240321894477529,524.0187498848885,373.545682580769,3.260191125422716,14.50896305385977
333.2552854276728,170.31671095062046,1.561558385938406,6.5161442623939365,0.1107813395559787,16.130369186401367,3.1795209646224976,6.13412766456604,1.89509379863739,10.452302551269533,0.3803633272647858,1.003807580471039,2.1517993211746216,1.4767656803131104,3742.7630126953127,98.52845001220705,466.0674926757813,191.08182525634768,638.7799011230469,18.45787868499756,30.448196601867675,65.90016174316406,791.5982082366943,1380.5450750350951,15257.70237929821,0.2276660843301215,528.9566204261034,373.2435930907726,3.287245030794293,14.57113452423364
331.0253690564074,176.39948947597296,1.566167617123574,6.2546872331760826,0.105636466294527,16.873110389709474,3.2323824167251587,6.145833158493042,1.8860226035118104,10.425773334503171,0.4092456132173538,0.9965422749519348,2.230956554412842,1.4998558163642883,3846.562890625,100.04273681640623,466.8199340820312,190.1653198242188,636.6441467285156,19.785917663574217,30.48472785949707,67.09549407958984,799.5984287261963,1285.1381722450255,14379.266823935508,0.2205390246977913,528.5303361531347,373.3168978229165,3.33950070803985,14.538970889523624
317.8987853402272,173.250001761131,1.5636366437189282,6.889503957657143,0.1198795542120933,17.01040897369385,3.14931709766388,6.137090492248535,1.9091428637504575,10.555103588104249,0.4166297882795334,0.9995082020759584,2.1800427198410035,1.4945388436317444,3824.821484375,97.38545379638671,466.55187072753904,192.46975860595705,644.6070190429688,20.111379432678223,30.442033767700195,68.16235961914063,777.6678253173828,1313.066021442413,14516.027200233935,0.2241692342839087,526.5514761071652,373.3206827670336,3.3522971871308984,14.547721750847996
347.9934427658096,181.60451647657905,1.3575248643755913,6.448197819269263,0.1021623216569423,16.519895172119142,3.651735210418701,6.270337724685669,1.985124373435974,10.989709663391114,0.3742985397577286,1.0105637311935425,2.245266079902649,1.5069238185882567,3826.909765625,112.844149017334,475.96144714355466,200.04583587646485,671.2028076171875,17.501491355895997,30.437908172607425,68.76904373168945,802.7701866149903,1286.5475177764893,14384.751291811466,0.2402946971094934,531.536184726283,373.22754905968907,3.244106237962842,14.502444668114183
335.71936250894794,173.04229325056076,1.5079092766158282,7.209511892823502,0.1065381504595279,17.2568208694458,3.3693999290466308,6.120121335983276,1.8757906675338745,10.365512371063232,0.3828384906053543,0.9977507710456848,2.282554125785828,1.5131883382797242,3984.863232421875,104.02530822753906,464.87567443847655,189.147673034668,632.9990478515625,18.41085014343262,30.460111618041992,72.60341415405273,804.9304092407226,1273.0923379898072,14317.96445401907,0.2921329312244779,537.7270869903266,373.3095859915018,3.2771147867664694,14.52806041277945
324.9322939465055,174.31722392439843,1.696374261379242,6.886307914322242,0.1023767158389091,15.806674575805664,3.457504796981812,6.250455617904663,1.996719193458557,11.093859958648682,0.4177888125181198,1.0010313987731934,2.3571046590805054,1.4764070749282836,3585.811865234375,106.87149963378906,474.6821319580078,201.1472076416016,677.1690551757813,20.57448081970215,30.4270076751709,73.71557312011718,779.8461093902588,1332.7523419857023,14722.421557486055,0.2365521519517642,515.5912807635963,373.2993040516973,3.3835094973444937,14.535260359570383
313.8169735549018,167.2207674736157,1.525913581252098,6.7271172443870455,0.1147969141602516,15.463797092437744,3.22431743144989,5.693318176269531,1.856840765476227,10.285811519622802,0.4039042860269546,1.0108954906463623,2.23916118144989,1.454740309715271,3559.6240478515624,99.61063537597656,432.6129119873047,187.27828369140624,628.6591735839844,19.403620529174805,30.45592346191406,69.31940155029297,756.3746784210205,1402.35522544384,15371.464275240898,0.245963263104204,527.337582463026,375.7929610162973,3.3275604653172195,14.785725042037663
327.3993968443945,171.2681242587045,1.6093097978271544,6.555568112409674,0.114124709367752,16.838379287719725,3.2719562530517576,6.161347532272339,1.9119646668434145,10.549337482452392,0.4247307449579239,0.9982895970344544,2.138243103027344,1.4907713651657104,3854.7018310546873,101.21198348999025,468.3656982421875,192.75762634277345,644.6171630859375,20.62651481628418,30.451746940612797,65.53355102539062,782.5269413948059,1355.1963755607603,14948.319071745873,0.228243755857693,533.3891414355487,373.4649931550026,3.3768856436014176,14.562259130366147
336.69563041091897,185.11758511569352,1.3440827534534037,7.583757095318288,0.1117368526756763,16.49043998718262,3.485207891464233,6.397820854187012,2.121885085105896,11.53228406906128,0.3628651648759842,0.9931207299232484,2.379846477508545,1.493039929866791,3729.78291015625,107.82373809814452,486.1431091308594,213.582763671875,713.0175048828125,16.93152961730957,30.44910430908203,76.90636596679687,783.9972637176513,1178.179584789276,13858.055953729152,0.2609677730491967,517.325959989801,373.7663290917873,3.2335170118138192,14.527714045904576
312.24503906252795,172.58662374634295,1.453559379838407,6.265502112498507,0.1008176684379577,16.01634864807129,3.1515495777130127,6.152520370483399,1.8902457356452944,10.427905654907226,0.3949186593294144,1.0134730339050293,2.0948915243148805,1.4768758416175842,3598.2247802734373,97.43621368408203,467.4830810546875,190.59908294677732,637.2235961914063,18.768966674804688,30.47129821777344,63.4430793762207,780.535674571991,1371.114787530899,15004.033323943617,0.2245070150718675,516.3232932265848,373.4782938092947,3.2891114925034346,14.573077616281807
326.0241331158206,165.86242278274148,1.6294991672039032,6.517727902717889,0.1229854650795459,16.438318061828614,3.139588642120361,5.8641801357269285,1.8287274718284607,10.073092174530029,0.4291189730167389,0.9975647926330566,2.1108805418014525,1.4666881918907166,3809.0950927734375,97.12261199951172,445.2949798583985,184.4720703125,615.6863342285156,20.883829879760743,30.46491241455078,64.37017822265625,774.4325124740601,1367.0852530956267,14956.828133940697,0.2204792503485805,532.4667075894773,373.67603781670334,3.393101122044027,14.660850928910076
312.8981795581989,174.0872777245939,1.549232250638306,6.9476991626666855,0.1162008292973041,15.315527629852294,3.3342144966125487,6.136881875991821,1.880066740512848,10.3812912940979,0.4104402601718903,0.9917097866535188,2.398683977127076,1.4365385055541993,3449.7642333984377,103.23002777099607,466.08570861816406,189.56817779541012,634.3861083984375,19.78075466156006,30.45158271789551,74.80754241943359,748.017551612854,1138.2418664932252,13789.85212033987,0.2861554987233831,508.01535094566646,374.13860727250574,3.340433101262897,14.65841988325119
327.56135737088044,183.239970048517,1.41837874148041,6.657498133461923,0.1044129215180873,17.228136444091795,3.5080473899841307,6.366373014450073,2.1066218852996825,11.710611248016358,0.3650617986917496,0.9971843957901,2.1168045520782472,1.5180192828178405,3856.828759765625,108.57000732421876,483.7493957519531,212.14257049560547,714.8937194824218,17.30194034576416,30.453126907348636,65.34860610961914,779.6758848190308,1205.813288974762,13971.34223628044,0.241598527257156,525.7429655525833,373.5029567226768,3.241734067071229,14.491638191230596
321.8678874668898,169.0270454905927,1.412926617078483,7.233322746260091,0.1012615956366062,15.934232234954834,3.072668981552124,5.900336217880249,1.828125894069672,10.076653289794924,0.3697148501873016,1.0049906611442565,2.4040707111358643,1.468235683441162,3693.452661132813,95.02550430297852,448.2934844970703,184.4111724853516,615.7436767578125,17.4640754699707,30.405960655212404,76.51454010009766,785.6153297424316,1374.1168058872222,15013.83177806139,0.2172222643726854,525.1108053661883,373.4554896235466,3.264768115337938,14.630976362340151
323.6667582507245,182.38160048499705,1.5338048371486366,6.899649063311517,0.121076575666666,16.524155616760254,3.274980616569519,6.2581706047058105,1.9672192335128784,10.913008785247802,0.4113330394029617,0.9942075610160828,2.250664973258972,1.478335165977478,3737.4101806640624,101.05494842529296,475.0923797607422,198.24837646484372,666.1734191894532,19.77540054321289,30.420778274536133,70.18821411132812,790.4283537864685,1241.1088292598724,14129.015511107444,0.2269075864343904,521.947757044062,373.4845416009426,3.335569208022207,14.554828298836949
337.63690923266114,178.26858228631318,1.6077674901112915,6.6737023330759255,0.1147803641855716,17.014720726013184,3.354966974258423,6.192479181289673,1.9443024754524232,10.765850925445555,0.4076648116111755,1.005043053627014,2.1845346212387087,1.5029416799545288,3885.6207275390634,103.95041961669922,470.8537200927734,195.9682357788086,657.3430725097656,19.845756340026856,30.429713249206543,67.62123947143554,789.266682434082,1275.064876174927,14321.289238667488,0.2340852028937661,530.2286866597831,373.442851741612,3.345153096690774,14.529875488393008
323.0000450687017,169.19132416546344,1.7374920810572805,7.227263628761284,0.1059060409665107,16.266605949401857,3.155190420150757,6.097667932510376,1.8621731519699096,10.26446294784546,0.4311703145503998,1.0088273286819458,2.316668081283569,1.480611836910248,3727.087060546875,97.75322494506835,463.16346130371096,187.8036102294922,627.2966613769531,21.312154388427736,30.42469024658203,73.95790557861328,798.3131746292114,1372.9647733688355,15226.218218517304,0.2200858795316889,525.6738342799247,373.2892017811537,3.4176156031899154,14.571056391857564
343.42489711917005,178.41938765980302,1.5250491234473884,6.214712333236821,0.1094061091542244,16.81126461029053,3.54876561164856,6.247631072998047,2.0077792406082158,11.130196285247802,0.3769121021032333,0.9923925280570984,2.0807016849517823,1.5054119944572448,3866.2068359375,109.73851470947264,474.7056884765625,202.3004943847656,679.6376281738281,18.196306800842287,30.43498287200928,62.20828056335449,811.8067454338074,1284.5049776077271,14473.805522334576,0.3156327737917309,532.2194399300963,373.0754511579871,3.270026456750929,14.49565587937832
334.82569659883154,177.43521904889494,1.4998971059918405,7.477627812465653,0.1216983638703823,16.87352466583252,3.249239373207092,6.216108465194703,1.949914240837097,10.763195514678957,0.386488538980484,0.9931829810142516,2.4094860792160038,1.501948988437653,3854.7288330078127,100.28864669799805,472.6380035400391,196.54317321777344,657.7474731445312,18.550742149353027,30.41852760314941,77.43347244262695,805.0084076881409,1325.603743839264,14827.73242957592,0.2315264205637504,532.8278000436724,373.42101251780986,3.2814319496043027,14.534235961735249
320.19040606515483,172.55647050943224,1.5050121429376304,6.651446944056079,0.1131831005215644,15.209781169891356,3.256936860084534,6.071661567687988,1.834067440032959,10.103605365753172,0.3933553576469421,1.0030063390731812,2.2262027740478514,1.4332706809043885,3529.080615234375,100.67293319702148,461.27308959960936,185.00383605957032,617.4921875,18.86563396453857,30.48098564147949,68.69731903076172,798.3299243927001,1392.5856944084169,15293.352185213564,0.2970449675645795,515.378316365555,373.263534231484,3.300983874872327,14.626188320852815
340.05252366415226,182.7873965157196,1.5624626646749675,6.532382632559165,0.1091683685779571,16.496722602844237,3.511739730834961,6.292769908905029,2.02308566570282,11.224429702758789,0.418320769071579,1.0070886611938477,2.185968446731567,1.4869710564613343,3784.129541015625,108.67080993652344,478.2686767578125,203.81253509521488,685.2898376464843,20.18557205200195,30.454082489013672,67.18004684448242,798.3099192619324,1216.3126873016358,14016.218090486527,0.229338911823288,523.8327508177608,373.6526043087244,3.3540865991264583,14.53813727851957
329.38380624875424,172.401330749318,1.4863515799865126,7.298991414904594,0.1176547788083553,16.02979965209961,3.343463730812073,6.07066822052002,1.8366925239562988,10.118226623535156,0.3700068950653076,0.9960907697677612,2.299492883682251,1.4607151985168456,3696.537841796875,103.17179565429689,461.2119110107422,185.2646331787109,618.3788208007812,17.730212020874024,30.418720245361328,73.23702239990234,792.7465326309205,1413.2909811019897,15446.657735264302,0.2325076878434629,523.841533993557,373.1640032112599,3.271196665149182,14.59896556288004
330.4550728285685,177.97767536006867,1.3628650463186205,7.222459292737767,0.0997880458831787,16.090214920043945,3.3645028352737425,6.252697086334228,2.0075294017791747,11.110433578491213,0.3710116475820541,0.9987879991531372,2.361206531524658,1.4874678254127502,3653.2116455078126,104.11220626831054,475.3767364501953,202.27720642089844,678.6905151367188,17.365081214904784,30.42281723022461,75.12895736694335,789.1046720504761,1313.6931971549989,14586.398733627797,0.2408325865530059,519.0177786689252,373.30127831995486,3.246388559695333,14.524998619034886
333.69184801526137,173.5914167543975,1.3264103063382209,6.4501733697485175,0.103445179015398,16.78716297149658,3.4757795095443726,6.0950150966644285,1.823696863651276,10.04669256210327,0.3697163313627243,0.9996986985206604,2.083664560317993,1.5121922135353087,3888.9817626953127,107.53095321655272,462.7474761962891,183.96673431396485,613.98310546875,17.168943405151367,30.48031234741211,63.54398651123047,796.3465097427368,1352.2010962486268,14910.017230129242,0.2256297911895672,536.9782631184905,373.41790551394223,3.2412272786721585,14.551547007076442
330.6786461304873,173.52166767921298,1.5080423781648278,7.312960313120857,0.1055271089076995,16.477766036987305,3.2581589460372924,6.203036165237426,1.9625375866889956,10.874981880187988,0.3796776890754699,0.9952187538146972,2.3640146255493164,1.4950400471687315,3781.5088134765615,100.60869445800782,471.0795135498047,197.7635009765625,664.0618835449219,18.267935943603515,30.453258514404297,75.4981315612793,796.2068942070007,1315.9683386802674,14611.526721584796,0.226639587090176,527.869597960636,373.2646979570389,3.271812438685447,14.525363338552417
327.75155615075494,172.44528580447658,1.3077270612120628,6.47024928694591,0.1240357592701912,15.707933235168458,3.242910289764404,6.122974634170532,1.872932958602905,10.371404647827148,0.3632187187671661,1.0046844482421875,2.2701096057891847,1.450893771648407,3632.462646484375,100.05940856933594,465.4607330322266,188.8759796142578,632.7592529296875,16.78712902069092,30.47639942169189,69.33517837524414,799.9033043861389,1321.9197708129882,14718.54560968876,0.2222314530139556,522.5740497935564,373.58450159579513,3.2446681935340167,14.616794516704976
332.757689652266,175.7276645633392,1.4952176926657557,6.992883659992367,0.1195469379425048,16.67820644378662,3.492954087257385,6.208044147491455,1.9438170075416563,10.738630962371824,0.4063136786222457,1.0013222694396973,2.266516351699829,1.4873276233673096,3839.57724609375,107.98759002685549,471.7562286376953,195.936442565918,656.1064697265625,19.420883560180663,30.475929260253903,71.37411804199219,801.3493412971496,1349.058340883255,15021.911708164214,0.3088478825884522,534.107059314847,373.2410074621439,3.317853383161128,14.55089309848845
314.78630773173643,175.97715729912744,1.425571166537702,6.268812038982287,0.1033189825713634,16.697482681274415,3.383901047706604,6.254569435119629,1.9808061361312863,10.933017921447751,0.3845896363258362,0.9937781691551208,2.1009339094161987,1.4833855271339416,3738.177221679688,104.54752502441406,475.34808349609375,199.629248046875,668.2522338867187,18.216065979003908,30.45289421081543,63.0178955078125,752.3833469390869,1126.74077501297,13688.314407384396,0.2098614610658842,518.235454518348,373.93882069289685,3.263509674184024,14.574841992743313
337.12426558583974,171.7611033152789,1.6719161816872656,6.493895124574192,0.1185933835804462,17.604571533203124,3.469569706916809,6.214711999893188,1.968575930595398,10.876372337341309,0.4209417372941971,1.0085477590560914,2.1565592765808104,1.528405749797821,4044.885546875,107.39669952392578,472.3025024414063,198.4075897216797,664.6013244628906,20.650957107543945,30.44084300994873,66.20045547485351,800.0128560066223,1367.8521770477296,15270.751013100147,0.2301709736057091,543.4017774876207,373.0939484268427,3.381897605862469,14.499520143680275
327.3502645865083,165.75351260611788,1.320089569222182,6.37186816278845,0.124297559261322,16.016477203369142,3.1687917709350586,6.060710334777832,1.857925045490265,10.23913278579712,0.3536406606435776,0.994725227355957,2.063415026664734,1.4533928155899047,3698.562426757812,97.82694549560549,460.5401214599609,187.38082427978517,625.7719604492188,16.396436500549317,30.44815444946289,62.28475303649903,789.5811002731323,1415.1677737236023,15496.252840399742,0.2246259251231094,524.5399450816215,373.23855753540994,3.2429904149845243,14.611386563442649
326.1331409433857,184.75269837575036,1.3879522272385656,7.097864706022665,0.1317076295614242,16.312446784973144,3.493525743484497,6.282909679412842,2.0251181602478026,11.214651203155515,0.3654504805803299,0.9913316369056702,2.24028742313385,1.4765616178512573,3688.485180664063,107.89377822875976,477.7257415771484,204.03232421875,685.0273620605469,17.196399879455566,30.426692962646484,70.57142715454101,793.3894567489624,1271.6178205966949,14330.475877177716,0.2389236577990232,521.2424030147492,373.48041015565394,3.248895958438516,14.547029848583042
342.1409967571497,188.64936590958388,1.3898047286085784,7.319342913106084,0.1275038257241249,17.509646034240724,3.68032066822052,6.475117444992065,2.185180640220642,12.0523419380188,0.3831074565649032,0.9962529182434082,2.384286713600159,1.5229843974113464,3944.447094726562,113.94346160888672,491.8584686279297,219.8011489868164,742.1873657226563,18.035803031921382,30.41893768310547,76.20374298095703,784.5126485824585,1160.7526790618897,13828.82659534216,0.2733532674261368,528.716794108972,373.6401369139552,3.246718121971935,14.487647541798651
328.3781300379895,167.26264282772317,1.371000123489648,7.521632372471504,0.116127024590969,16.574338531494142,3.3817876100540163,6.101666259765625,1.8599644422531127,10.335876178741454,0.3445822954177856,0.9982472240924836,2.4505040407180787,1.4862826466560364,3834.9156494140634,104.55182495117188,463.6922546386719,187.4246963500977,630.7142333984375,16.17394275665283,30.462678146362304,79.0555030822754,785.8327661514282,1342.7237873077393,14787.138762807846,0.2235431597946444,533.5816544570029,373.33894520252943,3.2377448228187857,14.57227545455098
340.58568840217777,179.4728115318343,1.3157268676906824,7.343538702931255,0.1212391152977943,18.04701690673828,3.636705422401428,6.34215898513794,2.0758426189422607,11.525668334960937,0.3449349999427795,1.0048012256622314,2.4227437734603883,1.540009033679962,4097.380126953125,112.53365936279296,481.30945739746096,209.08759765625,703.7973083496094,16.029191970825195,30.45174598693848,77.88884887695312,794.3044860839843,1310.066631317139,14577.81634196043,0.247506390089984,543.6319641258567,373.0416978359223,3.2099987915717065,14.461462082155048
338.1020014285808,168.87364031057805,1.4751409450545907,6.647375873010605,0.1087116040289402,16.841498565673827,3.228889060020447,6.142142868041992,1.8923787236213685,10.434142875671387,0.3743611127138138,1.005941736698151,2.2945274353027343,1.5121914148330688,3895.212451171875,99.70056228637696,466.219107055664,190.81050567626957,637.7395812988282,17.911435890197755,30.435867309570312,70.94885482788087,797.0524795532226,1367.7920914649962,15153.80782507658,0.2285669195334776,535.804467465356,373.1675829261541,3.26367260934785,14.529343310557303
330.84579591169023,173.4870495231822,1.5044547353871167,6.131310048373416,0.1097159504890441,15.855252838134763,3.4363314867019654,6.179750442504883,1.9227975964546205,10.631828880310058,0.3882489949464798,0.9992382526397704,2.13130316734314,1.4667739033699037,3627.8251708984376,106.33787841796877,468.9891387939453,193.8332061767578,649.3647705078125,18.637810707092285,30.480928421020508,63.56884307861328,782.0121295928955,1318.884302520752,14538.91555249691,0.2340053225430892,516.8028739143163,373.3814672768116,3.289561658259481,14.570714186690749
330.7197216291213,167.53068551598116,1.532277280278504,6.875257074320689,0.0986743472516536,15.74168062210083,3.370786547660828,6.100823831558228,1.895385611057281,10.467797756195068,0.4062603682279587,1.0086694955825806,2.209582495689392,1.4635913729667664,3653.1109375,103.9978759765625,463.8066864013672,191.10536193847656,639.4389587402344,19.5373348236084,30.45983123779297,69.26526565551758,779.2120391845704,1324.63268699646,14572.10956671238,0.2227849183283979,520.3505202144385,373.4081998154521,3.328854819573462,14.581947439163924
330.1944094133563,184.5404699832201,1.4276036095805469,6.943820547917857,0.1134498506784439,17.601176834106447,3.3355738639831545,6.314834642410278,2.033224320411682,11.271894359588623,0.3863201290369034,0.9964013576507568,2.353194570541382,1.5287781238555909,3950.370239257813,103.06090698242188,479.7481689453125,204.83066101074215,688.3850769042969,18.313400650024413,30.42824363708496,73.7783576965332,790.8840308189392,1271.0857218742372,14314.664541780949,0.2442224092315882,533.1715047527105,373.2947398975492,3.259198245406151,14.48331955485046
327.25398934376426,174.0735995324329,1.6057840841822326,6.835623992979526,0.1286305487155914,16.161713218688966,3.1337957859039305,6.149032783508301,1.861070740222931,10.292065238952636,0.4184347003698349,0.995789110660553,2.190782833099365,1.4674580454826356,3739.613745117188,96.85520858764647,466.8097686767578,187.69556579589843,628.063671875,20.327335357666016,30.46695327758789,68.13758163452148,789.7977230072022,1328.653874921799,14769.238597583771,0.2221720985515275,530.985949857533,373.7144760355353,3.3657775945961474,14.606285155750813
333.9246356901247,167.66991418981925,1.3602919114753604,6.625091827427968,0.1298508584499359,17.27972068786621,3.225411629676819,6.102937459945679,1.869054090976715,10.303206729888917,0.3545544773340225,0.9930883049964904,2.098798584938049,1.498001742362976,3994.773974609375,99.7235710144043,463.8336181640625,188.4881820678711,629.6398986816406,16.596138381958006,30.423614501953125,64.35830993652344,782.8364145278931,1392.3542026996613,15250.480637383462,0.2288321340645779,542.4829989776015,373.2483786523342,3.2404550408013164,14.564716769382358
325.6003911140608,174.11159366965293,1.2855891652405262,6.145379078853876,0.105839367955923,16.169398307800293,3.356259775161744,6.241413259506226,1.996396040916443,11.05287561416626,0.3619432806968689,0.9981010556221008,2.073524188995361,1.4882667422294618,3655.985986328125,103.95559997558594,473.996224975586,201.1692459106445,675.0763122558594,16.662358283996582,30.47714233398437,61.93527030944824,780.3389742851257,1319.8357062339785,14584.543619763852,0.2364316302744555,518.5219438567758,373.2632539659738,3.230213636625558,14.529442087933422
320.0848927582614,181.04359758403152,1.5362842661328613,6.3302694405429065,0.117996659874916,15.57219190597534,3.277675604820252,6.31986255645752,2.0547546625137327,11.388518619537354,0.3899815052747726,0.9976671934127808,2.054217576980591,1.4546705722808837,3501.3638427734377,101.46809616088868,480.043701171875,206.99036712646483,695.5597961425781,18.8186408996582,30.422950744628903,61.92257232666016,778.2757780075074,1275.5936535835267,14373.624003779889,0.2411412335204659,508.7205689061433,373.5273721575737,3.298617561440915,14.567835153266788
329.9428070370574,179.90441203583032,1.6400977631099525,6.183268555812537,0.1125004895031452,16.282007026672364,3.3949548959732057,6.36444239616394,2.1121181726455687,11.72496461868286,0.4382893681526184,0.9949736595153807,2.0705731391906737,1.4839336633682252,3672.95009765625,104.92817993164064,483.4631378173828,212.7013977050781,716.0802612304688,21.344522094726564,30.4702091217041,61.900116729736325,788.9402696609498,1244.7425364494325,14266.153591430188,0.2400580738554708,517.3474932283164,373.5861482158304,3.4067484755069017,14.530346297100186
319.10359752443617,174.3380487420596,1.4521570174954832,6.390836047963239,0.109647125005722,16.065063285827637,3.158636546134949,6.116728258132935,1.8761765599250797,10.361623764038086,0.3789015114307403,1.0084969997406006,2.0374805688858038,1.4679123163223269,3627.325732421875,97.75949325561524,465.0297271728516,189.19266052246093,632.9104675292969,18.03656749725342,30.427553176879883,61.979051971435545,786.8876625061035,1325.926955795288,14634.753628015518,0.2261350417888024,516.6049190253019,373.4380498692393,3.2688436550088227,14.579571430571376
317.3003573452588,166.98801964176818,1.39851761367172,6.649567501712591,0.1122278869152069,16.057927894592286,3.1628729343414306,6.081904745101928,1.864930069446564,10.28392677307129,0.3494388908147812,1.006099569797516,2.1087424516677857,1.4708236575126648,3660.1953369140624,97.97961883544922,462.2673217773437,188.07119903564453,628.4296508789063,16.48534812927246,30.434547424316406,65.13181686401367,791.6482624053955,1388.4920152187349,15222.386224114896,0.2146961684789858,521.9666338160634,373.3505546465516,3.246678159944713,14.586193903908134
328.7654695559293,167.98033509291707,1.3975987404584884,7.374756093882024,0.1245574921369552,15.839098739624024,3.275082802772522,6.099062728881836,1.8673147320747376,10.300218486785887,0.3680928528308868,1.0009263753890991,2.437587070465088,1.4577731490135193,3668.066577148437,101.1696891784668,463.5461181640625,188.3151641845703,629.3934997558594,17.340393447875975,30.41159858703613,78.05750579833985,784.0024803161621,1380.4131558418271,15185.393410360814,0.2281022335111629,524.7921248149127,373.35926616340873,3.258844902925193,14.6035210583359
322.6545654283138,173.75240812390112,1.2601648481562733,7.008175607118756,0.1035006463527679,16.529825973510743,3.2388823509216307,6.08430700302124,1.828910231590271,10.085654163360596,0.3577417284250259,0.9959352672100068,2.2375256776809693,1.4959885358810423,3781.30888671875,100.13774185180664,462.2581329345703,184.4975326538086,615.8924011230469,16.36922492980957,30.4024938583374,70.2797233581543,785.2406757354736,1352.6121232032776,14796.240792882443,0.2251328648970229,529.5300356216728,373.4911580473184,3.227046935353428,14.566298406384885
354.8327736258507,182.2093556624837,1.3479621762409806,7.161868525436148,0.1230605170130729,16.920940971374513,3.7023921966552735,6.343468427658081,2.090210485458374,11.59030523300171,0.3556022614240646,0.9988327622413636,2.2524994611740112,1.5034592509269715,3911.2865234375,114.36108322143556,482.1388702392578,210.5216278076172,707.9048645019532,16.61608123779297,30.447511672973636,71.51678085327148,799.3154170036316,1234.1607554912566,14152.465195417404,0.2416105836891802,532.3001758545637,373.3675820037722,3.2296303624287246,14.510050145536662
336.0098992675776,175.207158389315,1.3280302099883556,6.684848854038864,0.1019584886729717,16.58598213195801,3.285520648956299,6.205247068405152,1.9478137135505675,10.767008686065674,0.3501330226659774,1.005232572555542,2.192584300041198,1.5041645050048829,3790.58564453125,101.37813186645508,471.34645690917966,196.336149597168,657.6820434570312,16.29162006378174,30.458545684814453,67.99912109375,806.0275898933411,1289.8489925384522,14434.05489655733,0.3080103130530915,526.1064548961818,373.2718313589692,3.2260727673769,14.516712561063468
322.760978743562,172.0445989892818,1.3345721871592104,6.495786794088781,0.0982040718197822,15.47574863433838,3.201745367050171,6.137953233718872,1.8811471581459045,10.394013500213624,0.3705051302909851,1.0074559926986697,2.19861695766449,1.4613314270973206,3552.3673095703125,99.00320510864258,466.7064331054688,189.6889770507813,634.6627258300781,17.224575424194335,30.4427978515625,67.30764465332031,782.7575550079346,1352.1708579063416,14819.661312747,0.2249574501343886,516.280034211278,373.5306681081653,3.249411390908062,14.592901045456529
314.1537685262505,175.83797453101724,1.300643945671618,7.010719817038625,0.1006122983992099,15.459232902526855,3.1111785173416138,6.168792200088501,1.9291080474853517,10.670638751983642,0.3402928799390793,0.9924727082252502,2.3361063480377195,1.4572394013404846,3478.6019775390623,96.38401947021484,468.9708953857422,194.4549758911133,651.7058837890625,15.726758670806884,30.421537399291992,73.20931015014648,791.8507102966308,1282.3829208374025,14358.12949436903,0.2232817497075302,508.7531173627824,373.5574887663126,3.2295375616289674,14.57692302186042
311.8788784692064,173.1661953004077,1.543310658354312,7.2238795717479665,0.1177405402064323,15.48589324951172,3.16340720653534,6.183130598068237,1.904891049861908,10.53315372467041,0.376615634560585,1.0035887360572815,2.461595296859741,1.4449939489364625,3488.2830078125,97.85664672851564,469.56580505371096,192.05745697021484,642.9936767578125,18.22674427032471,30.429926300048827,78.3292137145996,779.7894109725952,1349.7889906406403,14848.945716357232,0.2265986452533979,511.4778284776956,373.55999990701673,3.280330334231257,14.611799389496444
338.7481361349579,188.41654941737653,1.366938296891749,7.468712176615372,0.1097327783703804,16.92104892730713,3.5791985511779787,6.438280200958252,2.165105628967285,12.034626865386963,0.379285404086113,1.003282415866852,2.4445331573486326,1.5119330644607545,3820.268212890625,110.37055358886718,489.0144073486328,217.98471069335935,734.9662292480468,17.773041915893554,30.465211868286133,78.9786880493164,794.3914236068725,1180.2035174846649,13919.745528686046,0.2625786895107012,522.5639379713684,373.458551004529,3.243390657939017,14.487555906921624
318.33862604536114,169.6226641114801,1.6929762637242676,6.45265282895416,0.1043751060962677,16.212698936462402,3.1462823867797853,5.856214952468872,1.826461899280548,10.060861206054687,0.4411965787410736,1.0012953281402588,2.12501175403595,1.470563495159149,3689.150439453125,97.37957611083984,445.0129730224609,184.24633331298827,614.84873046875,21.63560943603516,30.4703426361084,64.69572677612305,790.9824367523194,1414.2523792266843,15430.394525706768,0.2216645072694518,520.6026180844754,373.2574214592576,3.428857521340251,14.633860306441784
338.4099452655297,182.33613664936277,1.761245630029589,7.29848590651527,0.1166494749486446,16.484535789489748,3.4586487293243406,6.266217803955078,2.019832897186279,11.20080852508545,0.4308848291635513,0.9935097575187684,2.314811110496521,1.492857575416565,3776.6628662109374,106.86420059204102,476.4786895751953,203.48685302734376,684.1027404785157,21.371658325195312,30.434626579284668,73.81015090942383,797.2494222640992,1294.4663784980771,14506.996862494943,0.2386454713399871,527.2652007047087,373.2602541148663,3.4197640968486667,14.517635749839249
327.2597335562576,171.7794720167294,1.443006221204996,6.427370171621442,0.1228332586586475,16.120566749572752,3.1867202281951905,6.0967248439788815,1.8418431401252744,10.155489635467529,0.3776170223951339,0.9972717046737672,2.0586085081100465,1.4690855622291563,3734.86923828125,98.58924255371092,463.0693237304688,185.77626037597656,620.5431396484375,17.944587898254394,30.43895740509033,62.44759674072266,793.0322284698486,1368.5826292991635,15093.18162740469,0.2226374618185218,528.564039478451,373.3046075582504,3.267397169489413,14.593339729495346
345.8903936251998,184.66002174112947,1.482826059125364,7.025181089667603,0.1111839517951011,18.2101526260376,3.715795302391052,6.409368848800659,2.143181037902832,11.912362575531006,0.3663960218429565,0.9976728558540344,2.3924170255661013,1.5566786050796508,4113.691796875,115.1071434020996,486.9040832519531,215.79916534423828,727.2863037109375,17.590700531005858,30.45073509216309,75.49037399291993,787.0201252937317,1215.756428384781,14031.310405397417,0.2552132902201265,540.1335555687547,373.39573370069263,3.2427742460742595,14.448228900320828
326.5872623266885,177.4661275227554,1.7294884223490954,7.359716631867923,0.1023587293922901,16.047550010681153,3.2613954305648805,6.173808097839356,1.9275476932525637,10.659352493286132,0.4523439943790436,1.0041227221488953,2.3042663812637327,1.480838668346405,3643.5548828125,100.8126693725586,469.2533599853516,194.2961242675781,651.0512939453125,22.267073822021484,30.418313407897948,73.96012878417969,790.1765574455261,1286.6159537315368,14420.889036703107,0.2335051782341906,517.8611039489508,373.3269333705306,3.4536403379403056,14.545970203354956
329.7264373922488,169.82903369721026,1.3966883677057922,7.073268432635814,0.1026424326002597,16.566173553466797,3.442754292488098,6.168357038497925,1.9386505842208863,10.719739437103271,0.3555176019668579,1.0014569759368896,2.3512298822402955,1.492207670211792,3783.194140625,106.63982925415038,468.62148132324216,195.4109313964844,654.7700500488281,16.769725608825684,30.469806671142575,74.36705932617187,789.4038721084595,1315.199706172943,14528.674653232098,0.2256307202143944,524.885265468806,373.3300802767277,3.2437085586600007,14.539184415899218
335.0863370948471,174.96960068829358,1.5026992224156857,6.940272329631261,0.1308880165219307,16.205752754211424,3.305163836479187,6.212757205963134,1.9201131582260127,10.649090003967284,0.4011772274971008,1.0022701263427731,2.4113094568252564,1.4726665139198305,3709.2574462890634,102.12735061645508,471.7821319580078,193.57396087646484,649.6019836425781,19.214842987060543,30.433099937438964,75.6018180847168,789.2114727020264,1329.5682934761048,14764.133291125298,0.2327052695283782,524.070066035539,373.6555130541325,3.311065710987896,14.585803585126996
343.70814654347487,173.3927361054346,1.3999121670611203,6.469404355296865,0.1165459468960762,16.60989170074463,3.393895721435547,6.145632553100586,1.90737988948822,10.54104824066162,0.3710379481315612,0.9956955075263976,2.227387285232544,1.4955463647842406,3855.50419921875,105.16451034545898,466.7795745849609,192.2967971801758,643.8463439941406,17.494907569885253,30.43779182434082,67.79481811523438,805.4294340133667,1294.165026473999,14478.933516943454,0.2271191437146626,531.4265095785261,373.1331205934286,3.2544127530418336,14.53367138877511
322.42519717640243,174.20955030862245,1.61246046833694,6.764136024890467,0.1204728417098522,16.28603744506836,3.1925442934036257,6.108505582809448,1.8739444851875304,10.348790073394776,0.4084611803293228,1.0111895203590393,2.260780763626099,1.4636746764183044,3690.5513916015625,98.70587005615236,464.4461944580078,188.96520233154297,632.13427734375,19.892730903625488,30.447702407836918,70.44395065307617,763.1373191833496,1320.511977291107,14524.329586458209,0.2249634085572324,519.6012051567435,373.5779915675521,3.349814088549465,14.601299133338037
318.5333864231128,165.6035915521905,1.7400464609265327,7.230199356400408,0.1143618896603584,15.884997653961182,3.0838998317718507,5.736529541015625,1.8282331824302676,10.07131757736206,0.4245664566755295,0.9974128663539886,2.325209856033325,1.456099319458008,3653.8723876953127,95.49539108276367,435.644155883789,184.4241973876953,615.5272705078125,21.00678997039795,30.443559455871583,73.72209854125977,785.6137075424194,1389.2624081611634,15193.514088964464,0.2158190356669365,521.9976336292923,373.5992663517594,3.4098952593281866,14.688548320718107
331.4910734713543,175.5296102117747,1.726318101771176,6.250697228312492,0.1095433510839939,17.285788917541502,3.334525156021118,6.136674356460572,1.866077971458435,10.294846725463866,0.4515534967184066,0.9973104476928712,2.16539626121521,1.5194733619689942,4003.3844970703126,103.18709030151368,466.00266723632814,188.1907287597656,629.0388244628906,22.223591995239257,30.447114753723145,65.04367065429688,793.5628652572632,1370.2619435310364,15160.747410392762,0.2291154579084832,543.9631863966584,373.1608673542738,3.4500667578540742,14.525531270354984
333.4035781479441,170.19463891852646,1.7063390539959074,6.379490404762327,0.1279357403516769,17.290417289733888,3.342838096618652,6.153052425384521,1.877657961845398,10.371686935424805,0.4171302556991577,1.0042781233787537,2.072103500366211,1.5014966607093811,4001.513916015625,103.09395141601564,466.98215942382814,189.3436004638672,633.3298278808594,20.57429256439209,30.452436447143555,62.945751953125,784.0927061080932,1341.5023980617525,14846.160044121742,0.2266656365682138,543.2624344669282,373.4640624433756,3.3837037633173166,14.562937671504915
320.95000642943194,169.8712390734814,1.6887933713383974,6.682382039958611,0.1232991375029087,17.00107536315918,3.1905707359313964,6.015986967086792,1.8306550860404969,10.084031581878662,0.4245772451162338,0.9979061484336852,2.3648967504501344,1.4874241948127749,3860.9120849609376,98.65105895996092,457.2274230957031,184.662158203125,616.2931884765625,20.86330261230469,30.481365203857425,72.99082870483399,792.8847827911377,1357.6170702934264,14988.333135867118,0.2167089978800504,531.5826902683824,373.5310655683279,3.395380857121199,14.603619126789273
326.0992157221306,164.69750624406151,1.652090471796691,6.351326042413712,0.1209224194288253,15.90795545578003,3.2221340417861937,6.067025756835937,1.850339734554291,10.261966800689695,0.4269496411085128,1.0082685947418213,2.069912886619568,1.4594831109046935,3643.868676757813,99.41144485473632,460.76636657714846,186.51898040771485,626.2394165039062,20.85862789154053,30.45610618591309,62.80998306274414,775.9092956542969,1345.1365597248075,14810.575448739528,0.2213723867593216,518.4172799594701,373.33216263949873,3.392732850369066,14.602662744000554
338.811068858509,172.8840057021007,1.523845338076353,6.901101432973519,0.1078565455973148,17.16884880065918,3.477873754501343,6.221357107162476,1.964743494987488,10.88583574295044,0.3871391475200653,0.9915315508842468,2.290561890602112,1.5229252576828003,3967.4204833984377,107.7545669555664,472.3067138671875,197.9934219360352,664.7197814941406,18.65884685516357,30.418832778930664,71.45360794067383,793.4077978134155,1320.271209335327,14629.952673053742,0.2340835692099062,540.3073341719806,373.1666207835078,3.2861281535588205,14.494054032303392
326.4961040399503,178.84427473116665,1.3764219975098968,7.318290745303966,0.1177568331360816,17.35604648590088,3.4860323667526245,6.342570018768311,2.086375951766968,11.576853275299072,0.3486055344343185,0.9937018573284148,2.493998074531555,1.5135963797569274,3892.320092773437,107.76997299194336,481.7608489990234,210.13333129882807,706.987060546875,16.39916286468506,30.45341110229492,79.66789932250977,790.000790977478,1262.9765347957612,14309.392989122867,0.2389600426453398,529.9174880750477,373.3647134542465,3.226325525343418,14.50168098118156
341.63635796569287,180.7045695788227,1.5676433455199004,6.103705047746189,0.1268372371792793,17.051166915893553,3.5051162481307983,6.237340641021729,1.9415799260139464,10.770707416534425,0.4005682080984115,1.008712887763977,2.085777020454407,1.5112747311592103,3932.326098632812,108.07837753295898,474.0677001953125,195.7158660888672,657.1214050292969,19.40119800567627,30.432502365112303,62.31407241821289,803.7941365242004,1304.746786403656,14612.008754491806,0.2315527006838237,540.1141353584826,373.3905623406172,3.321839231159538,14.525793583132328
325.3541377002606,174.27673121076077,1.4950966679491102,6.380493035889231,0.103411890566349,16.197249984741212,3.295859718322754,6.200791835784912,1.9234742522239685,10.632916927337646,0.4042183756828308,1.0103095769882202,2.039126706123352,1.4881366729736327,3687.789233398437,101.90618133544922,470.8686218261719,193.89876861572264,649.5895874023438,19.32613334655762,30.446530723571776,62.13046798706055,795.7180609703064,1338.0765493392944,14823.40598025322,0.2279358275438426,522.367737929523,373.4150131955743,3.314438948221505,14.548835438862444
343.69110096935185,178.26390809603035,1.4853002792224288,6.74502983354032,0.1131597287952899,16.30158920288086,3.477251172065735,6.259128093719482,2.010689043998718,11.1361478805542,0.4038437157869339,0.9996639251708984,2.3545753955841064,1.4829580664634705,3771.4759521484375,107.7238784790039,475.39976806640624,202.5928421020508,680.1718078613281,19.276778411865237,30.464311599731445,73.08296356201171,805.0174202919006,1283.1952095031738,14448.667099261284,0.232647258345969,527.7769534781576,373.31518824547527,3.3112159429118035,14.53250552583486
323.6304200128652,169.5339788679965,1.3174044897779822,6.661568078375422,0.115108823031187,15.769769668579102,3.179326581954956,6.083200454711914,1.8573864340782165,10.295345497131349,0.3482276856899261,0.9988367795944214,2.267714762687683,1.466187381744385,3632.300561523437,98.22911911010742,462.50408630371095,187.3145736694336,627.6721801757812,16.147890090942383,30.442087364196777,69.77357940673828,747.7557163238525,1387.133751821518,15012.412631309033,0.2322720234951703,529.3601462144404,375.5701491847634,3.236201715283096,14.681064748764038
324.3925510157598,176.42737971674651,1.7539362587966023,6.790718069532886,0.10419277921319,16.667414474487305,3.2738157510757446,6.284145927429199,2.030251455307007,11.257386016845704,0.4486497700214386,1.0022161483764649,2.227507448196411,1.503088891506195,3757.63359375,101.08064346313476,477.4235046386719,204.53701171875,687.3641296386719,22.174361991882325,30.484413146972656,69.47021102905273,774.8129785537719,1271.9517502307892,14302.55259965658,0.2403178123451653,524.0346886027604,373.39778085798025,3.4505221775732933,14.515758509002628
339.7061605246272,178.46327921142802,1.4575347630307078,6.44849403379485,0.1121825709939003,17.480114364624022,3.284138321876526,6.287603044509888,2.0277174949645995,11.244283485412598,0.365050208568573,0.997358739376068,2.208182191848755,1.5245566964149475,3987.5258056640623,101.32093658447266,477.9625305175781,204.29063720703124,686.46455078125,17.428780555725098,30.44042587280273,67.25330200195313,804.7144067764282,1232.5055384635923,14125.179047560692,0.2300123822598834,535.621714739129,373.3563557446003,3.249172377027571,14.491744822449984
332.5712986016646,172.52444826094433,1.3765100115910172,6.748523652204312,0.1245312608778476,17.311985206604003,3.1883898973464966,6.136846494674683,1.8755451321601868,10.36071605682373,0.3658846735954285,1.0055777549743652,2.292884874343872,1.4990060448646545,4002.850537109375,98.65866241455078,466.4476684570312,189.1122039794922,632.8122192382813,17.174985885620117,30.46685199737549,71.31545562744141,803.4592836380004,1326.1607592105863,14771.01209653616,0.3010071395270642,543.8711293134838,373.4735629573464,3.248132062703371,14.56413642205298
331.18691373374315,166.34758822219447,1.6965397246181966,7.473375313077122,0.112316670268774,16.221957397460937,3.1778871774673463,6.01924843788147,1.8343507766723632,10.147679138183594,0.4255079090595245,0.9913588225841522,2.5701908349990843,1.4793315887451173,3757.613159179688,98.12684020996092,457.6072998046875,185.02236328125,619.4370544433593,20.9282434463501,30.438452529907227,82.41449661254883,792.4587599754334,1324.7554611206056,14753.462902665138,0.2158221953490283,529.2524470597506,373.7456216990948,3.399379695393145,14.611297637037932
334.38985642199407,178.85352953523395,1.4342871236614885,6.994466250832192,0.1152168661355972,16.237466430664064,3.51340229511261,6.330064010620117,2.0559935331344605,11.453963470458984,0.3773127377033233,0.9940373182296752,2.3618780851364134,1.475810158252716,3701.409521484375,108.69164276123048,480.3735626220703,207.0286422729492,698.9858032226563,17.908967781066895,30.455198669433592,74.12778549194336,784.0499055862426,1236.195428514481,14116.904458391666,0.2378993278427515,519.4893137477338,373.6809035152197,3.2606661826372147,14.547853463888169
333.3629410856869,182.5118999388069,1.5845060917548834,6.336288006836549,0.1192777149379253,17.18168544769287,3.529109215736389,6.372441864013672,2.105309820175171,11.691558837890623,0.4169602394104004,1.0002135634422302,2.108590292930603,1.5188259601593015,3877.982934570312,108.97887878417968,483.7478546142578,212.0270538330078,713.8840759277343,20.1997522354126,30.47211265563965,63.92362174987793,778.0497304916382,1257.5030079364776,14247.04024000168,0.2473811367643065,530.1486194200813,373.3142149984837,3.3543009432032704,14.489413382485507
327.78032785821705,165.43658150471748,1.6822081368416548,6.6574129278538745,0.1139787681400776,15.807000350952148,3.313580656051636,6.08834662437439,1.8523099660873408,10.26629648208618,0.4343940556049347,0.990741640329361,2.192427945137024,1.45665522813797,3623.757690429688,102.66162185668944,462.5190765380859,186.83505859375,626.3852661132812,21.292870140075685,30.429466438293456,67.21433181762696,790.1453910827637,1324.793485116959,14794.463187026977,0.2189065604048664,519.0855101931841,373.83624002188446,3.4126222853548827,14.623229125142098
347.9773350057658,185.3820234789513,1.4314241572283208,6.621474413340911,0.123639915138483,17.586534118652345,3.672040343284607,6.42782244682312,2.1797081232070923,12.12755756378174,0.3755877792835235,1.000797986984253,2.1093648433685304,1.5287338852882386,3990.494873046875,113.65204315185548,488.5805480957032,219.4342544555664,740.4933410644531,17.837590789794923,30.41580390930176,65.0328140258789,791.4746379852295,1199.1765820503235,14018.18757183552,0.2571529711218318,533.0135394919664,373.4048073008656,3.2482141201384365,14.47376377955079
333.56729085408153,180.2193792706356,1.5723599921911957,7.050938327470794,0.1081536181271076,17.079285049438475,3.352773380279541,6.258942365646362,1.993074631690979,11.03900384902954,0.3965173542499542,0.991468071937561,2.300614261627197,1.5113738775253296,3881.88076171875,103.8806755065918,475.2556701660157,200.8346328735352,674.1319396972656,19.23242130279541,30.4298152923584,72.37339782714844,791.0051097869873,1296.8495642662049,14463.162743234634,0.2370251471875235,531.4494832605124,373.1792148336768,3.3151933712884785,14.502477830834689
350.90155722731726,180.5950564516708,1.5331893066875637,7.378059972403571,0.1119014590978622,17.575707626342773,3.59141457080841,6.33876633644104,2.06091787815094,11.457070446014404,0.3870766878128052,0.9949142336845398,2.338279557228089,1.5253628253936768,4044.902221679688,110.91435317993164,481.20025634765625,207.60132293701173,699.1066772460938,18.689225578308104,30.475454330444336,75.00818176269532,808.9272530555725,1212.0555027008056,14059.482637858391,0.2337563467561267,539.2826740853488,373.35091652870176,3.2857138689607384,14.48640936501324
333.1321278807707,171.68343548066915,1.4674381951801478,7.419376668008044,0.1049520947039127,17.438109588623046,3.242127704620361,6.149277687072754,1.9237543225288392,10.635470104217529,0.3781344294548034,0.9941599369049072,2.454379081726074,1.5212447881698608,3970.41162109375,100.37221069335938,467.5197937011719,193.9271224975586,649.5525329589843,18.065647315979003,30.42620849609375,78.74210510253906,794.1046280860901,1298.3504311561585,14441.148670649529,0.2271769865430542,534.2813515674322,373.2111957669258,3.2627358324825764,14.509110272862015
344.788195734052,177.13306176867337,1.543215574324131,7.572735214605927,0.1283453643321991,17.66005687713623,3.587739443778992,6.254842329025268,1.987450075149536,11.022148418426514,0.4029356896877288,0.9983978271484376,2.48092405796051,1.510286545753479,4057.136279296875,110.68652801513672,475.27431640625,200.2685806274414,672.7482238769531,19.430447387695317,30.48786163330078,80.35083923339843,796.08159532547,1247.355680179596,14217.858439147472,0.2316673665700364,538.6136328615248,373.4079975649714,3.3210456980392338,14.525785293616355
325.4395716401283,171.47964414209127,1.403209037426859,7.298087167437188,0.1096139192581176,15.96257905960083,3.213487410545349,6.175530099868775,1.90474396944046,10.644791221618652,0.351799800992012,1.0071276783943175,2.3754201889038087,1.4732016682624818,3671.383276367188,99.30404815673828,469.5157073974609,191.8658004760742,649.1721557617187,16.615923118591308,30.449346923828124,76.05079879760743,794.4399002075195,1322.3080404281616,14669.42403755188,0.2201351876137778,523.6127431634814,373.6414049655199,3.245009072124958,14.580174838379026
330.75538567467595,172.14818292111158,1.6239305820316077,6.44441755884327,0.1055251337587833,15.881181335449218,3.397743058204651,6.193844556808472,1.9213406920433045,10.61535987854004,0.3993714660406112,0.9925051927566528,2.145510458946228,1.4703536987304688,3631.601733398437,105.05127563476564,470.562255859375,193.69751434326173,648.3037475585937,19.51240978240967,30.441072463989254,65.03963470458984,780.8139005661011,1351.1998450756073,14893.372344589234,0.2349125756765716,518.9934677757323,373.4831198006869,3.3351807741448285,14.577493829280138
338.9858871271834,174.90998632125556,1.3819883201271297,6.276025832397863,0.1234671980142593,16.54638957977295,3.5639340400695803,6.243723630905151,1.9991953730583192,11.077781391143798,0.3576704859733581,1.0055710077285769,2.1521809816360475,1.4847128510475158,3791.45283203125,110.13313674926758,474.7239044189453,201.44094543457032,676.3593383789063,16.81897602081299,30.424335479736328,64.91497268676758,785.186412525177,1258.8072602272034,14221.505099368096,0.23460482237424,524.5524042390286,373.5015472173691,3.2426716179586945,14.547513701580463
331.8545162416529,177.7596787467599,1.563358778320253,6.914128060359507,0.1059375204145908,16.68774585723877,3.21806960105896,6.1689066886901855,1.9121715664863583,10.582401084899905,0.4030247867107391,0.9944448113441468,2.2470714330673216,1.4932905673980712,3807.654418945313,99.35043411254884,468.9973175048828,192.7455261230469,646.2003967285157,19.49496669769287,30.44929981231689,70.24934616088868,780.7648969650269,1281.899950504303,14270.51133711338,0.2280262070096796,524.9641016244889,373.5208647638559,3.327856619190425,14.54693842921406
339.2875519492198,177.34686006950216,1.5699609187431631,7.152509175706655,0.1006865538656711,16.434497833251953,3.578377604484558,6.182230615615845,1.928327488899231,10.666403484344482,0.3882527858018875,0.99589883685112,2.267558455467224,1.4958059787750244,3774.821484375,110.5954704284668,470.0884735107422,194.3893203735352,651.3888793945313,18.846010780334478,30.45492172241211,71.84744873046876,788.0082165718079,1321.122267150879,14584.581684029105,0.2355446980611305,525.772605375573,373.3270511701703,3.30132679771632,14.532392902858556
319.74433644558303,172.2672367742285,1.5614291506819429,6.57353982240893,0.1196313075721264,16.275000381469727,3.120480179786682,6.077728414535523,1.8542444825172424,10.221171379089355,0.3899066984653473,0.995316356420517,2.140292501449585,1.4691065311431886,3720.1998046875,96.6599006652832,461.98903198242186,187.01223754882807,624.5593383789062,18.890400695800786,30.482501983642575,65.59687423706055,796.91165599823,1420.148021030426,15535.451596415043,0.3018121007728041,525.168167374283,373.1501523211599,3.305526125524193,14.58619653582573
333.2850794734433,174.1204197652638,1.5943475958891211,7.262300157733262,0.1050984881818294,15.933403491973875,3.276905155181885,6.200811529159546,1.9478830099105835,10.781059169769287,0.4179957509040832,0.9905648827552797,2.482762098312378,1.4659865021705627,3657.675341796875,101.34646301269532,470.6833557128906,196.33184967041012,658.3586975097656,20.27092914581299,30.421707153320312,78.80946655273438,787.5313170433044,1299.9394632816316,14463.798164081574,0.2288381501886761,517.9338448148221,373.39623032063247,3.362508760858327,14.56161594502628
332.5418958972674,166.85081595443188,1.2550238713622093,6.986637882865034,0.1071783855557441,16.298637771606444,3.235724687576294,6.11093111038208,1.8849783420562745,10.411168766021728,0.3567735612392425,1.0036519408226012,2.31220600605011,1.480119788646698,3769.62041015625,100.13839645385742,463.7310852050781,190.0643081665039,635.9688293457032,16.300889205932616,30.481149101257323,72.83597106933594,778.0576192855835,1326.2257995128632,14554.75375496149,0.2257150344594265,527.2770548481494,373.3543266147375,3.2289564314298334,14.56865114811808
328.3863047880586,192.18565790504215,1.307041767798364,6.780796971987002,0.1101674258708953,16.70574836730957,3.513915634155273,6.456237602233887,2.145189118385315,11.902693367004394,0.3576724797487259,0.9961462199687958,2.154884696006775,1.495226752758026,3741.243017578125,108.66984481811524,490.247802734375,216.0232727050781,727.2576721191406,16.56476573944092,30.41236457824707,66.89352874755859,790.8859531402588,1167.2470531463623,13845.621117055416,0.2675331511854892,518.0315793197602,373.6788946732879,3.222532217204571,14.515957847237589
331.81891871877014,180.9161677548662,1.4340259712189436,6.639450910990126,0.1153538301587104,17.453764152526855,3.5335823774337767,6.253436660766601,1.966379702091217,10.892393970489502,0.3853683978319168,0.997399115562439,2.305258369445801,1.5173611640930176,3954.465698242188,109.25082321166992,474.80706176757815,198.1879135131836,664.7963439941407,18.288199615478515,30.467699432373045,71.0960563659668,786.6371650695801,1246.4291693210605,14120.102837240696,0.2319116207421757,533.0128243256361,373.52623536139726,3.2616191329434514,14.517622430808842
331.71027055955494,174.2626354970038,1.4090798685327173,6.40480231854599,0.1122886598110199,17.043255233764647,3.3208884239196776,6.197438764572143,1.9263909459114077,10.643131923675536,0.3684996426105499,1.0031696200370788,2.246177816390991,1.519666647911072,3931.9494140625,102.4450927734375,470.8460662841797,194.20007781982423,650.1220581054688,17.420243072509766,30.47611141204834,68.43543548583985,801.4012057304383,1328.615005874634,14758.329068791869,0.2245623157941736,541.6545716546476,373.3545037046075,3.24790393486619,14.521849440224468
336.2870542351622,175.34643739070742,1.7086781764402983,6.949744671117514,0.10958913564682,16.645310974121095,3.4845143795013427,6.212741994857788,1.9686169862747191,10.895330333709715,0.430374264717102,1.00094336271286,2.4288236141204838,1.4946133017539978,3861.9157470703126,107.86157455444337,472.05712890625,198.3947494506836,665.40166015625,21.19298725128174,30.477436065673828,76.3277687072754,787.3263681411743,1299.4348831176758,14439.407468438148,0.2322916374672786,533.0803927514702,373.3148671880364,3.408428754098713,14.530519538931548
318.5917461286997,182.08084903080012,1.6286718294024467,6.727387311914936,0.0995347186923027,15.38989849090576,3.3110754251480103,6.34503755569458,2.016737723350525,10.751965618133545,0.4078658372163772,0.9972470939159394,2.1640379667282104,1.461109709739685,3549.6594482421874,102.11684112548828,482.1297912597656,202.7664306640625,662.3783447265625,19.915396308898927,30.469131660461425,66.8489776611328,762.7402805328369,1391.0438539266586,15219.734354245662,0.2966207457124256,523.3692311443389,375.7459264948964,3.3505369192920624,14.646931769698858
313.123780290084,165.10906868427992,1.3259429660625757,7.598244272288866,0.1111328825354576,15.71391315460205,3.099912595748901,6.0318526268005375,1.8527018427848816,10.235857486724854,0.371472954750061,1.0061823010444642,2.461004638671875,1.4604050993919373,3590.679931640625,95.65762329101562,457.9893768310547,186.85464477539065,624.8118286132812,17.230453109741212,30.479161262512207,79.70828094482422,748.8419185638428,1388.4923162579537,14961.934963202477,0.2092212699324591,525.7161429841071,375.61862097978593,3.2519218483008445,14.699777601473034
327.42297583161854,180.04990884223952,1.7408523144200445,6.137282003089785,0.1298885226249694,16.404465866088866,3.135799741744995,6.217811393737793,1.855893325805664,10.102065086364746,0.4499127507209778,1.004936647415161,2.137513899803161,1.4728427171707152,3780.858349609375,96.75009841918946,472.6281188964844,187.7365921020508,617.9239807128906,22.193561172485357,30.416599845886232,63.68430595397949,776.2955869674682,1389.3615245103836,15245.249376487733,0.2726204560065525,532.0751843348146,374.2798363417387,3.4508813223801558,14.612709382921455
306.59389758701434,165.90929569024593,1.7214061154983935,6.411599710187875,0.1094735883176326,15.444681739807129,3.019565725326538,5.778872346878051,1.8592665433883664,10.252968883514404,0.4504186660051346,1.0071617364883425,2.09415442943573,1.4460586786270142,3502.188720703125,93.49869079589844,439.0967590332031,187.5172134399414,626.532470703125,22.14746379852295,30.403332901000976,63.37996864318848,745.4443206787109,1381.2684300541878,14882.614829218388,0.2036490653728833,519.641506093368,375.886266130209,3.451789247710258,14.772000511176884
323.9198398942128,166.19118947200477,1.7682541029527783,6.893601178913377,0.1052136003971099,17.145850944519044,3.313293719291687,6.045912599563598,1.853455209732056,10.261879539489746,0.4458236426115036,1.011695420742035,2.3143556118011475,1.5113130927085876,3897.3537353515626,102.50085983276368,459.67987365722655,186.8685165405273,626.4617797851563,22.083111572265626,30.462326049804688,72.76830825805663,792.0526498794555,1319.3745869636537,14707.130590689185,0.2165964251224068,533.1056827925146,373.3695546150208,3.450179438479245,14.545143684744836
333.24894014934546,170.79363621883095,1.652182294242084,6.4491215499350805,0.098472960293293,16.288959884643553,3.3326751708984377,6.180215835571289,1.9212570667266848,10.623395252227784,0.4183321803808212,1.010499656200409,2.1300389528274537,1.486171543598175,3713.84150390625,103.19876174926758,469.0643341064453,193.67261810302733,648.8391662597656,20.46730442047119,30.42964420318604,65.17202987670899,789.4664386749267,1263.0227235794068,14285.244496679306,0.223694370771409,520.5562874410301,373.55910827964544,3.37531576147303,14.554611899144948
323.727491658926,183.38381212232636,1.7009773265570405,7.0400100040249525,0.1290564075112343,17.24346294403076,3.293968033790589,6.261545848846436,2.0077872037887574,11.126797199249268,0.4317253679037094,0.9940774202346802,2.3990843057632447,1.4995671033859252,3880.4089111328126,101.9197723388672,476.1102081298829,202.27822723388672,679.5226806640625,21.23439140319824,30.46388473510742,75.55485076904297,787.502561378479,1291.1949283599854,14445.754000401495,0.2375349738926161,530.8308409512043,373.2911115705967,3.407949711754918,14.524864994361996
336.96131554320453,172.94780403375626,1.7789577023126184,7.157526126760058,0.1217964574694633,17.633064460754394,3.351278471946716,6.1092836380004885,1.885339891910553,10.418642616271972,0.433364999294281,1.0050378441810608,2.4607561588287354,1.5127365469932557,4066.734033203125,103.3871971130371,464.48084411621096,190.0866912841797,636.3189697265625,21.5365535736084,30.42286758422852,78.23346633911133,787.4519998550415,1288.761695289612,14399.994369912149,0.2276317540221498,542.3859271995723,373.35869997143743,3.4285928423516454,14.535790680535138
334.6443549208343,174.6422515593469,1.338250581920147,7.394955356093123,0.1075215451419353,16.231631469726562,3.329304647445679,6.206147956848144,1.958658766746521,10.836351776123047,0.3546039581298828,0.9997235536575316,2.4554375886917112,1.4852454900741576,3707.570776367188,102.86371765136718,471.3853759765625,197.40677642822263,661.8487915039062,16.52340965270996,30.43814849853516,78.81941986083984,792.6538442611694,1302.0993196964264,14497.249900555613,0.2333959958588821,521.9765996038914,373.2724547356367,3.2353643804788588,14.540046273358168
320.4755168119911,172.65923419911414,1.3215202066116034,7.343547816574573,0.1253012478351593,16.14264678955078,3.280469560623169,6.074980115890503,1.84931036233902,10.297278690338135,0.3663681536912918,1.00138863325119,2.44914767742157,1.462134063243866,3708.767456054688,101.64236450195312,461.1229888916016,186.52375183105468,627.3042724609375,16.985132789611818,30.425708389282228,78.19779739379882,745.8206621170044,1380.6012622117996,15013.39017597437,0.2353724750922992,535.5322591815144,375.665222273767,3.247656817547977,14.69723519105464
330.84001025613395,181.146302177012,1.5772486747242511,6.904654882545583,0.1246437296271324,16.928199768066406,3.405704879760742,6.247920656204224,1.9840806722640991,10.983764743804931,0.3930835574865341,1.000720500946045,2.266127181053162,1.5003652215003966,3839.4338134765626,105.0782096862793,474.6616638183594,199.94857025146484,670.7768310546875,19.08955307006836,30.432925987243653,70.9735221862793,791.0760643005372,1296.2622583389282,14466.393969488145,0.2357498160941759,529.4458357471973,373.2255058988929,3.310935619380325,14.52218159455806
325.1123094489332,165.93009388670325,1.4879891752265393,7.217439801525325,0.1156872108578681,16.665095138549805,3.1668360948562624,5.820880317687989,1.828575754165649,10.076886844635007,0.3960968881845474,0.998315978050232,2.325847339630127,1.4855620980262756,3850.8945556640624,98.15130233764648,442.2637145996094,184.4568374633789,615.7672546386718,18.932033348083497,30.435644149780277,73.79550247192383,783.5343370437622,1377.6733501434326,15080.760527658462,0.2178454510212759,533.415662983805,373.45589532405137,3.3023495439440014,14.637582337297498
332.5590711528436,174.06661521103234,1.6103270212188363,6.895241406047717,0.103544845432043,17.21498680114746,3.372432231903076,6.186906433105468,1.9267651557922365,10.635416793823245,0.4267879813909531,1.0050849080085755,2.2674388885498047,1.5198410987854003,3980.787939453125,104.48817901611328,470.4125549316406,194.2429397583008,649.8860290527343,20.72548351287842,30.480926704406738,71.19965057373047,786.8161914825439,1377.393276309967,15180.1397467494,0.2341991027555195,541.6023326419294,373.1598831102252,3.379553007800132,14.515872213989496
331.67447796342896,186.29372344370933,1.6831186257302762,7.4973911182023585,0.1263765901327133,17.839284896850586,3.586821699142456,6.469154644012451,2.1943164348602293,12.1678635597229,0.4115875452756882,1.00530024766922,2.4049229621887207,1.5274613499641418,3983.723583984375,110.84142837524412,491.16217041015625,220.87204284667968,745.2902648925781,20.257386016845704,30.414728355407718,77.8527961730957,793.48737449646,1155.673975276947,13841.44192135334,0.2561290575977182,530.5149361245334,373.5899101823569,3.3645872646942734,14.479659392312168
342.0868104765541,180.27229276327412,1.3867311784997582,7.570483582350425,0.1009230472147464,17.039745330810547,3.580006599426269,6.274973773956299,2.0252039194107057,11.229156112670898,0.3664881020784378,1.0033876538276671,2.3960899114608765,1.522430384159088,3931.1384033203126,110.69729690551758,477.0563354492188,204.035173034668,685.707568359375,17.254584503173827,30.471516418457032,77.8020004272461,800.4702285766601,1300.958537721634,14496.050618648527,0.2392859459447208,537.5525009594858,372.9478705108166,3.2404208643361927,14.477864846028387
323.6281040223315,174.84626160115005,1.5015043227002025,7.384661221946589,0.1228174522519111,15.599306678771972,3.4495307207107544,6.270896863937378,2.0290494203567504,11.24475269317627,0.3966698557138443,0.9937543034553528,2.32822208404541,1.4485228300094604,3536.755322265625,106.80758438110352,476.1146301269531,204.41686401367187,686.7056762695313,19.007348442077635,30.444950294494628,74.48440399169922,779.9964469909668,1284.3795293331143,14429.716275143624,0.2336686185837607,512.4777896143496,373.5782273828983,3.3035599671304228,14.579148330911996
326.1532084341161,174.41850658487527,1.7950550254434348,6.298579014418647,0.1198353059589862,16.692194747924805,3.3074924468994142,6.110453653335571,1.8691143274307247,10.323768711090088,0.4258984386920929,0.9969700574874878,2.03321373462677,1.4831687211990356,3822.624169921875,102.48512268066406,464.23460693359374,188.48282165527343,630.540478515625,21.23072967529297,30.47220993041992,61.27095527648926,778.9679595947266,1314.5531484127046,14491.916001653672,0.2248240104076103,529.5062275443227,373.382866859436,3.4194236267358065,14.569390336237849
337.93350030024305,181.10171277280895,1.4602066048420963,6.9740083430195225,0.1037820324301719,16.821307373046874,3.572915053367615,6.219961071014405,1.954603409767151,10.830745029449464,0.3618822336196899,0.994299054145813,2.235008645057678,1.5162389278411863,3874.687109375,110.45483474731444,472.7890228271484,196.97247314453125,661.341015625,17.28475685119629,30.419785499572757,70.10386505126954,792.7060318946839,1320.4541260242463,14539.76637392044,0.2391562159711611,534.1009878508746,372.9732922524214,3.2505861579440536,14.492834664136172
325.66754859163194,166.39436780950055,1.6451399058103562,6.194739801622927,0.101915492862463,15.979228591918943,3.239887499809265,5.9921680927276615,1.828497087955475,10.07393856048584,0.4051398038864136,1.0004136204719545,2.0972686290740965,1.4796852588653564,3701.2447509765625,100.12371139526368,455.3529754638672,184.47688903808597,615.3622680664063,19.83693370819092,30.417863845825195,62.61842422485351,781.8904059410095,1345.10665974617,14737.081138217449,0.2172921112534823,525.7491339363157,373.4696178331971,3.351976166665554,14.598784819059071
312.2396100577433,174.96548357959836,1.394489395804703,7.152815165300853,0.119943306595087,16.08857822418213,3.247592639923096,6.222426366806031,1.924414575099945,10.683830165863036,0.3859506487846375,1.0021651268005372,2.4265065670013426,1.4663384437561036,3603.0443359375,100.43799209594728,472.3520080566406,193.9992874145508,651.6084838867188,18.16136131286621,30.459764671325683,76.97770385742187,785.2861186981202,1336.9854731082917,14793.247372317312,0.2280873613039148,517.002293048054,373.7218154713512,3.2626360008493065,14.591270967572928
340.937336122978,173.62766908062622,1.673914298415184,7.319224137277343,0.1022143647074699,17.849990844726562,3.431115746498108,6.266480588912964,1.9930763006210328,11.03149700164795,0.429526737332344,1.0020042300224303,2.445690655708313,1.5478221774101255,4075.8090087890623,106.06344070434572,476.1836669921875,200.85043182373047,673.5988464355469,21.05343418121338,30.430524635314946,78.3938835144043,801.8151875495911,1310.6924266815186,14747.39957280159,0.2328309892080142,545.277255943045,373.2363771751523,3.3967213425785303,14.477038405835629
338.24427209664134,181.0170652908273,1.3039178621023892,6.890285608940758,0.12050596550107,17.868582344055177,3.344910192489624,6.312153720855713,2.064607524871826,11.454618549346923,0.3387761235237121,1.00131516456604,2.228079056739807,1.5318883061408997,4042.0218994140623,103.5429916381836,479.8464263916016,207.9573760986328,699.5039978027344,15.70306625366211,30.438359451293945,69.82438507080079,789.1839299201965,1286.70424990654,14408.430151307582,0.2433690732286777,539.3506056841463,373.3200477525592,3.2079238841310143,14.481061583198606
328.87519181650134,167.29868315514176,1.5956789900548756,7.046246970910579,0.124652624130249,15.677770805358886,3.2699045658111574,6.106136655807495,1.8741559624671933,10.340494918823245,0.391515102982521,0.993089497089386,2.375672793388367,1.4501782298088073,3635.1806396484376,101.31952819824218,464.2563446044922,188.985302734375,631.7569213867188,19.06609077453613,30.450292587280277,74.59055404663086,792.2771858215332,1337.1723629951478,14891.889697277546,0.216914886014274,524.5223713170737,373.56129944771527,3.316394123993814,14.622958206012845
322.4819419100415,165.2506673771888,1.5132560459896922,7.110187106020748,0.1109028004109859,16.293460845947266,3.10598623752594,6.044518852233887,1.825690257549286,10.057497215270995,0.3988901495933533,1.0068156599998477,2.343770265579224,1.4689636826515198,3764.849658203125,95.90911026000975,458.7383270263672,184.16544342041016,614.6936157226562,19.143285179138186,30.414539337158203,74.24830474853516,793.2652744293213,1374.7253682136536,15147.383421754836,0.2144059904137975,528.733805757016,373.3307730168104,3.3115508822724222,14.598945793695748
328.32445714790373,175.19752694079654,1.601025233324617,7.227542498195544,0.1078254804015159,17.118839836120607,3.281866240501404,6.17546706199646,1.9387004256248477,10.727716064453125,0.3892366349697113,0.9964488387107848,2.4574862241745,1.512954258918762,3864.44716796875,101.47311172485352,469.4201843261719,195.3800796508789,655.1860778808593,18.98481998443604,30.489238739013672,78.25711822509766,799.1555074691772,1311.7282893180848,14653.122728729248,0.3068394463130971,529.922040810436,373.2551607146859,3.308958790451288,14.5187531799078
320.8580616943538,170.27682234216482,1.3721430684439837,6.505118502420373,0.1191600210964679,16.26817455291748,3.1783480405807496,6.177551555633545,1.9513345956802368,10.831350231170656,0.3487718880176544,0.9988651752471924,2.30270390510559,1.4731138586997985,3672.9457275390623,98.25254898071287,469.3700927734375,196.63533630371091,661.1831665039062,16.369691848754883,30.48434066772461,70.41856155395507,779.615382385254,1343.938754415512,14795.244896531103,0.2308556101634167,519.5555165313184,373.1332795843482,3.240145975071937,14.561729571968318
308.5495504934341,162.23766768490896,1.454976521153003,6.449410896771587,0.1096836447715759,14.874685478210449,3.0586538553237914,5.624402093887329,1.860474157333374,10.258815670013428,0.3819331437349319,1.0101091146469117,2.1850754261016845,1.4380741238594057,3448.1951171875,94.66781997680664,427.3534210205078,187.6380569458008,626.981982421875,18.17263259887695,30.42971992492676,66.35378494262696,754.4809844970703,1412.5745341181755,15161.84820958376,0.1880049655621405,527.539225737378,375.958196169138,3.279875728581101,14.82079620361328
325.937944152765,170.69720821268857,1.4911098908632994,6.861227361951023,0.1177925676107406,16.013027954101563,3.297225880622864,6.124732446670532,1.900923478603363,10.484748649597169,0.399634638428688,0.999787735939026,2.3461333990097044,1.4603007793426517,3672.898779296875,101.84815063476564,465.66957397460936,191.6602554321289,640.8016479492187,19.104556846618653,30.455690383911133,73.18689804077148,792.5100557327271,1399.2201186180114,15400.000120997429,0.2279553818196291,522.1687549006194,373.2971546232701,3.3071726551279426,14.59124436788261
320.8051382655743,181.79268086887896,1.4966356508433818,7.529042948037386,0.1110769294202327,16.266445922851563,3.32044723033905,6.235513162612915,1.962381398677826,10.855969142913818,0.3921018064022064,1.001591944694519,2.400868988037109,1.4855562925338746,3650.330224609375,102.81655426025392,473.8511077880859,197.7858673095703,663.0761047363281,18.79003791809082,30.48381805419922,77.66961898803712,794.7179479598999,1300.067273712158,14532.808528721333,0.2342933062143856,517.5546320859343,373.2828724622726,3.2921563614159823,14.537790237925948
315.76045147385446,181.46658713836223,1.5294346808455883,6.180300538334995,0.109357538074255,15.723233032226563,3.183012342453003,6.243002128601074,1.9538856387138368,10.862460708618164,0.3739004820585251,1.0033435583114625,2.0504518032073973,1.4588720202445984,3526.7507080078126,98.63808212280271,473.9667388916016,196.88799896240235,662.8535522460937,18.058076667785645,30.41960105895996,61.31061782836914,777.1584791183471,1253.8377895355225,14192.49996188879,0.2309809660073369,509.9094928216189,373.557457511127,3.2748372056521475,14.575623260438444
332.05911336732095,175.14841402992607,1.6748325589112938,6.942072528926656,0.1242371536791324,16.16022319793701,3.25459566116333,6.185280752182007,1.9207104921340945,10.619498348236084,0.4033927768468857,0.9973875164985656,2.175769805908203,1.467001748085022,3688.08369140625,100.59046096801758,469.4760711669922,193.6303283691406,648.5631408691406,19.846277809143068,30.4205265045166,68.08672256469727,795.5805495262146,1293.4208844661712,14482.207782876492,0.2294407394772861,521.3168524995447,373.3755619391799,3.35311299264431,14.571993589028716
326.9583167408826,172.20262947939335,1.5134407395496965,6.552238929597661,0.1030759096145629,16.21273899078369,3.2610435962677,6.232631206512451,1.9471934676170348,10.798778820037844,0.3790121644735336,1.0048146009445191,2.1297616958618164,1.484573197364807,3699.106689453125,100.81759872436524,473.1240478515625,196.28223114013676,658.7726501464844,18.2532657623291,30.42544765472412,65.38945999145508,794.5679225921631,1323.5557831764222,14687.813558769229,0.2225729481710004,522.9017533995211,373.60730857402086,3.272595113888383,14.555538318306208
322.66964950817635,167.40040450114756,1.6833588138222697,7.1074364423519,0.119282080233097,15.718989849090576,3.070437932014465,5.6784485340118405,1.8560021758079528,10.235457611083984,0.4267898589372635,1.0083739399909972,2.298150563240051,1.4492913603782651,3648.648583984375,94.86312484741212,431.2161682128906,187.1895904541016,625.8781311035157,20.94229030609131,30.456510925292967,72.56081695556641,748.5373083114624,1383.4895445108414,14974.407260787488,0.2245892534730956,528.0574932646007,375.868934327364,3.4022144082002344,14.800369305722416
326.1414153784048,170.3452662607655,1.5442845654673871,7.0821009506471455,0.1091458678245544,16.532712173461913,3.397676134109497,6.167759084701538,1.9124004244804385,10.556482410430908,0.3969664365053177,0.9985814094543456,2.268255829811096,1.4911587595939635,3832.69853515625,104.82965850830078,468.85524597167966,192.80654296875,644.9551208496093,19.16030101776123,30.48402976989746,71.68702774047851,794.5821907043457,1333.5097599983214,14839.470831143855,0.2219119378365576,534.644210337475,373.42059909403326,3.3127163692377506,14.560833369009195
343.56540450500324,184.98940161596985,1.440646843146533,6.662654546042904,0.1294413685798645,17.34375915527344,3.5361879587173464,6.3217590808868405,2.041000771522522,11.322615909576417,0.3714896291494369,1.0089792490005494,2.18243305683136,1.513973164558411,3947.4077880859377,109.49768676757812,480.4118560791016,205.57921752929687,691.4548767089843,17.66923007965088,30.448996925354,67.7285400390625,795.7162973403931,1246.3033108711245,14206.5363245368,0.2447377918419079,534.6147698853165,373.3543837323785,3.25276250904426,14.509562975168228
319.075048406329,176.40269423313438,1.6126965254545211,6.350727850431577,0.1124422073364257,16.11787338256836,3.290984582901001,6.192520618438721,1.952987098693848,10.7986967086792,0.4243695348501205,0.9927974939346312,2.2042226076126097,1.474303376674652,3625.327685546875,101.81295852661133,470.83783569335935,196.85057678222657,659.57861328125,20.62013053894043,30.462650299072266,66.51009750366211,790.9170104026795,1300.0246127605435,14527.94628419876,0.2310183194553246,516.2093585405498,373.3173646748066,3.3774434170685708,14.557477465085686
334.010760799516,186.4313049724325,1.4196382634341718,6.654692406021058,0.1234933763742446,16.42616424560547,3.359249448776245,6.429000616073608,2.174066066741944,12.07755651473999,0.3618969321250915,0.9988423585891724,2.147988200187683,1.4796521186828613,3703.641430664063,103.96706008911131,488.60707397460936,218.8636688232422,738.2769287109375,17.1483247756958,30.46063041687012,66.28946075439453,792.5717557907104,1172.579916715622,13899.749380266669,0.2557556301850127,516.1540548972786,373.7484288483858,3.2469781960360704,14.535326802171769
328.1222457472701,170.75247214380653,1.3178917200304567,7.36104516016785,0.1221431449055671,15.74261541366577,3.247182941436768,6.069800567626953,1.839137041568756,10.137084865570069,0.3389866411685943,1.0065381288528443,2.5402610540390014,1.4474048376083375,3633.782666015625,100.61106185913086,461.5271362304687,185.50759582519527,619.4564819335938,15.71881456375122,30.446182441711425,81.47186737060547,800.3668071746827,1347.8008217811584,14975.431409859655,0.2200186758622294,521.4033219154924,373.4061685174704,3.2375332463532684,14.624426642432809
325.03998068122894,170.07226803358645,1.5794167551212013,6.894061692990363,0.1005600407719612,15.761126136779785,3.3513667821884154,6.141982364654541,1.8883177757263183,10.419119167327882,0.4106965959072113,0.9995189309120178,2.180177855491638,1.4711683511734008,3600.701123046875,103.593611907959,466.8411560058594,190.4084457397461,636.5269592285156,19.89128246307373,30.424226760864254,68.09774703979492,792.346583366394,1338.8553812980651,14862.222158968449,0.2222647306713042,517.1314466226846,373.47171837240455,3.346555892378092,14.579946190863849
323.32744176955896,173.15401769420131,1.4647180241532625,7.496261232998222,0.1052492558956146,15.995540046691897,3.372187852859497,6.130202960968018,1.872058176994324,10.322466087341308,0.3669482827186584,1.0022659301757812,2.3901546239852904,1.4765445947647096,3686.838989257813,104.18011245727538,465.9640106201172,188.786767578125,630.791796875,17.521117782592775,30.45122337341309,77.11769409179688,782.4544040679932,1372.985767698288,15022.653963017465,0.2266248515545157,526.6525806158782,373.5015410766006,3.263647674676031,14.5797486230731
324.36888307365587,180.9402455465868,1.5078670036047697,7.302493992750533,0.1085531309247016,16.149825668334962,3.1938960313797,6.32544264793396,2.062786149978637,11.469326210021972,0.3718507170677185,1.010993230342865,2.4697641134262085,1.4768126964569093,3629.224658203125,98.93417358398438,480.5630889892578,207.7640808105469,699.9644348144532,17.8990140914917,30.44161605834961,79.26449737548828,783.1293138504028,1211.16707906723,14061.135326719284,0.2346996120628318,513.8292743332684,373.668450075388,3.267068716883659,14.546121787838638
313.78308931039646,173.7084138372913,1.7509578195400537,7.007265058346093,0.1169042378664016,16.58153705596924,3.2864585399627684,6.144975376129151,1.8614326596260071,10.39301700592041,0.4211697429418564,0.9948154091835022,2.2588002681732178,1.4720155715942382,3730.768432617188,101.75031280517578,467.1312377929688,187.5542419433594,633.731884765625,20.88753185272217,30.454984664916992,70.86864395141602,785.2209066390991,1329.1191715717316,14683.13136548996,0.2210486850526649,523.9850938513875,373.7608193293214,3.401561979856342,14.599329568818211
320.2099648420699,167.79366717487574,1.3383411763235926,7.599876957107336,0.1235816091299057,16.457798767089844,3.228274202346802,5.948290634155273,1.831888055801392,10.091058254241943,0.357838362455368,1.0044074058532717,2.426402068138122,1.4715708374977112,3735.2650146484375,99.97442932128908,452.0617950439453,184.7856002807617,616.7344360351562,16.653134918212892,30.46727752685547,78.6406623840332,783.4174974441528,1365.7625390052797,14958.328800141811,0.2187439171371807,523.9232011571527,373.6318776875734,3.2482684584334494,14.634283752180636
316.33392999102364,166.08637557961046,1.736606535501778,6.319132921774871,0.1247935377061367,15.91730785369873,3.0844436645507813,6.051799440383912,1.8563404560089112,10.380701541900637,0.4416284650564194,0.9937986493110657,2.0630781650543213,1.452294147014618,3671.2682861328126,95.24473876953124,460.1129425048828,187.21442565917968,633.6544494628906,21.790916442871094,30.47477321624756,61.98766899108887,742.9004716873169,1365.0262900829316,14914.614539527893,0.230435889394721,530.2367168545723,375.6909044340253,3.437885224353522,14.706699507310988
344.3367387030274,175.5821202551946,1.4253946794196963,7.395888913911767,0.1306034907698631,17.83762607574463,3.569903612136841,6.204622077941894,1.9537354826927185,10.822647953033448,0.3873487651348114,1.0063154339790343,2.370819640159607,1.5197080612182616,4083.124780273437,110.5474411010742,471.2852325439453,196.9056930541992,660.8009582519531,18.34389362335205,30.43667869567871,76.34567565917969,802.2021776199341,1242.9133036613464,14195.065497255326,0.2263974886169308,540.5932704832405,373.4317743301392,3.264883798267692,14.51669149324298
344.0747422907036,181.26762680262328,1.4763524529524148,7.131046622851864,0.1088742859661579,18.01192111968994,3.4339100122451782,6.2313549518585205,1.95960875749588,10.85015230178833,0.3873002201318741,0.9955897033214568,2.3871495962142943,1.5503160953521729,4134.332421875,106.40976028442384,473.1633239746094,197.49529266357425,662.6035400390625,18.520380210876464,30.488543128967287,75.72438278198243,802.4811502456665,1305.3510355472563,14555.242058873177,0.2364373823700589,548.5386273011566,372.9206567451358,3.2720494980923838,14.464468539319933
322.103420342796,178.43246877323836,1.702906188275665,7.323847272619605,0.099669087678194,15.95477752685547,3.161152410507202,6.199729490280151,1.9448132395744324,10.76619234085083,0.416598254442215,0.9931312203407288,2.3085280418396,1.4763222932815552,3616.9670166015626,97.66192398071288,470.9514892578125,196.00391540527343,657.4756713867188,20.537820243835448,30.436669158935548,73.66549530029297,782.8192874908448,1294.890181159973,14397.402804899217,0.2300598142959643,515.7372527390719,373.34738831371067,3.383077694289386,14.546119595132769
326.5746275731828,172.9175868663937,1.6756508698686958,7.240743597690016,0.1109550565481185,16.610039710998535,3.1509429454803466,6.07150182723999,1.838781416416168,10.174980735778808,0.4106401711702346,1.002370393276215,2.467502737045288,1.490511429309845,3844.97978515625,97.4883201599121,461.15175476074216,185.4574935913086,621.1658813476563,20.182472038269044,30.43400707244873,78.72734909057617,792.8675422668457,1321.8844766139985,14633.348309218884,0.2155316665404825,533.1838869199157,373.4292176097632,3.366939061041921,14.569448237679898
333.97236515637485,178.96487708576024,1.449111864808947,7.407400878192857,0.1258177414536476,16.204285049438475,3.412160038948059,6.192081880569458,1.9135873317718504,10.596039581298829,0.3657734125852585,0.9930740654468536,2.41788866519928,1.4585378408432006,3708.4818359375,105.70282821655272,470.3181274414063,192.87142791748047,647.0009155273438,17.412647819519044,30.438103675842285,77.38952102661133,796.6344825744629,1245.581357383728,14191.644038009645,0.2235999550757696,519.7450657840818,373.59388300031424,3.262183545064181,14.593836023658517
341.85112159119456,166.98960635727272,1.4324961182661355,7.451049235695973,0.1077639140188694,17.085615158081055,3.273259735107422,6.111878824234009,1.8967923283576968,10.488667201995847,0.3664151519536972,0.9975463271141052,2.548003458976745,1.5181413173675538,3947.43056640625,101.17431640625,464.6562042236328,191.22633514404296,640.545458984375,17.398912620544433,30.48208236694336,82.0285415649414,790.0837223052979,1330.9461926460267,14713.64090155363,0.2268335305576329,536.0178668215871,373.30103922784326,3.2528311462141573,14.524702873826026
333.87432901402934,170.24058538153767,1.304395069926977,6.16458866908215,0.1106832347810268,16.85367946624756,3.2877092361450195,6.139048671722412,1.8951956152915956,10.449839401245118,0.3510666191577911,0.9988763749599456,2.07089319229126,1.5063804149627686,3869.8958984375,101.84875946044922,466.3518493652344,191.0854278564453,638.6101135253906,16.242910957336427,30.425269317626952,61.80246963500976,796.937223815918,1368.304828214645,15070.12839963436,0.3063109800685197,534.2948190785944,373.1801604419946,3.22662023967132,14.536605360545218
328.74208001131194,177.87073256662114,1.4123739239759745,6.561182609759271,0.1005475409328937,16.229437255859374,3.3256067276000976,6.195378160476684,1.9436499238014224,10.750499057769776,0.3522887587547302,0.9913762211799622,2.205728793144226,1.483198273181915,3700.530102539063,102.76614913940428,470.8302154541016,195.9105926513672,656.5768493652344,16.672001457214357,30.437759399414062,67.3833221435547,796.5546777725219,1291.3619085311889,14392.781206154825,0.228998652654991,521.3086877066642,373.2999340042472,3.244599081017077,14.541724921949209
325.25580547577704,170.2568192237988,1.2796411271207035,7.440732315089553,0.1260846883058548,16.861007308959962,3.1911397695541384,6.132750606536865,1.9119556903839112,10.545300960540771,0.3569193661212921,0.9939341723918916,2.5360795974731447,1.4831856846809388,3832.15,98.7862922668457,466.2962249755859,192.7572463989258,644.5195068359375,16.405299758911134,30.43995952606201,81.3613166809082,799.5321531295776,1391.7295566558837,15382.32483253479,0.2282018966710893,528.9675332110376,373.08844714313744,3.2314863027073444,14.561499885469676
331.2871540392749,165.83525970950723,1.322096189763397,6.955571983894333,0.1020413354039192,16.314623069763183,3.2210562229156494,6.042256641387939,1.831328022480011,10.112250328063965,0.3588264763355255,0.9937938153743744,2.306578350067139,1.4857009768486025,3783.488916015625,99.53509216308592,458.6678527832031,184.68897247314453,617.7002624511719,16.648466491699217,30.435481834411625,72.16757049560547,789.4224241256713,1331.7836910247802,14650.268942642211,0.219905596449098,527.3789861865341,373.2148603200913,3.240402857679874,14.565003312379122
319.0975699737901,179.29588310513645,1.543628741800785,6.7448021423071625,0.1002051584422588,15.503368473052978,3.1852648496627807,6.239237022399903,1.9693092584609984,10.90432710647583,0.4165692329406738,1.0010638236999512,2.21219539642334,1.463118064403534,3491.9806640625,98.53004150390623,474.0886108398437,198.46524200439453,665.8729125976563,20.041340255737303,30.419219970703125,68.56338729858399,782.2499309539795,1265.1739348888398,14277.975117015838,0.2334192551148589,508.1725854016841,373.5569078609348,3.3483622168190776,14.565233537182213
338.69903445946983,190.1707711013034,1.3515378872863948,7.235813025594689,0.1052987307310104,17.7706090927124,3.4618017196655275,6.509631109237671,2.2519992113113405,11.92236671447754,0.3593039810657501,0.9944904565811156,2.328335404396057,1.5386056303977966,3986.9431640625,106.96490478515624,494.7392211914063,226.46820526123048,738.8417358398438,16.817933654785158,30.45248317718506,74.17348403930664,780.1211687088013,1154.7194986343384,13762.141987919807,0.1877903253014665,530.0980033438652,373.5326344251633,3.2182264492847024,14.45814292691648
305.13024181558285,173.43599102357402,1.702405335288495,6.529557261243463,0.0972889803349971,15.4635892868042,2.9953874826431277,6.077135896682739,1.8480825781822203,10.196670150756836,0.4247374057769775,1.0083236694335938,2.1470612049102784,1.451174008846283,3464.0234130859376,92.62518692016602,461.8308837890625,186.39170989990237,622.8940612792969,20.90890483856201,30.47323608398437,65.94134063720703,783.677357673645,1307.2210931777954,14499.81404107809,0.2146393261820776,507.1596118703485,373.48944807499646,3.399923357181251,14.602345795556904
330.033740491746,175.22019165335223,1.5828547021374106,7.334148296061903,0.1201341681182384,16.687906646728514,3.2377750635147096,6.118045806884766,1.8826947450637816,10.399916744232176,0.3961911857128143,1.0056447982788086,2.442518401145935,1.4878297805786134,3801.0427734375,100.22318801879882,465.05048828125,189.83615112304688,635.2453491210938,19.24384307861328,30.429332733154297,78.31781768798828,800.2034631729126,1300.6660070419312,14512.678992664814,0.2272046524405596,525.6849911998958,373.3663289830089,3.3203853982500733,14.555870750546456
324.5455216061324,166.63103831093758,1.3922384570352733,6.888536256970838,0.1005933351814746,15.371867179870604,3.165454745292664,6.022333383560181,1.8529256224632265,10.33543529510498,0.3569127768278122,0.9907420456409456,2.224184942245484,1.4619323015213013,3523.8546142578125,98.07378234863282,457.4566680908203,186.8880645751953,629.0828308105469,16.807008743286133,30.42297744750977,69.03652572631836,745.7068641662597,1387.4320605754851,15130.168020188808,0.2454367004422238,522.2230695441365,375.6241994589567,3.25383211588487,14.69843919314444
331.0784525108058,178.88637145217507,1.4778482786379754,6.267842590017244,0.1172660864889621,16.0189510345459,3.469521331787109,6.209175539016724,1.917360198497772,10.61512451171875,0.3849985718727112,0.9952412962913512,2.101537847518921,1.4687050580978394,3680.09375,107.48172531127928,471.95228271484376,193.30355834960935,647.7028503417969,18.40838375091553,30.47038040161133,63.113346862792966,787.4725620269776,1333.6267656326297,14742.490510737896,0.2325956802873406,525.5325911015273,373.5276068985462,3.2763179287314417,14.585059928707778
330.14570266590454,176.93666235674172,1.7473491144366562,6.513605415611528,0.1083823733031749,17.454491233825685,3.474629759788513,6.208245277404785,1.9452744245529172,10.775247764587402,0.4195645749568939,1.007278335094452,2.140701079368591,1.5150582909584045,3986.27724609375,107.47600021362304,471.26527099609376,196.0379135131836,657.99248046875,20.805629348754884,30.442764854431157,65.75017395019532,786.441296005249,1292.3519151687622,14380.42852640152,0.2280576332035707,537.3536537565291,373.2652746781706,3.395943919476122,14.510231465101242
350.2773090651259,185.97941231429576,1.659131624083966,7.423046604148112,0.1168281890451908,16.862172889709473,3.702783346176148,6.388175964355469,2.1278889894485475,11.825753021240237,0.3998317688703537,0.9901113212108612,2.395762324333191,1.51376873254776,3859.555712890625,114.57160263061525,485.368994140625,213.8003845214844,720.2045227050781,19.62373142242432,30.42100601196289,76.76503524780273,810.8568198204041,1163.6964673042298,13836.343840730193,0.2449138297786703,528.9028135482222,373.268938100338,3.3366817232221364,14.480595857091249
340.98393838331106,179.58247690927237,1.2928190829232336,7.13496092162095,0.1089261882007122,16.593226623535156,3.404208612442017,6.279726886749268,2.0247484922409056,11.226963996887209,0.3582449436187744,1.006889820098877,2.389237093925476,1.4993314623832703,3818.5794921875,105.23483276367188,476.9799285888672,203.98629760742188,685.5308898925781,16.53050079345703,30.439640045166016,75.97793884277344,797.92736120224,1265.335168647766,14241.506914651394,0.2341915758879622,527.8325509361923,373.4136184737087,3.224945054203272,14.511910554207862
335.8795850649476,177.73108557648956,1.2916967228055,7.03824521729257,0.1010346069931984,16.289900016784667,3.2739026069641115,6.189682722091675,1.9013662457466125,10.599325466156008,0.3538572788238525,0.9951342701911926,2.3227749109268188,1.49680438041687,3753.15869140625,101.00560455322264,470.1124969482422,191.52638244628903,646.623876953125,16.32445011138916,30.47097225189209,73.15177459716797,802.0671097755433,1315.7302413940429,14617.507004737854,0.2274804614935419,527.4318990375847,373.29355386048553,3.225657223444432,14.534053856693207
327.8562748863129,177.5800701253116,1.4989244807511568,7.50645483196713,0.1019732154905796,17.54664878845215,3.2431480169296263,6.282887125015259,2.032357406616211,11.260087871551514,0.3986864805221558,0.9926942586898804,2.363600754737854,1.5230600118637083,3951.94892578125,100.12389221191408,477.66493225097656,204.7594268798828,687.5191345214844,19.09873523712158,30.43206596374512,76.13367919921875,798.9630823135376,1217.9546574592591,14080.779451835157,0.3034840023319702,532.0136210739613,373.5402401044965,3.3011666551232337,14.497539803758263
323.1888215157669,175.96968211885542,1.4314253096468748,7.3468451423570516,0.1196573890745639,16.365029335021973,3.208968901634216,6.245127582550049,2.005339527130127,11.10722188949585,0.3701624125242233,1.0100433707237244,2.406637716293335,1.4780077457427978,3691.570703125,99.39564361572266,474.59849243164064,202.06392822265624,678.3175170898437,17.563676643371583,30.461674880981445,77.40417861938477,785.4124513626099,1294.295376491547,14463.771125411988,0.2342116360625368,519.8629941448569,373.4481937661767,3.2582713956944644,14.548721854574978
334.3639453902375,168.818755840417,1.74573392001912,6.752478119707666,0.1152345053851604,16.54475555419922,3.2430132150650026,6.1264519691467285,1.9155044078826904,10.597148132324218,0.4165792614221573,1.0125494599342346,2.3206488609313967,1.4803372025489807,3791.549609375,100.41024398803712,465.7800323486328,193.0958465576172,647.1617004394532,20.658375358581544,30.47154998779297,72.40264739990235,786.0355630874634,1294.2980243682862,14462.55127120018,0.2248661881036241,524.2536455761641,373.3889891207218,3.3923482089303434,14.563943696022031
348.54581368505023,175.94835410853847,1.3935868869535626,6.17159551542718,0.108951061964035,17.06114044189453,3.616117644309997,6.282147789001465,2.0342214584350584,11.292580032348631,0.3553034961223602,1.0021758437156678,2.1010299921035767,1.5135371685028076,3930.231884765625,111.92786407470705,477.3882232666016,204.91463623046877,689.3562683105469,16.76259593963623,30.446554756164552,62.95688323974609,795.5290868759155,1258.4384147644043,14226.092930793762,0.2350705028045922,532.367566139251,373.3528481721878,3.2349464310333134,14.49821467101574
324.2492671233602,168.58716408070177,1.440468617901206,6.095391901768744,0.1164454013109207,15.529452323913574,3.148879075050354,6.015373802185058,1.8248650431633,10.051152515411378,0.3679756760597229,1.0076581358909606,2.061544179916382,1.44080650806427,3559.9394775390624,97.24902267456056,456.9614624023437,184.08663635253907,614.2864562988282,17.477661895751954,30.420479774475098,61.30931854248047,793.4699292182922,1426.3040219783784,15512.573857283593,0.223655651808076,514.186309813708,373.2421685382724,3.2675945926457644,14.629329977557065
327.0637952375226,168.78049142751843,1.7687449225224554,7.181074810668361,0.1216997288167476,16.676992988586427,3.2757559776306158,6.16866283416748,1.9194949865341189,10.59134006500244,0.432182028889656,1.0125478386878968,2.406818985939026,1.4857821583747863,3825.6849365234375,101.14141540527343,468.6412719726562,193.5164520263672,647.2653015136718,21.45126266479492,30.45622100830078,76.80901336669922,775.7611532211304,1368.83707280159,15077.074615716934,0.23037300480064,531.9707614276558,373.44053126722577,3.424968705698848,14.56549192070961
324.32028606091626,168.4108947848901,1.4970641913823783,7.107456440292299,0.1225271850824356,17.1614933013916,3.2855924367904663,6.077124452590942,1.845828127861023,10.18407621383667,0.3762062400579452,1.0098254680633545,2.258208394050598,1.494682002067566,3885.3317626953126,101.65175933837892,461.271435546875,186.1684051513672,622.1251220703125,18.06321315765381,30.4697208404541,71.74573593139648,795.9021659851074,1311.095542526245,14570.610547494887,0.2201143914091517,528.8640707988292,373.3512438237667,3.2718434306792914,14.564632648602128
332.4259096619673,181.1025405406952,1.562856358569115,7.267463286779821,0.1059855639934539,17.27391128540039,3.311091566085816,6.275408601760864,2.003199243545532,11.120847129821778,0.3953028976917266,1.0043459296226502,2.448263335227966,1.5135242700576783,3923.6396728515615,102.43178634643554,477.0660095214844,201.84415283203128,678.746923828125,19.14903564453125,30.428056716918945,78.29381713867187,795.5012952804566,1249.9861285686493,14183.970138812065,0.2327364895973005,532.1588326059282,373.3748003110289,3.310212208237499,14.504825583286584
334.2442157201003,176.84188887411727,1.5527977557852863,6.158794102817774,0.1013209901750087,16.39000015258789,3.438410878181457,6.249030208587646,2.0116477251052856,11.144657230377195,0.4132902204990387,1.0017073154449463,2.045895886421204,1.490238654613495,3744.481640625,106.49622650146485,475.03200378417966,202.69734954833984,680.5350891113281,19.926008224487305,30.411603927612305,61.0964542388916,799.2524251937866,1251.702196788788,14209.698972463608,0.2284034507276374,523.2933681838215,373.46390932649376,3.343412071838975,14.523648249544204
327.79221578037834,169.0002400327474,1.5931693742983044,6.911416678503156,0.0975144550204277,15.519636154174805,3.1762775659561155,5.988733291625977,1.8230400085449217,10.0407301902771,0.3909520030021667,0.995786726474762,2.231534790992737,1.4637258768081665,3592.535302734375,98.37134628295898,454.8213592529297,183.90398406982425,613.6587585449219,19.031183624267577,30.460224151611328,69.69698867797851,796.2795208930969,1434.7222269058227,15657.53336275816,0.2246832886972697,518.3594201985746,373.1964576795697,3.3158458169549703,14.597492579370735
336.55158407832494,173.50035125017166,1.5668303947895763,6.557953568710945,0.1187439657747745,16.371491622924804,3.3226554870605467,6.188725185394287,1.9301703810691837,10.657526779174804,0.4194501668214798,0.9940610289573668,2.2247857809066773,1.4777291774749757,3796.94248046875,102.86921310424805,470.0451049804688,194.58058166503903,651.19736328125,20.249001884460448,30.43389778137207,67.98640441894531,796.7707859039307,1361.5911600112915,15139.47739855051,0.2322324008448049,532.2729073643684,373.2540628507733,3.358167444355786,14.563878293521702
325.1784854247235,166.33968008542433,1.4056468918919562,6.260701128281653,0.1238082498311996,16.79995193481445,3.196720218658448,6.043256902694703,1.8412589073181151,10.14212112426758,0.3728223800659179,1.0111873149871826,2.133003115653992,1.4731361031532288,3892.036083984375,98.88121948242188,459.4733154296875,185.7173370361328,619.8908142089844,17.58869457244873,30.46358108520508,64.44340133666992,796.2301543235778,1374.707941865921,15143.666617774965,0.2130519565631402,535.2773106854409,373.33030035197737,3.261519478820264,14.600691105052828
337.6339682121528,173.04439729796724,1.2839410205371675,6.305229064193554,0.1032794542610645,16.81380424499512,3.279128837585449,6.167383766174316,1.910420608520508,10.544414615631103,0.3541452258825302,1.0072198271751405,2.139943337440491,1.5158636331558228,3872.9909423828126,101.49837646484374,468.942807006836,192.60486907958983,644.2923522949219,16.313005447387695,30.47391891479492,64.88326568603516,795.0656721115113,1351.6865357398988,14943.760752403736,0.230628144860384,534.3746540039778,373.3410983636976,3.2207098953425883,14.5268259819597
327.77425230336377,174.3623195032589,1.5333183950744569,7.248265858367086,0.1265903443098068,15.7685359954834,3.31365110874176,6.149509048461914,1.8866974472999571,10.414869499206542,0.3921240031719207,0.9997440874576567,2.3428542613983154,1.4542697429656983,3618.1689697265615,102.24965591430664,467.3879333496094,190.23843231201167,636.3174560546875,18.903895378112797,30.461920166015624,74.58755416870117,791.7603115081787,1351.4382472515106,14974.149346184731,0.2274785939021967,519.3611556582152,373.5302952185273,3.303221773263067,14.607671607658268
327.3649230343988,172.9630907636136,1.6621536866761744,6.306243244372308,0.1033849164843559,15.963759231567384,3.259167957305908,6.128696870803833,1.885081160068512,10.395604610443115,0.4366252154111862,0.9954457759857178,2.055233335494995,1.4778655529022218,3676.052294921875,100.95195159912107,465.92897644042966,190.0822952270508,635.2950134277344,21.3348237991333,30.435869407653808,61.82195472717285,794.0201878547668,1385.811916065216,15284.854034614564,0.2266778085788246,524.1848804235458,373.2562898248434,3.4109991622157394,14.566763651929795
333.14620443554594,178.49952848134564,1.759801402501762,7.29635701009538,0.1200593255460262,16.527859115600585,3.364529609680176,6.298512744903564,2.0609517335891723,11.429412651062012,0.4179122895002365,1.0016932964324952,2.4195831060409545,1.485867404937744,3752.4583740234375,103.83637771606443,478.6730590820313,207.6014541625977,698.0247497558594,20.76314182281494,30.475976943969727,77.42170104980468,791.4440437316895,1268.7248796463014,14400.742617976666,0.2396145992286619,523.5496613450348,373.4373217016458,3.3956372078508137,14.53273116517812
317.3401245107874,176.47213445603848,1.643014823459089,6.551667367294431,0.1112704269587993,16.96017551422119,3.123473119735718,6.188398933410644,1.89635500907898,10.464470481872558,0.4336260169744491,1.003455638885498,2.09602165222168,1.4995257616043092,3808.610498046875,96.53147048950196,469.8128173828125,191.20654296875,639.4904541015625,21.140212059021,30.436498641967773,64.34346542358398,786.6170621871948,1362.4889229774476,15049.955251789092,0.2282588311602012,527.5205213908106,373.4528060227632,3.3997240222990515,14.54722450748086
339.54441397339104,181.67551138475537,1.4067786103114486,7.180143495323136,0.1207824319601059,17.012106323242186,3.506932806968689,6.28718843460083,2.038061881065369,11.30043077468872,0.3657687842845917,1.0080033540725708,2.467195558547973,1.5014237403869628,3895.238403320313,108.26586074829102,477.8781372070313,205.3176239013672,690.0272033691406,17.284150505065917,30.474308013916016,78.71125946044921,790.382507610321,1297.9707582473754,14452.317635333538,0.2404596386040793,532.4737407889218,373.18209872096776,3.2471390975639225,14.513155086524783
322.4166970606428,172.36612753476948,1.5893252545036376,7.349236932955682,0.1147835791110992,15.528581428527833,3.188807511329651,6.105913257598877,1.83279687166214,10.108727645874025,0.419105589389801,1.0046133995056152,2.4136462450027465,1.4475432991981507,3574.46455078125,98.75415267944337,463.5449981689453,184.8747100830078,617.403173828125,20.3028772354126,30.448814392089844,77.31425399780274,786.6895551681519,1341.558902978897,14834.832557177544,0.2211521163044381,519.5004960279912,373.6393784329295,3.3647131379693747,14.627238378301264
338.74952708450144,171.96479099411516,1.5257621401920916,6.819160173367709,0.1166090488433837,16.68543243408203,3.5062487840652468,6.19547028541565,1.94907261133194,10.766129875183106,0.3932301342487335,1.004568576812744,2.2823725938797,1.5015310168266296,3866.9460205078126,108.30228805541992,470.9233673095703,196.45135192871092,657.905078125,18.93519458770752,30.40662002563477,71.1934700012207,784.5237156867981,1394.1405913829803,15290.683945465087,0.2379495281362324,535.3682228755206,373.1870748355985,3.3004075224511324,14.52995477002114
325.08062981702386,188.7110983606428,1.7276228862814604,7.5120390099007635,0.1259331047534942,16.898435592651367,3.4493805885314943,6.38084135055542,2.0930227041244507,11.62429656982422,0.4370555907487869,0.9971092939376832,2.449998879432678,1.499371886253357,3778.8236328125,106.65243988037108,484.6372985839844,210.79779052734372,709.8244018554688,21.56162281036377,30.47920227050781,79.10585708618164,798.0033332824707,1221.5146252632142,14136.022629547118,0.2467662319424562,521.8282254613936,373.3789359688759,3.422623681649566,14.512517612241208
321.25878727091475,176.2328894039616,1.3425465814769268,6.259768058313057,0.1095440946519374,16.53597354888916,3.167353796958923,6.240283012390137,1.969405722618103,10.914135265350344,0.3457534939050674,1.0059452414512635,2.1188261032104494,1.4889161348342896,3702.568872070312,98.021533203125,474.0143280029297,198.46878204345705,666.3377990722656,16.138287925720213,30.419447326660155,63.838290786743165,780.2521215438843,1252.1149954795835,14236.297968220711,0.2326699913202901,518.4140447422863,373.654346510768,3.2286648146808146,14.551212689466777
311.2178896445781,167.9564014835283,1.7819089620374142,6.660109769064002,0.1131736047565937,15.35612745285034,3.061329889297485,6.015026617050171,1.827761960029602,10.105579471588134,0.4350710302591324,1.0047828435897828,2.3105998754501345,1.4399629592895509,3474.7007568359377,94.64593505859376,456.733740234375,184.3736099243164,616.8850219726562,21.61732940673828,30.436679458618165,71.25729751586914,781.4780641555786,1338.029314804077,14746.330745613575,0.2147162780587677,508.95145625434816,373.6806020319462,3.4365800474770367,14.649450826086104
324.0579384691315,174.58409563302993,1.3944193531759084,7.499349203286693,0.1036510102450847,16.464346885681152,3.279324769973755,6.1440881252288815,1.8733156442642207,10.334391021728516,0.3576650232076644,0.9941022336483002,2.472241830825806,1.4965883016586303,3780.825122070312,101.52260284423828,466.78200378417966,188.919352722168,631.4069030761718,16.86133155822754,30.463867568969725,79.59844589233398,787.3794093132019,1378.9930296897887,15103.739564847949,0.2276114566222531,531.7793059431017,373.24569077044725,3.2445495879277586,14.549952349066734
329.1336422033608,180.66107827723027,1.3355209454894066,6.682506806124001,0.1069955989718437,17.156260108947755,3.47291271686554,6.244934988021851,1.9708203077316284,10.919713401794434,0.349072203040123,0.9965804219245912,2.2932559967041017,1.5203296303749083,3883.1598388671873,107.1602684020996,474.5034088134765,198.61219177246093,666.7242614746094,16.27759494781494,30.461790084838867,70.88508605957031,788.4711094856262,1328.4274523735046,14605.019244480132,0.2368794510432053,532.1621398855001,373.2164157256484,3.2216659703291954,14.496557713486254
326.3720369779505,175.22346408367156,1.6689066178165377,6.994700263952836,0.122994877398014,17.05069808959961,3.3578968048095703,6.14968729019165,1.87820338010788,10.361634540557862,0.4013083726167679,0.999113792181015,2.2209567070007323,1.4905709624290466,3945.259301757813,103.97817764282226,467.06455383300784,189.4046752929688,633.1131103515625,19.734185218811035,30.418826866149903,69.77584304809571,800.1980285644531,1361.5566162109376,15074.3569039464,0.3035240581957623,540.7087394416333,373.2647497266531,3.347340185195208,14.557726594991982
327.1339814140927,175.55104255396873,1.5643856571987271,6.396842883201316,0.1057879544794559,16.26610984802246,3.277082252502441,6.150584268569946,1.909730589389801,10.552877712249757,0.3901397496461868,0.994065922498703,2.091222691535949,1.4823408246040344,3702.380126953125,101.1056625366211,467.61509399414064,192.53265075683595,644.5704650878906,18.912059593200684,30.48546504974365,63.40187149047851,775.6241098403931,1332.9275378227237,14576.75644273758,0.2334894654268282,521.0483989056199,373.3302425190806,3.305362394452095,14.558213336020708
338.6473270500079,173.77155655380338,1.6338434268720448,7.006366479722783,0.1314745217561722,17.71509494781494,3.3833744764328,6.176767444610595,1.934908866882324,10.700366878509522,0.4361477136611938,0.9992998838424684,2.249444770812988,1.513269853591919,4039.1493896484376,104.76184997558592,469.17238159179686,195.0377670288086,653.5526916503907,21.226755905151368,30.433536529541016,70.80433807373046,803.8295252799987,1287.307417345047,14466.11776485443,0.2239829728059703,539.8442583434284,373.2875920251012,3.4015932119451464,14.52295056656003
340.555711338995,183.17719257296997,1.352791180461645,6.172524966439232,0.1304666772484779,17.789553451538087,3.5574128150939943,6.309195756912232,2.033919405937195,11.276308727264404,0.3704621195793152,0.99350768327713,2.169603538513184,1.5202744722366333,4040.571801757813,109.9782943725586,479.4665802001953,204.9017059326172,688.5679016113281,17.3119047164917,30.458717346191406,64.75906906127929,788.7389768600464,1266.1882585525514,14279.404371166229,0.2441457063920097,539.0009075496346,373.3163808092475,3.239313466846943,14.508534627221524
353.9306651529856,182.71580858509984,1.3108702534809709,6.680728224315681,0.1231860041618347,18.091092109680176,3.662305068969727,6.389532613754272,2.120349335670471,11.785131740570067,0.3360007643699646,1.0032397747039794,2.20514976978302,1.536521029472351,4148.575,113.15177536010742,485.12009582519534,213.50863800048828,719.5108215332032,15.6078387260437,30.410290336608888,68.32586441040038,790.6062353134155,1223.1772982120517,14060.269095492364,0.2536250470584491,542.4996289901435,373.400609113276,3.2029686036519704,14.474136994220316
337.1231548044831,176.28743128906936,1.3062720029614865,6.8453553192783145,0.1100088849663734,16.43516845703125,3.3084056615829467,6.257099151611328,2.006943941116333,11.111850452423097,0.3585583686828613,1.006787657737732,2.187034845352173,1.4903707146644591,3761.472485351562,102.32556457519532,475.3812957763672,202.21692504882813,678.7088928222656,16.589446830749512,30.4814510345459,68.52143707275391,798.5573525428772,1302.215274143219,14534.249307847023,0.2306951797800138,525.6429057147354,373.2549561962485,3.2307024439796805,14.526235942356289
338.4681950895581,184.56350872330367,1.6551166657358407,6.922217316459864,0.125000936537981,17.57440891265869,3.586998224258423,6.28366870880127,2.0121827602386477,11.150478649139403,0.4015006840229034,0.9961312413215636,2.3636671543121337,1.522233200073242,3987.61689453125,110.86360244750976,477.4779510498047,202.7360656738281,680.9275207519531,19.70863628387451,30.47086906433105,74.06526031494141,794.8819793701172,1267.8126036643982,14324.497675442695,0.2420185855706222,537.6200410049408,373.3611079573631,3.3415617743507027,14.502315030060709
338.29513973058204,178.57837183428927,1.32632896322757,6.656498805666343,0.1185628920793533,16.76833152770996,3.449937129020691,6.196918773651123,1.9501383304595947,10.785825061798096,0.35553058385849,0.9976494908332824,2.18984694480896,1.495335912704468,3857.624243164063,106.54032821655274,470.9925018310547,196.55503845214844,658.8114562988281,16.524080085754395,30.47832679748535,67.6038703918457,803.6840776443481,1301.373758983612,14507.887964713573,0.2350431856160867,531.74374785088,373.1022476062179,3.233232664130628,14.529196556285024
345.7900753613561,181.2990733360872,1.2661759137175976,6.179585099034012,0.1192242093384265,18.145850563049315,3.480099058151245,6.274181365966797,1.9995794773101807,11.075365447998047,0.358950001001358,1.0030276775360107,2.174501585960388,1.5444843292236328,4160.592724609375,107.80828170776368,476.52607421875,201.4798324584961,676.3832702636719,16.472920608520507,30.45555305480957,65.29039611816407,811.8963616371154,1266.8357429981231,14291.033083999157,0.234623853964149,548.9364255011081,373.1470517203212,3.2133879508823155,14.469649672321976
328.5074593617581,175.289133189898,1.487728458456695,6.387350861215964,0.1057456582784652,17.085486030578615,3.3220647811889648,6.197973155975342,1.937159597873688,10.715830612182618,0.3692856550216675,1.0067076683044434,2.230519199371338,1.5114171028137209,3860.658447265625,102.8942497253418,470.9961151123047,195.2576416015625,654.4681335449219,17.71752052307129,30.428306579589844,67.86565780639648,789.2598388671875,1269.4526215076446,14278.929643595218,0.2295465900679119,528.4543163176626,373.478217703104,3.260566310491413,14.525827597267924
340.9165555392857,171.41383169637993,1.4065571887418629,6.649560346966609,0.1250683262944221,17.507673835754396,3.2908963441848758,6.180211067199707,1.951667559146881,10.796929359436035,0.3739101201295852,0.990447998046875,2.208960676193237,1.512225091457367,4009.7181884765614,101.82350234985353,469.7986236572266,196.70813903808596,659.3986633300781,17.656875228881837,30.421056747436523,67.81651306152344,785.6129047393799,1313.2747020721436,14550.921456515787,0.2315448479246697,536.7286452628672,373.2691557690501,3.253420701250434,14.521313394606114
338.86125336098485,175.16581419389695,1.60190875986591,7.421571168955415,0.1069551177322864,16.64548511505127,3.423556590080261,6.209021615982056,1.9323307275772093,10.669261169433591,0.4081484496593475,0.9933455586433412,2.3623280763626098,1.5027633428573608,3820.70029296875,105.82827224731446,471.4196502685547,194.79354248046877,651.9639526367188,19.84963798522949,30.416828155517575,75.73477020263672,808.6288256645203,1339.5531348228455,15004.113172078132,0.3106929041998228,529.8780299238861,373.2242177009583,3.3447750919498502,14.524822221137583
322.0925982892979,164.0658327067271,1.3846062798053027,7.426637723902241,0.1177098073065281,15.558239841461182,3.1718364715576173,5.71770749092102,1.8265793323516848,10.06244707107544,0.3501511663198471,1.0000790357589722,2.4057197093963625,1.4360404133796691,3600.9960693359376,97.87419052124024,433.99732971191406,184.25995178222652,614.9959716796875,16.44985008239746,30.44303131103516,77.03936996459962,779.2688928604126,1382.569465827942,15041.15332659483,0.2194577205562382,519.5386714078486,373.63456558287146,3.258945603482425,14.72183596007526
330.96775157842785,170.51551846209912,1.7448082791641355,6.770670583005995,0.1216312445700168,15.938285541534423,3.2343908071517946,6.030447721481323,1.8256009578704837,10.061433696746828,0.4549572110176086,0.9942700266838074,2.276128649711609,1.4519906163215637,3680.6900390625,100.07880096435548,457.83539428710935,184.15945587158205,614.7837829589844,22.43089637756348,30.44167137145996,70.38976669311523,786.9408681869506,1321.886191558838,14656.639010083676,0.2219468867770047,522.137822714448,373.5532566949725,3.46389600969851,14.61967986561358
334.8664768374991,183.46591849029065,1.5117549495771527,6.1584387273527685,0.1106700107455253,17.672214889526366,3.436417984962463,6.291358375549317,2.012302041053772,11.152187633514403,0.4073164641857147,0.9906107246875764,2.0659640789031983,1.534728467464447,3990.083911132812,106.0752098083496,478.2934906005859,202.7343536376953,681.0116821289063,19.52938060760498,30.42728328704834,61.5015682220459,788.5190010070801,1266.9754117012023,14277.617893886569,0.2437870914945961,535.8006254337728,373.3201053738594,3.3189532563090323,14.48455553855747
319.319497370231,173.5511528691277,1.4524286122061312,6.350752336485312,0.0996229663491249,15.762400436401368,3.200676798820496,6.155321168899536,1.887895655632019,10.422737121582031,0.3639095038175582,0.9929794013500214,2.088449692726136,1.4656811237335206,3598.224291992188,98.8155288696289,467.5269775390625,190.35771942138672,636.7833374023437,17.337208938598632,30.439258193969728,62.95109634399414,786.9268536567688,1373.2680521011353,15015.70543769598,0.2243868211298831,517.9625286843627,373.4017421528697,3.2611466592177747,14.58041337337345
346.8945248559583,177.55451554115862,1.3463500649668276,7.103119347942993,0.1258205264806747,17.14677486419678,3.598585629463196,6.216121244430542,1.9495219111442563,10.78787202835083,0.340506362915039,1.004167556762695,2.455039310455322,1.5099984884262083,3971.7109375,111.02531204223632,471.91785583496096,196.49352416992187,658.82744140625,15.915206146240234,30.441654205322266,77.84327545166016,792.1016851425171,1299.8760018348694,14448.348280358314,0.2379071714181918,538.6940001629293,373.2057801038027,3.2238725729286672,14.518539129197595
328.1423188474961,189.08427233528343,1.5350634610280394,7.274442476546392,0.1112648926675319,16.72316551208496,3.502426624298096,6.4356041431427,2.175064468383789,12.090119743347168,0.3763580352067947,1.0036826133728027,2.4632372856140137,1.496513342857361,3746.405200195312,108.09008712768556,489.3346649169922,218.98199920654295,738.3218566894532,18.20723533630371,30.47901153564453,78.8379280090332,786.1121612548828,1196.4859560012817,14025.949371922015,0.260226957485429,518.5278194535524,373.55810980200766,3.267575236037373,14.509165470302104
320.7031266688602,165.2335434259847,1.7202866555191576,6.474360501905903,0.1010769769549369,15.549151992797851,3.259543752670288,6.067078351974487,1.8340578556060791,10.157480144500733,0.448812660574913,0.998834204673767,2.1783774137496947,1.4570667624473572,3588.024853515625,100.67214584350586,460.8415802001953,185.0120864868164,619.7820373535156,22.07228240966797,30.470878219604494,66.37683563232422,772.9847169876099,1352.167749118805,14824.117237472534,0.2196586205813218,519.6775219734758,373.5561153769493,3.447359376959503,14.619668432697654
333.735499499552,177.25856095030903,1.521965369954705,6.950047172163613,0.1259890034794807,16.76920986175537,3.4573739767074585,6.223680543899536,1.938134610652924,10.71542510986328,0.4061283588409424,0.9972044825553894,2.253651332855225,1.4904512643814087,3873.421435546875,106.83522415161131,472.7258361816406,195.35865020751956,654.6095520019531,19.502709007263185,30.45484161376953,70.63963012695312,789.1293832778931,1354.7790033817291,14967.32472603321,0.2351262710391893,538.2737575549633,373.3933451339602,3.3232909606769683,14.555834239721298
312.34752764888106,175.10658416058868,1.5268392320722342,6.4040409350767735,0.1043041497468948,15.588232135772705,3.1850043058395388,6.180559968948364,1.93220134973526,10.657827186584472,0.387617364525795,1.004044771194458,2.163153982162476,1.446162223815918,3513.397021484375,98.30535202026368,469.8979125976563,194.78429260253907,651.4842468261719,18.67889537811279,30.43671131134033,65.65385437011719,756.7860858917236,1124.2180871486664,13692.934180414675,0.2845168786763679,507.9330293375999,374.09430139660833,3.294216680061072,14.628884735144675
331.6785482866224,175.06651010382922,1.4049212199635803,6.001369889848865,0.1275288328528404,16.543174171447752,3.494554615020752,6.214168739318848,1.9599496722221372,10.843899250030518,0.3603653699159622,1.0045820951461792,2.129745125770569,1.4690613627433775,3773.7982666015614,108.26831283569337,471.9531890869141,197.55250091552733,662.2111633300781,17.014745712280273,30.46418209075928,63.08178253173829,782.2397315979003,1278.3405965805057,14319.145053505898,0.2280110373758361,523.8596555475145,373.5667405948043,3.251798638701439,14.577312085591256
317.94863569894807,164.397715206258,1.6985229914076627,7.178313476336188,0.1099394954741001,16.10620288848877,3.092771077156067,5.915503597259521,1.8258862853050235,10.057352924346924,0.4114118427038192,1.0002784967422484,2.416270041465759,1.4625133991241457,3714.525732421875,95.43472671508788,449.2282257080078,184.18850708007807,614.6732177734375,20.27969741821289,30.43760528564453,76.61175689697265,790.8473727226258,1396.4231317996978,15265.37706130743,0.2127187775535276,524.5275511667132,373.4050360843539,3.3759819332510235,14.633345510810614
333.5105999759864,173.5660538653843,1.325304992496967,6.662748000305146,0.1069646246731281,17.420935821533202,3.356154942512512,6.185278987884521,1.948184609413147,10.7820858001709,0.3589215904474258,0.9958290576934814,2.135498046875,1.5121984720230102,3979.4712890625,104.00296173095704,470.0762969970703,196.33872833251957,658.4140563964844,16.679353713989258,30.451425743103027,65.86629180908203,786.8072054862976,1284.8230293750762,14309.871871340274,0.2301089336251607,535.417049080506,373.4711449548602,3.23196289120242,14.521897764131428
320.1975390736014,180.51771542448552,1.4672737058252097,6.569810960907489,0.1007207185029983,16.15196990966797,3.380672979354858,6.32816333770752,2.0813596725463865,11.538969707489011,0.3649801671504974,1.0110154151916504,2.2596954584121702,1.485991358757019,3628.763452148437,104.6600715637207,480.5754455566406,209.6443359375,704.8466003417968,17.449067878723145,30.45139503479004,69.75898361206055,782.4331272125244,1313.5583876609803,14550.663455295562,0.2424041074380511,517.2485277812928,373.23688296377657,3.255568658187985,14.513382388837636
331.00993397946,167.4265787985176,1.689207554329187,6.182098870631307,0.102100670337677,16.386837768554688,3.30253689289093,6.088122081756592,1.8716888546943664,10.338205242156985,0.4270714819431305,1.0074765086174011,1.9846741199493407,1.4853909373283387,3762.94765625,102.21450271606446,462.2870697021484,188.73714599609372,631.4756652832032,20.979507827758788,30.43186378479004,59.53102416992188,773.4384431838989,1317.874320745468,14502.010585284232,0.2246379445394268,525.996614587307,373.346850720048,3.399920542165637,14.562328355014325
324.5570583357476,165.25876549361274,1.5004832361824811,7.614006798435002,0.1301058754324913,16.827031707763673,3.1348418951034547,5.9673041820526125,1.832752776145935,10.09864149093628,0.3810227274894714,0.9932503700256348,2.455422520637512,1.482762086391449,3862.340966796875,97.05476913452148,453.6629577636719,184.8714813232422,617.0515930175782,18.29720497131348,30.4580020904541,79.31785659790039,791.856165599823,1337.4649960517884,14821.556598460676,0.2107496461430855,534.4595730546862,373.5571690037847,3.277259121835232,14.621220137923956
326.170945669245,172.31727499011905,1.7568069277331233,6.699558957759291,0.1086490333080291,15.532712459564207,3.308722972869873,6.139419889450073,1.876679491996765,10.348798942565915,0.424446216225624,1.0043654441833496,2.3290004253387453,1.4516260027885437,3596.532666015625,102.2172836303711,465.96607666015626,189.24784240722656,632.4418701171875,21.05416622161865,30.452741622924805,72.08519058227539,796.0223966598511,1353.6999677658082,15035.136768829823,0.2219252294627949,520.8755463872105,373.5614414066076,3.410090471059084,14.606122012995185
326.2772134182043,175.0448625471443,1.6203453627415,6.361377233127132,0.1215882264077663,16.227936363220216,3.227813220024109,6.203418970108032,1.9570948719978327,10.829782676696777,0.4280809074640274,1.0026748180389404,2.063238191604614,1.4702708005905152,3694.5849609375,99.6174545288086,471.2162200927734,197.2491195678711,661.4245971679687,20.813123512268067,30.411226272583008,62.45572471618652,793.3246469497681,1274.5700366973876,14357.352500879764,0.2241580913920188,520.1921006910503,373.5366557195783,3.385948072560132,14.563007863610984
326.70970836705527,172.1565904473886,1.373197737429291,6.746825774107128,0.1231250815093517,17.382339477539062,3.200745129585266,6.122198009490967,1.8935006856918333,10.490576171875,0.3677259087562561,1.0019164681434631,2.238245987892151,1.5055747747421264,3952.97275390625,98.86266555786132,465.0893218994141,190.8714126586914,640.4680480957031,17.248334312438963,30.42362594604492,69.4696144104004,799.7049050331116,1316.320743751526,14625.366048252585,0.2223268634101259,536.0210890457034,373.1035381749272,3.2481655992567537,14.532172466441988
347.00686883677264,180.44561895132065,1.437633910123259,6.234717170614749,0.1060383103787899,17.116870307922362,3.531259608268738,6.220673561096191,1.9573095083236691,10.8656888961792,0.3579365819692611,0.9989206194877625,2.03655207157135,1.5147605061531066,3960.1318115234376,109.0735984802246,472.9862548828125,197.24981689453125,662.9616088867188,17.027020263671876,30.46809196472168,61.2352897644043,803.817380142212,1206.2991390228271,13950.358768975737,0.3042854977247771,533.3344182625412,373.4226770222187,3.2453247595578434,14.514490440301596
343.71708340453915,172.71349356006831,1.767589569184929,6.129973824508488,0.1156989380717277,17.103919410705565,3.31092700958252,6.219781589508057,1.978240466117859,10.956840133666992,0.4252196937799454,0.9973328113555908,2.0741814613342284,1.5053852438926696,3935.011791992188,102.26063842773438,472.3326293945312,199.35564422607425,669.0544555664062,21.12535705566406,30.427717208862305,61.725934219360354,795.917760848999,1261.6544958114623,14293.856451523305,0.2285290023864945,532.5129915677011,373.43980003744366,3.410909195896238,14.520256476476789
332.4726167611778,176.84714622916653,1.3218942788429555,6.311085208575241,0.1046287916600704,16.562508010864256,3.316991090774536,6.197125625610352,1.924436628818512,10.629283142089845,0.3643477499485016,0.9910903751850128,2.0986213207244875,1.50245041847229,3825.8052734375,102.32922973632812,471.09760131835935,194.00052642822263,649.3152099609375,16.911389350891113,30.434171295166017,63.05665092468261,800.5781602859497,1333.452351617813,14777.622453081607,0.226434839660942,535.2417496647686,373.4011119201779,3.2356264526955782,14.536700023710727
329.3221159168985,171.17989113889635,1.6201477262191477,6.6727231770986695,0.1063827499747276,15.7456298828125,3.152291178703308,6.088699531555176,1.849368977546692,10.191155433654783,0.3970284640789032,1.004986619949341,2.1528809309005736,1.4639956831932068,3631.7036865234377,97.39096145629884,462.8645843505859,186.53143005371092,622.784765625,19.39170722961426,30.409125518798827,66.51280975341797,780.5856048583985,1376.5692098140717,15088.163879966736,0.2275913505640346,520.5649610791355,373.4035311445594,3.331303732469678,14.595424860902131
319.767428103718,173.30079144574702,1.670061365980655,6.842359932349064,0.1035989865660667,15.866756343841551,3.3656906366348265,6.172268390655518,1.882297444343567,10.451347827911375,0.4124530702829361,0.9916584014892578,2.228109526634216,1.4754713892936706,3584.391674804688,104.17378997802734,468.6436279296875,189.81055297851563,637.283349609375,20.2500919342041,30.419294166564946,69.14464569091797,777.1607564926147,1346.467204475403,14826.630099594591,0.2308680441128672,515.8101927340031,373.4710795730352,3.3688130851835014,14.577075283788144
310.6089136689552,175.73255206914618,1.3554000981152057,7.488564366195351,0.0970821671187877,15.53147325515747,3.2287641048431395,6.226532697677612,1.989818561077118,11.0106201171875,0.3753115743398666,1.001217007637024,2.4307098388671875,1.4623175978660583,3477.8626953125,99.75105209350586,473.3803009033203,200.5109375,672.5883422851563,17.525920104980468,30.45182609558105,78.40767822265624,783.0943773269653,1319.912462615967,14603.56494604349,0.2333366304417722,508.0584649130702,373.3503446236253,3.252554370835424,14.555990895442664
347.57102539418264,170.6149543210864,1.3375822694040835,6.851274024089799,0.1057237088680267,17.678847122192384,3.527580714225769,6.195706415176391,1.9400464057922364,10.737913608551024,0.3524411618709564,1.0100685358047483,2.226812028884888,1.54014732837677,4096.1998046875,108.97055511474608,470.3055053710938,195.54561462402344,655.7024230957031,16.441783714294434,30.461668014526367,69.91211318969727,792.8105079650879,1272.4301335334778,14282.463498961926,0.2316907563916174,543.7639459591359,373.3175106808543,3.2219716498628257,14.489148502983152
329.91664556115865,174.31443430203944,1.4159716794267296,7.318235024064779,0.1233214043080806,16.790940856933595,3.5015371322631834,6.248175144195557,1.968498742580414,10.905120849609377,0.3765840590000152,0.9971750974655152,2.3071191549301147,1.489203417301178,3817.565258789063,107.92486724853516,474.6378448486328,198.4006576538086,665.5026062011718,17.81055679321289,30.42999649047852,73.67965240478516,796.1029458999634,1324.127729845047,14762.340790450571,0.2330518620714428,529.912618451193,373.402982082963,3.258172229025513,14.553165236115456
331.6562711119186,173.78645989280193,1.3115878200158475,6.686108658649028,0.1136916011571884,16.957657623291016,3.459737586975097,6.155937623977661,1.8926966905593872,10.441534996032717,0.3427892953157425,0.993733048439026,2.2651634931564333,1.5058926820755003,3930.459423828125,106.88686904907226,467.9359954833984,190.84247894287108,638.0356384277344,15.8941143989563,30.4796085357666,69.9039436340332,789.1763439178467,1366.05330619812,15000.19487041235,0.2311976816461537,541.4767485745251,373.3615697428584,3.2227616561576724,14.547661338187757
328.8745922490722,170.4705931905657,1.336903345119208,7.4661566280759875,0.1040192365646362,16.342441749572753,3.162893795967102,5.924079895019531,1.8243184208869931,10.050160598754882,0.3399183869361877,0.9967085361480712,2.39214403629303,1.4861526846885682,3759.169995117188,97.93998184204102,449.8186828613281,184.0311508178711,614.1867797851562,15.831238651275635,30.48807144165039,76.90366287231446,802.5767875671387,1346.1243293762209,14882.28109164238,0.2132699755908106,527.0156330935657,373.39450073987246,3.2381782121025027,14.613592161424458
344.2886822701432,175.80190416015685,1.6044131594710052,7.267769622383639,0.1068741396069526,17.518424606323244,3.552429628372193,6.263706302642822,2.014370489120483,11.158658027648926,0.3986713826656342,0.9994937181472778,2.3313504695892333,1.526309895515442,4026.5156005859376,109.70252380371092,475.7589782714844,202.9564468383789,681.5049011230469,19.42946147918701,30.45596694946289,74.48520278930664,784.3169069290161,1318.0167096614837,14573.755040180684,0.241836503772356,539.3551125615835,373.17524266690015,3.3252884849905966,14.487557154148815
331.69121111696586,174.58957820413633,1.7716933965682984,6.431973330606707,0.1117131620645523,16.93904399871826,3.426781678199768,6.185625600814819,1.9203275561332704,10.599280548095702,0.4205436140298843,1.0107962489128113,2.216298794746399,1.5093623518943786,3889.3860595703127,105.7675926208496,470.1738677978516,193.5954467773437,647.7053527832031,20.91859130859375,30.456693649291992,67.81371994018555,786.2428599357605,1379.430269289017,15175.365642142297,0.2312130466147209,534.8416469436139,373.1933043196797,3.403119938541204,14.527560797519982
343.2646814253414,171.9499815972522,1.7237011751160023,6.197480100183748,0.1039142660796642,17.696123695373537,3.45216555595398,6.177846384048462,1.92378671169281,10.644688606262209,0.4449742555618286,0.9958445072174072,2.0329657554626466,1.5341109871864318,4082.047607421875,106.93765106201172,468.8703948974609,193.90521545410155,650.1034484863281,21.913758087158204,30.437483978271484,60.87019233703613,794.3567087173462,1292.715686893463,14459.403640902045,0.2298882426635828,544.1254035260529,373.1760483711958,3.436912319436669,14.492855022661388
329.8585815627128,189.98269741758705,1.4257619017735124,6.916051122103818,0.115077394247055,16.778102302551268,3.560751676559448,6.447970342636109,2.15348060131073,11.77894458770752,0.3838592171669006,1.002031433582306,2.317121410369873,1.4952430486679078,3762.1722412109375,110.279874420166,489.684375,216.64046783447264,726.5566345214844,18.19227466583252,30.46258201599121,72.70312423706055,781.7783178329468,1166.738933849335,13805.335642397404,0.2652707758476026,519.1033809423446,373.7310144975781,3.257067055348307,14.522622928582132
332.2398894856218,180.04018411729484,1.556649896595627,6.869230901123956,0.1036547072231769,16.21736946105957,3.4696805000305178,6.320021724700927,2.0672598361968992,11.463569259643554,0.4174096256494522,0.9946897447109222,2.338608789443969,1.489710569381714,3678.7526611328126,107.4734878540039,479.86146240234376,208.19719390869145,700.1500610351562,20.12563419342041,30.41287040710449,72.89036178588867,787.9509261131286,1272.4347239494325,14364.08303259611,0.2422787848568987,519.5146837569773,373.46930526942015,3.3510132886469366,14.514212268590928
313.2501009357628,173.63227369757368,1.2979334556497633,6.718266607495025,0.1224859088659286,16.019941520690917,3.054955077171326,6.055991220474243,1.837029790878296,10.144594764709472,0.3463885635137558,0.9953731894493104,2.34142324924469,1.4517301440238952,3620.7299072265614,94.28468551635744,460.48980102539065,185.28082275390625,619.5515991210938,15.984491443634033,30.432525634765625,72.21066131591797,779.1337268829345,1346.4068682670593,14659.7901907444,0.2244711951600038,516.4165058273823,373.2721857354045,3.2374921143986284,14.609362684562802
328.8035790063441,173.46263800123705,1.5720302724279462,7.205284229852259,0.1017379626631736,16.16433982849121,3.1976238250732423,6.114275407791138,1.8909683108329771,10.457185173034668,0.404208642244339,0.9958924651145936,2.290380907058716,1.480722725391388,3691.042041015625,98.95787353515624,464.9078887939453,190.6361831665039,638.5891235351562,19.57374210357666,30.44080963134765,72.71566162109374,782.3100482940674,1294.726143693924,14372.398413789271,0.2242383958058781,518.8019982192666,373.3731833010912,3.3331483031623064,14.5581179080531
341.5406368562952,173.99027374414726,1.573945355322212,6.546687082806602,0.1193071156740188,16.746892738342286,3.489276075363159,6.177645587921143,1.930598783493042,10.689326095581055,0.38420150578022,0.9991836845874786,2.267994737625122,1.4982659697532654,3878.7233154296873,107.86483917236328,469.5871124267578,194.5821090698242,652.7734130859375,18.67331142425537,30.422188377380373,69.44606857299804,788.7587152481079,1317.790164899826,14571.1092815876,0.2354723874363117,533.8270434141159,373.2508972033858,3.2948199324309826,14.532423636503518
319.0423166327644,170.80189895099028,1.7401237858459353,6.638549769530073,0.120172344148159,15.60391836166382,3.21882712841034,5.883375215530395,1.8358950734138488,10.106759166717527,0.4553571045398712,1.0055867195129395,2.196574592590332,1.4337439298629762,3566.9688720703125,99.63273544311524,447.3681488037109,185.18692932128903,617.8557373046875,22.433357429504397,30.39954624176025,67.59402542114258,792.3880463600159,1329.4431896209717,14761.512078523636,0.2136465932919236,515.4023474089802,373.7614286273718,3.4644627436995505,14.686785868555308
345.8852779135108,182.3519272034988,1.4169898505322636,7.104622310167178,0.1165965519845485,16.838934898376465,3.673662424087525,6.337847137451172,2.0839364767074584,11.556997203826905,0.3730881094932556,0.9976104497909546,2.3624125480651856,1.5132205009460449,3860.044848632812,113.65882873535156,481.23952331542966,209.8982070922852,705.8692932128906,17.663612365722656,30.483566284179688,74.84138107299805,803.1349857330322,1260.8396104812623,14304.38051315546,0.2441992091509746,532.9098503965885,373.16461712569,3.2495171640999616,14.48962678834796
319.8858941100072,171.9829073086381,1.7782991115935147,7.21788011258468,0.1096338830888271,16.585511207580566,3.105187678337097,5.995950365066529,1.8277559638023375,10.069653034210203,0.4326207160949707,1.000554084777832,2.4700316190719604,1.4833396553993226,3770.1568115234377,95.98945388793943,455.37315979003904,184.37376556396484,615.3679992675782,21.496008491516115,30.44625663757324,78.50295791625976,784.3143302917481,1344.300231218338,14842.667229485513,0.2210492518774117,527.4183283634484,373.60055118352176,3.429455265682191,14.61140751503408
326.4839094077703,174.88682812023907,1.6228269778192044,6.723152596317232,0.1233224362134933,16.622690391540527,3.4550615549087524,6.203401851654053,1.9491944193840027,10.790340900421144,0.4049287348985672,0.98991756439209,2.285658288002014,1.4746845006942748,3787.7489990234376,106.79217224121092,471.1692932128906,196.4734252929688,658.9112609863281,19.764769554138184,30.42062759399414,70.40043334960937,789.757021522522,1310.1635037899018,14541.173289251328,0.2282145311546628,526.1718797907233,373.3139690577984,3.3444341546855867,14.55684005394578
332.44875096525067,172.36357349874453,1.6746078738942742,6.991691671684384,0.1181056849658489,15.93717441558838,3.178793787956238,6.092632579803467,1.8585188865661624,10.240991878509522,0.4051021784543991,1.0014445185661316,2.3796467065811155,1.460380494594574,3680.894580078125,98.13214797973632,463.141732788086,187.43968048095704,625.8986633300781,19.922735595703124,30.47290172576904,74.83705825805664,795.9184368133544,1385.69236164093,15321.447557342051,0.2279732342998613,522.8795374050736,373.3435181170702,3.3573234103620053,14.598771740309894
330.96026238941124,166.09969500321895,1.2829931505955756,7.141397203644738,0.1014149732887745,15.854496383666993,3.182768559455872,6.043627214431763,1.841615343093872,10.15868682861328,0.3551305890083313,0.9930099248886108,2.3029748439788817,1.471569538116455,3649.82177734375,98.46481552124024,459.0650848388672,185.7450134277344,620.62900390625,16.331083488464355,30.42484474182129,72.69479064941406,779.8619945526123,1332.3305737495425,14582.511280214789,0.2213702749169897,518.4933908741921,373.41479061990975,3.234933530818671,14.58431534692645
348.2482303544879,180.3674288530834,1.3894529337994754,7.289194787433371,0.1111302874982357,18.22237453460693,3.453836250305176,6.203571224212647,1.9382349967956545,10.715754985809326,0.3501573026180267,0.9926950931549072,2.381043863296509,1.546590900421143,4190.47958984375,106.89500045776369,471.4346984863281,195.37393798828128,654.3906921386719,16.516594696044923,30.442228317260746,75.92792663574218,802.0172834396362,1251.2267714977263,14177.730867314338,0.2335145742050372,548.8333234645427,373.3444772452116,3.22781194569543,14.484941592998805
336.22017395747827,188.79141762899235,1.7149897050112486,6.995387546578423,0.1159344732761383,16.28511276245117,3.6000919580459594,6.399048519134522,2.1331748485565187,11.853402805328368,0.4406317710876465,1.0045608401298525,2.3101619720458983,1.4827593326568604,3686.367822265625,111.42708053588868,486.5856109619141,214.78699645996093,724.236279296875,21.68715629577637,30.4379638671875,72.83400039672851,789.4712816238404,1178.558139228821,13887.755432653426,0.2453506307298084,515.952469297126,373.7197432935238,3.427120948769152,14.528739574179053
320.0375630809925,173.46661457940937,1.347964263893664,7.071576210390776,0.1040173880755901,15.445083522796631,3.130600190162659,6.112313938140869,1.846061611175537,10.176304912567138,0.3531063169240951,1.0062117457389832,2.390332984924316,1.4618121027946471,3499.466943359375,96.88877029418946,464.2700836181641,186.194938659668,621.8298706054687,16.47969455718994,30.424588203430176,75.56940231323242,797.0887005805969,1344.2545255661012,14918.702326023578,0.2279717112483922,510.47504990436136,373.5324453949928,3.2421307314187287,14.59578977264464
331.5939898815006,171.35809894558042,1.7696411445736886,7.54342736643739,0.1067454904317855,15.75230770111084,3.453403925895691,6.154194974899292,1.9051332354545596,10.511515522003174,0.4401283740997314,0.99403795003891,2.4953215599060057,1.4732037425041198,3658.0212158203126,106.88551025390623,467.4108337402344,192.0792984008789,642.3781982421875,21.82176113128662,30.492580604553225,80.51574020385742,795.7911027908325,1357.1423698425292,15135.809521365163,0.2299422279276768,523.9453328911216,373.2682486101985,3.4406582616269588,14.569307346642017
329.2957693427801,168.72903866562993,1.4817100528627634,7.264460157952271,0.1229412287473678,16.042620849609374,3.164032244682312,6.089663743972778,1.855665349960327,10.227320384979247,0.3716308921575546,0.9969012558460236,2.334067153930664,1.4642527103424072,3700.737182617188,97.83575439453124,462.7233123779297,187.1538345336914,625.0208557128906,17.792568016052247,30.417743492126466,74.25209121704101,794.0943977355957,1366.071780204773,15123.189348340034,0.2219259903838974,525.0037573140114,373.34122993946073,3.270664198230952,14.599408181756734
341.2796389691997,174.9352932382375,1.422969600558281,6.988774600857869,0.1177933908998966,17.4353910446167,3.553846025466919,6.214684677124024,1.9463438391685488,10.758024215698242,0.3881785303354263,0.9944115281105042,2.3647679805755617,1.5268008947372436,4013.777807617188,110.08572235107422,471.9422546386719,196.1763687133789,657.32333984375,18.37489776611328,30.429753875732423,74.22699127197265,800.8727802276611,1352.5319765090942,15067.46143671274,0.2346499456354649,543.7447925742715,373.1108028188348,3.264176167733967,14.504545006528495
334.84081486272623,179.90387201420964,1.347593692690134,6.116810887027532,0.1219657488167285,17.055530548095703,3.341444444656372,6.35989990234375,2.095584797859192,11.668119716644288,0.369222342967987,1.0080134868621826,2.1528998136520388,1.502985668182373,3845.017456054688,103.41070938110352,482.8170989990234,211.027653503418,712.0271179199219,17.234231758117676,30.46766662597656,64.45514678955078,777.6586647033691,1212.611940574646,14050.06730799675,0.2442710993433138,525.6275963872671,373.5549566119909,3.2389639649540185,14.519267580285668
349.79884998020714,177.6066474196501,1.5751440587453545,6.100939680915326,0.1178098000586032,18.21793117523193,3.4443134307861327,6.3003322124481205,2.061298060417175,11.442812728881837,0.3940687894821167,1.0042046070098878,1.9935343861579893,1.552339541912079,4212.75029296875,106.63909454345703,478.9902008056641,207.6314529418945,698.6721435546875,19.137945556640624,30.417102813720703,59.49724349975586,799.150679397583,1283.3127314567566,14399.364107358457,0.2377193198612076,552.3403537314385,373.0498798042536,3.3063162448816,14.4479403026402
329.1532168508158,169.1374759959057,1.7187713550403714,7.285048267478123,0.1007404744625091,16.72813262939453,3.3983589887619017,6.113768196105957,1.864737105369568,10.278796577453614,0.4286180049180984,1.0038622617721558,2.2762612104415894,1.5037835121154786,3833.456298828125,105.23238906860352,464.0473175048828,188.0601028442383,628.1848022460938,21.14077587127685,30.420555114746094,72.7786750793457,793.4107006072998,1388.4841004371642,15327.729691386225,0.2272137478677905,531.2938181679696,373.1948812648654,3.4079989376477897,14.542350418493152
330.17130070114507,170.9322882687673,1.5980357597582042,7.261661276128143,0.1316864892840385,16.737873077392578,3.327936720848084,6.081178617477417,1.8517163038253783,10.206363773345949,0.4208232492208481,0.9991618990898132,2.4255322217941284,1.4778421878814698,3873.573413085937,102.8811180114746,462.394155883789,186.76154479980468,623.6819274902343,20.41090221405029,30.486395835876465,77.32110366821288,803.6903383255005,1338.9318542957303,14993.979212880136,0.2171601495385403,534.6286917235702,373.3532976180315,3.3685026289895177,14.589511088840664
333.15137061891147,167.12763447780162,1.4330527077428996,6.203113002935424,0.119755957275629,16.089713859558106,3.448050880432129,6.104396390914917,1.8777702927589417,10.353696632385256,0.3635167002677917,0.9929043650627136,2.1052935838699343,1.4725862860679626,3711.3544921875,106.49060745239258,463.79913024902345,189.3531326293945,632.7886352539062,17.252398872375487,30.43109130859375,62.744387817382815,785.6505903244018,1393.5519802093506,15284.44085626602,0.2291101507711573,524.9418886080384,373.31572213470935,3.2598137401044367,14.584174776822328
336.59405195713043,172.68549655005336,1.3943067943677303,6.0156779490411285,0.1066329203546047,17.03499393463135,3.320214200019836,6.123712539672852,1.8840795516967772,10.42944622039795,0.3848718136548996,1.0079822421073914,2.108445167541504,1.509882569313049,3918.082080078125,102.39921188354492,464.8495788574219,189.94394226074215,636.8019897460938,18.115260124206543,30.43606185913086,62.57821235656738,805.9921093940735,1305.862993812561,14589.750950479509,0.2253345884673763,533.8404499094934,373.1149612694979,3.259542470611632,14.516509068198502
341.92044733744115,179.47912216791883,1.308973623998463,6.65358365252614,0.1351556718349456,17.827170181274415,3.507813096046448,6.23401517868042,1.9778598308563236,10.943884658813475,0.3406724959611892,1.005951166152954,2.201568675041199,1.5235819935798645,4121.3306640625,108.6559310913086,473.99744567871096,199.3275375366211,668.3948181152343,15.79802484512329,30.40719985961914,68.10324325561524,799.4524866104126,1301.9926656246184,14476.740855765343,0.2370419339757063,549.7552277997136,373.1813310623169,3.2153510629199444,14.499579484015705
310.8498206902179,169.68747331239285,1.5510358708910643,7.441085847187788,0.1018151961266994,16.305028343200682,3.189108204841614,5.992507791519165,1.8308526754379275,10.085310649871824,0.3794637709856033,0.9987844228744508,2.361516809463501,1.4840716600418091,3714.220654296875,98.78606567382812,455.3789123535156,184.6816940307617,616.3816101074219,18.3831241607666,30.42745590209961,75.83191223144532,791.203708076477,1362.2781080245973,14957.333776903151,0.2112183391116559,526.5942086599767,373.5989201202989,3.284781178086996,14.599369986355304
351.8294629876269,175.41360857021064,1.510227390751243,6.355815923120827,0.1091027483344078,17.044429206848143,3.642093992233277,6.242351293563843,1.9939738988876343,11.042085933685303,0.3747221589088439,1.0023319721221924,2.1071702241897583,1.5216123580932617,3950.357373046875,112.45564880371094,474.1255859375,200.9262710571289,674.3443420410156,18.05006694793701,30.45348644256592,63.972355651855466,800.5771677017212,1274.1696511268617,14329.786973166463,0.2361187356393202,535.9888661067932,373.1805928245186,3.2639924188144507,14.49248782545328
334.81643900834024,189.64854685273025,1.6973237776197494,7.331341881700792,0.1264608398079872,16.171307373046876,3.482048201560974,6.427398729324341,2.143931007385254,11.6935284614563,0.4489615321159362,0.9935751140117646,2.357109332084656,1.4738354682922363,3653.9318603515626,107.8887451171875,488.3260681152344,215.74501953125,721.2670776367188,22.01468448638916,30.442348098754884,75.25540008544922,792.5890580177307,1147.2131105422973,13792.513506293297,0.2450808140914887,513.422464042902,373.7816374823451,3.438283896166831,14.544516266696156
320.7098247358575,175.20952781084924,1.315950479917228,7.2480388500727715,0.1033999733626842,15.504125499725342,3.333418941497803,6.212909746170044,1.942322051525116,10.742366409301756,0.3351420611143112,0.9989875555038452,2.419144606590271,1.4583893537521362,3510.628857421875,102.7810287475586,471.5897552490234,195.7824859619141,655.9815795898437,15.549316024780271,30.46938133239746,77.04706039428712,783.472513961792,1265.1782454013824,14263.353739070892,0.2324966441636206,510.1676438570023,373.5771032422781,3.2273990985937417,14.581570688821376
318.6550509456545,175.17862194757907,1.3037427202798426,7.146782358083874,0.1094043649733066,15.555541801452636,3.1740514039993286,6.2535182476043705,1.9962451577186584,11.069339656829834,0.3411790192127227,1.001476168632507,2.4064337015151978,1.460945689678192,3499.857104492188,98.01023330688476,475.1870849609375,201.1449905395508,675.7450622558594,15.784663105010988,30.42075729370117,76.26230850219727,782.7702795028687,1236.8132611274718,14169.706429100035,0.2274942428251961,507.7430779058486,373.7314835265279,3.2261180789209902,14.573324453830718
330.9479975942057,176.8584638624452,1.385773799289018,6.247745838807896,0.1220232501626014,16.59699077606201,3.212862682342529,6.123224115371704,1.8798653483390808,10.381418895721437,0.3617374211549758,1.0105390548706057,2.064698314666748,1.470949137210846,3843.1887939453127,99.47399597167968,465.4887420654297,189.55587310791012,634.1188659667969,17.00896282196045,30.441652297973636,62.29384498596191,791.8072647094726,1302.978789806366,14453.582738351824,0.2220743742975173,532.1869796041399,373.3770886465907,3.251935855578631,14.580568345636127
338.01802535885946,174.4767543525435,1.3680706150829791,7.113394588651135,0.117495984584093,16.482145500183105,3.288118839263916,6.189817619323731,1.922078001499176,10.611326694488524,0.3608588755130767,0.9941830217838288,2.3167973518371583,1.489023005962372,3808.87548828125,101.63617935180665,470.3793426513672,193.7720199584961,648.2738708496094,16.915271377563478,30.4383150100708,73.13072052001954,794.2939650535584,1337.512920379639,14833.18071821928,0.2307864443777361,533.0751931644976,373.4202812641859,3.243513738643378,14.558188866637646
320.06837766645475,171.18860071888193,1.592977182753384,7.12205450469628,0.1209927499294281,16.388304138183592,3.117296433448792,6.114792251586914,1.861571514606476,10.271296310424804,0.4090456336736679,1.0087130069732666,2.2821441173553465,1.470712125301361,3717.6459228515614,96.24399337768554,464.8339874267578,187.74120330810547,627.3189392089844,19.85946273803711,30.476980209350582,72.47599716186524,783.1481649398804,1349.278241300583,14877.60874955654,0.2227929760076222,522.908287652582,373.54887991845607,3.34635692499578,14.600981400348246
333.80902025825344,166.82461190186442,1.719065062887967,7.3956087218597535,0.1074327856302261,16.598212814331056,3.214022660255432,6.13307466506958,1.8861600756645205,10.409221267700197,0.4124290108680725,0.9989068508148192,2.3874176263809206,1.4968566060066224,3827.9628662109376,99.36038208007812,465.9324920654297,190.19432220458984,635.8492370605469,20.39139003753662,30.46771812438965,76.61899337768554,794.7996108055115,1327.7085828781128,14835.660864269734,0.2205300919988076,532.4089036863297,373.4303901299834,3.378566641267389,14.561611490696668
340.6740385747049,170.80941449441016,1.5550120984204114,7.030538983503357,0.1074942089617252,17.180882072448732,3.483472943305969,6.151457738876343,1.925187361240387,10.641613388061524,0.3793088048696518,0.9956961274147034,2.4408806800842284,1.5226199269294738,3962.3462646484377,107.5930549621582,467.5422058105469,194.06892852783204,649.9978332519531,18.397645950317383,30.491260528564453,76.94159851074218,798.6054786682129,1290.308297586441,14433.981143116953,0.226292880771507,537.4995882846415,373.2255548968912,3.2794178613461558,14.51206295285374
339.6953758389689,176.45410018498077,1.5642629705369473,6.898729556263424,0.1077328734099865,17.269411849975587,3.4046218156814576,6.183882379531861,1.9437314510345456,10.763423919677734,0.4221659958362579,1.0077153086662292,2.2557764053344727,1.5217208385467529,3990.2509521484376,105.14361038208008,470.1244384765625,195.9129837036133,657.219287109375,20.36578025817871,30.454079246521,70.900244140625,794.7165767669678,1277.905222415924,14331.782319951057,0.2264571623411029,539.6656827151776,373.20418389588593,3.3609394121915104,14.503602681308983
341.1955356733873,178.0287335592322,1.4965746911242603,7.365152467554435,0.114195816963911,16.437356758117676,3.6080191373825072,6.255509996414185,2.0122466802597048,11.145415782928469,0.3792273998260498,0.9992617964744568,2.510211205482483,1.4840535402297974,3783.248315429688,111.73413009643556,475.5917205810547,202.7445266723633,680.6843811035156,18.20871238708496,30.47375869750977,80.50110473632813,781.0206267356873,1324.6740618705749,14592.65903532505,0.2442857090427423,526.3960685439408,373.28862616717817,3.270383997168392,14.53722673971206
334.8926747359801,173.5878447908908,1.4086181637831032,6.509015749720857,0.126623697578907,16.035903549194337,3.4536152839660645,6.100408506393433,1.8536478638648988,10.215664672851563,0.3539474457502365,0.9965885519981384,2.2501211643218992,1.4717398762702942,3721.7480224609376,106.84253234863282,463.6909698486328,186.94906768798828,624.3746459960937,16.726988792419434,30.41720027923584,68.53715896606445,784.7524564743042,1397.5143655776978,15260.47915840149,0.2361196208192268,528.8899865813553,373.3287522420287,3.2509835680015384,14.58858842998743
304.1160724435002,156.98931719679385,1.6665289632044733,6.962012653797865,0.1054290063679218,15.23032569885254,2.931163573265076,5.445400667190552,1.8252103686332704,10.102014636993408,0.44042289853096,1.0054571628570557,2.38222291469574,1.4446923851966855,3510.157958984375,90.4643180847168,413.9696441650391,184.1155868530273,616.7082397460938,21.513996124267575,30.407686233520508,74.34652557373047,756.4857942581177,1407.7430924892426,15070.867002415656,0.1793900406686589,528.0649657588452,376.0487972870469,3.4234182741492987,14.853922255337238
336.46284249112944,179.42468307763338,1.4268231062218546,7.069807610893622,0.1188026890158653,17.41399574279785,3.4026703119277952,6.198500442504883,1.945280122756958,10.762774753570556,0.3674284338951111,1.0049314498901367,2.248230242729187,1.5147715210914612,3962.525659179688,105.0757553100586,471.22486572265626,196.07035064697263,657.2691650390625,17.42882709503174,30.42418098449707,71.17483673095703,802.8803979873658,1271.285878658295,14328.066136395932,0.2315995350421872,535.5393042556941,373.2505862161517,3.2514305573888125,14.51524638608098
346.649541170802,192.4241181686521,1.3700486215762795,6.602955626696348,0.1222342848777771,18.42999782562256,3.7150772333145134,6.441359615325927,2.157543897628784,11.98606300354004,0.3702888190746307,0.9908400177955629,2.272617650032044,1.5546735286712647,4149.615087890625,114.820694732666,489.7714935302735,217.2295120239258,732.0185729980469,17.38634548187256,30.43292236328125,69.73760757446288,800.6758287429809,1176.3053578853608,13887.555228614809,0.2722472295325133,540.0271166451275,373.3603813603521,3.230142349842936,14.44987539704889
325.7320586308604,170.06474853018298,1.3925831170752645,6.752648456883617,0.1023179784417152,16.27861557006836,3.246000957489014,6.104273462295533,1.8832525849342343,10.420173835754394,0.3505044192075729,0.9978451430797576,2.298546838760376,1.486870777606964,3748.2407958984377,100.59472351074218,463.9864898681641,189.8638122558594,636.2952453613282,16.520382499694826,30.46463565826416,71.30012741088868,790.7654547691345,1331.119562292099,14649.919808125496,0.2214570400028606,527.6938909932971,373.1002956032753,3.242850529681891,14.54959274660796
319.2039943091571,166.87215301925318,1.6746941739693284,7.797843919578009,0.1006734073162078,15.499206924438475,3.112516736984253,5.77892918586731,1.860068666934967,10.268676853179931,0.4207023859024048,0.9934958934783936,2.487981843948364,1.4563480496406556,3562.9530517578123,96.01415100097655,439.2679107666016,187.59840545654296,627.4221923828125,20.63594188690185,30.465804862976075,80.79867324829101,748.0199995040894,1375.9558299779892,14866.673022413252,0.2242354863614309,520.8145989120006,375.8366741850972,3.389308459218592,14.762299241311847
343.42113118013367,175.3666179592721,1.5575108559802175,7.030118273897097,0.1057946242392063,17.181454849243163,3.532193756103516,6.236738967895508,1.9970220923423767,11.06488494873047,0.4186233967542648,1.0031535625457764,2.424017310142517,1.515412163734436,3947.277612304688,109.42023620605468,474.1028106689453,201.22205200195316,675.6471618652344,20.183746337890625,30.456403732299805,76.58181686401367,787.5722467422486,1284.7295612812045,14353.216722154615,0.239254816333414,533.6162229090929,373.439952275157,3.3530293801799416,14.50569455679506
320.19600962861443,177.9138431961648,1.7477525978349149,6.224793146084994,0.1212064653635025,16.56180477142334,3.196845865249634,6.155571365356446,1.9002102851867675,10.47186737060547,0.4183713465929031,0.993766748905182,2.07286536693573,1.4814510345458984,3762.08291015625,98.84714126586914,468.0140655517578,191.617204284668,640.0059631347656,20.748615646362303,30.46683006286621,62.10399475097656,794.2912322044373,1386.9641247749328,15253.907025146484,0.2270722648085211,527.155760871619,373.2488883063197,3.395322627853602,14.564851008355618
324.1122793665621,185.3297814084217,1.4483703998848796,6.503143885312602,0.105483740568161,16.122964668273926,3.304240918159485,6.335037279129028,2.057184648513794,11.418981266021728,0.3967504203319549,0.9946685433387756,2.264603519439697,1.4803305745124815,3619.44267578125,102.3147232055664,481.4031494140625,207.2195709228516,697.1552185058594,18.837211418151856,30.43263435363769,69.01848526000977,782.3567074775696,1214.329878616333,14026.694918060302,0.2396316825441317,513.2779607631267,373.6579217910767,3.2884805884212254,14.539525567181409
322.6131873599021,164.46385795967657,1.6658738473430277,7.527698733285069,0.0970189079642295,16.25978240966797,3.145537090301514,5.889869213104248,1.8332260727882383,10.09864559173584,0.4167345404624939,1.0043991804122925,2.443590259552002,1.4796133160591125,3757.0543701171873,97.47100143432615,447.68138122558594,184.91949462890625,617.1953308105469,20.43010234832764,30.44220352172852,78.92257919311524,789.928236579895,1358.0244915008543,14997.732332098483,0.2131428836575651,528.0924083292484,373.6660935819149,3.3783815909177064,14.627933426573872
336.4852908776608,174.67836408801378,1.6149418082088232,7.603624998684973,0.1271298497915268,16.793022537231444,3.489837718009949,6.160534381866455,1.905431044101715,10.508199119567871,0.4161390990018844,0.9958924651145936,2.4652429819107056,1.492365837097168,3875.37451171875,107.72400207519532,468.2830108642578,192.1106750488281,642.2599304199218,20.2537109375,30.427778244018555,79.74183502197266,796.5331441879273,1347.3966601371765,15017.994811987875,0.2315706926761777,535.9063590798527,373.4511407241225,3.362488490436226,14.561296024546028
322.8035791772418,172.6251901457086,1.784891206026077,6.383859653305263,0.1094110257923603,15.688849925994871,3.252352261543274,6.198631668090821,1.9503322839736936,10.791366291046142,0.4283884584903717,0.9963057041168212,2.0591131687164306,1.455885720252991,3565.575439453125,100.7660026550293,470.5002410888672,196.5788162231445,659.0788757324219,21.317838859558105,30.41792869567871,62.2247859954834,787.2806661605835,1282.8600704193116,14403.074167966844,0.2242963043725467,512.8954759024084,373.6267791062593,3.422596853971481,14.577820659056306
315.4077021855395,181.57682123482223,1.4650882012210786,6.388135938206688,0.1047275878489017,15.441169166564942,3.3535235643386843,6.263569211959839,2.008949565887451,11.125189781188965,0.3858444839715957,1.0041433572769165,2.016103959083557,1.4626205086708068,3478.2314453125,103.77780838012696,476.02817993164064,202.42086334228517,679.4791625976562,18.404747009277344,30.414640426635746,61.21862144470215,790.1061555862427,1299.185639667511,14454.376608276369,0.2337971892950008,510.05413897000255,373.2916510745883,3.27472474379465,14.547001630440354
321.3957765848842,169.3966672455892,1.6342740940861404,6.071832780633121,0.1078701898455619,16.40643939971924,3.096176195144653,5.901334285736084,1.8252636671066285,10.063728523254394,0.4009014725685119,0.9934608340263368,2.13381233215332,1.4767927050590517,3802.87646484375,95.58486938476562,448.131478881836,184.1056579589844,615.0009948730469,19.60885944366455,30.45935688018799,63.057562255859374,792.2127196311951,1362.7186012268066,14957.616757500173,0.2136112866719486,529.8993056412786,373.3976539283991,3.3427633825689558,14.62721647657454
347.0280593157746,182.71096727643163,1.5570836967788635,7.444500732701272,0.1118657410144805,17.01139430999756,3.601493167877197,6.285918807983398,2.034819507598877,11.28266201019287,0.3953263700008392,1.0032602548599243,2.346953511238098,1.5099790453910829,3916.89248046875,111.02569885253908,477.8194213867188,204.99317779541016,688.9121398925781,19.13161697387695,30.468530654907227,75.72460861206055,805.2683562278747,1250.7273568153382,14243.197535204888,0.2373346257038065,534.0746868807822,373.2209101140499,3.3093678400851787,14.501220934279264
320.66368427700365,177.9338033198379,1.6337670504115522,7.20387640283443,0.112599167227745,15.764185905456545,3.16942629814148,6.219025802612305,1.9679709792137143,10.895798301696775,0.4226322084665298,0.9938931107521056,2.407698726654053,1.4673988342285156,3563.941870117188,97.8125,472.6138397216797,198.3322036743164,665.3716369628906,20.607151985168457,30.4182071685791,76.3047981262207,778.0452325820922,1293.6245357990265,14425.243583083153,0.2337665169863612,513.5166196156293,373.5490923762321,3.3791893887333573,14.559875385649502
336.77403434352016,177.02495738808065,1.4502103972248732,6.231813821871765,0.1022555530071258,17.04645881652832,3.4553883552551268,6.282793235778809,2.0300364971160887,11.24578800201416,0.3675919592380524,1.007835066318512,2.151070070266724,1.5173606753349305,3867.62958984375,106.89684600830078,477.2014434814453,204.54241027832032,686.7396606445312,17.520808219909668,30.416013145446776,64.85877380371093,787.3317007064819,1282.2256503105164,14386.285565757751,0.2398695009134826,529.3898937359452,373.3966249406338,3.2510091345757246,14.493297588638962
324.2766853168141,173.57976915324107,1.3989067573100329,7.385095966048539,0.1165371403098106,15.958473777770996,3.2987122774124145,6.108061647415161,1.8675796389579773,10.308470726013184,0.3718174874782562,0.9965444564819336,2.43511221408844,1.465971326828003,3626.471533203125,101.89353103637696,464.1824920654297,188.33136596679688,629.6981018066406,17.51955966949463,30.425987243652344,77.9373062133789,794.0850826263428,1313.586307811737,14588.368583381176,0.2257583118436741,515.9903998337686,373.3956636145711,3.259366856329143,14.582614841498437
336.41900020192844,170.79360549580306,1.366347909066826,6.9856764723546805,0.1050901353359222,16.836620903015138,3.3824405670166016,6.1792210102081295,1.9129385828971863,10.561612129211426,0.3478363543748856,1.0018212795257568,2.253500890731812,1.5103697896003725,3887.270654296875,104.69246444702148,469.2843170166016,192.85834808349608,645.3276062011719,16.320773887634278,30.42352294921875,70.89659729003907,786.0263442993164,1375.1392376422882,15099.772211956975,0.2314176249172305,536.2187210265547,373.3914726167917,3.2300091050565243,14.531562208011746
330.6853853901848,165.29589021801948,1.3132960413582624,7.310758012346923,0.1047492377460002,16.624092483520506,3.284960174560547,6.084696483612061,1.8577324986457824,10.251414585113526,0.3428008198738098,0.9970088720321656,2.440754699707031,1.5023530840873718,3849.951049804688,101.4876319885254,462.241650390625,187.3344985961914,626.4115966796875,15.89614496231079,30.449556350708008,77.93821487426757,789.4949637413025,1374.8967287540436,15104.385017478466,0.2241306880241609,534.8570130836218,373.2561087876558,3.225975641235709,14.553410285525024
331.79803261347115,180.50319010205567,1.5025069854222235,6.755190785927698,0.118614699691534,16.11559066772461,3.27728111743927,6.382423782348633,2.132911372184753,11.85473403930664,0.3791798204183578,0.9928207397460938,2.24888973236084,1.474771046638489,3644.9779052734375,101.40607604980468,484.557861328125,214.74947509765624,724.2956420898438,18.228188133239748,30.46678924560547,69.66398696899414,783.8975087165833,1192.497220993042,13950.875360631942,0.2376281483651837,513.6344934079796,373.65875275582073,3.269680595304817,14.539691891148689
340.6191270506941,175.72906362796203,1.4951724583283066,6.577267514052801,0.1125410333275795,16.813379287719727,3.324084615707397,6.2468705654144285,2.0047111749649047,11.098776721954346,0.377326112985611,1.0105056762695312,2.1835824728012083,1.5075652241706847,3847.683422851562,102.9459098815918,474.9126586914063,201.99920806884765,677.8526977539062,18.120479774475097,30.460289001464844,67.45670089721679,800.1091086387635,1292.2002629280091,14475.802315354347,0.2338667017538682,530.0222911939024,373.2188433721661,3.26561115719378,14.50689523294568
346.6845988244284,182.3218552339822,1.4062500967644156,6.791796651855111,0.1196079112589359,17.09008197784424,3.478430485725403,6.272481966018677,2.0010510206222536,11.087777709960935,0.3844713747501373,1.0126369833946227,2.2919726610183715,1.5170039892196656,3954.1333740234377,107.64680557250976,476.5054626464844,201.62635345458983,677.0389770507812,18.1499626159668,30.45635986328125,71.77131881713868,807.4635256767273,1258.57587890625,14251.089867341518,0.2325192901480477,539.6695870488882,373.2178290590644,3.2555291495285927,14.495398058742284
328.636768707959,163.9698457699269,1.678502245247364,6.355272869067266,0.1197532959282398,17.168475723266603,3.2825876474380493,6.069465923309326,1.8372982144355772,10.127607536315915,0.4439243376255035,1.001755940914154,2.174102258682251,1.4973820090293883,3948.0392578125,101.30204315185549,460.7838989257813,185.32422943115236,618.7486755371094,21.720951271057128,30.450931549072266,65.82073440551758,779.7473402023315,1352.3358380317688,14927.99467908144,0.2190416440440458,539.1340126622468,373.49375029355286,3.4273399195633827,14.58125283755362
344.5562394708395,177.23197699654847,1.3585297723300755,7.369891758589074,0.1269079342484474,17.529857063293456,3.4702920436859133,6.301649284362793,2.0275973320007323,11.226624679565427,0.3484504550695419,0.99582736492157,2.356784296035767,1.518783485889435,4014.521337890625,107.1568603515625,478.7158874511719,204.2889663696289,685.5577697753906,16.3291898727417,30.477480316162108,75.56632614135742,806.0104154586792,1312.5143565177918,14749.136553454398,0.237875125039136,541.8356264118105,373.3164999857545,3.2247787587344647,14.511250796541573
340.7610865452327,174.17731283474714,1.7569621009752154,7.27187180891633,0.1168109089136123,16.102978706359863,3.5528886556625365,6.257724189758301,2.0256993055343626,11.227175903320312,0.4289694309234619,0.9945926070213318,2.285179615020752,1.466215872764587,3738.8599853515625,110.06946868896485,475.5067901611328,204.08753051757813,685.6354125976562,21.26790542602539,30.425397872924805,72.72068939208984,793.4777465820313,1269.9292660713195,14362.701116216183,0.2309628555638482,525.8050220292062,373.5115273758769,3.416731945425272,14.55604275316
331.467012647097,175.77931046225132,1.3226437299512326,7.41475644921884,0.1059980891644954,17.27772674560547,3.3090919494628905,6.265005016326905,2.0008252620697022,11.095955562591552,0.3674182951450347,1.0076850533485413,2.441639471054077,1.51676265001297,3920.91904296875,102.29582824707032,475.6468292236328,201.60655212402344,677.3058410644531,17.061229515075684,30.4283390045166,78.75045318603516,785.6536237716675,1255.825246143341,14183.738493728635,0.2327672070212429,531.0102248482406,373.398544035852,3.232988055609167,14.503869356215
330.0327737292275,172.58666036762298,1.52903648968786,6.154696281673386,0.1146315321326255,16.510993003845215,3.217139887809753,6.117896652221679,1.8608344435691837,10.26419668197632,0.3979521721601486,1.0086944699287417,2.032142281532288,1.4811304092407227,3792.633325195312,99.60617294311524,464.9390167236328,187.6608337402344,627.1974487304688,19.15494327545166,30.462265396118163,60.90868911743164,781.2988645553589,1374.746680212021,15083.794288516045,0.2288814152096165,530.1819830827415,373.50938500911,3.311832918133587,14.585072604194284
322.5951849576319,175.9011223967187,1.696910908538848,7.15086846165359,0.0996612526476383,16.15127029418945,3.3371381044387816,6.214917469024658,1.942408919334412,10.724337005615237,0.419309189915657,0.9943000674247742,2.3704525232315063,1.4850916028022767,3657.75947265625,103.3798812866211,472.4205017089844,195.824430847168,655.2219116210938,20.64664077758789,30.42350597381592,74.99825668334961,789.3558952331543,1345.962305164337,14888.438049709795,0.2329083017772063,520.6533502750099,373.38933334648607,3.386167245171964,14.548993779532612
331.51477099633775,171.9869301179424,1.7747954880818724,6.897576154069975,0.1074450507760047,16.58832721710205,3.1843421697616576,6.100645399093628,1.8629248142242432,10.284066200256348,0.4279396712779998,1.0072712898254397,2.221856451034546,1.4874197959899902,3837.7718994140623,98.27563171386718,463.216455078125,187.8673599243164,628.2064819335938,21.26953468322754,30.46366500854492,69.73465576171876,790.854940032959,1302.8965814590454,14504.24689196348,0.2220236447654315,531.4991222742945,373.3419782474637,3.419133858475834,14.562569223530591
329.39878229391763,180.0497453428805,1.367556134331971,6.808557037170976,0.1100718505680561,16.0502046585083,3.36841299533844,6.241117572784424,1.9704612016677856,10.910563373565674,0.3498601406812668,0.9955921173095704,2.2465404987335207,1.4793033361434935,3644.8974609375,104.20033493041991,473.85841064453126,198.58219451904296,666.2918701171875,16.4096887588501,30.444435119628903,69.80411071777344,793.7662505149841,1271.678693151474,14308.8844979167,0.233552789708483,518.4435027137399,373.483658079803,3.236564817186445,14.546130489185453
353.8047379320953,181.21038609165697,1.2529280200600623,6.6652169832028445,0.1291703894734382,18.056129455566406,3.640435743331909,6.260797882080079,1.990745151042938,11.050001621246338,0.3546919226646423,0.9909936189651488,2.2271191835403443,1.535451304912567,4152.173291015625,112.56809310913086,475.8968170166016,200.59332885742188,674.2337524414063,16.226916122436524,30.41974830627441,68.50254745483399,799.8190762519837,1221.558130979538,14053.47904253006,0.2368839462651522,543.9125918656588,373.32673852443696,3.211135317478329,14.492894364520907
310.5182666106848,163.07443663068116,1.417864677682519,6.404775571543723,0.0989448949694633,15.141763591766358,3.003975248336792,5.871270751953125,1.8543102264404296,10.323708629608154,0.3612915515899658,0.9900677621364592,2.1901092290878297,1.4470207810401916,3425.57880859375,92.96509857177736,445.8607574462891,186.92891845703124,631.7131042480469,17.085093688964843,30.422350311279292,65.79797286987305,745.5363082885742,1373.896380662918,14983.639020240307,0.2435711862286552,513.5425794221461,375.8048817232251,3.2648908558301626,14.748588387295603
348.8283796230564,173.77779665458948,1.6802508687600493,6.152886800188571,0.1055621556937694,17.729047775268555,3.590503692626953,6.235079336166382,1.9904526472091677,11.02302541732788,0.418732613325119,0.9952081441879272,2.0872376918792725,1.5378936171531676,4086.45634765625,110.84453048706057,473.6880523681641,200.5724838256836,673.1707641601563,20.57490768432617,30.42209815979004,62.20144920349121,789.0996946334839,1285.2908051490783,14356.701137351987,0.2391263224795693,541.410683265701,373.3010698407888,3.379249639809132,14.479691190831364
314.8779151749797,161.47729665171354,1.6050099501386286,7.448021643725224,0.1117379836738109,15.559135246276856,3.063513493537903,5.719756984710694,1.8563443541526796,10.23545265197754,0.3912490993738174,0.9931574881076812,2.417111134529114,1.450769805908203,3574.383447265625,94.69862518310546,434.3276885986328,187.2254653930664,625.5532409667969,19.074846076965333,30.42909679412842,77.1396270751953,746.0705875396728,1404.375135433674,15004.046259856224,0.1874509360903175,527.5943888932467,375.838947853446,3.321997558511794,14.78586653675884
332.2569180521183,176.29450257429852,1.6458029925823212,7.193437956739217,0.1050632707774639,17.127098846435548,3.356496715545654,6.126871013641358,1.8747374773025516,10.333951663970948,0.4253599286079407,1.0027188777923584,2.358823800086975,1.516861295700073,3906.5338134765625,103.93124771118164,465.8626220703125,189.04319763183597,631.6234130859375,20.77144718170166,30.442827033996583,75.09864959716796,805.8111960411072,1359.4124404907227,15128.521707963944,0.2265517136984272,532.3267372909934,373.21727858781816,3.3855079961940646,14.52093706689775
341.5271655125078,179.84465521555393,1.3443955613300205,6.677880541025661,0.1153872705996036,17.306842231750487,3.355810856819153,6.206711626052856,1.9357150316238405,10.711230087280274,0.3441493600606918,1.0063339471817017,2.198466849327088,1.520498847961426,3978.365405273437,103.65564651489258,471.3288909912109,195.115673828125,654.0818481445312,16.08012809753418,30.409353256225582,68.11888046264649,795.376858329773,1283.599064731598,14317.690609252451,0.2337840446911286,537.292899568379,373.1902885884047,3.222465393133461,14.501983586139977
345.48130888487213,184.9009563634172,1.532007167302072,6.181337064364925,0.1295162960886955,17.755636405944824,3.621245503425598,6.394754886627197,2.1220155477523805,11.753580474853516,0.3941468089818954,1.0082167983055117,1.9696938157081605,1.517980420589447,4033.076953125,111.70090713500976,485.6366424560547,213.67743835449215,719.7318969726563,19.00261344909668,30.42790126800537,59.18373184204101,784.8090950965882,1184.5165827274325,13890.353897750378,0.2513839064311469,534.3389993399381,373.7208467617631,3.299863380659372,14.504560410231353
335.45395237966443,173.98804902071134,1.4164627148769795,7.06348895453848,0.1175321713089943,15.964781665802002,3.395691585540772,6.175410318374634,1.911879575252533,10.555881881713868,0.3735760599374771,1.002040684223175,2.2902668952941894,1.4679857611656189,3697.803881835937,105.0380760192871,469.4244720458984,192.75097198486327,645.0207336425781,17.66603603363037,30.4636323928833,72.3326026916504,789.3101755142212,1370.6580698013306,15131.757815396786,0.2331889680121094,526.3245253030211,373.4564168184996,3.260780598502606,14.585524418763816
328.9085253314115,185.04241720130668,1.4863710240460932,7.47738472558558,0.1322044417262077,16.509123039245605,3.4873520612716677,6.310480356216431,2.0402161121368407,11.310104179382323,0.371658456325531,1.0000410079956057,2.462873697280884,1.482356703281403,3731.222534179688,107.94372024536132,479.8049743652344,205.5313522338867,690.7119812011719,17.82022476196289,30.48676300048828,79.42513046264648,784.1066805839539,1262.8518357276917,14275.182367384434,0.241919203143334,522.3680588755757,373.490606443584,3.264447318390012,14.548617527075113
353.50854429081085,191.74921156596392,1.351527093630284,6.700093387230299,0.1238794341683387,17.42660789489746,3.758379459381104,6.453651809692383,2.177876877784729,12.066598701477051,0.3539978384971619,1.0022088885307312,2.298891568183899,1.5254578590393066,3960.65234375,116.38994979858398,490.5750762939453,218.7795669555664,737.139306640625,16.54837284088135,30.44585628509521,71.26653289794922,810.9442441940307,1131.943347644806,13676.069543886184,0.2714319880935363,529.4608903905377,373.1835661634803,3.219393339194357,14.466353557258843
340.4486770850141,178.42749380115418,1.5694066064432264,7.46329631768167,0.1176171772181987,17.75676498413086,3.61283540725708,6.211756658554077,1.9703981041908265,10.908004760742188,0.3834783107042313,1.0012946128845217,2.427677583694458,1.535023033618927,4068.615014648437,111.92064819335936,472.2807281494141,198.57484283447263,666.1223937988282,18.633445739746094,30.453107833862305,78.35394287109375,804.0523533821106,1299.241337013245,14537.887602722643,0.2350549821465392,544.536095315218,372.9778496712446,3.288436284009367,14.481482568010687
342.1289709692355,175.9077946888283,1.5815954173915088,7.352017691265791,0.1213326886296272,16.599427223205566,3.550938415527344,6.2976462841033936,2.0481471538543703,11.37105484008789,0.3839879870414734,0.997717559337616,2.4197975635528564,1.4836686372756958,3813.9626953125,109.7857452392578,478.44549865722655,206.32013702392575,694.1013793945312,18.68649826049805,30.43467712402344,77.45295181274415,790.1769701957703,1247.7613973140717,14209.081010377407,0.234871974705311,525.1133296031505,373.4219243735075,3.295844558440149,14.537385666184129
320.1360235660337,166.51846383009106,1.5332975581288335,6.612151155294851,0.1096531011164188,15.403310585021972,3.2284221410751344,6.104751920700073,1.8877214789390564,10.415940856933592,0.4089589715003967,0.9983516931533812,2.1028852462768555,1.444525170326233,3536.922705078125,99.57239303588868,463.9673675537109,190.34717712402343,636.4759643554687,19.661207008361817,30.439085006713867,64.55009155273437,792.9730344772339,1376.7024746894836,15224.21668572426,0.2212307767666061,514.7664104510098,373.3468231528997,3.3344455608166754,14.60981473363936
327.6918520228006,181.54186724256724,1.4239469949156045,6.130045174760744,0.1073217742145061,17.32116107940674,3.482608962059021,6.284062051773072,1.9953819632530208,11.051954746246338,0.3747115522623062,1.0036011934280396,2.134536957740784,1.5210756540298462,3901.2129150390624,107.66346740722656,477.0577331542969,201.06816711425785,674.8985961914062,17.763661575317382,30.42722511291504,63.75399169921875,793.6452787399292,1253.3767746448516,14181.41963969469,0.2349672747979639,531.0896103236825,373.3401961639523,3.251059555262328,14.4988606819883
329.5010434704367,171.04693489521742,1.3090483212843538,7.132810770673677,0.1210753686726093,15.714598846435546,3.463411903381348,6.114326858520508,1.8826684951782229,10.401871013641358,0.3511707425117493,0.9978307247161864,2.2743049383163454,1.447817897796631,3622.9004150390624,106.74071731567383,464.4749786376953,189.81531829833983,635.3717529296875,16.244249534606933,30.45981388092041,71.95549545288085,786.3820384979248,1330.9098190784457,14656.36265499592,0.2274706477706786,518.1198711480945,373.27508033812046,3.2398390443064278,14.601240654662252
327.8487991055939,175.46956258062272,1.4575195825658738,7.138802586263045,0.1084753736853599,15.852125072479248,3.3419219493865966,6.128594398498535,1.8709024429321288,10.314642238616944,0.3669928342103958,1.0039894938468934,2.3110374450683597,1.4671237230300904,3664.50283203125,103.51830444335936,465.422494506836,188.67423095703128,630.3730895996093,17.497493743896484,30.469742393493654,73.35036163330078,791.8240225791931,1404.442286682129,15349.114680099488,0.2329798240272794,525.1770726799965,373.1073620826006,3.2639852398075164,14.578252954781057
338.23317771176806,175.78714012093843,1.4610103226266802,6.110341015830636,0.107568585127592,16.512954330444337,3.3679261684417723,6.223684978485108,1.973358690738678,10.933585739135742,0.36667400598526,0.9987640380859376,2.082705092430115,1.4944333910942078,3824.6936767578127,104.29577941894532,473.0512268066406,198.86585540771483,667.5227661132812,17.505613136291505,30.416654586791992,61.88747177124024,790.2868631362915,1272.9108488559723,14241.908102464677,0.2264529141742969,529.4789598748088,373.428145813942,3.257094298955053,14.527659741044044
333.7094697521068,170.67682124506683,1.7298214905895293,6.050409143092111,0.1063720114529132,16.985359382629394,3.4559033870697022,6.167462682723999,1.9016841769218444,10.547911357879638,0.4309483408927917,1.0087570667266843,2.13218367099762,1.51154865026474,3936.431762695313,106.67177200317384,468.5193756103516,191.74278869628907,643.4551208496093,21.28267974853516,30.45930500030517,63.50922088623047,801.018423652649,1306.5294659614565,14657.416244912149,0.2192609277568408,540.5133965414018,373.411383010447,3.413651692122221,14.53830387443304
334.193746429123,170.2068433733657,1.7865317763760686,7.254567044554278,0.1163669772446155,16.54561824798584,3.2183956623077394,6.051248836517334,1.824621891975403,10.050429725646971,0.4322431355714798,1.0113807916641235,2.4268346548080446,1.4853553295135498,3836.923681640625,99.60916671752928,459.55311584472656,184.06163940429687,614.2439636230469,21.502775192260746,30.458105087280277,77.67913818359375,793.4101819992065,1403.593888950348,15457.10104444027,0.2268389325530733,532.689420003444,373.1211507424712,3.4298175770789383,14.575716825574636
337.25739083022347,173.84486606009304,1.2877198551781477,7.626508920639753,0.1071373425424098,16.051233291625977,3.282577562332153,6.131998491287232,1.859337830543518,10.250231456756593,0.3578470140695572,0.9925836324691772,2.4498202562332154,1.4897173166275024,3724.9292724609377,101.5266731262207,465.4126831054688,187.51583404541012,626.3841613769531,16.481320571899413,30.44310569763184,79.25690689086915,804.81778383255,1340.8173022270205,14892.562305438518,0.3065970568481134,527.7666285347193,373.2748029619455,3.231158400885761,14.554538319446149
336.3000001067296,169.77360610496254,1.4633661423809827,6.973822041507811,0.101261206716299,17.015359497070314,3.264230227470398,6.16132755279541,1.892618668079376,10.460530090332032,0.3699826061725616,1.0027256727218627,2.306559348106384,1.5088235497474671,3890.4300048828127,101.01197052001952,467.81642456054686,190.84322204589844,638.5245544433594,17.66810836791992,30.425784873962403,72.54249572753906,799.6095832824707,1325.6085203170776,14751.649063456058,0.412888093633228,531.5186651099473,373.3988235339522,3.259229704644531,14.540265927277506
343.34247351959345,185.7706496220082,1.465776084922254,5.981907848478295,0.1148699812591075,16.743352699279786,3.505959630012512,6.331557846069336,2.0428140640258787,11.331326961517334,0.387713673710823,1.0040887355804444,2.133028244972229,1.509134304523468,3838.4213134765614,108.12698211669922,480.7916809082032,205.85239868164064,691.4668884277344,18.498463249206544,30.4705509185791,63.21227836608887,810.5560410499572,1207.6700261116027,13986.414062941074,0.2360676407843129,530.2638279620558,373.41193064898255,3.273122133873403,14.501681421138349
322.55578711284323,184.17964656502008,1.6344618857838211,6.992536895908415,0.1117647856473922,15.88667402267456,3.4484655618667603,6.395876836776734,2.1327040672302244,11.862628555297851,0.3992465734481811,0.9926377773284912,2.323486590385437,1.4693236351013184,3562.492260742188,106.4401641845703,485.8615905761719,214.75796813964843,724.1158874511718,19.540591621398924,30.434038162231445,72.83755645751953,759.1683767318725,1251.8188267707824,14251.731830716131,0.2513286283327033,509.1999961309135,373.5657371684909,3.335477286763489,14.540542508102954
319.31911175502466,166.736938203685,1.4357824860140682,6.373893208522349,0.1250002577900886,15.941672992706298,3.1129247426986693,6.090821743011475,1.8551949858665464,10.22541913986206,0.3571414887905121,0.9978984773159028,2.2085160970687867,1.4563598394393922,3641.9723876953126,96.2357780456543,462.49847412109375,187.10863800048827,624.9125732421875,16.960756683349608,30.44931564331055,66.79382934570313,784.9843141555787,1377.357072353363,15103.84124996662,0.2205240577924996,520.5875142138451,373.4582452461124,3.259167758561671,14.612422492913902
318.0055775765795,175.5554739234969,1.508312269113958,7.320924963522702,0.1201702877879142,16.08676643371582,3.144581151008606,6.146669816970825,1.8728205800056457,10.397505760192873,0.3717711150646209,0.9964552521705629,2.33677191734314,1.4632744550704957,3662.12275390625,97.43525009155272,467.3429565429688,188.91651916503903,634.1086791992187,17.887833404541016,30.4751392364502,74.61582260131836,793.6320644378662,1324.1412600517274,14672.908981096743,0.2214504138246411,522.534562567994,373.53737895041706,3.272395413927734,14.601147123798729
348.38024668130095,178.9587385797873,1.3112287556752562,6.313452616566792,0.1070875480771064,16.616232490539552,3.682126593589783,6.326663637161255,2.105048155784607,11.683008193969728,0.3593441277742386,0.9913129687309266,2.0872692584991457,1.5143158912658692,3819.48740234375,114.0751091003418,480.85986328125,211.99616394042968,713.5456420898438,16.657316207885742,30.434181213378903,62.8399471282959,805.5447310447693,1289.0558045864104,14511.02554870844,0.2447423146935761,530.629928194359,372.95264392346144,3.2235785579308867,14.471442703530192
317.6128181680571,179.22607149686664,1.5593894928693772,6.983762919949368,0.1027682095766067,16.334705924987794,3.2133119344711303,6.243910932540894,1.9778433442115784,10.957373237609865,0.4039806813001633,0.9971340894699096,2.403049159049988,1.488080585002899,3655.337890625,99.20393829345704,474.70009460449216,199.3118103027344,668.947607421875,19.526519966125488,30.42984390258789,75.42091751098633,766.1307415008545,1253.6261547088625,14181.284731268885,0.2284749201658996,515.4614401325583,373.62372644096615,3.3281775998882948,14.544970835372805
312.0901866322849,169.1552090398036,1.642710333969444,7.284128077491187,0.1046922624111175,16.116314506530763,3.149113965034485,6.178233480453491,1.9274176836013797,10.65937547683716,0.4282171994447708,0.9972270250320434,2.440027499198913,1.4749360799789428,3617.326049804688,97.54093704223632,469.66163024902346,194.29471893310543,650.8845886230469,20.889847373962404,30.468468856811523,77.81170425415038,779.3913660049438,1346.460838842392,14899.593032550812,0.2244113818916958,517.3669053409249,373.4678628012538,3.3913812935352325,14.57275783251971
337.9236149426084,180.2272293042392,1.3880861706100405,7.353496212139726,0.1080414190888404,16.40595188140869,3.4133797883987427,6.373093795776367,2.114732813835144,11.744688415527344,0.3758365452289581,0.9983572721481324,2.400852608680725,1.499082088470459,3737.0158447265626,105.25522842407229,483.6705261230469,212.9724868774414,717.2025085449219,17.686803817749023,30.41531562805176,76.91327362060547,795.6587754249573,1232.7362913131717,14151.910261940957,0.2402730984525987,522.0381600935012,373.34523441493513,3.247718096431345,14.499211894534527
314.2166267716326,171.68650324936024,1.303139957692474,6.196370429336094,0.1158822081983089,16.266573333740233,3.0941880464553835,6.037550020217895,1.8232941031455996,10.089710235595703,0.3509626239538193,0.9947341322898864,2.141008639335632,1.4667721152305604,3674.944409179688,95.56467971801756,458.5710998535157,183.8820358276367,616.0121948242188,16.2153564453125,30.454429626464844,63.900302505493165,792.9638460159301,1331.6197072505952,14636.928864550591,0.2120289298676652,518.5615038488061,373.2196044266224,3.237665667850524,14.590463482029737
335.6308798887767,169.2709615945816,1.581228156015277,7.406040392187424,0.115358130633831,16.646374320983888,3.3381242036819456,6.166324186325073,1.910074865818024,10.54066791534424,0.4205810695886612,0.9955813407897948,2.4893781900405885,1.4934803366661071,3833.473583984375,103.16713943481446,468.304248046875,192.56590728759767,644.1298950195312,20.347562789916992,30.41785469055176,79.76028442382812,794.9214710235595,1334.187729358673,14903.39519031048,0.2290904200650402,531.8577366910874,373.4265808552504,3.363246416207403,14.55475141722709
345.41693168110214,185.9216705136001,1.3160426942631602,6.40585469501093,0.1278181016445159,18.248977279663087,3.6916282892227175,6.379370069503784,2.109486985206604,11.710683250427246,0.3389103800058365,0.9954806566238404,2.249982643127441,1.539510822296143,4127.6146484375,113.9217041015625,484.7237823486328,212.4223831176758,715.9325988769531,15.757291221618653,30.47146987915039,68.38526992797851,792.6866214752197,1183.4625896453858,13893.625295341017,0.2594146557807107,538.5457004573196,373.4054119080305,3.206075960863381,14.47862347420305
327.1140587798785,175.45150255849586,1.6133741171099245,7.138696229923516,0.1116404615342617,16.4288818359375,3.3445756673812865,6.273986721038819,2.023449754714966,11.2185302734375,0.3911720603704453,1.0059531927108765,2.46301097869873,1.4884507656097412,3717.131005859375,103.50779266357422,476.70721130371095,203.85928649902343,684.9790771484375,19.10838508605957,30.454177856445312,78.28180847167968,778.5389362335205,1270.51436419487,14312.387909066678,0.2327266669104574,521.1982369206846,373.45299101471903,3.316037659253925,14.535799976438284
319.4726801193785,161.55021628513933,1.6612388004548848,7.415450918022543,0.1310191169381141,16.373188781738282,3.1957919120788576,5.805806255340576,1.8567118525505064,10.23704710006714,0.4272235751152038,1.002379012107849,2.432944583892822,1.4664604902267455,3795.320092773437,98.92333984375,440.972036743164,187.269921875,625.42353515625,20.895119285583498,30.46865692138672,77.91024169921874,759.0406959533691,1392.899510264397,15081.37332984209,0.209445177638554,541.2478290844708,375.7898273646832,3.397408528160304,14.753599441796542
338.70042849313467,187.5027428498492,1.4909884470514954,6.607418696628884,0.1068067200481891,17.670540428161623,3.616498398780823,6.417367362976075,2.133713698387146,11.876903629302978,0.384394833445549,1.0075907111167908,2.1785006761550902,1.534643054008484,3979.358837890625,111.47807464599607,487.2161163330078,214.83592529296877,725.0466186523438,18.441277503967285,30.456932067871094,67.39510192871094,786.5743919372559,1195.682599258423,13926.289836835862,0.2581880012206966,531.5872726846486,373.4611844033003,3.2678009756840765,14.46990220732987
332.8796868829988,187.8208964284509,1.4451702224090694,7.047066436568275,0.1186171069741249,17.026491355895995,3.5158505916595457,6.380929613113404,2.1014209270477293,11.679944896697998,0.364373043179512,0.9957970976829528,2.407229924201965,1.5062366127967834,3829.294750976562,108.68821182250976,484.90302734375,211.62386016845704,713.0217163085938,17.354388618469237,30.472713470458984,75.91421508789062,784.6739110946655,1203.736900997162,14001.177013790608,0.251684527049656,524.1946578960866,373.5623812541365,3.248381329793483,14.5121301215142
346.69522088128144,176.4342035601847,1.447762110643089,6.418328626663424,0.1257417470216751,17.719654273986816,3.5643877744674684,6.257316064834595,2.0134075403213503,11.15831174850464,0.3891351312398911,1.01154705286026,2.0548266172409058,1.531040644645691,4097.7989501953125,110.07985610961914,475.71143798828126,202.86238555908204,681.3680725097656,18.503840065002443,30.4577579498291,62.92008171081543,791.0030576705933,1314.070505619049,14585.656594073773,0.2380931843756116,546.1348319817334,373.1112864866853,3.270582088083029,14.484854822792112
326.6010144170374,177.4745539240539,1.2851418777368964,7.1665198286995295,0.1158820152282714,16.792649269104004,3.228246641159058,6.322679710388184,2.059881329536438,11.4315975189209,0.35997996032238,1.001488208770752,2.3094332456588744,1.5001560568809509,3780.3600830078126,99.63723068237304,480.1443756103516,207.4845413208008,698.0267456054687,16.581342124938963,30.430248260498047,73.37122268676758,778.3035600662231,1249.9466417312622,14215.930129563809,0.2365618791198357,523.1545835241675,373.5831443950534,3.2235967052169143,14.52228973452002
322.9265825848561,169.4255032999441,1.4339597364887595,7.252564707025885,0.1019371621310711,15.532346534729005,3.1424496173858643,6.038355112075806,1.828043568134308,10.086576080322263,0.3816631495952606,1.0011193752288818,2.327358913421631,1.4601632475852966,3583.5721435546875,97.28898086547852,458.6544616699219,184.40351104736328,615.9471313476563,18.09778861999512,30.433124542236328,74.09337997436523,791.6802442550659,1335.3586998462677,14758.870437908172,0.2153730385150993,518.9656388062983,373.564084854722,3.270315163675696,14.618170338496563
316.032149833825,172.80082491626962,1.7292701713740826,6.899592040432617,0.0976877480745315,15.467707920074464,3.224257111549377,6.203948450088501,1.976249349117279,10.931208038330078,0.4165837079286575,1.0088603496551514,2.384052968025208,1.4634411811828614,3477.918408203125,99.5411506652832,471.6323944091797,199.1643615722656,667.7322509765625,20.61170082092285,30.46923446655273,74.88869857788086,775.8761098861694,1313.7875098228455,14584.851024699212,0.2343561026966199,507.70723795443774,373.333977343142,3.389223951101303,14.55869675911963
325.8688805198297,181.4932547777891,1.5988541844300923,6.303457769704982,0.1227012418210506,16.144007682800293,3.4826823472976685,6.396186304092407,2.1495328187942504,11.932445335388184,0.4271453082561492,0.9926217138767244,2.037112736701965,1.472540009021759,3621.9241455078127,107.88257675170898,486.2963043212891,216.4266479492188,729.4095764160156,20.70438709259033,30.42632713317871,61.19946098327637,788.2490493774415,1175.6482723236084,13948.620615279677,0.2355940095410915,512.1736225683242,373.8520360454917,3.377708391379565,14.54698190037161
327.3496821739711,171.3422884117812,1.4590271512046455,6.02355121304281,0.1207860618829727,16.64203472137451,3.192710018157959,6.093739080429077,1.842875182628632,10.16348342895508,0.398451417684555,1.007251501083374,2.1239180326461797,1.4894698977470398,3824.984301757812,98.48384170532226,463.2316009521484,185.8779739379883,620.7567749023438,18.9445743560791,30.432077407836918,62.928788375854495,792.1295387268067,1336.3057076454163,14783.301028120515,0.2208929794403957,532.4524718265981,373.47019166350367,3.296781655959785,14.580622322112324
321.7295258475002,175.40400401316583,1.48843090031296,6.330862044659443,0.1241990312933921,16.237489891052245,3.1723280906677247,6.12486834526062,1.8475638270378112,10.212915229797364,0.3693051010370254,0.9950757384300232,2.254579281806946,1.463050580024719,3705.072338867188,98.25482864379885,465.43768005371095,186.3414566040039,623.3573303222656,17.706890106201172,30.49032859802246,68.00066528320312,779.2183507919311,1352.547004032135,14817.04029111862,0.2263392323977314,525.3451110232621,373.5551505669952,3.2693568828515707,14.612438674084842
345.70949652856217,186.23127830261365,1.3092373648658395,6.7477778671076525,0.1284078985452652,18.45537052154541,3.577152180671692,6.359491586685181,2.082561016082764,11.582733154296877,0.3360845386981964,1.0115146040916445,2.3109854221343995,1.5517024159431458,4179.66455078125,110.47233581542967,483.44910583496096,209.6965545654297,707.0236145019531,15.609552478790285,30.46326675415039,72.24209747314453,805.6491835594177,1179.5550849437714,13870.436204254627,0.2531128206668654,543.2563806790859,373.426312944293,3.200436063483357,14.466196135804058
331.9841503584292,167.91288425549865,1.3435686856508255,7.286221190309152,0.1166882582008838,16.11961669921875,3.446763348579407,6.125947952270508,1.8823207139968872,10.385820960998537,0.3455205142498016,0.9935724139213562,2.325810122489929,1.4681283473968505,3716.056201171875,106.24665603637696,465.3588653564453,189.80904083251957,634.5605285644531,16.117416381835938,30.46709632873535,74.03604888916016,784.5091262817383,1358.9756823062896,14973.703854465484,0.2295948140075779,525.3006469964981,373.5346952497959,3.2374886883422733,14.596116177551448
328.0705428512767,172.1548308007419,1.346993662416935,7.097684816317633,0.1228782676160335,15.62580614089966,3.393643355369568,6.016957235336304,1.8302174925804136,10.081705474853516,0.3405316025018692,1.0084336996078491,2.3474050760269165,1.443999171257019,3626.5910888671874,104.89883880615234,457.2714813232422,184.61884460449215,616.1356384277344,15.8874361038208,30.44579315185547,74.34682006835938,782.5661937713624,1327.923155260086,14560.756857883933,0.221207038925786,519.2587860122323,373.53847532868383,3.2440982545726,14.632037393189966
324.8026019473793,176.29176356103272,1.629294376913458,6.942706488398835,0.0983874835073947,15.827677917480468,3.145822548866272,6.145432233810425,1.9065038442611693,10.53723077774048,0.398868989944458,0.9906388700008392,2.38042356967926,1.4685978293418884,3604.5556884765615,97.3435173034668,467.14003601074216,192.20490112304688,643.6422607421875,19.50425624847412,30.43464298248291,74.30971145629883,806.4418942451478,1278.4037916183472,14375.40433254242,0.3002886400834541,515.5742904946208,373.4141197800636,3.3360018126666544,14.56268047131598
328.291161554493,179.23336520269513,1.5839220659807325,6.534072097833269,0.0993057124316692,16.58854579925537,3.2942859649658205,6.327086019515991,2.066583943367005,11.471972560882568,0.4080343425273895,1.0058475852012634,2.058382678031921,1.4995617747306824,3737.92548828125,102.08306503295898,480.93495178222656,208.13022003173828,700.5450500488281,19.790755653381343,30.408480834960937,63.21327896118164,789.6808996200562,1263.2377071380615,14328.727270698548,0.2385392664698883,521.3116241954267,373.4359468147159,3.3393008463084697,14.505954351462425
330.6874199585989,175.28458356345072,1.4179186319001018,6.511921628913842,0.1227598041296005,16.996486854553222,3.3246095418930053,6.098905897140503,1.851516711711884,10.217912960052493,0.3724440664052963,1.006744623184204,2.10994565486908,1.4804628372192383,3937.2781005859374,102.80918579101562,463.4885803222657,186.73410034179688,624.1485046386719,17.618503379821778,30.416173934936523,64.6167610168457,790.651742553711,1322.3539218902588,14571.202610993383,0.221400046000781,537.0939792059362,373.3678831100464,3.2604793783277275,14.574867934733629
329.2723090383224,174.73431014772504,1.5811163047328591,6.570524854073301,0.1137768693268299,17.16273784637451,3.261806082725525,6.102964448928833,1.8556053280830385,10.239076614379885,0.4021533221006393,1.0017659664154053,2.13965961933136,1.504720139503479,3911.869287109375,100.65004272460938,463.5430938720703,187.13909606933595,625.4950866699219,19.51093463897705,30.471263885498047,65.78390579223633,789.8509563446045,1311.6821459770204,14504.139633464813,0.2242110834020422,532.7251915201545,373.2947135269642,3.3301870544441043,14.54750430509448
329.66360780787653,176.94422888476402,1.6450532790273429,6.264765627775342,0.1235641039907932,17.194023895263673,3.322532224655151,6.154323863983154,1.9074105024337769,10.547598457336424,0.417634716629982,1.0040006637573242,2.2098164796829223,1.4908159017562863,3907.268310546875,102.89500579833984,467.7670959472656,192.2965866088867,644.0883728027344,20.4150053024292,30.46881866455078,66.65483322143555,789.4532669067382,1296.4189402103425,14448.208139288425,0.2281177266660961,531.7538491249085,373.3095630466938,3.371752994786948,14.555731166526677
326.9372809550725,181.1232131860219,1.567104251589626,6.951973679685034,0.1155993655323982,16.302304649353026,3.3699217081069945,6.267475509643555,2.019329857826233,11.187625885009766,0.4228659391403198,1.001072061061859,2.3941842794418333,1.480504047870636,3682.680541992188,104.05670166015624,476.4658538818359,203.4394271850586,683.2511657714844,20.405621147155763,30.40365505218506,75.12379531860351,792.9902161598205,1260.5221749305724,14313.343566191195,0.2355004242635914,519.496335292235,373.4754256099462,3.3634850860573358,14.538738796114922
327.3799964604433,175.5311202969402,1.4364888522773982,7.036635799240321,0.1140529856085777,15.686888408660888,3.1773608922958374,6.145443344116211,1.8672653913497923,10.299086093902588,0.3909055709838867,0.995892459154129,2.3000471591949463,1.4618605971336365,3594.722265625,98.30209045410156,466.693295288086,188.30249786376956,629.1138793945313,18.53037014007568,30.476886177062987,72.38231582641602,781.2174348831177,1354.295650577545,14864.240414690972,0.2305167797807371,518.4479518525302,373.5453503400087,3.279071584995836,14.59836884830147
325.1263408023398,172.0386212663725,1.6757758535444736,6.473367814556696,0.1090573161840438,16.327256774902345,3.2612155199050905,6.200466060638428,1.949418008327484,10.794833850860597,0.4153623968362808,1.0053429126739502,2.230979299545288,1.4782240748405455,3709.010229492188,100.70045471191406,470.67689208984376,196.44742126464843,659.2823364257813,20.40172748565674,30.46166038513184,68.28388442993165,782.2785526275635,1326.1400656223298,14643.639628756046,0.2278020794445183,521.077446493134,373.3437712833285,3.374897952284664,14.55123374350369
317.6938545786776,180.10257393755018,1.4841036731377244,7.11984445003327,0.1006749413907528,15.725639057159423,3.221001315116882,6.249925947189331,1.9738201022148127,10.939677333831789,0.3790948390960693,0.9939098358154296,2.442596817016601,1.4679736614227294,3539.4403076171875,99.81113739013672,474.5554443359375,198.8814849853516,668.0523315429688,18.158640480041505,30.464512825012207,77.17521209716797,798.880871963501,1225.4860143184662,14086.4636816144,0.3038705868180841,510.7506107576192,373.5199799954891,3.270204757153988,14.55928653422743
330.8123263367452,168.0392733555287,1.5253228040412068,6.8923663691617545,0.1093112409114837,16.660624694824218,3.2393581867218018,6.126144218444824,1.9213900327682496,10.607923889160157,0.4078629046678543,1.00143700838089,2.3322590827941894,1.5003158688545226,3859.9335693359376,100.25190124511718,465.6802856445312,193.66454162597657,648.2637817382813,19.58965644836426,30.4677978515625,73.07223968505859,794.3110708236694,1418.4214396476746,15581.261314892768,0.2303976588955265,534.6012922484427,373.0082082152367,3.328268317040056,14.534288905747236
336.226055475045,180.83162524681535,1.7852122658863665,7.333723793900572,0.1298728883266449,17.684527015686037,3.5544628620147707,6.231472158432007,1.941463565826416,10.72797327041626,0.4274567693471908,1.008100366592407,2.475696063041687,1.5218923211097717,4046.713330078125,109.98190383911133,473.6712219238281,195.7030166625977,655.3892211914062,21.281632041931157,30.44704418182373,79.53859252929688,796.1479906082153,1329.9741984844209,14835.138845026491,0.2380122842732817,546.0474399399012,373.33429404199126,3.4171677134931087,14.521274390257895
336.6164732107078,181.42777499938384,1.2966172070242463,6.654601375665516,0.1029010906815528,17.50381679534912,3.3907715559005736,6.24600658416748,1.9719207882881165,10.942280960083009,0.3456227988004684,0.9931756854057312,2.279950213432312,1.5255235314369202,3974.8398681640624,104.8937370300293,474.9092010498047,198.7083236694336,667.7403015136719,15.98346185684204,30.452510833740234,70.20946655273437,789.7735317230224,1223.545801782608,14004.79629061222,0.2366018583124969,532.7654832944274,373.5159450665116,3.212802977673709,14.507685110345482
335.2894404666964,177.92009845785796,1.5293868641369044,7.537483439967036,0.126558056473732,17.15836868286133,3.3832772254943846,6.269238710403442,2.0288482189178465,11.245412254333496,0.4080729871988297,0.9943472146987916,2.442735505104065,1.4981482028961182,3909.473388671875,104.59603424072266,476.5089874267578,204.40382385253903,686.6963012695312,19.61582679748535,30.460041046142575,78.83869018554688,780.288240814209,1311.9902423858643,14555.567282235625,0.2402431300652097,532.7013353951276,373.2486619099975,3.3277745684608817,14.523122431710362
326.95670815417543,188.7396265372634,1.6207288653589784,6.274954974162393,0.1164899796247482,17.069437408447264,3.543607473373413,6.389422798156739,2.089609909057617,11.55191535949707,0.4115091532468796,0.9952148973941805,2.0826557874679565,1.5058411002159118,3816.7324462890624,109.62817687988282,485.0345184326172,210.44238891601563,707.7990844726562,20.06426467895508,30.46404838562012,62.68719482421875,791.5007451057434,1170.6505927085875,13821.382462334634,0.2497570293053286,521.9332820367068,373.7069978877902,3.353066881652921,14.512406102754175
324.6901886492968,186.0725061358884,1.5050560589879751,6.675137199088931,0.1070289760828018,16.380084991455078,3.50172016620636,6.404352378845215,2.1281550884246827,11.82939386367798,0.3777727633714676,0.9952951669692992,2.280857729911804,1.4928771018981934,3668.3629150390634,108.38405303955078,486.0542572021485,214.2939849853516,722.2336547851562,18.17693958282471,30.47740364074707,70.43830184936523,761.4416387557983,1237.889677810669,14077.667298686503,0.1590034277382074,515.4483435448259,373.498227545619,3.2652363318018613,14.515220802649855
319.8042090828996,168.81568324435503,1.5319165897555649,6.788088573003188,0.1124407768249511,15.985203647613526,3.1842733144760134,6.052192306518554,1.825429904460907,10.065179061889648,0.3754827052354813,1.0020241141319275,2.189885449409485,1.4633880615234376,3642.1861083984377,98.38905563354491,459.6445770263672,184.1253433227539,615.0638671875,18.13521270751953,30.459769821166997,68.08854370117187,783.4069637298584,1377.7015984535217,15073.93008327484,0.2244072100002085,519.5125416405499,373.3756215184927,3.279454573057592,14.609070194885136
332.3121616027318,181.1340006345883,1.4855219266377389,7.004252675641328,0.1209632709622383,17.198388671875,3.395413899421692,6.256628227233887,1.9815529346466063,10.97338523864746,0.3805074006319046,0.9928476810455322,2.28800687789917,1.508682417869568,3898.306396484375,105.08737411499024,474.98988647460936,199.68548278808595,670.1437561035157,18.237526893615723,30.44534492492676,71.84219131469726,799.0436410903931,1265.8410285949708,14301.561829936503,0.2321719213039614,532.7428955994546,373.42823263704776,3.2664392699487506,14.518370600044728
315.8999222778715,177.50979151483625,1.2818835430778563,6.1639933689846655,0.1182749979197979,15.565675735473633,3.296697402000427,6.243426179885864,1.9599148392677308,10.841227626800537,0.352909842133522,1.0130476593971252,2.0028333187103278,1.4311596274375915,3528.3254638671874,101.68669357299804,474.1353363037109,197.52646484375,662.183837890625,16.223737716674805,30.457125091552733,60.10846900939941,754.8495065689087,1099.0487975120543,13585.072307693958,0.293042377832171,508.0286729648709,374.1461178258061,3.2353732869960368,14.640704989619554
333.3404759331141,174.30562035171317,1.4770119187422095,7.522006412711926,0.1129386253654956,16.34840621948242,3.473444366455078,6.272773885726929,2.0218749761581423,11.186724662780762,0.369827076792717,1.0005907893180848,2.468810248374939,1.4732981681823731,3730.521557617188,107.5299171447754,476.6787750244141,203.71376953125,683.5935424804687,17.701288986206055,30.463970375061034,79.70618591308593,759.6802581787109,1118.7800715923308,13713.566795647144,0.462457586650271,518.1773280739784,373.9738262921572,3.263746186997741,14.583705628104507
333.45268670413645,179.51044418457894,1.5072212198749184,6.466177692310884,0.1330191269516945,16.69358539581299,3.302260518074036,6.254553079605103,2.0053916454315184,11.10349416732788,0.3734507590532303,0.9968767166137696,2.1172054767608643,1.487589430809021,3805.753369140625,102.0538055419922,475.5321685791016,202.07027435302732,678.1281372070313,17.97096767425537,30.46844291687012,64.54543914794922,804.5382482528687,1274.315195465088,14363.841768610477,0.2314427897668793,528.6807549081743,373.3061530962586,3.268776328954845,14.53622958920896
326.5681041398085,170.75181374931708,1.5507224030792712,7.194408690812997,0.1174456000328064,16.076036834716795,3.344252920150757,6.002740144729614,1.830826950073242,10.09251003265381,0.393747079372406,0.9950871288776396,2.330279588699341,1.4690305829048156,3704.019384765625,103.60433807373047,456.25282897949216,184.6912796020508,616.4292358398437,19.0302942276001,30.416076278686525,73.83147811889648,785.833738899231,1338.3176027297973,14753.465835499765,0.2184907789123826,525.7097090430558,373.5614153757691,3.310980297718197,14.617377519980073
318.8819603042677,174.11654549967497,1.3342864947393536,7.552598466305062,0.1095961041748523,17.038203620910643,3.1898756980896,6.185520029067993,1.936691308021545,10.712723350524902,0.3523019939661026,0.9935328364372252,2.3997324466705323,1.5011879086494446,3837.608642578125,98.798917388916,469.71912536621096,195.2135681152344,654.2712829589843,16.40869903564453,30.452749252319336,77.46186065673828,784.6322246551514,1317.974553155899,14522.75334970951,0.2279955567122669,527.5385221999138,373.2890456408262,3.230745921563357,14.529109904542564
337.28531171362846,174.56117570828647,1.7456138568930328,6.581514639733359,0.1113822937011718,16.172976112365724,3.4352898597717285,6.217962265014648,1.9627534985542296,10.844752979278564,0.4485638797283172,1.0108814358711242,2.1663641929626465,1.4775917172431945,3744.03330078125,106.3440155029297,472.52174377441406,197.8320098876953,662.6334106445313,22.1430871963501,30.44592456817627,66.84980697631836,797.0482659339905,1363.220005941391,15225.717363083362,0.2374072367267217,527.7732274409384,373.232850125432,3.4498147813603284,14.553060436435045
335.394625458878,177.9492646213621,1.3341883334331217,6.672798335459083,0.1038604013621807,17.048847579956053,3.265452075004577,6.220087242126465,1.9693577647209168,10.909543228149412,0.3462281316518784,0.994224488735199,2.305089855194092,1.511520004272461,3892.2328125,101.11120834350588,472.82420959472654,198.46164245605468,666.1226257324219,16.139587211608887,30.49220466613769,71.18322219848633,788.8621178627014,1286.943799304962,14300.960773193836,0.2310966499135247,530.2135175615549,373.4556250244379,3.2222266611643136,14.51447770744562
329.2472848998383,167.50252467412503,1.613614482153207,7.390888319455553,0.1070698074996471,15.7813383102417,3.183091831207276,6.136875963211059,1.8964751482009887,10.467685794830322,0.4287311494350433,1.010387372970581,2.32721483707428,1.468238615989685,3646.279248046875,98.64708023071287,466.548486328125,191.2188232421875,639.4762512207031,20.819365119934083,30.431916809082036,74.91849822998047,784.4698909759521,1344.7939350128174,14923.905120015144,0.2242550793525879,522.3949264924973,373.5296471387148,3.386532278358936,14.586916413344444
343.2671887204051,179.4721625366248,1.324875510763377,6.645694538066164,0.1182649932801723,17.409153175354003,3.5572940349578857,6.283442831039428,2.034156155586243,11.272969818115234,0.3619591176509857,0.9992841839790344,2.126494765281677,1.5146464705467224,3983.904052734375,110.1141799926758,477.51032104492185,204.92845916748047,688.4282897949219,16.820583152770997,30.43779754638672,65.61564712524414,788.000990486145,1305.2496404647827,14505.186816632748,0.2444127576003666,536.7695959631353,373.2095778509975,3.230774944741279,14.499335493892431
333.32977047227325,188.4037334324792,1.6741609298624098,6.145908186677843,0.1124307580292224,16.491043090820312,3.424309587478638,6.451201391220093,2.179260516166687,11.57247076034546,0.4105668544769287,1.0054003834724423,2.107161545753479,1.489185702800751,3710.83505859375,106.0523551940918,489.75892944335936,219.2214141845703,718.3834777832031,20.1797815322876,30.43029842376709,63.05027770996094,769.1827007293701,1163.5345621585843,13823.32925029993,0.25460516277235,516.0636744596064,373.7059462293983,3.363110297266394,14.522722335718573
333.74067237295674,175.6473568307236,1.4655733685009182,6.689644892513752,0.1024534359574318,15.97112159729004,3.221667051315308,6.202687788009643,1.950849282741547,10.798709201812745,0.362594810128212,1.0018622159957886,2.221137499809265,1.475022482872009,3665.44736328125,99.55447235107422,471.23968505859375,196.62678985595704,659.3726501464844,17.32324810028076,30.473308563232425,68.78133621215821,807.3599123001098,1261.898679637909,14283.58833566904,0.2238946630182909,518.829194817692,373.3570194602013,3.2594127908349035,14.547752910479904
337.30760466675275,175.34144839271903,1.2689664606004951,7.372520462656394,0.1122556343674659,17.302885246276855,3.498632550239563,6.151835823059082,1.900230920314789,10.506543827056884,0.3549699336290359,0.9956331133842468,2.350089192390442,1.5119598984718323,3972.6227294921873,108.08520965576172,467.4620513916016,191.58508758544923,641.5949462890625,16.28698902130127,30.451709747314453,75.2844139099121,804.4330377578735,1279.000639295578,14341.67951798439,0.225162524539337,536.339797076583,373.285873362422,3.2225071601569653,14.524652292206884
343.9018377469853,180.78523891177028,1.3624065791256723,6.858672707155347,0.1244087725877761,16.690658569335938,3.557898473739624,6.362527036666871,2.1140835285186768,11.74153356552124,0.355812668800354,1.002511739730835,2.250851798057556,1.4846819758415222,3823.777270507812,110.17901229858398,483.4157165527344,212.88174743652343,717.5421081542969,16.670994758605957,30.479494094848636,70.42869720458984,785.3472618103027,1202.7869577884674,13963.997915363312,0.2424000251397956,523.72900750041,373.6296805769205,3.2353827686049046,14.536405338160694
293.6004903167952,171.5420750776306,1.473683768697083,7.121698157559149,0.1032083205878734,14.61713638305664,3.1259886026382446,5.906819820404053,1.8461468458175656,10.17410192489624,0.3649209290742874,0.9990668177604676,2.439807295799256,1.4165095925331117,3328.95107421875,96.78291625976564,449.0762542724609,186.2072021484375,621.8142578125,17.439565467834473,30.44438686370849,76.88616561889648,733.3308452606201,1009.2321629047394,13171.914102214574,0.4873452967403864,508.70089397504927,374.657008124888,3.2737146821804344,14.735634729266168
323.40414424808694,171.46495978049933,1.6333755961619318,6.450676570925862,0.1030653662979602,15.616675758361817,3.22025957107544,6.105641412734985,1.8483214139938355,10.189271545410156,0.4199876993894577,0.9927010536193848,2.1657461404800413,1.4613334774971007,3606.985180664063,99.49053192138672,463.4573455810547,186.4222305297852,622.6431762695313,20.48267059326172,30.472511291503903,65.7510986328125,800.3238172531128,1355.1964279174804,15056.054824352264,0.2953965111402795,519.9184807941317,373.35189471244814,3.375747160799801,14.591965220309794
329.1219076784793,170.3208057185635,1.5420767810195684,7.377573426859453,0.11608712002635,16.390134239196776,3.247498536109924,6.100895547866822,1.8825181603431704,10.400492477416991,0.3882464528083801,0.9972960710525512,2.3427276849746703,1.469784641265869,3789.948828125,100.43043670654296,463.5481506347657,189.8154754638672,635.2837158203125,18.755653190612797,30.431032180786133,74.99229888916015,796.1266492843628,1314.982468032837,14621.722871363165,0.2164464886212954,529.0896192491055,373.4034085035324,3.2982103491201995,14.579683986864984
340.97234246125447,179.17952394727618,1.2617612907662987,7.473634875100106,0.136824569106102,17.914907455444336,3.4827972650527954,6.297264862060547,2.0351553916931158,11.283736515045169,0.3491684913635254,1.0007081031799316,2.431332945823669,1.529938519001007,4075.262768554688,107.86533660888672,477.9199554443359,205.02324676513672,689.0804870605468,16.012664604187012,30.417829513549805,78.4488624572754,799.7336883544922,1283.1529849052429,14414.039753818512,0.2372042728180531,542.379189023748,373.1256211549044,3.209976590797305,14.483175125159324
340.63611307311805,186.59948554895817,1.6796476422809064,7.0615457848180085,0.1033571481704711,16.53767681121826,3.506538820266724,6.356979036331177,2.068335199356079,11.47758445739746,0.4113147675991058,0.99315083026886,2.340195560455322,1.5069641828536988,3763.526904296875,108.5966293334961,482.72971496582034,208.33960418701173,700.7246826171875,20.23105411529541,30.439680099487305,73.73460006713867,794.7176851272583,1211.8897956371306,13998.010255479812,0.2404697041842155,523.1977366942913,373.5404197245836,3.365631717164069,14.500920160859824
318.1020379719324,179.91608582939952,1.753314626403153,7.172440304933116,0.1057513885200023,15.358603477478027,3.249459457397461,6.246363925933838,1.981762647628784,10.989637184143067,0.4401856303215027,1.012960779666901,2.2969007015228278,1.4525123119354248,3478.0109130859373,100.26809692382812,474.6823211669922,199.70396423339844,670.8538146972656,21.77661361694336,30.47245349884033,73.28189468383789,778.9037435531616,1252.7126851558685,14166.07123888731,0.2272423333211918,508.0100602064282,373.5706002488732,3.4372981829568743,14.577140730805697
331.3637506279745,180.6696530592628,1.5165517834946514,6.4397530968301,0.0998411826789379,16.5899356842041,3.4214293003082275,6.265314102172852,1.9853180289268493,11.037453937530518,0.3790634572505951,0.9939119815826416,2.175007772445679,1.4990503787994385,3759.542846679688,105.82643585205078,476.2127685546875,200.0280776977539,673.26533203125,18.27041301727295,30.481555938720703,66.12225952148438,749.6081817626953,1232.0197760105134,14087.558285737035,0.4360424698897986,522.802059072256,373.7192596361041,3.2702683132141828,14.547462937608362
323.26038242296784,160.7902573728934,1.3532336440868675,6.814910222264007,0.1045815765857696,16.258060646057128,3.1095345497131346,5.732070255279541,1.852135324478149,10.229872989654542,0.3758508145809173,1.0086067080497745,2.3410427570343018,1.4838670372962952,3753.125463867188,95.99284133911132,435.0292724609375,186.80547790527345,625.0466430664062,17.5269416809082,30.463651847839355,72.85152587890624,748.5986953735352,1378.696443772316,14849.345530700684,0.2172006739710923,532.1303204096854,375.7139836624265,3.261876827664673,14.744265742599964
315.5018920818809,168.88255012687296,1.7671676977537571,7.670717711816541,0.1097279772162437,15.33791275024414,3.109235572814941,5.781477308273315,1.858107662200928,10.24183235168457,0.4333496451377868,0.993157035112381,2.516649913787842,1.462259578704834,3549.2271484375,95.98226013183594,439.1151000976562,187.40294342041017,625.9547912597657,21.494005393981933,30.478741264343263,81.25740280151368,772.3579727172852,1489.0386600494385,16122.35998929739,0.2824881153530441,531.66420263201,375.967995531857,3.430956963449717,14.773458152078092
347.60373181886973,178.37667590705678,1.2943390517495572,6.555847232439556,0.1297466814517975,17.48791923522949,3.610070538520813,6.333628034591674,2.1104254961013797,11.7265380859375,0.359175443649292,1.0044024467468262,2.220693039894104,1.5222062945365906,4007.2197265625,111.71283493041992,481.5134552001953,212.51409454345705,715.9618286132812,16.58766403198242,30.428084754943846,68.3048698425293,808.4068246841431,1224.3788138866423,14127.262564551833,0.2374071561222081,538.8541188567876,373.3441543906927,3.220251494180411,14.481208445690571
337.20708862147296,174.19714228753,1.5947466989047825,6.550421981536784,0.1030241750180721,16.478128814697264,3.326267886161804,6.238368368148803,1.979841220378876,10.943147277832033,0.4206547021865844,1.0103754997253418,2.077861714363098,1.4987797021865843,3813.4193115234375,102.92285842895508,473.5520843505859,199.5210723876953,668.727587890625,20.39577465057373,30.43655452728272,64.04968948364258,802.4466581344604,1371.8531423568725,15295.792440330984,0.2335913983086356,531.8563177719712,373.0265123143792,3.365676716528833,14.513245363533496
338.42823704167967,181.6571646573022,1.4277204965241252,6.171473514754325,0.1050144180655479,17.039112854003907,3.4237053632736205,6.236883068084717,1.962473285198212,10.867144680023191,0.3785641938447952,0.9932428002357484,2.081161999702453,1.5258455991744997,3911.20556640625,105.90043182373049,473.4086059570312,197.78579559326167,663.5959838867187,17.955019760131837,30.44170188903809,62.10400238037109,801.1451510429382,1303.4343216896057,14484.82874376774,0.2340662150672869,536.0171669125557,372.9782920509577,3.2541332454420626,14.480344161577523
332.84948534150607,187.1528815375641,1.407118850108236,6.581407644599676,0.1158898018300533,16.65391674041748,3.574795317649841,6.370998764038086,2.090945649147033,11.618788242340088,0.3864140778779983,0.9989802241325378,2.178468179702759,1.4989989161491395,3762.793237304688,110.27838973999025,484.36761474609375,210.59063415527345,709.107666015625,18.24269962310791,30.457801818847656,66.9624122619629,798.0992634773254,1199.4388601779938,13985.320315003397,0.2377249435652629,522.7159972570837,373.56140754073857,3.2568223007023334,14.51522407196462
334.87855705907566,179.57751041362062,1.2881177123636007,7.056551566487178,0.1099338896572589,17.341069793701173,3.5569338321685797,6.212547397613525,1.9282049655914304,10.648932933807371,0.351717060804367,1.002016794681549,2.3879134178161623,1.5240908861160278,3974.327661132813,110.10592575073242,472.2063903808594,194.38968658447263,650.5949279785157,16.222939682006835,30.41712207794189,75.45269165039062,797.9944162368774,1358.5824346542358,14992.676388156417,0.2388780396257061,542.1218244791031,373.0990830525756,3.2177310939878225,14.506908226385711
325.2272330697626,184.3072252349928,1.493763665854931,6.79393819803372,0.1248146295547485,16.283126449584962,3.466796135902405,6.344311237335205,2.0869722843170164,11.573154926300049,0.3721197783946991,0.993481695652008,2.257251811027527,1.476111149787903,3668.28369140625,107.32186584472656,482.3817993164063,210.20095825195312,706.8371032714844,17.865824699401855,30.433216094970703,69.99059524536133,780.0893922805786,1268.4875942707065,14304.851120567322,0.2448849793247063,519.4398103602231,373.46786415427925,3.2657211042009293,14.54350814819336
308.2151339695323,155.73516075778753,1.4941720278933643,7.170931845204905,0.1083410218358039,14.909456729888916,2.967817640304565,5.478686952590943,1.8618250250816344,10.267696189880372,0.3942738860845566,1.0013943672180177,2.408741235733032,1.441837239265442,3460.0544189453126,91.56444931030272,416.3371063232422,187.77425231933597,627.4731140136719,18.863012886047365,30.426672554016115,75.94532623291016,758.6105466842652,1423.002205133438,15429.210723364353,0.1804174805307411,527.2363215748221,375.9684813678265,3.3050561181269584,14.847992880642414
340.7821683485061,172.62291074097158,1.5049564366228878,7.13942555997055,0.120685514062643,16.872240257263183,3.511048555374145,6.191404438018799,1.9124541997909543,10.58224172592163,0.3776254147291183,1.0002300500869752,2.3483688116073607,1.4979322791099547,3878.679809570313,108.66556701660156,470.21428833007815,192.80453491210935,645.9245666503906,18.16083526611328,30.46246376037597,74.4544548034668,791.0492929458618,1332.5783340454102,14808.544882440568,0.2343296059727436,534.177681542933,373.3918044492602,3.270546252466738,14.556383052654564
316.16288948780857,169.22220653658732,1.451250615529716,6.502119340212085,0.1137150734663009,15.3778263092041,3.1049275159835816,6.143441104888916,1.9331513881683349,10.698949527740478,0.3737453907728195,0.9916954338550568,2.1413333415985107,1.4442566156387329,3481.9927490234377,96.19563598632811,467.0428070068359,194.83453979492188,653.5474060058593,17.788059616088866,30.449930572509764,65.13142013549805,794.0836300849915,1319.0757001876832,14671.890833687785,0.2168414754152763,508.6380927596241,373.4170803114772,3.269054480269552,14.593866956792771
337.8453011277132,174.8093621038832,1.398826612625271,6.086694691097364,0.1135072730481624,17.092776679992674,3.5574156522750853,6.248131132125854,1.9767186045646667,10.936426258087158,0.3852167308330536,0.9928001761436462,2.135015439987183,1.5209638833999637,3944.836279296875,109.8803207397461,475.0392883300781,199.21709442138672,667.801904296875,18.15816650390625,30.466480255126957,63.33205909729004,793.5784385681152,1328.6755640506744,14754.892168843746,0.2333624078266439,541.2427102603018,373.2850889205933,3.2543650666251778,14.512918496690691
331.3820525414776,175.61615741904825,1.3496087507344785,7.345498081482947,0.1204372204840183,17.02404842376709,3.344486546516418,6.216484498977661,1.967351984977722,10.888024234771729,0.3477296829223633,0.99675213098526,2.3467011213302613,1.5021417498588563,3929.2842041015615,103.15945129394532,472.2065002441406,198.2962768554688,664.8961364746094,16.25563907623291,30.420608901977538,75.09131240844727,799.0465397834778,1312.0270946979522,14558.359723460677,0.2296156269178027,538.872611996904,373.0432928532362,3.2292002441361545,14.514929658919574
322.7838836348732,177.14461610019208,1.275286226533353,6.708078760374337,0.1018544279038906,17.14587860107422,3.3645447731018066,6.300241708755493,2.0515064716339118,11.377394104003908,0.3474658817052841,1.002808690071106,2.148841071128845,1.5176022171974182,3843.1579345703126,103.99691848754884,478.8658477783203,206.6622314453125,694.7841796875,15.988864517211914,30.468753814697266,66.72834396362305,789.5493646621704,1280.54807677269,14376.327967596057,0.2324531102422042,527.5335582375526,373.38135661929846,3.210065699275583,14.491367538645864
342.609635590855,176.73987475782633,1.6309109777212143,6.182813868299126,0.1052112117409706,17.258260345458986,3.429000401496887,6.179730033874511,1.9253018856048585,10.6476806640625,0.4082348585128784,1.0030488967895508,2.074216628074646,1.524890410900116,3972.89443359375,106.2248420715332,469.48032836914064,194.0789306640625,650.2695739746093,19.943877029418942,30.47338104248047,62.29215774536133,797.3121692657471,1283.0270676136015,14352.22359546423,0.2296394581615459,537.4839656941592,373.21034894287584,3.350225005764514,14.50401364080608
329.09931573276407,173.40103727281092,1.5067446760833263,6.193845201819204,0.109806478023529,16.68293743133545,3.372623443603516,6.189954471588135,1.930203902721405,10.67073850631714,0.3762665629386902,1.0039241552352904,2.139938974380493,1.4733673095703126,3813.15537109375,103.9872802734375,470.3127777099609,194.5035430908203,652.374853515625,18.098006629943846,30.422343826293947,64.06055526733398,758.8150524139404,1071.7956220626832,13462.75715881586,0.4364146447449457,522.0376147404313,374.19919398128985,3.2726972068659963,14.602134991437197
334.14404921233654,184.6968892307952,1.717431558482349,7.360404555685818,0.1023886248469352,16.346046257019044,3.5170077085494995,6.357225322723389,2.0689666748046878,11.48321542739868,0.4096224248409271,1.0014936327934263,2.31471722126007,1.4948343634605408,3700.5820068359376,108.46915893554689,482.60475769042966,208.4010482788086,701.1228149414062,20.25973300933838,30.44148826599121,74.27798767089844,782.1193130493164,1240.8900266647338,14153.316195738316,0.1550151505827671,519.7644467145204,373.61502314805983,3.3710928451269866,14.517921829223631
322.8511345098726,171.6823234371841,1.317797189578414,7.44369171645958,0.1194082982838153,17.019718170166016,3.259309768676758,6.196066331863404,1.965691578388214,10.872176551818848,0.3432496070861816,0.991447901725769,2.53485267162323,1.4975615382194518,3837.8447265625,100.66356048583984,470.8366668701172,198.13343200683596,663.9530334472656,15.93587703704834,30.44147682189941,81.32886810302735,780.7179527282715,1307.1741744995118,14500.36504021883,0.230282236218045,527.9924157794565,373.271646887064,3.224419416580349,14.53312862906605
334.5625571751501,174.0345933724195,1.6535675099119544,7.344122236827388,0.112550251185894,16.034859466552735,3.4540385484695437,6.238293933868408,2.002383518218994,11.094830989837646,0.4363195896148681,1.006080937385559,2.41200647354126,1.4729586720466614,3669.64609375,106.65258026123048,473.9003997802735,201.7405776977539,677.6116088867187,21.294955444335937,30.41603298187256,77.40907516479493,788.4255712509155,1289.6913866043092,14483.060379934312,0.2324749669744051,519.2748675648123,373.3583543896675,3.407800637651235,14.545699911937117
337.6503812575247,181.15878753382717,1.7247137502767145,6.33615690364968,0.1132576048374176,16.59941120147705,3.501952719688416,6.333044099807739,2.07627112865448,11.507757759094238,0.4382222294807434,1.0021341562271118,2.0535536289215086,1.504543626308441,3787.091040039063,108.4987892150879,480.8924163818359,209.13777618408204,702.9671447753906,21.60591983795166,30.442844772338866,62.23791084289551,802.8477190971374,1273.4477767944336,14407.10971711874,0.2384867954067885,528.7378894638271,373.20184278041125,3.424586518108845,14.49277697019279
334.29304843363354,181.98671233803037,1.5637837702408433,6.274591081496328,0.1179511927068233,16.299642753601074,3.3970341444015504,6.305638027191162,2.052237129211426,11.3776686668396,0.4092312604188919,0.9996247887611388,2.053302407264709,1.4879008769989013,3708.8425537109374,105.19578552246094,479.0832336425781,206.7334243774414,694.856494140625,19.77942371368408,30.428768157958984,61.80513610839844,803.6714696884155,1240.0495000362396,14201.931848692891,0.234817816868599,523.5493861488998,373.4714714720845,3.337910312972963,14.52375115286559
327.4314366408624,185.12870404049755,1.4788359416648746,6.507911620242521,0.119767003506422,15.94889497756958,3.399045944213867,6.460170125961303,2.219167733192444,12.230964756011964,0.3752919495105743,1.0021109342575074,2.137929511070252,1.4675953269004822,3585.2825439453127,105.05667572021484,491.0407104492188,223.33830718994145,751.7058288574219,17.968861961364745,30.4414119720459,65.45822601318359,765.5598564147949,1177.0741888046264,13906.535415899754,0.2556381098998826,509.5464461077005,373.73574436604974,3.2636167842894794,14.544011025503275
323.6349357186351,169.63194169532508,1.410729300789535,6.376830251747743,0.0994589872658252,15.9507022857666,3.254770302772522,5.849980115890503,1.824073529243469,10.046775341033936,0.3600103408098221,1.0078958988189697,2.086257576942444,1.4697677493095398,3662.54521484375,100.68158645629885,444.2025421142578,184.007958984375,614.0236877441406,17.004035568237306,30.438075256347656,63.37753448486328,783.3569444656372,1349.9168973922729,14681.710037076473,0.2198391591213294,519.9136385057121,373.3566176950932,3.261257053446025,14.625347367674111
320.0038686230779,175.74225348960607,1.3101312671788037,6.77664716723375,0.1088021628558635,16.744873809814454,3.1648188829422,6.151255035400391,1.8748356699943545,10.343390560150146,0.3649931699037552,1.004574763774872,2.2372726678848265,1.4988262414932252,3786.565649414063,97.8784278869629,467.2783599853516,189.060595703125,632.021142578125,16.892525100708006,30.48130798339844,69.72246017456055,796.8557433128357,1362.9523759841918,14954.527267348769,0.3058814688003622,527.6443202130497,373.20464415252206,3.23654124327004,14.54780836906284
305.836262079794,171.85016037514433,1.2763432788662612,6.467471183789894,0.1222656190395355,16.300456619262697,3.112180709838867,6.097025299072266,1.8639212727546688,10.265031433105468,0.3496953845024109,1.0058934807777404,2.212208104133606,1.4530028581619263,3640.582299804688,96.43409881591796,463.44012145996095,187.9695770263672,627.5564025878906,16.056290245056154,30.451774215698244,67.48009719848633,750.3907669067382,1140.727526283264,13775.012371730803,0.2825324174875277,512.800080313906,374.1071873173117,3.234293012414128,14.646277972869576
328.68027633563617,169.76266041118652,1.3299953683279455,6.636163644772023,0.1115692898631095,16.225259399414064,3.4073278188705443,6.1718439102172855,1.9248236894607544,10.626253509521485,0.350110912322998,1.0031155943870544,2.147288060188293,1.47539941072464,3717.623315429688,105.21705017089845,469.17835693359376,194.0447509765625,649.3123718261719,16.285045051574706,30.42458915710449,66.18151626586913,789.1658374786377,1358.4425043582917,14986.060105729102,0.2278534188648336,524.5093007311225,373.5010063692927,3.234204793907702,14.572135473228991
340.5292622593697,180.68324525617064,1.6631513010710477,6.257211459148675,0.1297122031450271,18.025460052490235,3.4962100982666016,6.261122941970825,1.9947184920310972,11.051619720458984,0.4317116379737854,0.9995069980621338,2.071480894088745,1.536621344089508,4093.769311523437,108.22292861938476,475.6904510498047,200.99784240722656,674.8033996582031,21.12025737762451,30.450345993041992,62.40018196105957,804.4898535728455,1258.6911683559415,14291.3323423028,0.2352828503542696,543.9189116951078,373.1659467697144,3.3983772750012577,14.48262836523354
333.3816480564419,168.12129846457393,1.7313265416771173,6.956132332142443,0.1071253404021263,17.15407238006592,3.434576416015625,6.041619062423706,1.861841654777527,10.257481670379638,0.4389201283454895,0.995962142944336,2.407922291755676,1.512735080718994,3954.7512451171874,106.18500595092772,459.37420959472655,187.77093353271485,626.9463073730469,21.654016494750977,30.46428871154785,75.50980606079102,797.4990494728088,1436.567430973053,15781.20854460001,0.2301585374851129,537.9955763217062,373.0467992916703,3.4295347832143306,14.535624569654464
317.4977084041573,168.43717428743838,1.7252565301023424,6.63486363531556,0.1021383211016655,15.33075466156006,3.117864227294922,6.155661010742188,1.894516468048096,10.465675735473631,0.4265378475189209,1.0069454550743102,2.310048484802246,1.4511817693710327,3479.5164306640627,96.51626434326172,467.35008239746094,191.011181640625,639.1603393554688,21.06021366119385,30.4412633895874,71.29711151123047,788.258090209961,1335.1475853919983,14831.277017247678,0.2206009804853238,509.5428486276418,373.5840141400695,3.407519716769457,14.602096717990936
310.87568410621026,170.0909190009348,1.6611898778937757,7.094883629307151,0.1061304822564125,16.299199295043945,3.0290181398391725,6.075367593765259,1.8349193215370176,10.13243007659912,0.3990965634584427,1.007724905014038,2.227373504638672,1.4780216693878174,3690.411474609375,93.81028594970704,461.9224670410157,185.0772018432617,618.4968872070312,19.607106971740723,30.421747398376464,70.56151504516602,784.5271074295044,1343.387896347046,14785.550286114216,0.2143773659510771,523.3476362902671,373.5464842587709,3.3433738220483065,14.589996710978449
312.9878929722356,165.87163929408416,1.442432506196201,6.768051472934895,0.0997533336281776,16.698767852783202,3.087190175056457,5.90271577835083,1.8328677535057067,10.098098373413086,0.3735966086387634,0.9914894104003906,2.3066420793533324,1.490548038482666,3748.978369140625,95.42624588012696,448.7605895996094,184.87530670166012,617.1493408203125,17.750758743286134,30.448466300964355,71.28149795532227,783.3870815277099,1377.7216606616971,15060.910989022255,0.219392658254219,523.2414845142514,373.5292603135109,3.2679640360176565,14.613280665688215
331.53997927485034,178.63593397233635,1.5208317747339606,6.906662265281193,0.1125014275312423,16.1973388671875,3.44644033908844,6.272707319259643,2.015950012207031,11.17486572265625,0.3919263988733291,0.9919850528240204,2.176465511322021,1.477006244659424,3690.72763671875,106.40101547241213,476.3445281982422,203.0946487426758,682.3862243652344,18.85921230316162,30.41686382293701,67.86075057983399,782.0755809783935,1283.4150513172149,14363.46493780613,0.2393245363200549,520.3177403710782,373.5107689380646,3.2978661505505444,14.54243143182248
334.08570627318693,174.78404644513503,1.4131704996339978,6.830118197458797,0.122759111970663,16.734032440185548,3.274789905548096,6.17030291557312,1.9348235607147215,10.7079927444458,0.363696414232254,0.9952762126922609,2.20820152759552,1.486426866054535,3823.366748046875,101.187841796875,469.0977264404297,195.04883728027343,653.8357788085938,17.200044059753417,30.426231575012206,68.67065658569337,796.0038401603699,1317.8871468544007,14621.603353726863,0.2308967492936062,528.1330471966415,373.1062820538879,3.2530022941529757,14.543798640370367
328.4483174341731,172.49418521346524,1.4210590370930731,7.313844411959872,0.1208686001598835,17.19839210510254,3.425562310218811,6.151155805587768,1.8921388506889345,10.445776081085205,0.3850573688745499,0.9999434888362884,2.349284100532532,1.5031859755516053,3934.4695068359374,105.96979064941408,467.4520446777344,190.7830535888672,638.1965454101562,18.22170925140381,30.43690414428711,75.09978561401367,792.6113391876221,1345.0866161346437,14896.00208915472,0.2268878089744248,539.5625055368989,373.4058939188719,3.263108609803021,14.55362849496305
331.1805233538151,180.2982949560508,1.6919476033188403,6.345416037924588,0.1090271949768066,17.063746070861818,3.444841241836548,6.294252252578735,2.0228937387466432,11.223248863220215,0.4433330118656158,1.0114925503730774,2.0520228147506714,1.5058663129806518,3873.844213867188,106.68073501586916,478.15867614746094,203.7980728149414,685.1401977539062,21.74001159667969,30.459184646606445,62.48798561096192,785.3055621147156,1244.0096904277802,14109.019918990136,0.2301834593017702,528.6121443875134,373.6310643225908,3.427109863702208,14.517764439247548
332.94690601013133,168.73996373508126,1.5326535207219425,7.285827181488275,0.107027530670166,17.41950798034668,3.347133827209473,6.124119663238526,1.9113345742225647,10.559567165374755,0.3803532987833023,0.991374623775482,2.313621997833252,1.5198710680007934,3986.45263671875,103.5740493774414,465.4248840332031,192.68833923339844,644.9362609863281,18.375896644592284,30.43022804260254,73.67327117919922,779.2065097808838,1306.0916159152985,14436.613610255718,0.2296521757627488,536.668275943771,373.2489907056093,3.277445778716356,14.5170904353261
339.563489132165,184.785119609721,1.4654157594777644,7.408041108213365,0.1015844352543354,16.765869522094725,3.502471232414245,6.303489255905151,2.0461286306381226,11.345966720581057,0.3698283433914184,1.0113983631134034,2.439970350265503,1.513814377784729,3816.9035888671874,108.45298461914062,479.2625793457031,206.09395904541012,692.9406677246094,17.676290702819824,30.438773345947265,78.81790618896484,793.0816614151001,1265.2242517471311,14268.531027305124,0.2453315375300007,528.2481408473104,373.34310535639526,3.2542011046782138,14.491805077716707
333.35888364878485,184.0864629316144,1.2989003494381903,6.337737935222686,0.1094676539301872,16.629942893981934,3.4399342775344848,6.285502338409424,2.012234663963318,11.150729274749756,0.3587140738964081,0.991098016500473,2.1866126537323,1.500548267364502,3781.1275390625,106.32140197753908,477.6704132080078,202.76170806884767,680.8866455078125,16.574395370483398,30.430051612854005,65.85699081420898,795.6086954116821,1259.5790486335754,14216.8726847291,0.2354347206070088,526.1740619067102,373.403540828824,3.2262537809088827,14.513770297914744
321.5558980269358,175.02007319126278,1.4351419788785278,6.430461456160993,0.1086477749049663,16.673357582092287,3.18452525138855,6.248031377792358,1.976682424545288,10.948957920074465,0.3635518342256546,0.9977023005485536,2.2023907899856567,1.4925495624542235,3751.9636474609374,98.25592346191408,474.31053771972654,199.19917907714844,668.5495300292969,17.274164962768555,30.464399337768555,66.9847640991211,761.0318305969238,1302.4323599815368,14403.837265062331,0.2320104488841025,522.2691843733191,373.3906816676259,3.2519131771288814,14.543107824772596
321.76001644223,170.7489550979808,1.316341110970825,6.548042028374039,0.1187592029571533,16.037911796569823,3.0941563129425047,6.080945491790772,1.8374009728431704,10.12342290878296,0.3590015441179275,0.9981292247772215,2.2723195791244506,1.4664016842842102,3705.287744140625,95.62879486083985,461.99985961914064,185.3303939819336,618.6859008789063,16.631136894226074,30.442274856567384,69.51100158691406,785.715200805664,1374.519788312912,15038.036995387078,0.2228848213329911,527.2962737973779,373.40035564750434,3.241992358583957,14.599790206365288
316.0503956688102,166.30663066916168,1.446758137922734,7.511174703156575,0.1137825734913349,15.49980297088623,3.13195858001709,6.0728621006011965,1.8710813999176024,10.339587497711182,0.3854663014411926,0.9973172783851624,2.365162801742554,1.440225338935852,3527.38720703125,97.03689270019532,461.3546478271484,188.6708114624024,631.55263671875,18.32021369934082,30.42247505187988,76.1283935546875,775.2081062316895,1345.2048935890198,14721.049816524985,0.2197213616644148,511.5203438609839,373.26357693225145,3.2737519378773867,14.611949363350869
343.512758037867,187.9320163170807,1.6848367463797331,6.205802498292178,0.1062407128512859,16.683168601989745,3.632969951629639,6.361151790618896,2.0789682626724244,11.549958801269533,0.4214359909296036,0.9921010136604308,2.135311818122864,1.5013743877410888,3806.175854492188,112.5181411743164,483.4254180908203,209.38460388183597,705.2404907226562,20.71261386871338,30.45640754699707,63.83141937255859,795.053978729248,1181.3526498794556,13849.374802744387,0.2429683073671185,523.7602613784372,373.5537805438042,3.3854430728591978,14.512130640819668
325.72848401777446,176.70036911405623,1.3329594349488616,7.514536266215146,0.104698571562767,17.23394603729248,3.3151367902755737,6.212073183059692,1.956831121444702,10.82319278717041,0.3630188167095184,0.9931570410728454,2.3625075578689576,1.5204339027404783,3894.878784179688,102.2870964050293,471.8927368164062,197.2319320678711,661.0275024414062,16.89843158721924,30.45771026611328,76.17156448364258,781.7359119415283,1321.1967510700226,14505.405791175366,0.2353278649941785,531.3397071477026,373.2044922545553,3.232718121819198,14.501204838231208
334.58686987604017,174.29554545618595,1.447796175070107,6.840179628273472,0.1191822491586208,17.250063133239745,3.4101563692092896,6.223293972015381,1.9830207228660583,11.018659591674805,0.3850014835596084,1.0068434953689576,2.221070981025696,1.5133851528167723,3978.8419921875,105.5278091430664,472.5192657470704,199.7784118652344,672.5277709960938,18.315489768981934,30.474586486816406,69.59326858520508,799.7739277839661,1308.858679485321,14619.22808151245,0.2273642422340344,542.4089420080185,373.0174705207348,3.265777765866369,14.5037198767066
323.99664506842385,185.65889644753187,1.3909189545549452,6.29886265695095,0.107824333012104,16.289420700073244,3.441568946838379,6.357242631912231,2.0749433994293214,11.533051490783691,0.3655304580926895,0.9933560371398926,2.060701012611389,1.4838131546974185,3660.262353515625,106.2603546142578,482.7553649902344,208.98560333251956,704.0965270996094,17.217461395263673,30.473817825317383,62.057891845703125,779.888570022583,1199.801930141449,13907.038702487946,0.2448770608374616,515.0961387675255,373.6202162072062,3.245158164575696,14.53325177319348
324.6668926353101,169.5659145947546,1.3692232880741355,7.41391842677258,0.1234517745673656,16.417899894714356,3.127414107322693,5.8638012409210205,1.8241496562957764,10.046568393707275,0.3444434553384781,0.9903255701065063,2.472358560562134,1.4607471466064452,3782.61787109375,96.70310516357422,445.20726318359374,184.01590270996093,614.0353393554688,16.14018306732178,30.428068161010746,78.93578796386718,785.4753574371338,1351.4588615894318,14768.402251517771,0.2244622432728647,528.2937349691987,373.4004952058196,3.250651241838932,14.640974216349424
327.2492054448929,174.7526393723674,1.6828283830545845,7.108640384674072,0.1163850553333759,17.036082077026368,3.473953461647034,6.189065885543823,1.9356086254119875,10.71574411392212,0.4075390785932541,1.0044771432876587,2.265098786354065,1.493982207775116,3859.775146484375,107.1054344177246,470.3383514404297,195.10389099121093,654.2296997070313,20.06254196166992,30.48275756835937,71.85607299804687,783.4482461929322,1260.87106924057,14264.855688810349,0.2286130651569692,527.6230260826648,373.5229893535376,3.3613715818151837,14.55488021466881
328.2849866742734,177.22860567420722,1.7081402045674623,6.677688664360903,0.1164521627128124,16.156558990478516,3.2010210514068604,6.15398211479187,1.893365061283112,10.465966701507568,0.4114236235618591,1.0084752082824706,2.3017261266708373,1.4715133428573608,3678.952954101562,98.86615753173828,467.3745880126953,190.90186004638676,639.1715759277344,20.312850189208984,30.40534553527832,71.25316925048828,786.2550701141357,1288.2188762187957,14380.38807822466,0.2273866694609751,519.8658636838197,373.5820127159357,3.3749705075286327,14.5738449299708
334.5211358900648,170.92406982947142,1.4633051488548516,6.511890644673258,0.1010948583483695,16.442135620117188,3.368266201019287,6.132622480392456,1.8629815936088563,10.283756732940674,0.3645805805921555,0.997427237033844,2.10354220867157,1.4979493737220764,3801.383911132813,104.18465194702148,465.7099334716797,187.86255950927733,628.0664184570312,17.411482429504396,30.47234954833984,64.30217666625977,781.801343536377,1354.6593757629394,14871.693511795998,0.2292723365215351,531.7197256442159,373.4451010078192,3.258618875127285,14.56149791907519
327.24073231265646,167.64579082652926,1.6213588690385223,7.070540128322318,0.1004156917333602,16.831616973876955,3.3075167179107665,6.132088375091553,1.880740249156952,10.384381580352784,0.409834161400795,1.0099026679992675,2.2775823354721068,1.5039483428001403,3835.79375,102.41928176879884,465.8525695800781,189.65143432617188,634.1899658203125,19.984943389892575,30.45614719390869,72.23061141967773,782.7215483665466,1348.3827132701874,14882.737490057943,0.2238453385580214,530.0967891834676,373.4336750835181,3.352908407524228,14.551417034119368
330.6257736141444,170.14435700215398,1.6394141205586492,6.447735730418936,0.1023318380117416,16.911552238464356,3.24710898399353,6.116585922241211,1.885168695449829,10.41567840576172,0.4314567416906357,1.0035820484161375,2.164796757698059,1.5076323866844177,3900.030126953125,100.4977798461914,464.1972930908203,190.07381896972657,636.2320922851562,21.02825336456299,30.43511734008789,66.0744529724121,800.2103472709656,1305.7594566822052,14558.354809224606,0.2151828000438399,534.3452237710356,373.1821318179369,3.395850555505604,14.524525009840726
355.5525927264709,184.184810099192,1.491120648942888,6.090263286419213,0.129055106639862,18.569550132751463,3.519728899002075,6.3423339366912845,2.065068936347961,11.468684577941897,0.3979025810956955,0.995953381061554,2.111140990257263,1.5492435932159423,4261.43056640625,108.752001953125,481.6862823486328,207.9974609375,700.1063598632812,19.043906021118165,30.427526473999023,62.68161277770996,804.6606782913208,1192.5085780143738,13920.646497821808,0.2361683340146555,548.2888804249466,373.46201345473526,3.2944362540729344,14.46994528658688
338.1929558324628,184.36920749545095,1.403992906678468,6.734496339317412,0.1249319151043892,17.034861373901368,3.375671315193176,6.43162317276001,2.184165954589844,11.92742462158203,0.3789951175451279,0.998303198814392,2.2593445062637327,1.499257266521454,3846.10458984375,104.54103927612304,488.88580322265625,219.73915100097656,735.9348815917969,17.889151763916015,30.407494735717773,69.979150390625,793.1214450836181,1162.931733894348,13850.53659749031,0.2544021658046403,523.1638763740659,373.6854535579681,3.25120741724968,14.512806515395642
334.5152276100125,178.8048458624631,1.338259839359671,6.899802380381152,0.1241249606013298,16.446468544006347,3.375969386100769,6.205803537368775,1.9519508719444276,10.820200634002685,0.3572661012411117,1.0014956712722778,2.284286785125732,1.4805429577827454,3784.975122070312,104.27542190551758,471.2028869628906,196.6670654296875,660.7551452636719,16.641758918762207,30.473510932922363,71.61605682373047,804.284990978241,1306.293834209442,14566.155028688909,0.2278679403985734,530.2790483981371,373.1479851871729,3.238635757751763,14.540583655983207
323.6635282728821,185.29510111566637,1.4972577625885606,6.944734245724976,0.1126576028764247,15.880589771270753,3.2603143453598022,6.365715503692627,2.093618369102478,11.651183319091796,0.3721538364887237,0.9973778247833252,2.211874961853028,1.4704845905303956,3567.79560546875,100.62798309326172,483.5876159667969,210.84159240722656,711.1187622070313,17.879407501220705,30.437250518798827,69.30241394042969,782.256787776947,1196.0141611099243,13969.7956892848,0.2422831568052061,509.2860579781234,373.6578263193369,3.265839962381869,14.544285044446587
329.00262736198493,178.7053678018041,1.5030723299831152,6.550309948995709,0.1090304866433143,16.394540786743164,3.432188105583191,6.257321166992187,1.992796778678894,11.036199569702148,0.3919860631227493,1.003035306930542,2.274499464035034,1.487157106399536,3709.1494384765615,106.3219970703125,475.5330780029297,200.8087539672852,673.9426879882812,18.80625972747803,30.48541831970215,69.90915222167969,778.7464366912842,1275.7427606582642,14336.131441259384,0.2377715791415539,520.8187500171364,373.47697200030086,3.293128394521773,14.545746313966813
317.39009182699954,173.30161762665958,1.4952973602339623,6.353857927210629,0.1019764617085456,15.555111694335938,3.106704258918762,6.139581775665283,1.9029929161071777,10.52035026550293,0.4042269289493561,0.998571515083313,2.056482195854187,1.459419846534729,3520.649755859375,96.1452392578125,466.476806640625,191.8612182617188,642.5345275878906,19.323576164245605,30.42534828186035,62.10674514770508,789.7683961868286,1292.9993003845216,14421.078890216351,0.2205607451294781,510.9246459044516,373.4480567589402,3.3165739610791207,14.57770407218486
328.78681933050973,172.76667533237486,1.7155560488812625,7.032451164908707,0.1242265187203884,15.851834487915038,3.2939339876174927,6.185571908950806,1.93678777217865,10.693166160583496,0.4367472112178802,1.0111070036888123,2.4391448974609373,1.455340838432312,3632.053930664063,101.80109939575196,469.5065856933594,195.2404296875,653.5165649414063,21.504757118225097,30.448148727416992,77.16165237426758,800.6953161239624,1374.9959089279175,15323.801540637016,0.2275528269135975,518.8910806383938,373.32880054861306,3.4231217613443734,14.58167305998504
335.16179546015337,176.2117252632044,1.4017811683937906,6.514132851944305,0.1209103733301162,16.701118659973144,3.273774814605713,6.14734468460083,1.879185438156128,10.368669986724854,0.3504686087369918,0.9976869344711304,2.2981112718582155,1.4975682377815247,3865.7380859375,101.39374618530272,467.3993560791016,189.48772125244145,633.5374389648438,16.553592872619628,30.468415451049804,70.24574508666993,798.228346824646,1347.5889443397523,14921.58903710842,0.2306359234993578,536.7776689272374,373.4368498563766,3.2414765639230607,14.559685927070678
342.9262660764856,181.399020944722,1.3308003754355011,7.29689416422043,0.1045118160545826,17.78785820007324,3.505300045013428,6.266584157943726,1.9815417766571044,10.987391757965089,0.3607898473739624,1.0070921182632446,2.4184643507003782,1.539857804775238,4050.8101318359377,108.5663688659668,475.9066467285156,199.6823181152344,670.6383483886718,16.79911079406738,30.416414260864254,77.57309341430664,804.8552028656006,1219.4485803604125,14062.421590423584,0.2347358520957641,539.3362303230912,373.3296202778817,3.225049125496298,14.480908115766942
317.09626729236913,170.4524707529694,1.5055361940525471,6.847678722906858,0.1225836902856826,15.674763202667236,3.1579867601394653,6.112062454223633,1.8785869002342224,10.373984909057617,0.4050310581922531,0.9961607456207277,2.283124017715454,1.4496941447257996,3536.642041015625,97.5648910522461,464.0752777099609,189.4302993774414,633.7119201660156,19.393402671813966,30.42289161682129,70.95657501220703,782.9069366455078,1292.353738975525,14473.894907176496,0.221699589570926,511.45244062021374,373.68362844139335,3.3206777470186357,14.610593828931451
321.3091732688714,165.87993158530443,1.337523961160332,7.405148361809552,0.111449110507965,15.771007347106934,3.1551308393478394,5.857682800292968,1.8270653367042544,10.06427059173584,0.3460738748311996,0.9983900785446168,2.359815049171448,1.453917098045349,3647.162353515625,97.34139862060547,444.5876800537109,184.30638122558597,615.1498046875,16.103178787231446,30.435955047607425,75.52302551269531,781.955908203125,1367.6593921661376,14910.086744534969,0.2186365032583125,522.4942960534245,373.7215008765459,3.2486007193103434,14.67008353266865
323.09242224325425,173.52266998291014,1.5402286937460303,7.697177519556135,0.123195993155241,16.357665252685546,3.189110016822815,6.095145416259766,1.8405571222305297,10.14545421600342,0.4135319739580154,0.9937188029289246,2.43529360294342,1.4720869064331057,3735.280200195312,98.5446563720703,463.3048095703125,185.6472930908203,619.9503540039062,19.892695236206052,30.45122528076172,79.00320205688476,785.8721540451049,1360.2597502231597,15016.887962293626,0.226105464855209,526.4962462618947,373.5740566894412,3.342579326406121,14.600709271244703
317.0871920463163,176.90134271215646,1.3956164308823644,6.102965209633112,0.1052694037556648,15.860332489013672,3.1667401790618896,6.179016971588135,1.9141518115997316,10.582224369049072,0.3648337811231613,1.0081140995025637,2.0929866313934324,1.4705650806427002,3576.032470703125,97.91023254394533,469.4787933349609,192.9673629760742,646.3090942382812,17.190230941772462,30.450152587890624,62.47916259765625,783.8779212951661,1266.975889873505,14219.138620126248,0.2255817607307108,513.279042480886,373.5721196934581,3.252399060688913,14.572628715261818
307.55407355786303,170.53314294368028,1.386753498762846,6.353908927226439,0.1122736603021621,16.12793960571289,3.1119787454605103,6.101616764068604,1.843702518939972,10.164371585845949,0.3517826974391937,1.0013825297355652,2.2542654275894165,1.4686013460159302,3612.813427734375,96.17876892089843,463.23948974609374,185.9606918334961,621.0771545410156,16.55376281738281,30.46929359436035,68.24410552978516,782.2160327911376,1366.0987174987793,14938.509400761128,0.2214607219488243,517.2759161762893,373.5412226364016,3.2465526562184097,14.598738198913631
325.42336039603686,172.2404550505802,1.7371146066114307,7.127366771246306,0.1198581427335739,15.499696159362792,3.1449909448623656,6.092392492294311,1.847634506225586,10.187765407562257,0.4397851705551147,1.0006821990013122,2.266027402877808,1.4388898968696595,3595.3937255859373,97.4527114868164,463.0922882080078,186.3479248046875,622.4111633300781,21.707230186462404,30.449925231933594,71.66457061767578,797.7377589225769,1325.211976623535,14811.779187071324,0.2145034326604218,520.6418378636241,373.6398767843842,3.4346718774177134,14.6338048286736
333.5147593737114,173.03601110298186,1.6358548865653575,6.753333201725036,0.1049254298210144,16.521806907653808,3.1985382080078124,6.11946964263916,1.8474698305130004,10.18402032852173,0.4317175716161728,1.0132789611816406,2.261569213867188,1.497954821586609,3822.5533203125,98.9212516784668,464.5707763671875,186.33577575683597,622.3526428222656,21.028803825378414,30.46676445007324,70.58642120361328,792.9743361473083,1348.7385213851928,14946.97633163929,0.2211534908230533,533.4608837183565,373.44035405814645,3.395589822344482,14.56084152981639
323.8197535220068,163.76162734404207,1.3806315874680877,6.338619219092652,0.1113425470888614,15.465306186676026,3.1627848625183104,6.035863256454467,1.8345431089401243,10.107275104522705,0.3599477916955947,1.0028400659561156,2.210678625106812,1.45161110162735,3555.99677734375,97.99054183959962,458.7187713623047,185.049462890625,617.471826171875,16.900800132751463,30.452379989624024,66.84489135742187,784.4550722122192,1354.1641038417815,14902.297741138937,0.2167656406832975,516.7182887196541,373.6211484596133,3.255010766442865,14.626603172533214
326.11935014761985,170.57126024384053,1.4227824848145247,6.559083439572714,0.1095676347613334,15.753090000152588,3.2092036247253417,6.06415867805481,1.8472452640533448,10.175793743133545,0.3909861534833908,0.9940403580665588,2.1613956451416017,1.4643446326255798,3625.44609375,99.3429168701172,461.0419647216797,186.3177352905273,621.9119873046875,18.485101318359376,30.44992179870605,66.05188522338867,789.7421625137329,1414.542301750183,15451.724487876892,0.2258670548151712,520.1304445765912,373.2081395432353,3.2767629452981053,14.59141148198396
315.9557178506628,175.8179324321449,1.4337683494202793,6.85658385863062,0.1097154662013053,15.608505535125731,3.2412835121154786,6.249906635284424,2.0026151657104494,11.09074010848999,0.3936006516218185,0.9997969150543212,2.3037029504776,1.461158132553101,3511.311889648437,100.29850692749024,474.7074462890625,201.7794204711914,677.4131042480469,18.642101860046388,30.44863739013672,71.89521408081055,778.0308540344238,1325.4231459617615,14627.646285605431,0.2353451938237412,510.5754304751754,373.3327386021614,3.2822376649826763,14.557877771556376
327.3530196439475,167.17991316523404,1.4487138446420431,6.868235370703042,0.1173169665038585,16.282339668273927,3.469831657409668,6.090310239791871,1.8655104279518129,10.298219680786133,0.3765706330537796,0.9929348826408386,2.340306067466736,1.4720137476921082,3741.1738037109376,107.4789260864258,462.180029296875,188.12470550537108,629.1066040039062,17.914422035217285,30.47593688964844,72.87981948852538,774.6245637893677,1339.9758071422575,14652.947453320026,0.2287003185163484,525.530214388296,373.38800912350416,3.2681869198568165,14.587014239281416
324.26379573373123,176.25310253528878,1.6278944730758669,6.861513691814617,0.1098317429423332,16.1854398727417,3.3947646617889404,6.19694185256958,1.9583811521530152,10.837953567504885,0.4337921380996704,0.9976655960083008,2.26130952835083,1.476048517227173,3663.153564453125,105.06761627197264,471.1889709472656,197.3767883300781,661.8839050292969,21.097504234313966,30.451513290405277,70.53368301391602,790.5398511886597,1274.362304496765,14370.718005752564,0.2288405040235375,518.9579510964453,373.5116277962923,3.39766306290403,14.557506709359586
338.4823616009671,181.12338352184744,1.4896156143397092,6.661868801061064,0.117482491582632,16.280261421203612,3.592685890197754,6.40475344657898,2.1513330698013307,11.947765350341797,0.3977175861597061,0.9959036111831664,2.226086378097534,1.4831849455833437,3703.5894287109377,111.2467529296875,486.1441650390625,216.61939544677733,729.7049987792968,19.020536613464355,30.434894561767575,68.5949920654297,798.3931900024414,1211.590409851074,14093.908751797677,0.2419416943448595,520.9531404133886,373.5924387440085,3.299534700345248,14.52463614717126
322.27048408719713,181.1171057973057,1.6528218073770404,7.043448333349079,0.1215202651917934,17.08532371520996,3.439071702957153,6.287862253189087,2.03047661781311,11.252829647064209,0.400072380900383,0.9928223490715028,2.287248396873474,1.5072976231575013,3822.850390625,106.0897430419922,477.71571960449216,204.5660369873047,687.2454284667969,19.634275436401367,30.449779510498047,71.99199600219727,794.2106809616089,1265.3465915203094,14333.28665934801,0.2372672551922733,526.4362465254962,373.3905079454184,3.339615204371512,14.510755506716668
327.37415830851535,172.0614569136873,1.6983106191270054,7.436506636580452,0.1175090298056602,17.03248882293701,3.2116679191589355,6.041792201995849,1.825018584728241,10.053464412689207,0.4075401842594147,0.9950917959213256,2.471252107620239,1.5009344935417177,3891.2418212890634,99.16912384033203,458.6689086914063,184.0997772216797,614.425537109375,20.10510692596436,30.423559188842773,79.24529342651367,788.321683883667,1360.7436212539674,15005.905927681924,0.227880967137753,534.0855261791497,373.5406395271421,3.365684855170548,14.57990202791989
309.87980501391,163.01330868210644,1.6188156636431814,6.99179752911441,0.1078113920986652,15.060246753692628,3.056176471710205,5.735710000991821,1.8580148935317995,10.247791957855224,0.4158130049705505,0.993142545223236,2.3047781705856325,1.439278745651245,3443.518920898437,94.29535751342772,435.7252471923828,187.3925109863281,626.2008666992188,20.23993968963623,30.46213150024414,71.8960968017578,747.6454162597656,1389.0945158958434,14962.537114024162,0.2010900922818109,517.3122514691204,375.8429517477751,3.369037445820868,14.788533265329898
335.1113932305481,182.3275869278237,1.3664995945058762,6.365320882992819,0.1230174221098423,17.4445369720459,3.3918184995651246,6.256793785095215,1.9736767649650573,10.941643333435058,0.368272402882576,1.0070557594299316,2.1282597303390505,1.5061926245689392,3958.938720703125,105.0613739013672,475.3280731201172,198.89887542724608,667.8729125976563,17.25606918334961,30.47029685974121,64.76379623413087,789.9899158477783,1245.9595650196077,14152.637991273405,0.2332137275632703,533.6514995187521,373.39614540487526,3.243507545161992,14.53090659994632
335.0817624148447,176.1557383550331,1.2906837955117223,6.968562268279493,0.1211678393185138,16.940983963012695,3.4090994119644167,6.209561729431153,1.9183234214782716,10.591549396514893,0.3491682291030883,1.007252812385559,2.270625901222229,1.5034982204437255,3916.5866455078126,105.28896713256836,471.4385833740234,193.39785461425785,647.1637817382813,16.108405685424806,30.41039657592773,71.50002517700196,787.8570070266724,1363.1474186897278,14959.337831640243,0.2362010617129271,540.1039987944066,373.4180955141783,3.2223426179029047,14.53990111760795
329.00854449067265,183.42076870966704,1.542053912393749,6.66810055905953,0.1084754139184951,17.41499137878418,3.246658062934876,6.363751173019409,2.08306097984314,11.56427516937256,0.411458295583725,1.0034691095352173,2.143604350090027,1.5199005007743835,3906.644799804688,100.19078521728515,483.0771453857422,209.8027755737305,706.0907653808594,19.814303398132324,30.43512916564941,66.35717697143555,788.457000541687,1212.019702911377,14038.311804306508,0.2386420790251577,528.5400865070521,373.552723287046,3.334215676225722,14.49527340438217
338.78673743368125,184.0977725797333,1.4092026754282414,6.785431923624128,0.1174341566860675,17.769363784790038,3.3541599035263063,6.294184446334839,2.019114112854004,11.211638736724854,0.3649339318275452,0.9922634959220886,2.297150230407715,1.5211629748344422,4040.319555664063,103.47069931030272,478.503466796875,203.41070556640625,684.3415954589843,17.26003074645996,30.461429595947266,71.2797348022461,798.3153484344482,1195.7571451187134,13927.223759555816,0.2337968000661931,535.6968578614294,373.54182934165,3.2432323567569257,14.50996816083789
312.34376095030456,161.82208885420113,1.7042178246192634,6.294767882814631,0.1222688242793083,15.944537448883056,2.994371032714844,5.420460319519043,1.835488200187683,10.16366319656372,0.4318283975124359,1.0055220127105713,2.09113347530365,1.4723682165145875,3689.60390625,92.49646224975588,411.4961029052735,185.12212982177732,620.5574035644531,21.23648281097412,30.413663864135746,62.61824798583984,760.7197734832764,1471.194329214096,15947.354351615906,0.2492842809937428,545.0706439830362,376.2030871734023,3.416004176065326,14.854866281710564
356.0786772770807,184.30196761637927,1.6971310404129327,7.129117541573942,0.1188481852412223,18.17139778137207,3.4877408742904663,6.303047847747803,2.021792268753052,11.23262529373169,0.445593997836113,1.002605938911438,2.395230388641357,1.5393449664115906,4182.740234375,107.82296218872072,478.893490600586,203.66822509765623,685.6518798828125,21.86296329498291,30.44215488433838,76.06951751708985,802.899020576477,1187.194112110138,13892.43031243086,0.2324850148652331,542.8887103822083,373.5130828306079,3.4306761416606606,14.483348556235432
335.4593326234259,174.72641373118387,1.2699070922099054,7.060126106906682,0.1183937609195709,17.64224452972412,3.467238998413086,6.253212738037109,2.01667640209198,11.174018383026125,0.3450483500957489,1.0031015276908877,2.2533828020095825,1.5258333921432494,4057.771875,107.10210494995115,475.1326293945313,203.1918914794922,682.3382629394531,15.857531452178955,30.427326202392575,71.30145568847657,790.1784397125244,1300.1446410655976,14425.282831454277,0.2331669966821209,543.2864288058132,373.1090239867568,3.209479419793934,14.485698781348765
341.1288058454171,174.516658071056,1.5748349119909109,7.414709403645247,0.1101974181830883,17.475585556030275,3.5121034383773804,6.171273183822632,1.9270187616348269,10.669495868682862,0.4179783195257187,1.0039503693580627,2.47848505973816,1.5273587226867675,4043.920434570312,108.51814880371094,468.6897369384766,194.24202575683597,651.4617614746094,20.21157207489013,30.433305740356445,79.84154663085937,798.254625415802,1307.892146730423,14587.033421063425,0.2308105353266,544.5833068139851,373.0075466349721,3.3556750204414127,14.495174852758646
317.36537440200334,176.32535569816827,1.324023794103414,7.381555163161829,0.1033817738294601,15.824124717712404,3.0882073640823364,6.148889636993408,1.8831126689910889,10.40029764175415,0.3394204258918762,0.9926791191101074,2.40260066986084,1.460255539417267,3585.107104492188,95.53341979980468,466.7341583251953,189.8765426635742,635.3158752441407,15.769196224212646,30.422100067138672,76.76120452880859,787.3017127990722,1324.5428936958313,14534.27563701868,0.2270613931759726,514.8079778626561,373.4351251006127,3.2326791444793344,14.580537882447242
329.3087769649457,174.8454903598875,1.4964149836450815,6.363814432639629,0.1158512666821479,17.234555816650392,3.372525787353516,6.172810792922974,1.9117297887802125,10.569980239868164,0.370842781662941,1.002141356468201,2.0447921752929688,1.5022917151451112,3907.086401367188,104.05661544799804,468.8915069580078,192.72457885742188,645.5113891601562,17.81364688873291,30.430194854736328,61.96434478759765,783.0104028701783,1267.8499612808228,14268.774297082424,0.226459284358134,530.4444709688426,373.50619457662106,3.2657479097135367,14.54729884415865
325.16026309020816,167.31345221847295,1.6050384717062116,6.962283793371171,0.1195846229791641,16.74098930358887,3.1617561101913454,6.1126374244689945,1.8877433776855468,10.427111148834229,0.4290000677108764,0.999140202999115,2.371025323867798,1.4735423803329468,3812.533984375,97.73561935424804,464.04103088378906,190.34066925048828,636.9614929199219,20.804326248168945,30.413572311401367,74.3005760192871,778.4800851821899,1335.0291768550874,14706.93525708914,0.224435057087976,526.1337169606238,373.3992076292634,3.3847968911752107,14.57905098926276
317.44601268421394,173.67291315086186,1.3938206748105586,7.277074996335432,0.1001606866717338,15.940125274658204,3.1097771883010865,6.169291305541992,1.9112274169921877,10.565181922912595,0.3509692162275314,1.011921763420105,2.4206170558929445,1.4738273859024047,3587.11064453125,96.0654541015625,468.7149322509766,192.67812957763672,645.2878112792969,16.54584674835205,30.45898056030273,77.58686141967773,764.7084716796875,1298.7244678974153,14398.1026725173,0.2270988956021028,513.037785755843,373.4866897180676,3.243390343617648,14.573790881037713
324.9705433342839,183.93119949623943,1.6334466950967907,6.610651186015457,0.1038491860032081,16.072218894958496,3.214038801193237,6.373185110092163,2.096491885185242,11.635828876495362,0.4295926332473755,0.9963582754135132,2.2750619649887085,1.4834192752838136,3613.410791015625,99.26332473754884,483.8821533203125,211.14476776123047,710.5874572753906,20.926758193969725,30.469696044921875,69.97639999389648,785.5414727210998,1218.0448833942414,14072.489082336426,0.2391908036981476,512.9018557231873,373.6404672816396,3.389860543701798,14.529044287092985
316.39167957068423,173.4298957273364,1.484795702714473,7.376130973338149,0.1276122227311134,16.459606170654297,3.190454602241516,6.151116752624512,1.9012775778770448,10.499151039123536,0.365825268626213,1.0110991716384887,2.451786208152771,1.4718132734298706,3700.974536132812,98.53535537719726,467.1041046142578,191.70975036621093,641.3167663574219,17.532143592834473,30.462916755676268,78.94677200317383,776.2683631896973,1287.501961994171,14377.771417021751,0.2261335279428749,520.3319422099739,373.5734103947878,3.26649737842381,14.586638013273475
329.3827988760313,167.80477199293674,1.717570021841675,7.354076179955155,0.1031319737434387,16.712139701843263,3.344791030883789,6.114234495162964,1.8740830540657043,10.332064056396485,0.4300554245710373,0.994420313835144,2.408886957168579,1.5061739087104795,3832.102416992188,103.52685623168944,464.6143432617188,188.99378204345703,631.4099426269531,21.20371398925781,30.4859001159668,77.0722427368164,780.4805031776428,1370.844527053833,15070.708140718936,0.2289414019323885,531.5641694422811,373.42516410797833,3.4103197252377866,14.55015560053289
318.2651195905637,180.02934970771895,1.6222812471911312,7.25338371261023,0.1042361550033092,15.576634311676026,3.3207908868789677,6.339281463623047,2.0846529960632325,11.59136219024658,0.4221818119287491,0.9990614533424378,2.5323073863983154,1.4636564612388612,3491.830322265625,102.84841613769532,481.6953887939453,209.94749908447267,707.6357543945312,20.551920890808105,30.489187240600582,80.76460647583008,761.2009092330933,1291.9530176639555,14468.03603901863,0.2442093578589265,507.12887791618704,373.4123673737049,3.3751085633412004,14.547782526165246
329.63314676159064,174.00524821206926,1.522046953625977,6.373226736625656,0.1034960947930812,17.290080261230468,3.445803999900818,6.091656303405761,1.842057991027832,10.17152452468872,0.3829016506671905,1.0063791394233703,2.1605525493621824,1.5162528038024905,3976.540625,106.48729858398436,462.7720642089844,185.79421691894527,621.2295471191406,18.457737731933594,30.478899002075195,65.7717529296875,788.8481915473938,1323.9300511360168,14545.591298902034,0.2245520543569,538.9325251210481,373.3306010663509,3.280437226779759,14.53467211574316
342.1052499731071,183.9039689105004,1.335928338393569,7.559398016287014,0.1274506285786628,17.056631660461427,3.620977020263672,6.284856843948364,2.0283716917037964,11.241623401641846,0.361800017952919,0.9944607257843018,2.4377089023590086,1.5070760130882264,3903.749243164063,111.68524780273438,477.8260864257812,204.35106964111327,686.50068359375,16.85137939453125,30.421984672546387,78.72950439453125,804.0673254966736,1246.034676170349,14196.613634419442,0.2383992666393169,533.7207672737538,373.4217559933662,3.233960473071784,14.51130809765309
332.6249859649688,170.0366087933071,1.463287425134331,6.809304227866233,0.124952732771635,17.054548835754396,3.270701289176941,6.1749358654022215,1.945102047920227,10.759331035614014,0.3867425560951233,0.9962361454963684,2.2492368698120115,1.4924464106559754,3903.9857177734375,101.33877105712892,469.3805267333984,196.05936584472656,657.0906616210938,18.439866256713863,30.46364974975586,69.952587890625,789.6426246643066,1320.5231109142303,14630.842625153064,0.2267839961932622,532.8793838001787,373.3485126897693,3.2753493723459544,14.546105444058776
324.832533174986,185.5573402855545,1.746269929781556,6.943847769405693,0.1206855595111846,16.418064880371094,3.206497883796692,6.362410688400269,2.092260837554932,11.634580039978028,0.4199898540973663,0.9937706232070924,2.3125906705856325,1.476487672328949,3686.5962890625,99.03962936401368,483.3995788574219,210.70699462890624,710.3916076660156,20.822468948364257,30.435047149658203,72.33307800292968,794.3196431159973,1173.685916185379,13893.241886878011,0.2318367067200597,515.7548789191991,373.6300709336996,3.396471684612334,14.54340055026114
334.5074026625604,183.68196614850316,1.2716984579339623,7.173779206769541,0.1239238701760769,17.81586856842041,3.5476767301559446,6.462892055511475,2.1864139795303346,12.155223178863526,0.3432274788618087,1.0000425577163696,2.4367764949798585,1.5326396226882937,3985.6550048828126,109.69068222045898,490.4742431640625,220.11783142089843,742.3161804199219,15.797415637969973,30.439586639404297,77.49056396484374,767.0029392242432,1208.979975605011,14046.182914054394,0.2643566849816124,530.9903755426407,373.5479874432087,3.199246807768941,14.477500201202927
323.7114037917927,173.59469393501058,1.705019781924784,7.359788471297361,0.1054299779236316,15.714269828796386,3.1996637344360352,6.12057409286499,1.8729132413864136,10.336580085754395,0.4255406200885773,1.005640161037445,2.505403661727905,1.4669214367866517,3601.351928710937,99.02372360229492,465.307260131836,188.8732192993164,631.5547119140625,20.95563259124756,30.46984844207764,80.44060287475585,802.6883490562439,1338.3305765151977,14905.682688474655,0.2964906048102421,518.402164896205,373.46474651098254,3.400804355274886,14.583745731972158
330.1163431258872,170.29930321443825,1.6424385747872292,6.282564715435728,0.1118672870099544,17.335792541503906,3.2079176187515257,6.170959520339966,1.938312780857086,10.725766468048096,0.4095202475786209,1.0068377256393433,2.190911746025085,1.509731662273407,3956.1275634765625,99.42115783691406,468.9947845458984,195.3709686279297,655.0023498535156,20.035614204406738,30.48296546936035,66.3403823852539,788.1212541580201,1321.3376326560974,14617.832398164272,0.2246158377907704,535.2593446988612,373.2986035227776,3.356119891814888,14.524145722575486
319.8731728053652,168.39133981578053,1.489985337946564,6.653602403216064,0.1087355881929397,15.783146190643311,3.1162372827529907,6.163723134994507,1.9048932313919067,10.52134428024292,0.3663951486349106,1.0051074385643006,2.232655739784241,1.455542755126953,3584.956127929688,96.58083114624024,468.1169097900391,192.06030883789063,642.5724853515625,17.573630714416502,30.47077159881592,68.98629684448242,780.9115829467773,1353.3249757766723,14892.311639118194,0.2226599943140172,515.3476328294724,373.5308812364936,3.2688453037291767,14.60187621731311
328.9034119358752,170.2555065188557,1.7280958832241595,6.199949982622639,0.1238045170903205,17.4750675201416,3.337218976020813,6.146193885803223,1.903476393222809,10.501013851165771,0.4423548132181167,1.0005693793296817,2.1557615756988526,1.512108528614044,3953.114428710937,103.38309020996094,467.0658264160156,191.9250305175781,641.6958984375,21.80488376617432,30.448674964904782,64.60868301391602,798.4555881500244,1354.6976319313048,15159.396735298633,0.2299271131298155,535.1443299546838,373.38578543961046,3.433937070891261,14.541743347793815
344.0891879288014,179.3358645228669,1.521128412988037,7.1870963564142585,0.114418663829565,16.585769844055175,3.4576666831970213,6.239289855957031,1.9631837368011475,10.884232425689698,0.3857139438390732,0.9971604406833648,2.316481137275696,1.4958684206008912,3814.4980712890624,106.94130935668946,474.0931640625,197.86859436035155,664.3243835449218,18.582394409179688,30.4188663482666,73.52353134155274,796.1463047981263,1249.3352137565612,14200.309978091716,0.2333145300115575,526.7305936597288,373.4522346138954,3.2850465286523103,14.531779260002075
338.1189131747,176.18173743085936,1.7038853229954838,6.900415919045917,0.1259556904435158,17.04906177520752,3.4056819438934327,6.200908756256103,1.937917387485504,10.69246883392334,0.4273468434810638,0.9978359699249268,2.3428822994232177,1.495539939403534,3904.197900390625,105.30062408447266,471.2843627929688,195.35815887451173,653.4352722167969,21.03996143341065,30.487158012390136,73.32505798339844,797.8956693649292,1344.6734944343566,15018.95518952608,0.2374012604966992,535.2190788477659,373.4329412415624,3.4013574846088885,14.555902836844323
307.27257963498124,163.9492821149528,1.564577971585095,7.475746007775887,0.1041735336184501,15.252023410797118,2.983511233329773,5.558598947525025,1.862047863006592,10.266820335388184,0.3852236688137054,0.9932029843330384,2.386068034172058,1.4480721473693847,3519.637646484375,92.4292381286621,422.4994537353516,187.7953338623047,627.487890625,18.67595329284668,30.43694305419922,76.19717254638672,756.2032922744751,1407.183642554283,15018.39470692873,0.1890092559508048,529.0414653811604,375.9745459094644,3.304320694413036,14.82643022276461
323.34202865799887,185.265260059014,1.66188233345747,6.943326963670552,0.1047265797853469,17.038756370544434,3.190647912025452,6.307677173614502,2.0298908948898315,11.25150136947632,0.4009051442146301,0.9989790320396424,2.312295174598694,1.5097966551780702,3808.216796875,98.76501770019532,479.49095153808594,204.4966003417969,687.1494750976562,19.70002136230469,30.430946350097656,72.53664703369141,799.7123418807984,1216.8296023368837,14066.034902977945,0.232003151407116,524.0438303470612,373.5815690606833,3.3423045257106425,14.509930694662035
325.0603820538148,171.46617446132004,1.420042062178254,7.054399352194741,0.1193158484995365,15.995029640197751,3.314899277687073,6.059943962097168,1.8373836398124692,10.149178409576416,0.37037113904953,0.9930816054344176,2.393170785903931,1.4554071307182312,3659.82041015625,102.50612716674804,460.3955657958985,185.3133438110352,619.8908569335938,17.523069190979005,30.421851348876952,75.14484176635742,782.5943975448608,1336.6107467651368,14669.493220329285,0.2246286279914784,519.1112468659878,373.27945409715176,3.263758378941566,14.604023457504807
322.3011119814939,180.27452073432505,1.5849244953133166,7.383899981947616,0.0993481487035751,16.670084762573243,3.409588265419006,6.3677233219146725,2.113662338256836,11.739740562438964,0.4228793203830719,1.000666856765747,2.378682041168213,1.50002681016922,3735.466918945313,105.39937744140624,483.68146362304685,212.84896697998047,716.89951171875,20.46667232513428,30.430849075317383,76.39396133422852,784.2332925796509,1223.8588873386384,14073.184335160257,0.2367117218120256,520.6419306475669,373.5839079588652,3.3664337108843028,14.508061894401909
338.91765011204404,172.63665931681172,1.6611668647266924,7.348044120846316,0.1132138416171073,16.585097885131837,3.35021595954895,6.189538097381591,1.966233158111572,10.882754611968997,0.4315608382225037,0.9952179193496704,2.4887327432632445,1.4893309473991394,3808.2810546875,103.34790725708008,470.5669738769531,198.1500274658203,664.6755615234375,21.10202102661133,30.491500854492188,79.6504508972168,800.0202522277832,1298.2611506938931,14580.944589793682,0.2292852483864408,527.3525023642927,373.3137820407748,3.400576308649033,14.54002750851214
326.8797561083455,170.200875438191,1.653140533156693,7.646196923637762,0.1155239351093769,16.13495922088623,3.2074348449707037,5.9418598175048825,1.8336467146873476,10.1009090423584,0.435576930642128,1.0053877234458923,2.393633770942688,1.4742475867271423,3724.134033203125,99.15755920410156,451.7277069091797,184.96128692626957,617.332177734375,21.255162239074707,30.405418395996094,77.7350456237793,787.8224689483643,1352.406729888916,14964.596963369846,0.2207977846381254,527.051284918189,373.6592305198312,3.4089611476287245,14.624921269901098
347.4935304949992,185.40393278431148,1.4014512857422232,6.325873379595578,0.1248936615884304,17.561797523498534,3.542527318000793,6.470265245437622,2.224270391464233,12.36561851501465,0.3753675311803818,0.9931743383407592,2.155453586578369,1.522454822063446,3974.0251220703126,109.56395416259764,491.71802673339846,223.8784469604492,755.5198120117187,17.72192039489746,30.44904727935791,65.02971572875977,789.3357614517212,1180.590723133087,13966.46214044094,0.2650213150889612,530.7158452093602,373.5827828630805,3.244210674613714,14.482175643183291
316.8993763408158,180.1377214469947,1.3035139023326336,6.327764059510082,0.1166704058647155,15.612307739257812,3.164393949508667,6.314017152786255,2.073696422576904,11.49980640411377,0.3652834296226501,1.0014380812644958,2.1633573532104493,1.4538718581199646,3498.1552734375,98.01580123901368,479.78736267089846,208.8759017944336,702.4056518554687,16.874426078796386,30.42146835327149,65.32317810058593,791.2222774505615,1273.722827577591,14410.690842032433,0.2395501440594671,507.8878670141101,373.4956350564957,3.239360946789384,14.559395286999642
333.85390484388915,187.0435617260635,1.7536242252215744,6.69643872724846,0.1039811253547668,16.408908653259278,3.479468655586243,6.361191415786744,2.060881781578064,11.4332857131958,0.417931780219078,1.0010973811149595,2.202910566329956,1.498005712032318,3721.677661132812,107.38957748413084,482.9641967773438,207.60177917480468,698.1190185546875,20.748281288146973,30.43895721435547,68.21981735229492,795.8417651176453,1241.471287727356,14198.086166882516,0.2431856572598917,522.573419109732,373.3825107738376,3.39354300191626,14.507469075359404
329.5490704994183,171.2817905344069,1.4242376393638552,7.269697340391576,0.1159598432481288,15.803056526184085,3.153150177001953,5.9440428733825685,1.8248054146766663,10.051878643035888,0.3548054844141006,1.0032522678375244,2.3044671773910523,1.4574298620224,3662.859765625,97.56369400024414,451.3136505126953,184.0804626464844,614.3375366210937,16.808966064453124,30.40890312194824,73.42729797363282,800.8874784469605,1365.3808650016786,15096.945052599907,0.301696120595443,522.8579139702022,373.4592730775476,3.259692153800279,14.636380920559168
328.8260114072822,173.45346344448626,1.32233370738104,6.601774959615431,0.1080731131136417,16.190766525268554,3.269506096839905,6.08937258720398,1.8402797341346744,10.190335369110109,0.3466794073581695,1.0021698355674744,2.275030755996704,1.4838339328765868,3721.70888671875,101.17806015014648,463.0277069091797,185.61786346435548,621.6584045410157,16.099242782592775,30.47835922241211,70.04618911743164,802.2737522125244,1322.73347864151,14673.366885852814,0.2988876716306549,525.960092208162,373.5149912118912,3.232651959080249,14.581078855507076
335.21224519927057,173.55595045452938,1.680753884278238,6.925868804985657,0.1155096679925918,16.26603126525879,3.322564816474914,6.141291904449463,1.8767359256744385,10.36970510482788,0.4132969677448272,0.99090096950531,2.3735257625579838,1.4829285264015195,3740.479370117188,102.77407989501953,466.8869598388672,189.2490646362305,633.0607788085938,20.321027946472167,30.426318550109865,73.99020614624024,792.6944994926453,1326.426339530945,14758.380755209922,0.2277053079829784,527.0689840473235,373.4670403853059,3.3722663284279406,14.576270274072886
324.8686517009279,171.44233510755004,1.5860157295130193,6.912846494140103,0.1040680117905139,17.13649272918701,3.139960932731628,6.093548011779785,1.8428109884262085,10.178762340545656,0.4153943508863449,1.0051652193069458,2.273431587219238,1.5119130611419678,3917.87255859375,96.93879699707033,463.2637084960937,185.8733139038086,621.2887634277344,20.12816638946533,30.41947364807129,71.29932098388672,795.4731218338013,1325.1378263473512,14724.992213630676,0.2176381663201027,537.1434243354946,373.42598020881417,3.3548851552419365,14.551127652078868
331.1627448252402,183.31481075501068,1.345796833559871,6.305687918048352,0.1287965223193168,16.269766998291015,3.428367519378662,6.413667917251587,2.1580363512039185,11.943573570251464,0.3535250604152679,1.0037087798118591,2.080610394477844,1.473365032672882,3663.47861328125,106.17494735717771,487.5433135986328,217.2751052856445,731.8901733398437,16.50682201385498,30.451608657836918,62.89361228942871,768.9726013183594,1190.703312587738,13960.786865615844,0.2546024056922761,513.8730036646127,373.7637719035149,3.232229387946427,14.551708102039992
335.0450751893688,183.98981045689436,1.4640407969243825,7.360605130530894,0.1150689363479614,17.394664192199706,3.5097420454025268,6.283282375335693,2.0069416046142576,11.1275484085083,0.3889330923557281,0.9997066855430604,2.467023825645447,1.5214489579200745,3940.9220703125,108.66972427368164,477.64881896972656,202.21055603027344,679.3400024414062,18.54867191314697,30.463882446289062,79.16344528198242,790.4075773239135,1249.6774700164794,14185.351476466656,0.238735324452864,533.3754319354891,373.32993182092906,3.2745180695317684,14.502197197452189
326.5018128137337,170.21909783408046,1.691087425686419,7.65558557973709,0.1050769500434398,16.062656211853028,3.3527868509292604,6.109261417388916,1.8528676152229309,10.213678646087647,0.4086146175861359,1.0004575610160829,2.380644369125366,1.479439342021942,3687.8659423828126,103.60084533691406,463.8356079101562,186.87628784179688,624.1800659179687,20.133291816711427,30.42107982635498,77.30159530639648,782.3807083129883,1381.033803987503,15154.337895023822,0.2288280920445686,522.9839314933866,373.2928838953376,3.3667038148269057,14.572270961664618
317.0137792560272,180.3850745983422,1.6273391875438392,7.336743567604572,0.1100651010870933,16.10589542388916,3.1460617780685425,6.271727275848389,2.003592610359192,11.102978706359863,0.4233660638332367,1.0027024149894714,2.5447570085525517,1.476474153995514,3605.632373046875,97.0552734375,476.57575073242185,201.88363189697264,677.931884765625,20.62190761566162,30.46051406860352,81.55321807861328,795.8149364471435,1216.0147886753082,14078.231944060326,0.2238979830639436,513.1704377725721,373.6786707237363,3.3782853380776943,14.553076281957328
329.0894535441883,168.38748640660197,1.7423377105966211,7.522687969217077,0.1188201688230037,16.44756088256836,3.380830240249634,6.157589101791382,1.9051295042037963,10.518634223937989,0.4209645271301269,0.9936950206756592,2.4447717666625977,1.4802231669425965,3777.7597412109376,104.75420455932615,467.8921264648437,192.0866241455078,642.5050415039062,20.85348644256592,30.419750213623047,78.67842636108398,794.2763965606689,1328.322917175293,14853.079324674609,0.224036096464988,529.5726064518094,373.4647154808045,3.399307306203992,14.575530629232526
339.3838392996695,173.2426821762696,1.7447708149440586,7.076518437080085,0.1109368354082107,17.881723976135255,3.2823410034179688,6.231496047973633,1.9761425971984865,10.939228725433347,0.4551268935203552,1.0064680576324463,2.360387325286865,1.5307356119155884,4084.8464111328126,101.2692008972168,473.0005126953125,199.1487045288086,668.1006103515625,22.4471118927002,30.412538528442383,74.83380508422852,802.9095489501954,1275.8992646217346,14412.472413659096,0.2275052994446014,541.3591195218265,373.1872169986367,3.459456063993275,14.48471018690616
346.73559440812096,181.1770921666175,1.7669688023626804,6.874062603805214,0.1221769839525222,17.26598949432373,3.6794280052185058,6.324759483337402,2.0386000156402586,11.323213005065918,0.4203887492418289,1.0077653169631955,2.2228440046310425,1.5103713393211364,3955.389892578125,113.8779510498047,480.3599517822266,205.33213500976564,691.3088745117187,20.90081901550293,30.474542236328126,69.7924186706543,786.107998085022,1266.6251342773437,14322.867192471029,0.2446130267897387,534.8490473087877,373.41224103719,3.4003649478778244,14.511592308431863
323.5783565737773,182.99166080476715,1.466548496671021,6.587899410305544,0.1240075677633285,16.132698249816894,3.3986172914505004,6.382890081405639,2.122914814949036,11.795646381378171,0.3985961228609085,0.994738507270813,2.125128388404846,1.4680454015731812,3614.382568359375,105.20324172973632,485.29664611816406,213.75597534179687,721.5765747070312,18.97999801635742,30.44179344177246,65.11638717651367,783.3408782958984,1181.3540381908415,13955.31711052656,0.2411055981836398,511.5195045452565,373.8572626039386,3.2969745671376587,14.558569154329598
335.5204993915744,181.0242249391973,1.6000960756093263,7.451419826690108,0.1285042107105255,16.9434513092041,3.55734384059906,6.254803562164307,1.975019454956055,10.941861820220948,0.4012580215930938,0.9922619462013244,2.5361364841461183,1.4860703706741334,3873.876513671875,109.84903106689453,475.0729705810547,199.03691711425785,668.0422302246094,19.529814147949217,30.464683532714844,81.4094139099121,792.5528422355652,1248.3428466796877,14166.631714200974,0.2280668348408653,528.5560544319451,373.4740618124604,3.331902147550136,14.551993231661616
337.77190804402346,177.80694808419793,1.26340774865821,7.083618274377659,0.1239402830600738,17.276619720458985,3.4493236541748047,6.259979486465454,1.988738226890564,11.046933269500732,0.3493608146905899,0.9917857050895692,2.2384591102600098,1.515360128879547,3928.159326171875,106.82788925170898,475.7691680908203,200.3710144042969,674.3384033203125,16.02224464416504,30.42796897888184,70.53630447387695,804.9192335128785,1233.6894814491272,14166.298189163208,0.3074931260984158,533.5735085442662,373.4021588504314,3.213662288710475,14.510973293706774
320.5987116074306,165.44818939119577,1.5540338970720768,6.51435662987642,0.0979931659996509,16.780555534362794,3.098835229873657,5.958875942230224,1.8279869437217715,10.07776050567627,0.4047900557518005,0.9917160093784332,2.1975890398025517,1.499252986907959,3827.446801757813,95.74845886230467,452.8168212890625,184.3914978027344,615.8109313964844,19.54182949066162,30.453850936889648,66.91277847290038,788.8174766540527,1374.059695482254,15091.252861714363,0.216652095579775,530.5416361335665,373.3518034353853,3.330894961766899,14.586224957928062
332.1124353001593,185.79911971408876,1.55806317133829,6.756073245219886,0.1058666758239269,16.728887939453124,3.4771681308746336,6.446047115325928,2.177113080024719,12.109238338470458,0.4075371593236923,1.0046738862991331,2.186158847808838,1.5051818132400512,3760.5451171875,107.26561737060548,489.1831787109375,219.17815246582032,739.493896484375,19.688784027099608,30.4608097076416,68.1126937866211,788.1882041931152,1193.634142446518,13999.266751778126,0.2528647939208895,519.2517950374634,373.4566445752978,3.331109818723053,14.491102685406805
352.237234298652,178.90270894654094,1.713408473972231,7.277239282662049,0.118086551874876,18.23444118499756,3.6816210746765137,6.310968446731567,2.072723150253296,11.49789743423462,0.4193735927343368,0.9932435154914856,2.4476722478866577,1.5611613154411317,4212.18359375,113.90065002441406,479.34454956054685,208.7730270385742,702.1685119628906,20.706059646606445,30.44688415527344,78.12415313720703,810.9729246139526,1274.940796279907,14424.256123042109,0.2353832895809318,553.7534670293331,372.8692890703678,3.3848765001632275,14.432355531677604
353.1145808161702,179.7744619037956,1.322029997035861,7.15349287095014,0.1265615969896316,18.408991813659668,3.5390140056610107,6.322698259353638,2.049821639060974,11.364435291290285,0.3464832097291946,1.011000394821167,2.28186583518982,1.543449294567108,4250.928564453125,109.19850158691406,479.9039520263672,206.484228515625,694.0661193847657,16.12227268218994,30.444551467895508,72.8263038635254,797.9356133460999,1244.712962436676,14161.547707867623,0.2354918433906277,550.0976177681238,373.25920227617024,3.211690559983253,14.474632683582604
347.97121947887354,172.2755258096382,1.28738398803398,7.475638187630102,0.1054800428450107,16.812112045288085,3.433724164962769,6.23812255859375,1.983564496040344,10.982761764526368,0.3461050122976303,0.9938223361968994,2.46731185913086,1.502893257141113,3880.169067382813,106.30255355834962,473.7066955566406,199.88546905517575,670.6008056640625,15.962105178833008,30.45727157592773,79.38008880615234,790.4873849868775,1253.644959115982,14195.21500310898,0.2293746317765908,528.2449089363217,373.3872126802802,3.217509730998427,14.523459861241282
338.84530061427506,187.34992097355425,1.525532638002187,7.457831956958398,0.1280043199658393,17.3167573928833,3.6287020206451417,6.401868152618408,2.13770489692688,11.876838874816894,0.4060778766870498,0.9984519958496094,2.5209444999694823,1.512686550617218,3905.737817382813,112.07967834472656,486.7848663330078,215.2505096435547,725.2050231933594,19.51789035797119,30.46678924560547,81.2228988647461,786.6404640197754,1216.9901237487793,14124.50784856081,0.2525253513813368,529.160443469882,373.54904478639367,3.3207666317000983,14.507002113759516
319.5621513138525,179.68240609597416,1.6466487113386392,6.874614260788076,0.1277372568845748,16.0136079788208,3.3261041164398195,6.268251371383667,2.0062196016311646,11.10931167602539,0.3976294785737991,1.0012598395347596,2.386603665351868,1.4661821365356444,3595.8736328125,102.55734252929688,475.9933532714844,202.11463165283203,678.5615417480469,19.500234031677245,30.46835803985596,74.63620376586914,787.2691215515136,1273.3598635196686,14373.97299580574,0.2355674722115509,513.9015263266862,373.5739870280028,3.336046973615885,14.564481164142489
340.63370243636894,178.55706645026802,1.5106186750344932,6.71019939808175,0.1156033590435981,16.21511058807373,3.553520178794861,6.232352018356323,1.989818346500397,11.015006065368652,0.3932244569063187,1.0085667490959167,2.2183793783187866,1.4842290997505188,3767.316577148437,110.07500762939452,473.4667388916016,200.52694396972657,672.7218383789062,18.88472595214844,30.418855285644533,68.9690559387207,803.4978895187378,1301.2843825340271,14556.033763301371,0.2330319069442339,530.1525875147432,373.11109713464975,3.2978715070523323,14.525029638968409
318.87039653302634,170.07094351658597,1.6566688366234303,6.564866329007782,0.1021122597157955,16.614458084106445,3.1114954233169554,6.036289644241333,1.8302486062049863,10.091160583496094,0.4026706725358963,1.0030488967895508,2.2022902250289915,1.4901086568832398,3756.227368164063,96.37692413330078,458.9544982910156,184.6048446655273,616.6464111328125,19.759112739562987,30.451225090026856,67.63168716430664,789.4049080848694,1372.6174663543702,15058.288125908375,0.2207725368229148,523.9540352221578,373.3380238473416,3.3487757144495847,14.578509558551014
321.7749784486834,177.2141825720668,1.3509395416826009,6.554681507358327,0.1056129775941372,17.042944717407227,3.278364825248718,6.177088832855224,1.9270248889923096,10.658134746551514,0.3476445347070694,0.993326473236084,2.3078025579452515,1.5029998660087585,3852.8423828125,101.34762573242188,469.4351348876953,194.2472381591797,650.9034545898437,16.255923080444337,30.456205368041992,70.6089714050293,796.5531162261963,1296.1278677940368,14387.784871804712,0.2260120426290086,528.8915315814317,373.2608042612672,3.2296437454409896,14.526799874193966
331.1374796309974,174.14485650081187,1.328213210683316,6.898719420726411,0.1166376404464244,17.406390380859374,3.290649080276489,6.101917314529419,1.877543306350708,10.359385871887207,0.3506382524967193,1.0037202954292297,2.3932225465774537,1.5053638577461244,4006.6728271484376,101.62646484375,463.98825988769534,189.33285369873047,632.7709167480468,16.306586837768556,30.464441871643068,75.05498123168945,782.1511575698853,1308.039994573593,14417.402322661876,0.2294469248430687,539.7122702348977,373.32502776384354,3.2315835589542985,14.546578066423535
340.54179832842203,177.7041854389012,1.59618345471099,7.497780381678604,0.1297223970293998,17.129729080200196,3.573375344276428,6.194662380218506,1.922901713848114,10.645749759674072,0.4170228213071823,0.995908135175705,2.38157377243042,1.4987604141235351,3934.924340820312,110.65099334716795,470.386572265625,193.8061965942383,650.1208862304687,20.235881996154784,30.408020973205566,76.69856262207031,792.6768800735474,1298.4668555259705,14495.550866818428,0.2343976140284212,535.3744241833687,373.2789193809032,3.3593282625079155,14.535232497565447
335.0787360707764,173.1462719336152,1.716184399835765,6.24020721570123,0.1188469849526882,17.186753845214845,3.209132194519043,6.078365230560303,1.8452410101890564,10.229682159423827,0.4271942436695098,0.9926779925823211,2.126735615730285,1.513731586933136,3978.177270507813,99.24702758789064,461.9744842529297,186.0279083251953,624.3698364257813,21.06826820373535,30.439119338989254,63.62310256958008,789.6391191482544,1325.629960823059,14684.971537041663,0.222371198971814,542.8135403115302,373.3910759940744,3.404366759490222,14.54587041977793
328.12784068090843,183.70100172683595,1.3975305366329849,6.527792654698715,0.1167692452669143,16.67615489959717,3.42530927658081,6.377710437774658,2.1122554302215577,11.736629199981689,0.351687416434288,0.993787944316864,2.179217076301575,1.4965937972068786,3739.171240234375,106.10070266723632,484.4413238525391,212.70943450927732,716.5687438964844,16.607811546325685,30.477449417114254,66.65649490356445,791.4913940429688,1199.8495412826535,14015.717942738533,0.2480769661124213,518.6010328833014,373.52851451188326,3.2339212420396506,14.51776430103928
333.7942373240832,179.5832331329584,1.4195659860037266,6.356547366455198,0.1257821351289749,16.341316604614256,3.455699706077576,6.21984453201294,1.9483229994773863,10.781486415863036,0.3605497658252716,0.998940134048462,2.101448202133178,1.4705373406410218,3754.221533203125,106.90239562988282,472.4678985595703,196.3677734375,658.4353088378906,17.07408618927002,30.42010250091553,63.499925994873045,790.7458385467529,1325.0856313705444,14628.165839266778,0.2340555375500116,526.9559651747346,373.32224171757696,3.253351421374828,14.561302166618407
333.04370731380766,176.57927323542535,1.3894048005342483,6.191988292429596,0.1164394915103912,16.35766468048096,3.531486439704895,6.234695529937744,1.9814839124679569,10.980407238006592,0.3747557759284973,1.0090362429618835,2.157174897193909,1.488598072528839,3727.6587890625,108.95356369018556,473.5509368896484,199.67506561279296,670.507763671875,17.631398010253907,30.462818145751957,64.91373748779297,787.4480024337769,1293.3435153961182,14427.57039180994,0.2358924153726548,522.861237584427,373.31209295839074,3.2534975704737006,14.53445828538388
339.4706536607817,176.81789229055866,1.316734819393605,6.821685575821903,0.1158623188734054,17.5250337600708,3.4626107454299926,6.168190622329712,1.9251959204673768,10.647492599487304,0.3344517737627029,1.00857115983963,2.3393976211547853,1.518167781829834,4011.3591064453126,107.17218017578124,469.0029022216797,194.0788558959961,650.07021484375,15.538668632507324,30.405421447753906,73.13556671142578,802.8843468666076,1249.4014426231383,14169.314776563644,0.2263109265681123,537.3006838355213,373.4430066123605,3.21561923623085,14.516188910230994
329.44005293471275,177.12698789797724,1.4116833198815584,6.662454184470699,0.1056319423019886,17.54861545562744,3.2505009174346924,6.202563619613647,1.945961546897888,10.773479461669922,0.3689324587583542,1.0006283044815063,2.144642400741577,1.5292604565620422,3970.26689453125,100.32305603027343,471.0991485595703,196.1376037597656,657.8424377441406,17.45191059112549,30.44095993041992,66.29863204956055,799.8061517715454,1272.7726957321167,14297.424273073671,0.2267161734547698,535.439269900322,373.1830565914512,3.246937317494303,14.492428160645067
324.5740788464201,174.33459747303277,1.6047805786132812,7.047292376775294,0.1068141907453537,16.598160552978516,3.174730944633484,6.078136253356933,1.8694787621498108,10.296364498138429,0.4229075312614441,0.9967491626739502,2.42636878490448,1.4968588948249817,3820.149462890625,98.3022003173828,461.92547302246095,188.53463439941407,629.3136108398437,20.5279598236084,30.467467880249025,76.50770797729493,801.6151970863342,1430.5440793037417,15630.445842611787,0.306700917557464,532.4544343423098,373.0925440356135,3.373301829397678,14.539432400092483
320.5722520125564,172.55026546325536,1.7305348276160657,6.999672629917041,0.1033208906650543,16.15756149291992,3.1551422119140624,6.117419862747193,1.869735336303711,10.305707359313963,0.427623763680458,1.0042484760284425,2.2625262260437013,1.482762610912323,3695.399560546875,97.35038833618164,464.84601440429685,188.56282806396484,629.811474609375,21.127990913391116,30.43405361175537,71.27064361572266,792.2030275344848,1390.9413037776949,15293.820794188976,0.2250970361099462,523.7465303890407,373.240309022367,3.4094118433073164,14.562892920337616
322.8937280143611,167.64660994093865,1.496434291638434,6.411870177742093,0.1066737622022628,15.540004920959472,3.205583906173706,6.099174118041992,1.8582367897033687,10.241967391967773,0.3718116372823715,0.9995137453079224,2.242685651779175,1.4583204865455628,3546.8930908203124,99.29179077148436,463.2410278320313,187.41509552001952,625.9074890136719,17.848359298706054,30.482606887817383,68.11832962036132,786.8677530288696,1362.57501039505,14977.54640688896,0.2206914030975895,514.125738409534,373.58018834888935,3.2730762022547424,14.607370356097816
323.9847774333786,166.69794952347874,1.2620713068172336,6.311951707443223,0.1202177301049232,15.96250047683716,3.1697059154510496,6.009439516067505,1.824027168750763,10.051267051696778,0.3566832244396209,1.0022067904472352,2.0451878786087034,1.4610330224037171,3658.083251953125,97.92106552124024,456.2566253662109,184.0024124145508,614.2038635253906,16.31257553100586,30.468727111816406,61.736854553222656,794.3649452209472,1369.315369987488,15071.5825668931,0.2145410447847098,520.2508906498551,373.3701488673687,3.2371677082031964,14.622610045410692
328.7249345743563,169.08068216741086,1.707542184088379,6.293580051511526,0.1226880550384521,17.018339920043946,3.206613683700561,6.0931213855743405,1.86089391708374,10.26255226135254,0.4268076479434967,0.9994052648544312,2.055064058303833,1.4987148880958556,3935.916479492188,99.11614074707032,462.9097320556641,187.66531066894527,627.1508178710938,21.023812675476076,30.46899032592773,61.98063697814941,792.0859186172486,1377.9851543426514,15231.6650182724,0.22568055583979,539.1114184826613,373.2257458209991,3.4023888992145657,14.560675686597824
345.3138035410084,182.0283645527437,1.395757487975061,7.430859544593841,0.104324585199356,16.747417449951172,3.5381621599197386,6.404601526260376,2.1645437479019165,12.03926591873169,0.3850166767835617,1.0078331232070925,2.444733715057373,1.5107815265655518,3816.954272460937,109.29027481079102,486.7593048095703,217.92109375,735.1791076660156,18.14256076812744,30.425067901611328,78.94610214233398,798.3877078056336,1181.6224975585938,13910.597441458702,0.2439232014046865,523.7419856034219,373.48438816219567,3.2509697110392155,14.485850231721995
348.9875292133074,184.38114990424364,1.6243257603608072,6.343290957971476,0.1323986306786537,18.59570999145508,3.608062171936035,6.457422876358033,2.1998258590698243,12.21563367843628,0.4255975812673568,0.9965817034244536,2.096970558166504,1.5503315925598145,4203.779736328125,111.39093780517578,490.06015625,221.43684844970704,747.3823059082031,20.723069381713863,30.423787307739257,63.42975082397461,803.7437064170838,1151.9928106307984,13817.792918109892,0.2537739066290669,541.8887511525303,373.3795239716768,3.376580103486776,14.450995483994484
323.5048626601696,178.47665844745933,1.718436638545245,6.798574901279062,0.122840292006731,15.612361240386964,3.24397087097168,6.246228933334351,1.9840140104293824,11.03937749862671,0.4526054948568344,1.0033613443374634,2.1882543563842773,1.453251838684082,3546.110009765625,100.13810729980467,474.2352416992188,199.82121887207032,673.75107421875,22.24463310241699,30.44552993774414,68.13652648925782,790.3154971122742,1311.9598028182984,14682.044294416904,0.2327916368769365,514.9417185481637,373.3939256697893,3.4518032611347733,14.573445436172188
328.04022573931144,168.30038801105692,1.3204966947436332,7.049519295385108,0.1043170548975467,16.542737770080567,3.361517834663391,6.133215379714966,1.889632713794708,10.4289306640625,0.3392285764217376,1.0032106637954712,2.4731493949890138,1.5019494652748109,3829.06279296875,103.97775039672852,466.055615234375,190.5373062133789,637.1435974121093,15.76323413848877,30.480796813964844,78.17400360107422,782.149383354187,1365.0396512031557,14942.354866480828,0.228561258962145,534.2406032696366,373.414161503315,3.2223951240070163,14.549134215340018
326.3491113083437,182.10694155488164,1.5327632925473154,6.32522576819174,0.1074511371552944,17.391338539123534,3.2841787815093992,6.284347152709961,2.003565549850464,11.100961208343506,0.3800246953964233,0.9980785131454468,2.169558787345886,1.5207481145858766,3904.198095703125,101.6870948791504,477.3908966064453,201.86923370361328,677.9345397949219,18.367650032043457,30.41090660095215,65.55463485717773,788.463528251648,1272.4666829586029,14299.08077402115,0.2374443506210809,530.871851073578,373.4030933842063,3.2730797276832164,14.496063800901174
332.6839982836973,171.41459017451854,1.7051628697663546,7.031406042422168,0.1093573562800884,17.413260459899902,3.306030821800232,6.161920118331909,1.8981977820396423,10.491617012023926,0.4153365880250931,1.0030001640319823,2.3941307783126837,1.5262309074401856,4024.932763671875,102.0356658935547,468.2777282714844,191.38607635498047,640.6363525390625,20.48927745819092,30.457068824768065,75.60637817382812,792.2619348526001,1330.1690264701842,14794.11165393591,0.2226660307118436,545.6289090294391,373.3280152857304,3.3793431126512585,14.524183232523502
313.1250841818284,174.92064714208246,1.373982423171401,7.089718334935606,0.1129755735397338,15.45098819732666,3.084535765647888,6.255252742767334,1.921356439590454,10.905343437194825,0.349737748503685,0.996769481897354,2.2507471799850465,1.4522251844406129,3463.1853759765627,95.27491989135744,475.5782409667969,193.59776458740237,662.5283325195312,16.42234001159668,30.447672653198243,70.89249267578126,739.23743724823,1325.363176858425,14623.646279227734,0.2675936367362738,511.53586675412953,375.6235654488206,3.2401528428308666,14.6715042155236
332.3836020035204,175.3596630666405,1.6736961318179966,7.062422165484168,0.1072963006794452,17.547445869445802,3.3170021533966065,6.212575387954712,1.946805500984192,10.749756717681883,0.4331305682659149,0.9967223465442656,2.3137862920761108,1.533000123500824,4001.11279296875,102.54599990844729,472.36208190917966,196.2447494506836,656.8189697265625,21.21648235321045,30.4177885055542,72.97947235107422,801.8965581893921,1327.119114780426,14855.335868537426,0.2298366321905632,542.632287298888,373.3165792763233,3.404106555134058,14.500650437176228
321.3476845727302,178.16484125107527,1.7399952971376478,7.1793277178891,0.1203401535749435,15.875776290893556,3.334164619445801,6.200764226913452,1.950048875808716,10.794286632537842,0.4281147181987762,1.001591682434082,2.395901083946228,1.4593668580055237,3594.030346679688,103.30020217895508,471.16625061035154,196.5500244140625,659.1638000488281,21.1785099029541,30.468713760375977,76.12924041748047,795.0432007789611,1279.6706661224366,14405.86508051157,0.2267845175403636,516.1178005162626,373.37992779016497,3.4121520734392106,14.57582084927708
311.2602874619421,172.50480805039405,1.7503133764490486,7.287970236176624,0.1081701472401619,16.12635383605957,3.138579797744751,6.11587176322937,1.8653863191604612,10.31219654083252,0.4557830035686493,1.007593834400177,2.305150270462036,1.473975622653961,3606.47646484375,97.20762100219729,464.4817626953125,188.11939697265623,629.7132751464844,22.4881929397583,30.43662643432617,73.77189559936524,758.0791862487793,1306.2530061244966,14469.361705589294,0.220242991647683,513.9086799379438,373.51355235278606,3.46529346620664,14.581085556373
325.20528221004645,172.28757221363486,1.3752708002924918,6.483623263332992,0.1304824411869049,17.19791316986084,3.173859405517578,6.085374116897583,1.872195076942444,10.337013053894044,0.3673782676458358,1.004516327381134,2.1885040521621706,1.4906240344047543,3930.9340087890623,98.1153778076172,462.5780151367188,188.7831161499024,631.4302917480469,17.233219146728516,30.47236614227295,67.00887603759766,799.5878149986268,1311.3429805755616,14558.543812322616,0.2182513845691573,534.8853264465928,373.1657553255558,3.252039068937301,14.56017610374838
325.6766724904999,177.5129051762633,1.4395437639206647,7.2855396251194176,0.1031807802617549,15.756882286071775,3.472976469993591,6.294218111038208,2.038684701919556,11.309814834594729,0.3806350290775299,1.0019106984138488,2.4531744003295897,1.4707021474838258,3566.9168701171875,107.28122940063476,478.48069152832034,205.38199462890623,690.5056518554687,18.080008506774902,30.41043281555176,78.3501968383789,792.6837657928467,1258.7875162124633,14291.621766793727,0.234666333689529,513.242294883728,373.4572607845068,3.2643041337840257,14.54319152329117
332.2578972959891,168.5645628284663,1.3435054149478671,6.224000049103052,0.1102888286113739,15.960123538970947,3.21755211353302,6.081900405883789,1.9004966855049128,10.479605674743652,0.3426136046648025,1.0064785480499268,2.035269403457641,1.4688512325286864,3703.027856445312,99.2711799621582,462.27907409667966,191.62445526123048,640.5037109375,15.982044982910155,30.44062042236328,61.2055908203125,800.5911468505859,1450.0333429336547,15829.79552806616,0.2273215017237816,525.370949845016,373.12944251149895,3.2373639395460487,14.569448313862086
344.89403052432465,173.67736274357884,1.6017103368416428,7.318221471831203,0.1287257060408592,16.909729194641113,3.5976802110672,6.295160913467408,1.9890558838844297,11.107879829406738,0.3970323234796524,0.993178391456604,2.450138616561889,1.4929394602775574,3912.2691650390634,111.28512496948242,477.86672058105466,200.37603759765625,677.3157348632812,19.34280643463135,30.473139572143555,78.19039916992188,783.9158195495605,1330.9850203990936,14781.075456130504,0.2397851250483654,537.1820894692094,373.60708206892014,3.32389805810526,14.551237320527434
341.5869728576392,181.23185752574355,1.495405563246459,6.2883470679167655,0.1127403937280178,17.41767101287842,3.614962887763977,6.319805002212524,2.050021386146545,11.389953231811525,0.3817968934774399,1.0075215458869935,2.129627084732056,1.5240002036094666,3966.209716796875,111.90799102783204,480.0754577636719,206.4853988647461,695.0639282226563,18.33379001617432,30.448645210266115,64.5090217590332,798.7244333267212,1208.2057544708252,13986.385003685951,0.2352803085726918,533.6926967717707,373.5178012192249,3.2669460429809987,14.493604382127524
331.5211913370528,175.5746231375262,1.2702614354901016,6.4672504141926765,0.1233122587203979,16.234667587280274,3.207518744468689,6.140387630462646,1.8896937251091004,10.424677848815918,0.3529372632503509,1.0044042706489562,2.1644163608551024,1.4685553431510925,3767.435546875,99.28341979980468,466.794076538086,190.54557189941409,637.0279846191406,16.185888481140136,30.45616626739502,66.10377426147461,800.8745842933655,1372.990728664398,15176.774995923042,0.2279064363072393,529.910122796148,373.3087685793638,3.230693514738232,14.578935028240084
336.89109323369337,172.12541236830876,1.535510820150375,6.461176512250677,0.1237972006201744,17.666336441040038,3.5648894786834715,6.233126449584961,1.97585791349411,10.92004222869873,0.3984946817159652,1.001270830631256,2.123636770248413,1.5218382477760315,4035.2712890625,110.05158309936525,473.81336364746096,199.1283096313477,667.2414428710938,19.20690040588379,30.44228172302246,64.81832962036133,793.2281715393067,1346.5976341247558,14974.838891386986,0.2361477607337292,541.8095201715827,373.2934852793813,3.310352379642427,14.515227871388197
340.88611536803654,170.3323907780461,1.3728774164803326,7.3592846022453156,0.1235093280673027,16.66847801208496,3.5254471778869627,6.224194002151489,1.9327099680900572,10.88806085586548,0.3731794774532318,0.9979262173175812,2.47803795337677,1.4750253200531005,3854.134375,109.1567985534668,472.9999206542969,194.5178131103516,666.149755859375,17.495960235595703,30.464929008483885,79.20804977416992,776.2234060287476,1420.4210100650787,15267.723923170566,0.2791480151587165,532.9456349316985,375.3087215989828,3.2517933131195607,14.644804849661886
321.83518295669927,176.7782073136419,1.4943858720362186,7.36486120922491,0.1027037434279918,15.810680389404297,3.244111680984497,6.170928525924682,1.8880960583686828,10.440955448150635,0.3770559757947921,1.000170934200287,2.338986611366272,1.4745802521705629,3593.460888671875,100.2072410583496,469.06904296875,190.3878631591797,637.1994140625,18.096012687683107,30.41409683227539,74.90302124023438,787.7826138496399,1340.6116284370423,14757.098565411568,0.2246543298664619,517.840732171014,373.5138855189085,3.2710063897073267,14.573056278936566
319.98760515968314,175.06726720202715,1.7507954110391435,6.17159825176932,0.1203916028141975,16.11113166809082,3.3089651584625246,6.173522043228149,1.921211540699005,10.61845350265503,0.4319471389055252,1.0109144449234009,2.167331314086914,1.469739317893982,3638.933349609375,102.35189743041992,468.8392852783203,193.6758728027344,648.5991333007812,21.387705039978027,30.46990394592285,65.13834152221679,785.6473569869995,1310.1304478168488,14551.561949133871,0.2280916055926354,517.6655247688293,373.40641387254,3.421376195177436,14.570935321226717
348.29895664867945,181.72045012973248,1.3172573926858604,6.323809868842363,0.1272970542311668,17.968721771240233,3.623535370826721,6.308954048156738,2.044699501991272,11.339123344421386,0.3593942791223526,0.9938486218452454,2.108230137825012,1.5264306902885436,4133.4900390625,112.1338119506836,478.8458740234375,205.97954711914065,692.4572448730469,16.680431175231934,30.465309143066406,63.6588809967041,799.8833744049073,1265.206664419174,14282.600599741936,0.240790412161732,546.4299281466753,373.13678531199696,3.225471612624824,14.487740590795877
334.5474171055481,181.1150699358433,1.4262491817586125,7.258502681017854,0.1229523740708828,17.755771255493165,3.30470826625824,6.396532678604126,2.1354544162750244,11.850314521789551,0.3668549537658691,1.0012630820274353,2.3257668733596804,1.5227314949035644,3986.137573242188,102.2869514465332,485.51015625,215.0223815917969,724.5861022949218,17.411913871765137,30.47717266082764,74.35465011596679,786.4223470687866,1186.2387102127077,13963.469803225997,0.2491915104561485,531.2302390888333,373.6976074904204,3.2439033600501714,14.49724711049348
327.0408110126388,180.25127290915697,1.4902036297135055,6.199754133448005,0.1177106216549873,17.12310962677002,3.4594584941864013,6.250368213653564,1.9967386960983275,11.057401657104492,0.3731594771146774,1.0081205725669862,2.121663904190064,1.5049419283866885,3872.3991455078126,107.01260375976562,475.1488800048828,201.1925323486328,675.3497375488281,17.9074649810791,30.44652576446533,63.85394134521484,781.3394691467286,1325.5710180282592,14574.419784605505,0.2368170687943347,531.0984118588269,373.2389165654778,3.2631823285482824,14.515876466594635
323.5281649262644,170.9850403694436,1.6785546259954571,7.357458125287667,0.1040576227009296,16.315279006958008,3.3239114046096803,6.070966815948486,1.829253900051117,10.078001117706298,0.4419230967760086,0.9925454258918762,2.3149778842926025,1.484785509109497,3722.886474609375,102.50646133422852,461.2587036132812,184.52200927734376,615.8596374511719,21.628333282470702,30.44755172729492,73.91104507446289,787.5558902740479,1349.9297715187072,14917.55772628784,0.2236763464141404,523.920662208274,373.5515552550554,3.4244449488818645,14.582856417633591
330.2135994357988,176.7759991686791,1.307932301517576,6.515127163799479,0.1255976796150207,16.958212280273436,3.4527311086654664,6.164475011825561,1.8657447338104247,10.43340549468994,0.3675887674093246,1.0059760570526124,2.2648359298706056,1.4956963777542114,3863.323120117188,106.8845672607422,468.4961303710937,187.97580108642575,636.0882629394531,17.000238609313964,30.44041233062744,69.40696334838867,793.6464599609375,1324.174735212326,14642.85136204958,0.2324877161008771,532.7805178213864,373.429215092957,3.238720954488963,14.563532562926412
338.65062013641,168.2992855232209,1.4495738224126398,6.825311310309917,0.1106343895196914,16.014531135559082,3.4316558837890625,6.145978784561157,1.8985716342926025,10.496915531158448,0.3786456018686294,0.9976491153240205,2.365142011642456,1.48085058927536,3720.46904296875,106.13098449707032,467.1290313720703,191.42220611572264,640.8339660644531,18.018400382995605,30.45641975402832,73.60332412719727,779.3018382072448,1352.1238198280334,14887.491131711004,0.2318954301808844,527.2952117756009,373.4652402848005,3.2666878359392286,14.575471499748527
350.1925724295899,184.1124857377261,1.7538366185501215,7.348970865132287,0.1291332051157951,18.08399658203125,3.701852297782898,6.368284177780152,2.094825792312622,11.63838300704956,0.4365508824586868,0.9965088725090028,2.508509469032288,1.5277204990386963,4130.795556640625,114.59402923583984,483.5104736328125,210.98737487792968,710.4341247558593,21.617495155334478,30.469631576538085,80.39669342041016,807.2402470588684,1169.3447235584258,13889.417614364624,0.2333060334538458,541.682157278806,373.52525896131993,3.426168763358146,14.49281250629574
346.6230759504251,182.95638698022813,1.578695543576032,6.867806102195755,0.1275729060173034,16.86673698425293,3.5746522426605223,6.291189861297608,2.028521275520325,11.24799871444702,0.4000997006893158,0.9907805323600768,2.379578328132629,1.4872377038002014,3896.1997802734377,110.43256225585938,477.8533233642578,204.3619155883789,686.8768737792968,19.41203327178955,30.439105987548828,74.03661575317383,811.1545133590698,1219.5342727661132,14081.363171172145,0.231679632126179,531.6527062676847,373.5185310542584,3.3247716983780267,14.533792313560843
317.90292469942943,179.00875859018416,1.5660037354566156,7.200303000654094,0.1063983500003814,16.806208229064943,3.2625290155410767,6.182611322402954,1.9124052047729487,10.579625701904297,0.4143250644207,0.9911840617656708,2.3448558330535887,1.4975383162498477,3765.114379882813,100.93403854370118,469.5433197021485,192.78113555908203,646.1050415039062,20.01582317352295,30.43639678955078,74.28589706420898,786.3599449157715,1281.266239356995,14356.4961402297,0.2272389025922166,523.4242256045342,373.5355279043317,3.348249408323318,14.539613637141883
338.47975097284655,175.47830739384517,1.3959366479888555,6.230435127206147,0.1239033192396164,16.41707000732422,3.5305878162384032,6.267025136947632,1.988553047180176,11.046871376037595,0.3695163875818252,1.003942370414734,2.0587867498397827,1.4762306809425354,3772.789990234375,109.31173171997072,476.2797821044922,200.36167755126957,673.8644592285157,17.411051750183105,30.42008457183838,61.83113479614258,786.9846387863159,1334.3522573471068,14787.01552656889,0.2417233337240759,528.429441191256,373.4628545701504,3.252843743097037,14.563062326610089
313.96347676562146,169.2040448822081,1.7843836133368314,7.613913656934164,0.1025072529911994,16.421031188964843,3.153231382369995,5.918409967422486,1.8283241152763368,10.070873069763184,0.4242894887924194,0.9925146222114564,2.404472208023072,1.4832865953445435,3740.693359375,97.70802307128906,449.50360412597655,184.43114318847657,615.5283264160156,21.12242660522461,30.460998725891116,77.65470962524414,777.4035945892334,1364.5588269233704,14935.222646903992,0.2181314193454454,527.884922195226,373.60222423374654,3.416402439121157,14.621203696355224
330.6005825828994,173.05903089717032,1.646637597400695,7.290300419426058,0.1029125660657882,15.989314937591551,3.3000334024429323,6.173053026199341,1.9389852643013,10.706063270568848,0.4047789275646209,1.0084868669509888,2.3935317993164062,1.479461920261383,3688.4564697265614,102.11519927978516,469.3086334228516,195.45814208984376,654.2023986816406,19.828165817260743,30.407383346557616,76.66857452392578,790.8547716140747,1411.29811668396,15498.132904946804,0.2344306376980967,524.205255049467,373.0268496900797,3.3496868229471146,14.54417674317956
311.4181035509333,172.78311378732323,1.7168256961740551,6.313848855160177,0.1065049067139625,16.061239814758302,3.103507375717163,6.076985359191895,1.8440765500068663,10.180705261230468,0.4235207021236419,1.0068423748016355,2.192078733444214,1.4663222193717955,3607.346044921875,95.86526412963867,461.550146484375,185.99022369384767,621.8009765625,20.8964262008667,30.412561416625977,66.22961807250977,775.9794384002686,1305.3916736125946,14438.149126780034,0.2211262681696098,515.2093977268785,373.4262225836516,3.3999818389303984,14.58640147484839
333.54200546767095,167.0874756803736,1.544842724595219,6.922427048021928,0.1015956565737724,15.99775218963623,3.3268840312957764,6.105496025085449,1.8613786101341248,10.27121934890747,0.4038217633962631,0.9942799568176268,2.37351508140564,1.4839340567588806,3703.168090820313,102.91139678955078,463.8307312011719,187.7217849731445,627.3406494140625,19.469756507873534,30.4529972076416,74.14198455810546,778.5256415367127,1355.7959438800813,14881.661936998367,0.2258665516899782,525.9038898460567,373.4788467913866,3.326406014151871,14.577918944135307
335.22304165703247,173.1522073417902,1.5291905475780367,6.261492681177333,0.1061800852417945,17.202856826782227,3.515915060043335,6.144015693664551,1.891038465499878,10.43160343170166,0.4073316693305969,0.9909164905548096,2.071260452270508,1.5141842842102051,3953.00361328125,108.60274658203124,466.6867950439453,190.6780792236328,637.4976013183593,19.580744552612305,30.435142517089844,62.045270156860354,801.2131750106812,1380.362510585785,15278.753843545914,0.2331484196300152,537.5810902625323,373.0228391602635,3.327032125554979,14.520480042137203
332.57486298750155,180.7016698452644,1.553611610736698,6.373261728184298,0.1190227888524532,16.407054901123047,3.29090588092804,6.248575830459595,1.9964155912399293,11.04609489440918,0.3798983097076416,0.9929450750350952,2.105136585235596,1.489996361732483,3729.5622314453126,101.94439468383788,475.02874145507815,201.1797409057617,674.7120727539062,18.41786308288574,30.455799102783203,63.65088539123535,791.7922898292542,1303.2262822151183,14512.536951553822,0.235932227349258,523.3565728366375,373.2475972548127,3.2817027176730336,14.530600276775658
329.921923775319,172.7222975257784,1.6454342544078826,6.599545767437666,0.1209046445786952,16.827872467041015,3.3258033752441407,6.169060564041137,1.908619856834412,10.533838653564452,0.4211759954690933,0.9983810782432556,2.2022061347961426,1.4928926944732666,3881.615502929688,102.6203628540039,468.4126342773437,192.43109130859372,643.6743896484375,20.57822895050049,30.4129695892334,67.58223114013671,795.5814491271973,1375.0334290504456,15204.66892968416,0.2290412476708297,536.5474724736065,373.21776255965233,3.378266797028482,14.549854901060462
316.9747388593387,180.7216877519153,1.7459944503381848,6.038356328615919,0.1053963258862495,16.01371650695801,3.2882856369018554,6.254045248031616,1.9977843523025516,11.064938259124755,0.43953537940979,1.0031034469604492,2.0896233558654784,1.481660771369934,3586.196923828125,101.8076057434082,475.2858367919922,201.3074615478516,675.7146789550782,21.72719135284424,30.41410446166992,61.88881568908691,776.4841539382935,1305.5405439853669,14500.95515550375,0.2408051905804313,513.8990495741367,373.2785642802716,3.433192950580269,14.528277381323278
342.3904174903408,172.69187745135278,1.324451621156186,7.035424501495436,0.1115720026195049,16.48909683227539,3.3479194164276125,6.235181379318237,1.9874518275260928,11.01125602722168,0.3435619950294494,1.00724196434021,2.437502861022949,1.49243905544281,3789.235278320312,103.74445877075196,473.32786254882814,200.2716262817383,672.3597045898438,15.975871086120604,30.45374298095703,77.1043701171875,796.8795033454895,1268.0086479663848,14311.238203430175,0.2336387706804089,525.5490952078253,373.4482713639736,3.2243440841324627,14.530965509824457
319.81086204042657,181.29267978928985,1.7259427617304026,7.440240844432265,0.1214071527123451,15.996631336212156,3.228444290161133,6.2451060771942135,1.9813710927963255,10.965964984893798,0.4159484684467315,1.008476734161377,2.3771546602249147,1.4623321056365968,3602.3124755859376,99.9237075805664,474.54851989746095,199.6723754882813,669.8071228027344,20.57455921173096,30.44145393371582,76.68293380737305,788.7381370544433,1287.266805267334,14460.705247950556,0.2336017657813499,515.3686383478343,373.60956384688615,3.3863073421642182,14.571433514542878
330.16754399286583,182.423148852028,1.496956532355398,6.442010574834422,0.1183761723339557,17.22980842590332,3.380555844306946,6.342403602600098,2.07008011341095,11.484131336212158,0.3828807830810546,0.9929494976997376,2.090016174316406,1.5047764778137207,3882.933422851562,104.6830436706543,481.7036895751953,208.5072479248047,701.2886169433593,18.383259773254395,30.458094787597656,63.50319175720215,788.7240319252014,1221.3801312446594,14082.361481678488,0.2329088304046308,528.4625737320632,373.6124510109424,3.2716926462017,14.521653177402914
343.6529197695665,179.70676234029233,1.533322059456259,7.481377620273269,0.1234692126512527,17.88037567138672,3.4156601190567017,6.246500682830811,1.989499282836914,11.01630859375,0.3868355095386505,0.9907601952552796,2.39531888961792,1.5354990363121033,4134.8849609375,105.77550430297852,474.4812774658203,200.4768325805664,672.8420349121094,18.67726821899414,30.435859298706056,77.03597946166992,800.3347455978394,1295.2057929992675,14469.306314229963,0.2338723898254102,550.2279764343053,373.1534079566598,3.2862219392322003,14.481753590516746
351.68210737053306,192.0356862556189,1.3881274635903538,6.688312141131609,0.1224020481109619,18.768578910827635,3.747579336166382,6.436616659164429,2.1499310731887817,11.924938869476318,0.3787739425897598,1.004606509208679,2.3072333097457887,1.570385503768921,4237.91328125,115.67845764160155,489.2198883056641,216.4610336303711,729.3998657226563,17.846062469482423,30.42955265045166,71.63805465698242,799.8608722686768,1160.7274076461792,13781.700604808331,0.2726788898842642,543.6126791764051,373.3115313783288,3.235314218234271,14.430683284811677
332.0926263572648,175.66110910456626,1.7437181145884098,6.964453850057907,0.1184767246246338,16.105728912353516,3.507037997245789,6.145100688934326,1.8603537678718567,10.28589973449707,0.4384898424148559,1.0065858483314514,2.2099175453186035,1.4714383602142334,3709.747875976562,108.60433883666992,466.7785675048828,187.6132781982422,627.7990295410157,21.670291137695312,30.46250190734863,69.54274139404296,791.8320890426636,1324.1886681556705,14776.485173261166,0.2296627135729068,526.2774129927159,373.5065630525351,3.4318388580344616,14.593040295690296
339.1969055687543,169.0168725118041,1.313155893050134,7.089561090711504,0.1108414314687252,16.6158016204834,3.4971128702163696,6.15230507850647,1.917825996875763,10.60467767715454,0.3527976989746094,0.9972538948059082,2.2952134132385256,1.487782859802246,3818.285327148437,107.92416534423828,467.0264556884766,193.3358703613281,647.6569885253906,16.347790908813476,30.42258644104004,72.43909072875977,790.5974859237671,1299.802868270874,14481.454968738555,0.230251659102214,526.6684021256864,373.286695446074,3.232295945379883,14.548894874192774
328.1031899113674,167.99567387104034,1.6258280520327388,6.6293222596636046,0.1048069834709167,16.148836517333983,3.296721649169922,6.150446939468384,1.8952605962753293,10.495639896392822,0.4086035341024399,0.9959172308444976,2.2071171522140505,1.4780667304992676,3686.8570556640634,101.75694427490234,467.2834899902344,191.104443359375,640.3466918945312,19.940735054016116,30.459324073791503,67.84161911010742,792.1578475952149,1326.8729677677154,14760.04953610897,0.2208579822545289,521.3714436847716,373.66382419764994,3.3525136949494483,14.582665090821685
331.307585079968,170.8429850057699,1.3354994351044298,6.720704405498691,0.1018907450139522,17.315660095214845,3.321478199958801,6.183905601501465,1.9234636187553409,10.626769542694092,0.3719476491212845,1.0089390277862549,2.224546933174133,1.523849332332611,3927.31611328125,102.8708610534668,470.178857421875,193.90472106933595,649.0807006835937,17.313152885437013,30.42876434326172,69.18852920532227,788.6333868026734,1347.6645161628724,14894.986631131173,0.2279076528182486,534.0405262697489,373.36219191104175,3.238860327657312,14.51802276559174
332.2747956449166,178.0517680471763,1.6148342515341938,7.461275102524087,0.1201706767082214,17.586986923217772,3.3598641872406008,6.231985807418823,1.9599357962608337,10.848213481903077,0.4283352315425873,0.998502254486084,2.3713473081588745,1.522888219356537,3978.4560302734376,103.63137283325196,473.1861999511719,197.52942657470703,662.5355651855468,20.81166591644287,30.48063087463379,76.44653244018555,795.7621551513672,1302.3520594120023,14570.31653279066,0.2358404242215329,536.5085499674082,373.1908906206489,3.382542601320893,14.503898677416146
364.4325254794676,188.5482744511217,1.5973673996515572,6.651550958957524,0.1420767530798912,18.541220664978027,3.757104682922363,6.412211465835571,2.1267324924468998,11.828760433197022,0.4133133471012115,0.9924176335334778,2.316041946411133,1.5474926710128785,4263.76396484375,116.30042572021485,487.10817260742186,213.6626968383789,720.7808715820313,20.05849151611328,30.450563430786133,71.31232299804688,810.268678188324,1153.057078552246,13768.307377278805,0.2515831084368983,546.6894283600152,373.1661609530449,3.3456417224369943,14.456595836766065
330.68660785439425,182.27190808895972,1.3034903031773866,6.937833409174345,0.1105587266385555,17.209748649597167,3.4877578258514403,6.409682512283325,2.168640613555908,12.05290460586548,0.3480245381593704,1.0118978142738342,2.232295966148377,1.5170880436897278,3858.083227539063,107.66147232055664,486.9005432128906,218.3342163085937,736.0568725585938,16.12347412109375,30.451549530029297,70.45525436401367,762.8461620330811,1251.3803636074067,14249.619063425063,0.251755560899619,525.7311461694538,373.4135916486383,3.211222854908556,14.489106021635234
336.2727668734966,168.35764410309494,1.585042209830135,7.358817118173465,0.1012196160852909,16.058280563354494,3.2895782232284545,6.135858631134033,1.8874479293823243,10.414635467529298,0.4160346359014511,0.9978088140487672,2.434577918052673,1.4913669943809509,3727.389868164063,101.81709136962893,466.3402465820312,190.32010650634768,636.2430053710938,20.152636528015137,30.455812454223636,77.9426055908203,789.612644958496,1340.2096522808074,14902.221864318848,0.2277564619769691,528.0206203140318,373.4110558986664,3.356632520351559,14.561237369664012
325.01753192893227,164.36552080400287,1.5204630405642092,7.435820313729346,0.1178318709135055,16.613904571533205,3.1947720289230346,6.001907539367676,1.8316165328025815,10.10226125717163,0.4055301040410995,1.000393986701965,2.4692206144332887,1.489668655395508,3814.3658203125,98.98368911743164,456.1947479248047,184.7585998535156,616.9750732421875,19.466290092468263,30.411550521850582,79.29783096313477,782.6790306091309,1345.8554101467132,14837.859298217296,0.2151460736968147,532.1343931809067,373.5496678799391,3.324499109014869,14.600170161947608
336.2399906906765,170.61764986738564,1.5132659511640667,6.962036501755938,0.1124378859996795,16.020235061645508,3.4723448514938355,6.172911548614502,1.9386646628379824,10.701249980926514,0.3770943105220795,0.9924543499946594,2.301136016845703,1.47303364276886,3703.394287109375,107.12814102172852,469.086669921875,195.42562713623047,654.0161376953125,18.15743217468262,30.419639587402344,71.94220657348633,792.9820826530456,1398.2087902069093,15425.146675276756,0.2346995807136409,524.1951385691762,373.2270422697067,3.2745496162213383,14.561834894493222
329.5177684534807,168.01801935760304,1.4124960541725158,7.263860026746988,0.1275610029697418,17.111941528320312,3.3289201974868776,6.018888664245606,1.8316702246665957,10.09425621032715,0.3856483578681945,0.99540376663208,2.3637316942214968,1.4838735580444335,3949.529467773437,102.95033264160156,457.6497039794922,184.76264495849608,616.7626647949219,18.209535789489745,30.42055320739746,75.14230651855469,781.636268043518,1333.738421010971,14651.407255208493,0.2214712217479245,537.2234973657876,373.43760186731816,3.2672261538915337,14.590526902116835
332.7966061773244,179.1353247356601,1.4583541132509708,7.32395324986428,0.1235283203423023,17.474015045166016,3.3688883781433105,6.201638412475586,1.9366512179374693,10.72051124572754,0.3850075930356979,1.0059953331947329,2.3075427293777464,1.5061707019805908,3989.8203369140624,104.2786964416504,471.3518005371094,195.2210876464844,654.6209350585938,18.349609184265137,30.45023727416992,74.04026260375977,789.8479465484619,1317.2693161964417,14565.116118645668,0.2325222994026262,538.2651283964515,373.2320641934872,3.2690379710868003,14.527033530920743
328.0971391274128,178.92827779520303,1.7682283015921711,6.280223513999954,0.114584930986166,16.11441307067871,3.205447196960449,6.199008512496948,1.933080971240997,10.694037532806396,0.4197318375110626,0.9965424537658693,2.197715926170349,1.473493432998657,3666.0364501953127,98.94442443847656,470.74993896484375,194.85632781982423,653.0937805175781,20.868909454345705,30.46240234375,66.10083389282227,799.1348970413208,1255.102478313446,14247.872623801231,0.2234120670400443,518.9801419891417,373.56019544154407,3.402231117337942,14.564028406515718
335.4667993011884,169.56158791473135,1.6365707530640066,7.298519753105938,0.116208204627037,16.80654697418213,3.211033487319946,6.15974907875061,1.9265520930290223,10.635933876037598,0.4303003817796707,1.0054993629455566,2.4702064752578736,1.4985851526260376,3888.910546875,99.37525329589845,468.2637756347656,194.2194412231445,649.8827270507812,20.96732177734375,30.471332550048828,79.13471374511718,792.9514978408813,1378.3314937114717,15302.996975016596,0.2301530359312892,536.3282734885812,373.1822271734476,3.392746710032225,14.543844533711672
339.4165412486997,181.07667832607405,1.6950876501388847,6.632145798858256,0.1251032754778862,16.887273406982423,3.510790777206421,6.294615650177002,2.0337133407592773,11.277435493469238,0.4392624795436859,1.0019856691360474,2.120183730125427,1.491472494602203,3846.012524414063,108.6372932434082,478.6200744628906,204.88664703369145,688.5254577636719,21.562650299072267,30.436559677124023,65.37276916503906,787.9833599090576,1208.830793094635,14043.19400191307,0.2320196120082983,525.5376611430198,373.6837181046605,3.4206205086782573,14.542506605945528
316.47912799702027,175.86660932581873,1.7605948036536574,6.445395071501844,0.1028768703341484,16.024825859069825,3.1013542652130126,6.15673336982727,1.883406364917755,10.38678970336914,0.4433532565832138,0.99912828207016,2.203532314300537,1.4722850799560547,3615.2219482421874,95.96750106811524,467.9048950195312,189.91944274902343,634.7474426269531,21.94533348083496,30.448001670837403,67.02176132202149,789.6402685165406,1359.0040449142457,15054.093061959744,0.2262949990297784,517.1283574774861,373.5458319351077,3.444365571532398,14.57893891464919
318.08135508247653,169.82129889084027,1.5835973522625864,6.262877452699468,0.1067577704787254,16.038400840759277,3.1583770751953124,6.121892404556275,1.872420883178711,10.358153533935546,0.3971756279468536,0.9949358344078064,2.098692798614502,1.4672473669052124,3666.3171630859374,97.86949005126954,465.29758911132814,188.7991500854492,632.149658203125,19.28930969238281,30.484357833862305,63.02502937316895,788.8430840492249,1333.7845353603363,14763.765317976477,0.2157173830491956,524.0984505318105,373.5710695758462,3.32329959878698,14.599404841288925
314.5329541423824,174.24950774367898,1.5651030208915473,7.363640370662324,0.1086358398199081,16.38975772857666,3.322485899925232,6.192805194854737,1.905109179019928,10.566690349578858,0.4136298954486846,0.9941529512405396,2.3857646942138677,1.4817358136177063,3681.7138916015615,102.87921295166016,470.3476501464844,192.0788818359375,644.3746337890625,19.980403327941893,30.46905384063721,76.29245300292969,785.3080646514893,1332.3422607421876,14720.252431952951,0.2239907449838938,521.8402484349906,373.6964445471764,3.347395292297006,14.575569291971624
318.1682035676669,166.556944135949,1.6432193114422262,6.392862954176962,0.1226426437497139,15.50867223739624,3.0632642984390257,6.048778104782104,1.858278810977936,10.276291561126708,0.4367038786411285,1.0049347281455994,2.102840042114258,1.4497506141662595,3569.2193603515625,94.6437614440918,459.8416656494141,187.4182678222656,626.8359375,21.27512435913086,30.467573165893555,63.74963188171387,746.6040355682374,1392.1551632761957,15143.080344247815,0.2223197116691153,526.9346935663373,375.6474323317408,3.4086463640443982,14.708167744241656
327.7637288554106,188.58097486440093,1.4062486638315022,6.184226657170802,0.1114698864519596,16.008214950561523,3.4202187299728397,6.368701696395874,2.0819778203964234,11.56332483291626,0.3869742900133133,1.0121703147888184,2.094707679748536,1.4787879824638366,3600.78642578125,105.97147674560549,483.9961395263672,209.68935546875,705.9228088378907,18.25981750488281,30.448749542236328,63.05827865600586,781.9817708015441,1215.448264837265,14020.94980635643,0.2488160174601944,511.7023145794868,373.6426416799426,3.260221699718386,14.536985575780273
343.37241698969154,183.23880269043147,1.6422049786895514,6.5655743957264345,0.1205590680241584,17.46547374725342,3.61812756061554,6.271948051452637,2.016193914413452,11.187305164337156,0.3995348691940307,1.003626012802124,2.0656661987304688,1.5129496932029725,4034.3349609375,111.61564102172852,476.85105895996094,203.10977478027343,683.0352172851562,19.57954864501953,30.40662040710449,63.48140335083008,804.1446839332581,1225.9373456954957,14060.123542284966,0.2303988771906006,541.277809085697,373.4201534584165,3.335945893544704,14.503650205954909
324.2485271728598,172.74535236256196,1.425153062492609,6.993960538995452,0.1144898883998394,16.495546913146974,3.1184075355529783,6.073606014251709,1.8431665539741515,10.152873134613037,0.364969539642334,0.9905574381351472,2.2884428977966307,1.4735623359680177,3808.0195068359376,96.35295181274414,461.7621795654297,185.9093994140625,620.5190673828125,17.293687438964845,30.422654342651366,71.58873672485352,803.9094776153564,1384.5971782684326,15260.491400432587,0.296206768976117,530.5094797171653,373.1782503083349,3.259238197468221,14.579966292716565
345.8417923931964,172.58174936920403,1.7205525404773652,6.606586140068248,0.106550894677639,17.152938270568846,3.5895904541015624,6.187533330917359,1.9449441194534305,10.758935260772706,0.4358061909675598,0.9957504272460938,2.209580087661743,1.5120561242103576,3954.8787109375,110.9107177734375,469.9535797119141,196.03946075439453,657.0968017578125,21.480099296569826,30.456409454345703,67.91983108520508,788.9202344894409,1301.7046908378602,14511.226090800765,0.2322714274530881,534.6301341295242,373.21203563064336,3.420333991199732,14.516177642159164
331.8383631506469,175.65369794899598,1.3153327334672211,7.097722152038477,0.1123629204928875,16.78792667388916,3.28977632522583,6.226541519165039,1.9831517338752749,11.001815032958984,0.3395308256149292,1.0040292263031003,2.264576268196106,1.49788898229599,3825.777612304688,101.69308700561524,473.1629425048829,199.82245941162108,671.7694213867187,15.762505054473875,30.44669952392578,71.78651885986328,797.7987771987915,1263.8687593460083,14270.90906574726,0.2260013888488174,526.9542100761086,373.4425989091396,3.2197108467109503,14.5251208351925
326.3532236586325,177.53820110568776,1.680673581082374,7.290330274449661,0.1076320983469486,16.931910705566406,3.4155736446380613,6.2258689403533936,1.9713032960891723,10.926216983795166,0.421427971124649,0.9932476282119752,2.524825859069824,1.50671728849411,3821.96728515625,105.34424743652345,473.3887603759766,198.65831146240237,666.9131042480469,20.69816608428955,30.44534683227539,80.46039581298828,776.0973374366761,1264.2172509670258,14231.28671593666,0.2364174862173968,526.8343340348453,373.4296713367104,3.385494878329337,14.524529811926186
339.03196412697434,178.93427371513098,1.3497395464219153,6.8890811203746125,0.1250365898013115,16.30772647857666,3.497005486488342,6.341979122161865,2.1205713510513307,11.777577781677246,0.3593200147151947,1.0050120115280152,2.207304286956787,1.4795748591423037,3721.2181884765614,108.1475616455078,482.0706359863281,213.50571899414064,719.2802734375,16.783334922790527,30.428241729736328,69.1873176574707,799.0324352264404,1248.372151184082,14296.30296384096,0.2408604176409426,523.3085540033877,373.4409988075495,3.2377796032465995,14.528609753400088
335.6362565826159,171.6190948390402,1.4036395886912942,7.203019412909635,0.116123267263174,16.633726119995117,3.2205841302871705,6.125652980804444,1.8731887340545652,10.32923173904419,0.3809717327356338,1.0065698862075805,2.407822871208191,1.4887618541717529,3831.51552734375,99.37330474853516,465.5698577880859,188.89810791015623,631.1947204589844,17.965416145324706,30.452550888061523,76.72777633666992,787.8302137374878,1350.8394088745115,14949.260740995407,0.2315811903521535,531.7825017850846,373.51019104868175,3.2611854005604983,14.574216008931398
326.4035217574332,173.20760931931437,1.3502113627269865,7.2112029562005775,0.1193998828530311,17.023881721496583,3.293161535263061,6.205371141433716,1.966450297832489,10.883743476867677,0.372768822312355,1.0135218143463134,2.3081674098968508,1.495250642299652,3851.5736328125,101.923486328125,471.4656555175781,198.1840667724609,664.6585327148438,17.396473693847657,30.474099731445317,73.87025299072266,782.9374015808105,1308.4358993053436,14520.619172561168,0.2334537489616195,528.3285129692406,373.2937647998333,3.246872797701508,14.536750944331288
327.5311448714696,176.468469155021,1.326395728159696,6.553207337390631,0.1090363323688507,15.558561420440672,3.2489373445510865,6.147874641418457,1.875098717212677,10.33459358215332,0.3587612837553024,1.001111912727356,2.267249822616577,1.4597513914108275,3593.8328369140627,100.5838005065918,467.2255950927735,189.1169204711914,631.3832702636719,16.659772300720213,30.46860237121582,69.56460647583008,792.0918062210083,1340.2544193267822,14806.215250170231,0.2251498918165452,521.314593552053,373.50802392065526,3.241837141569704,14.59743176382035
339.2329831097275,177.8331064172089,1.43457102002576,6.130531174293719,0.1013299092650413,17.21224365234375,3.2878066301345825,6.208239603042602,1.9546340823173525,10.857236099243163,0.3856228083372116,1.0000733971595763,2.1278481483459477,1.52866051197052,3976.136865234375,101.78217315673828,471.9132537841797,196.9532623291016,662.6130249023438,18.302943801879884,30.47792568206787,63.62047119140625,793.4282286643981,1320.7348076820374,14606.037309265135,0.2328971340932185,541.5453176349401,372.9486896932125,3.2613418523222206,14.486414971202612
335.11199840684424,178.82969857146963,1.6533371726050974,6.383464212319813,0.1239495195448398,16.867102432250977,3.5298930168151856,6.2534801959991455,1.9885622143745425,11.029062843322754,0.4108648478984832,1.000694251060486,2.2512876749038697,1.4912387251853942,3842.636669921875,109.30455932617188,475.200927734375,200.3274429321289,673.3964904785156,20.130499839782715,30.446897506713867,68.3613410949707,780.7963842391968,1277.9939408302307,14319.803269088268,0.2390137066307943,527.9829663664102,373.4905274242163,3.360594854876399,14.538836730457842
328.653778392775,173.11812273655087,1.578905071783811,7.425843438738957,0.1068200625479221,15.814902019500732,3.447815561294556,6.102377223968506,1.8517550706863404,10.208168697357175,0.3910990953445434,1.0078665614128113,2.5062649726867674,1.4702080488204956,3649.978344726562,106.64027557373046,463.954443359375,186.7634414672852,623.7316345214844,18.997995948791505,30.47423553466797,80.75626144409179,783.8263566970825,1355.193016910553,14914.92261171341,0.228076293093909,524.2743288967758,373.5527293249965,3.3113326020538807,14.595698700472711
326.0085853415076,170.45295712277294,1.3225074141286313,6.868903185380622,0.1189667776226997,16.58510551452637,3.20126428604126,6.115977048873901,1.8563745975494383,10.236674499511718,0.3507164001464843,0.9926643371582032,2.3224307537078857,1.4739068269729614,3843.4573486328127,98.9342430114746,464.28931579589846,187.2226776123047,625.4606201171875,16.281168937683105,30.42729949951172,72.19529342651367,799.2949035644531,1340.633795070648,14835.660936808586,0.2973099098308012,534.7849522009492,373.523338611424,3.236301182210445,14.591844300739467
327.9295405611862,176.49788685580717,1.3694133387878538,7.085506302001886,0.1205072775483131,16.66702175140381,3.230304145812988,6.294825267791748,2.050480318069458,11.368211364746092,0.3601293355226517,0.9968775808811188,2.3561343908309937,1.4889569640159608,3756.032055664063,99.9937873840332,478.413021850586,206.54061279296877,694.246875,16.89082889556885,30.39689903259277,74.36494140625,762.0980453491211,1303.3274870872497,14499.353553009034,0.2417542746494291,522.5507246986032,373.37584106773136,3.240417042281478,14.533781929127873
329.46706308680587,175.22250085547566,1.6079053718596696,6.125715049915016,0.1272534132003784,16.667285537719728,3.2084847688674927,6.17620062828064,1.9042373895645144,10.508793926239012,0.399637633562088,1.007812738418579,2.0807846546173097,1.488322389125824,3806.6897705078127,99.07612915039064,469.0530090332031,191.99346008300785,642.1488220214844,19.47834434509277,30.439741134643555,62.19978065490723,804.0480641365051,1352.9161602020265,15032.241932356355,0.305663780865143,529.9459436599166,373.26894209831954,3.331288961134851,14.555138199590148
325.6228903228883,171.18162369622587,1.7617722765542567,6.95403484585695,0.1199638053774833,16.708954048156738,3.1722600936889647,6.105838918685913,1.82900173664093,10.15790309906006,0.4280608862638473,1.0040592074394226,2.254242753982544,1.4892446756362916,3824.592309570312,97.93407135009764,463.4678588867188,184.4707290649414,619.6133178710937,21.238957977294923,30.433831024169923,70.7993263244629,790.6954664230346,1324.8785086631774,14716.790446710587,0.2166596894283429,531.5918074738235,373.68130366355183,3.416338976472616,14.585782689228656
318.6476714845747,174.5002298728563,1.7878273446112871,6.4860085405875,0.1068940050899982,15.4464111328125,3.1967003107070924,6.204321765899659,1.9566153168678284,10.809639358520508,0.4300733983516693,0.9958493709564208,2.1158586025238035,1.4532169699668884,3506.2513916015623,98.79445190429688,471.7359649658203,197.2168487548828,660.4552551269531,21.404894828796387,30.43494987487793,64.40023803710938,786.187372970581,1384.9267844200135,15297.135295546055,0.2354744725482305,510.9098784405738,373.3192311510444,3.4262152991257606,14.577930152788758
338.517448806297,171.78026567343622,1.3709645064547658,6.545469401916489,0.1254848182201385,16.552479553222657,3.378964829444885,6.209474897384643,1.9512946248054504,10.807656574249268,0.3518655180931091,0.9946728944778442,2.282295513153076,1.4792187809944153,3812.267578125,104.59232482910156,471.20603332519534,196.66961822509765,659.9876342773438,16.51029815673828,30.42743682861328,69.7084587097168,793.8430625915528,1308.0094792366028,14548.131593549251,0.2301866133377189,528.3886032894254,373.30076458007096,3.240159020666033,14.551102273724974
326.84064154257067,178.29873828869313,1.483274579979479,6.0015943457372485,0.1313534215092659,15.93991060256958,3.2472899198532104,6.253468799591064,1.995745360851288,11.05711555480957,0.3919037669897079,1.004941463470459,2.096154570579529,1.4614023447036744,3614.395703125,100.38304290771484,475.4172882080078,201.10205841064453,675.1553588867188,18.734608840942386,30.431377410888672,61.93841972351074,784.5520753860474,1263.8818297863006,14284.892797887323,0.2321939776767976,515.4413873523474,373.5732921659946,3.2903986578807234,14.57619878742844
312.3999072595965,180.7984283624217,1.4052309007383883,6.493031868035905,0.1035514816641807,15.396673393249513,3.1315136194229125,6.2746035099029545,1.9956559538841248,11.047594738006593,0.3744305849075317,1.002392625808716,2.194949674606323,1.4566834568977356,3452.9871337890627,96.79023208618165,477.07575073242185,201.1120132446289,674.7285034179688,17.668082237243652,30.477939987182616,67.10476913452149,751.7163299560547,1111.4545218467713,13624.831475496292,0.2976436621087487,507.7679725445807,373.9890576809645,3.2585171008482576,14.598631400614977
334.8838840951212,182.6656714681536,1.46767523791641,6.439348772983067,0.1218364976346492,17.643070793151857,3.461547446250916,6.283993005752564,2.0078325986862184,11.121479797363282,0.3779305964708328,1.0069990158081057,2.1370742559432983,1.5244934916496278,4007.799975585937,107.09113311767578,477.1130889892578,202.31638793945316,679.1788330078125,18.06321964263916,30.404397010803223,65.27262115478516,786.3022323608399,1309.3727816581727,14484.769970500469,0.2399592571455286,538.1776318803429,373.1851364299655,3.2588806772604584,14.48764338567853
334.66085823201576,183.39623061679305,1.343687478452921,6.798331231507473,0.1239683091640472,17.639630126953126,3.4920907258987426,6.436336421966553,2.180741310119629,12.133563232421874,0.3578351855278015,1.0063422322273254,2.3368231058120728,1.524526023864746,3957.344921875,108.20350036621092,488.5931518554688,219.54049682617188,741.0464477539062,16.715187072753906,30.43166561126709,73.00162200927734,793.5732036590576,1183.869190263748,13927.57206813097,0.253162317108945,529.8978205751628,373.41337135136126,3.222728857584298,14.475956465117632
325.48995048636573,172.73372747842222,1.5476305963471533,7.164434194029309,0.1161233119666576,16.50628089904785,3.259392261505127,6.23023099899292,1.9609751224517824,10.833232307434082,0.3829070389270782,0.9974482715129852,2.4584054946899414,1.489458155632019,3736.716333007813,100.61184616088867,473.2550445556641,197.6465026855469,661.9782653808594,18.53560562133789,30.47964458465576,77.99200897216797,786.3078779220581,1356.013645553589,15004.41017061472,0.2357743561457027,524.3380957748741,373.4351328119636,3.2865748412907125,14.551136216335
355.2145370657556,178.5620141731575,1.4087679811753333,6.85966822153423,0.1197703160345554,18.0940092086792,3.724811625480652,6.324147033691406,2.096253514289856,11.670562934875488,0.360433679819107,0.9942100942134856,2.4038606882095337,1.5612958788871765,4192.3662109375,115.30693435668944,480.44068298339846,211.088883972168,712.3793151855468,17.066823959350586,30.47143268585205,75.14446487426758,808.1130969047547,1294.384531211853,14581.073914241791,0.2421945599562605,554.3671832472086,372.83359310776,3.230267111118883,14.42576594799757
323.329733160045,183.1360849266872,1.7507543257437646,6.013932898174971,0.1294502347707748,16.018711280822753,3.185012698173523,6.306199932098389,2.0373358964920043,11.293818092346193,0.4294912785291672,1.005128264427185,2.146127724647522,1.4609485864639282,3612.825390625,98.7167510986328,479.2455291748047,205.24593200683597,689.711962890625,21.27538280487061,30.47983741760254,63.63283920288086,791.0550449371337,1231.025118112564,14150.90147140026,0.2305654499708907,514.8626006238162,373.7020803421736,3.41580093735829,14.57370934896171
316.81822602013125,179.57480942746625,1.2718872563913464,7.495061519881711,0.112430939823389,16.084963035583495,3.184865212440491,6.207408571243287,1.939975202083588,10.730728149414062,0.3580979406833648,1.0020830392837523,2.3874815464019776,1.473992693424225,3612.363671875,98.55595703125,471.7191925048828,195.5620239257813,655.2543884277344,16.430530166625978,30.42418041229248,77.0649429321289,796.0520736694336,1258.5762849807738,14243.749986505509,0.3071740986953955,515.0217085734009,373.519956368208,3.22941881660372,14.558097369782626
329.03552942257375,172.66602571569382,1.748204607795924,7.133057461492717,0.1265568181872368,16.857959365844728,3.391003155708313,6.194441270828247,1.92764356136322,10.646865749359131,0.4255660086870193,0.9990110993385316,2.473095440864563,1.4910359144210816,3862.539892578125,105.04982986450196,470.1546875,194.3240966796875,650.4779968261719,21.085799789428712,30.447532844543456,78.32189636230468,787.9513114929199,1390.8361274242402,15362.997147679327,0.2335344736144179,533.834266833961,373.2530467018485,3.407990855164826,14.551116910018028
323.7036630636547,177.65751918256282,1.6526693429797887,6.100005801348016,0.107243338227272,16.345772361755373,3.3060289144515997,6.163016843795776,1.8987462282180787,10.477327919006347,0.398645943403244,1.010213017463684,2.0158947706222534,1.4854164481163026,3730.844580078125,102.35067443847656,468.3050323486328,191.44634704589845,640.2446411132812,19.563978958129884,30.456449508666992,60.27710647583008,802.6430833816528,1377.498104286194,15177.066318798064,0.3079058633433306,526.2265590805561,373.0970053598285,3.3394287806004286,14.546889091841877
330.2893728425726,174.78015273567289,1.7082797416485846,7.489415913564153,0.1052747093141079,16.452480697631835,3.4703495025634767,6.224853992462158,1.9643842697143556,10.87612762451172,0.4489775687456131,0.9963499069213868,2.41551296710968,1.498138415813446,3742.2920166015615,107.0852508544922,472.4376434326172,197.9576919555664,664.2702209472657,22.048098373413087,30.471781730651852,77.87919616699219,780.5299858093261,1324.9582468986512,14639.555144929886,0.236377835687017,523.4889049813152,373.2701973199845,3.441946324892342,14.522526849806308
343.93431025594475,176.4055793019943,1.3945950902067126,6.778689968958497,0.1303231447935104,17.73291435241699,3.540920448303223,6.325462722778321,2.053764009475708,11.380575180053713,0.3586147606372833,0.994763457775116,2.307814693450928,1.5290582060813904,4078.467431640625,109.67121276855468,480.6761291503906,206.89412994384764,695.0129943847656,16.92343349456787,30.41575679779053,71.58305511474609,792.8745111465454,1332.4199915885924,14828.111321687698,0.2446602095587877,547.2528818011284,373.2087106928229,3.2340801633894443,14.492451818846169
338.617096326407,173.1195186672732,1.62972779199481,6.066349241114222,0.1151965044438839,17.119312477111816,3.438578248023987,6.213395738601685,1.9389196991920472,10.712211227416992,0.4031278789043426,0.995917958021164,2.112983584403992,1.5110759019851685,3971.0216796875,106.16372451782226,471.8124877929688,195.444921875,654.4944213867187,19.705638885498047,30.48552837371826,62.71142120361328,788.3381969451905,1350.539607667923,14963.94501068592,0.2309091550705488,542.3746052399277,373.4046987265348,3.341043665446341,14.533204811066389
327.48377113039606,176.36954766046256,1.3766284361481669,7.15446239085868,0.1211854487657547,16.686443710327147,3.441589617729187,6.1462877750396725,1.8939692735672,10.468171691894533,0.3742782562971115,0.9990505576133728,2.4154792547225954,1.4814057350158691,3791.107470703125,106.38050842285156,466.9642761230469,190.95697631835935,639.3148620605468,17.556979370117187,30.43821907043457,76.54431533813477,779.9659395217896,1318.7295663833618,14531.602267813683,0.2312197673745686,525.8327776823193,373.3669177532196,3.255042417999357,14.565551991015672
323.8427941948641,166.64602633882313,1.5259917420335114,6.469721476337872,0.1251581653952598,16.983671188354492,3.411737084388733,6.072906827926635,1.8537797689437867,10.241677284240724,0.3987267971038818,1.0063894987106323,2.0336327075958254,1.4860069155693054,3858.2343994140624,105.51543273925782,461.15906677246096,186.9383087158203,625.5520263671875,19.17933158874512,30.40949058532715,62.09280548095703,788.9262002944946,1331.5255230426787,14718.759222960472,0.2191308190798736,529.7806272402406,373.4299732923508,3.312941322848201,14.574014889635146
321.84070746358486,167.2103462677449,1.466204462107271,6.249016049387865,0.1232658103108406,15.80017557144165,3.165988278388977,6.064617776870728,1.849166977405548,10.19411792755127,0.3901517629623413,0.9995434403419494,2.145329070091248,1.4448933362960816,3622.9785400390624,98.0894386291504,460.786962890625,186.50534362792968,622.9728332519531,18.594865798950195,30.41190185546875,64.23185272216797,796.0615706443787,1361.3628995895383,15066.67582669258,0.215354815320461,519.952377903089,373.4018726885319,3.2861646386794745,14.624807486869395
335.6313551945612,174.83460400924088,1.6941222688183188,7.393061381555162,0.1270985290408134,17.306953811645506,3.5824896812438967,6.249556398391723,2.003588247299194,11.092394924163818,0.4469974398612976,1.0023135662078857,2.4842764854431154,1.5045018672943116,3929.91689453125,110.55071334838868,474.5689086914063,201.9012237548828,677.4215087890625,21.91458740234375,30.41205539703369,79.85696868896484,797.5323325157166,1248.8597115516664,14298.73534681797,0.2319745134358527,533.2238505821675,373.4394668355584,3.434293651394546,14.522418210282922
333.314428046497,176.33277743216604,1.733568163588643,6.347506834776141,0.1014959871768951,17.09241714477539,3.4946532964706423,6.280634927749634,1.990363502502441,11.037592029571533,0.4586190909147262,1.008875274658203,2.150257921218872,1.5190732598304748,3891.1796875,107.95254669189453,477.0656127929688,200.5760391235352,673.4245361328125,22.57297477722168,30.4269962310791,65.35069198608399,781.5624168395996,1333.8077095985414,14731.9789842844,0.2368062129462487,533.9335982486606,373.523266017437,3.463423815369606,14.5088066207245
342.36146327110475,178.49593367110938,1.7259423536248506,6.582220152067021,0.1059011608362197,17.94335803985596,3.55370717048645,6.29876766204834,2.0290836572647093,11.255350875854491,0.4244571685791015,0.99467796087265,2.311270332336426,1.5492032408714294,4071.8787109375,109.99736938476562,478.3690063476562,204.4189193725586,687.1656677246094,20.97570629119873,30.484498977661133,71.05958938598633,788.378480052948,1255.4473081588744,14229.410169029235,0.2386587147891987,539.7121565975249,373.30656057596207,3.398094111122191,14.469268642179667
321.8102909023873,172.56395473573355,1.5738617544062437,7.256681903405115,0.1091969616711139,16.198345756530763,3.216962957382202,6.137845754623413,1.857320821285248,10.252289485931396,0.4244798481464386,0.99812513589859,2.4446434497833254,1.4767055749893188,3733.115625,99.31019439697266,465.9092468261719,187.3197982788086,626.0839538574219,20.49809112548828,30.43003463745117,77.79619750976562,786.2788738250732,1340.3273457527162,14808.19621796608,0.2210940504781319,530.0097568299622,373.5391227379441,3.3694100893102585,14.584868903830648
357.47787067578173,179.89950793292374,1.659334488492459,6.6883495772024615,0.1093573592603206,18.71074104309082,3.7356276512146,6.315594005584717,2.0415296077728278,11.335602951049804,0.4045290470123291,0.9970114409923554,2.355515789985657,1.5630550503730771,4337.48408203125,115.2888198852539,479.3752807617187,205.65150299072263,691.9486450195312,19.866369819641115,30.46977767944336,72.9668701171875,803.3484120368958,1203.8022501945495,13931.070280873775,0.4107434115838259,551.9761453401297,373.30839060097935,3.344372233655304,14.45197359006852
325.8870055103209,182.9884572736919,1.6920658621937037,6.392354222061113,0.1101133339107036,15.986012268066409,3.3849992513656617,6.3044686794281,2.0300779581069945,11.259570789337156,0.4260903477668762,1.00018270611763,2.230382513999939,1.4727050423622132,3617.5891845703127,104.7779296875,478.98780517578126,204.5106643676758,687.5628845214844,20.94605407714844,30.425679397583007,67.66551208496094,780.6803431510925,1277.0932817459106,14334.50111848116,0.2394193072046619,516.7451046716421,373.5059268772602,3.396933138836175,14.543068953044711
324.21110218474644,176.60582074522972,1.356933577451855,7.607832519058138,0.1131561644375324,15.70933666229248,3.1974287271499637,6.252991104125977,1.9908679842948915,11.031178665161132,0.3524860173463821,0.9939296782016754,2.4379086017608644,1.4585551977157594,3558.083251953125,98.76560440063476,475.0014221191406,200.61903381347656,673.5441162109375,16.487599754333495,30.445072174072266,78.81149215698242,787.6253385543823,1251.809451675415,14241.306318569184,0.230829933314817,512.2768254771829,373.5771081835031,3.240105790644884,14.575209937989712
331.3698599162512,168.86840622089804,1.3101094653829932,7.1550967341754586,0.1217667751014232,17.46405963897705,3.416374444961548,6.154040861129761,1.889827811717987,10.429474449157714,0.3424024194478988,0.9929183721542358,2.467658543586731,1.515919768810272,3986.406298828125,105.6214500427246,467.3357635498047,190.55573577880855,637.1621215820312,15.873835945129397,30.45678329467773,78.08008651733398,793.3390765190125,1343.536014652252,14870.272091162204,0.2241619808832183,539.6942114282399,373.3518146008253,3.220733865816146,14.542437642253937
320.377023346303,173.88391289561986,1.4169279849156735,6.131787304114551,0.1205347388982772,15.742740917205811,3.3300661563873293,6.080294418334961,1.8405736088752749,10.15776023864746,0.3778197199106216,1.0106154322624206,2.106177353858948,1.4460989475250243,3583.186474609375,102.69097900390624,462.0544036865234,185.6532974243164,620.4678527832032,17.858086395263673,30.45998764038086,63.014500045776366,787.5868803024292,1322.1339569568634,14571.330575728416,0.2221120910573518,513.537002517283,373.527390666306,3.2667165605351327,14.617031853087246
331.9323866448365,174.31436748979613,1.4111162710003555,6.5617288643494245,0.1140271380543708,16.756786155700684,3.499781584739685,6.212338399887085,1.948228693008423,10.766639804840088,0.3741383403539657,0.9917510747909546,2.102937817573548,1.500811553001404,3814.39345703125,108.27639236450196,472.23142395019534,196.37821197509768,657.7526306152344,17.68297119140625,30.43298721313477,64.25503845214844,800.7027465820313,1333.3848451137542,14871.415856516362,0.2298506889070267,531.1256143182516,373.4001220047474,3.2545272575691344,14.53899392783642
323.8387460183352,172.0581221556291,1.54857344776392,6.051815412333236,0.1268748074769973,15.966560173034669,3.1259838104248048,6.105372142791748,1.8670116901397704,10.293105030059817,0.3795464247465133,1.0105255842208862,2.088050103187561,1.4581520199775695,3643.3156982421874,96.44184036254885,463.7780639648437,188.2853973388672,629.0405517578125,18.37966251373291,30.438331604003903,62.09170265197754,790.6554544448852,1418.090461063385,15467.921174824238,0.2296000164147699,518.7390189718456,373.1373938441277,3.284320908971131,14.59478064533323
346.48810309297403,177.86827708408237,1.583803511131555,7.020419936417602,0.1220046244561672,16.409024047851563,3.58829505443573,6.2536365509033205,2.001442015171051,11.100021839141846,0.4026035100221634,1.0023753762245178,2.378113532066345,1.4836180329322814,3808.779931640625,110.77419509887696,474.8581848144531,201.63505859375,677.7659240722656,19.540439414978028,30.410283470153807,74.95613632202148,794.9548726081848,1267.8834218978882,14298.893254601957,0.2362676693883258,528.6420839782804,373.2769062668085,3.331160490214825,14.533603213354946
332.9556795862503,189.8529657212086,1.7218723385594783,6.58631770350039,0.1117665082216262,16.030221366882323,3.538971281051636,6.39439697265625,2.107972526550293,11.325585174560548,0.4528582364320755,1.0073545455932618,2.247395396232605,1.475687313079834,3626.2797119140623,109.09571914672853,486.0744201660156,212.14210052490236,701.2763061523438,22.26968898773193,30.47624969482422,69.31024780273438,786.3729867935181,1161.3326922416686,13771.245985245703,0.2502421563927782,512.0491800218821,373.8497687458992,3.4510605720803142,14.54983048234135
337.8827125546057,173.14668663581833,1.738737636152655,7.393532067118213,0.1257662668824196,17.319459915161133,3.4820361137390137,6.239793825149536,2.004635286331177,11.1023588180542,0.4465530931949615,1.0005030751228332,2.5535821199417112,1.5049006819725037,3952.643408203125,107.47461776733398,474.2800994873047,201.9902328491211,677.9905517578125,22.03180522918701,30.488473892211918,82.0954574584961,799.4309013366699,1272.760539007187,14435.426332426072,0.2323528968452592,534.280568382889,373.2439573943615,3.4433267300017176,14.51833381857723
340.54023305955343,184.45590336434543,1.5999837210401893,6.676524995686487,0.133133290708065,18.130904769897462,3.448111391067505,6.366566610336304,2.0829458475112914,11.555784130096436,0.4090603739023208,1.0068529725074769,2.3395500659942625,1.5326107621192933,4097.946362304688,106.4686408996582,483.2113830566406,209.7784622192383,706.5984741210938,19.891818046569824,30.46131896972656,72.62017211914062,796.6645785331726,1172.2456039905549,13849.199983334542,0.2395314242894528,537.0674040783197,373.46760799586775,3.3421856511384247,14.48796726949513
319.1177309776191,172.53349274247884,1.7542153012938797,6.998634872562252,0.1053732708096504,16.39389591217041,3.255325531959534,6.04990963935852,1.826644682884216,10.061088943481446,0.4494097679853439,1.006643807888031,2.345948910713196,1.481239926815033,3757.398193359375,100.64941787719728,459.6997131347656,184.2623443603516,614.8950500488281,22.20561752319336,30.46801166534424,73.98517379760742,797.248267364502,1383.0886268615725,15252.275837814808,0.2952492169337347,527.9384410541504,373.3198317632079,3.454642378818244,14.579120868071914
330.29971766858364,182.27241212744264,1.3282063041813672,6.119277021242306,0.1133914455771446,15.98677978515625,3.444671058654785,6.380818223953247,2.12751190662384,11.82294521331787,0.3638627976179123,1.0091184377670288,2.155788016319275,1.4726024866104126,3607.6428955078127,106.5539207458496,484.77777709960935,214.23362731933597,721.8490600585938,16.911894416809083,30.453163146972656,64.50558700561524,780.6863492965698,1215.274226284027,14081.221503007411,0.2414081992159481,512.7955525163561,373.6366986110807,3.2369038802571595,14.542778748460114
335.96587551808915,171.4001032388769,1.3879752039909363,7.3731605323962865,0.1056510023772716,16.95653591156006,3.472260499000549,6.194293260574341,1.939401745796204,10.712049388885498,0.3658719360828399,1.0015722393989563,2.4248974084854127,1.5175408601760865,3914.390893554688,107.36514663696288,470.81968994140624,195.4869888305664,654.5270324707031,17.22509307861328,30.4650203704834,77.88403091430663,794.1641466140748,1341.2060271263122,14894.10815615654,0.2268964792761835,538.6722424786537,373.321750023961,3.243611890543252,14.520314921438692
348.7556583300699,177.45091206207871,1.4420570012181997,6.336935229948722,0.1024559698998928,17.667956161499024,3.5312902688980103,6.2197388172149655,1.9468742609024048,10.777592754364012,0.3634238362312317,1.0002827286720275,2.17085394859314,1.5387082815170288,4083.08134765625,109.2212760925293,472.234017944336,196.2184036254883,658.1409301757812,17.30229721069336,30.480063247680665,65.85794143676758,806.9851075172425,1272.6560811042789,14317.150869905949,0.2323170859570382,544.0452232968062,373.1761500403285,3.2458887648768724,14.4820741282776
328.414054698078,174.03391490103678,1.486556607298553,6.1403339413926,0.1215680085122585,15.705598258972168,3.3878713130950926,6.181478071212768,1.9439069747924804,10.751923561096191,0.3808985561132431,1.004809021949768,2.0764191865921022,1.4525525093078613,3613.09248046875,104.742822265625,469.7057250976562,195.9374755859375,656.6994079589844,18.24615993499756,30.43617820739746,61.98722610473633,790.9541133880615,1304.121829891205,14475.65186560154,0.224471840231854,517.9099130868912,373.374744398892,3.274735417682677,14.583264612779022
327.1925857704831,168.89564680801703,1.686765853688121,7.242268946068362,0.1026894032955169,16.698246955871582,3.227615571022034,6.101491260528564,1.8841348886489868,10.404853248596192,0.4274302452802658,0.9965916275978088,2.2797595262527466,1.4961951613426208,3804.9775146484376,99.70601196289064,463.6659759521484,189.98119506835937,635.5816284179688,20.98950901031494,30.42959976196289,72.52490310668945,778.5382125854492,1322.4061425209045,14563.63446893692,0.2259308306471212,525.0770196210593,373.32586581856015,3.399549098033458,14.54496880825609
319.1869727570564,180.44464744776488,1.352958162687719,7.072183956205845,0.1216931715607643,16.2799280166626,3.418304777145386,6.308722639083863,2.037843561172485,11.27402172088623,0.3556642681360245,1.003757619857788,2.310939645767212,1.4659098386764526,3661.956909179688,105.405810546875,479.538510131836,205.32616271972657,689.0053955078125,16.623741912841798,30.4347713470459,73.02275085449219,757.0075592041015,1069.5957659244536,13483.422996258736,0.3123426082456717,514.156508827582,374.14350441545247,3.2383096779696645,14.59069839157164
332.49864108883776,165.1029538143426,1.6854133885353804,7.1673299234360455,0.1181943207979202,15.997745609283449,3.277944016456604,6.05031533241272,1.83696311712265,10.133791446685793,0.4222803115844726,1.0000887751579284,2.374939393997193,1.4608160853385923,3711.30029296875,101.15215454101562,459.1833984375,185.28476104736328,619.0875793457031,20.745419120788576,30.476287841796875,75.3330467224121,782.3242084503174,1329.6528537750244,14674.712012434004,0.2212287367350654,523.9651036702096,373.4806804254651,3.3916345670819283,14.606472631916404
330.62264269429727,173.06791765969243,1.778987041953951,6.543225822434761,0.1049633085727691,15.904209518432618,3.491581082344055,6.205963230133056,1.9388798475265503,10.709203815460205,0.425319504737854,0.9966086864471436,2.0931405782699586,1.4796146035194395,3670.6558349609377,108.11248931884764,471.4648712158203,195.44102172851564,654.3850952148438,21.15975856781006,30.438548469543456,64.01095504760742,789.723048400879,1355.587641143799,15019.269844686984,0.2323223878833232,524.4426947455853,373.4081648781896,3.4146987400949,14.556294465251266
318.71012058409394,176.72890320327133,1.4141327966935933,6.5793423184426505,0.1072930946946144,16.485258483886717,3.1894189357757567,6.168842411041259,1.8780837297439572,10.370914745330811,0.354475212097168,1.0043700814247132,2.169730520248413,1.4917319416999817,3722.624194335937,98.81522750854492,468.3186798095703,189.3675720214844,633.4273620605469,16.780243110656738,30.42793025970459,66.71305541992187,797.382889175415,1334.7745177268982,14724.325055360794,0.3050083128327969,523.9230011250824,373.4348813384771,3.245489543490112,14.553657414019108
309.6124765994027,175.23628026861698,1.5174745145253836,7.247839766205288,0.1021483585238456,15.51372013092041,3.151854228973389,6.171567440032959,1.8962716698646545,10.4853045463562,0.3984436750411987,0.9958637118339538,2.50452561378479,1.4571474552154542,3480.718017578125,97.54488143920898,469.0553863525391,191.1910552978516,639.8934875488281,19.13829708099365,30.431571006774902,79.58659210205079,780.7324275970459,1346.176618051529,14815.454441702366,0.2301343934435863,510.43567247614266,373.5331317663193,3.3109313675202428,14.594154225476084
316.4725102922879,169.06667576450857,1.3104616420343518,6.603632321301848,0.1132172100245952,16.31158447265625,3.2766738891601563,6.170500612258911,1.932596468925476,10.685741138458251,0.3646892577409744,1.0008808374404907,2.166855788230896,1.4776569604873655,3665.068432617188,101.25222396850586,468.3055114746094,194.81007232666016,652.6953979492188,16.87336959838867,30.485809326171875,66.73636016845703,775.6345001220703,1325.4956645011905,14603.821062624454,0.2284059869809425,518.7307986363769,373.3219296902418,3.240344495233148,14.562073343992234
322.2729610510636,183.01383710177612,1.5327158701606094,7.294381794193759,0.1174518920481205,16.01599826812744,3.351707100868225,6.36281681060791,2.10438768863678,11.677821445465089,0.3883995085954666,1.007664918899536,2.322069835662842,1.4712656259536745,3594.290869140625,103.7612922668457,483.5630615234375,211.93279418945312,713.1758972167969,18.738863945007324,30.467205047607425,74.42805633544921,764.5255641937256,1253.2569419384004,14242.346095526218,0.2402939271327341,512.7205206539481,373.6006196126342,3.2932119567878546,14.548699655942618
325.9280439437833,166.64521421212703,1.4300894511863589,7.308289688453078,0.1212492555379867,15.919374465942385,3.142298674583435,6.024673366546631,1.8280686020851136,10.070465660095214,0.3607294887304306,1.007507085800171,2.4609660387039183,1.4551620841026307,3670.7835693359375,97.14146041870116,457.52545166015625,184.40494384765623,615.4606567382813,17.10662136077881,30.47105407714844,78.77046966552734,793.3937792778015,1358.0205127239228,14992.956891512871,0.2194353875092929,523.4511982511729,373.596015393734,3.261797173973173,14.634610483050349
314.0075067779515,171.72214132845403,1.4299274486489597,6.366500231949613,0.1214542083442211,15.761025619506835,3.2370507955551147,6.12942476272583,1.8894287109375,10.440148258209229,0.3610602617263794,0.9993810653686525,2.190000057220459,1.4478652358055115,3554.551513671875,99.80801162719726,465.33762817382814,190.5089096069336,637.6572509765625,17.12376937866211,30.43558120727539,66.19342956542968,786.6634872436523,1302.4062838077546,14472.23724411726,0.2239063337503467,513.0860450353473,373.4853251338005,3.2605083820410075,14.60529521163553
330.2752208730672,173.94360832078382,1.678547243308276,6.584997158613987,0.1294047847390174,16.21790943145752,3.423117184638977,6.222311401367188,1.944717037677765,10.795814037322998,0.4268060237169265,0.9973095893859864,2.1255210399627686,1.4675738573074342,3713.02197265625,105.88722686767578,472.8611175537109,196.03531951904296,658.4802795410156,20.936885261535643,30.47318153381348,65.22549438476562,794.8030284881592,1313.9965789318085,14688.95233733654,0.2294919748499523,525.3006072886288,373.6854619696736,3.3960960233584045,14.589935226365924
322.9613828222267,174.194791291561,1.6231829341500998,6.095626606047153,0.1070701211690902,16.72439193725586,3.207410883903504,6.147673797607422,1.88454909324646,10.394846057891844,0.4134341865777969,1.008726179599762,2.1540682315826416,1.4944984078407288,3827.786376953125,99.34561462402344,467.29250183105466,190.02879486083984,635.1733642578125,20.155312156677248,30.475601768493654,64.36444854736328,782.5892272949219,1367.8375239372251,15005.26275933981,0.2245890261168824,533.462706060335,373.46114099174736,3.359654303174466,14.560341178439558
310.8367322533857,169.83718785513193,1.4173750693909823,6.79472901346162,0.1070458114147186,15.54488172531128,3.2140796899795534,6.187286233901977,1.93791469335556,10.703408336639404,0.390862974524498,0.9942598342895508,2.320305037498474,1.4495133876800537,3494.020971679688,99.48872756958008,470.41575622558594,195.3889389038086,653.7309448242188,18.461051750183103,30.46549797058105,71.89717254638671,738.3425975799561,1076.622161769867,13586.263128328324,0.4785555867791117,508.1878155477345,374.24658260792495,3.2751054871827363,14.62897167596966
326.44425611505284,171.46865480896085,1.6473629666492342,6.265976736135781,0.1138412617146968,17.07707099914551,3.250585603713989,6.037381458282471,1.825294065475464,10.061503982543943,0.4182734549045562,1.001752853393555,2.115613269805908,1.49468514919281,3927.760864257813,100.37019653320311,458.59649963378905,184.11188049316405,614.7703735351563,20.449084663391112,30.423478507995604,63.64468688964844,785.048520565033,1331.5704511642457,14621.237462496758,0.2208174159095506,536.0800491284579,373.2935446038842,3.3746479866094887,14.566664785519242
334.8076828564052,181.12847735006363,1.4368983994238078,6.56447589751333,0.1105459101498127,17.58267307281494,3.300947093963623,6.247211265563965,1.9778926134109496,10.951239681243896,0.389568081498146,1.006985783576965,2.095481777191162,1.5306361198425291,3990.58193359375,101.93186264038086,474.7924835205078,199.33148651123048,668.7620727539063,18.48646049499512,30.41202735900879,64.53954315185547,792.9602712631225,1310.8625380516053,14527.601087367537,0.2378403051159693,537.5021402012557,373.132842348516,3.2686793359927835,14.482603385299443
318.8585702933371,181.05682483129203,1.3007392139174043,6.840037973923609,0.1046821698546409,16.022009468078615,3.214067888259888,6.321670055389404,2.054809141159057,11.383711814880373,0.364397394657135,1.0092838406562803,2.199913001060486,1.475653111934662,3587.57666015625,99.2637062072754,480.205419921875,207.01782684326173,695.2793273925781,16.83123779296875,30.4474760055542,68.92224044799805,763.462783241272,1298.2619611740113,14451.893591725826,0.2402685139881214,512.0632510609925,373.3970771417022,3.233725168555975,14.542446953244507
329.2382941292599,177.18597433706745,1.6661786436103283,6.953860676987096,0.1047797434031963,16.566981315612793,3.4099908828735352,6.273604106903076,2.041965365409851,11.327492618560791,0.4327116340398788,1.0017068147659305,2.277952003479004,1.4915404081344603,3766.2839599609374,105.48379287719726,476.8644714355469,205.68085021972652,691.7223510742188,21.1715368270874,30.454059982299803,71.62560272216797,784.9172473907471,1293.5793148994446,14438.304127275944,0.2367626338207628,524.3555690120905,373.2723791822791,3.403048867918551,14.517329957336187
332.1281032456085,172.31528296563775,1.4606965074315668,6.608787217456848,0.1049071297049522,16.294089317321777,3.314735698699951,6.238871335983276,1.9697840094566343,10.892597866058347,0.3670504182577133,0.9985167384147644,2.223463273048401,1.4847037553787232,3732.84453125,102.35510864257812,474.0885986328125,198.52486572265624,665.3068176269531,17.520043182373048,30.456693649291992,68.37725448608398,785.1019035339356,1350.3695921897888,14900.305145943164,0.2341916719451546,525.1995708178729,373.4270326048136,3.258596001006663,14.552025524899364
320.5449877753388,180.31207091994585,1.7470247495919466,7.110028734384104,0.1110937118530273,16.248482704162598,3.3674987316131597,6.249311399459839,1.995653796195984,11.052858829498293,0.4193480163812637,0.9998312592506408,2.3817497968673704,1.4854539275169372,3653.0491455078127,104.27435455322264,475.108334350586,201.0778335571289,675.0682556152344,20.79333076477051,30.48000144958496,75.45173263549805,781.3160642623901,1324.2309462070466,14655.491010928154,0.2427350400161231,518.5230134926736,373.2964295879007,3.396233268547803,14.53499665558338
339.6081938011106,174.7930254360661,1.5056101134046913,6.747778272256255,0.1318242311477661,16.909993743896486,3.4912792444229126,6.248344850540161,1.9999728560447692,11.078403663635251,0.3911355823278427,1.004116678237915,2.300733089447021,1.4952178120613098,3863.169091796875,107.95192642211914,474.4172088623047,201.52525329589844,676.5238098144531,18.77637386322021,30.47415351867676,71.57963562011719,790.4808155059815,1295.576169204712,14509.763278400898,0.2372657490588608,530.4288632571697,373.2331590116024,3.292088057287037,14.532128196395934
332.0843617848121,186.79936422407627,1.4888261520303785,6.428465998452157,0.1053010508418083,17.558958053588867,3.467103219032288,6.485018730163574,2.215082025527954,12.317166709899904,0.3756536185741425,1.0045244693756104,2.229572081565857,1.526509976387024,3923.6607421875,107.42337646484376,492.7317169189453,222.97030944824215,752.3748718261719,18.03735942840576,30.45220375061035,68.09722442626953,768.7243654251099,1194.574255895615,13972.89669355154,0.2671109267132124,527.4021215151995,373.5604172170162,3.253853630553931,14.475552617385985
347.6282238751417,179.70360188744962,1.331080730073154,6.260874413931743,0.1048633195459842,16.581134796142578,3.4985478639602663,6.304700183868408,2.0660640716552736,11.46904993057251,0.3597844034433365,1.003663146495819,2.019315814971924,1.5076102495193482,3826.72724609375,107.87287216186525,479.3553771972656,208.1151870727539,700.195654296875,16.747046279907227,30.44135284423828,60.933885192871095,810.8786913871766,1247.2009346961977,14213.758048713207,0.3139282110947533,529.4379696123302,373.2145359694958,3.228831324446946,14.488060255534949
326.4787776298821,169.13639076109976,1.4564463667571546,7.33703410627786,0.1170610718429088,17.189186668395998,3.3764542818069456,6.143736839294434,1.8893344163894652,10.423339462280271,0.3851048290729523,1.01038738489151,2.4230449914932253,1.5060765743255615,3886.3552001953126,104.59482879638672,466.2908782958984,190.5092788696289,636.9597473144531,18.345538520812987,30.443559646606445,77.88609390258789,789.0581489562989,1392.7228498458862,15357.96841583252,0.2326395624899305,531.3363417834044,373.2334365144372,3.270018354523927,14.543491007387638
321.55580569189044,177.2977461066097,1.786107429023832,6.1261162988841535,0.1189122624695301,16.568107986450194,3.330027723312378,6.298327445983887,2.040467405319214,11.324992561340332,0.4256277024745941,0.9944507479667664,2.173217463493347,1.483056092262268,3710.25078125,102.9604148864746,478.50873413085935,205.5588577270508,691.2553161621094,21.19610042572021,30.4670467376709,64.64031753540038,787.9213965415954,1227.6746315002442,14165.194020199777,0.2295259768259711,518.6185459449887,373.7030871227384,3.415460310038179,14.547986905649305
332.23915315135383,179.3728127825074,1.599039258621633,6.240865361248143,0.127947124838829,16.533177757263182,3.3777281522750853,6.262221050262451,2.01318678855896,11.149476051330566,0.3963553458452225,0.9996676206588744,2.1776217222213745,1.480836009979248,3753.283471679688,104.40046310424805,475.9691680908203,202.8662796020508,680.8463745117188,19.302319526672363,30.437575149536134,65.40469360351562,782.3852132797241,1281.511429643631,14393.20933266878,0.2397063805983634,523.5561245147139,373.5179539591074,3.3229241675697265,14.54832807853818
318.94858615868725,174.70517222415657,1.3982688108459116,7.191002775856759,0.1063623540103435,16.973043060302736,3.2855196714401247,6.116876554489136,1.8583664178848267,10.241229248046874,0.3783329427242279,1.0112333059310914,2.3207607746124266,1.5060195803642271,3820.221166992188,101.3554786682129,464.4009948730469,187.42147369384764,625.9425170898437,17.827243614196778,30.43933906555176,74.11197357177734,791.5590879440308,1410.9226676464082,15401.977560830115,0.2337533074663952,527.7204584557563,373.0063634380698,3.25716355657205,14.535714161209762
315.40560950827785,178.9785668687895,1.4877711028791964,6.41914807879366,0.1102226786315441,15.89673318862915,3.1272899866104127,6.225261878967285,1.967173957824707,10.886923122406008,0.3660217583179473,1.0106440782546997,2.103342151641846,1.4696142435073851,3560.9089599609374,96.88782653808592,472.9325256347656,198.25688629150392,664.9120422363281,17.55410442352295,30.45232582092285,64.25261840820312,785.9070678710938,1302.4024358749389,14507.398454415796,0.2327876951909274,512.3570011463016,373.3628346264362,3.265111364796758,14.555447715148327
335.4702401684132,174.6350160131231,1.374668836966157,6.195045237941668,0.1246860139071941,16.511252021789552,3.375208115577698,6.20580415725708,1.9578535676002504,10.833044147491456,0.3628174155950546,1.0037299275398257,2.0076670169830324,1.4824092149734498,3810.0701171875,104.18114624023436,471.1089141845703,197.3258087158203,661.6904235839844,17.02654438018799,30.47993850708008,60.315578842163085,810.0236751556397,1271.5232759475707,14354.51848500967,0.3058415205203346,530.0585568375885,373.3620674788952,3.246744079235941,14.54739414099604
321.404543336248,177.19613968748598,1.757655367348343,6.402692982414737,0.1253560692071914,15.564417266845703,3.1726253271102904,6.302576875686645,2.048170471191406,11.366146659851074,0.4235771894454956,0.9999138355255128,2.09876036643982,1.4529836535453795,3509.4514404296874,98.04464416503906,478.7708740234375,206.33078308105468,693.9963256835938,21.01879043579101,30.48880958557129,63.79597244262696,785.6873693466187,1252.9169709205628,14309.347972536088,0.2340609470673371,508.9273944776505,373.5690809428692,3.407077370584011,14.57551944628358
344.12049431176854,176.1855362355709,1.4324752103537322,6.708211509394459,0.1141445107758045,17.4709680557251,3.4868659734725957,6.296099996566772,2.0099600553512573,11.12008056640625,0.3830169081687927,1.0035009384155271,2.23598575592041,1.5307840943336486,4046.989135742188,107.5186882019043,477.804916381836,202.525537109375,679.3718566894531,18.18169708251953,30.475813484191896,69.46000061035156,796.0827525138855,1331.2931079387663,14808.538833773137,0.2360287151037482,547.1818454261869,373.2453303292394,3.255395048204809,14.493969203531742
329.5618660294916,176.3081118676811,1.5587267766706645,7.344233399466612,0.106987864524126,16.882023429870607,3.4689770460128786,6.137414360046387,1.883203208446503,10.391064834594726,0.3888653934001922,0.9934893786907196,2.299635124206543,1.5099063038825988,3895.16982421875,107.41910934448242,466.2467254638672,189.90235443115236,634.9218933105469,18.84085140228272,30.424052047729493,73.46956176757813,798.6526270866394,1404.1902992248536,15417.840660750866,0.2297280081053031,537.470802327618,373.0189120396972,3.29946867171675,14.521561580896378
323.6981361622689,177.49269102066756,1.6534835352562367,6.921285120444372,0.1046280100941658,17.400675582885743,3.218844676017761,6.318051528930664,2.0631624937057493,11.445381259918213,0.4374255686998367,0.9932340443134308,2.184858584403992,1.522767329216003,3894.395849609375,99.71223449707033,479.96299133300784,207.8123580932617,698.9390014648437,21.34985218048096,30.425449180603028,68.32757263183593,787.7739269256592,1263.1209953308105,14329.640153443814,0.235030345438281,529.4428173970431,373.36763978153465,3.4071804899722338,14.486903646960856
325.1394787673838,186.08404519995676,1.319357936643064,6.369713784055785,0.1119641050696373,17.215900802612303,3.489076089859009,6.342089986801147,2.0677440881729128,11.440993595123292,0.3655822694301605,0.998582398891449,2.1506376028060914,1.5032162547111512,3862.718823242188,107.9455909729004,482.1534973144532,208.2977066040039,699.1994445800781,16.96476192474365,30.4763126373291,65.21537780761719,760.8793012619019,1116.396652984619,13653.94312480688,0.3193835373807815,524.9497020233423,373.8668037906289,3.231912992428988,14.542297334969044
336.37293682210145,182.03129778169097,1.4187860015779734,6.454036671994254,0.1330982223153114,17.247866439819337,3.312319111824036,6.261708402633667,1.976295006275177,10.94322919845581,0.3548513501882553,0.9987213015556335,2.117340588569641,1.505414402484894,3925.794702148437,102.64108047485352,475.3415924072266,199.16458892822263,668.2754272460937,16.81841983795166,30.412248611450195,64.44687728881836,810.819604587555,1262.0295125961304,14288.659439003468,0.3163517771637998,534.4575470134616,373.2781704425812,3.242929144203663,14.515078243240714
320.5885763003025,181.88099432587623,1.6921125539578497,6.429190845484845,0.1240064263343811,16.83859519958496,3.448268461227417,6.2626259326934814,1.9631563067436215,10.863713359832763,0.4267904013395309,0.9951083362102509,2.061761498451233,1.469453501701355,3794.243505859375,106.64772109985353,475.8222900390625,197.86264038085935,663.4153991699219,20.9782377243042,30.420052909851076,62.4253547668457,756.7365364074707,1085.071972322464,13553.555170238018,0.2997106809576507,521.9429105035961,374.19990420788525,3.3983668171800674,14.60165232643485
335.21481086835263,178.73816186860205,1.3542151742614803,6.922047509485855,0.1096634276211261,16.500984573364256,3.414592242240906,6.228738641738891,1.9560508608818052,10.864735889434815,0.3630637258291244,1.002271294593811,2.3161051988601686,1.4962801694869996,3777.2054443359375,105.7181869506836,472.8650268554687,197.07815246582032,663.1413879394531,16.970776176452638,30.437639236450195,72.66950378417968,793.2774357795715,1323.030182170868,14613.403808951378,0.2366859029745683,527.0235432561487,373.0333674713969,3.2401325406506656,14.5173454079777
320.30450342418624,179.1483007190749,1.6833010224625469,6.770078313956037,0.1044455431401729,16.988315200805665,3.178924822807312,6.221492719650269,1.9730509042739868,10.9200945854187,0.4256225913763046,0.9973161816596984,2.262924385070801,1.5119271993637085,3802.12275390625,98.49755249023436,473.0758331298828,198.84203033447267,666.91787109375,20.899364852905272,30.46187210083008,70.31371231079102,789.06325340271,1298.4070469856265,14486.261736369132,0.2318278182137874,525.0032651577145,373.2672775566578,3.3935189604759217,14.507110206969084
330.9725341969635,174.62106806132942,1.471696779318154,7.063081424683332,0.1184713371098041,15.935927677154542,3.472744345664978,6.212958097457886,1.9679381608963011,10.887759494781497,0.3980708658695221,1.008708417415619,2.3175662755966187,1.4708302021026611,3636.665258789063,107.38463516235352,472.0298217773437,198.3312759399414,665.0418884277344,18.971096229553225,30.429699897766117,73.38926391601562,779.4225896835327,1326.047644472122,14637.454203402996,0.2368632123194402,517.921009273827,373.3396809458733,3.298907985724509,14.55667423568666
327.7266128286254,171.80581714846193,1.535986544843763,6.250717843649909,0.112872402369976,15.877817058563233,3.377283883094788,6.151924514770508,1.8915563941001887,10.433740425109864,0.3778743505477905,1.003104329109192,2.158169150352478,1.4690725564956666,3649.0140869140623,104.24640121459962,466.9615173339844,190.73170166015623,637.6373779296875,18.26606616973877,30.424989700317383,64.85715713500977,795.2018620491028,1380.7302404880525,15220.55477296114,0.2242387701640837,521.0465009178967,373.2705202296376,3.27838056916371,14.57527400776744
327.8091192314401,173.59356342088432,1.5891930357553066,6.228313178312964,0.1093515418469905,16.745224380493163,3.335149717330933,6.125117588043213,1.8974618077278136,10.461112117767334,0.4045367300510406,0.9922348916530608,2.053911328315735,1.4983977317810058,3877.777856445312,103.26347122192382,465.5468505859375,191.3239044189453,639.3225646972656,19.64410820007324,30.4127742767334,61.36252555847168,797.1245302200317,1407.0027647018433,15443.522995376588,0.2258847355988109,536.8328223574906,373.0444097235799,3.336359767895192,14.537190559506415
328.73503182904096,175.44465300738813,1.2781710304319858,6.544543550431262,0.0984783060848712,17.019146728515626,3.4753103733062742,6.295498514175415,2.0322655200958253,11.237256908416748,0.35486461520195,1.0083857655525208,2.17213306427002,1.4954078435897826,3867.211059570313,107.37197265625,477.9015319824219,204.7632614135742,686.7807495117188,16.324406242370607,30.407127380371094,66.73488082885743,763.0155675888061,1113.879646062851,13631.652565789223,0.211679541869671,525.1939590003342,373.9096583470702,3.2197285823524,14.54799069352448
308.19228922971524,164.6073102039285,1.4957114081829783,6.767000755202025,0.113110801577568,15.745372581481934,2.9684534549713133,5.617687177658081,1.86132493019104,10.287117862701416,0.3839058637619018,1.0007088661193848,2.202537107467651,1.455815315246582,3636.988549804688,91.85052490234376,427.0792785644532,187.7293243408203,628.4934020996094,18.404947662353518,30.483805656433105,68.0895164489746,752.4703905105591,1394.3351333856583,15185.88176419735,0.2260758048971183,533.9546460777522,375.8957063019276,3.285942127928138,14.805191246420144
330.87959974114784,175.74000283032655,1.7257698154076937,6.33425774932839,0.1072072438895702,17.18344841003418,3.336002779006958,6.155822515487671,1.897880268096924,10.48864049911499,0.4248062998056411,1.0072981119155884,2.01305890083313,1.5136356353759766,3936.523486328125,103.0683090209961,467.3903442382813,191.34694061279296,640.620751953125,20.98648586273193,30.439064025878903,61.09485206604004,792.4461094856263,1298.0792490005492,14419.816104054453,0.2265104906007763,536.1943479340523,373.24835769236086,3.4015685733407737,14.520651411637663
351.9725663690828,186.65895475810396,1.3694019459187985,6.77524505215697,0.120236437767744,17.26160888671875,3.732321071624756,6.390984582901001,2.129031085968017,11.836486053466796,0.3674539983272552,1.003402864933014,2.2713545322418214,1.5152410030364991,3962.09228515625,115.23343505859376,485.88514709472656,214.3721893310547,722.9350708007812,17.23965702056885,30.48450088500977,70.84122085571289,797.7109185218811,1181.8857341766357,13854.885797286031,0.2549604036204982,531.3110137283802,373.4880626037717,3.237002812884748,14.496222702227533
319.5571920878254,174.67103537851943,1.5618010016158224,7.664075631136074,0.1084104031324386,16.080405235290527,3.340186882019043,6.219142770767212,1.9840762615203855,10.9886981010437,0.3989308297634125,0.9949233531951904,2.433170127868652,1.4725600719451903,3624.3458984375,103.24028244018557,472.7205596923829,199.9415740966797,671.0394104003906,19.30361652374268,30.42411231994629,78.90761489868164,783.1297622680664,1301.3642317295075,14517.338752305508,0.2323482961655827,516.2803658332675,373.3432220026851,3.320586192794144,14.550219992175698
337.30703582749703,174.17851558383555,1.4740144190378488,6.210308526083827,0.1102852709591388,17.134836387634277,3.569789457321167,6.227777767181396,1.9758729815483091,10.934934329986572,0.3701163798570633,0.9955428242683412,2.1378504037857056,1.5191275000572204,3908.135888671875,110.33589782714844,472.91767578125,199.1217193603516,667.8898559570313,17.714939498901366,30.482563018798828,64.12955856323242,778.6038579940796,1330.0588361263276,14601.793192064762,0.2421875331172486,532.7524941571057,373.1884833827615,3.2573445888236163,14.503486453182996
346.78216285696254,188.8152192113921,1.328646496683359,7.462047038273885,0.1218359306454658,17.729851722717285,3.628671312332153,6.421455669403076,2.142110562324524,11.916689205169678,0.3612006783485412,0.9928291440010072,2.5493414640426635,1.537439775466919,4018.736157226562,112.08319854736328,488.0487030029297,215.6802764892578,727.3510131835938,16.816648292541505,30.460893630981445,82.04106140136719,809.8489236831665,1166.0049673080443,13848.06329716444,0.2588744797089021,536.080727828294,373.4493205785751,3.2208117288537323,14.468096809647978
322.1309487113264,185.8431912824512,1.496194870211184,6.900883641373366,0.1185413010418415,16.50351486206055,3.415446472167969,6.307100009918213,2.0343366384506227,11.270157718658448,0.3728472888469696,1.0121733665466308,2.21120707988739,1.4858457922935486,3700.9375244140624,105.44671249389648,479.57172241210935,204.9536895751953,688.3765808105469,17.90944652557373,30.44844341278076,69.57313079833985,800.5549944877624,1218.1160641670226,14078.79808717966,0.233175522230158,519.4855046059936,373.6177880510688,3.2654459052719176,14.541019715741276
339.7084901631344,173.91465718857944,1.4751479882746934,7.275018053874374,0.1307861447334289,17.51899642944336,3.2786960363388062,6.225772666931152,1.9785444259643556,10.961321353912354,0.3778399020433426,0.9945013165473938,2.5450938940048218,1.5071675539016725,4011.289135742188,101.16735916137696,472.9158416748047,199.3618148803711,669.4118408203125,18.07551517486572,30.465018844604494,81.15242309570313,788.5057312011719,1318.6404457092283,14609.48596560955,0.2337064343490055,537.5379358988255,373.2791978046298,3.264964580722153,14.524233079887926
324.89713381938634,186.6586363468319,1.5169670172035694,7.401217290712521,0.1160082645714283,15.920394992828369,3.3963917016983034,6.370728254318237,2.0888256549835207,11.591925048828124,0.3850957274436951,0.997173547744751,2.58864848613739,1.4703785181045532,3573.8706787109377,105.12263107299805,483.9428344726563,210.38443908691409,707.8527038574218,18.54070625305176,30.480688095092773,83.0778190612793,789.2270908355713,1212.6378293514251,14089.830748021604,0.2438944808731321,509.8399615380913,373.616645398736,3.2834783176891507,14.55039191544056
341.6194111798424,179.04386364053934,1.5141243913210929,6.156197357107885,0.1104532599449157,17.303702354431152,3.4636638879776003,6.24833083152771,1.981226480007172,10.982293701171876,0.4085337340831756,1.0015135884284974,2.196548867225647,1.512844443321228,3951.775439453125,107.2942398071289,474.8917297363281,199.6440963745117,670.4380859375,19.587161827087403,30.484561729431157,65.80066986083985,785.8944852828979,1257.6820757389069,14210.348182713986,0.2355911600374383,532.8742722880095,373.4404801160097,3.324338539969176,14.5210136519745
327.793203448318,172.17515097111465,1.3840963878668844,5.943448673537932,0.1163251616060733,16.142431831359865,3.1729862451553346,6.084967136383057,1.847603178024292,10.171539115905762,0.3749031335115432,1.008526086807251,2.11102454662323,1.4754067420959474,3685.04716796875,97.92764434814453,462.4966674804688,186.3500228881836,621.7051025390625,17.61006889343262,30.47537860870361,62.33886909484863,790.9451467514039,1381.7164142131803,15157.407935011386,0.2285470240429276,520.5305041529239,373.27438081502913,3.258136071637273,14.585613526962698
321.479619523976,171.47863754238932,1.3909356148913503,6.872291429969482,0.1305936992168426,16.171454620361327,3.2385363578796387,6.095065689086914,1.8377391695976255,10.13399772644043,0.3764154016971588,1.0092595577239991,2.193894982337952,1.4637367606163023,3720.7588134765615,100.05621032714843,462.8065460205078,185.36480102539065,619.2379150390625,17.702816581726076,30.452016639709477,68.72831649780274,782.8128034591675,1380.255244731903,15112.200609660147,0.2227756691208924,528.4402849525213,373.3582805573941,3.260844270698726,14.604677196592093
343.3339554510079,182.15888996347783,1.3526714071631432,6.002011469961144,0.1186407774686813,18.191974067687987,3.605375194549561,6.293296194076538,2.036383938789368,11.29532642364502,0.3726565182209015,0.9998553276062012,2.0842049360275268,1.5515621781349185,4133.531689453125,111.57740783691406,478.3712036132813,205.123193359375,689.6871459960937,17.42285270690918,30.47674217224121,61.78326034545898,788.807730293274,1279.9900122642516,14316.597329175473,0.246175882636453,544.1953984361141,373.2229156777263,3.2340148076415063,14.462796969339252
327.1142880762927,178.398446790874,1.38347843606025,6.2236379906069486,0.112820678204298,17.182308959960938,3.323905730247497,6.345180416107178,2.0771311283111573,11.53156270980835,0.3701281428337097,0.996385395526886,2.1324876308441163,1.51475727558136,3865.6517578125,102.84015045166016,481.5148376464844,209.218505859375,703.9702819824219,17.410547828674318,30.48429298400879,64.06040573120117,788.6828220367431,1242.218335866928,14164.57781561613,0.2359861807053676,528.4221546143293,373.570287193358,3.2420100551098585,14.501843932457268
338.4322799771559,173.9250345867127,1.3093373215757311,6.189624415664002,0.1267579182982444,17.265328216552735,3.48324990272522,6.156737899780273,1.9016639828681945,10.537228393554688,0.3441641330718994,1.0009059309959412,2.1879249811172485,1.5130199551582335,3974.141455078125,107.6661262512207,467.5275543212891,191.68333892822267,643.262109375,15.949039649963378,30.4832763671875,65.66111679077149,789.7248205184936,1332.6452069759368,14660.95278493166,0.2330612630117684,539.3207324754446,373.01218776106833,3.2227484402246773,14.52298253979534
343.3996593292104,178.9663065796718,1.367433871794492,7.605629223864526,0.1069364786148071,17.750247383117674,3.5772762060165406,6.25599513053894,1.992107319831848,11.03130578994751,0.3545297861099243,0.997953236103058,2.4162324905395507,1.5433446645736697,4077.9671630859375,110.61695861816406,475.0284362792969,200.73763122558597,673.7013244628906,16.645982551574708,30.469757080078125,78.4397689819336,792.3604125976562,1300.283130264282,14423.889667212963,0.2386706013727234,542.9420747004449,373.07350838780405,3.2251902469433844,14.46853749100119
328.4785530150868,174.92359550055116,1.6450067232362926,6.6914506438188255,0.1142430327832698,16.36302070617676,3.208776354789734,6.088680601119995,1.8503688454627991,10.211574840545657,0.4137839496135712,1.007611870765686,2.2224186420440675,1.4710083961486815,3795.86787109375,99.43051834106446,462.4641357421875,186.6153778076172,623.7725463867188,20.23523864746094,30.440126419067383,68.885205078125,801.2146730422974,1308.1772429466248,14563.93353201151,0.2165857109212083,528.3730449400842,373.231024646759,3.366585891414433,14.5742721227929
341.2386265519075,178.65113815451042,1.6156606231816113,7.131202545121778,0.1123116828501224,16.415053367614746,3.620442342758179,6.335243129730225,2.0896780252456666,11.598467826843262,0.4063123524188995,1.0121705532073977,2.3262173175811767,1.495718002319336,3753.6689453125,111.59947509765624,481.4874084472656,210.474365234375,708.1103881835937,19.809339904785155,30.45306396484375,74.12330780029296,793.8559455871582,1220.7619990348817,14103.044130063055,0.2348415823857067,523.1292347107083,373.57330845147374,3.3436727643013,14.517626084946096
331.3488884615246,178.12591691631823,1.337729820329696,7.311890853894875,0.1102594964206218,16.241265487670898,3.357295036315918,6.340518379211426,2.093547558784485,11.614181900024414,0.3735929727554321,1.0094268918037417,2.4951390504837034,1.4895431995391846,3678.6783203125,103.96439514160156,481.1888854980469,210.85406799316405,709.3542907714843,17.393109130859376,30.423526763916016,80.11270217895508,798.4766163825989,1263.3984952926637,14335.029609405994,0.2351722474209964,519.6230365037918,373.4091016024351,3.2420179565437137,14.511345558986068
322.5836418493418,165.45930243246258,1.704741875920445,6.734981869626791,0.1024150066077709,16.202137756347657,3.152462124824524,5.81057186126709,1.8255440831184384,10.056099700927737,0.4134136199951171,0.994378650188446,2.2890270709991456,1.4751492142677307,3726.975073242188,97.63951263427734,441.1936065673828,184.1549560546875,614.5861694335938,20.389349937438965,30.449443817138672,70.61389083862305,791.5429433822632,1382.6551867008209,15190.428449881078,0.2166799781000009,525.3330183472484,373.4438799723983,3.381469113472849,14.646001151390374
316.7278817996383,178.6813367832452,1.4218109467066824,6.638759884587489,0.1097681537270545,16.400285148620604,3.2455713748931885,6.20783576965332,1.9636723399162288,10.859815883636475,0.3766459971666336,1.0052905678749084,2.118224549293518,1.4817843437194824,3687.845532226562,100.4187873840332,472.0219299316406,197.93185729980468,663.272607421875,17.831341361999513,30.424428367614745,65.43657684326172,793.0453340530396,1317.6933603286743,14589.638290286064,0.228100155275024,521.0989744756371,373.292835098505,3.260467579867691,14.541420461051166
325.3933642594609,165.5323755543679,1.6948445909656584,6.939607542240992,0.107166588306427,16.17095890045166,3.130396556854248,6.045504760742188,1.830183720588684,10.08175687789917,0.433740496635437,1.0080184936523438,2.28367531299591,1.4786574363708496,3719.0205078125,96.62981491088868,459.0236877441406,184.6161437988281,616.1481506347657,21.30227565765381,30.41276741027832,71.74625778198242,798.1307710647583,1364.5958355903626,15168.916999137402,0.2188562157331034,524.4185932729393,373.32250920534136,3.413870024494827,14.58311541620642
328.43843242032455,181.85816096924245,1.4758413859643045,7.467639325116761,0.1191097043454647,17.402577590942382,3.5420528650283813,6.334191703796387,2.0710610866546637,11.493321990966797,0.3934957921504974,0.9918051838874816,2.5303943872451784,1.521138644218445,3894.4890625,109.5863868713379,481.5130554199219,208.60559997558596,701.7586242675782,18.79216251373291,30.441240501403808,81.33285522460938,787.7666862487793,1247.0662633895874,14251.728504049775,0.2438857380315312,528.976628819108,373.56247300207616,3.285173773393035,14.49862340707332
320.6792601948138,179.1739301026799,1.5630163040012122,6.638159778690897,0.1222376197576522,17.13360767364502,3.2811503648757934,6.186681795120239,1.9200524687767029,10.63234453201294,0.395461642742157,0.995999675989151,2.119868779182434,1.4968629479408264,3846.1212890625,101.68180618286132,470.2423034667969,193.52029571533205,649.2776550292969,19.15226516723633,30.455492210388183,65.2795799255371,783.7360612869263,1327.5173979759215,14648.181778502463,0.2338552005254314,528.9642239611596,373.3292126819491,3.3132670762948693,14.542599187046289
336.16156323975883,172.60101279895753,1.2968463504686951,7.351020511006936,0.130844934284687,16.86184787750244,3.224693179130554,6.196929693222046,1.9504230499267576,10.788594627380371,0.3407885789871215,0.9954012036323548,2.3528059005737303,1.4867171883583068,3880.980395507812,99.9186508178711,470.65984802246095,196.57993927001957,658.9726501464844,15.743844985961914,30.47711563110352,75.28249740600586,797.5970408439637,1309.0952824115752,14553.735892367364,0.2265585521716275,533.4157670926303,373.3024046942592,3.2238762163557118,14.549759491533042
329.9625062739942,180.04883236810565,1.4848688383586706,6.83760370046366,0.1229578100144863,15.942580223083496,3.377739238739013,6.2685479640960695,2.011108922958374,11.150723648071288,0.3768420845270157,1.006740188598633,2.216287493705749,1.4718100070953368,3620.5212158203126,104.535546875,476.09197692871095,202.61066284179688,680.9791931152344,18.055512809753417,30.47006683349609,69.34981384277344,797.0623772621154,1271.9344988822936,14383.767914903165,0.2383747184649109,517.3878084454685,373.3060403764248,3.2691008474677803,14.548668482527138
333.86079656736695,169.85846471488475,1.6648285711184143,6.538744190894067,0.0991359494626522,16.551196479797362,3.404885601997376,6.139210891723633,1.8997645020484923,10.5104868888855,0.4066833913326263,1.002798557281494,2.1464135885238647,1.4951677918434143,3837.275512695313,105.13187255859376,466.2406372070312,191.51716156005855,641.8568054199219,19.969491004943848,30.45343589782715,65.86026306152344,786.2460569381714,1331.4214450836182,14690.983449327943,0.2244587064546067,531.751319970563,373.3446045726538,3.356818591430783,14.541962185502053
333.85721495957114,171.6992749080993,1.3977774783037602,6.29060708580073,0.122142619639635,16.379604148864747,3.3304128646850586,6.224967813491821,1.9592522382736208,10.832678699493409,0.362479043006897,1.0054864048957826,2.1637155771255494,1.4754610300064086,3770.3747314453126,103.17893905639647,473.0095672607422,197.4942321777344,661.4438659667969,17.091072654724123,30.40853042602539,65.28269729614257,783.5856561660767,1346.2007155895233,14845.021591603756,0.2333933530258946,529.0590108897537,373.4620405435562,3.250010276120156,14.5687969526276
315.05686710076407,173.3998643260449,1.623080737888813,6.833022831589915,0.1068219684064388,16.15426902770996,3.2514540910720826,6.223097610473633,1.929235053062439,10.7960994720459,0.4145930975675583,1.0048894047737122,2.296813440322876,1.4764359951019288,3637.17734375,100.54446105957032,472.5586853027344,194.22413177490236,658.4157531738281,20.2073917388916,30.44402294158936,71.6978759765625,783.7544605255127,1328.7304328918458,14669.008570027352,0.2252725211990764,518.7511050626636,373.680500368774,3.362007385212928,14.569648051820696
323.3223286768888,181.00260883495213,1.3149492238648235,6.151229598140344,0.126721467077732,17.094358253479005,3.461885118484497,6.349573516845704,2.0998250246047974,11.660828685760498,0.3383640319108963,0.9958698153495787,2.1713582038879395,1.4936363101005554,3833.1867919921874,106.96024932861329,482.68975524902345,211.46741333007813,712.0196838378906,15.711174869537354,30.449560165405277,64.71324844360352,786.6833547592163,1232.4651762485505,14129.444359660149,0.2383557013556128,526.3557901665569,373.6197528660297,3.216807152237743,14.5331727322191
330.0082538444084,185.2847543127835,1.4233849707990884,6.337381343683228,0.1108194656670093,16.657548332214354,3.495474910736084,6.483295726776123,2.2124090671539305,12.302497386932371,0.3744783043861389,1.0003913640975952,2.0971731901168824,1.5003488898277282,3736.448388671875,108.01973724365234,492.27171630859374,222.7071701049805,751.4071899414063,17.75401077270508,30.45279884338379,63.51694946289062,766.1593612670898,1202.897042131424,13982.703185617924,0.2279266271827509,517.7738980636001,373.6290220960975,3.248955606389791,14.502290469780563
331.3331671542022,171.63149092532694,1.349813119135797,7.255075433989987,0.1139730870723724,16.157474517822266,3.48245165348053,6.188428449630737,1.9580991983413696,10.843126678466795,0.3509005784988403,1.0003280997276307,2.285935020446777,1.4791951537132264,3701.7534912109377,107.87459106445311,470.4059661865234,197.34972534179687,662.0962768554688,16.393635559082032,30.430165100097657,72.88877487182617,796.989051437378,1317.6525832653049,14617.554282689094,0.2272987208620179,521.955637396872,373.0956929847598,3.236001533828676,14.539834982156751
313.5997636738699,177.58220134936272,1.5407681738957764,6.867548844311386,0.1210394196212291,16.345266342163086,3.238916254043579,6.171637725830078,1.9270654320716856,10.666111946105955,0.3952060401439666,0.9928726553916932,2.217621827125549,1.4738107562065124,3667.705322265625,99.9485122680664,469.1921112060547,194.25103454589845,651.2932434082031,19.068518257141115,30.42152404785156,68.98009643554687,778.4213571548462,1299.287147808075,14417.710237669944,0.2267914242038387,518.415706058219,373.3601309239865,3.3094065275974573,14.562085504457354
346.2475813837722,174.08585451710968,1.259467208199203,6.998130825860426,0.1186611793935299,17.158467292785645,3.5489742517471314,6.262565326690674,2.028408408164978,11.252267837524414,0.3566503822803497,1.00966774225235,2.328914260864258,1.5158401012420657,3971.01904296875,109.9626235961914,475.5020568847656,204.3463104248047,687.0486450195312,16.33416004180908,30.4737190246582,73.69761962890625,800.025998210907,1309.2583565711975,14620.461507606506,0.2325172683296841,540.0850805152207,372.9721315741539,3.21676343716681,14.491002219356597
330.77821176052095,167.9486710369587,1.3768088245764374,6.8029818431474265,0.1092641204595565,16.29872360229492,3.443838834762573,6.11390380859375,1.8904641032218932,10.458849620819093,0.3732115685939788,0.9957296788692476,2.299912714958191,1.4824779152870178,3773.949340820313,106.53221282958984,464.4251953125,190.5741516113281,638.7180053710938,17.507428932189942,30.43480224609375,71.41201705932617,785.324360370636,1335.11414604187,14672.106067156792,0.2259465628507314,527.8296847112476,373.16643213182687,3.255211158841848,14.554337321221828
336.47308900724164,168.21998428674414,1.573469228297472,7.427214207779616,0.122396282851696,17.5527042388916,3.4825966596603397,6.139160871505737,1.9165330529212952,10.593820667266844,0.4132725417613983,0.9947108626365662,2.5469744205474854,1.512627899646759,4060.478442382812,107.38277130126951,466.4960418701172,193.20174865722657,647.0965576171875,19.992523765563966,30.422588348388672,81.71273040771484,782.0283521652221,1334.4723261356353,14698.265119194984,0.2305980757621,542.9356309760362,373.28783052265646,3.3478554933331908,14.530015261471272
339.1906762578059,176.56419202564285,1.4033737294375896,6.651637644367293,0.1207733742892742,16.525712776184083,3.5781527042388914,6.159218645095825,1.911164355278015,10.567438793182372,0.3786941289901733,1.0031716704368592,2.1981001138687133,1.478387427330017,3812.884594726562,110.31125106811524,468.1138275146485,192.67364654541012,645.3335632324219,17.858044052124022,30.438329696655277,67.84394149780273,791.518257522583,1276.847967529297,14322.15335098505,0.228665736617404,528.4563620865345,373.5372420758009,3.260651108063757,14.56924097724259
330.5174659704789,168.72791425846518,1.5060656423680483,6.413341575767845,0.1126762107014656,17.263250160217286,3.232680249214172,6.1435182094573975,1.9143063187599183,10.584856510162354,0.3852390170097351,0.991064602136612,2.1804603338241577,1.5094255805015564,3917.6623046875,100.12174453735352,466.6291320800781,192.97763214111328,646.4921203613281,18.51255359649658,30.43173141479492,65.97027587890625,777.0289211273193,1331.7852643489837,14629.73730518818,0.2311181695433333,532.0272883284837,373.2657232955098,3.281460090726614,14.529932995885613
340.6592345282436,178.1355922581628,1.7334397150203589,6.62000549423974,0.1170162990689277,16.994920349121095,3.548492121696472,6.318636035919189,2.0666235446929933,11.471792221069336,0.4243291109800339,0.9928997397422792,2.226468729972839,1.512947857379913,3881.568188476562,109.40558776855468,479.9644378662109,208.14400939941407,700.55615234375,20.98906307220459,30.46310634613037,68.47786865234374,791.3730732917786,1298.2339831352233,14536.801938152314,0.2427784593310207,531.8730341624469,373.1356113061309,3.400851790513843,14.48935605790466
334.3624240016099,189.7216490929015,1.5159273758530616,6.7889405394671485,0.1060022242367267,16.385918617248535,3.447476959228516,6.457126808166504,2.180368256568909,11.926383876800536,0.3800075501203537,0.9954472959041596,2.287946033477783,1.488407051563263,3696.3746826171873,106.43675689697264,490.8534393310547,219.1322021484375,736.2124389648437,18.31383934020996,30.492282676696775,71.13805541992187,783.78508644104,1159.1647235393525,13782.597654592992,0.2654810292995535,515.4906367074698,373.7461616501212,3.2697935798205435,14.52455997876823
331.2689013528172,183.78423129618167,1.2914110629819333,7.180706542520784,0.1350191116333007,17.382569313049316,3.468916225433349,6.384177732467651,2.134751486778259,11.843443298339844,0.3548715502023697,1.0063581347465516,2.4042710304260253,1.5145705938339231,3895.98671875,107.34955825805665,485.3866821289063,214.96631469726563,723.44794921875,16.38250560760498,30.427578353881835,76.65342788696289,794.1525036811829,1254.5877282619476,14306.296739566324,0.2477440716786077,528.4836553741246,373.2894594714045,3.2170033660717308,14.492979075200855
311.4394429668784,172.1334847916849,1.423020422458649,7.159918392566032,0.1114022776484489,16.686330604553223,3.1398570060729982,6.157300329208374,1.8977898836135865,10.464111423492431,0.3659855276346206,1.0017706632614136,2.32783043384552,1.472082221508026,3736.2273193359374,97.05022506713868,467.88207092285154,191.3651351928711,639.3745239257812,17.336236000061035,30.4423152923584,73.8026222229004,751.1484481811524,1123.342051935196,13698.492674267292,0.2850123817057465,518.0599980313331,374.021626919508,3.2578994936309758,14.610186166502537
306.2818809143966,173.2215999657288,1.7046672257594764,6.571860831230879,0.096746639162302,15.001194095611572,3.1550123929977416,6.038772964477539,1.8301584720611568,10.086469173431396,0.4284814298152923,1.0077089190483093,2.279809665679932,1.4475044369697572,3374.1233642578127,97.72400588989258,459.0084991455078,184.6028778076172,616.3157592773438,21.087393379211427,30.441586303710935,70.11569213867188,784.2380862236023,1333.8404078960418,14657.118010473252,0.214910011892789,506.6266295913607,373.4390790849924,3.407769398763776,14.609018096514044
325.6695522731636,185.57866985369475,1.7093791318126024,6.996856055920944,0.1106134861707687,15.995731258392334,3.510007309913635,6.485750007629394,2.23207266330719,12.408587741851807,0.4376390963792801,1.0049173831939695,2.393776965141297,1.478408968448639,3589.53388671875,108.37272415161132,492.99567260742185,224.67237091064453,757.9866577148438,21.53248996734619,30.474973678588867,75.54326858520508,758.134889793396,1218.2303130626678,14107.83270047903,0.1712936604570131,510.1454399585724,373.6732973590493,3.4203381514176727,14.524857475608588
321.485959168151,179.8618972791359,1.425036396086216,7.499376300815493,0.108838827908039,16.015845489501952,3.2516112089157105,6.27674560546875,2.011565685272217,11.147050666809085,0.3616390466690063,0.9962472915649414,2.418473315238953,1.4746344923973085,3599.26220703125,100.61943740844728,476.8828857421875,202.66754302978515,680.7257202148437,17.148025512695312,30.474639892578125,77.95941467285157,793.3928869247436,1238.3244714260102,14182.24276266098,0.2317631040670676,513.3724409073591,373.52474045455455,3.251444418821484,14.552551581338047
336.57134626295885,167.36176280975343,1.3153527215123175,7.02601521522738,0.1046283520758152,17.31830825805664,3.2362417459487918,6.078827571868897,1.85044686794281,10.196929740905762,0.3491455525159835,1.005107879638672,2.2645595550537108,1.521122682094574,3980.271435546875,100.198087310791,462.094580078125,186.63274230957032,623.1573852539062,16.197549057006835,30.44951629638672,71.5160415649414,790.1997611999511,1362.3632739067075,15029.765206253527,0.2258340688000316,540.2173145871609,373.441088104248,3.225951700378209,14.544181960448622
325.695687282132,166.06276586372405,1.4230051928199827,7.002643821691163,0.1244078055024147,16.736438751220703,3.299027919769287,6.067664861679077,1.8686787962913516,10.315452003479004,0.3632471591234207,1.0008627891540527,2.237057018280029,1.4694083333015442,3856.7545166015625,102.13597793579102,460.9506530761719,188.43134002685548,630.1803833007813,17.20363292694092,30.438491821289062,70.36823959350586,778.2103050231933,1338.8056797027589,14685.562875652313,0.2222124455132871,531.5340389601886,373.2101327851415,3.25968554308638,14.588720809854568
335.77966190190057,179.29752333769574,1.3950099415145814,6.454129355121404,0.1290194347500801,17.831965065002443,3.3854909896850587,6.3416777610778805,2.0928465843200685,11.62320671081543,0.3855929791927338,0.998972749710083,2.2464529037475587,1.5212632775306705,4028.336840820312,104.74351959228515,482.0774780273438,210.778141784668,709.6052734375,18.163867950439453,30.453174591064453,68.51891479492187,797.0619386672973,1250.0043727874756,14274.278706395626,0.2354428550461307,537.8395360376686,373.316401027143,3.252631340455264,14.49580481890589
316.52662384323776,170.35764702297746,1.6255581249482929,6.549534014193341,0.1053249426186084,15.28173360824585,3.0749787092208862,6.001638555526734,1.827753794193268,10.067748928070069,0.4042410492897034,1.0040751338005065,2.124233865737915,1.448842966556549,3497.27353515625,94.9667594909668,455.9796081542969,184.3743682861328,615.2980834960938,19.73578968048096,30.458648681640625,65.12818298339843,783.2282276153564,1394.7048669815065,15237.32890138626,0.2200841964207938,512.6505463287234,373.43645613193513,3.347154960408807,14.629048821516337
323.87137836110776,173.39297075467184,1.3699549687094987,6.874804674996994,0.1309849455952644,17.06697483062744,3.194708061218262,6.201305103302002,1.9435980439186096,10.7402268409729,0.3704937964677811,1.007237768173218,2.1724911451339723,1.4897049427032472,3861.02109375,98.89579315185549,471.5002807617187,195.91575622558597,656.124072265625,17.363515090942382,30.44539375305176,68.07938766479492,780.6179595947266,1369.6508944511413,15023.758502936364,0.2352008094167104,530.9640038002283,373.4294789642096,3.249364676233381,14.55907869618386
330.4525888854172,166.75484232231975,1.587897036690265,6.218916821898892,0.1258398428559303,16.434762382507323,3.169077968597412,6.06957106590271,1.8449991106987,10.165927600860597,0.4204120248556137,1.0018967628479003,2.170626139640808,1.4748263716697694,3808.0060546875,97.84493408203124,461.27529296875,186.09471740722657,621.2770874023438,20.35895195007324,30.41820297241211,64.98408355712891,789.6692176818848,1358.5374365329742,15035.253457593915,0.2206391878615249,532.6721197031438,373.58813440054655,3.365879794023931,14.60014091655612
348.7935395978391,184.38599309930575,1.269531310815364,6.440387842385098,0.1308480769395828,17.6235294342041,3.578930974006653,6.412526559829712,2.163793683052063,12.035936450958252,0.3532423734664917,1.009669542312622,2.138412666320801,1.518208122253418,4004.05947265625,110.67887573242189,487.35352783203126,217.83604888916017,735.2951782226562,16.228695487976076,30.44051742553711,65.46507415771484,799.5535554885864,1172.997287464142,13895.107166433334,0.2573655136948218,532.443078508228,373.4705043569208,3.2112878219224514,14.492731151543556
331.8627650926821,174.22120023705065,1.7569853032007814,6.710327205038629,0.111682828515768,16.75298309326172,3.343472671508789,6.209928417205811,1.9617921471595765,10.837127685546877,0.4333982825279235,1.0008596897125244,2.238207197189331,1.502337408065796,3840.000244140625,103.34959259033204,471.8268096923828,197.73416900634768,662.2126403808594,21.475564002990723,30.467099380493163,69.40127258300781,795.8361818313599,1392.3497387886048,15396.226488554476,0.2353169429130503,531.0167292267084,373.1192909508944,3.423829171154648,14.522508660145103
330.7235536883585,174.99939180482178,1.397554974257946,6.936858022306114,0.1219305582344532,16.27563762664795,3.323026180267334,6.151282691955567,1.8642948508262636,10.28696575164795,0.3750563859939575,0.9992442727088928,2.3889599084854125,1.4786158561706544,3763.28154296875,102.6592041015625,466.8971099853516,188.0125274658203,628.5151000976563,17.668759918212892,30.44035148620605,74.80536117553712,788.8696256637573,1358.8940161705018,14972.22516078949,0.2292017461455543,531.9657924689352,373.5348869085312,3.258188453037292,14.582421468943355
332.40883968356064,171.42027692496777,1.709716937597841,6.200812156824395,0.1286369010806083,16.607537460327148,3.291791224479675,6.203401374816894,1.9474915623664857,10.779664325714112,0.4289869487285614,1.0044073581695556,2.0195580959320067,1.477998912334442,3789.133642578125,101.53437271118165,470.9449005126953,196.29157409667968,658.2212829589844,21.131113052368164,30.483985900878903,60.68696937561035,760.7771566390991,1304.2774721622468,14458.937314558028,0.2281970034353435,524.6143541917205,373.47119863927367,3.4066877524368464,14.571481664851309
311.6411246386357,158.32094908263534,1.650111430324614,6.777202968997881,0.1039518915116786,15.101186656951905,3.0410316467285154,5.651327228546142,1.8576811671257016,10.262528419494627,0.3973931044340134,0.9988620936870576,2.300544095039368,1.462094497680664,3485.765112304688,93.89762420654296,428.8973724365234,187.36117095947264,626.4363220214843,19.488071632385253,30.440147399902344,70.98902740478516,759.2988103866577,1423.3264795541763,15702.582737135886,0.2126989424985367,527.9092697933316,376.110744060576,3.3432341063395143,14.806231200136244
339.29116040701047,177.97410648576914,1.492103192396462,6.4646587708033625,0.1175062231719493,17.548781394958496,3.448787069320679,6.21929349899292,1.9496047854423524,10.813899898529051,0.3868080735206604,0.9940347790718078,2.247381854057312,1.5202704191207883,4030.35908203125,106.44921417236328,472.3308898925781,196.44381561279295,660.2262573242188,18.542345428466795,30.450159072875977,68.40934982299805,789.6094637870789,1326.3721408367155,14641.957546699046,0.2333583197658299,541.8855439197272,373.1757120072842,3.278828251734376,14.507177009806036
326.4062183749862,182.46531720981,1.430214433837682,6.940785231837071,0.1191361211240291,16.453746795654297,3.1884024858474733,6.425804853439331,1.9764604091644289,10.351090240478516,0.3647724121809005,1.0048627257347107,2.267011880874634,1.4707563757896422,3762.81875,98.8176483154297,488.5632873535157,200.69735870361328,635.9981750488281,17.322933959960938,30.454219818115234,71.09385223388672,763.3582069396973,1383.2548531532289,15172.644343960284,0.3246861955616623,531.2315954975784,375.71137468516827,3.249797059316188,14.633018950745464
339.88174410285427,177.92087746504694,1.4408504201099277,6.28428184655495,0.11983507797122,17.9121374130249,3.572498893737793,6.291465425491333,2.0331708669662474,11.273727989196775,0.3832301944494247,1.0026177644729617,2.137150192260742,1.5366380095481873,4065.659814453125,110.6399658203125,477.51417236328126,204.8311309814453,688.4352844238281,18.221407318115237,30.43982696533203,64.5653450012207,805.324361038208,1238.1868453025818,14187.0213919878,0.2336756512813735,542.2578238531947,373.3356590420008,3.25643730731681,14.479254001192748
355.398425563192,187.20750397108492,1.3142387215979396,6.470484445546754,0.1160700283944606,17.730530738830566,3.4214460134506224,6.408705854415894,2.0931129455566406,11.133855533599853,0.349634712934494,0.9921225666999816,2.2591520309448243,1.5181732177734375,4097.577465820313,105.81098785400393,487.2932769775391,210.19802703857425,690.5509704589844,16.23301830291748,30.418938636779785,68.57221832275391,798.4634021759033,1465.2533968687055,15759.405930912497,0.4822114044451154,538.9564045634121,375.3390009790659,3.212004063557833,14.569250249676406
329.9455370801035,185.72740485910327,1.2888478985056282,7.300706310896203,0.1112868651747703,16.872154808044435,3.3495620012283327,6.397244167327881,2.138837456703186,11.891241073608398,0.3624589502811431,0.9911347031593324,2.431620645523071,1.5071067929267885,3787.398974609375,103.41548538208008,486.3074279785157,215.36009979248047,725.9454345703125,16.714052200317383,30.444503784179688,77.51265563964844,787.5407213211059,1204.1402552127838,14021.053693342208,0.2489204123194213,521.1608905218542,373.5445450201631,3.22151780705899,14.499100967682898
317.9640336124692,172.62597888298333,1.5717905667610466,6.343399490928277,0.1254774749279022,15.941644096374512,3.139475965499878,6.151925373077392,1.9012815833091736,10.490338897705078,0.3912348598241806,0.9909853339195251,2.187113380432129,1.4614179372787477,3600.748706054688,96.99503326416016,467.4177124023437,191.7021224975586,641.0276428222656,18.98306198120117,30.42243766784668,65.72569046020507,791.4199750900268,1390.384417963028,15353.440510833265,0.2299310628834064,515.826604822278,373.2801793411374,3.309785916376859,14.588021684065462
322.2502189645078,166.92806652626024,1.409872048906982,6.927712213806808,0.1004014804959297,16.41143856048584,3.3256081342697144,6.0607058048248295,1.8391099452972413,10.132091808319093,0.3644126445055008,1.0045210242271423,2.3392515897750856,1.4905555486679076,3786.51337890625,102.98849563598633,460.64357299804686,185.51071014404295,619.1827880859375,17.219559478759766,30.46991539001465,73.45215530395508,790.8377116203308,1382.6596826553346,15163.909632349014,0.2200217621473711,531.3509003255516,373.3114812627435,3.254444084689021,14.571981495432556
325.58768091634846,174.79567639213056,1.7054601882584393,6.631732531241141,0.1243653587996959,16.699148750305177,3.408253479003906,6.114280414581299,1.8664609432220456,10.309955883026124,0.4345621079206466,1.0038711428642273,2.142959284782409,1.4816097140312194,3793.004174804688,105.4045036315918,464.5294219970703,188.2039001464844,629.7229309082031,21.37456531524658,30.424372673034668,66.09106979370117,780.8986642837524,1325.526927280426,14576.0496055007,0.2259135245738434,525.3735904686152,373.3961303263903,3.4164003896526998,14.568954639695583
344.14584659961986,171.214909786731,1.4012944569811223,6.603350330097601,0.1261026680469513,17.887315368652345,3.404362177848816,6.267795848846435,1.9293746471405029,10.857258987426755,0.3645561903715134,1.0057449817657471,2.1863672494888307,1.5137913346290588,4133.691064453125,105.23111572265626,476.1829223632813,194.37486267089844,660.2296936035157,17.212669944763185,30.43037815093994,67.28870010375977,792.0903236389161,1475.4268047094345,15966.60575222969,0.4226378652907442,549.0220246434212,375.4393094822764,3.2435723275877537,14.608692679181695
340.0606386219617,177.18847360443323,1.5486178325489164,7.084007318969816,0.1188233651220798,16.758123016357423,3.40087411403656,6.24355640411377,2.004751372337341,11.11584939956665,0.4028388917446136,0.9940569877624512,2.436362886428833,1.4891392230987548,3873.436987304688,104.93841705322264,474.5773590087891,201.99353790283203,678.6971801757812,19.440718841552734,30.475209999084477,76.8868034362793,793.2986512184143,1258.826295375824,14251.093111360073,0.2297036564617883,531.3418120823801,373.459626108408,3.323661814071238,14.537122099101545
325.31535390876235,164.8663899268955,1.743547332286835,6.513048848183826,0.1147884495556354,16.140169525146483,3.1252629280090334,6.0516894340515135,1.8274953484535217,10.067685222625732,0.4168292850255966,0.990993857383728,2.2295965909957887,1.4715118527412414,3719.26376953125,96.64216232299805,459.46509704589846,184.3471908569336,615.2862182617188,20.662083435058594,30.43832015991211,67.78010940551758,785.319314956665,1364.3642910480498,15058.12618585825,0.2199554659935529,527.25688912794,373.5836687982082,3.393421098403633,14.605822266824545
326.6440649065189,176.96853963248432,1.5956933350302278,6.591713774390518,0.1163310430943966,15.817036342620847,3.274824595451355,6.133950233459473,1.8955721020698548,10.476726531982422,0.3870909661054611,1.0016820430755615,2.300120067596436,1.4579970598220826,3648.070166015625,101.13106079101564,466.2387237548828,191.11548461914063,639.8922424316406,18.86457252502441,30.473087310791016,70.74117889404297,801.5006953239441,1307.0135179996491,14544.041046321392,0.220448828296503,521.2391807507723,373.23423794955016,3.307820156123489,14.580853194743394
