NPP_pft0,NPP_pft1,NPP_pft2,NPP_pft3,VEGNSTR_pft0_Leaf,VEGNSTR_pft0_Stem,VEGNSTR_pft0_Root,VEGNSTR_pft1_Leaf,VEGNSTR_pft1_Stem,VEGNSTR_pft1_Root,VEGNSTR_pft2_Leaf,VEGNSTR_pft2_Stem,VEGNSTR_pft2_Root,VEGNSTR_pft3_Leaf,VEGNSTR_pft3_Root,VEGC_pft0_Leaf,VEGC_pft0_Stem,VEGC_pft0_Root,VEGC_pft1_Leaf,VEGC_pft1_Stem,VEGC_pft1_Root,VEGC_pft2_Leaf,VEGC_pft2_Stem,VEGC_pft2_Root,VEGC_pft3_Leaf,VEGC_pft3_Root,SHLWC,DEEPC,MINEC,AVLN,INGPP_pft0,INGPP_pft1,INGPP_pft2,INGPP_pft3
191.7479855862541,98.6468327867653,3.645005238351928,0.6287201665864472,22.22545928955078,9.22880973815918,21.57671127319336,3.9898924350738527,4.491431427001953,2.218419599533081,0.08992440700531,6.747768926620483,3.1573201179504395,0.6079285681247711,0.0847271896898746,334.4298553466797,2867.940478515625,1863.183203125,90.93805389404297,1264.6191284179688,192.36428985595705,2.877381348609924,46.05584373474121,141.14248504638672,19.78472137451172,1.1100334763526916,1003.6110883712768,1576.8183980226518,5453.420175405126,0.9584284810931422,634.1957836151123,221.10571439266204,15.958906216174364,1.9696155920624732
153.2010330058809,53.783526082560726,3.624794225192045,0.5843062666294145,19.08191623687744,7.763632297515869,20.082153511047363,3.657612109184265,2.3714995622634887,1.1822399616241457,0.0888562843203544,6.668141603469849,2.9902454137802126,0.5728277921676636,0.0802270673215389,316.5206024169922,2384.9053955078125,1694.9570190429688,81.06308517456054,662.2930114746093,101.94376068115234,2.88146915435791,68.51000595092773,130.85705108642577,18.005044746398926,1.0565986275672912,907.9764804840088,1530.1896530389786,5354.556665671244,0.8058228090405464,617.8278933525086,222.184069108963,16.137932930886745,1.975013615936041
157.92692569024075,51.33884529834522,3.786059121235621,0.6055545548659097,21.194292259216308,8.265744018554688,19.84292488098145,3.6218969583511353,2.2274880170822144,1.1471250414848329,0.087240894883871,6.954369735717774,3.1669122695922853,0.5501499474048615,0.0832537531852722,322.755990600586,2532.2499267578123,1728.96650390625,79.78406677246093,623.0354064941406,98.85858688354492,2.826942682266236,56.88838920593262,144.388427734375,17.650692176818847,1.082649028301239,913.3654739379884,1487.7444248437882,5324.997506741061,0.7433906922116875,628.4177463531494,221.84147460460665,16.078157782554626,1.969841655343771
213.4408452681353,99.03508312523536,3.66332665691998,0.6017479558564446,22.19623546600342,9.713693618774414,24.36664085388184,4.084103202819824,4.413257122039795,2.164333391189575,0.0885461620986461,6.962849855422974,3.0884707450866697,0.5436832964420318,0.0850067391991615,342.6665100097656,3005.7307373046874,2130.3803955078124,92.63312606811525,1235.7736938476562,187.2671081542969,2.872380018234253,64.62619094848633,136.93793182373048,17.573527145385743,1.0995180249214171,1016.732647895813,1593.8079751849175,5609.260479097953,1.2261641053715722,631.9653426170349,220.17090888023372,15.948319114744663,1.9499383479356769
166.00571333456463,50.49685816357269,3.5884884876823664,0.5700666150607162,20.14112415313721,8.800706005096435,21.383474349975582,3.6092028856277465,2.216486167907715,1.0726991176605225,0.0877593226730823,6.617017316818237,2.8327295541763307,0.5335773169994354,0.0832024276256561,331.9044464111328,2695.6382568359377,1857.7643188476563,79.24822311401367,619.1202819824218,92.24903717041016,2.8510597229003904,51.75469779968262,122.99106826782229,16.78367500305176,1.0611297249794007,938.3305660247804,1528.5974816083908,5537.66717264927,0.7651023030281067,642.8389196395874,221.37410566806795,16.02751505076885,1.95194236561656
150.80930903420668,53.31889524020035,3.6300027090332607,0.6099673456934056,20.91934452056885,8.283202171325684,19.274646949768066,3.49956476688385,2.459925103187561,1.158048355579376,0.0885436378419399,6.526559925079345,3.092368483543396,0.5887408375740051,0.0822188504040241,317.1143524169922,2528.5041259765626,1633.134130859375,78.17848587036133,694.0802368164062,98.9990966796875,2.872317409515381,51.63667449951172,136.50580139160155,18.93878211975097,1.084371566772461,896.6896812438965,1470.4913724660871,5169.645140420738,0.7626580715179443,622.6204448699951,224.3472879886627,16.291791481524704,2.006366360932589
158.21811748639374,50.69097080401025,3.6113513004574544,0.5989472759714772,22.816563415527344,7.891142416000366,20.013940811157227,3.520204019546509,2.252270483970642,1.1188296675682068,0.0889437027275562,6.427011632919312,2.9239404439926147,0.5877375900745392,0.0814079597592353,320.1204406738281,2438.5415283203124,1745.5208129882812,78.20917663574218,634.2052612304688,96.4805435180664,2.8648365259170534,51.77481536865234,127.88742065429688,18.647898864746093,1.0728219389915463,905.1950695037842,1517.689669418335,5469.233004448423,0.7755502367392182,626.7051513671875,222.65483303070067,16.155492886155844,1.985066553205252
207.31455997653535,99.78243672818864,3.706337449294506,0.6346287659225822,20.29517192840576,11.251597785949707,26.124415588378906,4.138570261001587,4.750253534317016,2.505650854110718,0.0904477633535862,6.516134309768677,3.4002233028411863,0.5921669840812683,0.0894156865775585,349.6694274902344,3477.908544921875,2292.0568115234373,92.52562866210936,1340.989599609375,213.12381896972656,2.879429793357849,46.90364646911621,149.62159423828126,19.353776359558104,1.1467169642448425,1034.3362134933473,1658.1076964855197,5838.985703099333,1.0756955150514842,655.7705499649048,220.87364716529845,15.995462951064107,1.9728578269481656
156.56678123196906,50.08798459866639,3.570581568668126,0.5574731296117988,22.696276664733887,8.306640243530273,19.547346115112305,3.6152857303619386,2.276564908027649,1.1092084288597106,0.0883774206042289,6.44111008644104,3.064966249465942,0.546586674451828,0.0798230528831482,322.1845306396484,2568.0832275390626,1679.8963623046875,78.93325500488281,639.6497863769531,94.91525039672852,2.879495549201965,67.68871994018555,130.06021575927736,16.975718116760255,1.0443101048469543,888.2393264770508,1499.1009828329086,5366.820379625075,0.7791314149275422,629.3220254898072,222.71312327384948,16.18141065835953,1.973990873992443
215.52076016943172,105.35038761652596,3.755340248234802,0.6322740959888847,24.07509002685547,10.28330307006836,24.55833969116211,4.228457355499268,4.820114946365356,2.54378228187561,0.0886527188122272,6.990224027633667,3.0779433727264403,0.5566506862640381,0.0869085811078548,341.2117919921875,3198.518041992188,2145.967578125,92.94431076049804,1361.7109130859376,219.5166488647461,2.8717934608459474,53.43800849914551,141.00118255615234,18.1659294128418,1.134938645362854,1019.8229778289794,1603.0782780766488,5506.884741791897,1.3349171334179115,629.4471260070801,221.11233706474303,16.025728252530097,1.9700527157634495
209.8874767652829,105.23826520165058,3.5694234203203905,0.6628100819403698,22.741612434387207,10.68228702545166,27.136096382141112,4.157050037384034,5.302441453933716,2.6992764234542848,0.0889039576053619,6.735593605041504,2.949265217781067,0.5906982481479645,0.0907871685922145,343.3102142333984,3319.8884033203126,2378.60556640625,93.07728576660156,1499.2172119140623,233.06478729248047,2.888615679740906,59.73808708190918,126.99372863769533,19.48097877502441,1.1814793467521667,1057.1576595306396,1595.335674190521,5567.151322114002,1.1610662152525038,634.9239636421204,220.56342589855197,15.917405734211206,1.963803417980671
149.49983411009163,54.72800839914908,3.563684140246528,0.6405977800667643,22.71037559509277,8.155128860473633,19.085987663269044,3.6472493171691895,2.5610349655151365,1.2464339852333068,0.0893425911664962,6.88141016960144,3.206416440010071,0.5783655047416687,0.0877692155539989,316.40333862304686,2510.7999755859373,1616.2569946289063,80.92457275390625,714.032666015625,108.10537261962892,2.9048588275909424,51.55451240539551,141.45116577148437,18.850772285461424,1.1325980305671692,897.677607345581,1479.610572242737,5186.285385074513,0.7997609991580248,620.6287828445435,223.2246766328812,16.212008009105922,1.9940239816904068
152.19406058995665,53.37919189378717,3.5656451414222827,0.592747717995087,19.596825218200685,8.186634635925293,20.4041955947876,3.700793147087097,2.4850790977478026,1.1477251291275024,0.0885684929788112,6.64382963180542,2.952533316612244,0.534517639875412,0.0806081138551235,316.2572479248047,2499.5415283203124,1745.650830078125,80.64403839111328,698.2226806640625,97.57838439941406,2.8736642360687257,59.88131675720215,127.26545639038086,16.94210205078125,1.0655348300933838,910.5602214813232,1512.605149269104,5334.505413139099,0.785623305849731,617.5209897994995,222.16046786308289,16.12886634543538,1.968358038365841
155.24405101251324,54.6164555029025,3.6861135292781455,0.5892298864927398,21.12979507446289,7.86212010383606,19.092462921142577,3.631642508506775,2.461758756637573,1.227468717098236,0.0870227694511413,6.823252964019775,3.024605083465576,0.5408374071121216,0.0814845062792301,317.6427490234375,2434.796044921875,1633.4399291992188,80.78277359008788,691.6871459960937,105.42800903320312,2.8246066093444826,49.722333908081055,134.16917114257814,17.15277690887451,1.0674676060676576,920.5590358734132,1544.521902489662,5439.79295359063,0.8127702489495278,619.0701202392578,221.80745553970337,16.093144740909338,1.9633504778146744
171.72779547054088,50.41893919872673,3.6101817530920015,0.5886301131050231,20.32735939025879,8.620816135406494,20.56457939147949,3.545651602745056,2.137297034263611,1.1288039088249209,0.0885683961212635,6.823381471633911,2.8622193813323973,0.5566767513751983,0.0862871773540973,329.216162109375,2683.3274169921874,1798.8140258789062,79.10171127319336,596.85205078125,96.32606506347656,2.86310076713562,58.02260704040528,126.17966079711914,17.7711238861084,1.0863726019859314,943.1664699554444,1528.6238322496415,5459.800534158258,0.7585615696385503,638.721901512146,221.47106130123137,16.056951734423638,1.9613572984933851
162.88577862703096,54.26599464646406,3.713821102203383,0.6041914984056576,21.59930667877197,8.691425323486328,19.991059875488283,3.5558045864105225,2.472393798828125,1.2020506381988525,0.0879113219678402,6.866142129898071,3.042099189758301,0.5612459421157837,0.0865468524396419,327.6666961669922,2668.359838867188,1743.0223022460937,80.1661750793457,697.2711853027344,101.99121704101564,2.846905779838562,65.82896194458007,135.864794921875,18.0857234954834,1.094608235359192,932.1547801971436,1528.61214928627,5364.849526074575,0.7865784481167793,636.4343981742859,221.6251878976822,16.05980722680688,1.964466281980276
165.56832379414556,48.1876853940541,3.623888534758316,0.5641799767207545,21.006464576721196,8.736894798278808,20.53265247344971,3.4294480800628664,2.108931136131287,1.0489173531532288,0.0894639581441879,6.80518069267273,3.1987175703048707,0.5301584720611572,0.0845766805112362,332.6739654541016,2713.994287109375,1794.2819702148438,77.35869598388672,588.1288146972656,91.20185699462893,2.9107786655426025,63.85287590026856,141.60438385009766,16.618781280517577,1.0599864721298218,935.8828071594238,1472.359562778473,5287.712148922821,0.7142447901889681,644.2416399955749,221.48387742042544,16.086433109641074,1.955564548075199
157.86637150072346,55.30441356695119,3.678269049778464,0.585907532755698,23.024527931213377,8.021727657318115,19.69141979217529,3.6555614948272703,2.4919203996658323,1.198429536819458,0.0881834387779235,7.007544708251953,3.2041912317276,0.5580629527568817,0.0841571636497974,320.79209594726564,2474.5275634765626,1713.1753662109377,80.62363357543946,700.3687255859375,103.07127380371094,2.866698718070984,54.75476303100586,143.46388397216796,17.671667098999023,1.0724729418754575,913.9587810516356,1520.4848781824112,5359.710073429718,0.8125361686572432,626.5522691726685,222.07324504852292,16.106176315248014,1.97009302303195
165.62612703719498,50.21022516661005,3.7979115195802025,0.5753675486478869,19.701788902282715,8.723829364776611,21.22828273773193,3.575081777572632,2.1669025182724,1.0584813594818114,0.0879941448569297,6.980502033233643,3.2826669454574584,0.5388873100280762,0.0850730612874031,330.72642822265624,2689.0273193359376,1820.6019653320316,78.98051071166992,604.6737365722656,90.79951095581056,2.865981769561768,68.45619201660156,148.83537750244142,17.022652244567873,1.070059299468994,917.8885494232178,1518.871442103386,5428.936120030982,0.7681028569117189,641.5027766227722,221.5401230335236,16.09199959039688,1.957246654480696
197.98777608828385,103.34630969255105,3.7069512434552734,0.6121367102691465,21.476191329956052,10.67502565383911,24.483168029785155,4.10952615737915,5.154568910598755,2.552844738960266,0.0903400979936122,6.8687340259552006,3.3192954301834106,0.5870766997337341,0.0940580211579799,343.7789764404297,3307.0639892578124,2134.072607421875,92.88571166992188,1454.7024780273437,218.80255279541012,2.8881081342697144,56.42526092529297,147.27324981689452,19.102873039245605,1.1503390431404117,1026.362787628174,1658.369481754303,5805.201141946158,1.0724942822940648,647.6749178886414,221.08471975326535,16.02511947453022,1.974375293776393
164.90268285033963,48.26532414348931,3.5821277885571137,0.6656086009716091,20.841383171081542,9.045515155792236,20.59777755737305,3.501697325706482,2.0432612895965576,1.0407281398773194,0.089887948334217,6.598425674438476,3.0568893909454347,0.6445522546768189,0.0907696925103664,331.9182067871094,2782.56171875,1779.4541259765624,76.84989395141602,575.1841125488281,90.41384735107422,2.893883228302002,47.55499267578125,134.56175384521484,21.17223205566406,1.1658422946929932,926.8322471618652,1484.222240447998,5366.850155693386,0.7389796078205109,645.7777849197388,222.42873258590697,16.11736946552992,1.9979878902435304
154.65366098689918,51.409176108753854,3.6937396227828687,0.5894692108230742,21.35802345275879,8.096678256988525,19.814169120788574,3.542429566383362,2.1562150716781616,1.162687373161316,0.0894249349832534,6.92625994682312,3.152172636985779,0.5556602358818055,0.0834901727735996,320.8134429931641,2507.652001953125,1685.121337890625,79.13531799316407,603.3533630371094,100.00908889770508,2.8960516929626463,53.44892959594726,144.28121948242188,17.674932289123536,1.0738489151000976,906.2583534240724,1485.3707745313643,5272.83362441468,0.7536059269681573,624.9975003242492,222.11393144130707,16.134267968684433,1.9738870538771152
162.0298054481347,49.16928466797462,3.666602167862607,0.5952275381956043,20.916370391845703,8.810248279571534,20.936839294433597,3.433233118057251,2.136123466491699,1.0253262996673584,0.087901147454977,7.015604496002197,2.9535545825958254,0.5409732758998871,0.0848442457616329,330.2321350097656,2716.0484375,1803.6484008789064,76.3863655090332,599.4318359375,89.19270706176758,2.865263676643372,50.92656288146973,131.53310546875,17.308857727050782,1.083984577655792,924.933322906494,1462.2906272411346,5312.938303002668,0.7152063064277172,639.7124527931213,221.8612882614136,16.093473052978517,1.9668681718409065
146.3691662218189,54.64293454372519,3.554401298649668,0.5829944076725724,22.65320243835449,7.754916763305664,18.340366554260253,3.524438762664795,2.392934250831604,1.1755337834358217,0.0888304114341735,6.609010219573975,2.903198218345642,0.5266993999481201,0.0827122211456298,315.88719177246094,2369.5502197265623,1561.9524780273437,78.89325790405273,675.7752868652344,102.04165802001953,2.881173324584961,60.01831398010254,124.82802124023438,16.827538299560548,1.0607396960258484,883.5595657348633,1466.5620534181594,5178.372593479324,0.7530864897184074,622.9004564285278,224.2231887578964,16.284843035787343,1.990456161648035
160.36564015192198,52.59888982062457,3.7881658718573816,0.5771015785060853,21.44070167541504,8.22539405822754,19.427510070800786,3.556455373764038,2.386738014221192,1.1829607963562012,0.0884219750761985,7.04788613319397,3.307444334030152,0.5548351347446442,0.0827553674578666,322.60137329101565,2559.619799804688,1661.6062377929688,79.08141708374023,672.5829956054688,102.03715667724607,2.854974126815796,71.01047134399414,150.27045135498048,17.46436595916748,1.063733959197998,920.624656677246,1535.9564482688904,5419.115004438628,0.7803570747375488,627.0524494171143,221.91572301387788,16.157688822597265,1.9651923179626465
148.7110382147941,52.00532472289778,3.6258266550173857,0.6726181351423293,22.66322441101074,7.766985702514648,20.01520118713379,3.650899815559387,2.3721566438674926,1.1844338536262513,0.0880956247448921,6.654432773590088,2.9792309284210203,0.6280985236167907,0.092733160406351,315.79132690429685,2398.0763916015626,1698.071728515625,79.87250213623047,663.0009826660156,102.5363540649414,2.85650098323822,54.2407112121582,131.45019989013673,20.67374172210693,1.1861205577850342,888.1833389282226,1512.8868361234663,5406.183753318945,0.7828557919710875,620.6002551078797,223.24332330226895,16.19744168072939,2.006868544220924
148.2000868621908,55.7867165879451,3.6052106876070185,0.6131901639374518,21.30678024291992,7.56702823638916,19.92861270904541,3.772751569747925,2.403208589553833,1.263061773777008,0.0881947003304958,6.517299318313599,3.118432855606079,0.5554368436336518,0.0857429668307304,315.5645812988281,2318.2510009765624,1685.2509765625,82.56697158813476,671.3187683105468,109.17092514038086,2.8561674833297728,47.50824966430664,137.33959503173827,17.916046333312988,1.0942211747169497,900.5690227508545,1529.854027605057,5379.373443473829,0.8413933100178838,618.5207235336304,222.21403970718384,16.10703851804137,1.9741833470761776
205.7969628144987,100.44465465935954,3.675413446367884,0.602553369961106,22.735119819641117,10.80703582763672,27.32391300201416,4.092594337463379,5.033705711364746,2.490257477760315,0.0904126338660717,6.9233753204345705,3.3372934103012084,0.5257439374923706,0.0849672317504882,347.0534729003906,3365.5486083984374,2394.0656982421874,92.85401611328123,1404.4748779296874,216.33963775634768,2.891886353492737,59.50376510620117,146.3534957885742,17.003453063964844,1.109376609325409,1031.082459831238,1628.3524071097374,5723.014860542491,1.0624367442913354,650.7049171447754,220.62310395240783,15.996679551899431,1.95467841476202
154.86200284486767,52.065209824915385,3.703362683972841,0.5546746827127776,20.531203269958496,8.396591091156006,19.04914512634277,3.631907272338867,2.3516062259674078,1.1133920907974244,0.0893433041870594,7.198215913772583,3.264364171028137,0.5391206920146943,0.083886843919754,321.3829681396484,2587.1831787109377,1619.6414428710937,80.0706687927246,656.7377136230468,95.82239837646485,2.8944541692733763,71.4565055847168,146.68939666748048,16.722849655151368,1.055052852630615,920.224383544922,1481.9323765277863,5228.846500920457,0.7661345258355141,624.9237986564636,221.73478479385372,16.155389262735845,1.9626173496246335
165.94393394798757,93.82062488807732,3.595972214470612,0.5460335201244334,22.069293594360357,8.457052993774415,21.80042839050293,4.08300142288208,3.9993756294250487,2.027571260929108,0.0878462627530098,6.695490884780884,2.8865705490112306,0.5129807829856873,0.0831209987401962,322.35051879882815,2630.3982421875,1865.6518676757807,91.11858825683592,1127.2645385742187,174.30397186279296,2.846947503089905,51.37900657653809,126.56054077148436,15.911062240600586,1.0431988000869752,1003.2114952087402,1575.3432799339294,5440.27380118724,0.7567430876195431,615.1742596626282,220.3260457277298,15.908574751019476,1.933331799507141
151.0756407376917,55.49762690022035,3.70116507124967,0.6590053072392379,23.45719604492188,8.055251121520996,19.670185089111328,3.5867424964904786,2.547874522209168,1.1805838346481323,0.089052227884531,7.104220914840698,3.020330476760864,0.6301762878894805,0.0896537244319915,315.5006378173828,2477.421728515625,1693.4819213867188,81.11858215332032,711.1223022460938,101.93735961914062,2.8770813226699827,55.62848777770997,137.81881561279295,20.64561710357666,1.151529574394226,893.8104587554932,1544.3480194330216,5509.777181252651,0.8154101366177201,619.991073513031,222.8702297449112,16.16013484969735,1.9999544721096756
164.6961667974203,47.125376918363145,3.5840899874234764,0.6161850868019201,19.56974983215332,8.79957447052002,21.109013938903807,3.58591103553772,2.02231822013855,1.046925950050354,0.0869381889700889,6.356736469268799,2.989095592498779,0.5906598746776581,0.0863702066242694,330.2886657714844,2734.4817626953127,1791.2486328125,78.04903564453124,564.1091491699219,89.33975372314453,2.833532524108887,53.24644622802735,126.73566818237305,19.11914939880371,1.1004475593566894,911.602953338623,1501.2201824426652,5493.579814473958,0.729981054738164,641.5290944099427,221.97626521587367,16.06636856868863,1.978889548033476
151.3545962595628,53.47394524673673,3.61017741012904,0.5743069076798861,20.18022747039795,8.209550189971925,19.054669761657717,3.484615302085877,2.402244329452514,1.1329296112060547,0.0885785497725009,6.602986574172974,2.8983195781707765,0.5590993523597717,0.0814475491642952,316.75299682617185,2512.136181640625,1624.3555786132813,78.93975982666015,675.5068664550781,97.99061279296876,2.877179765701294,51.71224594116211,127.6989372253418,17.497753715515138,1.0562827110290527,915.485391998291,1523.6336217164994,5398.810946580442,0.7730969488620758,616.9752447128296,222.25050406455995,16.152518463134765,1.9723642341792584
146.59046704642824,59.570435662883845,3.715582892721932,0.6685295521423427,22.51894607543945,8.056228351593017,18.543288230896,3.655862617492676,2.6332173347473145,1.302644968032837,0.0883254274725914,6.933832311630249,3.1562419652938845,0.5921373724937439,0.0867487728595733,315.22890625,2464.274877929688,1582.3914306640625,81.85942916870117,740.515478515625,113.0909439086914,2.862619686126709,50.30904693603516,143.58492736816407,19.445170211791996,1.1502029061317445,904.81483001709,1521.616911482811,5313.661037354218,0.8315146464854479,619.5127154350281,222.68288345336916,16.140265628695488,1.9911969937384129
234.89014538915944,103.91064718189044,3.7217796504517535,0.6493701166672053,20.125464630126952,10.475268459320068,26.73817405700684,4.240751171112061,4.649093580245972,2.308721351623535,0.0874821536242961,6.565649509429932,2.9111721754074096,0.5848283350467682,0.0922270521521568,351.1944915771484,3243.404541015625,2335.771850585937,92.91713638305664,1314.9392578125,200.32742004394527,2.829730677604675,64.16512680053711,128.34236602783204,19.238871574401852,1.1775044322013857,1021.859680557251,1588.008507657051,5557.867314347112,1.3329580194549635,642.6529615402221,220.5471858263016,15.935215992480517,1.96622406244278
155.54519013501994,54.16800914979403,3.721307308814653,0.6086680933347907,22.788802528381343,7.801787805557251,19.26848030090332,3.546919512748718,2.459602975845337,1.18315292596817,0.0878645807504654,6.927434015274048,3.027127432823181,0.5793018758296966,0.0839939810335636,317.8112396240234,2419.1978271484377,1665.7792358398438,79.77220916748047,693.1977844238281,102.51176605224607,2.8569828271865845,59.53522071838379,135.7780288696289,18.587245750427247,1.0870226263999938,914.2869853973388,1530.3025321006776,5429.83466073419,0.771301650069654,620.5754968643189,222.3291405916214,16.134412233531474,1.9794488109648227
149.58922278278186,55.85550762217936,3.768395093015215,0.6498624372124141,22.45466251373291,8.14042625427246,19.478063583374023,3.564587020874024,2.4686389684677126,1.1988385796546936,0.0891645736992359,7.412415552139282,3.167216157913208,0.5971164107322693,0.0943446733057498,316.3652587890625,2486.120751953125,1666.8106811523437,80.68408889770508,688.4378479003906,102.79981536865236,2.8890380382537844,61.24546585083008,146.2561813354492,19.54666194915772,1.180522358417511,890.1766178131104,1480.4418524265288,5206.624369771406,0.7895270703360439,623.6621153831481,224.23068220615383,16.28133045360446,2.009760430082679
160.9131186091312,48.63459808900279,3.5498670303496738,0.5869610424938401,20.07944641113281,8.280329132080078,20.17494773864746,3.415619158744812,2.098093056678772,1.034918999671936,0.0890821821987628,6.797562789916992,2.947679877281189,0.5523665368556976,0.0811028338968753,324.50139770507815,2546.7741943359374,1734.8408935546877,76.24398956298828,590.4347534179688,89.89177322387695,2.894503879547119,61.46221199035645,127.38079299926758,17.49535846710205,1.0644291758537292,907.02054977417,1482.8405514001847,5357.272857332789,0.7276819195598364,629.3003578186035,222.19965102672575,16.146235583722593,1.9729580081999305
146.1427380511377,54.99642002894343,3.75112828782369,0.6525175982773931,23.273396492004395,7.801742839813232,19.07414741516113,3.647107148170471,2.4473939418792723,1.1950247049331666,0.0878454335033893,7.029861736297607,3.189199304580689,0.6314898312091828,0.0930333204567432,315.6971862792969,2387.612158203125,1618.893408203125,81.68705368041992,684.2904907226563,101.71012344360352,2.847300958633423,52.19987754821777,145.6181869506836,20.686279296875,1.1622900128364564,895.856485748291,1515.0797717094422,5359.216722241743,0.8234624929726124,619.5162498474122,222.6315275907517,16.13417584747076,1.9999216604977843
163.05114056617458,53.42025924817508,3.649401088585546,0.6557009354395064,23.808305549621583,8.21231918334961,20.16328563690185,3.583722543716431,2.4274778604507445,1.210553133487701,0.0874890409409999,6.795908689498901,3.0861390113830565,0.6351640522480011,0.0914546310901641,324.66539611816404,2552.3938232421874,1766.30380859375,79.70189056396484,685.2674194335938,104.93152465820312,2.83451886177063,62.90608863830566,134.6963333129883,20.83007431030273,1.1595542192459107,933.8084510803222,1517.1578249931335,5530.344372420897,0.7631093936040998,633.8337114334106,222.4194576740265,16.098032855987547,1.9922906331717969
152.04876639332215,52.0380298684403,3.6101794592400656,0.5956202540853723,20.243219947814943,8.31880350112915,19.84413890838623,3.652735829353333,2.289965033531189,1.1364306926727294,0.0868588551878929,6.343510150909424,2.97938711643219,0.5577137231826782,0.087106242775917,316.15013427734374,2555.74375,1683.7232421875,80.29710006713867,642.6253784179687,97.10767974853516,2.823941159248352,53.40430145263672,127.33296432495118,17.816109085083006,1.0936729311943054,907.3848274230955,1515.2931960344315,5351.561983428616,0.7846975287422537,618.0576478004456,222.33067872524265,16.119191791117192,1.9767319843173028
159.71253333357453,52.10101743070773,3.6199338244432737,0.5877967668770907,22.37234554290772,8.715460968017577,19.563311958312987,3.619773197174072,2.263967680931091,1.086353635787964,0.0877505414187908,6.776646709442138,3.058900761604309,0.5461198687553406,0.0807943820953369,326.0218505859375,2690.703588867188,1687.6478759765623,79.96261138916016,632.3431091308594,94.26772918701172,2.850406002998352,64.7608856201172,132.2794189453125,17.271242523193358,1.0617403745651246,904.1756282806396,1518.29465880394,5373.759633912938,0.8020574789494276,635.6840696334839,221.87422320842745,16.07363052368164,1.9646278008818627
159.87569810450077,50.83976927283656,3.728102419244124,0.588145497383232,21.18179607391357,7.996387004852295,19.84954376220703,3.619886541366577,2.24758141040802,1.133160638809204,0.0883717745542526,7.086173105239868,3.067444157600403,0.5708868563175201,0.0809053614735603,321.06700744628904,2449.8771728515626,1739.0315551757812,79.6480339050293,625.853515625,98.31866226196288,2.8726579904556275,51.97402191162109,139.9299102783203,18.01126899719238,1.0617255091667177,915.3334957122804,1514.4877758026123,5430.841591911298,0.7681071896106004,626.8891251564025,222.21867184638975,16.119770795106888,1.974490624666214
169.48346328944027,51.06767675814244,3.520692410843799,0.587682484831953,22.093140029907225,8.415385341644287,22.46389102935791,3.454537510871887,2.2520907640457155,1.1032575368881226,0.0892194345593452,6.658934259414673,3.004886746406555,0.5714698672294617,0.0800217851996421,332.56272277832034,2610.13720703125,1957.814514160156,77.8751708984375,634.8701904296875,95.6430046081543,2.8963515996932983,47.344038772583005,130.1989486694336,18.05913410186768,1.058780264854431,925.2323780059814,1518.6676230192184,5500.0491152807135,0.7616112539544702,644.509603023529,221.7557251930237,16.073656242340803,1.965621630102396
150.89610282391294,53.569279739705145,3.686505424896404,0.6502285509783519,21.154602241516116,8.270398616790771,19.210650825500487,3.6482220888137817,2.4795727252960207,1.2080953001976014,0.0872089594602584,6.696391487121582,3.17231125831604,0.6021371722221375,0.0916504763066768,316.01670532226564,2547.907275390625,1631.6355834960937,80.50981292724609,695.5156616210937,103.17346420288088,2.838225817680359,70.08260803222656,137.2705307006836,19.71834335327149,1.156028938293457,913.9214584350586,1493.7483085393906,5268.022032627836,0.778475490398705,618.6857148170471,222.56432189941407,16.15847043246031,1.9931818224489688
149.3963899720824,56.1224195002399,3.6876694450708327,0.5997218374257727,22.88494987487793,8.217275524139405,18.855992126464844,3.493689465522766,2.586679291725159,1.2284827828407288,0.0895793467760086,7.283892917633056,3.252539777755737,0.5739245533943176,0.0831272967159748,316.0127838134766,2540.5008056640627,1597.1965942382812,79.44650039672851,727.5771179199219,105.62325744628906,2.903786778450012,64.8347671508789,146.70790252685546,18.415706634521484,1.0788979887962342,885.4213771820068,1480.241290903091,5206.08773912075,0.7616218224167823,623.5611344337464,224.4651594877243,16.3186850592494,2.003380235284567
156.65003617706316,51.031486642342585,3.724539843914181,0.6239290619266853,22.6869234085083,8.033121585845947,20.46627578735352,3.4790951728820803,2.321385884284973,1.0475324630737304,0.0880187079310417,7.161103820800781,3.1933872222900392,0.5838362276554108,0.0823827505111694,321.9603454589844,2475.92158203125,1773.4980712890624,77.27204818725586,654.9720153808594,89.57675476074219,2.867622232437134,62.1443229675293,143.16338500976562,18.897084617614745,1.085627341270447,906.0595695495606,1524.7527549505237,5476.081088175532,0.7633324861526489,629.6200513839722,222.7237418174744,16.16792084351182,1.9855837769806384
187.290946927054,92.84578885724224,3.59660141493996,0.5849444901200173,20.520306205749517,8.810504627227782,22.09202289581299,4.0685811042785645,4.174804639816284,2.0705726146698,0.0894374877214431,6.361801385879517,3.274023652076721,0.577565860748291,0.0850853472948074,332.8026641845703,2712.8716552734377,1917.2900756835936,91.07635650634764,1172.34306640625,178.8525863647461,2.848108744621277,44.93904876708984,139.0668487548828,18.391609954833985,1.0796364903450013,1005.2634817123412,1573.7526961445808,5475.013749560574,0.8723400424933061,629.5898329734803,220.64014647006988,15.9148709513247,1.954740410298109
170.78672491739272,48.47218850035442,3.631490144621284,0.5725605539188677,21.992210960388185,8.782780075073243,22.14928855895996,3.514717960357666,2.0929759740829468,1.0657168745994567,0.0875798940658569,6.593033313751221,2.971782803535461,0.5600303530693054,0.0825543195009231,334.4479248046875,2724.74970703125,1939.1806762695312,77.19328231811524,587.7551391601562,90.54003601074218,2.8493817806243897,64.4733268737793,128.3803497314453,17.58963222503662,1.0601492643356325,921.7216567993164,1488.2545016288757,5375.996075804485,0.7424231311306357,648.2915927886963,221.61363320350648,16.05420215576887,1.9640369057655331
148.80015533935074,52.475130139156136,3.527255211298052,0.6476482966283129,21.958920288085935,7.712447643280029,20.017476654052736,3.6047515630722047,2.4073997735977173,1.18445121049881,0.0899533756077289,6.805216646194458,2.9281572341918944,0.5937267065048217,0.0921682775020599,316.68445739746096,2361.9997314453126,1690.5444946289062,80.73686370849609,669.9225036621094,100.6294891357422,2.8986945390701293,53.9393928527832,129.11277618408204,19.419666481018066,1.160146701335907,902.2104183197022,1474.1827030420304,5183.438176427781,0.7854587147012353,620.8284449577332,223.23763859272003,16.20928850919008,1.99876661747694
153.01501832596475,54.8613856868069,3.70175373534289,0.5625492708882689,22.382530212402344,8.06555814743042,20.329415321350098,3.556903910636902,2.403031325340271,1.256846058368683,0.0896275080740451,6.917253923416138,3.094707989692688,0.5636806666851044,0.085500031709671,315.8244323730469,2503.7737060546874,1729.395068359375,80.20721588134765,678.774267578125,107.51679840087893,2.890974283218384,57.55703926086426,141.82496643066406,17.556948280334474,1.0657159090042114,893.5773998260498,1536.666913318634,5443.8348509216685,0.810548929311335,618.359124660492,222.51687800884247,16.15451447144151,1.975181668251753
165.44874199284095,51.81625662039105,3.756665615095608,0.6161602012886988,21.67644329071045,8.942447090148926,20.0725923538208,3.536926245689392,2.376587986946106,1.0980095863342283,0.0888449974358081,7.05566110610962,3.201053786277771,0.5772174954414367,0.082232965528965,329.94835205078124,2752.668310546875,1759.3110473632812,79.2230598449707,668.0186279296875,93.4525505065918,2.8752482891082765,62.20104217529297,146.79521636962892,18.635548400878907,1.082432067394257,911.936043548584,1506.84132976532,5449.951446597232,0.7536517648026347,641.9103338241578,221.900322842598,16.086723309755325,1.9739884980022908
153.15163249834586,56.27935891359785,3.779909888281805,0.5972226466959227,22.337898635864256,7.88652491569519,19.028581047058104,3.6485137224197386,2.6051677942276,1.2698312878608704,0.086952718347311,6.799375534057617,2.98629846572876,0.5544715523719788,0.0881612941622734,315.9470977783203,2435.3211181640627,1642.393701171875,82.01534500122071,729.7023315429688,108.66423568725584,2.824480319023132,55.98430252075195,135.1376754760742,17.791872596740724,1.0975415349006652,905.3811889648438,1551.1217748403549,5482.438894439675,0.830000970326364,617.2224656105042,221.90565202236172,16.09294391348958,1.9692750848829743
155.3414580020166,52.09409892575586,3.6905643545077735,0.6307216533617748,20.565299606323244,7.844906091690063,19.424507713317876,3.48371970653534,2.286392259597778,1.0776226758956908,0.0876115106046199,6.606045722961426,2.963592195510864,0.5751757979393005,0.0833554409444332,317.9550720214844,2436.035498046875,1658.1956176757812,78.30393142700196,644.9890258789062,92.17307510375976,2.844094252586365,65.39433975219727,130.18553924560547,18.680867767333982,1.0991671204566955,921.5278469085694,1520.944703221321,5412.212472883472,0.7479994922876358,620.2142461776733,222.3652213335037,16.153701872378587,1.982295148074627
156.30179552738628,56.05656965496028,3.81044812208138,0.6243195900976616,23.81210594177246,7.867299365997314,20.73307113647461,3.598625826835632,2.4814950942993166,1.2083804488182068,0.0871157132089138,6.838977003097535,3.1135055303573607,0.5800521850585938,0.0825812011957168,321.4868133544922,2444.0113525390625,1782.8323486328125,80.71883010864258,694.40927734375,104.51957168579102,2.824203062057495,59.31139793395996,142.17629699707032,18.797825622558594,1.0850846886634826,921.6264450073244,1512.1988528251647,5299.868989158934,0.783086477033794,628.407523727417,222.16704754829408,16.090145339816807,1.979160874336958
164.15448135332772,51.04887759658159,3.651714491563121,0.5556104522241185,19.466776847839355,8.42949686050415,20.98635654449463,3.6030937671661376,2.19803204536438,1.144036889076233,0.0884024336934089,6.986020946502686,2.960726594924927,0.5241629660129548,0.0807736091315746,327.7121063232422,2600.13916015625,1806.607666015625,78.80139083862305,620.4722778320313,97.00493621826172,2.8776532649993896,56.864474868774415,131.73158111572266,16.25991497039795,1.0434289693832397,925.8029094696044,1539.7205822467804,5541.4958172558345,0.7656971991062165,635.4043444633484,221.55171971321107,16.070691917836665,1.951505145430565
161.68005492472005,51.906901274434766,3.785256401843412,0.5585011340322694,19.46723804473877,8.256335544586182,19.973560905456544,3.4826820611953737,2.3770405054092407,1.1603466033935548,0.0882375098764896,7.491640758514404,3.144618368148804,0.5549037277698516,0.0833890825510025,323.85130615234374,2549.26025390625,1709.814794921875,78.21375350952148,669.2739562988281,100.23895721435548,2.873164486885071,59.96056709289551,144.67638702392577,17.253574562072753,1.0555721402168274,931.499187850952,1519.6391303300857,5313.180044836551,0.7615681825205683,627.9203883171082,221.89926688671116,16.11151337698102,1.9635438427329064
160.11986566325794,49.29103636101381,3.5192785234307165,0.6333145413988632,22.43534107208252,8.786091232299805,19.438381385803225,3.588490128517151,2.096201872825622,1.0435730457305907,0.0894083239138126,6.661496496200561,2.9527315378189085,0.5831264436244965,0.0908182397484779,326.24944458007815,2720.9284423828126,1666.573095703125,77.7779037475586,590.898583984375,90.48108520507812,2.910275101661682,53.54113426208496,127.34292602539062,19.018160247802733,1.1345962524414062,896.1999507904053,1536.0866318702697,5568.704027174506,0.7804921295493841,637.1440995216369,222.48192071914676,16.14063537567854,1.982438140362501
170.36705695446798,48.42256826403055,3.557009726641013,0.622247054380739,23.673400688171387,9.0994441986084,22.393610954284668,3.5133081436157227,2.019095754623413,1.031699526309967,0.0882176615297794,6.210028505325317,2.981941843032837,0.5892978012561798,0.0900511026382446,337.3360137939453,2828.83037109375,1957.5086181640625,76.8159683227539,567.90263671875,89.62678756713868,2.8530154466629027,56.7360897064209,126.9097900390625,19.17890510559082,1.1237056255340576,922.184024810791,1530.4458503961564,5599.252018268965,0.7645457291975617,654.2766098976135,221.743181180954,16.05345760807395,1.972545712441206
152.43502731945264,51.70553474147018,3.622704867301718,0.5926445940236477,19.727981948852538,8.380725002288818,19.7803861618042,3.600591015815735,2.403067183494568,1.1763363361358643,0.0887958593666553,6.746473598480224,3.0524397134780883,0.5808779954910278,0.0827088385820388,316.51905822753906,2581.278759765625,1671.9524047851562,79.97558822631837,671.1657958984375,100.7898162841797,2.8771477699279786,61.90189323425293,134.31101837158204,18.405445861816407,1.0746431350708008,911.1799835205078,1500.3879961013797,5297.489774741,0.7828182144090533,617.7495906829834,222.3130803585053,16.148698715120553,1.9815741620957847
155.87117123220378,53.31709509455859,3.7196511935906975,0.5462583240171626,22.238334465026856,8.074586486816406,20.82435703277588,3.6289721965789794,2.4325996160507204,1.1240877866744996,0.0871463507413864,6.753798866271973,3.202700877189636,0.546813577413559,0.0799808003008365,323.0965637207031,2473.6158203125,1800.8678588867188,80.70744018554687,677.7326171875,97.23945922851564,2.8387598276138304,61.56451110839844,141.77511291503907,16.76689510345459,1.0328914761543273,922.7523670196532,1492.3507504463196,5234.9597203217445,0.7847905164584518,628.7365207672119,221.59317774772643,16.066361168771984,1.95931459069252
162.07877311447447,49.73767359582562,3.5263403288323163,0.6460172591090781,21.917584228515626,8.755204200744629,21.421294593811037,3.601976990699768,2.243881344795227,1.124393343925476,0.0895607523620128,6.602563333511353,3.063964891433716,0.6027660846710206,0.0888488784432411,330.74033203125,2713.737158203125,1833.2583984375,78.64414520263672,630.1788696289062,95.76551361083985,2.90530948638916,51.84642524719239,132.3170608520508,19.71268196105957,1.1390684843063354,905.0437202453612,1505.458744263649,5441.233332252037,0.7497671661898494,643.7561405181884,222.0672336578369,16.094949872791766,1.983459124714136
150.7368177508062,52.55878300150798,3.743731371975332,0.6637799889527514,21.24860534667969,7.562837266921997,19.605269050598142,3.610361194610596,2.257485556602478,1.1729046940803527,0.089871334284544,7.258616304397583,3.199170231819153,0.5899454534053803,0.0881224483251571,316.3115661621094,2320.7883544921874,1668.9135498046876,79.36293563842773,633.8062683105469,100.47587280273436,2.905881667137146,66.1212287902832,147.07256011962892,19.365048789978022,1.1546288132667542,897.263487625122,1516.1900154352188,5379.9699306319,0.7653692984953523,618.4219882011414,222.59280788898468,16.213344955444335,1.991083662211895
153.14250626670474,53.42857306989608,3.763178544496782,0.6049444131111045,22.767546272277837,7.649507904052735,20.31523017883301,3.631480646133423,2.490361213684082,1.2068720936775208,0.087423001974821,7.003628253936768,3.1418963432312013,0.5951410710811615,0.0851418994367122,316.17918701171874,2370.1203125,1733.6590576171875,80.95648422241212,696.1883850097656,103.53700561523438,2.848462867736816,60.6356861114502,141.5269805908203,19.056503677368163,1.08927264213562,902.6998680114746,1545.9318780183792,5490.060067471303,0.8223161432892084,618.0320805549621,222.29155399799347,16.131316826492547,1.982845575362444
151.29543685033568,53.21226468869581,3.753802372452583,0.5709450556939715,21.05998077392578,8.100622653961182,19.346737480163576,3.669644522666931,2.2790054798126222,1.1377708911895752,0.088395456969738,6.996066999435425,3.3166744470596314,0.5632065951824188,0.0848440773785114,316.20676879882814,2505.228881835937,1636.0817016601563,80.15408096313476,642.8890075683594,98.09454727172852,2.8617447137832643,54.96458778381348,152.0268127441406,17.64748020172119,1.069031035900116,898.7416530609131,1520.0912039279938,5400.4421216223855,0.804844319820404,617.757550907135,222.26448302268983,16.13893438205123,1.9752705179154872
152.84728084044764,53.31272350592708,3.811843612116945,0.6475749895598938,21.5783935546875,7.682975053787231,19.04420566558838,3.555795097351074,2.3112435579299926,1.206022596359253,0.0876339964568615,7.258400869369507,3.07141969203949,0.5958970546722412,0.0885892234742641,315.57886657714846,2362.7876708984377,1648.5694946289063,79.8500862121582,649.8472351074219,103.54822616577148,2.8345832586288453,58.15168685913086,141.71852111816406,19.467698097229004,1.1358868956565855,906.09310836792,1522.1454257488251,5438.198932591872,0.7574372390285135,619.3775404930115,222.78430078029632,16.150230617821215,1.9922409601509568
161.5577382972224,52.87768947474824,3.731967738644789,0.6558941621790495,22.424414253234865,8.808148860931396,20.38863048553467,3.6488003730773926,2.3907420158386232,1.2102771997451782,0.0866441719233989,6.960857152938843,3.1891504526138306,0.6107323110103607,0.0879391498863697,328.71181640625,2718.512646484375,1773.6916381835938,80.03585968017578,674.0461853027343,103.14315414428712,2.8212005853652955,55.76705932617188,142.01300354003905,20.01086349487305,1.140899932384491,921.4508346557616,1513.8596009016037,5405.805781989312,0.7763327995315195,641.9456679344178,222.20213174819943,16.057258680462837,1.984927662461996
159.07873081653162,51.27110676591401,3.768398241858722,0.639117824762684,21.61848926544189,8.579563426971436,19.67076187133789,3.549697422981262,2.2020077228546144,1.1250048398971555,0.0890229225158691,7.441072797775268,3.083977198600769,0.6262464642524719,0.0909171000123024,324.94037170410155,2662.0202392578126,1675.9984375,79.14007568359375,614.6919372558593,96.69667510986328,2.878534960746765,70.94154510498046,141.1769287109375,20.444361686706543,1.1415778160095216,914.3314544677736,1533.632903957367,5428.08562322245,0.7809717644006013,633.8497550964355,222.30118296146392,16.158729609847068,1.990217664837837
163.91913033149976,47.27509542078887,3.6852208262366495,0.5753123123842669,18.337370681762696,8.547461223602294,20.222483444213868,3.322908043861389,2.091152620315552,0.9841911554336548,0.0875188544392585,6.617927026748657,3.026060461997986,0.5596574604511261,0.0799555748701095,330.03123168945314,2655.5203857421875,1716.0305419921874,73.85458602905274,590.0448547363281,84.95689239501954,2.8322972536087034,49.4625186920166,135.19880218505858,17.7687894821167,1.0424566984176635,897.7358814239502,1459.7409100055695,5310.738998671807,0.6975848101079464,643.9147654533386,223.95164542198185,16.237877947092056,1.991344141215086
179.9042709001864,86.64343160413155,3.634130806048006,0.6129064661240591,20.40240421295166,9.36436061859131,22.41529998779297,4.107424354553222,3.689403009414673,1.90673531293869,0.0871056631207466,6.637657594680786,2.9314388275146483,0.5661110699176788,0.0881504707038402,339.97931518554685,2880.499755859375,1929.012609863281,90.53355102539062,1044.6954772949218,166.65778350830078,2.816630220413208,55.14978675842285,129.7059768676758,18.425046920776367,1.1019883632659913,999.47829246521,1565.9462544441224,5597.279530848284,0.7340597813948989,638.8426508903503,219.90207087993625,15.805850260704757,1.9402909494936469
166.30577581416313,48.59997625653314,3.580291664946253,0.5921214990799285,20.763032341003417,8.861632919311523,21.98323993682861,3.4472620725631717,2.2361198902130126,1.10217604637146,0.0882158942520618,6.638576602935791,3.1077181577682493,0.5613455653190613,0.082523888349533,336.31105346679686,2750.9932861328125,1921.9864013671877,77.48843154907226,625.5913208007812,94.63643188476564,2.862899327278137,57.35601959228516,135.0862045288086,17.87637596130371,1.071166718006134,938.3789672851562,1499.7668130636216,5392.066929527605,0.7141761787235736,650.185844039917,221.469605755806,16.036230697482825,1.9612942330539227
164.95069309660903,50.41388652005726,3.8813119628910497,0.6172024815864574,20.95031337738037,8.17395076751709,20.577512550354005,3.5138209104537963,2.2198808431625365,1.041414785385132,0.0871024213731288,7.212815666198731,3.40925772190094,0.5689281225204468,0.0833603866398334,324.63779296875,2537.8983154296875,1792.6519775390625,78.35753860473633,619.1568725585937,88.68160934448242,2.834452056884765,69.8845832824707,155.87313385009764,18.37590961456299,1.0899056196212769,916.2290325164796,1495.382985806465,5363.95715995403,0.7449197659268976,632.2653398513794,222.10330567359924,16.16049944832921,1.9772753991186616
163.513031700594,52.643082539123405,3.602676294084108,0.6353009040725738,21.281493759155275,8.145489025115968,19.90460376739502,3.5065932989120485,2.336773085594177,1.1927682399749755,0.0867871560156345,6.121946620941162,2.93252227306366,0.594706004858017,0.0839951746165752,323.4979583740234,2512.8471923828124,1747.404052734375,79.10900344848633,659.5521484375,103.03281097412108,2.8169875621795653,49.51453895568848,125.34072189331054,19.351034736633306,1.107506000995636,933.2182231903076,1531.1598417043683,5475.915342187183,0.7868093863129616,630.5765429496765,222.180033993721,16.09162167906761,1.980386329814792
151.8327675371489,54.761681106975445,3.600924614622181,0.6443777000604086,22.006540298461918,8.062251853942872,19.77872505187988,3.630517816543579,2.4374866247177125,1.2451003432273864,0.0877392552793026,6.647549629211426,2.9751190900802613,0.6028474271297455,0.0862843483686447,316.26080017089845,2496.6064208984376,1677.5032470703125,81.22482986450196,686.6991760253907,105.65824661254882,2.846275067329407,55.0247013092041,128.9045166015625,19.673498153686523,1.124904441833496,908.9992630004884,1543.8366422176362,5436.935070687579,0.8003007652238011,618.2516981124878,222.29412915706635,16.123213867098094,1.9867895878851412
163.02781532887747,48.433907470352096,3.551052016925337,0.6587136492085165,19.7330379486084,8.507234287261962,19.593752670288087,3.5466486692428587,2.1050849676132204,1.0260671615600585,0.0898077078163623,6.373997545242309,2.943443751335144,0.5820009350776673,0.0906432479619979,329.98833618164065,2628.8634521484373,1713.6294677734377,78.00502243041993,587.6889099121094,89.26826705932618,2.8533623695373533,44.47768363952637,125.82765197753906,19.119367790222167,1.15850430727005,921.329197692871,1462.9659567117692,5334.008894929849,0.7079688663594425,641.1048038482666,222.0348359823227,16.083375435322523,1.9809500176459551
149.94555746459372,54.70910259713364,3.600380601336565,0.6069136464723442,20.6224199295044,7.694122648239135,18.50478610992432,3.52416136264801,2.4690993070602416,1.1987444877624511,0.0894252486526966,6.667680454254151,3.1615123748779297,0.5854170143604278,0.0823196724057197,316.28456115722656,2359.86298828125,1570.066650390625,79.51742324829101,695.2795654296875,103.12660903930664,2.901592445373536,48.96910896301269,140.8039794921875,18.699220848083492,1.0798215985298156,902.5416248321532,1507.9386883974075,5303.515934142936,0.7981300333514809,618.0538023948669,222.556763792038,16.17199654057622,1.9854311890900136
162.28083704256423,50.084181292136506,3.746104568760961,0.6707045662110318,19.59126110076904,8.338285636901855,20.515497398376464,3.4715102910995483,2.166225790977478,1.1057077884674071,0.0890271537005901,7.168686485290527,3.237838554382324,0.5918765604496002,0.0922340288758278,325.42380981445314,2583.3788330078123,1755.7098388671875,78.18945617675782,603.7759704589844,94.8488639831543,2.8861205101013185,72.12324142456055,146.34017333984374,19.50904788970947,1.1804827213287354,937.7812015533448,1463.106741476059,5184.5335332606455,0.7141349295154213,633.0551309585571,222.2291093349457,16.173415795713662,1.9871585827320812
166.81445786421392,49.84144234854693,3.699810887636045,0.6238017285690376,19.91175651550293,8.891668128967286,22.361222076416016,3.484902858734131,2.117216444015503,1.107515823841095,0.0881599083542823,7.020507526397705,3.2439403533935547,0.5557626008987426,0.0887212105095386,334.6783813476562,2728.06533203125,1935.1572021484376,77.18042221069337,594.8369995117188,95.51157684326172,2.8696012258529664,52.9450122833252,146.46370849609374,18.106590270996094,1.1219436407089234,928.0285140991213,1527.0660479068756,5506.131992955785,0.7540997011587024,647.2917700767517,221.54764330387115,16.057643914967777,1.9637402966618536
148.32707623578318,55.3327656673885,3.543167839009243,0.6585023584881128,23.094331359863283,7.768448638916015,18.493355369567876,3.5629457235336304,2.451274275779724,1.16815288066864,0.0896533027291297,6.814697647094727,3.074979329109192,0.5861661076545716,0.0869396768510341,316.0533721923828,2383.176025390625,1582.798681640625,80.48712005615235,691.1719604492188,100.16132125854492,2.9066688060760497,59.02710456848145,133.25667419433594,19.20119819641113,1.141444492340088,890.9792701721192,1507.0987852573394,5315.3710552318025,0.8000870121642947,618.691065788269,222.5348275899887,16.166498191654682,1.9892309945076705
203.64676182152036,101.4415140704219,3.586661107788791,0.6301961157787446,20.79467067718506,10.999136447906494,26.1196928024292,4.12128643989563,4.856706619262695,2.522763609886169,0.0885702356696128,6.692134618759155,3.0332744836807253,0.5864232540130615,0.0875347666442394,346.1408630371094,3397.7935302734377,2280.220166015625,92.62794952392578,1371.9259643554688,214.74112701416016,2.8776158332824706,57.053767395019534,131.72195587158205,19.143703651428225,1.132278525829315,1045.394915008545,1620.741465353966,5679.102568462118,1.054555467516184,645.607419204712,220.2299113273621,15.923021657019854,1.9626022566109893
165.09893332590437,51.05108772799258,3.644107668648803,0.6348323881539386,20.46220703125,8.451427173614501,21.25404796600342,3.47132408618927,2.2632585525512696,1.1468807578086853,0.089790740609169,7.0359320640563965,3.183731770515442,0.5689143002033233,0.0847828976809978,331.23357543945315,2610.557080078125,1855.3464965820312,77.94818344116212,635.0832763671875,99.42996139526367,2.9062034130096435,72.20999374389649,141.69641876220703,18.539611625671387,1.1114006042480469,944.6232704162596,1491.079286646843,5290.894107136456,0.714791882224381,641.7149312973022,221.804820561409,16.130160707235337,1.9710293132811785
159.26850578651937,50.16584234510265,3.6383671345537096,0.5915424529216693,20.07356243133545,8.733214187622071,21.00840492248535,3.493572497367859,2.1136006116867065,1.122263288497925,0.0894773416221141,6.97980751991272,3.1862477540969847,0.5523214519023896,0.085188116133213,328.9331939697266,2673.6384765625,1801.845056152344,77.88374481201171,595.8338134765625,95.30344467163086,2.89139256477356,53.37545661926269,144.1146713256836,17.606716537475585,1.0812694549560546,909.6303901672364,1527.1395823001862,5524.190464738012,0.7428561763837933,638.8781675338745,221.92148926258088,16.093176373839377,1.9661271534860132
213.17884106804703,102.28791050471082,3.74147548619369,0.5843454450009518,20.74713287353516,11.729210090637206,27.88351192474365,4.112998628616333,5.233839607238769,2.4133400678634644,0.0874715812504291,7.081504249572754,3.1917176723480223,0.5734444677829742,0.088297401368618,353.1144653320313,3624.9167236328126,2419.5052978515623,92.45685043334962,1475.484460449219,207.3467559814453,2.843976378440857,49.52067985534668,145.128369140625,18.33451900482178,1.1110790729522706,1033.3880760192872,1618.607554090023,5640.1380074801855,1.1649585822131483,651.1339390754699,220.82343583107,15.951343102753162,1.9631918013095853
154.26226430186944,50.64120110364392,3.659529740747439,0.5675594032410232,21.67599811553955,7.680293273925781,19.91530284881592,3.6088765621185295,2.1801416635513307,1.080427646636963,0.0891477920114994,6.8178120136260985,3.1282939434051515,0.5295803964138031,0.0852944493293762,318.05927734375,2360.28974609375,1728.6189208984374,79.66206130981445,610.8770080566406,92.16067504882812,2.8857674837112426,52.42290153503418,141.41177520751953,16.670270347595213,1.0680477738380432,895.9448719024658,1501.3638172149658,5388.943107395712,0.7599010068923235,619.8415135383606,221.97934679985048,16.13278933018446,1.9656058445572853
153.7555960328893,52.21630866355472,3.760933766396192,0.6806628889262356,21.028479957580565,8.424812602996827,18.822866249084477,3.541503429412842,2.271509289741516,1.1659022212028505,0.0877567633986473,6.9973742961883545,3.0959128379821776,0.6014521300792695,0.0934108011424541,316.32822265625,2605.484741210937,1601.2976196289062,79.42992477416992,633.948779296875,99.90522232055665,2.860186791419983,69.07335510253907,138.15149993896483,19.849149322509767,1.2007503867149354,899.3634452819824,1485.8978290319442,5272.330915497989,0.7694955382496118,621.1185865402222,223.4908179759979,16.243692384660243,2.004617848992348
146.4325075548317,56.73690436836687,3.744193239210972,0.59609446335445,21.807268714904787,7.928522157669067,19.20522956848145,3.7680280447006234,2.442286252975464,1.2924687623977662,0.0879658259451389,6.785570383071899,3.121927666664124,0.5397739112377167,0.0811245903372764,316.06675415039064,2420.9363037109374,1625.6496337890626,82.33291015625,686.9580383300781,110.58652114868164,2.8426023960113525,71.39780654907227,139.3709930419922,17.195594787597656,1.0681116104125976,890.5813999176025,1514.912912797928,5306.741472718818,0.8328791050240397,617.3919961929321,221.889102268219,16.129795884341,1.967541166394949
163.23432273656073,50.45223822624312,3.611474636768139,0.6409441530351273,19.6980504989624,8.138979816436768,21.304897117614747,3.539907145500183,2.184300684928894,1.0599409341812134,0.0872747913002967,6.5496570587158205,2.864316415786744,0.580156534910202,0.0915490746498108,326.19981384277344,2500.9689697265626,1842.693298339844,78.11260223388672,614.6657653808594,91.75922393798828,2.8336368799209595,57.483645629882815,123.28619613647462,18.988904571533205,1.1504399657249451,912.157001876831,1544.354637289047,5577.573865600117,0.7689942771568894,633.825716304779,222.0142118930817,16.091693360358477,1.9767603166401384
152.8436036001229,54.285707123835984,3.647400122064573,0.583598274728297,22.704029273986816,7.785594367980957,18.555195617675786,3.677034592628479,2.522476315498352,1.2189352631568908,0.0879108928143978,6.895536994934082,2.9401835203170776,0.5362076222896576,0.0826339438557624,316.0943298339844,2410.2380126953126,1592.0532470703124,80.93003692626954,710.5365417480468,104.57146835327148,2.843000388145447,63.203969955444336,129.07931213378907,16.94430160522461,1.0674623131752017,903.6688079833984,1510.359481263161,5313.608972258167,0.7925176875665784,617.1048586845397,222.0343853712082,16.111676508933307,1.9671438053250312
159.5018916905836,49.074271105336535,3.556831804803687,0.6749051903975897,23.13161678314209,8.27305335998535,20.0252685546875,3.532686233520508,2.2649499654769896,1.0265506625175476,0.0882835261523723,6.703057861328125,2.918880558013916,0.6063259601593017,0.087551087886095,323.63132934570314,2567.6193603515626,1731.4417724609375,77.78202590942382,637.8533386230469,88.18711700439454,2.8657815933227537,63.18326454162597,124.58856887817385,19.94758625030517,1.1614662647247314,909.66540184021,1486.6860926866532,5353.6453046911865,0.7479718141257763,631.7071916580201,222.6093929052353,16.141351196169854,1.9934931959956883
151.8270672290717,53.65324133605064,3.576841248526238,0.6047327582149364,23.2189998626709,8.243163299560546,19.97206554412842,3.530618643760681,2.295134162902832,1.1690156698226928,0.0882151000201702,6.620170259475708,3.12577714920044,0.5487950503826141,0.0877404734492302,316.1704559326172,2520.0114990234374,1731.4053466796877,79.09726028442383,645.9514709472656,99.63801193237305,2.8746437788009644,51.52641105651856,134.72698364257812,17.697305488586426,1.1062445402145389,884.5076919555664,1480.463705396652,5270.880662065651,0.7750878680497408,623.0556639671325,224.21571085453036,16.283446098119022,1.996914315968752
162.13927176881552,50.62224186800749,3.60419142607916,0.5621067101195536,19.64638385772705,8.356670093536376,21.16137866973877,3.542953896522522,2.19945068359375,1.107702088356018,0.0897910088300704,7.020477247238159,3.087044668197632,0.5455083549022675,0.0829059533774852,327.2179931640625,2566.4212158203127,1829.3681396484376,78.38694381713867,615.64990234375,95.9922607421875,2.906601953506469,55.22393608093262,138.64034576416014,17.02448616027832,1.056042695045471,926.2821716308594,1529.3402336597442,5466.275140485307,0.7474191756919026,633.7779529571533,221.54525747299195,16.094887961447238,1.958375933766365
164.66725527686984,47.483773205526816,3.690450299581016,0.6289321166662262,19.870585632324214,9.150730895996094,21.35470657348633,3.4944979906082154,2.03875892162323,1.018865406513214,0.0877528622746467,6.724052953720093,2.991013216972351,0.6134359300136566,0.0865795500576496,336.91746215820314,2836.1112060546875,1860.3791137695312,76.1282470703125,573.1122680664063,87.92496490478516,2.850011706352234,66.00353393554687,132.08582916259766,19.947669410705565,1.111695408821106,935.3969455718994,1500.537488555908,5412.566488665575,0.7069156887941063,653.3227757453918,221.937598323822,16.073511516302823,1.9813253931701185
183.829379952226,91.29544298164856,3.493353649210212,0.602916173365179,20.89293823242188,8.734883785247803,21.929311752319336,4.030061030387879,2.685092735290527,1.3700565218925476,0.0871235348284244,6.213843297958374,2.8228646755218505,0.5840114474296569,0.0871580183506011,336.0854858398437,2688.2779541015625,1909.721533203125,91.15220108032229,757.653076171875,118.37292556762696,2.7994932174682616,46.95930633544922,121.02331314086912,18.93152332305908,1.0927881717681884,935.6170059204102,1552.7334273576737,5495.8721340517295,0.7502969361841678,638.8630537986755,220.248139166832,15.844781805574891,1.9499916069209573
177.3736387562698,95.5947006433872,3.565718951890358,0.5837710110972807,21.94250411987305,8.255308246612548,20.02655906677246,4.107375001907348,3.6149760246276856,1.8329396009445191,0.0892372533679008,7.164877796173096,3.162519216537476,0.5867509245872498,0.0842414371669292,327.0782531738281,2553.875,1741.2612060546876,90.903426361084,1018.4745239257812,159.93930053710938,2.900149345397949,64.52829818725586,140.88808898925782,18.676535987854,1.0682663559913634,971.3114994049072,1560.9246033906936,5535.593002726882,0.7730695465579629,619.7168171882629,220.3115112543106,15.935450829565523,1.9513114266097549
154.58502448448417,51.71673741826908,3.629921798780856,0.557875816093258,19.612243843078613,8.027180004119874,19.05818271636963,3.546624612808228,2.317301726341248,1.1276825189590454,0.0896399281919002,6.77673044204712,3.072633385658264,0.5502389967441559,0.0831413477659225,318.87330017089846,2464.0209228515623,1624.965869140625,78.54892501831054,653.5508850097656,97.58239517211912,2.895727705955505,49.94228248596191,138.88616027832032,17.0537202835083,1.052686905860901,924.3832363128662,1488.914820432663,5283.839201607229,0.7355068309232593,620.216873550415,222.1667149066925,16.14555713236332,1.9685483649373052
159.60247311521962,47.3320326794972,3.550265968482722,0.6094328203166924,21.332568740844728,8.782045269012452,19.80503845214844,3.5180620670318605,2.1220579624176024,0.9684026837348938,0.0892135813832283,6.658746194839478,2.93188955783844,0.5660857796669007,0.0870929606258869,327.280517578125,2704.26201171875,1700.74921875,77.2610595703125,590.8061584472656,83.33444061279297,2.8995248317718505,54.45452919006348,127.6050521850586,18.265404319763185,1.1000714898109436,894.8417827606202,1505.8410684347152,5471.5574395211415,0.7547028293833137,636.2650311470031,222.1376434326172,16.125975523144007,1.9759649723768236
162.26440772905335,54.03744057956956,3.574731808043566,0.6088901960624525,22.32875385284424,8.521636962890625,21.213066864013676,3.5737388372421264,2.323025155067444,1.159046196937561,0.0892309546470642,6.428606271743774,3.047891545295715,0.5513062238693237,0.0823579683899879,328.7382080078125,2628.89755859375,1855.1976196289063,80.35291137695313,652.9387756347656,98.8406883239746,2.8809277772903443,57.914529418945314,132.86143646240234,17.762931060791015,1.0814270615577697,938.040851211548,1531.5902438640594,5484.881289358484,0.7812867036089302,639.4127795219422,221.3834602355957,16.05319407582283,1.96029212102294
159.33272819468257,50.71090830834582,3.758223538397692,0.6119320501931724,20.86530456542969,8.568360996246337,20.047728538513184,3.5589895963668825,2.1411615371704102,1.1399763226509094,0.0869409009814262,6.599486589431763,3.108843946456909,0.5859967827796936,0.0852824121713638,325.6754364013672,2647.208251953125,1713.9706787109376,78.47381820678712,598.7386413574219,98.70507202148436,2.826035737991333,54.98763542175293,139.5460678100586,18.870173454284668,1.0945681095123292,905.1588718414308,1504.4022265672684,5372.162113413448,0.7408188667148352,633.9344624519348,222.1310645341873,16.089750707894563,1.9802048668265344
207.421439974352,99.21280145028796,3.642760636592243,0.5448686259041665,19.586615753173827,11.158406352996826,25.861471939086915,4.221335792541504,4.689010286331177,2.344885230064392,0.0878369614481926,6.603449392318725,2.9976874113082888,0.5105353653430938,0.0849559769034385,345.8912322998047,3464.190087890625,2274.8546142578125,92.86306991577148,1325.48505859375,199.8466506958008,2.8535526752471925,48.5166820526123,129.35828399658203,15.877523803710938,1.076893389225006,1034.639461708069,1564.8032033205031,5524.324705723161,1.0583822752581908,647.3842158317566,220.39352180957795,15.969973968714475,1.944925307482481
179.69147116262246,99.90404381719718,3.577523868933349,0.6206581688368829,21.43020706176758,8.685243797302245,19.833171844482425,4.0509681224823,3.194606828689575,1.6436368346214294,0.0880415737628936,6.912167978286743,3.0805078983306884,0.5954839289188385,0.0820423558354377,333.1598236083984,2680.665283203125,1694.364501953125,91.77526931762696,904.0726135253906,143.85557403564454,2.8363256216049195,50.71091003417969,137.9463150024414,19.34712314605713,1.0813552379608151,945.1703670501709,1563.3318574666978,5515.517043300328,0.7906017728149891,625.2071025848388,220.2993525505066,15.844909749925137,1.9523675322532652
160.20892937632817,53.80761791328814,3.8655501583876912,0.6602268641520481,22.59198989868164,8.039316082000733,20.11253662109375,3.652808880805969,2.343751883506775,1.1339820146560669,0.0871372140944004,7.046988868713379,3.245514225959778,0.6146419167518615,0.0874629043042659,321.65111083984374,2479.07568359375,1762.907861328125,80.39745788574218,655.8126403808594,97.79852981567385,2.84103102684021,73.07276000976563,146.99713745117188,20.138718605041504,1.1453405976295472,903.338827896118,1516.3205114364623,5390.9559171604,0.7876305304467678,630.8011260032654,222.58688871860505,16.17012631520629,1.9935524366796016
153.39245657435384,49.104170092322605,3.668048943002464,0.6248853057395649,23.212800979614254,7.9461853981018065,19.746684074401852,3.6325509548187256,2.227461886405945,1.0586822509765623,0.0869310356676578,6.477517318725586,2.863226079940796,0.5859739422798157,0.085697778314352,318.75806579589846,2459.3689453125,1693.5390502929688,78.84085540771484,623.2308837890625,90.60508499145509,2.822265243530273,62.24721221923828,123.9467559814453,18.99211139678955,1.10878746509552,894.1819873809815,1489.3760886907578,5339.558424959844,0.7549361802637578,624.7530042648316,223.22512936592105,16.1920563519001,1.9953508906066415
154.27304037672948,51.99292342602784,3.753977477097101,0.6644572864600832,23.52687282562256,8.014439678192138,19.29508209228516,3.525447726249695,2.405565619468689,1.1034074902534483,0.0875853575766086,6.977874946594239,3.041703963279724,0.5972803294658661,0.0920339353382587,319.0188232421875,2492.45947265625,1650.2443237304688,78.75502700805664,678.8344665527344,95.7513198852539,2.85373170375824,73.97743301391601,134.4917755126953,19.64259414672852,1.173877763748169,903.6885593414306,1512.9113075256348,5407.182912157104,0.7719001479446888,624.0232681274414,222.71935274600983,16.185404547303914,1.9921593185514213
168.47135544320045,51.60426263334212,3.5764510385297625,0.6413789340163703,20.30936298370361,8.948240661621094,22.18632125854492,3.5523184537887573,2.372283697128296,1.1703737020492553,0.0879644244909286,6.644303226470948,3.025630497932434,0.5915207266807556,0.0917879834771156,334.24025268554686,2744.796557617188,1935.452392578125,79.19508285522461,664.0555786132812,99.41556854248049,2.8624645709991454,63.339242172241214,129.43335418701173,19.37730407714844,1.151424479484558,941.0671661376952,1526.6413604259492,5474.507879801235,0.7409504601731897,648.2213236808777,221.62280163764956,16.03751514106989,1.9713794380426408
192.70817488831744,97.09583550032583,3.622688583397303,0.6496227259851821,22.84656467437744,10.414119720458984,24.747358894348142,4.134794616699219,4.862199831008911,2.3189510107040405,0.0882764972746372,6.681337976455689,3.245201921463013,0.6024174392223358,0.095003767311573,340.2059997558593,3229.7324462890624,2160.1441162109377,92.34144515991213,1360.5637084960938,200.6121322631836,2.8603811502456664,48.70901031494141,141.1501434326172,19.82922229766846,1.1941333055496215,1022.219204711914,1649.107045161724,5762.891591281024,1.0289911271771417,644.2331760406494,221.08663153648376,15.983284291625022,1.9749118857085703
155.1842178609135,51.40344410850976,3.5643159256331503,0.558379958007265,20.961600303649902,8.377291393280029,18.98419227600097,3.5536603689193726,2.136387491226196,1.0732579469680783,0.0890849962830543,6.861932039260864,3.065600562095642,0.5318993091583252,0.079913617670536,321.4942840576172,2578.434814453125,1622.692468261719,78.65785064697266,597.9782958984375,92.83833541870118,2.9012903451919554,64.73728256225586,132.40501098632814,16.4661922454834,1.0436217665672305,899.9983993530274,1512.1073647499084,5389.103669395484,0.7582209195941687,625.1961861610413,221.90335006713863,16.134616383910178,1.9619660757482047
151.4082668928939,52.85423270811234,3.747094451528688,0.5601226872356164,21.294669723510744,7.653121376037598,18.762878036499025,3.58546199798584,2.239217972755432,1.133229148387909,0.0878676936030387,7.1556017875671385,3.0557308912277223,0.5159558176994323,0.0852645739912986,317.06627502441404,2352.588818359375,1596.07978515625,79.66142883300782,630.1460815429688,98.16907272338868,2.83983895778656,50.80907707214355,140.07064361572264,16.128468704223632,1.06256844997406,904.115340423584,1483.627306818962,5222.08104492398,0.7594994582235813,616.3615100860595,221.86586196422576,16.110842189192773,1.961158487200737
152.79720213743713,53.14664563071028,3.60478905483742,0.6764575399641103,21.986965942382813,8.202943515777587,18.627229118347167,3.6659575700759888,2.333134317398071,1.185666990280151,0.0886179395020008,6.798944330215454,3.154679560661316,0.6083065032958984,0.0926816903054714,316.1131561279297,2519.96875,1600.4618041992187,80.41875991821288,654.3384887695313,101.53536376953124,2.885949635505676,55.856602096557616,137.9812789916992,20.04506378173828,1.1930025577545167,899.8065868377686,1486.7940315485,5262.526617622794,0.7957411631941795,621.3262481689453,223.44535367488865,16.22255939990282,2.0052402909845117
164.33017596341233,47.907159748502906,3.645292452332365,0.6223182379460581,20.052338790893558,8.813026237487794,21.475205421447757,3.412148880958557,2.189116621017456,1.0900096774101258,0.0888232953846454,6.574532175064087,3.090604305267334,0.6080193758010864,0.0877795942127704,334.4652130126953,2723.6489501953124,1864.7208129882813,76.9065040588379,610.8937377929688,93.59474639892578,2.871536493301392,51.47126541137696,138.69306335449218,19.737838745117188,1.1103031039237976,919.3266498565674,1479.9030912399292,5396.171975618136,0.708500602375716,649.5390785217285,222.0586290597916,16.076764217019083,1.983432299643755
164.47001299755502,48.24088203424135,3.665181059431302,0.6665940600773069,21.802690505981445,8.994854831695557,21.510559844970704,3.4004544973373414,2.1136362075805666,1.047218370437622,0.0889109767973423,7.064434051513672,3.044889974594116,0.5856579065322876,0.0903139151632785,333.4242279052734,2762.732788085937,1869.452087402344,76.87150268554687,588.6325256347657,89.55720901489258,2.884223318099976,54.55143814086914,137.45622863769532,19.27932834625244,1.1655616760253906,925.1967445373537,1489.977992606163,5411.996433206741,0.7317397424951195,647.6095456123352,222.0408294200897,16.088799384981392,1.979228698089719
157.04424029161382,52.59905449431072,3.758730673334981,0.6694191717156628,20.54249324798584,8.198972034454346,19.28282012939453,3.734961438179016,2.3689130783081054,1.150270617008209,0.0872482538223266,7.005386638641357,3.097046399116516,0.6034951746463776,0.087793393433094,320.6237060546875,2530.6714111328124,1649.1869384765623,80.87555160522462,662.2306945800781,100.01193237304688,2.8233688831329347,65.9434928894043,139.0206787109375,19.84425563812256,1.1556872248649597,917.8318935394288,1523.221055483818,5381.232547373977,0.7898525457829237,625.9508091926575,222.20410618782043,16.109147407859563,1.9866284679621455
159.5121038478006,47.35240435247833,3.613364784180772,0.5776083478607802,19.09678363800049,8.261952972412109,20.217219352722168,3.461150312423706,1.9350688815116883,0.9328837394714355,0.0874401785433292,6.585860109329223,3.044073057174683,0.5439173519611359,0.0816671997308731,328.2641937255859,2561.6658447265627,1728.6056030273437,76.03363800048828,539.5089050292969,80.02864837646484,2.8441696166992188,56.31929740905762,131.76302337646484,17.30468006134033,1.052866768836975,915.883642578125,1435.8524583101273,5209.962812203215,0.6870460726320744,641.606398677826,223.73365614414212,16.2214161247015,1.9869165182113648
152.95338879487682,51.21861213715165,3.661527103092817,0.5850740308958848,19.6319299697876,8.003492259979248,19.466626930236817,3.4840548276901244,2.1740975379943848,1.1106294870376587,0.0880781069397926,6.580199193954468,2.981106495857239,0.5198832213878631,0.0798079513013362,317.783984375,2451.269482421875,1644.5000732421877,77.27981109619141,614.3755981445313,95.57399520874024,2.865977096557617,66.69961090087891,129.8324417114258,16.613708686828613,1.0540669679641723,894.2017448425293,1469.6593691587448,5183.904394077091,0.7399795288220048,620.9393807411194,223.7779099225998,16.27955037355423,1.9849232360720637
158.5744565432098,51.00106694487531,3.61235021313014,0.6725706465528901,23.442777252197267,7.860752296447754,20.411793327331544,3.5112513065338136,2.284004235267639,1.0515488982200625,0.0884538367390632,6.825638389587402,3.0323376655578613,0.5899698913097382,0.0938627608120441,320.6939270019531,2433.41337890625,1784.9407104492188,78.35780258178711,640.6746826171875,90.54292907714844,2.858200716972351,50.40837020874024,133.97124786376952,19.46169319152832,1.1899089574813844,906.9042499542236,1491.735162591934,5345.729432686046,0.7477996064350009,626.8894431114197,222.53387682437895,16.14797331020236,1.9908977508544925
154.7623504081348,53.74473429982127,3.56552441414226,0.6797785084109591,21.247837829589844,7.818385648727417,19.861599731445317,3.684297728538513,2.476743078231812,1.156455361843109,0.0873803526163101,6.747315406799316,3.048755979537964,0.6196306943893433,0.0917324788868427,316.1180084228516,2405.4306640625,1707.3687866210937,80.7951530456543,693.3864990234375,99.11511917114258,2.848936128616333,56.30072555541992,130.13683471679687,20.4309814453125,1.1817578315734862,893.140788269043,1507.331317973137,5299.713122229092,0.8115009173750878,619.2974061965942,222.70516374111176,16.1462038256228,1.999271285533905
157.2527832724445,49.30432430065029,3.786011130408224,0.6297088459759721,22.07661209106445,8.307542037963866,19.85183620452881,3.554598355293274,2.069853520393372,1.1082464337348938,0.0872356377542018,7.003638505935669,3.1360960006713867,0.6008848667144775,0.0913710795342922,321.9259613037109,2561.4939697265627,1705.5606689453125,77.20673446655273,584.1962829589844,94.47539978027343,2.8299838304519653,57.18031768798828,142.2295883178711,19.5209228515625,1.1445414304733277,891.0361530303956,1465.8108169555665,5252.947659773566,0.7333288300782442,633.58078956604,224.50014836788176,16.265777020156385,2.011999473720789
153.14025839539244,51.811322572650894,3.810713560832346,0.6217190282034608,22.072855377197264,8.07991008758545,19.76994514465332,3.6985826015472414,2.316399550437928,1.1066728115081788,0.0874711111187935,7.127928400039673,3.3488024473190308,0.5649460017681122,0.0856831781566143,316.08331604003905,2471.9829345703124,1707.9273803710937,80.30287246704101,645.2782897949219,95.7712905883789,2.8490803241729736,54.307762145996094,153.3998596191406,18.28859386444092,1.1133227705955506,873.4004146575928,1500.0502553939818,5378.447489194526,0.791862465441227,623.2919502258301,224.1481562614441,16.257466388493775,1.9994716599583624
155.56363645459496,51.95012250765903,3.611730900527436,0.5776472454141526,21.15044860839844,8.024158191680907,20.48381538391113,3.6442391872406006,2.3873605012893675,1.150570797920227,0.0874430239200592,6.637723588943482,2.894646430015564,0.5242729246616363,0.0835750944912433,322.0288360595703,2470.726904296875,1754.6843139648438,79.77579345703126,669.3066589355469,99.68534622192382,2.8392442226409917,50.17058181762695,125.91849288940428,16.560569763183594,1.0673567533493042,904.2210304260254,1496.0907099723815,5302.030878368998,0.7711195670068264,626.4812566757203,221.777720952034,16.081816217303277,1.9606481820344923
156.04927541155485,52.04916312706128,3.6008332296282104,0.63370302654738,19.734122276306152,8.307049465179443,19.235619163513185,3.548160529136658,2.3164539098739625,1.106317126750946,0.0879579588770866,6.656226921081543,3.0131781816482546,0.566097491979599,0.0854916863143444,321.2723999023437,2555.053198242188,1642.0517456054688,79.11599807739258,649.4908020019532,94.688427734375,2.8562842845916747,55.29259185791015,130.88851013183594,18.430084800720216,1.1109636664390563,925.2836589813232,1493.9329380989077,5278.695260812436,0.7374064845964312,625.5015745162964,222.11845269203187,16.11555387750268,1.977469026297331
161.27486381229392,50.10734378132802,3.5661452453123275,0.675470822776731,21.46257343292236,8.432416343688965,20.53073215484619,3.601089024543762,2.26190402507782,1.1021623373031617,0.0873138137161731,6.515958547592163,2.822097969055176,0.612932151556015,0.0888245038688182,326.0002380371094,2577.359521484375,1797.6208984375,79.00938491821289,632.4286437988281,93.693221282959,2.842316174507141,46.231496810913086,120.7066535949707,20.18817405700684,1.1679887056350708,905.5699180603028,1509.4114901542664,5499.762432248424,0.7453779440373183,635.6191213607788,222.2895298480988,16.09560246989131,1.9902734126895667
165.08701815103922,44.8597950757925,3.675878137959512,0.6435940162882844,16.263233947753907,11.262861728668211,28.77995109558105,3.23975727558136,1.9160249948501584,0.9661492645740508,0.089791651815176,6.929075813293457,3.1826250314712525,0.6216284692287445,0.0901151113212108,342.04689025878906,3528.767260742188,2577.05126953125,73.15371017456054,533.7965148925781,82.01210403442383,2.907195496559143,64.97269973754882,143.89650268554686,20.330086517333985,1.143705093860626,950.2443756103517,1476.4538854599,5263.741106739081,0.6230341874063015,648.6015843391418,221.86913421154023,16.095824954658745,1.9818595059216024
146.8554537389573,51.78338112982692,3.679898584664943,0.6060455415152319,22.13635215759277,8.068140983581543,18.659286880493163,3.692719483375549,2.372708463668823,1.138416826725006,0.0880040183663368,6.908940935134888,3.0689558506011965,0.563477075099945,0.089505136013031,316.01080932617185,2467.1120849609374,1585.8612060546875,79.91370544433593,665.8522277832031,96.67537536621094,2.851578617095947,64.32411575317383,135.3986083984375,18.182644271850585,1.1150009393692015,881.2156703948974,1461.9180394887924,5225.064043744094,0.7491114295087755,623.7101238250732,224.3213568687439,16.270897898823023,2.0017391458153724
167.7345268511752,52.862449977963664,3.844071891438534,0.6622992487373154,22.57782688140869,8.926278972625733,21.392627143859865,3.5613803386688234,2.343546915054321,1.1430578112602234,0.0879987552762031,7.4991881370544435,3.1597835063934325,0.5978667616844178,0.0926732718944549,332.4337890625,2767.4160400390624,1870.0093383789065,79.49276428222656,658.1035278320312,97.93444061279295,2.8626219987869264,68.45109176635742,145.76910705566405,19.692983627319336,1.1752693057060242,945.807677078247,1515.6303672790527,5454.43492776379,0.7590921817347407,646.4328108787537,221.72378034591677,16.09188069924712,1.9760586343705653
150.59284649032344,55.62181965567443,3.614884831100903,0.5935338654350403,22.53148365020752,7.692031812667847,20.056586074829102,3.6230035781860352,2.591049003601074,1.2667441844940186,0.0879882507026195,6.421099328994751,3.029168605804444,0.5737587988376618,0.0818789154291153,316.34776611328124,2358.0263916015624,1721.7358642578124,81.46851806640625,726.3063781738281,109.17417678833009,2.8438069581985475,49.77466354370117,132.8545135498047,18.200255393981934,1.069822120666504,910.84271774292,1532.7403985500337,5411.506096450286,0.8070391353219748,617.4295178413391,222.09903664588927,16.107352570444345,1.9744103290140629
158.73640150209468,51.61373232574533,3.601254343270534,0.6289933469557468,22.594994926452635,8.240392971038819,20.61902332305908,3.608366584777832,2.3509578943252563,1.0747169256210327,0.0883555777370929,6.46498384475708,2.954416418075561,0.5575184643268585,0.0848740063607692,324.40430603027346,2561.712109375,1773.501171875,78.84695434570312,663.3442687988281,92.24129638671874,2.860011029243469,68.86924514770507,127.0693359375,18.12771224975586,1.106784427165985,909.8320465087892,1511.018120980263,5407.0329998923935,0.7661069836467505,632.8668698310852,222.1853464603424,16.114684249460698,1.9750331703573465
154.04095764653903,54.20294926303741,3.685006188026228,0.579653087247209,22.896213150024412,7.976172256469726,19.285275077819826,3.706480956077576,2.4874372482299805,1.2351779699325562,0.0893432162702083,7.082760190963745,3.2252525329589843,0.5628510415554047,0.079343020170927,315.8505889892578,2478.197900390625,1650.9939819335937,81.21189193725586,692.247216796875,106.67847747802736,2.8942618131637574,73.51790161132813,143.52346649169922,17.613795280456543,1.0516541361808778,906.5988479614258,1514.2170308589934,5315.883891955949,0.8135918725281954,618.059033203125,222.25865347385405,16.19379046931863,1.974682868272066
153.33774506222397,53.19955814671921,3.841670290440152,0.6435854364327724,21.65414848327637,7.752572822570801,20.03588962554932,3.485699272155762,2.2948809623718263,1.1083135604858398,0.0875016547739505,7.409919834136962,3.1881112337112425,0.5772942721843719,0.084802321344614,318.8605194091797,2390.190869140625,1713.5231323242188,78.85160751342774,645.6927734375,94.46997451782228,2.8453470706939696,72.65812301635742,145.1843460083008,18.83541851043701,1.1191855430603028,915.9343952178956,1526.1834759235385,5445.781721903244,0.7430345792323351,621.3188276290894,222.2733618736267,16.18677626848221,1.9818100862205028
150.59482915374392,55.39059094848062,3.5607047478570166,0.6079570367953238,21.24016571044922,8.253955745697022,18.37943000793457,3.668938088417053,2.53134970664978,1.2399840474128725,0.0897353567183017,6.483456563949585,2.95929639339447,0.5469026625156402,0.0879446722567081,316.1746856689453,2538.663330078125,1561.126062011719,82.18187866210937,705.6996704101563,107.24990310668946,2.89719352722168,52.92436981201172,128.9509017944336,17.65219078063965,1.1025795340538025,911.4619663238524,1490.737469291687,5230.10898582642,0.8099742822349072,617.5053381919861,221.91600222587584,16.117685287445784,1.9720222711563111
149.70477919974874,55.40283371889673,3.587336489337872,0.6022358248675801,21.87111473083496,7.552012157440186,20.007179069519044,3.5722357988357545,2.539080023765564,1.167872667312622,0.0889049015939235,6.225392818450928,3.128991627693176,0.595536470413208,0.0846173122525215,315.7078033447266,2340.8749755859376,1688.3264282226562,80.01884994506835,713.8326171875,101.20296478271484,2.860815620422364,44.115865325927736,134.4947540283203,19.00889434814453,1.0860747575759888,899.4590774536133,1511.441845345497,5314.786917217076,0.7964909629896283,618.3761342048645,222.59524335861207,16.15701126679778,1.9879226431250567
159.74189737526467,54.11473832770571,3.7092714793748423,0.6375162683770214,22.10673885345459,8.680311012268067,20.68444118499756,3.5771588563919066,2.3545083522796637,1.2360845685005188,0.0896780684590339,6.917280149459839,3.3145040035247804,0.5879077911376953,0.0893883042037487,328.4782135009765,2682.31953125,1761.3382568359375,80.18889999389648,665.1136535644531,105.3032943725586,2.906632590293884,60.6808536529541,151.48894805908202,19.20897254943848,1.1365258693695068,921.9557544708252,1534.847914838791,5404.196230571577,0.797410712391138,638.5486965179443,221.79228456020357,16.096359007060528,1.9740151360630989
161.50836195556695,50.50841404084931,3.698028857086479,0.6592930480400355,21.7980224609375,8.519511318206787,21.02376766204834,3.4706632614135744,2.0917869091033934,1.0879402875900268,0.0892229378223419,7.065603923797608,3.101279306411743,0.6111039102077485,0.0909548439085483,327.7641296386719,2635.7439697265627,1815.6997314453124,77.2715934753418,587.9329284667969,93.33193511962892,2.893593192100525,50.93266830444336,142.03643493652345,20.060065078735352,1.1611517548561097,923.7459671020508,1496.6565029859544,5354.799465090921,0.7388635694980621,638.9162795066834,222.4003925800324,16.1341407135129,1.989885678142309
197.83944833194985,106.10607180022816,3.610235975445744,0.603438342346999,22.063402366638183,10.9743540763855,26.165245246887206,4.093989515304566,5.129074573516846,2.608032989501953,0.0890010088682174,6.717827415466308,3.033336997032165,0.5772888362407684,0.0880680248141288,343.37644653320314,3368.31494140625,2262.5216796875,92.79143676757812,1450.0683959960938,222.23603057861328,2.8762238740921022,56.05909690856934,133.1998489379883,18.65946159362793,1.1067113876342771,1046.8756320953369,1613.0409900546074,5637.994252125221,1.1848288835026324,631.4240425109863,220.1732254266739,15.91220511496067,1.9582994230091573
159.05965397293113,51.25373272059496,3.807466001117496,0.6749599503079139,22.32516136169433,7.943872594833374,19.348439407348632,3.676606464385986,2.2852911949157715,1.15320725440979,0.0895473718643188,7.143245697021484,3.219274449348449,0.6001890897750854,0.091421902924776,319.1511657714844,2471.2749267578124,1668.829443359375,80.26024703979492,635.89306640625,99.42170715332033,2.8892211437225344,73.44191284179688,148.4134033203125,19.786296463012697,1.1782809495925903,902.5575149536132,1532.180796647072,5486.828828500211,0.7860704323276877,625.5440548896789,222.60806822776797,16.211629962921144,1.9908166959881783
152.63285624011988,50.84665338670557,3.662312441334734,0.6655245946828472,20.92584056854248,7.694873094558716,19.72903366088867,3.586752152442932,2.3403942823410038,1.1372036814689637,0.0881943315267562,6.711038589477539,3.167592406272888,0.6365593552589417,0.0921716593205928,316.4652984619141,2383.734838867188,1670.1923706054688,78.92787094116211,657.4193298339844,98.17280426025393,2.847741222381592,65.62875595092774,139.32239379882813,20.90378074645996,1.167565929889679,885.9774494171143,1522.861341381073,5416.464815423451,0.7805817220360041,619.0207313537597,222.90543282032013,16.17693836390972,2.0030285861343144
168.0908456878933,50.11212689015783,3.790847320285093,0.5888970645507243,19.587399864196776,8.765437698364257,20.48768920898437,3.560069751739502,2.190866494178772,1.0253860116004945,0.0881338439881801,7.178927326202393,3.131171727180481,0.5870535969734192,0.0865896172821521,329.5824768066406,2709.2082275390626,1772.5697265625,77.96116790771484,614.8394104003906,88.48537826538086,2.862111020088196,67.30137786865234,142.76845092773436,18.683154296875,1.0857771277427672,934.1650890350342,1508.4743982791902,5383.066338119004,0.7420518010854721,638.9208574295044,221.8387978553772,16.111158522218467,1.9729977421462537
166.47281624522293,49.69251984864131,3.58459998226524,0.6684481902579023,20.114265632629397,8.94385347366333,21.758949089050294,3.538707423210144,2.0790492057800294,1.0881341338157653,0.0891695298254489,6.379659938812256,2.902054286003113,0.6273139715194702,0.0937451586127281,334.70066528320314,2779.8788330078123,1868.0025024414065,77.29723892211913,586.1475952148437,93.749861907959,2.871680569648743,63.66320648193359,124.86397781372072,20.66566753387451,1.1806833624839783,934.7863552093506,1492.4171182394027,5344.426172492933,0.7210827734321356,651.8112768173218,222.3073584794998,16.08268075734377,1.9899358473718167
165.76875904691406,48.96082924174234,3.774763737675676,0.6723504691235235,22.063455963134764,8.202533149719239,19.976651763916017,3.610149693489075,2.084666705131531,1.044269895553589,0.0876915119588375,6.88241753578186,3.0248492479324343,0.6478347420692444,0.0894441463053226,323.6628112792969,2546.8661376953123,1752.945886230469,78.94556732177735,581.9393615722656,90.44166412353516,2.8402467012405395,56.62922821044922,137.9811752319336,21.2885368347168,1.165430235862732,904.3617359161376,1521.8864187002182,5428.669767769985,0.7803136862814426,634.9525161743164,222.88393409252168,16.127970707416534,2.0043049558997152
163.1564994108572,50.59670688240876,3.651435065588749,0.5482603959079029,19.87852382659912,8.480422019958496,21.82558040618897,3.507629370689392,2.19856219291687,1.0599377751350405,0.0868705198168754,6.221805906295776,3.074841094017029,0.5517605602741241,0.0807518638670444,329.043994140625,2617.1763427734377,1863.6040771484372,77.55811920166016,619.9635498046875,90.60308456420898,2.8179521322250367,64.38397598266602,132.01358337402343,16.97305374145508,1.0393811106681825,948.4655029296875,1519.3693714857102,5458.511497076741,0.7495005318894983,638.2887727737427,221.92284507751464,16.066249787807465,1.9601799950003624
153.85763008416907,51.716346945953504,3.765226419665282,0.6390774630140186,21.555130386352538,7.818776941299438,19.212346649169923,3.6876294374465934,2.3940125942230224,1.1176308393478394,0.0892831616103649,7.239807605743408,3.2022711992263795,0.6020441472530365,0.0899552233517169,316.3415802001953,2407.0281982421875,1641.2929443359376,80.29731674194336,667.1290283203125,96.11216583251954,2.8944422721862795,63.30466842651367,147.10602874755858,19.599525260925294,1.147196900844574,889.526201248169,1476.9969002962112,5236.114546959475,0.7627282874658704,624.0313363075256,224.38608536720275,16.300187355279924,2.0118781454861163
155.28424163784,51.28837099150269,3.644490393070828,0.6341827992059053,21.31985111236572,8.078385066986083,20.472337532043458,3.540806651115417,2.197060990333557,1.1171886682510377,0.0891178429126739,6.865765333175659,3.0960619926452635,0.6221210598945618,0.0912449240684509,321.9674346923828,2500.042651367188,1731.6379150390626,78.39341430664062,615.3713317871094,95.425399017334,2.882164239883423,56.35070457458496,138.82616577148437,20.26780185699463,1.1369795680046082,895.5848377227783,1507.3039446115497,5372.89508489864,0.7399762162938714,628.6206379890442,222.63724315166476,16.15220525935292,1.996123383194208
168.27424454525027,50.17209579310438,3.7220233153225992,0.5981998409793959,20.48280906677246,8.389534187316894,20.424625205993653,3.4917359828948973,2.1071642875671386,1.058558201789856,0.0896769359707832,7.361495590209961,3.124539089202881,0.5571125984191895,0.0834368027746677,327.64479064941406,2604.0151611328124,1781.0295654296874,76.8955093383789,594.53818359375,91.601123046875,2.910449194908142,69.69110488891602,142.19327545166016,17.7932466506958,1.0799409389495849,945.4798244476318,1511.3619384288788,5360.27545895474,0.740079248137772,635.5677488327026,221.9992710351944,16.164414475858212,1.968835011869669
161.98194168828195,50.72870728384014,3.57232755005482,0.6701953219170264,19.708803939819337,8.446360683441162,19.826644134521484,3.4973929643630983,2.046177935600281,1.0762433052062987,0.0886601760983467,6.690368700027466,3.138153648376465,0.6129939556121826,0.0913662701845169,326.5576538085937,2616.5737548828124,1704.4440673828126,77.71187591552734,571.8847290039063,91.6770965576172,2.8716690063476564,64.61263046264648,135.74739990234374,20.14783973693848,1.1863718509674073,914.097193145752,1443.31258893013,5215.166689957911,0.7041481429710984,640.9037054061889,224.10102820396423,16.246783635020257,2.011128083989024
204.34111143404007,94.4079419884727,3.626309048040207,0.6132793832739594,21.22212619781494,9.500182247161865,22.466956520080565,4.041547775268555,3.627655601501465,1.8626545548439024,0.0878185495734214,6.989696216583252,3.1454540491104126,0.5505113065242767,0.0812770366668701,342.3042236328125,2951.403759765625,1959.2592895507807,91.09407653808594,1016.9339172363282,160.36586303710936,2.8475592613220213,48.41476898193359,141.51386260986328,17.870782470703126,1.0774331569671631,1004.0555812835694,1540.8139325141906,5462.165821775887,0.8869967120583169,641.4914830207824,219.5402828931809,15.836828280985356,1.9378967978060249
151.88709822549134,53.96383813592602,3.559339971056693,0.6353632345112828,22.034219360351564,8.11650505065918,19.86737823486328,3.5148828744888307,2.3643863677978514,1.1500913739204406,0.0882406145334243,6.594462537765503,2.9894623517990118,0.6146516978740693,0.0901491373777389,316.39772033691406,2480.8442626953124,1712.1902954101563,78.59135513305664,666.6426940917969,100.0864356994629,2.8694359064102173,48.27981452941894,128.65283813476563,19.983459663391116,1.1468725204467771,893.4967533111572,1480.16548371315,5202.111352738551,0.7604768125340342,623.4274458885193,224.43991329669956,16.298324175924062,2.015488334745169
155.7344776479862,51.85902417233319,3.8304675032065454,0.5742637637876783,20.993359184265135,7.78018307685852,19.129180717468262,3.5231528759002684,2.3490767002105715,1.062071478366852,0.0876771457493305,7.126735401153565,3.248717212677002,0.5343331754207611,0.0850582741200924,316.93849487304686,2417.849365234375,1637.219921875,78.77224502563476,655.4313720703125,92.51375198364258,2.839451813697815,65.28446350097656,148.99751892089844,16.814908599853517,1.0712339639663695,915.1061157226562,1518.4681930780412,5402.569988170872,0.7697741245850921,618.4757215499878,222.23805718421937,16.16927914470434,1.968006855249405
165.0979049062742,49.92899216022597,3.5694289163278428,0.578313114923094,20.82218780517578,8.226656723022462,21.71662826538086,3.540756678581238,2.196005082130432,1.1159730792045592,0.0887372590601444,6.399345350265503,2.9522348642349243,0.557866895198822,0.084440466761589,327.94573364257815,2559.515014648437,1862.440478515625,78.44526596069336,613.3179992675781,95.1690559387207,2.86222574710846,49.73418083190918,127.11889953613282,17.60059585571289,1.070532464981079,917.038045501709,1500.3250121593476,5331.434432222601,0.7555765403434634,637.104375743866,221.80828590393065,16.080989760905503,1.9664464317262171
150.24849929812189,53.12414904575799,3.7331912127986926,0.5626459605267542,22.056778717041016,8.179309177398682,20.22630157470703,3.685374140739441,2.3769228219985963,1.2055306911468506,0.0890137247741222,7.1445714950561525,3.23615140914917,0.5451143205165863,0.0840194024145603,316.27418823242186,2503.373291015625,1745.2316650390626,80.81335983276367,663.579150390625,102.5008758544922,2.8902666568756104,72.30173873901367,146.58161010742188,17.30054340362549,1.0619528532028195,889.0133728027344,1487.5827071428298,5275.477901518578,0.768756123073399,619.8635500907898,222.92531645298004,16.245880350470543,1.9802572153508664
159.07490294653834,51.67853738762451,3.6650438537173375,0.5622964186748505,22.941197395324707,8.247306156158448,20.143085861206053,3.639145231246948,2.176104283332825,1.156544601917267,0.0874622799456119,6.409487867355347,3.0512462854385376,0.5566609978675843,0.0855841971933841,324.6652374267578,2537.3633056640624,1753.8563354492187,79.53168106079102,613.6121154785156,100.42268142700196,2.8357486009597777,65.66843948364257,132.75164184570312,17.407787704467772,1.064874041080475,914.2606567382812,1542.7817867040635,5563.840981361037,0.7947303675115108,631.2369030952453,221.64963536262516,16.076956862956287,1.9624238558113576
151.48493450776294,54.308122015556094,3.67934433138978,0.5925655701947334,21.58373260498047,7.665428495407104,20.249391937255854,3.471865510940552,2.3408626079559327,1.2333878517150878,0.0892867214977741,7.166997241973877,3.112310695648193,0.5743063271045685,0.0853881761431694,315.9571838378906,2379.2014892578127,1717.1552001953123,79.07832412719726,658.58349609375,105.8198486328125,2.903436636924744,67.81866073608398,139.1839584350586,18.247274589538574,1.083714246749878,897.4040287017822,1540.2691784381866,5469.995611987775,0.7903359837830066,618.3340012550354,222.60980422496797,16.205319272726776,1.981565175205469
152.86947383547013,56.38597827744498,3.559894310792584,0.6530145422885539,22.970662117004395,7.620996379852295,19.53615474700928,3.624735140800476,2.5397932291030885,1.2678019165992738,0.0892428204417228,6.496731901168824,2.9005761623382567,0.5984931766986847,0.0931957796216011,316.09888916015626,2350.436596679688,1686.2077392578126,80.82691192626953,717.1608642578125,108.55546722412107,2.895322489738464,48.926156234741214,127.19065780639647,19.641625785827635,1.167047667503357,927.8567276000977,1525.8246042013168,5362.409297098639,0.794535025395453,618.1195350646973,222.41533734798432,16.154468669742347,1.9875113647431133
156.3794237771086,54.2648152031843,3.546341639316961,0.6553030912288478,23.06248035430908,7.809837436676025,19.47571678161621,3.5630738973617557,2.3023648977279665,1.2272867441177369,0.0893447779119014,6.693535900115966,2.9725945949554444,0.6140778362751007,0.0861334532499313,318.6798950195313,2412.814819335937,1689.1051025390625,80.31067199707032,646.181640625,104.75171508789064,2.898374128341674,63.26790771484375,128.52024993896484,20.089004707336425,1.1337274074554444,924.1661972045898,1520.1343770742417,5392.809255116294,0.7891764806583523,622.9813751220703,222.37185297012329,16.15029216185212,1.991020867973566
170.56046510093876,86.50225862889984,3.705322662732942,0.591027362506179,23.90564746856689,8.583858203887939,21.04601917266846,4.0747809410095215,4.045388221740723,2.101993441581726,0.0886685982346534,6.962538862228394,3.281699132919312,0.539431381225586,0.0844936311244964,325.79693908691405,2669.7270751953124,1831.4635009765625,90.49340209960936,1143.0392944335938,180.48190307617188,2.8758625030517577,68.31586456298828,147.56078338623047,17.266458320617676,1.0781409859657287,991.9556350708008,1598.760089445114,5646.821593547938,0.7427038196474314,626.8660690307618,220.6850793123245,15.969994761794805,1.945314808934927
153.8789055190886,52.48218857368884,3.8035777944598976,0.6669155075616118,20.222448348999023,7.80937819480896,20.395804786682127,3.53533296585083,2.23524272441864,1.0853768825531005,0.0886991024017334,7.246114683151245,3.260283088684082,0.5945352435111999,0.0935821086168289,318.97216796875,2418.901513671875,1718.1007202148437,78.8181251525879,627.919873046875,93.85901336669922,2.8832154989242555,64.3374740600586,150.08222351074218,19.57301940917969,1.1805843114852903,910.2404331207276,1517.4347492456436,5371.79856212223,0.7650949766859412,624.7357766151429,222.7735230922699,16.19392324015498,1.991931115463376
193.8369127413484,95.02798504128404,3.6559313467975016,0.6342209601653963,21.311822128295898,9.59461851119995,22.34533271789551,4.046321773529053,3.982271194458008,2.069164764881134,0.0871147535741329,6.754468297958374,3.058194160461426,0.6128586947917938,0.0863632872700691,339.7897613525391,2973.189697265625,1922.4194213867188,90.78456954956054,1126.8228759765625,180.22912139892577,2.820510816574097,61.23635673522949,133.61107788085937,20.00324821472168,1.123736667633057,1005.1296323776244,1570.5509503126143,5563.41603622227,0.9460151805658824,641.9551473617554,220.76326649189,15.891339786350729,1.9655053071677684
203.57528686071015,101.47557952384122,3.660097434917975,0.6482766619600284,20.8933349609375,10.553665447235108,26.996736335754395,4.063399171829223,4.911222457885742,2.552171802520752,0.0885789841413497,6.993526744842529,3.0779752492904664,0.5629495918750763,0.0878879010677337,344.0143524169922,3282.5728759765625,2362.129150390625,92.59076080322264,1378.6785400390625,219.19275817871093,2.8807364463806158,51.445269393920896,138.99657287597657,18.49746971130371,1.1556381583213806,1047.3259143829346,1619.777590751648,5649.127918994613,1.0678429352119565,644.962416934967,219.97838599681853,15.913208075612784,1.9555315978825087
149.6069309759012,53.36845625468195,3.702118261889859,0.5994715705512703,20.523512268066405,7.558396434783935,20.016368103027343,3.5423841953277586,2.3586467266082765,1.1715319871902463,0.0880978122353553,7.105925273895264,2.9795931816101078,0.5614389717578888,0.0865418396890163,316.5897583007812,2312.635229492188,1711.0681396484374,78.90801467895508,663.8202209472656,101.51337432861328,2.851104497909546,62.33932228088379,133.81576538085938,18.013214683532716,1.0923922657966614,909.505920791626,1476.998018884659,5199.453444639267,0.7450592098757625,617.619326210022,222.44531931877137,16.153830555081367,1.9809786096215247
150.81620641652262,55.54854192337543,3.560509210375494,0.5746271882114229,21.874760818481445,8.320243167877198,19.67824306488037,3.57487154006958,2.3990824460983275,1.1982375979423523,0.0893856436014175,6.62043981552124,3.1163104295730597,0.5460384905338287,0.0797263532876968,315.96217956542966,2551.43251953125,1687.10556640625,80.96002655029297,671.3828796386719,103.40614852905271,2.884144186973572,61.9440113067627,133.7606460571289,17.068294525146484,1.0511038184165955,895.5781322479248,1530.3006933689117,5417.217132152337,0.7871025495231152,617.8293969154358,222.1695967912674,16.133279695361853,1.969170781224966
162.28098476657107,51.94401360533884,3.836801799415798,0.6596656946368853,21.631470680236816,8.648427581787109,20.21598720550537,3.534297466278076,2.3556230068206787,1.13900328874588,0.0882551021873951,7.411585664749145,3.2377985954284667,0.5834037244319916,0.0924030661582946,327.5359130859375,2677.7576416015627,1743.8127563476562,79.3965965270996,658.335986328125,97.21926803588867,2.855481481552124,76.52647171020507,148.25625762939453,19.202276039123536,1.1720293402671813,911.106183242798,1545.2555584192276,5522.730612569908,0.7704877335578203,637.2513402938843,221.8757053852081,16.151548343896867,1.9758730378001927
169.62124862268757,48.30749529705663,3.5092216063436807,0.5545668855602116,20.42519626617432,8.719700145721436,21.609574127197263,3.535166549682617,2.1249391078948974,0.9822270154953004,0.0891815476119518,6.306190252304077,2.976663875579834,0.556947547197342,0.0827250227332115,334.6242156982422,2712.0822265625,1876.88447265625,76.9000732421875,598.7699523925781,84.4095687866211,2.897073626518249,46.92094955444336,127.48643493652344,17.267868041992188,1.048681092262268,934.6629791259766,1512.9207121372224,5418.918797606928,0.7253244269639254,647.3270643234252,221.67386944293972,16.071623473614455,1.9594744905829429
171.26183783148517,48.11965813244133,3.651122773100155,0.592802830934852,20.70895767211914,9.336940574645997,21.44542694091797,3.5059909582138062,2.1465608358383177,1.0366421937942505,0.0884938903152942,7.03812894821167,2.984501361846924,0.5656722486019135,0.0865867763757705,337.4831268310547,2902.0224853515624,1858.2867797851563,76.88772506713867,602.483251953125,89.82855758666992,2.8793630838394164,63.410271072387694,132.22787017822264,18.08447380065918,1.0856152772903442,933.9276821136476,1507.7886783838271,5460.883933311096,0.7414473602548242,652.5459772109986,221.689159488678,16.056857708841562,1.9644735403358935
159.10434958901607,51.11371531589239,3.634816517369791,0.5725088754041507,20.0064453125,8.281131553649903,20.886785125732423,3.506188464164734,2.293906259536743,1.1365340113639832,0.0869125619530677,6.460079622268677,2.901659870147705,0.5328827023506164,0.0817096211016178,324.99510803222654,2539.235205078125,1801.4049926757812,78.42107467651367,644.7466247558593,96.91702728271484,2.822023844718933,62.339921188354495,124.63251876831056,16.721608352661132,1.0567461371421814,929.8418647766114,1505.18103120327,5434.368685816415,0.7275570588186383,630.9005505561829,221.7342872142792,16.070390786975622,1.9592895179986956
165.3697434252099,78.42805465003066,3.7457547293175137,0.6073816387210969,22.226457023620604,7.976445579528809,18.77288150787353,3.877758026123047,2.8438073873519896,1.3655701160430909,0.0873901046812534,7.167849493026734,3.229844880104065,0.5510001122951508,0.0884558133780956,320.26221618652346,2462.99482421875,1613.35107421875,87.82897872924805,801.2450866699219,118.52620697021484,2.831898903846741,70.21488418579102,147.35586700439453,17.878005981445312,1.103451704978943,904.7550148010254,1566.1207517623902,5538.152143828282,0.8360228205099702,616.4838890075683,221.35187032222748,16.049382077902557,1.9587362200021745
165.5505363065553,47.28990566055363,3.7686950492472535,0.651358951182192,20.33333358764649,8.395649719238282,21.248035430908203,3.4575022220611573,1.9757143020629884,1.0014297127723697,0.0885561645030975,7.247351408004761,3.303843593597412,0.5981366038322449,0.0886398643255233,329.60302734375,2611.5765869140623,1839.328186035156,75.84307708740235,557.1382019042969,85.39758224487305,2.8751163721084594,72.5567497253418,150.13587951660156,19.574295806884766,1.1422649264335631,918.7250175476074,1467.69904024601,5354.437952840747,0.7259263835847378,640.8241039276123,222.3918864250183,16.1920388571918,1.988689683750272
150.6662904494733,55.44722657390876,3.717474429575759,0.6043063547549196,23.262878799438475,7.953467607498169,19.864603805541996,3.664163112640381,2.478067469596863,1.255770778656006,0.0891635335981845,7.030154514312744,3.394037938117981,0.5740969955921174,0.0809406906366348,315.5180999755859,2440.152001953125,1718.6825073242187,81.44994277954102,694.0202270507813,108.40522994995118,2.9021902084350586,62.74101867675781,153.37675933837892,18.29032154083252,1.0737407445907592,896.440283203125,1527.8530148983002,5412.7466783205045,0.7934331150725484,618.7513142585755,222.4129385948181,16.178058580309152,1.980648312717676
160.76248098874493,50.52327081154417,3.728106638651025,0.6636981401155253,19.80335254669189,8.294923114776612,21.63230457305908,3.390578007698059,2.108653950691223,1.1348684191703795,0.0873347721993923,6.856375741958618,2.907669162750244,0.6438606977462769,0.0906485848128795,327.6722686767578,2564.1802978515625,1826.533728027344,76.63989562988282,593.9612365722656,97.9728515625,2.821872425079346,52.07364616394043,131.16844635009767,21.14551334381104,1.1658177256584168,927.3295825958252,1521.5057829380034,5440.076444175234,0.7420590909197926,636.7060359954834,222.46712968349456,16.111706286668777,1.996105267480016
158.402444675671,53.24859932010031,3.677796312597229,0.6206981053389313,22.721126747131347,8.519592666625977,19.28161334991455,3.677413821220398,2.3214092016220094,1.1538555860519408,0.0880811601877212,6.911293458938599,3.1890045642852782,0.575453770160675,0.0839014701545238,324.57513122558595,2631.473095703125,1661.934484863281,80.47468643188476,652.3805908203125,99.79782485961914,2.8618918895721435,56.88564186096191,142.2927978515625,18.66158981323242,1.0928518533706666,919.1100967407226,1536.2721315145493,5489.23090183544,0.7840223671868444,631.8801965713501,221.77916498184203,16.078273288160563,1.972149832546711
155.93477841142084,51.07766326706051,3.6099264312257446,0.6670605720414301,23.64024410247803,7.928524923324585,20.5718017578125,3.577264499664307,2.390614652633667,1.1791707515716552,0.0868231125175953,6.455669164657593,3.045155763626098,0.6083492696285248,0.0912261918187141,321.072021484375,2465.0879150390624,1768.2730834960937,80.02936096191407,664.8330444335937,101.70112838745118,2.8317494869232176,65.92317962646484,129.6532180786133,20.007676124572757,1.17016544342041,887.1373188018799,1513.1566926717758,5438.133860868402,0.7712840490043164,628.3668937683105,222.55368967056276,16.120813024789094,1.993194282054901
160.4413549772289,50.72957314254363,3.7927706810707607,0.6282688469703203,21.598164367675786,8.114495658874512,20.71855564117432,3.6824673891067503,2.294812226295471,1.1097498416900635,0.0871276669204235,7.14686222076416,3.258008527755737,0.5960297346115112,0.0834268875420093,324.16126708984376,2497.692138671875,1799.7342651367187,80.22547912597656,639.2861511230469,96.20064773559572,2.818758177757263,58.31308937072754,148.69839324951172,19.339640617370605,1.094487988948822,895.9187786102295,1513.704319524765,5417.481440846343,0.7860029164701701,632.9668401718139,222.13755719661717,16.081782104820014,1.9831525571644304
222.8352268964598,97.89657923128034,3.642907895377357,0.6385867498961716,20.65162773132324,10.53916654586792,25.08506507873535,4.188815259933472,4.251816844940185,2.2063576936721803,0.0876297190785408,6.166828155517578,3.0031790494918824,0.5933686912059783,0.0862335227429866,350.68687438964844,3271.6790283203127,2190.4027587890623,92.4492935180664,1198.039404296875,192.44590911865237,2.82041711807251,46.32065162658692,129.5441467285156,19.43323764801025,1.1398085355758667,1022.1181922912598,1573.5832431435583,5579.920952127129,1.123354140203446,647.7296995162964,220.03650996685028,15.861841026693584,1.957147587090731
157.4102729552804,53.57279702977612,3.648593297976913,0.637371252288176,23.00878314971924,8.44351406097412,20.89262237548828,3.6252132654190063,2.408174753189087,1.211600410938263,0.0897021271288394,6.839306879043579,3.047139835357666,0.611804586648941,0.0879247598350048,326.7132537841797,2583.4268798828125,1816.921484375,80.1969207763672,673.5462097167969,104.07003860473633,2.907566332817077,50.75301170349121,138.6281951904297,19.94864273071289,1.125652289390564,912.3850749969482,1529.4738746404648,5455.246292667789,0.7846010256558656,637.0903425216675,222.11146049499516,16.103271750360726,1.984379299357533
151.5512459160469,49.0955721071713,3.5506798147087464,0.5679986209201047,19.323272895812988,8.003598976135255,19.937090110778808,3.6046570777893066,2.2585093498229982,1.1171971678733823,0.087703550606966,6.39968376159668,2.9979618549346925,0.5627835869789124,0.0777380943298339,317.1175872802734,2448.9471923828123,1678.738330078125,79.26565628051758,627.6532531738281,96.291397857666,2.83830201625824,56.416283798217776,126.9834762573242,17.84871597290039,1.0168220281600953,887.0006244659423,1503.2969725847245,5374.420349539444,0.7716013260185719,619.5225501060486,222.9951663017273,16.187046948075295,1.9846057936549184
165.04566422000352,50.92129678653846,3.667127955284195,0.5850164906250029,20.39191379547119,8.556770706176758,20.48540267944336,3.498450684547424,2.276377320289612,1.15563862323761,0.0876110345125198,6.734929990768433,3.0456637859344484,0.5685844957828522,0.0806809462606907,328.4642791748047,2651.4010986328126,1780.4381469726563,78.74877471923828,637.4349426269531,99.04593353271484,2.85206458568573,59.49555282592773,133.87014770507812,17.955558013916015,1.0607101678848267,913.6855125427246,1492.1833788633346,5408.759333529277,0.7308242470026016,638.1950287818909,221.8257170200348,16.068089357018472,1.969745035469532
159.793781136068,50.70212331952398,3.680218064937935,0.6586222235738205,21.77912845611572,8.419893264770508,19.73678398132324,3.4941197633743286,2.2681390762329103,1.0876739978790284,0.0881288737058639,6.817565822601319,3.238164067268372,0.6252464532852173,0.0912273675203323,324.450927734375,2583.535302734375,1711.2061157226562,78.167529296875,635.9685363769531,92.53969802856446,2.8593841552734376,56.69049835205078,144.59500885009766,20.519712066650392,1.1622386574745178,917.245346069336,1524.4924441337585,5445.5814743320925,0.7739104198291897,632.5048305511475,222.42606782913208,16.12792726010084,1.9929823651909828
216.3527582211544,104.13588360140383,3.627466132123982,0.639826431159463,20.865951538085938,11.460670280456544,27.72718200683594,4.088515138626098,5.197922706604004,2.456653928756714,0.0894051767885684,6.65200023651123,3.233033847808838,0.5990559577941894,0.0882880024611949,349.0391479492188,3568.196362304688,2393.803466796875,92.56796417236328,1461.0548828125,212.37812042236328,2.8913495779037475,58.59958000183106,144.91035919189454,19.611151695251465,1.145129680633545,1053.9653436660767,1591.835943698883,5563.7883727325125,1.1664203664986417,641.4183341979981,220.12454516887664,15.897091031074524,1.9626341428607703
154.08760949445278,54.43585872786762,3.613358086269227,0.586319052314343,22.08671474456787,7.876815319061279,18.99414482116699,3.690353155136109,2.519127082824707,1.193850326538086,0.0890105001628398,6.686681509017944,3.042470908164978,0.5626670479774475,0.083270750939846,315.9429046630859,2449.64375,1612.196203613281,80.69158554077148,708.9188659667968,103.45792083740234,2.889525556564331,60.44859657287598,133.99211883544922,17.784532165527345,1.0699667096138,896.6104736328125,1540.346714138985,5434.512109539285,0.8126815577968955,618.0223029136657,222.4015623569489,16.14661195129156,1.9745659209787845
166.94673477278485,50.04394748240839,3.6621851730426216,0.5698334481860116,21.8192045211792,8.43577013015747,20.15748252868652,3.558306956291198,2.210535740852356,1.0891389489173888,0.0887996345758438,6.986336278915405,3.191502642631531,0.5707484722137451,0.0838978141546249,326.3686065673828,2625.44775390625,1765.1835327148438,79.20501480102538,615.5739624023438,93.43203887939453,2.8791714191436766,60.022347640991214,142.8742691040039,17.868277168273927,1.0613478779792789,917.3421154022216,1502.3872734308245,5423.63453962747,0.7584614209830761,635.7418351173401,221.87544016838075,16.09444931820035,1.969165412336588
151.43560380263006,53.796371144469234,3.627389103442488,0.6028924445599841,21.916090393066405,8.097961711883546,19.825008964538576,3.616894793510437,2.5029013633728026,1.1878269791603089,0.0875162720680236,6.3293825626373295,3.0132248878479,0.552283525466919,0.0824355907738208,315.6986419677734,2505.891064453125,1682.5070434570312,81.19474792480469,700.9708923339844,102.12092590332033,2.818871665000916,47.69496994018554,129.95863494873046,17.642430114746094,1.0788808822631837,885.3235252380371,1537.616566681862,5473.293345245906,0.8306748038157821,618.3735129356385,222.3705986261368,16.110517003387212,1.9745652385056016
173.33225247726878,47.091083413982325,3.6471396484616654,0.5538567443642819,20.896038627624517,9.02286787033081,22.19956359863281,3.568796443939209,2.025747394561768,0.9820193111896516,0.089375252276659,7.018736219406128,3.130363130569458,0.510028624534607,0.0829789422452449,336.45537109375,2803.878564453125,1921.3889038085936,77.92037200927734,564.6802185058593,83.92149658203125,2.889144396781921,50.9219856262207,142.33148651123048,15.873465251922608,1.049175763130188,926.3263580322266,1527.200855922699,5540.180842993223,0.754422715678811,650.3827108383178,221.4189733743668,16.029926117509604,1.9446088321506976
162.9820846723218,51.10345675639383,3.701048387218384,0.6538635745626038,20.122184371948244,8.796486282348633,21.053145599365237,3.566511368751526,2.3271440505981444,1.0940502285957336,0.0879962667822837,6.731266975402832,3.199232077598572,0.5885502338409424,0.0912582963705062,330.7789276123047,2709.4913330078125,1797.0950805664063,78.58422775268555,651.8565063476562,93.32115859985352,2.8446953535079955,59.02739639282227,143.50253448486328,19.329417037963868,1.1609500646591189,932.7833797454834,1508.1969528436662,5379.294363855617,0.7483569158241152,641.7584547042846,221.84805843830108,16.06293282434344,1.9766222793608903
163.54986604740915,50.0689358423575,3.635045173800063,0.5456134130378587,22.11029644012451,8.679723834991455,21.078224754333498,3.45351881980896,2.1924474954605104,1.0309412479400637,0.0886692009866237,6.744488906860352,3.031580686569214,0.5442117273807525,0.0843585960566997,330.7259857177734,2683.182983398437,1843.6200927734376,77.47585678100586,617.4123352050781,87.75551528930664,2.861243987083435,67.07045059204101,133.41914978027344,16.836515808105467,1.0508281230926513,922.4997669219972,1471.551101899147,5353.779406519932,0.7273135771974921,641.3983178138733,221.6098662853241,16.079456510394813,1.9603211812675
204.10884772599744,101.42484356740188,3.737445206326174,0.6513108970160829,21.835078620910643,10.93919277191162,26.26691551208496,4.10197696685791,4.85768837928772,2.5163192987442016,0.088422206044197,6.859380388259888,3.2124369144439697,0.6141572892665863,0.086796461045742,345.3606292724609,3404.43642578125,2295.7109130859376,92.77667922973632,1362.1680908203125,216.3133102416992,2.8719677925109863,64.4666534423828,145.37112121582032,20.14528751373291,1.149026620388031,1049.552942085266,1606.2585665106774,5594.752206264669,1.0556251684669404,646.1659690856934,220.2367566108704,15.938450454920533,1.9689189426600933
237.3607271740868,107.81218185920662,3.714568704580688,0.5819412420411141,22.59489269256592,10.534911918640136,26.697687530517577,4.110522985458374,4.593509244918823,2.3049695253372198,0.087967013567686,6.302501583099366,3.0214438676834106,0.5492210924625397,0.0851494565606117,351.0291290283203,3281.7003173828125,2354.9033203125,93.39154663085938,1294.7746337890626,198.25780487060547,2.815252900123596,45.13675079345703,130.19990997314454,17.540791702270507,1.0984938859939577,1027.8280847549438,1575.4409967780114,5520.102191132074,1.318312854110263,642.7182356834412,220.1767825841904,15.928222665190695,1.9532362140715125
153.69446847094514,55.204752302633366,3.773970034377976,0.5769882493959926,22.211826515197757,8.423050689697266,18.811737632751463,3.5702572584152223,2.5446164131164557,1.1673442840576171,0.0880679167807102,7.300657224655151,3.3158579587936403,0.5246576964855194,0.0808490514755249,321.1472900390625,2586.533056640625,1626.14638671875,80.36646881103516,714.497607421875,100.71145782470704,2.869323992729187,71.93550872802734,148.98150787353515,16.51766929626465,1.05665225982666,916.4551364898682,1548.840718269348,5505.109269615193,0.8032152432948351,625.1836331367492,221.63304736614228,16.147623104602097,1.95546193048358
162.2340920274757,84.85668556346809,3.5957197432847123,0.5815780087260691,22.3403600692749,8.500334930419921,19.86731719970703,3.989348363876343,4.346179008483887,1.9827436208724976,0.0884143307805061,6.424988174438477,2.932566285133362,0.5265375018119812,0.0793877989053726,319.7872955322265,2611.697705078125,1741.8966064453125,89.56851348876953,1225.9916259765623,170.42982482910156,2.852759599685669,47.867626953125,127.8894058227539,16.631862831115722,1.053263020515442,991.0442687988282,1607.4567203998563,5648.959551628353,0.6915531631559133,625.6905917167663,221.16383872032165,15.963507569581273,1.9467659138143063
150.22732628496743,53.94297180512685,3.5644998187342707,0.567612393268439,22.7283992767334,7.736536169052124,19.174400520324703,3.7043429136276247,2.43749623298645,1.1747309684753418,0.0892042361199855,6.639293909072876,3.035541224479675,0.5628022849559784,0.0796688430011272,315.9229461669922,2382.6514892578125,1628.2874145507812,80.84870071411133,685.6841857910156,100.23271102905274,2.883347201347351,61.254782104492186,131.72815399169923,17.840478324890135,1.029645562171936,876.1035369873047,1481.8124531745912,5225.293511411781,0.7935821430757641,623.5623078346252,224.1591855287552,16.26385256573558,1.9966707669198516
165.14354808456557,50.5959862604429,3.801088964901055,0.6671442555599129,19.90241413116455,8.936596298217774,20.419739723205566,3.6050206422805786,2.289587950706482,1.054485070705414,0.0873146444559097,6.8291114330291744,3.1332090854644776,0.5878921091556549,0.0885399796068668,330.63172302246096,2741.7739990234377,1767.771044921875,79.33183517456055,640.3009216308594,89.87734451293946,2.8389623880386354,59.02716903686523,142.9198440551758,19.3552209854126,1.1611803412437438,920.7536701202392,1531.528400373459,5447.393489578087,0.7786037009209394,641.8422099113465,221.74720380306243,16.051467882096766,1.974858723208308
163.5249792795381,50.97479619313417,3.690134982371319,0.630491486834444,19.123362922668456,8.173862934112549,20.380864715576173,3.5678428411483765,2.277715730667114,1.1171355962753295,0.0871072672307491,6.883790826797485,3.005695343017578,0.6072044253349305,0.090429101884365,323.7249389648438,2508.371630859375,1764.7703857421875,79.34761276245118,637.3302429199218,96.3987663269043,2.81854887008667,62.15592727661133,132.46463317871093,19.76599750518799,1.1276925206184387,909.6428676605224,1518.6177374362946,5415.74561980837,0.7624430298805237,632.4064439773559,222.48573558330537,16.09426008313894,1.988204899057746
212.0322294711259,101.55653358345587,3.761428281014287,0.5782039808598711,23.65241641998291,10.116522693634034,24.477305221557614,4.093684530258178,4.644361400604248,2.3945175886154173,0.0890026420354843,7.446344375610352,3.2368585586547853,0.5440354645252228,0.0876060619950294,345.4808807373047,3137.953784179688,2150.439819335937,92.76725769042967,1309.5444458007812,206.06427307128905,2.896315121650696,67.96705932617188,147.9095947265625,17.370604515075684,1.0961018204689026,1016.6144918441772,1600.2200425863266,5667.897207038337,1.2176451405975968,639.9056842803955,220.21775126457212,15.97335330620408,1.9467858150601387
159.15603853026624,54.03537172573651,3.683262084495118,0.6078371152847126,23.858812141418458,8.165310668945313,20.858098793029782,3.621227526664734,2.262983226776123,1.1196693420410155,0.0900198966264724,6.908497953414917,3.201680040359497,0.5803086161613464,0.0831996381282806,324.7773376464844,2532.346484375,1803.434326171875,79.93976516723633,637.8109008789063,96.58641510009764,2.902902674674988,56.22076148986817,147.0332000732422,18.62685146331787,1.0842054724693295,921.7995216369628,1538.108463525772,5418.357607012289,0.8021356627345085,632.9287658691406,221.86291222572328,16.106655456125736,1.9728681840002535
182.930294643098,92.62953257669524,3.5471246828609537,0.562477221545987,21.392623901367188,8.750833415985108,22.8358455657959,4.048533487319946,3.5399768590927123,1.850943088531494,0.088439442962408,6.720951700210572,2.9831010580062864,0.5172514259815216,0.0844266407191753,336.24021911621094,2724.0103759765625,1972.5549072265624,90.8737289428711,995.5371704101562,160.60239868164064,2.8697942733764648,51.52582778930664,130.68004455566407,16.345788955688477,1.055531394481659,992.7283065795898,1556.3892453193664,5516.813562653028,0.7359091328456998,634.3439007759094,219.3494420289993,15.824741343408824,1.922836848348379
157.15420248709415,49.845455680464326,3.672394347356863,0.6118592311701946,19.605095863342285,8.136051750183105,19.11732349395752,3.502994608879089,2.20573365688324,1.045619821548462,0.0881681159138679,6.958604574203491,3.0418938636779784,0.5433436095714569,0.0813619673252105,320.0635681152344,2491.774267578125,1647.74228515625,77.73904876708984,618.3542236328125,89.59379577636719,2.8488651752471923,62.14543762207031,135.3027313232422,17.45649700164795,1.0790064692497254,912.2378498077392,1527.3467911720277,5466.665553555637,0.7579644585028291,622.4801854133606,222.14717836380004,16.138540334254504,1.9709222227334977
154.4422949868778,49.14700902564427,3.681696527629447,0.6490330390196846,21.64083614349365,7.744673013687134,19.43023681640625,3.469762086868286,2.043185305595398,1.0801273822784423,0.0888976104557514,7.242792797088623,3.2789950370788574,0.5704076051712036,0.0850165978074073,317.08489685058595,2395.7079345703123,1671.7764892578125,77.47266693115235,571.5611022949219,91.80929870605468,2.8869802474975588,71.88725814819335,146.05831146240234,18.62050151824951,1.1232645511627195,910.4139774322508,1472.162463068962,5259.168702893983,0.7411380898207426,618.8068159103393,222.65471577644348,16.238997987657786,1.9886302024126048
151.84740950852066,53.849960590673255,3.680462897258258,0.587205724970454,22.482435989379884,7.779678726196289,19.792204284667967,3.637734365463257,2.492249631881714,1.2167128562927243,0.0888274177908897,7.102488613128662,3.326601266860962,0.5814856171607972,0.0829646870493888,316.45073852539065,2403.98212890625,1680.2949340820312,80.60371627807618,703.3515380859375,103.35573654174804,2.892314147949219,54.838069152832034,150.3243621826172,18.615734672546388,1.0619312882423402,893.5028274536132,1499.7861137866971,5289.491261281446,0.7933137929067016,619.6084662437439,222.93140530586243,16.187708608806133,1.9885353058576585
169.14836783352513,52.51650915915434,3.659211468533477,0.6577886078990218,19.45739326477051,8.83898468017578,21.55050773620605,3.522027277946472,2.307006502151489,1.1451249837875366,0.0885345876216888,6.589178228378296,3.237453889846802,0.5943509399890899,0.0858136631548404,332.5435821533203,2704.403466796875,1889.2088012695312,78.25297622680664,651.2370483398438,99.48549880981446,2.880256724357605,55.923196411132814,144.11633911132813,19.490752029418942,1.1391460299491882,931.0225231170656,1530.0163219690323,5467.399697809015,0.7598277002573013,645.3639530181885,221.9398013114929,16.071914543956517,1.9758631620556115
224.2042782605749,91.52381391565612,3.671174289317423,0.5671825608922745,20.35605182647705,9.956163024902343,25.49110355377197,4.217748165130615,3.782370758056641,1.8780988812446595,0.0875760950148105,7.082336807250977,2.9996318578720094,0.5463853657245636,0.0816931635141372,350.9017059326172,3102.1137939453124,2212.361376953125,92.20740814208985,1062.4861938476563,162.57826232910156,2.8498826026916504,50.204336929321286,135.0876663208008,17.252521324157716,1.0626300930976869,1016.0378927230836,1557.2730918169025,5568.148433063179,1.1041000709985382,647.578714466095,219.64040620326995,15.83711401000619,1.9363689802587032
159.35246085841936,52.5818810343636,3.604048733297918,0.5649558389973663,20.21179084777832,8.677959537506103,19.99090843200684,3.513947629928589,2.306125116348267,1.1411848187446594,0.0874946407973766,6.2170257568359375,3.009419870376587,0.5097245573997498,0.0784997418522834,326.97369384765625,2667.342529296875,1712.7357421875,78.8138526916504,646.3830444335938,98.10607528686523,2.8324124813079834,51.03135719299316,130.43418579101564,15.863732814788818,1.0376527309417725,933.3063823699952,1506.8263298749923,5344.157623111876,0.7419157920405268,633.482774925232,221.6192126274109,16.053619250655174,1.950606171041727
170.48429091001452,52.51945990289814,3.720243024920888,0.5777206227023839,20.913636207580566,8.612641048431396,22.441046905517577,3.5286311388015745,2.3358818769454954,1.1168957471847534,0.0884938463568687,6.996871042251587,3.238047957420349,0.5267756640911102,0.0866116262972354,333.5822326660156,2669.532373046875,1949.28564453125,79.0758544921875,657.139892578125,97.1196678161621,2.857215404510498,64.40862274169922,146.4733428955078,16.731477165222167,1.0774049758911133,937.3454582214356,1519.9417229890823,5417.408792155981,0.7502809191122651,645.6586710929871,221.4215442895889,16.04739961773157,1.950948091596365
169.93928898278244,48.85674998721115,3.661214304538385,0.5946380721667879,20.91536808013916,8.934529209136963,21.69930305480957,3.521693801879883,2.154093790054321,1.072280967235565,0.0886468552052974,6.845689487457276,3.0095123052597046,0.5523949027061462,0.0840424284338951,334.1637329101562,2750.550537109375,1899.5598510742188,78.06402206420898,605.6915466308594,91.59651565551758,2.869000339508057,58.28805274963379,134.90909881591796,17.664346122741698,1.0798171877861025,931.001893234253,1521.4700354337692,5521.818786729267,0.7560555728152394,646.4215384483338,221.3757871627808,16.04107695966959,1.959070249646902
159.23091808054886,50.23234757832633,3.625396543041597,0.6737357361803447,19.448464775085448,8.07182273864746,20.07344303131104,3.557909941673279,2.244540572166443,1.1290655970573424,0.087511621415615,6.43286714553833,2.861252236366272,0.6082203567028046,0.0888502836227417,321.719857788086,2506.33291015625,1699.9269287109375,78.6385711669922,630.2595886230469,96.00698394775392,2.840202307701111,54.2291259765625,124.28701324462892,20.01554756164551,1.1640424370765683,931.2619457244872,1484.838466978073,5228.347378945956,0.7400205863639713,627.4090402603149,222.45334384441372,16.12519745901227,1.992077174037695
200.0972610888137,101.96050256621038,3.729051700028162,0.6104699083875971,22.19272937774658,10.475461101531982,25.800399398803712,4.148947429656983,5.089810180664062,2.3701832771301268,0.0867614470422268,6.57313346862793,3.159702014923096,0.58682501912117,0.0863390997052192,344.0751220703125,3256.604638671875,2255.173291015625,92.45197219848632,1432.5229858398438,206.10802764892577,2.825058197975159,58.50362396240234,140.1365768432617,19.016444778442384,1.121112012863159,1025.984275817871,1645.6461752057076,5747.889947726671,1.0685643034987151,649.1695599555969,221.09550366401672,16.004101699590684,1.9743940576910968
206.7743017711444,97.385282209057,3.702272213455217,0.6602958610532482,23.61813735961914,11.449588108062745,27.58235206604004,4.140124034881592,4.741575098037719,2.467566967010498,0.087787739932537,6.574859666824341,3.1688432693481445,0.6204481661319733,0.0899641573429107,350.4958831787109,3557.5272705078123,2415.022900390625,92.5365219116211,1330.5378295898438,210.88447113037108,2.849945187568665,52.38893013000488,140.75176544189452,20.42214050292969,1.1800605654716492,1043.801922416687,1620.0735837697982,5767.773625690863,1.0912823074497282,654.4004446029663,220.8384795665741,15.944515835493805,1.977669058740139
159.3602786198331,53.065206938693066,3.612655962966664,0.5670027270759078,23.05109195709229,8.230895805358887,20.81822204589844,3.610233187675476,2.456039237976074,1.156934714317322,0.088918087631464,6.8600911617279055,3.073085904121399,0.5651772320270538,0.0826899297535419,324.82744140625,2549.8563720703123,1814.8782104492188,80.89774551391602,684.7349853515625,99.81830291748048,2.878277945518493,66.90099334716797,134.71125335693358,17.640263557434082,1.0574783086776731,914.1179294586182,1508.3603138446808,5432.342858656868,0.7693445418030024,634.4343700408936,221.84830627441409,16.087618577480317,1.96759487465024
178.5511573101277,63.10116134850341,3.639495446136152,0.6270834368525129,20.027907371521,8.66836175918579,21.28786373138428,3.7949499607086175,2.141154408454895,1.0859552502632142,0.0887356109917163,7.169519281387329,3.208260226249694,0.610540121793747,0.0877077728509903,333.6706481933594,2694.575561523437,1822.365625,83.3727294921875,603.3369934082032,93.5492904663086,2.8630431413650514,58.35377502441406,146.5201858520508,19.88795680999756,1.1200028896331786,927.3476894378662,1546.2101955413818,5556.392879161171,0.761936790496111,640.9362015724182,221.4495720386505,16.016080191731454,1.9725881546735764
200.52302588896345,92.44570382351958,3.687060566389096,0.578256257853775,21.509096717834478,9.21224603652954,22.89613151550293,4.133474206924438,3.2177380323410034,1.7455601215362548,0.0883973561227321,7.367403650283814,3.0830273389816285,0.5373879432678222,0.081079064309597,341.86432495117185,2869.2310546875,2013.2443603515624,90.85592117309572,902.7838562011718,150.67317657470704,2.876739835739136,74.03361587524414,140.40888366699218,17.08620204925537,1.0524438500404358,996.1662155151369,1540.191189098358,5471.719886545604,0.8275307287694886,642.651416015625,219.2110574245453,15.867032241076233,1.92686507627368
150.37344806981855,53.63282581536278,3.864209861653239,0.6721656890122404,22.46983757019043,7.86629285812378,19.97791633605957,3.507186698913574,2.492993330955505,1.1573463916778564,0.0885884806513786,7.405780172348022,3.340944147109985,0.6384575068950653,0.0924161382019519,316.8526336669922,2409.35361328125,1711.0847290039062,79.30710296630859,695.2746520996094,99.69351043701172,2.8810070276260378,75.71461486816406,153.25345611572266,20.96887969970703,1.1921522259712218,880.426791381836,1494.4529181718826,5321.970377526665,0.7624121004715562,624.5181144714355,224.6937881708145,16.372681011259555,2.024027642607689
165.5639473744821,50.00947185911527,3.5833302085937246,0.6225523645336353,19.810623741149904,8.244971466064452,21.196501541137696,3.577002024650574,2.114292907714844,1.0455193638801574,0.0888224333524703,6.406928300857544,2.889815258979797,0.6018049538135528,0.0823551602661609,326.856103515625,2565.381689453125,1806.203857421875,78.65434036254882,593.39248046875,90.15773468017578,2.8852470397949217,56.47029113769531,125.98034973144532,19.490202331542967,1.0857607483863831,920.2661655426024,1525.5436865091324,5524.059465138615,0.7407660154625774,634.866777229309,222.055676484108,16.102243580669164,1.980846504122019
150.50587224587798,55.358097415327485,3.582646299256794,0.5631029023476571,21.516121673583985,7.779154205322266,18.73562431335449,3.6319421529769897,2.3994479894638063,1.2201340794563291,0.0878719545900821,6.208448696136474,3.002889347076416,0.5558169960975647,0.0797718934714794,316.4926513671875,2391.774658203125,1586.298291015625,81.91312713623047,668.9195983886718,104.61194534301758,2.8491542816162108,56.09608879089355,128.9667755126953,17.227568435668946,1.0422839760780334,916.0956398010254,1502.536437749863,5243.498794815457,0.7918116372078657,617.1849793434143,221.8429702758789,16.092489514499903,1.9671344459056852
159.224979106299,49.95067891437903,3.5524127097104383,0.6605087162604605,21.160228538513184,8.452821159362793,19.61770896911621,3.428166723251343,2.1970538854599,1.0338847041130066,0.0888773046433925,6.565810346603394,3.001032185554505,0.6301724553108216,0.0926378548145294,323.92200927734376,2583.72998046875,1710.1846435546877,77.26197738647461,615.0521240234375,87.9362564086914,2.8750131368637084,58.09322814941406,128.31492767333984,20.68599739074707,1.1697933554649351,911.245477294922,1490.1832664728165,5367.825762816099,0.7465887354686856,632.2877516746521,222.7030307531357,16.156114719063044,2.000010384619236
168.56489039644438,50.550846577426,3.595537335260565,0.6143636483446357,22.591524505615237,9.039640712738038,21.43047790527344,3.4518790245056152,2.2862676858901976,1.0433424353599547,0.0896352887153625,6.717625427246094,3.088656997680664,0.5799642026424408,0.0854775942862033,334.0923309326172,2803.768359375,1878.8772705078125,77.62724304199219,643.3776672363281,89.26884002685547,2.9106658935546874,68.2771987915039,135.33607482910156,18.78726081848145,1.097255027294159,922.869063949585,1540.432170677185,5617.727681297483,0.7679738247767091,649.0482378005981,221.7932985544205,16.100260035693644,1.969994056224823
152.37089811528858,52.0686020914698,3.757373738666365,0.6124610033994827,19.364915657043458,8.23438024520874,19.836599349975582,3.529833269119263,2.202654266357422,1.108161187171936,0.0869732581079006,7.027991390228271,2.994640016555786,0.5612475872039795,0.0841767467558383,316.4574645996093,2539.5208984375,1671.125146484375,78.9005142211914,617.8039855957031,95.5877799987793,2.8217803716659544,71.96382293701171,132.6138656616211,18.05102996826172,1.0893293738365173,921.026889038086,1507.8190535783767,5324.359450610587,0.7691940393298864,617.8599255561828,222.4514412879944,16.16085932329297,1.9792404979467395
155.28969467430724,49.826653885081306,3.771774398103093,0.6432576723226588,20.241851997375488,8.132312107086182,19.31514949798584,3.535108780860901,2.183134651184082,1.093907880783081,0.0881306007504463,7.059291505813599,3.143122029304505,0.6036160349845886,0.0846872478723526,319.3976409912109,2508.1878173828127,1641.134680175781,78.50585250854492,608.9015991210938,94.5025634765625,2.8628050565719603,51.57628936767578,144.3310577392578,19.64839286804199,1.1231140851974488,893.5203533172607,1498.4629160881043,5363.491090849368,0.737668440118432,625.2446397781372,223.3074145078659,16.208685600757597,2.000106741115451
147.5876059027418,57.48007606038918,3.562747718970513,0.6248175449881614,21.82446746826172,8.195975208282471,18.512904167175293,3.684570598602295,2.648755550384521,1.2830307722091674,0.0884980410337448,6.365738821029663,2.845703268051148,0.5623651444911957,0.0821175433695316,315.9829467773437,2509.7352294921875,1565.3729370117187,82.26174926757812,740.9582702636719,110.13036727905272,2.864734077453613,49.9037223815918,122.211270904541,18.221968269348142,1.0881839513778686,908.0476036071776,1499.366048407555,5202.560912725096,0.8273452702909708,617.809573173523,222.05695114135744,16.111049104481936,1.977002241462469
200.12498852603312,101.86201417680896,3.659034651931256,0.5579738490653426,21.419919776916505,10.611690139770507,25.25237922668457,4.152633905410767,5.191226482391357,2.43525779247284,0.0892435930669307,6.65303692817688,3.0486358404159546,0.5158969700336457,0.0835645422339439,342.2571533203125,3273.67587890625,2211.1643798828127,93.19462432861329,1462.6903076171875,207.67446899414065,2.8962735891342164,70.06252212524414,133.6245590209961,16.166590690612793,1.0790175080299378,1021.9785137176514,1630.8760911464692,5703.700712967291,1.0851020288188011,637.6369174003601,220.5886870622635,16.020335511118173,1.949047024920583
168.73570428857056,53.02006841411676,3.625999571299258,0.5471403188750174,23.195908546447757,9.038842964172364,20.55301399230957,3.5374605894088744,2.226554560661316,1.0985187649726869,0.0893923714756965,7.105571222305298,3.190967392921448,0.5381280303001403,0.0840083770453929,332.64502868652346,2809.96123046875,1796.540771484375,79.00352554321289,626.7074035644531,94.22403717041016,2.8901880264282225,56.882534408569335,143.6912048339844,16.6498592376709,1.0497010588645934,929.7836669921876,1522.692635011673,5464.653931357059,0.7825514519587159,645.1809152603149,221.4244271039963,16.048574965447187,1.95217766687274
149.22539005896178,52.71083069585084,3.5350783889424293,0.5871699159400464,21.738354682922363,7.570085144042968,18.9515625,3.674412894248962,2.280531692504882,1.204223358631134,0.0893182210624218,6.675208902359008,2.989095139503479,0.5578035712242126,0.0801454998552799,316.2919952392578,2332.5164306640627,1604.5644775390624,81.27914047241211,635.4054809570313,102.86169891357422,2.9010169982910154,60.39751510620117,128.8859085083008,17.838877868652343,1.0475138902664185,888.355952835083,1500.1185646772385,5328.4372866594695,0.7939435912296176,619.9073962211609,222.8617876291275,16.194505735486747,1.9830222018063068
158.00745586215925,50.565738603281446,3.619392332423263,0.560645402849343,19.690138816833496,8.19376335144043,20.874157905578613,3.4087888956069947,2.262199139595032,1.0785338282585144,0.0901767455041408,7.175907468795776,3.0830135583877563,0.5273452937602997,0.0778431639075279,324.7178497314453,2512.4201171875,1787.8058715820312,77.19248733520507,632.8111145019532,92.98429412841796,2.911694502830505,73.07719650268555,136.91590423583983,16.31269931793213,1.0332003355026245,931.6878379821776,1481.836330485344,5257.012541686371,0.7147964127361774,629.149332523346,221.82320914268493,16.163340982049704,1.958844716101885
167.44759985351047,48.638661552736906,3.6733978649554273,0.5988072038157952,21.65513210296631,8.624015045166015,20.926675415039064,3.607559585571289,2.23504581451416,1.0003636956214903,0.0873001687228679,6.811010646820068,3.1105078220367437,0.5907288312911987,0.0847864128649234,329.91974487304685,2667.1776611328123,1821.3475463867187,78.46545333862305,625.8828186035156,86.67421188354493,2.836968517303467,60.87955360412597,136.5451644897461,18.86229038238525,1.0828752756118774,921.2389659881592,1509.8201713323592,5421.967838939279,0.7744611885398627,641.9836376190185,222.03696477413175,16.069767116755248,1.9759706422686576
155.76801492052692,52.72873631432076,3.673523376369758,0.6136370576231684,20.07394313812256,7.878463411331177,18.938879776000977,3.548966884613037,2.4152955532073976,1.1281530857086182,0.0871173977851867,6.519106817245484,2.8927865266799926,0.5749599277973175,0.0847472377121448,317.1086090087891,2445.3017333984376,1607.1774536132812,79.88176193237305,675.1942687988281,96.9541389465332,2.8409414052963258,50.11924781799316,126.9102897644043,18.49715633392334,1.0927938222885132,918.9418029785156,1503.0325396060944,5273.501999995159,0.7696567313745618,619.5445512771606,222.4627484083176,16.132355365902185,1.9829799041152
165.15591619497718,49.60504511212703,3.7383758823511015,0.6567845608634115,19.140400886535645,8.21272144317627,20.94849090576172,3.545368814468384,2.089571714401245,1.0437920212745666,0.0889198467135429,7.101098489761353,3.0631804704666137,0.5752665042877197,0.0866642422974109,326.486962890625,2533.35537109375,1820.1821533203124,77.48700866699218,588.3578552246094,90.30902938842772,2.869760847091675,63.25370140075684,140.03764801025392,18.857958221435545,1.1400988578796387,932.900664138794,1485.5786054611206,5352.364963657269,0.7225979102775455,634.3136197090149,222.12818870544436,16.123784520477056,1.9794531222432847
193.93843574070704,92.81935749313962,3.668154195043553,0.53509902189586,23.36221694946289,9.08610315322876,22.642028045654296,4.11143856048584,4.081800842285157,2.1052616834640503,0.0894397541880607,6.851168012619018,3.219497227668762,0.5419493973255157,0.0795599356293678,336.0825531005859,2824.8070556640623,1977.31123046875,91.4087860107422,1146.4282958984377,182.4355682373047,2.9035713195800783,56.66163635253906,146.40829010009764,16.612133026123047,1.0330845594406128,1004.837169456482,1583.373587167263,5623.668312826846,0.9388727709650994,634.6400189399719,220.1956148147583,15.919007878750564,1.938245526701212
246.4773461061195,100.00506788242038,3.686705707177725,0.6323440662123175,20.89484138488769,11.095764923095704,25.38965759277344,4.231958436965942,4.117680764198303,2.147793793678284,0.0876787543296813,6.679193592071533,2.9122530460357665,0.6093859910964966,0.0883139707148075,357.62340393066404,3420.6820556640623,2237.798217773437,92.56618194580078,1160.5838623046875,184.88525848388676,2.8530462265014647,66.4733673095703,127.6151008605957,19.916408348083497,1.137627637386322,1018.5830129623412,1562.0530308008194,5562.201262809615,1.4009084539255128,652.8101243019104,220.14117760658263,15.906880594044924,1.9650806427001952
149.53628011010588,51.79337077615255,3.5952881208920644,0.5613094926506961,19.52641201019287,8.200127506256104,20.23020191192627,3.670489764213562,2.3399383306503294,1.0734333753585816,0.0891106702387332,6.267821788787842,2.9609806060791017,0.5277270674705505,0.0804491646587848,316.7791473388672,2506.3059326171874,1707.53505859375,80.11397171020508,656.7535339355469,92.00425033569336,2.8692811012268065,53.46015586853027,128.3835205078125,16.382267189025878,1.0451326608657836,900.470378112793,1500.4458202838898,5340.413647703919,0.7787130244076252,616.5785445213318,221.8893490076065,16.122528898715974,1.962674854695797
158.52958051695313,51.32958551176707,3.847016065125126,0.5810463873524668,20.065410614013672,8.625656604766846,19.681925964355468,3.5169714450836183,2.215347695350647,1.0960871696472168,0.0885503880679607,7.381433296203613,3.208638072013855,0.5690299928188324,0.0864376604557037,325.15642700195315,2655.9855224609373,1682.9633056640623,77.74942321777344,625.25546875,94.13351593017578,2.880233359336853,70.69399185180664,148.06431884765624,18.001229667663573,1.0813206434249878,928.443800354004,1479.6108630418778,5263.9371843189465,0.7218793673440814,631.7528902053833,222.04045522212985,16.17053451836109,1.974487525969744
152.04995345681235,50.07900810203628,3.879898311790862,0.5701195055242465,21.15085506439209,7.954503726959229,19.822195053100582,3.598013758659363,2.2101671934127807,1.0798262715339662,0.0871878117322921,7.0040265083312985,3.1677944898605346,0.5616378843784332,0.0792901799082756,316.7381591796875,2431.615625,1694.3433349609377,78.08117980957032,624.0740600585938,91.8736213684082,2.8321165800094605,65.56337203979493,145.45401458740236,17.81043472290039,1.0327210783958436,888.5091087341309,1455.9415461540225,5168.466236817883,0.749053401593119,623.0159328460693,224.3348597764969,16.295115856081246,1.9996580973267557
171.40747451326243,50.04193620734259,3.6660236885392576,0.5630573758993137,20.4574670791626,8.689436435699463,22.281550407409668,3.483868503570557,2.193976354598999,1.0590383291244507,0.0878793843090534,6.676348686218262,2.994879055023193,0.5409872233867645,0.0785452261567115,333.15528564453126,2694.222045898437,1942.408984375,78.46305694580079,611.6570495605469,91.62977294921876,2.846855115890503,48.498491287231445,134.1646301269531,16.815315818786623,1.0387250661849976,952.7150157928468,1512.8866826295853,5412.51109567685,0.7505911281332374,645.2376448631287,221.4585582256317,16.030177825689314,1.953241018205881
163.72676271345117,52.03976461652928,3.813022373082117,0.6303905352469542,22.228788948059083,8.38695468902588,21.30923347473145,3.488412094116211,2.3145953178405763,1.0859766602516174,0.0889638483524322,7.058893775939941,3.11803457736969,0.5670108497142792,0.0870594352483749,328.2994354248047,2581.7771484375,1865.448413085937,78.32208709716797,648.7457824707031,94.44602432250976,2.8725165843963625,72.49603042602538,143.4374237060547,18.478918838500977,1.1199861288070678,940.957762145996,1526.7775407791137,5461.87348846402,0.7530951566994191,637.9122601509094,221.8046072244644,16.139569932967426,1.970001830160618
161.691967056485,49.37553146305245,3.587753271375186,0.6321613267068983,20.395585441589358,8.286001586914063,21.62508125305176,3.4077111721038817,2.2596120834350586,1.091209864616394,0.0895491875708103,6.578325653076172,3.041422939300537,0.5712484836578369,0.0917866088449955,327.52393798828126,2550.129541015625,1867.0560302734373,77.05288619995117,634.087353515625,93.40258102416992,2.8947932958602904,64.33624572753907,133.47554626464844,18.65688247680664,1.1423906564712525,918.7016616821288,1535.900367164612,5494.121961037256,0.7526191068813205,635.9435937881469,222.11033849716188,16.127815978229044,1.9748409282416104
171.03959674917277,50.56363867395157,3.549399497335821,0.5633801403752386,20.08353271484375,9.230742454528809,20.733285331726076,3.5714380979537963,2.184839296340942,1.1066331386566162,0.0885832861065864,6.272269773483276,2.8812519550323485,0.5314732789993286,0.0795226782560348,334.45224609375,2850.2792236328123,1811.5431762695312,79.07447204589843,610.3485717773438,94.97805633544922,2.870582866668701,58.69826049804688,123.95112838745118,16.55935878753662,1.0408364415168765,938.666428756714,1505.9389828205108,5386.683371790918,0.7424425296485424,646.3456408500672,221.261421084404,16.019221177697183,1.9495447404682635
159.34006302442648,52.48206662656903,3.628295023822443,0.5485161125733384,19.6845458984375,8.253237247467041,19.91160430908203,3.4872532367706297,2.370623970031738,1.1348799824714662,0.0890017934143543,6.756037330627441,3.0914623737335205,0.5472326576709747,0.0783444076776504,323.467041015625,2546.2977783203123,1691.509033203125,78.70586395263672,666.9841857910156,96.53168563842772,2.8966620206832885,62.71449928283691,136.41351928710938,16.78238925933838,1.030474841594696,945.101565551758,1516.115422940254,5358.233307511732,0.7550413493067026,627.4928505897522,221.88516664505005,16.1137645855546,1.9599116258323197
163.24110929043815,49.97530512142075,3.734674582895423,0.6578765919668967,21.514499473571775,8.175253009796142,19.88895740509033,3.5663339614868166,2.1101412057876585,1.1181776881217955,0.0877674877643585,6.915137434005738,2.9882402420043945,0.5991195738315582,0.0896769315004348,323.51604919433595,2518.870776367188,1746.9528564453126,78.35101470947265,589.6494567871093,96.32704086303713,2.8358567237854,64.51351852416992,134.3142532348633,19.660682106018065,1.155525028705597,911.4896453857422,1530.059610271454,5499.923738980899,0.7714531168341636,630.6937846183777,222.3267898797989,16.125353956967594,1.9865853853523727
157.89629222179647,52.02874958496568,3.586687515951007,0.5595594717291306,21.711983489990235,7.840251874923706,19.874007415771484,3.53690242767334,2.387375617027282,1.1046472549438475,0.0881452403962612,6.468696355819702,2.938230204582214,0.520307207107544,0.0833363905549049,319.8971343994141,2418.545166015625,1727.0809448242187,79.62775268554688,664.1481506347657,94.10850219726562,2.866095805168152,55.94821281433106,126.92358627319337,16.20428924560547,1.0564037084579467,924.3947387695312,1472.2694254636765,5251.908953970671,0.7374324776232243,622.0081079483032,221.72075498104093,16.105207291990517,1.9597282961010931
163.29417600040978,49.29686010263568,3.55723441888797,0.6208918587284984,20.1789514541626,8.72328519821167,20.693743324279787,3.42235791683197,2.1611354827880858,1.0826368570327758,0.0891909025609493,6.84195728302002,3.152754592895508,0.5519773900508881,0.0835660979151725,329.37169494628904,2697.025634765625,1786.9744995117187,76.94570693969726,606.0675964355469,92.13675994873049,2.890612959861756,61.24762306213379,137.19854278564452,17.885891723632813,1.0984330296516418,903.3977375030518,1473.7740607023238,5383.020331852464,0.7206578138284385,641.1015549659729,222.7172346830368,16.16606792062521,1.9795245826244356
156.03487786817203,53.31277566629306,3.6141669933998855,0.5607568435800317,22.54502754211426,8.203805351257325,20.40583438873291,3.667457938194275,2.35499758720398,1.125738298892975,0.0874687872827053,6.576474714279175,2.882744717597961,0.5455896437168122,0.0852928660809993,322.9413116455078,2537.8765380859377,1758.1245483398438,80.57776489257813,660.7483581542969,97.42515029907229,2.8349719524383543,62.82835998535156,124.14661865234376,17.021909332275392,1.0646383047103882,892.6068653106689,1528.6367094039915,5471.959569334099,0.7904153514653445,631.1662483215332,221.95261912345887,16.07349062561989,1.9641980923712252
186.627555556022,97.25611067346362,3.6005124597378426,0.6543509363482599,20.807881355285645,8.544592094421386,22.412559700012206,4.041859149932861,3.0134357690811155,1.601469361782074,0.0881733678281307,7.057655477523804,3.2870876789093018,0.6369173407554627,0.0892924137413501,337.4456817626953,2619.4677490234376,1965.3789184570312,91.027294921875,853.7768249511719,140.0588279724121,2.8449440956115724,58.06410598754883,150.37315368652344,20.93495464324951,1.1471505522727967,965.0634689331056,1546.0966391563416,5552.052086025747,0.7546231279149651,637.001123046875,220.496208524704,15.855950189381838,1.9638728074729443
164.71890216791653,48.62733304453023,3.650025109032458,0.657725744108609,19.779794692993164,8.536347579956054,21.327290725708007,3.504603385925293,2.1246511459350588,1.058214008808136,0.0884318083524704,6.978388690948487,2.91602098941803,0.6014915585517884,0.0906884633004665,329.53318481445314,2629.5054443359377,1834.08125,77.75191726684571,591.0659057617188,90.86030044555665,2.8679621696472166,51.25256462097168,130.52525024414064,19.7588098526001,1.1626954436302186,909.8068634033204,1545.922118806839,5605.537203413946,0.7711601445451379,640.1548374176025,222.076190662384,16.096768763661384,1.981488126143813
151.48309915106438,53.91365013237719,3.863570672664833,0.6756870057628589,21.37570171356201,7.931182861328125,19.09577980041504,3.480851435661316,2.4041725635528564,1.157707417011261,0.0873883448541164,7.372889661788941,3.259877777099609,0.5970967471599579,0.0893981173634529,317.0392333984375,2455.203564453125,1616.3425903320312,79.0387680053711,675.2105834960937,98.3703742980957,2.847179317474365,68.05474700927735,149.24728393554688,19.66489143371582,1.1718055844306945,906.6282329559326,1512.591657924652,5330.241281536781,0.7625724658370018,620.2752025604248,222.6985777139664,16.198761727660894,1.993976948037744
154.6450631366533,51.12937810272015,3.710998986175128,0.6528198420765534,21.08276424407959,8.405264377593994,20.188305854797363,3.436697030067444,2.1959209203720094,1.1415013551712037,0.0884732417762279,6.948978471755981,3.184780097007752,0.6048321962356568,0.0929574824869632,323.8190155029297,2586.3183349609376,1718.1267211914062,78.04568328857422,613.7259887695312,98.24093933105468,2.8767616033554075,64.97750473022461,143.093017578125,19.83199291229248,1.1634145498275756,894.7942203521728,1499.656688451767,5358.338123838184,0.7538366990163923,631.6126519203186,222.51666789054872,16.160451929271222,1.9917649887502196
161.6467433612532,48.41501645056614,3.685279057380944,0.5752211769561427,21.76450843811035,8.27653398513794,21.53557891845703,3.591881012916565,2.049024963378906,1.0703445196151733,0.0888490632176399,6.765868759155273,3.2224867820739744,0.5648571789264679,0.0848169088363647,327.5482940673828,2548.78701171875,1864.710595703125,78.1065902709961,574.3309997558594,91.05849227905271,2.8780288219451906,61.618840026855466,144.77958984375,17.78907718658447,1.069462502002716,912.0737396240236,1527.292422223091,5547.684405259555,0.745739347115159,636.6450234413147,221.8857766866684,16.106752057373523,1.967777160555124
162.09668092141655,51.86659627494701,3.814892654287815,0.6310600463106653,20.44057140350342,8.59841251373291,19.75477886199951,3.4300994873046875,2.254734468460083,1.148190188407898,0.0881100103259086,7.149712419509887,3.1539571285247803,0.5827006161212921,0.0826273955404758,326.1868621826172,2658.746240234375,1696.412255859375,77.77813491821288,636.2995178222657,98.06379318237305,2.86405611038208,70.83115234375,143.73280181884766,18.92938117980957,1.096454632282257,916.9478965759278,1525.4697459220886,5447.599329452217,0.7601798022165894,633.8112095832824,222.1632021665573,16.155343102663757,1.9783371530473235
170.66358843150957,49.8864080670859,3.683147593522404,0.6201799060582289,20.52421646118164,8.884693622589111,22.55604953765869,3.621883940696717,2.1288637638092043,1.044409167766571,0.0897734612226486,7.170053339004516,3.1285972595214844,0.5537440240383148,0.0879405751824378,336.03705139160155,2742.4939208984374,1951.4779174804687,79.20144729614258,593.2771118164062,90.56401977539062,2.904227566719056,55.68524284362793,143.8800048828125,18.020318222045898,1.1111968517303468,933.3235359191896,1519.1198442220689,5507.610881423252,0.7576131472364068,649.7791479110717,221.2824470758438,16.030432803183793,1.9593015499413011
151.23260941175687,53.6230658206262,3.5089452137731767,0.6591327415515366,22.538194847106933,8.13756856918335,20.445607376098632,3.613325262069702,2.5402751684188845,1.1500407814979554,0.0892240926623344,6.656821393966675,2.910682845115661,0.5832675933837891,0.095572243630886,316.4024139404297,2484.6945068359373,1760.7520629882813,80.79044494628906,708.9879089355469,98.89696197509764,2.8793450355529786,49.68197135925293,126.97038192749024,19.17300910949707,1.188311553001404,886.3313888549804,1497.6091769218444,5304.278328222688,0.8081126354634762,620.8783268928528,223.2659454345703,16.20426146313548,1.996476106345653
154.36442829783482,52.76592741093491,3.81711112106409,0.6753184458714486,22.54845085144043,8.189653968811035,19.012821388244628,3.588327932357788,2.2809351205825807,1.2214105248451232,0.0874135471880435,6.915451192855835,3.1782325506210327,0.6057380437850952,0.0906097926199436,316.12916259765626,2544.591479492188,1626.1864624023438,80.20962295532226,641.64580078125,104.67908172607422,2.848373007774353,70.1490234375,143.1503662109375,19.964788818359374,1.176483118534088,910.8497764587404,1534.7846485853197,5449.8528402875645,0.8079338762909174,618.5004201889038,222.4720455646515,16.183218685537575,1.991930166259408
167.1165356913989,51.01646199851302,3.698462614638242,0.5928243343101144,19.301302337646483,8.83934965133667,21.686104011535644,3.44158787727356,2.141598677635193,1.108261775970459,0.0873435147106647,6.448651599884033,3.1308305978775026,0.5814124286174774,0.0802684791386127,335.4613800048828,2739.3065673828123,1885.3781982421876,77.9280403137207,601.9908203125,94.89561614990234,2.8356080055236816,48.35279769897461,140.0383316040039,18.45652332305908,1.0623453855514526,936.4311672210694,1528.9221921920775,5467.941203502565,0.7227845693007111,649.7064115524292,221.4402894735336,16.025313524156807,1.9641662009060383
165.80019258323372,51.55509396266443,3.583847731919968,0.5689763265460442,20.8306734085083,8.361337661743164,20.394729232788087,3.590958333015442,2.3365206003189085,1.147437000274658,0.0894045747816562,6.922344636917114,3.2371780633926392,0.5330668032169342,0.0849337570369243,326.0690155029297,2588.3224609375,1788.6560791015625,79.75407333374024,650.8710205078125,99.5302947998047,2.9090247631073,54.322197341918944,143.3155776977539,16.74774036407471,1.0651621580123902,929.7599754333496,1502.7065661907195,5445.233499261643,0.7500227555632591,634.037232875824,221.69277176856997,16.086945301294328,1.9585832737386224
156.05417637723002,52.23142806787109,3.849947980795082,0.6685342594587155,22.54786605834961,8.484009552001954,19.490895080566407,3.612384057044983,2.208662223815918,1.1008752465248108,0.0881207540631294,7.119664859771729,3.362823176383972,0.6183564960956573,0.093775987625122,322.85817260742186,2601.863720703125,1695.2583374023438,79.74110336303711,620.0055236816406,94.6957145690918,2.8638351202011108,74.17186813354492,153.5323913574219,20.364008331298827,1.1836297869682313,918.3368484497072,1482.3926247119905,5233.957279686071,0.7558571496978402,631.291920375824,222.43108806610107,16.188239938020708,1.994873284548521
193.65703888967252,91.03587697219535,3.703573762398855,0.6277180379652691,20.737710762023926,8.97297306060791,23.296922874450683,4.069223880767822,4.035183405876159,1.9408210873603824,0.0889955505728721,6.862634706497192,3.243451547622681,0.5741375744342804,0.08393514752388,337.1305084228516,2792.8440185546874,2011.278173828125,90.39193572998047,1140.4607543945312,169.37650604248046,2.887735962867737,65.5131820678711,147.1093307495117,18.70128002166748,1.1043067812919616,1006.7193233489992,1573.0882645964623,5560.255578738264,0.866984800028149,637.7572240829468,220.7105937957764,15.951738346368074,1.9556182969361544
149.77904120961392,54.03075703770264,3.8255923328806376,0.549223994471879,21.27296199798584,7.555423545837402,19.124501037597657,3.642439532279968,2.419006037712097,1.1342355370521546,0.0870695032179355,6.854351949691773,3.0899759769439696,0.5538966298103333,0.0821570917963981,316.1880279541016,2332.472314453125,1613.4005493164063,80.42882766723633,682.9704772949219,98.63341827392578,2.8263548851013183,60.3175724029541,141.15170593261718,17.041042137145997,1.0444713950157165,910.2055210113524,1491.441375279427,5231.858692472941,0.8183599449694157,617.0252177238465,222.05293459892272,16.11431448161602,1.969188030809164
193.8820298616629,99.43752569673634,3.6973049302839622,0.5750809928677996,20.266976165771485,10.29752311706543,25.86492290496826,4.107185697555542,4.89890832901001,2.4688318967819214,0.0890825092792511,6.683526039123535,3.298434853553772,0.540120804309845,0.0848140902817249,342.66326293945315,3178.520971679688,2225.53876953125,92.81725006103515,1377.351416015625,214.0049835205078,2.8701863050460816,54.52988815307617,149.7139465332031,17.157072448730467,1.092176330089569,1022.1808645248414,1646.4966994762422,5701.092978519574,1.0204271828057243,641.7230127334594,220.6070280790329,15.96845496892929,1.952942756563425
165.2443034659227,49.27530708670047,3.734151171641361,0.5537495302844718,21.58277282714844,8.640898323059082,22.089579772949214,3.622087097167969,2.157332348823547,1.1143195033073423,0.0884231314063072,6.919850015640259,3.230355954170227,0.5444295287132264,0.0821367971599102,333.01311645507815,2643.375634765625,1925.5036987304688,78.79202270507812,606.2644897460938,95.46351928710938,2.8610578298568727,71.60297393798828,144.83248443603514,16.878461647033692,1.0456133604049682,928.838338470459,1520.5156973600388,5511.367511370592,0.7676227688789368,644.517681980133,221.436563372612,16.083745720982552,1.9538789957761764
160.38247153927296,52.11428825772882,3.63595901215117,0.6415059256979816,23.62168025970459,8.571653652191163,21.24660301208496,3.5513306617736817,2.2780683517456053,1.1862462520599366,0.089586441218853,7.141447305679321,2.989156556129456,0.5903223931789399,0.0909447439014911,329.08497009277346,2652.7935791015625,1834.6859741210935,79.64678955078125,636.0142761230469,102.3827346801758,2.9026546478271484,61.49942741394043,134.3130142211914,19.317520332336425,1.1454182863235474,907.0961990356444,1542.7380808830262,5512.414411651576,0.7853311138227582,640.9683986663819,221.8899883270264,16.089886989444494,1.976640444621444
154.84991083462666,51.40630816375142,3.738562363431947,0.5572165918374026,21.804941368103027,7.832031726837158,20.332508277893066,3.568099045753479,2.351394915580749,1.053702676296234,0.0892509870231151,7.242990255355835,3.3501349687576294,0.5583068072795868,0.079902908205986,320.1843231201172,2418.073193359375,1742.9760131835938,79.02797012329101,656.3769348144531,91.46993103027344,2.889465951919556,63.480899047851565,153.14402923583984,17.227334594726564,1.041258454322815,903.0219478607178,1514.619349527359,5416.560328201204,0.7796435628086329,624.1949433326721,222.06217255592347,16.168142426759005,1.9695673651993275
163.63637013805783,50.02934125572419,3.8205333180696472,0.5804827854553196,22.14262237548828,8.519086265563965,19.826480102539065,3.5501556634902958,2.15158805847168,1.1040405750274658,0.0879528157413005,7.212856435775757,3.195638108253479,0.5396928548812866,0.0851864784955978,326.2108825683593,2638.4354736328123,1736.85830078125,78.34253616333008,600.8696533203125,95.71021881103516,2.851167678833008,66.7620735168457,146.7873336791992,17.10465450286865,1.076426982879639,929.3358337402344,1521.558745932579,5498.157086067879,0.7818865094333887,633.4790958404541,221.65580677986145,16.12126218676567,1.9609924249351025
160.02156821425015,54.11848798936035,3.859357406614413,0.5893419235146553,23.08507213592529,8.74332857131958,19.387287902832032,3.5080398082733155,2.4445088863372804,1.178639829158783,0.0887590907514095,7.458909559249878,3.243160223960877,0.5707353472709655,0.0826351150870323,326.0472442626953,2702.4578857421875,1682.930517578125,79.32338790893554,689.5238952636719,102.1329246520996,2.8827428579330445,77.53448944091797,149.656982421875,18.08596267700195,1.0695620775222778,920.0193576812744,1517.0123859882356,5390.593985160673,0.7799155075103045,635.6097874641418,222.0607626914978,16.173275812715293,1.9705797851085665
156.31122400591047,54.00082686841115,3.568783356168251,0.5691059569333902,22.24039707183838,7.813117456436157,19.606016159057617,3.6941604137420656,2.482477045059204,1.1444339990615844,0.0882743991911411,6.287021827697754,3.027575206756592,0.5539416790008544,0.080699985474348,315.7112060546875,2410.6851318359377,1706.35791015625,82.25306549072266,690.7465881347656,98.40116653442382,2.8622931957244875,48.07022895812988,131.2812469482422,17.275374031066896,1.0507529377937317,891.2416366577148,1526.645945596695,5403.716535021877,0.8381427500396967,617.9678135871887,222.05398614406585,16.108643674850462,1.9694140069186687
163.99803330786744,52.48037615512394,3.617589617716908,0.5660373309263264,21.050521659851075,8.53285617828369,20.23976345062256,3.516749882698059,2.203451991081238,1.1251492977142334,0.0874667651951313,6.651276874542236,2.898207926750183,0.5392155051231384,0.0853794112801551,327.5594085693359,2652.062866210937,1735.764733886719,79.33531188964844,615.5582214355469,97.8565574645996,2.8287617683410646,60.07245216369629,125.70864181518554,16.937915992736816,1.0664990067481994,928.1647743225096,1523.6493301391602,5421.381938355323,0.7724442632868886,634.5593181610108,221.3745132446289,16.043464371562003,1.95578538402915
157.92394865876267,52.2036062506012,3.813125959620856,0.6158812051406926,21.366997718811035,8.341495323181153,20.80012168884277,3.546354413032532,2.423611545562744,1.204287338256836,0.0873703993856906,7.277083492279052,3.3465664863586424,0.572955334186554,0.0836724214255809,325.4969207763672,2559.144384765625,1783.546472167969,80.18832397460938,673.945556640625,104.12360229492188,2.8458777189254763,74.31824111938477,150.29934844970705,18.485380935668942,1.0868280529975891,918.8249530792236,1502.303733634949,5357.626400098484,0.7686247922480106,633.7658144950867,221.96240196228027,16.132691794633864,1.97361271455884
157.1491078717736,51.357928815804826,3.5805197948675413,0.5837170059220966,21.57443008422852,8.202270889282227,20.01539268493652,3.447618699073792,2.2454279184341432,1.0585740447044372,0.0886401452124118,6.340336751937866,2.954195499420166,0.5236971437931061,0.0807442985475063,322.8277862548828,2521.5468505859376,1729.0963623046875,77.62861022949218,631.71875,91.1128189086914,2.8738307476043703,67.67757873535156,126.63618927001951,16.53072509765625,1.0607858538627624,914.0013484954834,1495.0285343170167,5317.422724409402,0.749107058905065,627.258877658844,221.90516865253448,16.12807050421834,1.962913116812706
207.7808809458584,99.35578656769556,3.741360117016529,0.6374998672759716,20.704908180236817,11.107812881469728,26.85695552825928,4.125467681884766,4.861796188354492,2.334433388710022,0.0872990973293781,6.560400390625,3.172545075416565,0.6041027069091797,0.087298559397459,347.4067687988281,3439.4041259765627,2357.51572265625,92.85813369750976,1359.6253295898437,202.5423706054688,2.82009346485138,68.09556579589844,139.79415435791014,19.7336217880249,1.1442216277122497,1036.346231842041,1628.5184712648393,5753.769094998203,1.0549342237412929,651.1017735481262,220.99958872795105,16.004417260736226,1.9775112528353929
178.4003400642061,91.41274582262284,3.6101823361095056,0.5667606155691942,21.975392150878907,8.773787593841552,21.43252182006836,4.114253997802734,3.819125890731812,1.949869799613953,0.0879578679800033,6.709804058074951,3.098459362983704,0.5530767321586609,0.081067581474781,331.35570068359374,2728.2361328125,1863.6777465820312,91.36024169921876,1072.122607421875,168.8188949584961,2.8653393268585203,57.71780128479004,137.9008331298828,17.384742164611815,1.0461045861244205,994.556640625,1565.681225848198,5529.272632094799,0.7403476394712925,630.180487537384,219.7918756723404,15.862445138394833,1.936256569623947
152.29737218330555,57.50054811738655,3.7323293228854935,0.6349531702611898,22.74029693603516,7.630532789230346,19.473746681213377,3.658520460128784,2.6092358112335203,1.220843291282654,0.0892297595739364,6.901411247253418,3.119645357131958,0.5781581461429596,0.088327657431364,315.94187622070314,2343.8759521484376,1682.1694946289062,82.24263763427734,726.88505859375,105.37024383544922,2.8783074378967286,65.91843872070312,142.0570526123047,18.85614471435547,1.128243267536163,899.5188449859619,1553.5403924703598,5480.988256886974,0.8245041979476809,617.9960724830628,222.09573752880092,16.144364289194346,1.9790418468415736
233.7169399570172,99.92892059222868,3.6763132246532906,0.6068614995623534,19.99424724578857,10.646738147735595,26.600989532470702,4.231685781478882,4.294143772125244,2.2890496492385863,0.0878315210342407,6.554641819000244,2.8555556535720825,0.5493558287620545,0.0839006148278713,350.94736633300784,3315.0388671875,2328.2900634765624,92.86074447631836,1207.3790283203125,199.2514129638672,2.849627113342285,64.87319946289062,124.6804702758789,17.790230178833006,1.1049135088920594,1022.404182434082,1590.714659178257,5641.237408108497,1.2437368306797,644.2339870452881,220.42966747283936,15.930682945251466,1.9549675732851028
167.009817190998,49.69618015677152,3.52137133076601,0.6671328969228284,20.572534561157227,8.568799114227295,20.580489540100096,3.548258090019226,2.200031304359436,1.0660945534706117,0.089522848278284,6.334924840927124,3.100799226760864,0.5936487972736358,0.0872545525431633,330.3656982421875,2657.93828125,1797.88427734375,78.6379295349121,615.8154663085937,91.04122848510742,2.9027665853500366,52.65352592468262,133.32642669677733,19.52153625488281,1.1522876858711242,933.69485206604,1507.0867812156678,5399.997747909324,0.7371801299974322,642.1541125297547,221.9083057641983,16.090774400532247,1.9790829624980688
156.97710354242008,51.76182611049372,3.7305151432740105,0.6484253803825254,19.82555446624756,7.940891408920288,20.24608497619629,3.54616539478302,2.293417859077453,1.1711126685142517,0.0884612768888473,7.059870290756225,3.1374892234802245,0.6031125068664551,0.0898041225969791,321.255419921875,2443.6516845703127,1722.7394775390626,79.00025863647461,642.0114868164062,100.22379989624024,2.860322427749634,70.39153442382812,140.89849243164062,19.736964225769043,1.1450228452682496,911.0627418518068,1529.6114210128785,5438.972002195614,0.7595135878771544,625.9320450782776,222.3696729183197,16.165646643191575,1.987924198806286
203.5688904379596,99.79736369736928,3.854126071073461,0.6640787758503393,21.64113998413086,11.25657539367676,26.64851894378662,4.226672220230102,5.155879831314087,2.387700748443604,0.0872597657144069,7.19317307472229,3.0880138158798216,0.5706649959087372,0.0907071843743324,347.796533203125,3501.6180419921875,2297.835424804688,92.4045166015625,1455.63642578125,204.0364227294922,2.8347979545593263,72.89176483154297,140.5475646972656,18.83722801208496,1.197774314880371,1026.7953632354736,1626.6037529706955,5672.272311561415,1.1322442679200322,646.9929913520813,221.03546793460845,16.034588507562876,1.9712422728538512
159.17085260931418,53.264180007223786,3.577638580119924,0.5461433454471603,21.96027946472168,8.384315872192383,19.639000701904298,3.589300632476806,2.3369515180587768,1.1722339510917663,0.0899270549416542,6.927351474761963,2.942010855674744,0.5500772953033447,0.0788313150405883,323.6759063720703,2582.2995361328126,1719.2298217773437,79.82722854614258,654.3649230957031,100.85724487304688,2.903061366081238,48.64992294311524,131.02396087646486,16.861685943603515,1.0309360384941102,930.959998703003,1531.6271526575088,5433.085826740042,0.7788859225809575,629.851153087616,221.54589567184448,16.100319854170085,1.957961677014828
185.54246984140767,96.87081273272324,3.6219615721202216,0.6424117416934336,23.361294555664063,10.326293849945069,23.62672119140625,4.10585036277771,5.103369808197021,2.4189238786697387,0.0868290103971958,6.10959038734436,3.125162720680237,0.5631521880626679,0.0914681315422058,336.8635589599609,3179.86162109375,2069.0802734375,92.53349990844728,1432.7551513671874,208.59953765869145,2.8018741607666016,43.54015197753906,133.3353698730469,18.498674964904787,1.1659752488136292,1022.519889640808,1657.9717020273208,5767.6533403266685,1.0331240203231573,639.0265335083008,220.78323497772217,15.914371003210544,1.957859791815281
163.4642912972384,49.2775309691564,3.705966718708351,0.6378049559145097,19.20149269104004,8.398531723022462,20.3008939743042,3.4607080221176147,2.2310622930526733,1.0497142791748046,0.0885522820055484,7.228417253494262,3.135975241661072,0.5682101309299469,0.0859038233757019,326.07607116699216,2588.585888671875,1741.8157470703125,77.28792724609374,623.5475463867188,90.45361328125,2.879116034507752,51.64969673156738,142.72073364257812,18.53573360443115,1.1208726406097411,908.9064567565918,1542.7937158107757,5566.023744322965,0.7624387120828032,632.6458283424378,222.0845442533493,16.121465503424407,1.97469462454319
161.77296863400187,51.82204920453032,3.612615790800123,0.5768584969100402,20.839080810546875,8.379684543609619,21.447494316101075,3.510594892501831,2.347282648086548,1.0888340473175049,0.0895437382161617,7.063894844055175,2.9754253149032595,0.5522958636283875,0.0826033525168895,328.5377502441406,2585.03427734375,1834.717944335937,79.40524749755859,653.6837219238281,94.09833221435548,2.904481601715088,51.5994457244873,133.80291290283202,17.417505264282227,1.064145040512085,927.1884601593016,1540.9486652851106,5509.515391650237,0.7774428837001324,637.0917157173157,221.43067088127137,16.07135641127825,1.9584438249468803
151.5656652530037,53.1393098036021,3.5834714439264417,0.5756909849097951,21.27105484008789,8.27549867630005,19.10095996856689,3.449715089797974,2.2859167098999023,1.1962664484977723,0.0901064485311508,6.495400905609131,3.2590707302093507,0.5406359612941742,0.0839979834854602,319.906787109375,2561.5054931640625,1615.64609375,78.22592468261719,642.7208251953125,103.8366600036621,2.889405131340027,45.476702499389646,141.64107818603514,17.013690185546874,1.070402491092682,907.5843704223632,1505.9478199720384,5339.717120075086,0.7559212660416961,623.3558045387268,222.16622498035431,16.149123024195433,1.9691444627940653
155.31305141372286,49.09868431542336,3.712842139309714,0.5890844096211936,20.393427467346196,8.001844596862792,19.97750473022461,3.465167641639709,2.126134490966797,1.0143103837966918,0.0866697929799556,6.713553619384766,3.0469882249832154,0.5524398207664489,0.0835476875305175,320.5276824951172,2484.2549072265624,1686.0715576171874,77.47703399658204,593.7991455078125,88.16028213500977,2.82421817779541,66.84984130859375,132.55655975341796,17.520258712768555,1.075356912612915,905.4889236450196,1499.6301988124849,5348.210070821876,0.7527097843587398,623.7511528968811,222.2221354007721,16.134739853441715,1.9741796560585496
167.62728539293312,49.61163024051757,3.564120920706955,0.662249768536185,20.71110134124756,8.37855043411255,22.17214889526367,3.4169808864593505,2.1940218210220337,1.0243997931480409,0.088040617108345,6.468152809143066,2.9321319818496705,0.6354282438755036,0.087133764475584,332.7428314208984,2601.608251953125,1937.487756347656,77.07831802368165,616.1022399902344,87.39655151367188,2.853730797767639,48.31284599304199,126.8871467590332,20.82950954437256,1.1455271601676942,923.6138439178468,1480.5189636945724,5302.413836652413,0.723076856508851,647.5243967056274,222.26935324668884,16.088227471709253,1.993806196004152
147.6739482541161,55.48118154370477,3.729781462666915,0.6451874709317508,23.224677276611327,7.650980854034424,18.638248252868653,3.60672779083252,2.559210443496704,1.2643878221511842,0.0893967323005199,7.329295063018799,3.1756723880767823,0.6199447691440583,0.0891832128167152,315.36916198730466,2355.16025390625,1587.0697021484375,81.31261749267578,712.2328002929687,108.64450607299804,2.9036080598831178,61.531237030029295,145.37571716308594,20.23466663360596,1.1374379754066468,893.4954216003418,1526.9107086896895,5412.590809958335,0.7853757672011852,619.9529651641845,222.8224529981613,16.179424623399974,1.9983640756458043
150.48994800942964,56.1293709358406,3.781113410643639,0.6416166547703824,22.573659896850582,7.985499143600464,20.00403537750244,3.6391190767288206,2.4086440801620483,1.2245267033576963,0.0877165846526622,6.881036853790283,3.3225966453552247,0.5802929162979126,0.092440927028656,316.213037109375,2466.706982421875,1702.0518310546877,81.02562637329102,675.8054931640625,105.09761810302734,2.856784176826477,60.919036102294925,150.57020111083983,18.98988304138184,1.15220867395401,910.2432720184328,1531.9419913291931,5362.137398796668,0.7944610694423317,618.0347082138062,222.26322112083437,16.14773223698139,1.982920380309224
163.02585186649958,51.72355056129136,3.805695131404241,0.6238065398478512,22.579841804504397,8.497711658477783,20.352089881896973,3.596298146247864,2.2113273620605467,1.1168485164642334,0.0876898527145385,7.284564542770386,3.0713668346405028,0.5546336650848389,0.0832521229982376,327.1271057128906,2637.681640625,1766.3587768554687,78.62068786621094,623.3861755371094,96.76840057373047,2.8521019220352173,70.00534362792969,139.4729202270508,18.008946800231932,1.0948856115341186,925.0216049194336,1523.167380142212,5532.20060669817,0.7619261540472507,635.4692561149598,221.77763698101043,16.116036964952947,1.9679627545177936
172.96042212263347,49.26650081233838,3.574147733451423,0.6224933590990759,20.24687671661377,9.077196216583252,21.60453586578369,3.48446900844574,2.102820348739624,1.052518904209137,0.0896512806415557,6.24691071510315,3.160207223892212,0.5755937993526459,0.0820328965783119,337.6077423095703,2823.041455078125,1889.7632568359372,77.74833831787109,585.7886169433593,89.80315246582032,2.8806018590927125,46.76437072753906,137.7523193359375,18.659501457214358,1.082453763484955,923.5888389587402,1485.4743002176283,5334.953591005411,0.717818046733737,653.6175242424011,221.6330604314804,16.04029044508934,1.9694214217364787
169.01211331758606,47.217871440059206,3.676036479921527,0.6621023318722905,19.63595962524414,8.411118221282958,21.87374591827393,3.476966071128845,2.065918970108032,0.9780275642871856,0.0886199884116649,7.069865942001343,3.111103081703186,0.5850903928279877,0.0938906826078891,330.06549072265625,2616.87890625,1874.0784301757808,76.96493072509766,576.9814331054688,84.21639099121094,2.879889488220215,53.71453857421875,140.23392639160156,19.26883926391601,1.1795896649360658,922.1361110687257,1508.522858953476,5437.766822308256,0.7454516395926476,641.487363243103,222.2698136806488,16.10805916786194,1.9814484968781472
164.37579826280708,51.19737389566135,3.683597864695957,0.6249147325013155,19.90421619415283,8.24125337600708,21.59289073944092,3.4361982583999637,2.280105400085449,1.0468371868133546,0.0888420090079307,6.695180130004883,3.035768747329712,0.5865792393684387,0.0892537720501422,328.078466796875,2530.91982421875,1870.83466796875,77.16499633789063,641.6378356933594,91.06573257446288,2.885839438438416,62.54815559387207,135.7664764404297,19.08745326995849,1.1238447189331056,937.9661056518556,1522.0116119384766,5426.031421099649,0.7626998979598284,636.8676543235779,222.1316462278366,16.12115268483758,1.9775956615805623
166.51057479386728,47.53832015323288,3.678950224501591,0.6192598879184971,20.04084129333496,8.448489379882812,20.45288772583008,3.559213328361511,2.1294517517089844,1.0393717765808106,0.0875124759972095,6.470452785491943,2.9921212673187254,0.5716454029083252,0.0871054507791996,327.04197387695314,2609.9009033203124,1789.28515625,77.42438659667968,597.5805236816407,88.55466003417969,2.8346567869186403,55.60595703125,132.30223388671874,18.54323616027832,1.1057142972946168,915.3486637115478,1483.8329078674317,5412.591085167276,0.7393953515216708,635.9737789154053,222.0991912126541,16.097031946480275,1.9782966554164887
157.53315871029773,53.51756588591415,3.812284806527509,0.558166219809425,19.65056915283203,7.965965223312378,19.322927474975582,3.6491328477859497,2.40879020690918,1.1437248706817629,0.0890957586467266,7.4494367122650145,3.2184831619262697,0.5452696800231933,0.08034588098526,319.6663391113281,2436.768310546875,1671.2789916992188,80.63998184204101,672.2040100097656,98.15204849243165,2.8962358951568605,76.89175872802734,147.3310119628906,16.89518299102783,1.043552672863007,925.3299083709716,1534.4969926357269,5450.650942830788,0.7808580858632922,621.4189413070678,221.63219540119167,16.17729950323701,1.959861110150814
155.8037661673916,53.74501809510675,3.705288235305784,0.6164310849835942,20.506188201904298,7.800794410705566,19.16995410919189,3.64804060459137,2.287780451774597,1.1755908966064452,0.0892668329179287,7.124428749084473,3.0570774555206297,0.5707089722156524,0.089567980915308,317.41844787597654,2401.969482421875,1641.0016479492188,80.77742004394531,640.4994812011719,101.54727783203126,2.8912363767623903,58.193474197387694,139.65048217773438,18.527006721496583,1.1147131681442262,915.9339393615722,1541.4092414855957,5444.385730325058,0.8093573262915015,618.866819190979,222.04641704559327,16.133028418570756,1.9762696951627727
146.4889389012191,55.995649076057816,3.5606413939274946,0.5464629553316399,23.42412052154541,7.481876611709595,18.260413932800294,3.5575308561325074,2.381371784210205,1.2527143359184263,0.0889566525816917,6.655026483535766,2.924749422073364,0.5446475744247437,0.0833843752741813,316.0058929443359,2305.4519287109374,1547.4827880859375,80.48610000610351,672.7597412109375,106.96136856079102,2.893337631225586,50.19887504577637,127.6373908996582,16.777811813354493,1.0484905123710633,883.282710647583,1522.5782458543777,5378.522752773157,0.793525311909616,617.3313214302063,222.07129130363464,16.14105749875307,1.9669928908348084
205.7463318612849,103.63564087155136,3.7429272720667086,0.5981710370979954,20.35812282562256,11.157589721679688,26.96985893249512,4.104066991806031,4.901801300048828,2.4428305864334106,0.0901771299540996,6.610354566574097,3.3900565624237062,0.5725777864456176,0.0920356981456279,347.8181976318359,3424.2610107421874,2328.0076171875,92.44550247192385,1374.3415161132812,211.5622756958008,2.874195671081543,50.97421569824219,150.75658111572267,18.52946186065674,1.1332653641700745,1018.4319019317628,1623.1481212854385,5638.634861346194,1.202209129044786,641.1488872528076,220.9593584537506,15.998975566029548,1.9689780808985236
158.11630967085802,50.03960569081882,3.624359972936304,0.6431818740079962,21.547684478759766,8.217758750915527,20.713858222961427,3.474535083770752,2.1201724290847777,1.0773046493530274,0.0873547978699207,6.275305080413818,2.886837530136108,0.5770270705223084,0.0894083626568317,324.6263763427734,2525.306787109375,1785.8116455078125,77.26733932495117,595.0203796386719,93.31633682250975,2.8226096391677857,47.38722267150879,125.60788650512696,18.86071071624756,1.1402329683303831,906.500952911377,1483.9985056638718,5293.875424535247,0.749327877536416,631.8736473083496,222.34855496883392,16.11587549522519,1.9839172784239052
166.75306428564363,50.12070327106312,3.779144103684916,0.5759508520991516,19.55718593597412,8.740453910827636,20.732702255249023,3.5116365432739256,2.1841451644897463,1.113225030899048,0.0876533456146717,6.9247599124908445,3.09147732257843,0.5562650918960571,0.0857944950461387,329.51319580078126,2699.4715576171875,1795.9608276367187,77.5126335144043,613.3599853515625,96.59855346679689,2.855222797393799,72.81771926879883,138.15517883300782,17.57055606842041,1.074955451488495,931.3655979156496,1533.616305613518,5543.506939660571,0.7397547671571374,639.1841194152832,221.86708879470825,16.11959750652313,1.9638101793825624
163.97338534476222,51.67223841776058,3.5926550145137752,0.645887962574966,21.984987640380854,8.241370677947998,21.335528945922853,3.69490339756012,2.313527584075928,1.0829815983772275,0.0897835753858089,6.416802930831909,2.985441064834595,0.6089469850063324,0.0848473742604255,326.9099426269531,2560.007177734375,1853.7489868164064,80.41171569824219,648.3509582519531,92.89244995117188,2.883963942527771,55.13034362792969,130.10977630615236,19.8691987991333,1.1196005940437317,914.6549392700196,1496.207590007782,5342.46081787087,0.7609344825148583,637.9772717475892,222.0429136991501,16.08722755461931,1.98546288870275
159.83768757090655,52.55424932864607,3.610279365222527,0.6039880908119585,22.39926834106445,8.446686840057373,19.634860610961915,3.444443678855896,2.2713684320449827,1.1690581679344176,0.0895688094198703,6.848325252532959,3.1074874639511108,0.5401825368404388,0.0808854103088378,324.1321624755859,2605.7576171875,1717.5977172851562,78.32212753295899,637.2819030761718,101.1360710144043,2.901580548286438,56.44418792724609,138.64868927001953,17.266254043579103,1.072988998889923,920.4560413360596,1490.185163140297,5382.214724501688,0.7507144702598453,631.0886754989624,221.96194651126865,16.124111660569906,1.9681424841284751
157.59661894122763,52.77439209035483,3.832701056961741,0.621032834766811,22.220935821533203,8.032821369171142,19.08955020904541,3.709965562820434,2.395984077453613,1.1914010763168337,0.0871865600347518,7.042828464508057,3.310945129394532,0.5533797800540924,0.083052734285593,319.18072509765625,2484.790112304688,1661.6186157226562,80.78196563720704,671.7916625976562,101.4649429321289,2.841372847557068,70.75440292358398,149.25379638671876,17.94739112854004,1.092918002605438,926.1357173919678,1543.2828907489777,5456.083491154946,0.7945815684273839,622.9837290763855,221.8384750604629,16.15099505856633,1.9692089594900608
159.78203944427514,51.06306199285482,3.548656267821798,0.6443641941420083,18.930376052856445,8.010188961029053,19.603258895874024,3.4567739963531494,2.1842689037323,1.0831313014030457,0.0887286588549614,6.516666078567505,3.089920091629028,0.6093712449073792,0.0924179039895534,320.57640075683594,2477.8504150390627,1669.04833984375,78.28185729980468,612.5303100585937,92.96268615722656,2.887150692939758,63.07933082580566,131.8438705444336,19.94415397644043,1.15778546333313,934.1898780822754,1534.9596333742145,5433.120987154776,0.7661477418616414,624.7375968933105,222.3767517089844,16.156389931589366,1.9886208698153496
213.98064694099304,97.28551393514336,3.715375520185808,0.6333850321923705,20.06109313964844,9.963162803649904,25.686000633239747,4.21670880317688,4.590532636642456,2.2710558652877806,0.0875361546874046,6.8159120082855225,3.202477669715881,0.5721773266792297,0.0856850951910019,346.3167663574219,3073.3794677734377,2230.672705078125,92.74657287597655,1290.567822265625,196.91510925292968,2.8434370040893557,51.55260810852051,144.45661010742188,18.700167846679687,1.127588164806366,1017.8044065475464,1593.7456323266028,5576.708928670222,1.1500116887968033,638.7658646583557,220.2104305744171,15.891723533719778,1.9548727862536908
149.7884262410633,55.26264224453389,3.605029007569101,0.6164831479057511,23.140506935119628,7.928390216827393,18.27728729248047,3.7523406744003296,2.563191771507263,1.2700221061706545,0.0895491205155849,6.351109600067138,2.9792044162750244,0.5663339674472809,0.0829611733555793,315.3865051269531,2437.604052734375,1565.4201904296874,82.15846633911133,719.1962219238281,109.44490356445311,2.86942789554596,50.793783569335936,128.84209594726562,18.237040710449214,1.0872620344161987,883.395998764038,1536.5865033626555,5453.357190732844,0.8397211212664842,618.917961025238,222.4428471088409,16.128875032812356,1.9793490916490557
187.86372073761595,89.25727871320687,3.6163171361095694,0.5790494839443454,22.669619941711424,9.08645181655884,23.49134826660156,4.1975935935974125,4.376296663284302,2.0387469291687013,0.089330144226551,6.624288892745971,3.134952521324158,0.5231830596923828,0.0855612300336361,337.420541381836,2795.3982421875,2057.2300659179687,91.371427154541,1235.9495483398437,174.88369140625,2.8999166011810305,69.40862274169922,137.68975219726562,16.71247615814209,1.079852569103241,1006.1848423004152,1591.1369570851325,5554.164492411818,0.887245121167507,636.1115406036376,220.11035606861117,15.915424650907516,1.935071275383234
148.96411781604692,48.65316280577554,3.6398333204820346,0.6469771325062539,19.81199722290039,8.252366256713866,19.762853813171382,3.464894771575928,2.1697617292404177,1.0539726853370666,0.0897889144718647,7.062594699859619,3.0379150390625,0.6258426606655121,0.0894407860934734,316.8906646728516,2518.9894775390626,1666.12587890625,77.24005432128907,605.0519165039062,90.89722061157228,2.905266857147217,63.35423851013184,135.9473861694336,20.39459400177002,1.145215880870819,881.0582023620606,1479.5207527399064,5346.91164060263,0.7322278031148016,622.8270823478699,224.40355842113496,16.305550763010977,2.015792427584529
166.79242976694877,52.28054021419457,3.638937265574896,0.637397628708402,24.08756217956543,9.06596632003784,21.598509788513184,3.638008499145508,2.206387543678284,1.125500166416168,0.0885285422205925,6.683955812454224,3.1632841348648078,0.5696906745433807,0.0888638012111187,334.2182220458984,2816.307568359375,1885.210998535156,79.57562866210938,622.3369506835937,96.9034523010254,2.8732425451278685,64.9308479309082,138.96095581054686,18.61415538787842,1.130761444568634,922.5053436279296,1505.4616124153138,5459.2272343028335,0.7784828139469028,651.5416812896729,221.7902806043625,16.054838710278272,1.9699623115360736
156.83447895569844,51.2361471657312,3.686431600410197,0.5719858043434101,22.509411430358888,8.204939270019532,20.20010089874268,3.6725677967071535,2.1706554651260377,1.1278100967407227,0.0881172761321067,6.752990674972534,3.150654745101929,0.5372750699520111,0.0807601787149906,323.1102233886719,2524.2626953125,1759.3844482421875,79.45693969726562,612.0501098632812,97.74579772949218,2.871480441093445,51.09870834350586,141.1837921142578,16.871617126464844,1.052230453491211,895.2215850830078,1503.5190529108047,5413.0429433841255,0.7649068089202047,629.2324993133545,221.82598712444303,16.09915359765291,1.9636720560491083
160.97090291312634,52.382209478885486,3.7641121955010703,0.5624344189331282,20.14834060668945,8.38067455291748,20.229171180725096,3.573279309272766,2.1610051155090333,1.0713152170181277,0.0884299017488956,7.360135555267334,3.1215601921081544,0.5624219357967377,0.0852352000772953,325.8907745361328,2578.3107421875,1731.7979614257813,78.42485656738282,609.4565063476563,93.24860610961916,2.8662362813949587,64.50584716796875,142.69563903808594,17.576164054870606,1.0657968997955325,933.9130142211914,1535.2476101636887,5474.441092366748,0.7653105614706874,632.2754278182983,221.8066566705704,16.11374687254429,1.9644884794950488
150.9535954996114,55.15892998694699,3.6010320237653106,0.6768649603363883,20.13365535736084,8.282056903839111,19.369093322753905,3.555037260055542,2.60421679019928,1.1863953351974488,0.0894512265920639,7.136861848831177,3.032892870903015,0.5990050256252288,0.0892269402742385,316.55364685058595,2547.4177490234374,1638.5431518554688,80.4507049560547,731.4714965820312,101.80880508422852,2.9107430219650268,63.925314331054686,134.68522033691406,19.72760772705078,1.1691661477088928,901.35945854187,1493.0915503025055,5229.031878761249,0.7606675243005157,618.8102851867676,222.70184066295624,16.168717519193887,1.993386214599013
161.91413937015895,51.52764064586027,3.598250187012309,0.5544985213596988,20.858981323242187,8.194297981262206,19.67414379119873,3.5624542474746703,2.372157001495361,1.0673190474510192,0.0868448451161384,6.1490562915802,2.764982724189758,0.5291346967220306,0.0799209907650947,323.0878936767578,2514.594677734375,1722.581298828125,79.8747657775879,661.8797790527344,90.93633728027343,2.816518688201904,47.74035873413086,118.59306411743164,16.371370315551758,1.0400935411453247,916.9679531097412,1538.607099342346,5492.948891915939,0.80119255669415,627.2439192771911,221.43074426651,16.057125138491394,1.9533461406826973
161.2819907787176,52.079078906853645,3.6490493618365454,0.660384298199267,22.207035064697266,8.493423557281494,21.29274063110352,3.5209527015686035,2.3561976194381717,1.1506556868553162,0.0883992798626422,6.779403591156006,2.9675129890441894,0.608275192975998,0.0893173858523368,328.03066101074216,2638.14921875,1831.5044067382807,78.65786437988281,665.1574890136719,99.43535232543944,2.879573082923889,57.68161430358887,131.29209899902344,19.965599822998048,1.15475537776947,901.1946662902832,1536.4964781522751,5524.409757512296,0.7711657050997018,640.7404208183289,222.5120989084244,16.107459223270418,1.9870269872248167
155.1254713141876,52.21755558188433,3.7218028853577607,0.6133309858711868,22.99408416748047,7.786729764938355,20.600590324401857,3.6153323650360103,2.191617155075073,1.08943372964859,0.087718141824007,6.728745126724244,3.0086510181427,0.5459319114685058,0.0838984288275241,320.2859588623047,2407.358740234375,1777.1487548828125,79.13225708007812,618.9265991210938,93.61956176757812,2.851808023452759,66.99228286743164,133.29535675048828,17.60081081390381,1.09222754240036,904.812865447998,1510.7676740169525,5371.570035030786,0.7961268248036504,625.1842911720275,222.11447987556457,16.13288422822952,1.972872531414032
159.6755883802718,49.774214429933366,3.668188656197685,0.6566100325676189,20.95047798156738,8.102794647216797,21.19961624145508,3.467456769943237,2.2683544874191286,1.0943671584129333,0.0882984071969986,6.860340023040772,3.194547939300537,0.6089226186275483,0.086874071508646,324.6876617431641,2509.5505859375,1819.1678466796875,77.61821670532227,632.6765808105469,94.20044403076172,2.8628183603286743,56.05879249572754,142.50759582519532,19.93318920135498,1.140640091896057,911.4401134490968,1497.7876987695695,5422.759120901255,0.743506008014083,633.2825483322143,222.48827424049375,16.13489948362112,1.9920014187693595
150.33628626548526,54.90627839406161,3.615745977012716,0.6412845957264949,23.11219730377197,7.882339954376221,18.771052360534668,3.6755606174468993,2.3634716272354126,1.1619675159454346,0.0881339378654956,6.442456150054932,3.0232718229293822,0.5817183196544647,0.0870428882539272,315.66054382324216,2429.546044921875,1600.64345703125,81.65879440307617,661.5447387695312,100.93430938720704,2.866488027572632,54.64571228027344,131.73443603515625,18.972976684570312,1.125584864616394,910.7485549926756,1513.7784192800525,5337.361662876419,0.8201840102672577,619.1259863853454,222.50496332645417,16.133649016916753,1.9867695938795804
155.76604785428063,49.66302418320411,3.610730172404897,0.600204638017044,21.438981819152836,8.6021146774292,19.580179977416996,3.527235436439514,2.1308942317962645,1.0929190635681152,0.0894574254751205,6.857283687591552,3.147543811798096,0.5603827238082886,0.0877986438572406,324.2776153564453,2653.4094482421874,1674.7579833984375,77.94049758911133,599.055810546875,93.56388397216796,2.884353494644165,62.01484985351563,140.7328079223633,18.073365783691408,1.095174252986908,904.207555770874,1479.3315465450287,5312.215696156398,0.7353945542126894,630.8164505958557,222.1742224931717,16.13277200385928,1.9767162881791591
146.72756353096992,54.99474765578816,3.5533331838884123,0.6346402891558341,21.802386856079103,8.04247169494629,18.425850105285644,3.662540411949158,2.329300332069397,1.2032405018806458,0.0892550028860569,6.646002960205078,3.1272903203964235,0.5999333679676055,0.0872974462807178,315.80942993164064,2475.018798828125,1557.9494506835938,80.3707893371582,654.7156921386719,104.11709899902344,2.896065878868103,50.44880905151367,135.6239501953125,19.516201782226563,1.1182856559753418,901.5207065582276,1495.8606233119965,5277.8419428505,0.7898042278364301,618.8940608024598,222.6251543045044,16.171876556426287,1.9931244678795337
164.6483443973826,50.69287887536338,3.610744457139004,0.6186711401659977,21.311869621276852,8.792867374420165,20.14355602264404,3.454094409942627,2.142890691757202,1.0798635125160216,0.0874704152345657,6.628610277175904,2.8339036226272585,0.5699493765830994,0.0842161580920219,329.2611083984375,2725.720092773437,1738.1704711914062,78.17666778564453,598.2064636230468,92.65209655761718,2.828696060180664,54.197709274292,123.21425247192384,18.4750825881958,1.0930575847625732,934.8538650512696,1505.4157009840012,5401.115433671652,0.7588903130963445,638.9872296333313,221.78153269290925,16.06514536961913,1.9713112972676756
175.3134437968707,47.09321659585521,3.594761431278789,0.6086128434903231,20.601181983947757,9.554017162322998,21.864793968200683,3.5732025384902952,2.097024440765381,1.0028774380683898,0.0892022967338562,6.536755657196045,2.8980738162994384,0.5523680508136749,0.0838929027318954,341.18787536621096,2965.158544921875,1903.6863891601563,77.6773307800293,587.1868041992187,85.70907897949219,2.877181243896485,51.4126838684082,129.00576629638672,17.836374473571777,1.085773468017578,930.5645652770996,1508.9201533555984,5468.608442287846,0.7416125886142254,657.9637356758118,221.17177743911745,16.00711594000459,1.956692671775818
165.52476599508083,48.84720122671333,3.62001260400275,0.6625632615059885,22.240675735473637,8.922929286956787,20.651266288757324,3.5643717765808107,2.072615623474121,1.0289098978042603,0.0878269888460636,6.565983486175537,3.012654519081116,0.6308206260204315,0.0913681238889694,331.0657104492187,2773.7635498046875,1790.035729980469,77.79680480957032,582.0142150878906,88.3790153503418,2.849164891242981,58.17255554199219,131.02862548828125,20.720673179626463,1.1669291734695435,920.7461761474608,1494.183502316475,5426.878087490285,0.7656846027821302,645.7460669517517,222.3437673330307,16.092584098875523,1.993969821184873
153.9489316937601,53.807350328849495,3.718141818503386,0.6216272883679494,22.592658042907715,7.962583351135254,20.24379234313965,3.597838807106018,2.390831398963928,1.1631858944892883,0.0895673811435699,7.109639501571655,3.263436031341553,0.6099075198173523,0.0875273279845714,320.90623779296874,2444.20283203125,1745.5184936523438,81.0142707824707,667.0354858398438,100.68429641723633,2.9158888816833497,66.40604019165039,148.00643615722657,19.7893590927124,1.1081748127937316,917.4696418762207,1527.522936630249,5420.301489568362,0.7833466667681932,626.4215126991272,222.1313934326172,16.160100672394037,1.985294634103775
154.71483617765625,54.92544206083458,3.809032096967326,0.6007297511234129,21.810733795166016,7.723509311676025,18.783380889892577,3.5638945579528807,2.4995710611343385,1.1867883920669555,0.0887551985681057,7.3153440952301025,3.155910301208496,0.5554218888282776,0.0870293818414211,316.2825531005859,2395.9146484375,1598.3703369140626,80.76488571166992,698.4198791503907,101.45760650634766,2.86549334526062,69.74626693725585,145.32296905517578,17.811331939697265,1.0954766273498535,906.7901214599608,1506.891305756569,5236.81546124951,0.8119169548153877,617.5131808280945,222.1116181850433,16.174086719751358,1.9752135261893276
231.76943616383505,101.0444642554019,3.7219133327221696,0.6115214115594995,22.023957443237304,12.201074123382568,28.48233757019043,4.235340738296509,4.689613437652588,2.364482617378235,0.0881631635129451,7.284035778045654,3.186837005615234,0.5582063257694244,0.0889605462551117,357.0465881347656,3792.0646484375,2513.0799072265627,92.48442230224607,1322.9700561523437,202.9145034790039,2.8600661516189576,73.38207397460937,144.43077697753907,18.1488187789917,1.1126959085464478,1056.375277519226,1585.861565887928,5610.386938308273,1.2099400053732097,654.4882911682129,219.62259430885317,15.88981506600976,1.94510817155242
152.61409126037762,51.60456969416536,3.7005081297843616,0.6375903629836899,20.741140174865723,7.918186283111572,19.66398048400879,3.662927055358887,2.226045083999634,1.1782608389854432,0.0881927445530891,6.982115364074707,3.0371188640594484,0.5830511093139649,0.0880425482988357,318.0303588867188,2426.660546875,1680.5482299804687,79.41273727416993,626.0839904785156,101.26593399047852,2.848797249794006,59.499328994750975,136.9112762451172,18.98728218078613,1.1319882273674011,895.9832775115967,1481.2083988666534,5242.103780410951,0.7432796027511358,622.7857588768005,223.2521992444992,16.196681939810514,1.9955720327794555
162.6478934127146,48.06121378639182,3.778120789840068,0.6503053405961168,21.92957820892334,8.71293249130249,21.438060188293456,3.51934027671814,1.9921060800552368,1.0344615578651428,0.0865525782108306,6.683726978302002,3.0601730585098266,0.5980486989021301,0.0917070798575878,330.7049591064453,2705.913623046875,1829.4514526367188,76.86663360595703,561.93916015625,89.06272506713867,2.82288510799408,64.76697235107422,135.81871948242187,19.60547428131104,1.1576520681381226,905.9995769500732,1503.867339015007,5458.116197598307,0.7519866496324539,643.1420297622681,222.210085272789,16.092194379866122,1.9849609352648256
175.30860783852478,61.80064404656296,3.514448449658039,0.6435496976977675,19.44591159820557,8.485311222076415,20.516490745544434,3.73152539730072,2.30791494846344,1.09024316072464,0.0897425010800361,6.724833869934082,3.020480918884277,0.6044380247592926,0.0851316250860691,328.6468139648438,2630.955126953125,1770.1225952148438,82.2633155822754,650.9080871582031,94.17313919067382,2.871372985839844,64.50355644226075,131.4369155883789,19.744452476501465,1.1231741309165957,940.3211811065672,1534.7095082044602,5500.211426012063,0.7477060379460454,634.2959795951843,221.7376008749008,16.07129562571645,1.9766460306942464
163.69035702613547,53.34708481183789,3.829915870160721,0.641775790463555,22.171759605407715,8.290730476379395,20.74504280090332,3.5695160627365112,2.4027172088623048,1.1520758032798768,0.0880483418703079,7.016012954711914,3.1483379364013677,0.5631482601165771,0.0855661630630493,326.7662933349609,2569.2059814453123,1806.9588256835937,79.57638168334961,677.4798706054687,98.51938095092774,2.866256594657898,62.241143798828126,145.31021881103516,18.394900131225587,1.1215240478515625,937.2650020599364,1500.9714913845062,5379.6451344812285,0.7558993734419346,635.0752669334412,221.8419447422028,16.093290860950948,1.9710751470178365
162.46625067907152,51.309672004873846,3.637361320430728,0.6466358529888566,20.77631969451904,8.17815341949463,21.373528289794923,3.5147687673568724,2.2824745416641234,1.1144007802009583,0.0880098849534988,6.383682680130005,2.927601623535156,0.5937976539134979,0.0849073156714439,326.3551879882813,2519.22822265625,1838.551672363281,78.01425628662109,643.5935119628906,96.43304061889648,2.850656509399414,56.43078804016113,128.50543823242188,19.375808715820312,1.1182411789894104,906.6927291870118,1521.947779226303,5459.680634056963,0.76159543748945,636.6520150184631,222.565150809288,16.109250251203775,1.9847824260592464
162.13558511667142,50.88234486604979,3.60714521039788,0.6412448629242136,19.058573150634764,8.493909454345703,20.03525562286377,3.540149211883545,2.127097177505493,1.0452769637107848,0.0897977918386459,6.977804565429688,3.157173919677734,0.5864920616149902,0.0871936328709125,325.4422119140625,2623.945947265625,1712.3180053710937,78.46832885742188,594.7341613769531,90.81267166137695,2.896337056159973,56.36688003540039,141.62553863525392,19.149857330322263,1.127642238140106,948.9922389984132,1496.0917582035063,5324.570049922494,0.7297446666285395,631.7488913536072,221.9979538440704,16.1165665499866,1.9791582457721235
163.98332316790328,48.56755018407339,3.8389635073971022,0.6314335212507103,20.17498321533203,8.810919570922852,21.75084724426269,3.431691384315491,2.0838731288909917,1.0844918608665466,0.0874932400882244,6.836939859390259,3.298395371437073,0.5875513911247253,0.0827814251184463,334.4769744873047,2727.2752685546875,1866.3595581054688,76.44982986450195,581.9742553710937,93.8066291809082,2.8322041273117065,73.19578628540039,149.4877670288086,19.090945053100587,1.0944114208221436,938.2641418457032,1478.139385175705,5334.603163890681,0.6993212684988975,647.9100299835205,221.8874442577362,16.125196412950753,1.976363756507635
184.22818522276796,87.82847815301302,3.5832007438471463,0.6106266408447028,21.350599098205567,9.484603023529052,21.99305000305176,4.082544231414795,3.659965991973877,2.0021678686141966,0.0895768016576767,6.847563219070435,3.2222007513046265,0.5617284536361694,0.0857669748365879,337.910287475586,2932.6249267578123,1935.699670410156,90.8615104675293,1032.6968994140625,173.75787811279298,2.914937281608581,62.105155563354494,143.3788101196289,18.240200805664063,1.090839648246765,1003.2411094665528,1570.222638320923,5614.874094216107,0.7216095700860023,642.9065169334411,220.0794724225998,15.874238395690918,1.9423268001526597
166.30225035411567,49.09602243987865,3.667433913188256,0.5996903053436086,20.095798301696775,8.979451084136963,21.04424304962158,3.542167568206787,2.108944463729858,1.0493327379226685,0.0868428483605384,6.727629470825195,2.956154155731201,0.5804323673248291,0.0848090440034866,332.51711120605466,2766.2564453125,1810.7585815429688,77.42877426147462,593.8224975585938,90.614697265625,2.81824631690979,56.674523162841794,129.32215118408203,18.59345874786377,1.0853529214859008,913.4823181152344,1547.5139012813568,5553.78509264621,0.7772450329735875,644.3678149223327,221.70081238746644,16.05033910945058,1.968773566931486
154.8424299833394,50.090578143946274,3.7490025439181855,0.6295602378249896,21.119085693359374,7.792767810821533,19.2634635925293,3.563823652267456,2.201490902900696,1.0991132736206055,0.0887982226908206,7.433450078964233,3.167377805709839,0.5690414845943451,0.0827904619276523,317.5649047851563,2391.1724609375,1662.214697265625,78.38821640014649,614.1186462402344,94.93212051391602,2.891380381584168,64.34844436645508,144.0956298828125,18.466632080078124,1.0967409133911132,891.2653461456299,1520.4692393779756,5454.908040864999,0.7828886471688747,620.0290917396545,222.51139991283415,16.196344862878323,1.9839021623134612
163.49590258278187,50.47955080261036,3.6776900458857655,0.5692474730277581,21.48073215484619,8.510934925079345,20.97592639923096,3.641176199913025,2.242152523994446,1.0594178915023804,0.0879793427884578,6.727615690231323,3.102057933807373,0.5227138221263885,0.0805878780782222,328.6189819335938,2629.8443115234377,1821.28154296875,79.69085083007812,625.7588623046875,91.03661727905272,2.855159378051758,52.10886688232422,138.89643402099608,16.410417747497558,1.0486613392829895,915.0292362213136,1477.5116370677947,5300.353564622206,0.7363483468070626,637.278115940094,221.4069088935852,16.04175008907914,1.9544747322797773
165.99250487132522,50.86003413519584,3.811779524919393,0.6684005458212823,20.15540351867676,8.720627117156983,22.009510040283203,3.468236994743348,2.1696627140045166,1.110655915737152,0.0869332745671272,7.115871953964233,3.0437313318252563,0.5918137013912201,0.0959056675434112,334.2022644042969,2679.261669921875,1925.2641723632807,77.97556533813477,611.0684692382813,96.23455581665038,2.828946018218994,67.50289154052734,137.61561584472656,19.5525728225708,1.1954774379730224,926.1272686004638,1519.4284549236295,5474.013877104642,0.7268883550539613,648.2683013916015,221.7930090904236,16.061144656687976,1.9762563399970527
180.625765718284,90.80161477571946,3.620687724445316,0.6096631773271042,20.833792877197265,9.41574411392212,23.044635200500487,4.013883781433106,3.617194128036499,1.8573559284210208,0.0874176457524299,6.474779176712036,2.87296245098114,0.5508262515068054,0.0855252437293529,342.5685394287109,2885.5298583984377,1981.561669921875,91.10424499511718,1017.7233947753906,160.19286346435547,2.8302807807922363,61.123168563842775,127.17068634033204,17.906010246276857,1.0886406660079957,1002.2329650878906,1561.2176273584366,5465.909499012353,0.7540610618889332,640.7470837593079,219.47147285938263,15.781515815109014,1.93268351778388
157.16253489517695,50.9943635155485,3.5941451124328294,0.6224311723946471,20.41732425689697,8.04885311126709,19.81001834869385,3.435229253768921,2.2198952436447144,1.0984472036361694,0.0890624739229679,6.773165845870972,3.17767813205719,0.5970927357673645,0.0878341674804687,321.21470947265624,2488.0099365234373,1679.8250610351563,77.41011123657226,625.680859375,93.87498397827147,2.8872498273849487,63.112531661987305,138.82467651367188,19.367965316772462,1.110967743396759,910.0332973480224,1497.106247472763,5321.464551635552,0.75112529322505,625.7616379737854,222.56945371627808,16.170221073180436,1.9901112146675584
159.76116163907136,52.09467176663274,3.728807350113402,0.5716603337913853,23.15674247741699,8.668172454833984,19.987240982055663,3.470515370368957,2.2121899366378783,1.1935478448867798,0.0891829490661621,7.27997407913208,3.3798196077346803,0.5582760691642761,0.0804187834262847,327.2818542480469,2663.07861328125,1748.6268920898438,78.51288146972657,624.5999328613282,102.68995208740236,2.9005731344223022,60.572296905517575,154.38501892089843,17.458621788024903,1.050219988822937,914.6989482879638,1532.1268177509307,5543.846628761152,0.7713274165987969,635.8436829566956,221.7568219661713,16.122705518454314,1.9634727336466316
169.28999565501726,50.35938201334184,3.5842552059837773,0.6318424854238515,20.08657112121582,8.415318584442138,20.73518047332764,3.579594922065735,2.243193316459656,1.0363155961036683,0.0891281925141811,6.701145792007447,3.018806314468384,0.5611569583415985,0.085274239629507,328.2171600341797,2590.0385986328124,1818.9961669921877,78.6544059753418,632.3183776855469,88.19759674072266,2.885211062431336,68.17796173095704,131.24767456054687,18.28595523834229,1.1152881979942322,955.1668228149414,1518.428538107872,5386.509695030516,0.7750964010134339,636.9039121627808,221.66507427692412,16.0934325709939,1.9675242066383365
161.15631816458554,47.3421794430903,3.6657469868289128,0.6119007880071194,19.53048000335693,8.175846290588378,20.889353561401368,3.496090888977051,2.014156556129456,0.9783682286739348,0.0897341839969158,7.121186637878418,3.185090494155884,0.5740385830402375,0.081334925442934,325.2502136230469,2529.68544921875,1773.7337158203125,76.20455780029297,567.1322937011719,84.94279556274414,2.90776903629303,71.7615135192871,142.20912170410156,18.459550666809083,1.0751011967658997,910.9152408599854,1534.9352230787276,5527.586415001657,0.7522403905168176,631.2259293556214,222.23667540550235,16.196827152371405,1.9771847069263455
165.63730230534057,49.53288754263567,3.807045869667149,0.6383146244744011,21.24225482940674,8.753905010223388,21.61768970489502,3.680488920211792,2.209519290924072,1.1069486379623412,0.0873464502394199,7.290974473953247,3.077237319946289,0.590990424156189,0.0878364756703376,331.9393280029297,2705.8843994140625,1862.9304809570312,79.5888572692871,616.3190307617188,96.09149398803712,2.83942654132843,58.35804557800293,141.2781188964844,19.28900852203369,1.128837275505066,910.1647869110108,1510.4278009414672,5412.242317273095,0.7580060428008437,645.7025415420533,221.91242218017575,16.041633682698013,1.97762766815722
158.58295364420556,52.23971630077331,3.655722470358001,0.6466948029390778,22.700088691711425,7.855890512466431,20.138843154907228,3.523925042152405,2.2410100936889648,1.1067169666290284,0.0881035834550857,6.485772180557251,3.005441784858704,0.5704294681549072,0.086711186170578,319.8510345458984,2423.406640625,1763.5496704101563,78.87499923706055,628.859765625,95.85727920532229,2.859529566764832,54.35224227905273,132.87635040283203,18.63597850799561,1.127741539478302,915.7933437347413,1510.4744274377822,5349.034822833259,0.7711945716291666,626.2434964179993,222.543323302269,16.143591416627167,1.983141054958105
169.9088157241793,51.475293536115984,3.591267444667551,0.6516482581682339,20.738589668273924,8.989763450622558,21.147921562194824,3.464550185203552,2.2235293865203856,1.1625712394714356,0.0894247077405452,6.437989234924316,3.168849992752075,0.6130059361457825,0.0890125073492527,334.1174255371094,2773.9554931640623,1850.6293090820316,77.97077255249023,625.3319885253907,100.59503860473632,2.8756610631942747,47.87604598999023,138.58472290039063,20.094500732421874,1.1505776524543765,944.1252716064452,1528.3544454574585,5457.429426900856,0.7331137103959918,648.5510654449463,221.89122824668885,16.065596283972262,1.9792308505624527
158.507313305531,53.77755335770953,3.667233989496276,0.6409248404799314,20.06650619506836,8.231476879119873,20.531319618225098,3.475485420227051,2.3154407024383543,1.149871551990509,0.0886979132890701,6.735868358612061,2.9993857622146605,0.5642550408840179,0.0879025228321552,324.6997100830078,2533.707861328125,1742.9961059570312,78.66643142700195,652.847119140625,99.58488006591796,2.884197998046875,65.58073196411132,132.84632720947266,18.447763442993164,1.1351513624191285,933.8059043884276,1527.64592294693,5383.8336503583005,0.761716353520751,630.3210761070252,221.96448516845703,16.114243403077126,1.9720285475254056
159.14921708781475,52.75777053070651,3.756736006526285,0.6304888627625018,22.1059476852417,8.274119472503662,21.274477767944337,3.5207597970962525,2.2393653869628904,1.0959654569625854,0.0882806740701198,7.002948045730591,3.10686571598053,0.6141829013824462,0.0871918745338916,326.7210876464844,2553.458154296875,1832.46162109375,78.5074333190918,630.4786071777344,95.2501708984375,2.8524746894836426,56.55419731140137,142.49382476806642,19.97860679626465,1.117918872833252,913.284656906128,1546.1469132184982,5522.617676998814,0.7831005197018385,636.717110824585,222.16909403800963,16.102504985779525,1.984644139185548
153.299316252907,53.18712615377645,3.648939957838297,0.6297580866877297,19.580544662475585,7.8833386421203615,20.07016487121582,3.6599517822265626,2.419339179992676,1.122797679901123,0.089641822874546,7.126651477813721,3.1859435558319094,0.5615652501583099,0.086017869412899,316.0866119384765,2435.21044921875,1691.6384765625,81.08528137207031,674.7367553710938,97.2155647277832,2.8937575340271,65.46552963256836,142.83629760742187,18.262204360961917,1.1120150804519653,906.7595363616944,1515.78647108078,5314.018860298442,0.7894474418833852,618.4411296844482,222.35898067951203,16.160802954435347,1.9798902213573453
152.68884341798767,54.04449548824541,3.800264258072798,0.6219114387654769,20.846221733093262,8.333213710784912,19.70194606781006,3.5964576482772825,2.375437664985657,1.1896099328994751,0.0876797705888748,7.148755407333374,3.1311001777648926,0.5806342482566833,0.089007880538702,315.9630157470703,2564.3352294921874,1674.347705078125,80.26444625854492,662.5789367675782,103.16810150146485,2.8525219917297364,55.08816947937012,143.92890472412108,18.84737071990967,1.113419818878174,899.6738952636719,1530.4010418891908,5416.82429009364,0.7854417972266674,618.9011847496033,222.6261349439621,16.144286558032036,1.9855816140770912
165.06402331744175,51.86405845686286,3.563408293175894,0.6029358691867742,23.13762836456299,8.795427703857422,21.839524459838863,3.608458375930786,2.1691240787506105,1.1011868953704833,0.0901226237416267,6.793438863754273,3.11090738773346,0.5880660533905029,0.0841942436993122,332.945166015625,2734.55595703125,1887.370361328125,79.59328384399414,605.4650512695313,94.45673446655272,2.9015384912490845,67.87576293945312,134.5781509399414,18.847290420532225,1.08349152803421,939.6586910247804,1497.5119709968567,5357.780355059449,0.7478345708921552,646.0750141143799,221.59933993816372,16.06854539066553,1.970498524606228
149.90428830401652,55.62723269484759,3.737840380405305,0.6748622740164023,20.8324068069458,8.109027576446532,19.00466594696045,3.5261749744415285,2.5333789348602296,1.2147135615348816,0.0869871377944946,6.721238613128662,3.126843070983887,0.633800721168518,0.0922139719128608,315.8062774658203,2484.260229492188,1619.0567749023437,79.79236907958985,714.2275024414063,104.56684265136718,2.832688879966736,67.97074432373047,137.35299224853514,20.868240356445312,1.1785681247711182,907.2916980743408,1526.727405500412,5395.232858572015,0.7880576910451055,619.8223812103272,223.12090899944303,16.174653012305498,2.0032788660377263
162.33753395056556,49.23748047996933,3.5997800491823453,0.6721221900558703,20.33016529083252,8.402406883239745,21.01664619445801,3.4964512825012206,2.155395531654358,1.0836768627166748,0.0882466152310371,6.3543853759765625,2.9586434841156004,0.6437316417694092,0.0905033729970455,327.0281646728516,2576.867578125,1824.9619018554688,78.3177001953125,601.6301513671875,93.5708625793457,2.864967679977417,67.90680465698242,126.82671890258788,21.179273986816405,1.172865092754364,911.4839839935304,1503.2666531801224,5459.252618364617,0.750009017251432,638.0535251617432,222.47750585079197,16.119597890228032,1.999005191028118
164.735156857322,49.86559756637871,3.7114250995503424,0.6450499090355833,20.64238872528076,8.224372482299804,20.535048294067384,3.507666993141174,2.2671446084976195,1.0525448322296145,0.0889056965708732,7.286645841598511,3.111382246017456,0.5698710083961487,0.0913489274680614,325.8107543945313,2548.844921875,1771.3975708007813,77.92759017944336,638.2645263671875,90.9913703918457,2.8777699947357176,51.34044609069824,142.94547576904296,18.67309799194336,1.1521721363067627,925.095085144043,1518.5628973722455,5441.824652055278,0.7571509836241603,632.7614352226258,222.12861428260803,16.113201259076597,1.9760785803198813
160.18223604809464,50.14952546818904,3.754263363930363,0.6795596947049034,19.963473320007324,8.306496524810791,19.606155967712404,3.4815027475357057,2.278918600082397,1.1311922907829284,0.088121398538351,7.311086940765381,3.254891276359558,0.6395990073680877,0.088266734778881,324.4251373291016,2569.985546875,1692.90302734375,78.0713279724121,640.0442749023438,96.48181076049804,2.8669177532196044,59.794911575317386,148.69056854248046,21.04958019256592,1.1656515836715695,920.7219635009766,1470.3347635030746,5301.824494877224,0.7106011750176549,632.862646484375,222.71055817604065,16.140848883241414,2.001928669959306
222.74879250738303,104.35220037851376,3.701395520456731,0.6010165331496978,21.59159336090088,10.57877607345581,26.18427104949951,4.168153238296509,4.969749450683594,2.4993823289871218,0.0882964253425598,6.747706031799316,3.194829678535461,0.5691533327102661,0.0898202948272228,346.0665008544922,3293.17294921875,2294.1310791015626,92.50943908691406,1404.1687377929688,217.60101165771485,2.876846122741699,49.97246971130371,143.52054901123046,18.41245040893555,1.1285987854003907,1030.9632472991943,1595.617046070099,5608.663798224135,1.266122443554923,638.3802506446839,221.10836193561556,16.008497877418996,1.9695649772882464
209.0865721001457,92.68510618894288,3.735245152224548,0.630522233538079,22.65784912109375,9.887353229522706,24.454473114013677,4.136100816726684,4.139162015914917,1.97268488407135,0.0889987848699092,7.2677501201629635,3.125952267646789,0.5734650373458863,0.087008412182331,347.50074768066406,3076.621166992188,2119.38251953125,91.5055908203125,1159.214404296875,171.73535919189453,2.873838329315185,62.92148361206055,144.02677459716796,18.736706161499026,1.123901069164276,1008.6267795562744,1569.6500493764877,5600.134926370532,1.026945082761813,649.6145250320435,220.24028446674347,15.898376341164113,1.9520054094493389
147.4428765248209,54.41950796333585,3.669796357756241,0.6415186106349324,22.95662364959717,8.116093730926513,19.642522621154782,3.586595559120178,2.5074065685272218,1.2487356185913083,0.0877107515931129,6.7327296257019045,2.958847403526306,0.5790208101272583,0.0847538694739341,315.92359313964846,2505.6531982421875,1663.4523803710938,80.80138397216797,701.7626281738281,106.86085586547853,2.85968554019928,71.2165428161621,128.84036254882812,18.86714115142822,1.115002965927124,881.4379398345948,1521.9842960119247,5410.9554632077,0.7889108834788203,618.5355478286743,222.469183588028,16.15047579705715,1.985324227064848
183.42410383081517,86.46840449260563,3.683628520596199,0.6346332051375043,20.455653381347656,9.673352241516112,22.7795316696167,4.185012149810791,3.477308750152588,1.8187995553016665,0.0878351300954818,7.150990438461304,3.15669322013855,0.583690094947815,0.0901685692369937,342.94443359375,3010.925830078125,1935.707751464844,90.98883514404297,978.6124877929688,157.7317092895508,2.862925171852112,69.40709228515625,142.42227783203126,19.136076545715333,1.1350613117218018,985.2550800323486,1572.8131981134416,5604.490639550332,0.7254280872642994,645.2423349380493,219.63493132591248,15.847640888392926,1.942407140508294
150.61416572660383,53.09854167752192,3.635483370182647,0.6759420822571315,23.07185935974121,7.643436098098755,19.851189422607423,3.5608723878860475,2.36439528465271,1.1220629334449768,0.0884618707001209,6.855254554748536,3.083988308906555,0.6061013400554657,0.0946834050118923,316.06078186035154,2373.7240478515623,1675.762744140625,79.13116073608398,666.8841979980468,95.6284797668457,2.8708720207214355,65.41649017333984,135.53110046386718,19.980663299560547,1.2070598483085633,892.6661388397217,1486.1629765987395,5243.719841655902,0.77749446015805,622.4360760688782,223.9801223754883,16.271758069843052,2.0108463257551192
161.88275326201477,49.6810196001431,3.646379880399832,0.6261139955543513,22.108103942871093,8.797564029693604,21.499573516845704,3.604557776451111,2.1032643556594848,1.11729656457901,0.0880355313420295,6.5641203880310055,3.0042334318161013,0.5774823546409606,0.0843924947082996,330.8109985351563,2713.81572265625,1853.1956665039063,78.34218139648438,593.4716186523438,94.75847396850584,2.8626586198806763,49.99542999267578,132.9348571777344,18.737907218933103,1.1048532962799071,894.6280139923095,1489.2504541873932,5378.291201061429,0.749623098783195,645.115933227539,222.681020116806,16.1307884298265,1.9836540274322032
160.85977438881963,53.39206104199911,3.7727604148854654,0.5567405139449079,22.23402862548828,7.926190853118896,19.31854381561279,3.582401156425476,2.3689210176467896,1.2181660890579225,0.0892817512154579,7.237058162689209,3.3813486337661742,0.5253881216049194,0.0846934519708156,319.96100463867185,2455.215209960937,1690.886572265625,79.9446807861328,668.2139099121093,105.12229919433594,2.9044453144073485,68.13785247802734,154.658251953125,16.361795043945314,1.058008086681366,916.603360748291,1528.0534233093265,5429.788883834006,0.8041827837005258,622.7835551261902,221.78981335163115,16.172479715943336,1.9577184237539769
158.18526463035815,48.44143951387114,3.5834338634881533,0.6794917762402634,20.03307056427002,8.319659805297851,20.50926532745361,3.3961262941360477,2.0453086376190184,1.00811208486557,0.0882366918027401,6.640126180648804,3.0575680494308477,0.5913279175758361,0.0928457140922546,324.09218444824216,2556.410595703125,1747.6191040039062,75.89273376464844,572.4129943847656,87.09130249023437,2.8750643730163574,50.17170906066895,133.64956817626953,19.50914421081543,1.1964218378067015,899.8622253417968,1470.0723977804184,5247.529898379277,0.7168670235201716,632.5042673110962,223.4748427391052,16.223267279565334,2.000804202631116
232.86095775171853,111.31042015124312,3.7362315246294657,0.5600183486563083,20.68495044708252,10.805432891845705,25.22379512786865,4.185048675537109,4.823585176467896,2.574979376792908,0.0881747126579284,6.778729867935181,3.2032063961029054,0.5645051300525665,0.0876245453953743,350.20396728515624,3341.2333984375,2197.444677734375,93.74645385742188,1366.5282470703123,224.7424789428711,2.8623351097106933,70.98776931762696,142.16431274414063,17.818802642822266,1.096465885639191,1021.4642032623292,1576.749462211132,5618.367026239726,1.381924300454557,638.426548576355,220.21354064941409,15.987919955700637,1.954447142034769
163.58357094965248,51.73241407209016,3.616635225090067,0.6474852366139203,21.44084186553955,8.420957469940186,20.570967864990237,3.5350269317626952,2.2889764308929443,1.11445814371109,0.0878443099558353,6.65753436088562,2.9701303005218507,0.5844114124774933,0.0866880908608436,326.6005554199219,2606.6236328125,1784.8952514648438,78.40904998779297,641.4002319335938,96.78830337524414,2.8552886247634888,51.30437889099121,129.98654479980468,19.10028991699219,1.1304763078689577,916.4301193237304,1472.6024586200715,5275.632817209373,0.7394882971420884,635.7192997932434,222.20761625766755,16.100961910188197,1.983078377693892
166.05073610163308,53.01256533682727,3.6141263612113335,0.5514496220552246,22.92606601715088,8.664592838287353,20.82292442321777,3.628019809722901,2.3004393339157105,1.149294364452362,0.0878907449543476,6.521105670928955,2.879256796836853,0.5491912245750428,0.0786094807088375,330.09083862304686,2689.1771728515623,1821.0632080078128,80.5416358947754,645.476318359375,98.44674530029296,2.847219443321228,65.73141632080078,124.50941390991213,16.931947898864745,1.0321556091308597,932.8005920410156,1536.1940326690674,5567.932000575331,0.7891169106587768,641.041897392273,221.16309378147125,16.021806682646275,1.95154110789299
219.94638487499324,100.2590772909247,3.666029551682868,0.5492623376951314,20.79868278503418,12.16725730895996,28.471774864196775,4.156089067459106,4.85857081413269,2.52732138633728,0.0892702832818031,6.656551694869995,3.1679190397262573,0.5289690613746643,0.0857499949634075,355.35512084960936,3773.5931884765614,2479.2541015625,92.92979507446287,1367.326171875,215.6750076293945,2.8778731346130373,68.80248718261718,141.08098449707032,16.541976928710938,1.065039336681366,1055.3473850250243,1598.9983234763145,5680.096026627393,1.1760576169937849,650.6325320243835,219.25750439167024,15.853537816554308,1.9298702470958236
151.41974812076515,54.39710781002359,3.703860651359764,0.5637732319325778,19.320044708251952,8.22190818786621,19.88999671936035,3.559288001060486,2.536033296585083,1.2013285756111145,0.0877892114222049,7.0633460521698,3.221409130096436,0.5594476521015167,0.0835246764123439,316.7140472412109,2511.4296875,1693.6352416992188,80.62622909545898,707.7516174316406,102.1409309387207,2.859770536422729,68.57706756591797,141.9302215576172,17.449674606323242,1.0592153429985047,921.4046676635742,1542.8429409503938,5460.554850956449,0.7784851297736168,616.6336517333984,221.88560659885405,16.14406481385231,1.966722007840872
152.10711189346475,53.88216560726096,3.700664962070391,0.6094306620523298,22.7291540145874,7.851944065093994,18.702923202514647,3.557603144645691,2.4573662519454955,1.1557458758354189,0.0873940579593181,6.988825511932373,3.056518650054932,0.5563327431678772,0.0852718003094196,316.3339508056641,2417.281713867188,1616.0424438476562,80.26096038818359,684.3124816894531,99.90248947143554,2.8343408346176147,54.42793807983399,136.7772018432617,17.97254180908203,1.09487282037735,908.058145904541,1475.9599818706513,5195.706527127465,0.7589618539437651,619.115096950531,222.71919140815731,16.164626022428273,1.9837594330310824
166.26714632684525,48.51703324229148,3.5634258857812258,0.6064159978096427,22.60280532836914,8.962227916717529,20.255583190917967,3.565579962730408,2.1857256174087523,1.0791036486625671,0.0876949861645698,6.389922618865967,2.835966944694519,0.5913502931594848,0.0883670218288898,331.80987243652345,2774.9921630859376,1777.161865234375,77.88560485839844,614.134326171875,92.92068328857422,2.847665286064148,55.304266357421874,120.98503036499024,19.06461544036865,1.1032461166381835,907.2867408752442,1495.1519080638886,5505.017789579276,0.7368632505647839,645.2914741516113,222.00233643054963,16.068753592669964,1.978338235616684
176.70439221799316,102.18621920640426,3.604034751039194,0.6475327673574384,22.21419486999512,7.97989821434021,19.559371757507325,4.008012986183166,3.221434950828552,1.627566123008728,0.0868685744702816,6.908412408828736,3.1191729068756104,0.6291634500026703,0.093446385115385,325.25261840820315,2454.0989501953127,1708.185107421875,91.61826553344729,911.4667236328124,141.7373191833496,2.828557109832764,65.83133850097656,139.31732635498048,20.66843814849853,1.1616838097572326,947.38524017334,1552.7509686470032,5444.440012457237,0.7684229509904981,618.2132740974426,221.05983877182007,15.931103833019732,1.971332483366132
167.77678733266293,50.83766994693642,3.6164087534374856,0.6024170383308161,22.272524642944337,8.368350887298584,21.861513137817383,3.512048673629761,2.170653343200684,1.0597977995872498,0.0874530524015426,6.557759714126587,3.019323277473449,0.5851109623908997,0.0882195517420768,330.2838409423828,2598.50634765625,1903.142517089844,78.51278152465821,606.4891662597656,91.23625259399414,2.8441804885864257,65.52519226074219,129.33373107910157,18.83758945465088,1.100537931919098,937.5621967315674,1529.1364751338958,5468.6447027863005,0.7802755823358893,641.8515153884888,221.75743746757507,16.068532907962798,1.9716375015676024
169.39089232880798,52.17541300173789,3.573728917800577,0.6477270452654806,23.37150630950928,8.886489486694336,22.045842552185057,3.533772897720337,2.4084814548492437,1.1147154688835144,0.089681152999401,6.287080812454224,3.0173221826553345,0.594129604101181,0.0890652582049369,334.6750854492187,2764.037158203125,1927.2844848632808,79.88363342285156,671.1083557128907,96.081160736084,2.8747990131378174,48.69671058654785,129.44808044433594,19.468774604797364,1.1450672149658203,935.1627681732176,1522.726066946983,5490.359713946935,0.7830150006338954,650.5981747627259,221.58812692165372,16.035667163878678,1.9721978079527616
175.92521100049635,69.15160450867442,3.732876283988071,0.6568689303588144,21.91501865386963,9.090920448303224,20.940932083129884,3.839839410781861,2.425070118904114,1.2410160422325134,0.087272385507822,7.065608263015747,3.0843891859054566,0.6216722786426544,0.094748954474926,336.0058349609375,2784.8664794921874,1827.9232666015623,84.96596908569336,683.2253662109375,107.15003814697266,2.844524097442627,53.25196990966797,141.8078872680664,20.48323802947998,1.1806572914123534,937.2622497558592,1538.7031252384186,5430.248497084238,0.7813299866393209,645.9462553977967,221.26836302280427,15.969250106811524,1.9731180172413587
159.55379450963883,50.35864207830527,3.791212180854541,0.5910411839769723,20.93785762786865,8.283215427398682,20.327242851257324,3.637864375114441,2.212271451950073,1.122966516017914,0.0885288529098033,7.369947242736816,3.340006494522094,0.5446653425693512,0.0855348050594329,324.2854461669922,2563.584814453125,1737.4607543945312,79.35598907470703,620.0203002929687,96.32387924194336,2.863397288322449,75.34463958740234,151.64132232666014,17.361787223815917,1.081356906890869,903.215782546997,1533.3927597999573,5445.588819115981,0.803633395023644,631.8477958679199,221.9651528596878,16.17100923061371,1.965784428268671
192.42969438172804,97.78521348826123,3.5070240551924146,0.6067374875158862,21.71761245727539,8.869681930541992,22.772700309753414,4.063866662979126,2.957953429222107,1.52243230342865,0.0887762926518917,6.322673892974853,2.815448212623596,0.5806621432304382,0.087881264835596,340.51694641113284,2751.5608154296874,1995.8488159179688,91.32850036621092,836.3239074707031,133.53534240722655,2.856744813919067,49.008160781860354,121.35980453491212,18.86151065826416,1.0931362867355348,972.8112884521483,1541.1985730886458,5499.35446285763,0.7579782042652369,642.8136730194092,219.7962709188461,15.813655015081167,1.943161904066801
207.49575253208968,98.71152990021692,3.639120289987432,0.6306636212514263,23.164361190795898,11.226861000061035,28.05737648010254,4.21244478225708,5.14866418838501,2.312166452407837,0.089046786725521,6.703473997116089,3.0830394506454466,0.5846080243587494,0.0947788052260875,350.87920837402345,3490.24140625,2462.0012939453127,92.69053955078124,1451.2337280273437,200.1535858154297,2.878962993621826,58.88827857971192,132.23585052490233,19.13328895568848,1.162077522277832,1036.789531326294,1627.3852614045145,5764.342363820225,1.0552913820836691,656.693892288208,220.88530917167665,15.983136082440614,1.9703455340117213
162.41442076850657,53.84562155939493,3.67911967295388,0.6184537400372733,20.189508056640623,8.398731899261474,21.432003784179688,3.6056438207626345,2.4259401321411134,1.0988404273986816,0.0876316420733928,6.581296110153199,2.9478171348571776,0.5687349736690521,0.0828736454248428,328.2946319580078,2594.519189453125,1821.9173461914063,80.34665985107422,683.3738952636719,94.1358024597168,2.842120313644409,66.94203643798828,129.2922576904297,18.43573417663574,1.0882503747940064,924.4718711853028,1544.9126258850097,5452.0349640491,0.7672229839488864,636.7129042625427,221.6808616399765,16.054819878190756,1.9668362788856029
168.44639265420264,46.98733445516064,3.703009980430784,0.59034551850159,20.56197662353516,9.233288383483886,21.64375553131104,3.495490622520447,1.99927122592926,0.9797690093517304,0.0894163899123668,6.926074123382568,3.1149532794952397,0.5488113582134246,0.0816708892583847,336.278939819336,2868.0671630859374,1846.5086181640625,76.59767684936523,561.8493103027344,84.25746078491211,2.90363245010376,66.65435028076172,140.73192443847657,17.431950759887695,1.067253577709198,926.1445930480955,1479.6233866214752,5346.926200344274,0.7361992873251438,650.1400532722473,221.5479978084564,16.089436808973552,1.961994256824255
163.93136964929872,50.90392106932522,3.6913223437702753,0.5708744729559158,20.31211242675781,8.253649234771729,21.547456550598145,3.567016649246216,2.2740364551544188,1.129012358188629,0.087825784087181,6.712936401367188,2.9288737297058107,0.5173245072364807,0.078653010725975,328.00990600585936,2564.490576171875,1850.1786376953123,79.6447738647461,634.472314453125,96.58572616577148,2.845448398590088,62.468757247924806,130.38971557617188,16.193225860595703,1.0433557987213136,940.3422428131104,1511.721108841896,5453.6168354667725,0.7466829279437661,635.366985988617,221.32842845916747,16.039154610037805,1.9493578478693965
152.26764395654172,53.44721253635826,3.527759003998244,0.5632278813200287,21.060184288024903,7.858220195770263,18.638840675354004,3.5872237205505373,2.387133169174194,1.1775000810623169,0.0891502223908901,6.422227430343628,3.038762402534485,0.5466607272624969,0.0785838954150676,316.0882232666016,2408.7822265625,1613.4376342773437,79.88192367553711,665.1387634277344,102.1959617614746,2.8995633840560915,48.156683349609374,130.16826629638672,16.90914821624756,1.038777244091034,910.1909679412842,1511.3063736915587,5353.125328308624,0.7610843332484365,617.3778780937195,222.1813287734985,16.154715614765884,1.9688584230840207
169.21340870611675,48.48024483806266,3.632963863498367,0.55704976020304,20.25536994934082,8.749653148651124,22.214579772949214,3.653075838088989,2.033867835998535,1.0246835708618165,0.0890109896659851,6.633247995376587,3.0912984371185304,0.5133925437927246,0.0850231021642684,333.3794799804688,2705.2679931640623,1922.993408203125,79.01361083984375,568.5407653808594,87.13066864013672,2.881676506996155,55.20909233093262,138.3231994628906,16.04098434448242,1.0579716682434082,931.095327758789,1496.8942101955413,5391.840574433794,0.7361448891460896,645.312691783905,221.30946452617644,16.027688670158387,1.9467807233333587
170.42135269086867,48.19060518409587,3.618940166580228,0.6501999364060452,19.802508735656737,9.071851348876953,22.61016979217529,3.413746881484985,2.031003308296204,1.050264286994934,0.0875960603356361,6.367290878295899,2.795330023765564,0.5894465267658233,0.09299838244915,340.2794158935547,2810.686889648437,1978.8837890625,76.32383193969727,572.1554443359375,89.62868728637696,2.832233715057373,52.26838455200196,122.38262634277343,19.36488780975342,1.1643742442131042,933.1130409240724,1513.269126558304,5453.112429034943,0.720775667950511,656.894566822052,221.6464369297028,16.026977970451117,1.9722663823515176
150.17716247526187,56.448812531484506,3.624817279187391,0.6624653159390732,22.64139385223389,7.873568964004517,18.283545112609865,3.556300163269043,2.406462049484253,1.243144643306732,0.0885305531322956,6.430602073669434,3.137818622589111,0.5995438873767853,0.08826819434762,315.8304962158203,2432.881005859375,1554.8415649414062,80.32792587280274,676.1779357910157,107.30803985595703,2.865031242370605,53.47020568847656,138.2512451171875,19.65105438232422,1.1584954857826233,897.3054821014405,1492.448918056488,5228.816104965704,0.7912469543516636,621.1036920547485,223.37752788066865,16.2146927498281,2.0018617022782563
218.63768247393529,98.98720605867564,3.647558574571576,0.6249196338707748,20.54555015563965,9.67304286956787,24.47764568328857,4.126434659957885,3.988329362869263,2.0258995294570923,0.0865795210003852,6.855260133743286,2.902230882644653,0.5765267848968506,0.0841990299522876,347.40849609375,3014.864892578125,2114.13037109375,92.19126892089844,1125.298291015625,177.24093017578124,2.8204276084899904,58.7418327331543,127.45180435180664,18.79685707092285,1.1090842008590698,1014.4058645248411,1546.3324352622033,5446.708491345356,1.1099680060055106,643.6804821968078,219.9391271114349,15.851244561374187,1.9502703804522752
200.2906196016076,96.18115146834934,3.848013226228932,0.5847771147389608,23.936923599243165,9.890840244293212,23.0479118347168,4.093574571609497,4.37458233833313,2.3633784294128417,0.0871023118495941,7.021505546569824,3.3002494096755983,0.5568520665168762,0.0816758014261722,339.7431030273437,3076.542919921875,2012.5232421875,92.37741012573242,1229.1913452148438,201.006852722168,2.8283858776092528,66.82284011840821,151.25267944335937,17.723654747009277,1.0756210923194884,1018.7195379257204,1604.3293825507164,5656.619811487524,1.064331729942933,632.5875792503357,220.21464092731475,15.947858189046382,1.948462147265673
155.58979181461254,52.60400997640181,3.726921760701316,0.6229574621415395,21.401262283325195,7.825514507293701,19.145301246643065,3.6032143354415895,2.3479910612106325,1.1081119179725647,0.0881988994777202,7.181210851669311,3.2022378206253053,0.5553394913673401,0.0877472564578056,317.3629943847656,2435.3189697265625,1639.2564086914062,80.36570663452149,653.1801635742188,95.08070526123046,2.8700873136520384,60.624222946167,144.5187728881836,18.05506153106689,1.1133912324905395,920.3730716705322,1530.2622980356216,5380.93802042501,0.7718753522261977,618.9308336257934,222.0108839035034,16.134967830777168,1.9734363071620464
182.4643282737743,97.8619550444342,3.641080252490247,0.6309171835205347,20.552354621887208,8.491427612304687,20.44265937805176,4.022992658615112,3.541456747055053,1.8405056834220883,0.0870585493743419,7.146905088424683,3.1778723001480103,0.5686904489994049,0.0879576370120048,331.6828277587891,2635.4739013671874,1747.212255859375,90.93306045532226,995.6893676757812,160.41598205566407,2.830080366134644,52.15446739196777,144.1075439453125,18.599880599975585,1.120984947681427,975.6668769836426,1553.7292202949525,5335.104793114029,0.7760903779417276,622.0006230354309,219.97745723724364,15.852879660576582,1.9460110165178777
155.13856430108353,54.860352944149234,3.674742794481972,0.5847089042813878,23.04504146575928,8.401453876495362,19.735454177856447,3.644883728027344,2.3332217216491697,1.1455907702445984,0.0866751812398433,6.500362920761108,2.868598961830139,0.5789565801620483,0.0837669998407363,315.7049560546875,2603.0879150390624,1694.6302368164063,80.91185455322265,651.2548706054688,99.66703720092774,2.8266252517700194,55.34330368041992,124.55684509277344,18.25655574798584,1.0702216267585754,907.9190589904786,1522.589481472969,5305.30141119482,0.8305405987426638,618.4793899536132,222.42135701179504,16.124911255389453,1.9797222748398784
151.69460622394544,52.48931538548395,3.6694100684651176,0.6334416855986547,21.57544364929199,7.871098756790161,18.554563522338867,3.475873923301697,2.33285710811615,1.0778602600097655,0.0869597017765045,6.586508274078369,3.0670016765594483,0.5779130458831787,0.0841486655175685,316.3597381591797,2423.086572265625,1579.181689453125,79.21853713989258,648.8950500488281,92.02277755737305,2.832710933685303,68.31509246826172,131.75582733154295,18.782115745544434,1.1050756216049191,896.3195579528808,1508.8567517995834,5310.760101861879,0.7787592463195324,618.1194757461548,222.49993753433228,16.153488198667766,1.9863924995064732
172.34243572680424,50.10443150487945,3.560375349387914,0.6010776648518344,20.73042545318604,9.238632869720458,22.718980407714845,3.449952244758606,2.257973551750183,1.0611132264137269,0.0883209757506847,6.651822996139527,2.984440493583679,0.5652215242385864,0.0835431732237339,339.9205841064453,2853.589404296875,1983.597912597656,77.45616912841797,634.213134765625,92.2735321044922,2.873214530944824,67.4086669921875,127.2791473388672,18.128407096862794,1.0798120617866516,948.3331401824952,1515.1553108930589,5435.373599916604,0.7271722355857492,657.4101920127869,221.58702418804168,16.028177961707115,1.9608359344303607
163.1105604643708,49.80827347233416,3.778015110106367,0.5565054435731327,21.45731372833252,8.779577541351319,19.823664474487305,3.5773037910461425,2.2432548999786377,1.1236420392990112,0.0888298965990543,7.329292678833008,3.12707896232605,0.559006142616272,0.0796647675335407,328.3254699707031,2721.7990478515626,1698.7307983398437,79.07902450561524,629.3365600585937,96.5166244506836,2.889568305015564,74.38662109375,142.05787506103516,17.281313705444337,1.0376421093940735,910.474941253662,1535.1021789073943,5509.151184271276,0.7953989678993821,637.001577949524,221.60764653682708,16.128150252997877,1.9601204998791215
158.46845285133023,52.57228612139079,3.7888258612331582,0.5953766632690076,22.87411289215088,8.660128784179687,20.552661895751957,3.587472438812256,2.441613841056824,1.1216027379035949,0.0880089156329631,7.037959957122803,3.097464799880981,0.5388682186603546,0.0825430028140545,327.90326232910155,2672.483447265625,1769.7250610351562,80.91697463989257,679.0008911132812,95.79777603149414,2.865234017372132,52.04979209899902,143.05362396240236,17.2248779296875,1.0739021182060242,915.4109607696532,1550.558861398697,5529.752964665648,0.7877200150862336,637.090710067749,221.28172399997712,16.03628461062908,1.9550877451896669
157.53218325040652,52.20537751671573,3.634687934612998,0.6747255134524266,21.27819766998291,8.376700305938721,20.1556058883667,3.739525485038757,2.347831702232361,1.128853678703308,0.0883475519716739,6.836246347427368,2.966621804237365,0.5955598175525665,0.0937949456274509,323.7949157714844,2595.256909179688,1718.2261352539062,81.02381973266601,655.3003112792969,97.12151718139648,2.878229594230652,50.52798156738281,131.682275390625,19.668511581420898,1.189906108379364,904.1042053222656,1535.4369221687316,5483.28704804834,0.7910904482007026,633.0595867156983,222.22976369857787,16.096190797537567,1.9842285089194776
151.61752004406736,52.45970326751321,3.770040739543151,0.6147409678415784,21.442578125,7.796103286743164,20.153233528137207,3.4989304065704347,2.4013881921768188,1.0899087905883789,0.0874282896518707,6.931644868850708,3.061690902709961,0.5637546956539154,0.0859199158847332,318.4739929199219,2419.7938232421875,1697.5363525390626,78.59141311645507,676.2470153808594,94.65326690673828,2.832476758956909,54.35598258972168,139.81238708496093,18.218196678161625,1.098792552947998,905.1777927398682,1482.1408126354218,5210.171129303705,0.7553268665447831,621.0407723426819,222.48208844661715,16.136094360798598,1.981487525254488
199.5595545951961,95.75507179632204,3.69598659644746,0.5905723894362609,19.73027210235596,10.034054565429688,24.439709854125976,4.199863529205322,4.772966146469116,2.374066114425659,0.0888472110033035,6.718661689758301,3.2302424907684326,0.5562554597854614,0.089318224787712,338.30645751953125,3107.884228515625,2147.3392822265623,91.9983169555664,1344.474523925781,205.31974182128903,2.882823038101196,72.78601684570313,143.10366821289062,17.86457748413086,1.1210625052452088,1017.496787071228,1614.9274480462077,5668.206444147462,0.9941669018939138,640.1366723060607,221.36702086925507,16.106888473778962,1.9723847061395643
210.76647848173812,96.93070404778771,3.720997174403055,0.5967649466669627,21.230282974243163,11.63439655303955,28.099927520751955,4.210630321502686,4.709290361404419,2.2770886421203613,0.0866245806217193,6.536207771301269,2.932230401039124,0.5617758691310882,0.0878018923103809,354.1822967529297,3620.419580078125,2452.7963134765623,92.60709609985352,1326.03408203125,197.9904342651367,2.824820637702942,53.52853584289551,129.988916015625,18.13810634613037,1.1170089364051818,1026.3740810394288,1638.0137935996056,5848.574609843316,1.0537361178081484,661.70598487854,220.4848001718521,15.93188536092639,1.9590645484626288
181.0236711999918,91.1211391084773,3.673664825288506,0.5586424343370823,23.794460678100585,9.048017501831056,21.48671703338623,4.172846126556396,3.7129621267318726,1.9143750548362728,0.0869017139077186,6.723309183120728,2.9449344873428345,0.5174856364727021,0.0804861977696418,335.1465545654297,2795.910620117188,1888.3283935546876,91.22503280639648,1045.2125244140625,167.39546661376954,2.818818521499634,48.20777320861816,133.53720397949218,16.2176025390625,1.0387742638587951,989.515493774414,1563.420174431801,5481.596022037277,0.7953872388228774,633.4233169555664,219.45027408599853,15.81076125726104,1.9229004975408317
155.73027294063212,54.46941928991028,3.721138674054101,0.5604947015376751,22.650643157958985,7.9677161693573,20.19633274078369,3.6444547891616814,2.413564229011536,1.1248199105262755,0.0889288485050201,6.912993717193603,3.2343674898147583,0.5251031398773194,0.08030816167593,320.8470062255859,2441.486376953125,1758.4312622070313,79.93722305297851,679.7146057128906,96.68405227661133,2.893576240539551,52.208578491210936,147.9421630859375,16.287445068359375,1.0427695870399476,905.1021797180176,1524.7162425518036,5405.805214087852,0.7921964503824711,626.2943797111511,221.9557359933853,16.116418493539094,1.958976839482784
155.6674416759357,54.407721363544354,3.736225886948501,0.5651136166621313,21.15496940612793,7.752501821517944,20.30268802642822,3.5409207582473754,2.3435904026031493,1.2101345539093018,0.0879491612315177,6.7566657066345215,3.1426718473434447,0.5461666941642761,0.0825583152472972,319.3078277587891,2373.48408203125,1768.5332397460938,79.40098571777344,659.490478515625,103.3571517944336,2.857787132263184,53.1619441986084,142.3278793334961,17.016996765136717,1.0573872208595276,915.7785636901856,1508.3660315990448,5339.803018877981,0.7598706960678101,623.1781345367432,222.1953346014023,16.123699291050436,1.9686940222978595
155.0957119956598,54.56177512314607,3.5941884749651534,0.6659171863447455,23.54987621307373,8.451297760009766,19.12758674621582,3.4940743446350098,2.5084067821502685,1.1519856095314025,0.0884473457932472,6.691430711746216,3.081652903556824,0.6169129192829133,0.0922499857842922,322.41119079589845,2602.783349609375,1658.517041015625,79.46785354614258,703.1489501953125,99.26795349121092,2.8657313346862794,68.27000350952149,132.92923889160156,20.300014114379884,1.174066686630249,912.3433277130129,1534.2296353816987,5468.081927106856,0.7727753106504679,629.9297039985656,222.4519232749939,16.136206613481043,1.9908139687031507
165.65153747966616,50.67233658756995,3.7279213834341136,0.5926589722010818,19.281413078308105,8.62751522064209,20.961209869384767,3.4429644346237183,2.242763543128967,1.0934895157814026,0.0891932904720306,6.818464279174805,3.340874099731445,0.5390973150730133,0.0834649853408336,329.7406494140625,2669.448046875,1802.5588745117188,77.73456192016602,628.8394104003906,93.04384918212892,2.8880307197570803,61.7165023803711,152.3536346435547,17.187702560424803,1.0758944511413575,934.4843906402588,1511.5203860282895,5383.661485268967,0.7364754343405366,638.6889755249024,221.75981333255768,16.1082439891994,1.9611524373292923
153.50175168170534,56.6775147503371,3.674438691965384,0.5973802527831026,22.03852233886719,7.626661825180053,18.80402717590332,3.58388741016388,2.460749650001526,1.2052300453186036,0.0875308893620967,6.554057264328003,3.107576274871826,0.5649702608585357,0.08334376886487,316.0228729248047,2335.28876953125,1650.1994506835938,81.23816299438477,691.4381774902344,102.5538314819336,2.8467639207839968,68.3183380126953,134.98306427001953,18.00890369415283,1.0790257930755616,920.2814014434814,1528.7037405729293,5382.595649021678,0.788285081461072,617.2895613670349,221.96465809345244,16.129039473831654,1.9730295553803443
159.9846754790473,53.34271702891956,3.683107232532052,0.6422807071034071,23.325858497619627,8.713820552825927,19.550523948669436,3.477873969078064,2.276353549957276,1.2046969771385192,0.089419087767601,6.951705026626587,3.125381588935852,0.5870022296905517,0.0860439054667949,325.6918334960937,2684.2363037109376,1716.1794555664062,78.97805633544922,636.9433044433594,103.39185485839845,2.8899861335754395,59.89505500793457,141.84615936279295,19.153032112121583,1.1237522959709167,917.9533046722412,1496.0742034435273,5442.630021025054,0.7469059741124511,635.5272267341613,222.15267784595488,16.118163929134607,1.9827215146273371
161.33699844328802,50.425194948228274,3.580626825424952,0.557567353134641,20.66827259063721,8.521792793273926,20.496026611328126,3.49651563167572,2.2186619520187376,1.0535733699798584,0.0870614983141422,6.436776208877563,2.9426676511764525,0.5276208519935608,0.0850321345031261,327.2082244873047,2627.18876953125,1782.8988647460938,78.30367126464844,624.4053283691406,89.97805633544922,2.8348816633224487,55.81550674438476,124.97627410888671,16.501280212402342,1.0600037813186645,932.7236763000489,1451.1369633674622,5237.389874571003,0.7279192883521318,634.7282705307007,221.59648218154908,16.064118261635304,1.9592282585799692
160.7826918684048,47.98529938255997,3.7620542824828136,0.6693529012754539,19.099288940429688,8.189506530761719,20.73697681427002,3.501535034179688,1.993523204326629,1.0611876368522644,0.0900336734950542,7.141143798828125,3.32161762714386,0.5950522363185883,0.0889768809080124,324.66770324707034,2516.731909179688,1773.329345703125,77.2861930847168,556.9525024414063,90.49564514160156,2.9127381563186647,73.67729034423829,151.9527801513672,19.57356014251709,1.16480792760849,911.2001735687256,1489.4494199991227,5335.418037489103,0.7388263406232,631.600614452362,222.42362356185916,16.22315702959895,1.9892787657678128
155.8656913431536,53.368920858781166,3.726545410577091,0.6462658122419725,18.440543365478515,7.843857812881469,20.448047256469728,3.486254334449768,2.3189202547073364,1.1133017659187316,0.0877966269850731,6.821787071228028,3.0416272640228272,0.6091801643371582,0.0904537454247474,319.5078643798828,2416.90302734375,1724.8345336914062,78.5533462524414,654.8941223144532,96.37767868041992,2.8360032081604003,70.21333923339844,135.12151947021485,19.909736251831056,1.143956708908081,924.828076171875,1489.2162708759308,5148.936296138074,0.738672542758286,623.3370604515076,222.62001934051517,16.159177226573227,1.99348996989429
161.015550714657,50.64971990126578,3.668711593507033,0.5891812015718301,21.09827289581299,8.121391105651856,20.37256412506104,3.5878581047058105,2.306472873687744,1.1320287704467773,0.0892352260649204,7.028643703460693,3.1530196905136108,0.588140219449997,0.0865701183676719,323.47178955078124,2527.2343994140624,1762.7302734375,79.52555770874024,645.0698059082031,96.26365966796877,2.8934621810913086,61.14515686035156,142.38410186767578,18.76421375274658,1.0839796304702758,923.6978298187256,1461.929535794258,5233.984623331577,0.7385834734886885,630.7373618125915,222.1420903205872,16.123202710598708,1.98167097941041
164.40734996880056,52.56207227419982,3.8530585848177226,0.6845430727877669,20.918680000305176,8.23791961669922,21.20210952758789,3.5222959995269774,2.241605949401856,1.1481043338775634,0.0870015554130077,6.944349336624145,3.1510211706161497,0.6070227742195129,0.0883942618966102,326.70953063964845,2552.0790283203123,1850.471936035156,78.9791488647461,631.9132385253906,97.62531967163086,2.834381628036499,58.41290168762207,145.05846099853517,20.0360315322876,1.174626648426056,914.6320858001708,1483.550922846794,5367.666296360968,0.7396877322345972,637.414564704895,222.262890958786,16.089977885037662,1.9897068366408348
163.27740414988585,48.198726398630335,3.629018283639607,0.6388703319449973,21.31752986907959,8.68287181854248,20.56303253173828,3.4915629625320435,2.0296404361724854,1.0632172346115112,0.0867096476256847,6.254072141647339,2.9592989444732667,0.6135771870613098,0.0900647543370723,327.82598266601565,2698.9044189453125,1769.185888671875,77.00094833374024,566.6282531738282,92.1170265197754,2.8233020544052123,46.33821029663086,127.65177841186524,20.015017318725587,1.1381039261817931,890.3486682891846,1528.9781992197036,5566.510462138848,0.7555138662457466,640.5406748771668,222.66060066223145,16.113336280733346,1.992014567181468
181.0953266249242,95.25458582820484,3.719334020130168,0.6188879339966888,20.79417266845703,8.844379806518555,20.75922355651856,4.013973641395569,3.624543929100037,1.857232701778412,0.0872458070516586,6.958479642868042,3.2615978717803955,0.6044655859470367,0.0870307013392448,333.51837158203125,2735.620776367188,1786.9440551757812,90.85131225585936,1022.6073608398438,162.14432067871093,2.835494136810303,73.42037200927734,147.50717468261718,19.67155990600586,1.103887677192688,970.5033210754394,1569.5827985286712,5535.417311984813,0.7792012322694063,628.2743460655213,220.1766656637192,15.919423135370016,1.9541450317949056
160.19280050457382,50.71976966725515,3.632777806795093,0.5880730938004263,23.59890823364258,8.213217449188232,20.785312461853028,3.581140661239624,2.257017469406128,1.101465630531311,0.0877883583307266,6.411680507659912,2.896591711044312,0.5848955452442169,0.0831840693950653,324.7012115478516,2552.6222900390626,1799.42626953125,78.84517059326171,636.7574340820313,93.57048645019532,2.839626216888428,60.92749099731445,126.09120330810546,18.487347030639647,1.0702553749084474,921.7230113983154,1504.1037122964858,5355.941252012364,0.7598848611116409,634.4283039093018,222.26300923824311,16.09903377741575,1.9776641391217709
153.93219220878746,52.06461631019128,3.797390717710437,0.6539943737718772,21.50457763671875,8.059634017944337,18.8384765625,3.4992318868637087,2.2233392238616942,1.157208800315857,0.0870251059532165,6.718794155120849,3.1861152410507203,0.5902382493019104,0.0891678117215633,317.8179656982422,2498.04345703125,1596.6560546875,78.50411834716797,623.0970520019531,99.31572570800782,2.817256140708923,51.92426567077637,145.37196044921876,19.328371810913087,1.1493329286575318,908.8683868408204,1514.3148198127749,5357.919036051631,0.764026846550405,622.1382983207702,222.78444793224332,16.147873312979936,1.992209852859378
165.20008581589644,82.56265843131987,3.587028023394237,0.5878307625796537,22.43234233856201,8.51655330657959,20.586345291137697,4.086271476745606,4.028539419174194,1.937803864479065,0.0893539384007453,6.788620138168335,2.9873581647872927,0.5320852696895599,0.0860734991729259,321.2293762207031,2646.1164794921874,1785.934228515625,89.3273094177246,1138.62578125,167.3272476196289,2.900956010818481,63.78999633789063,130.5688217163086,17.007384490966796,1.083555281162262,999.3599876403808,1598.7323736190797,5571.202725854144,0.7004277808591723,627.3989749908447,221.08346583843232,15.989944784343242,1.949955579638481
207.63799349516705,98.40156151227112,3.607231327708632,0.6511820910214737,22.684991455078126,9.526254177093506,22.297082901000977,4.1208555698394775,4.406371450424194,2.207494521141052,0.0887298002839088,6.191390037536621,3.1342695713043214,0.6167049884796143,0.0917545601725578,338.59258728027345,2963.0946533203123,1956.8156494140624,91.9932243347168,1237.2912963867188,191.1299301147461,2.8587039709091187,42.82974510192871,133.99712066650392,20.279336738586423,1.1751692652702332,1014.6858058929444,1571.1474987030028,5525.26538791433,1.1046771594323217,634.2679837226867,220.81705195903777,15.953857856243848,1.973373468220234
159.42927499715807,53.90736557862601,3.5806022900155083,0.6729730476613895,22.06034908294678,7.918847990036011,19.821841049194337,3.591745376586914,2.393634080886841,1.1799921631813048,0.0881212994456291,6.369339275360107,2.8321121454238893,0.5964044094085693,0.093370796740055,321.0028686523437,2465.4351318359377,1703.6333618164062,80.46064605712891,669.2618835449218,102.56879272460938,2.869704294204712,48.858447265625,122.86626434326172,19.682217407226563,1.1865960717201234,926.0327545166016,1511.9361593723297,5352.763688790193,0.7706236261874437,626.4496731758118,222.21382176876068,16.11603813916445,1.986128457263112
164.42078833517007,50.45670132488749,3.6844656928488577,0.6607899408456206,22.282431411743165,8.953443431854248,21.40360641479492,3.6250475645065303,2.150774836540222,1.0761860728263857,0.0871596723794937,6.763255548477173,2.920720624923706,0.5867312908172607,0.0870893716812133,333.044970703125,2750.3376953125,1864.053955078125,79.6586784362793,602.3383239746094,93.17456893920898,2.842173385620117,49.174637985229495,129.70160064697265,19.274712562561035,1.1471265316009522,910.7314968109132,1531.4636917591097,5479.727442803094,0.7883353753015399,647.2018222808838,221.68530745506283,16.03308328166604,1.973437673598528
149.05367627081142,52.99554304353442,3.660178128121538,0.6725182524741171,19.901088905334472,7.666572093963623,19.32711601257324,3.60852530002594,2.419222617149353,1.154159212112427,0.0872262187302112,6.581959629058838,3.124867248535156,0.6090026795864105,0.0913507588207721,316.4101928710937,2346.0745361328127,1635.311083984375,79.42467498779297,682.4623168945312,99.83639373779296,2.8377798795700078,48.82061767578125,137.22003326416015,20.05321884155273,1.1770390152931214,910.735131072998,1503.1061796188355,5309.927474769671,0.7503815462812782,618.6114787101745,222.7391623020172,16.15034995600581,1.996435856074095
159.48237579726046,51.383170043622975,3.7881792432744983,0.5752282236190354,18.11220111846924,7.702009582519532,19.376865577697757,3.4278698444366453,2.044458794593811,1.0324828147888183,0.0878876395523548,7.025276517868042,3.121193265914917,0.5268310010433197,0.0830184131860733,321.47423095703124,2397.0914306640625,1674.5907592773438,77.17261505126953,575.0196350097656,88.6423957824707,2.8511020660400392,72.58121871948242,141.53800048828126,16.775010681152345,1.0574024319648745,911.5322334289552,1464.129899072647,5241.519173682993,0.7062100366689265,625.436109161377,222.53737053871157,16.20628739967942,1.9725921019911763
148.7048630661167,42.2890963685255,3.619810217137433,0.6691698979198122,17.22829399108887,9.39676275253296,22.866988372802734,3.3331772565841677,1.871679496765137,0.858994859457016,0.0878277420997619,6.596966886520386,2.895921540260315,0.6079154849052429,0.0907840900123119,333.9576782226562,2914.8668212890625,2010.151428222656,73.04782333374024,526.1670715332032,73.15206298828124,2.8387720584869385,55.25669059753418,124.81040725708009,19.971918296813964,1.1754985809326173,906.8397453308104,1453.9809361934665,5319.748752824031,0.5971892614848912,650.4966083526612,223.5782835483551,16.186305974423885,2.0024164367467163
153.57928510644706,52.5453777856982,3.5718763694726023,0.6333774556235767,19.779847145080566,8.354017543792725,19.61768970489502,3.5028560638427733,2.3644790172576906,1.1596738815307617,0.0884687274694442,6.573810863494873,2.826855134963989,0.5966212689876557,0.0842544168233871,321.7893310546875,2558.60546875,1668.4565795898438,78.241455078125,667.4393798828125,100.6909637451172,2.863507294654846,65.07919158935547,121.36436080932616,19.381954956054688,1.102545964717865,918.312878036499,1499.5362779855727,5350.650860098564,0.7343052219599485,627.6818793296814,222.60381083488463,16.137655613571404,1.9873854480683804
158.84576351382856,51.777005295119125,3.777488379119928,0.5637320920005096,22.68086490631104,8.473686218261719,19.566688537597656,3.55095431804657,2.242850708961486,1.12825186252594,0.0897286474704742,7.357316017150879,3.306553649902344,0.5251025855541229,0.0784130170941352,324.3241302490234,2603.6857177734373,1707.5344360351562,79.30525588989258,624.6457275390625,97.16367874145509,2.917331862449646,75.0266098022461,151.13016510009766,16.30625991821289,1.038687229156494,915.1261798858644,1498.2916357517242,5359.778103959887,0.7758804522454739,630.7487242698669,221.6346179485321,16.178850781172514,1.9573770031332969
156.4921174032548,50.98400731283637,3.734926559303835,0.5837602993784913,22.510384941101076,8.02040605545044,19.30361557006836,3.5421921491622923,2.122630405426025,1.084010910987854,0.0869642347097396,6.572146940231323,3.0083821058273315,0.5844377875328064,0.0868342988193035,320.09474487304686,2487.1876220703125,1651.4469360351563,78.91399917602538,593.1697814941406,92.57440185546876,2.815343451499939,49.38877449035645,135.2024932861328,18.51027889251709,1.0838895320892334,915.2556411743165,1527.7689600229264,5460.918680526363,0.7918085735291243,623.8033101081849,222.1748960018158,16.11419684588909,1.9781886667013169
159.5259641444005,52.97676702180288,3.6434995829692527,0.637345904569463,20.038549423217773,8.55811367034912,21.241709518432614,3.483181405067444,2.2276716947555544,1.1076014161109924,0.0890666469931602,6.754390716552734,2.974846792221069,0.5735196650028229,0.0903790824115276,328.58518371582034,2631.71171875,1797.744055175781,78.46361083984375,627.1389343261719,95.6319450378418,2.8794764995574957,61.90542030334473,132.6551727294922,18.7514591217041,1.141434609889984,923.8331565856934,1527.1051683664325,5397.601770997792,0.7628527086228132,637.0983574867248,221.8104001045227,16.087895834445952,1.972548120096326
171.13344157133469,51.34128165487,3.739730977024124,0.6416797027863368,21.06988906860352,8.798456573486328,21.105609893798828,3.517818808555603,2.1619173765182493,1.0501810669898988,0.0889589048922061,6.973035478591919,3.2235092401504515,0.5920201539993286,0.084708721935749,331.6903076171875,2732.534912109375,1848.8347534179688,78.05102767944337,606.9977905273438,90.92215423583984,2.879693698883057,63.76919403076172,146.99335327148438,19.314358139038085,1.1160308957099914,929.8005149841308,1517.0152543544768,5498.3460081486965,0.7623720237985253,644.2936475753784,221.88868114948272,16.107901298999785,1.9768152445554732
172.13160402372304,48.57472004954525,3.6899390935809606,0.617764960720308,20.968016815185543,9.246152114868163,21.22407531738281,3.522498846054077,2.080757904052734,1.0296069025993346,0.0897682659327983,6.803682565689087,3.206503081321716,0.576354342699051,0.0853901982307434,336.35792236328126,2872.5640625,1849.8787109375,77.0968734741211,587.7386596679687,87.7219352722168,2.902214860916138,73.84602584838868,143.6742401123047,18.682971382141112,1.0949654817581176,924.380347442627,1509.4083204507829,5469.068261180539,0.7446314027532935,652.6222925186157,221.87495889663697,16.125793961435555,1.9714593455195424
209.3905804899587,103.32957627789528,3.732451501179412,0.6016090767782998,21.215148735046387,10.975712776184082,27.71567153930664,4.192142248153687,5.052794456481934,2.4189579486846924,0.0882542692124843,6.91848578453064,3.133235478401184,0.5410477876663208,0.0910095632076263,346.75538940429686,3415.57705078125,2416.853515625,92.45851287841796,1429.7706909179688,209.5288497924805,2.8516839265823366,51.04132080078125,142.03973236083985,17.547995567321777,1.1306599974632263,1042.8047769546508,1610.6544535160065,5665.88253017352,1.1265153513289987,644.4061392784118,220.7901586055756,15.986656864732504,1.9603688713163137
148.9555198715847,56.04547364152095,3.7434176237594095,0.6555037976994071,22.938317489624023,7.912811660766602,19.42480812072754,3.741697287559509,2.4832369089126587,1.2791854381561278,0.0876930095255374,6.918173360824585,3.014298701286316,0.6150979697704315,0.0846818402409553,315.50103759765625,2437.553369140625,1650.0296875,82.17875366210937,697.6313293457031,109.21913070678713,2.8448134899139403,54.343506240844725,136.63597564697267,20.09529056549072,1.1237988114356994,908.256344604492,1523.7162401437758,5375.728059063433,0.8220423348248005,619.6749004364013,222.6294350862503,16.12562637254596,1.994071879982948
152.372305718383,55.01553377237815,3.722352037243172,0.6693756912956473,20.284551239013677,7.679035425186157,19.15760021209717,3.635399675369263,2.390313816070557,1.225749969482422,0.0874033413827419,6.774236631393433,2.951295256614685,0.6192414224147796,0.0888508208096027,316.3368041992188,2353.040502929688,1639.2974365234377,80.04576416015625,674.5407470703125,106.31219863891602,2.839230298995972,58.94581413269043,131.5393844604492,20.354119110107423,1.1626253008842469,913.2468368530274,1537.9160454273224,5418.298920846358,0.7863496398553252,618.5275623321534,222.6024047613144,16.145825958997012,1.9946034349501132
148.26827718184649,54.51892646130791,3.747347069988405,0.6669620691514865,23.11924018859863,7.843989849090576,18.687264251708985,3.5511688947677613,2.362589168548584,1.204997766017914,0.0882682301104068,7.02514910697937,3.213061547279358,0.6078356444835663,0.0883424863219261,315.79430236816404,2412.416162109375,1601.8486328125,80.10439605712891,658.9551330566406,104.38442840576172,2.874017071723938,61.95303039550781,146.1306167602539,19.950060081481933,1.1541131138801577,886.3743877410889,1515.2652436256408,5394.640659112949,0.7718452502042055,619.2339291572571,222.74497139453888,16.178592977672814,1.996666219830513
169.34192030538398,49.260357591461705,3.8601085496493615,0.6568219069719816,20.04093189239502,8.559484386444092,22.290408325195312,3.554702115058899,2.104676842689514,1.0668234705924988,0.0870656579732895,7.400775337219239,3.2487877130508425,0.623437911272049,0.0863036915659904,334.5315216064453,2659.72939453125,1929.450329589844,78.00472640991211,588.6679321289063,92.60374298095704,2.835583090782165,65.81527633666992,149.2255065917969,20.427524185180665,1.1390486478805542,933.6333992004396,1527.1486429214478,5470.877969014598,0.7232014054432512,649.1218326568603,221.8862189054489,16.080930638313294,1.982120432704687
154.42519698421603,53.29184211421834,3.622583062975104,0.5768715925142942,22.96277027130127,8.131162071228028,18.761608695983888,3.5602336645126345,2.2512861490249634,1.134957194328308,0.0868302255868911,6.617494726181031,2.8672783851623533,0.5297250986099243,0.0809784069657325,318.5945526123047,2521.5586181640624,1622.5286254882812,79.22448806762695,633.0851318359375,97.65202941894532,2.820454740524292,53.68846473693848,123.37092361450196,16.63204154968262,1.058776569366455,911.4910682678222,1505.4641782045364,5378.956475357758,0.758758850581944,621.5655237197876,221.98382816314697,16.11078049838543,1.965344513952732
157.6646714272967,51.30809821822304,3.660865350386439,0.6730836091561173,23.752631187438965,8.603211212158204,20.003355979919437,3.484992432594299,2.265176272392273,1.0970665574073792,0.0868168108165264,6.757212924957275,2.878072810173035,0.6414856731891632,0.0899439789354801,325.7644317626953,2659.0576416015624,1723.1285400390625,78.63728713989258,636.4426879882812,94.72929229736329,2.8209916591644286,49.37744102478028,126.24774932861328,21.09876823425293,1.167976713180542,898.5000148773194,1503.773662662506,5391.57548251315,0.7720250342041254,636.8291168212891,222.6125795125961,16.103390154987572,1.9999719429761167
210.4433828457186,100.43162682272197,3.6048733130521216,0.5500968332274965,21.878798294067384,11.789140605926514,26.704218673706052,4.164815425872803,4.895723152160644,2.4874546051025392,0.0894519843161106,6.692311382293701,3.05609130859375,0.5176289856433869,0.0837833985686302,349.70128479003904,3667.0084228515625,2331.66220703125,92.37433319091797,1371.8268432617188,215.7532165527344,2.897238183021545,68.05703125,134.1155746459961,16.153651237487793,1.0593611478805542,1052.28505859375,1598.172225511074,5576.186977574462,1.1502397708129135,646.1255004882812,219.5831018924713,15.887607014924289,1.9324978347867727
158.83860900504152,49.60738316349898,3.7675016854955623,0.573808253869106,21.119132614135744,8.305817413330079,19.9911226272583,3.5589530944824217,2.2858231544494627,1.0900474190711975,0.0879362381994724,7.093323230743408,2.998263001441956,0.5672619760036468,0.0833819322288036,323.6722869873047,2580.965869140625,1697.5839965820312,79.08564910888671,637.4729614257812,92.62689361572264,2.841888928413391,66.39856796264648,136.08508758544923,17.83112201690674,1.0632579565048217,916.0263607025148,1479.7293187379837,5291.861216009408,0.7366357903927565,629.2049921035766,221.90954060554503,16.103719556331633,1.972016778588295
162.216655231583,52.11796965063941,3.657362007924166,0.6342211687153508,20.718972587585448,8.14501657485962,21.278428649902345,3.609878492355347,2.318483328819275,1.1251312375068665,0.087862441688776,6.664791250228882,3.071435737609863,0.6112619698047638,0.0883126020431518,325.9595458984375,2526.8684326171874,1826.9646484375,79.32826766967773,654.343359375,96.58442535400393,2.855948233604431,49.638698196411134,136.38404388427733,19.91905632019043,1.1266565561294557,920.9805210113524,1531.3309242010116,5472.315579743078,0.7586068633943797,634.575905418396,222.11122932434083,16.09266523718834,1.983685044571757
183.20225354422,74.44909866590451,3.5180661832621807,0.6040164948351958,21.24166641235352,9.275938606262208,21.650413513183597,3.7816248178482055,2.4912955522537232,1.2113035678863526,0.0899971716105938,6.4328941822052,3.0732857942581178,0.5565892934799195,0.0854125678539276,339.9697326660156,2871.5033447265623,1864.822729492188,86.18290634155274,703.8947143554688,104.56111145019533,2.8553555727005007,47.95556869506836,136.30394897460937,18.039024353027344,1.0903629422187806,958.3611923217774,1525.7714255571366,5465.889335608714,0.7516462629660964,647.2811893463135,220.69406995773315,15.917552272230386,1.947822443395853
161.3506714169329,49.439603891933984,3.8873298878125753,0.5789698229671899,20.152783393859863,8.53458547592163,19.92546615600586,3.5073492765426635,2.0771732568740844,1.0115749716758728,0.0868764467537403,7.1346348285675045,3.145874071121216,0.5254337966442109,0.0870848514139652,325.4733489990234,2639.6904296875,1712.7957275390625,77.86024017333985,580.0266540527343,87.49856719970703,2.83140480518341,64.86563262939453,144.76487579345704,16.66865348815918,1.0823747158050536,913.745964050293,1501.8050993919371,5475.5926864882,0.7393409667536617,631.9138201713562,221.76761322021488,16.105031743645668,1.9613305352628232
168.9118444884407,45.44674875202345,3.757098064580009,0.6482267964419293,20.494541358947757,8.803649044036865,21.78521385192871,3.4839219093322757,1.9930202603340148,0.9942329466342926,0.0899343103170395,7.504245138168335,3.314155650138855,0.6228583872318267,0.0890876643359661,335.87229614257814,2734.3421142578127,1906.720837402344,75.77424850463868,556.8681762695312,85.91689376831054,2.901985454559326,73.58904876708985,152.2738784790039,20.37791576385498,1.143168044090271,925.7587669372558,1511.4541728496552,5528.461698552174,0.72762212716043,652.5365058898926,222.17853190898896,16.177837350219487,1.9868887096643448
158.21977274681848,49.772559453860325,3.689015620329224,0.5874518251200698,21.37030963897705,8.02997350692749,20.64931125640869,3.5324729919433597,2.114561986923218,1.0755580067634585,0.0884000398218631,6.933345651626587,3.067391204833984,0.5383589029312134,0.0814831972122192,323.02691345214845,2487.8689453125,1771.636474609375,77.80522537231445,595.9474670410157,92.54590454101564,2.85523407459259,50.055702209472656,138.9598129272461,17.037656593322755,1.0651445865631104,907.1427822113036,1497.8490730762485,5379.728464395553,0.7533432669937611,628.2598731994628,222.00178434848783,16.116606507450342,1.9675014339387416
166.75043057696166,53.10942235819002,3.606300864621403,0.6108740316184367,21.45105609893799,8.704493522644043,22.18377933502197,3.562992262840271,2.3705299615859987,1.1220376014709472,0.0894193366169929,6.464269924163818,3.0835267543792724,0.5593916237354278,0.0849856600165367,333.10423583984374,2702.587158203125,1915.5933959960937,80.39228668212891,660.4496887207031,96.66079559326172,2.884697365760803,58.66753616333008,137.0167236328125,18.0946834564209,1.0907516360282898,934.6942832946776,1523.0609745502472,5399.959014860727,0.7770666874945164,646.2927253723144,221.27844352722167,16.02623280584812,1.9603127501904964
218.6199380204256,102.68682732586603,3.7204262672657022,0.5657287122408207,21.38698463439941,11.269324779510498,26.203911209106444,4.098039340972901,4.948547267913819,2.4928930759429933,0.0900051638484001,6.3799272060394285,3.1682469129562376,0.5592165410518646,0.0851328484714031,349.0169738769531,3501.7510009765624,2271.7516845703126,92.45588607788086,1393.968017578125,212.832698059082,2.8683286905288696,44.54919090270996,138.86920471191405,17.60318069458008,1.0915086150169373,1031.7064292907714,1602.3127496480945,5629.287833444541,1.260510977753438,642.1786258697509,220.8158467531204,15.983622743934394,1.9606111198663712
159.1544927206218,49.52691272560988,3.7000547467162495,0.601247234764412,23.50193061828613,8.72969617843628,20.49772834777832,3.436138868331909,2.0959102153778075,1.0467702984809877,0.0868844725191593,6.680109310150146,2.849552607536316,0.556321769952774,0.0854073382914066,328.28693237304685,2709.99716796875,1760.4117553710937,77.24522705078125,588.8577819824219,90.9211212158203,2.816229915618897,66.44055557250977,124.6187759399414,17.83905448913574,1.089682364463806,907.436072921753,1498.7445373296737,5420.897663561627,0.7489635879173875,638.1791808128357,221.9538320064545,16.08211801275611,1.9710996583104132
157.10454428247175,51.32863526702904,3.545707571121125,0.563840880136604,20.327520179748536,8.666924858093262,19.3040922164917,3.5728100299835206,2.231141471862793,1.1353742480278015,0.0893826626241207,6.4542529582977295,2.879052305221557,0.5544536888599396,0.0794621773064136,324.8015441894531,2646.9782958984374,1665.2843872070312,79.56849517822266,624.9940246582031,97.06934204101564,2.8852196455001837,48.62236862182617,124.36348495483398,17.210773468017578,1.0399483799934388,925.7475551605224,1494.8593809604645,5328.472520720214,0.7387351810932159,630.8189051628112,221.67236495018005,16.08560606688261,1.9628360897302628
170.08200472090758,49.951048600676586,3.8141483879808447,0.645622292062319,20.42843437194824,8.671798992156983,22.521933364868165,3.48900945186615,2.0792240381240843,1.0687318444252014,0.0880752593278884,7.199968576431274,3.19120192527771,0.6068292021751404,0.0890202067792415,335.5897552490234,2683.2270751953124,1962.3412963867188,77.49251556396484,582.2738464355468,92.81881637573242,2.850647711753845,74.4937141418457,145.2402114868164,19.86078186035156,1.1428317546844482,934.6544761657716,1521.8467664718628,5452.483627966605,0.7318673787638545,650.4569949150085,221.78856427669524,16.114069417119026,1.97759264819324
196.88040652477648,97.81165288186294,3.778582082606136,0.5527558060534148,24.91740550994873,9.705002498626708,23.934118270874023,4.12566294670105,4.365366744995117,2.231886959075928,0.0889118455350399,7.416169834136963,3.118818998336792,0.5547580182552337,0.084599594771862,341.2520324707031,2999.3609130859377,2088.8070556640623,92.55769577026368,1225.6848388671874,194.6933395385742,2.886516284942627,72.32193222045899,143.13507385253905,17.36268196105957,1.0667184352874757,1012.3825582504272,1594.2646714448929,5637.9922011639455,1.0811058049555868,636.5425481796265,219.847047829628,15.960937487334013,1.9424636833369733
152.7715877317518,51.6394763053615,3.5405858396894927,0.6458663874138665,19.767558288574214,8.212369251251221,19.911130332946776,3.60269615650177,2.294143414497376,1.1510164618492127,0.0893853150308132,6.6666937351226805,2.9902320384979246,0.6034345924854279,0.0840802021324634,316.6293640136719,2522.2213134765625,1684.6908203125,79.96038131713867,638.4441040039062,98.96408157348633,2.8933629274368284,52.78921623229981,127.78467102050782,19.65933952331543,1.1138123154640198,912.4540245056152,1480.719767522812,5221.914046130516,0.7920910581946373,618.6327082633973,222.58842449188236,16.165892016142607,1.9939159698784352
152.7353896457076,52.261774605128174,3.6001681038486595,0.5811844752769616,21.063225173950197,8.03416166305542,19.65653133392334,3.605352020263672,2.270282793045044,1.1164448142051695,0.0884786821901798,6.637584543228149,3.0051610708236693,0.5372110486030579,0.08368336930871,315.9674224853516,2491.1084228515624,1664.602136230469,79.52568054199219,641.4043029785156,97.0191421508789,2.8576247215271,52.21077270507813,131.26565856933593,16.951812171936034,1.072770154476166,902.655714416504,1520.6840755701064,5379.380274990341,0.8044529305770993,617.6925737380982,222.3226091384888,16.14323770403862,1.970542089641094
221.69369631778028,96.74333874379772,3.6401765360360288,0.6017353149404358,20.83736515045166,11.956879901885989,28.55986557006836,4.248691177368164,4.666985940933228,2.3688747882843018,0.0885186918079853,6.600129270553589,3.1257752418518066,0.5781826853752137,0.0892340637743473,355.28150329589846,3721.5104736328126,2506.2071533203125,92.86368408203126,1310.1807739257813,204.90659790039064,2.8689120531082155,62.16787528991699,133.8982360839844,18.71428413391113,1.122333550453186,1041.1292083740234,1612.9092951774596,5758.783728127508,1.1326917042955755,658.3694932937622,220.64345014095304,15.94976242557168,1.9641569316387175
161.00350502266593,53.03578775212718,3.7410978307385903,0.6181038591210495,22.942641258239743,8.568396663665771,19.578064346313475,3.599186468124389,2.224175143241882,1.1039900660514832,0.087586010992527,7.003286504745484,2.9524879693984984,0.5714964091777801,0.0892465449869632,325.0866943359375,2646.681689453125,1712.22080078125,79.17578659057617,627.0345275878906,95.6957664489746,2.8304936408996584,54.92816581726074,134.06305236816405,18.561787605285645,1.1124272108078004,903.6037376403808,1537.9026092529298,5523.6822460921485,0.7894534081220627,634.6209570884705,222.038499045372,16.088021609187127,1.975175924599171
167.07122337049222,50.33143759989989,3.704338664654665,0.5508607668002128,19.370130920410155,8.403774166107178,20.1316349029541,3.449910068511963,2.3080751419067385,1.0834653496742248,0.0871170401573181,6.753403759002685,2.9441307306289675,0.5284037590026855,0.0820901580154895,326.1236999511719,2606.29189453125,1756.1819458007812,78.06224899291992,647.7169372558594,92.13929901123046,2.828793430328369,50.209489822387695,131.6261459350586,16.34300594329834,1.0460630059242249,954.3052284240724,1505.189154458046,5332.508898397163,0.7291137678548694,631.8149456977844,221.7879589319229,16.068720249086617,1.955198246240616
203.86697278357389,98.38761863854944,3.71703518163813,0.5410828116849757,21.42742748260498,10.744531631469728,26.48058452606201,4.157126140594483,4.960829019546509,2.367783308029175,0.0875242955982685,6.7698235511779785,2.984794187545776,0.5274190247058869,0.079902521520853,344.8878967285156,3345.32236328125,2306.619384765625,92.59417190551758,1387.8531860351563,203.76161346435543,2.8476079225540163,68.2125015258789,131.68419494628907,16.229228210449218,1.0551509618759156,1030.8618782043457,1621.3102330565453,5680.766479519848,1.0476328327786175,644.8757598876953,220.60942180156707,15.993841157853604,1.9496535148471597
160.86976086957802,51.399713225441154,3.686461633574504,0.5754742173654449,23.12679691314697,8.551720333099365,20.563176536560057,3.678909182548523,2.2552576541900637,1.1766922235488892,0.087625091522932,6.727216958999634,3.0806272268295287,0.5705698251724243,0.0833455793559551,327.17796936035154,2635.9921630859376,1790.0299560546875,80.20974731445312,631.4190368652344,100.45699005126951,2.855015730857849,67.75811080932617,134.87501678466796,17.930662536621092,1.0630670070648194,917.9174392700196,1512.9920898914338,5384.198990190262,0.7782215341925621,637.7120102882385,221.8416812896729,16.0765627451241,1.9677393451333045
165.0007433680541,52.50978157893833,3.710019012097382,0.5454491564718523,21.19330005645752,8.517168235778808,21.03618755340576,3.52464873790741,2.309073781967163,1.1342785716056825,0.0869144365191459,6.412989950180053,3.1067580699920656,0.5337543249130249,0.0829737432301044,328.70142517089846,2634.49521484375,1831.305810546875,79.06117248535156,649.1535766601562,96.90775451660156,2.820791959762573,65.49226760864258,135.9684051513672,16.456070518493654,1.0449394941329957,924.9088024139404,1482.9121302127835,5348.944301367877,0.7514827910810709,637.8102905273438,221.4622009277344,16.045116017758847,1.9554818406701089
158.2545021465754,51.82066967857527,3.745275563242944,0.5581982052619765,21.91337070465088,8.260915946960449,20.051711654663087,3.512396311759949,2.2539740085601805,1.077043843269348,0.0878169417381286,6.877261018753051,3.183432388305664,0.5108750224113464,0.0855521522462368,323.6141357421875,2567.949951171875,1713.1599487304688,78.60615463256836,632.5523010253906,93.1198600769043,2.8399887084960938,64.5429557800293,143.14627227783205,15.959974479675292,1.0650450348854066,906.0217777252196,1507.8360155582427,5360.919603425544,0.7784239657223224,628.9945876121521,221.65483753681184,16.10370121896267,1.9552134692668917
148.1327249133341,58.11711466171446,3.679708884052934,0.5827589126482053,22.568338012695317,8.155899810791016,18.597894859313964,3.580433225631714,2.5148452043533327,1.2369213461875916,0.0868212059140205,6.735006523132324,2.963637614250183,0.5366596043109894,0.0856406144797801,315.7207427978516,2516.1458251953127,1571.9334838867187,81.46014938354492,705.2127197265625,107.21627197265624,2.830729985237121,52.24667320251465,129.86917572021486,17.004333686828613,1.0806087613105777,902.955604171753,1521.8809637784957,5313.674610764766,0.8185921056196094,617.7410032272339,222.09120841026305,16.104922796040775,1.968111437559128
164.323520092346,49.37484089706586,3.717875072887227,0.5972502866983291,20.01720581054688,8.376225090026855,20.81384220123291,3.42491295337677,2.0843281745910645,1.043618881702423,0.0870424263179302,6.658500719070434,3.140247201919556,0.5693661212921143,0.082563542574644,329.92576904296874,2590.85947265625,1819.1253540039063,77.4337547302246,583.1702392578125,90.64477844238282,2.8360732555389405,69.22816314697266,137.1717498779297,18.14509868621826,1.0737035393714904,935.621508026123,1483.820541548729,5307.730048527383,0.7135985421016813,640.1809573173523,221.79957797527317,16.09176749587059,1.9701642014086247
151.6766985935843,53.83578267596168,3.61099549408018,0.6464614332808765,21.545891571044923,8.082033061981202,18.70701847076416,3.447362017631531,2.2676749229431152,1.214801013469696,0.08700582832098,6.626758670806884,2.887293601036072,0.5749488294124603,0.0925968617200851,317.4362731933594,2468.8291259765624,1624.7623901367188,78.55389404296875,637.7556701660156,104.20757369995115,2.827203488349914,55.62316207885742,123.68312759399414,18.834620857238768,1.1598121762275695,907.9766555786132,1508.6898642778397,5376.844049832458,0.7505983345210552,620.4554838180542,222.4833852529526,16.146968383342028,1.9865695223212243
214.4184445190185,98.29888205866882,3.696749209580548,0.5676130530049249,20.535564804077147,11.190160274505615,25.02683219909668,4.218340492248535,4.815784120559693,2.2163010597229005,0.089706715196371,7.013400363922119,3.2465734243392945,0.5388349294662476,0.0801737420260906,350.12160034179686,3437.0838134765627,2179.025756835937,92.12704620361328,1359.0401977539063,193.02183227539064,2.882782530784607,62.09661521911621,145.9536117553711,16.939294052124023,1.0643172144889832,1022.081029510498,1611.3143726229669,5652.9715940963015,1.1723780801985413,643.7740228652954,220.34941432476043,15.928428416699171,1.943362282589078
148.05493412938594,56.971372903871,3.656126165614887,0.5758117626151602,22.61694183349609,7.865192222595215,19.384545135498048,3.6927772045135496,2.446781301498413,1.2050565719604491,0.0885951444506645,7.039189195632934,3.0890352964401244,0.5253214538097382,0.0845681615173816,316.05393676757814,2424.7075439453124,1634.9199096679688,82.37452926635743,684.7626647949219,103.93922576904296,2.864748787879944,68.22285690307618,137.28158569335938,16.81247730255127,1.0641201853752136,883.1870677947998,1512.485237336159,5261.078507513879,0.8569330973550677,618.3447706222535,222.21313440799716,16.148486678302287,1.968187774717808
150.2220644628178,51.92058072296859,3.623654374219723,0.5935268455780147,21.075288200378417,7.860342359542846,20.223545265197757,3.600930404663086,2.3366039752960206,1.1555793642997745,0.0881566703319549,6.520734357833862,3.113656258583069,0.5783196091651917,0.0833722166717052,316.2337829589844,2425.5656005859373,1699.4450805664062,78.80647048950195,655.8142883300782,100.2601089477539,2.8687220573425294,69.34092483520507,133.42682495117188,18.512586402893067,1.0738043665885926,882.936714553833,1456.357379055023,5150.401775414403,0.7508013946935534,623.853643321991,224.52493834495544,16.302272188663483,2.00679425150156
150.80656186050766,54.756650166075,3.8420391278747728,0.6385991935374478,21.07509136199951,7.906773805618286,18.78587055206299,3.5256427764892577,2.4650974035263062,1.170675373077393,0.0873957589268684,7.082504320144653,3.119047355651856,0.5811530649662018,0.0911232762038707,316.3436676025391,2433.53857421875,1596.3241088867187,80.04480438232422,691.7421997070312,101.4470558166504,2.8254751920700074,68.07125320434571,143.122265625,18.975676918029784,1.1415897250175475,902.8112957000732,1490.3999851226806,5228.0540374519305,0.7910473888739944,618.2713374137878,222.5125718355179,16.161670441925526,1.9874691300094127
160.87698050229957,48.2111409008171,3.61033261351115,0.6153148740040706,18.104081535339358,7.987530851364136,19.78267517089844,3.3573667287826536,2.0721288442611696,1.0148592233657836,0.0896341659128665,6.9325943946838375,2.995414018630981,0.5549620926380158,0.0843207903206348,323.1186004638672,2481.2152587890623,1674.6479125976562,74.89926986694336,583.8897583007813,86.5545654296875,2.8989372730255125,73.20628128051757,132.1841278076172,17.94060535430908,1.094312846660614,916.2555320739746,1444.615854358673,5193.683787715668,0.7058186924085021,627.7894108772277,223.24303903579712,16.26171567738056,1.9890197046101088
162.11212633396426,53.116124660088005,3.7738287613291503,0.5831210336012645,22.831796646118164,8.459152889251708,21.334955787658693,3.48476631641388,2.309525179862976,1.2063278794288634,0.0879291363060474,7.135665988922119,3.1190580129623413,0.5795762360095977,0.0830944590270519,329.51653747558595,2625.233544921875,1860.8763916015623,78.88261947631835,647.1410766601563,103.63475036621094,2.857036662101746,51.236807632446286,143.6241439819336,18.29519290924072,1.065807545185089,933.414179611206,1485.9589171171187,5314.371380525501,0.7325879303738475,641.1595494270325,221.78139839172363,16.067835587263108,1.970604956895113
149.5024388140795,55.20486063106337,3.755241222720906,0.6541021725755968,21.65429458618164,7.698854732513428,18.195612716674805,3.631183743476868,2.3676306009292603,1.2751659750938416,0.0880383126437664,6.944633436203003,3.013071298599243,0.5974847793579101,0.0862051717936992,315.91734008789064,2359.1117431640623,1557.15341796875,81.03959655761719,665.923388671875,109.0838836669922,2.846833562850952,56.383399963378906,137.63626708984376,19.53760852813721,1.1323837280273437,902.4551929473876,1498.0549150466918,5275.833700346947,0.8034697692841292,618.8167220115662,222.4881803035736,16.13479353412986,1.9914428405463696
167.45034302035782,48.68288695916717,3.894490276243414,0.652266404472823,20.14194202423096,8.667884349822998,21.360845947265624,3.559420442581177,2.163745665550232,1.0429877400398255,0.0874873280525207,7.137560272216797,3.207510161399841,0.624201899766922,0.0897837847471237,330.76673583984376,2694.1054931640624,1821.9981567382813,77.97541580200195,601.8091430664062,89.90381088256837,2.84803683757782,76.92596054077148,146.68474731445312,20.439876365661625,1.1467047929763794,924.168399810791,1509.9800925731658,5426.628829392697,0.7476769521832466,643.5461693763733,222.32884418964383,16.155776527523994,1.9894589997828007
163.84906707445188,49.70225357287181,3.5839867214587,0.6086224765335487,22.44920310974121,8.560946846008301,21.801264190673827,3.4695880651474,2.272158169746399,1.071965742111206,0.0872707203030586,6.12627329826355,2.799966835975647,0.5564497232437133,0.0827564932405948,330.6750823974609,2648.1425537109376,1892.4560302734376,78.17417984008789,635.6869384765625,91.68385467529296,2.8257308483123778,51.88156280517578,119.79692611694335,17.888280868530273,1.0814820766448974,910.362244796753,1486.6978193998336,5430.108683820581,0.7444190833717584,642.1121257781982,221.76739752292636,16.05147079601884,1.968329530209303
151.42504233563378,53.96619097076128,3.657460123048099,0.5770399133903993,20.384431266784667,8.264405441284179,20.107958793640137,3.630297136306763,2.430918049812317,1.13689546585083,0.0884448744356632,6.819627571105957,3.1284778118133545,0.5722886383533478,0.0847305998206138,316.7491973876953,2535.6523681640624,1708.9010864257812,80.73557357788086,677.3006225585938,98.08918380737305,2.8637173414230346,60.4495246887207,138.95724639892578,18.02030086517334,1.0723478555679322,916.437162399292,1536.332878446579,5422.295403931896,0.7836058337241412,617.0288052558899,221.97600476741792,16.124342427402734,1.9725858181715008
150.68070216165506,51.63558212417829,3.746645843931992,0.578998682186068,20.25416965484619,7.600100183486939,19.62559967041016,3.48659737110138,2.3717198371887207,1.1038593888282775,0.0868723638355732,6.623511981964112,3.0103700876235964,0.5165955185890198,0.0789357207715511,316.926904296875,2330.3310546875,1665.4665161132812,78.65134658813477,664.6292419433594,95.40610809326172,2.819750690460205,49.49940452575684,135.12842559814453,16.485462951660157,1.0357609748840333,885.5413684844971,1501.249638056755,5317.863700181479,0.7593664083629846,618.8076183319092,222.88539538383483,16.180482886731625,1.973334349691868
149.28887873118074,57.09532642745298,3.901614442813957,0.5932272256810961,21.3863883972168,8.00531063079834,18.39625110626221,3.706851768493652,2.433311676979065,1.2609543800354004,0.0867897301912307,7.0061499118804935,3.1673104047775267,0.5295108735561371,0.0818718902766704,315.7624053955078,2452.4333740234374,1566.8580444335937,81.20112686157226,685.8660583496094,109.13637619018554,2.8299800872802736,63.27976760864258,145.99510955810547,16.821281242370606,1.070877766609192,903.0794506072998,1521.9567166090012,5319.679187661922,0.832561457902193,617.6089982032776,222.1171948671341,16.12780431136489,1.967087326198816
153.16163010842064,55.26513637114304,3.767924652550141,0.684085844521735,22.35179672241211,8.063644409179688,19.217202186584476,3.6026848554611206,2.5564342021942137,1.2246737241744996,0.0882749311625957,7.017370128631592,3.290693163871765,0.6096592009067535,0.0891684904694557,318.2728790283203,2486.7030517578123,1656.6293579101562,80.1709487915039,718.5208374023438,105.87380752563476,2.850668168067932,66.4527587890625,149.4559539794922,20.12066764831543,1.177267777919769,919.7292770385742,1517.7725674152375,5346.709382782504,0.7801979370415211,623.8029348373414,222.63231205940247,16.17409449070692,1.9932865858078004
154.41050261501732,51.4782839985909,3.762187456872425,0.6796096812351266,22.197825050354005,7.985877323150635,20.347093391418458,3.5446491479873656,2.317168855667114,1.1197460889816284,0.0875620037317276,6.844412803649902,3.335471868515014,0.6162069439888,0.09243089184165,320.4564666748047,2459.26533203125,1760.4568359375,78.8793113708496,649.2719055175781,96.1540023803711,2.8555676698684693,69.26904754638672,149.3046859741211,20.32791061401367,1.1858612179756165,898.6963768005371,1495.821245765686,5366.956760876254,0.7476940935477614,627.0051548004151,222.6958627462387,16.194066920131444,1.9980745498090984
169.71835385262892,46.9426843280552,3.712558311414091,0.5949041760900287,21.066435050964355,9.00369119644165,21.151400756835937,3.405252337455749,1.9658935546875,0.9827689826488496,0.0868922069668769,7.001761436462402,3.115859246253968,0.5891880631446839,0.0824511252343654,336.77740173339845,2798.7434326171874,1849.3017333984376,75.67051391601562,553.2542358398438,85.14960174560547,2.834653329849244,70.14401779174804,136.02816162109374,18.746228218078613,1.0719561100006103,920.8023303985595,1522.19235560894,5531.077900231676,0.7314494368620217,651.7048017501832,221.7787623167038,16.08078938871622,1.9711355894804
150.9129380704362,56.82079121939224,3.6436191719890982,0.5765932025396978,21.840397071838375,8.2697039604187,20.0505615234375,3.5201181173324585,2.477403855323792,1.2582538962364196,0.0882266417145729,6.797514009475708,2.952688789367676,0.5302435755729675,0.080335795879364,315.55230102539065,2549.8278564453126,1721.0828247070312,80.08554611206054,699.24150390625,109.10850372314454,2.8672595739364626,53.87252426147461,130.65148468017577,16.61514949798584,1.0530075907707217,903.193473815918,1527.7501888513566,5375.581836106814,0.8017397165298462,617.6183022499084,222.3143290281296,16.141211105138062,1.9659890167415144
150.98115787404822,54.16792208822608,3.733472534197426,0.6155956011462308,21.757688903808592,7.851525354385376,18.9260368347168,3.5574059009552004,2.491904449462891,1.232686424255371,0.0877612940967083,7.104204320907593,3.294326162338257,0.580147659778595,0.0831970334053039,316.207861328125,2406.539794921875,1620.2081909179688,79.82016296386719,701.8245300292969,106.26728057861328,2.855140900611877,63.86219024658203,147.1471405029297,18.67128295898437,1.0877985954284668,892.6891345977783,1523.4757710456847,5405.956104023196,0.8086934508755803,618.1554572105408,222.59295160770412,16.168834383785725,1.9843935787677764
152.31027160639496,52.41246740202514,3.632655276953324,0.6593938030747495,22.89486446380615,7.633776187896728,18.617491149902342,3.515610241889953,2.383598613739013,1.1790361166000367,0.0871219858527183,6.595438385009766,2.931416320800781,0.5840207397937774,0.0856043428182602,316.213916015625,2357.0885009765625,1607.799951171875,78.67168273925782,672.5316284179687,100.66416015625,2.834568190574646,59.67742767333984,126.66115112304688,19.11935501098633,1.1365789294242858,901.0362983703614,1490.3363372802737,5304.044347395049,0.7484733544290065,618.4217840194702,222.76343405246732,16.16129266023636,1.9912978772073984
162.82388148646788,50.18104924842309,3.861842885021793,0.5931525024524149,19.264237213134766,8.309755325317383,20.03155555725097,3.387914776802063,2.1172865629196167,1.1289018034934997,0.0871798262000083,7.19266791343689,3.2395065784454347,0.5629192948341369,0.0877926163375377,324.30133056640625,2567.18037109375,1722.058679199219,76.30829238891602,597.1666442871094,97.77664184570312,2.8339319467544555,75.68982772827148,146.67769622802734,17.97479381561279,1.0938385725021362,918.6442832946776,1494.4574972391129,5388.638290790655,0.7363978181034326,630.0476943016052,222.2970004081726,16.19319653734565,1.9766288988292215
164.52466082742467,50.57057854857167,3.669687592140304,0.5632332990617896,21.22715606689453,8.707855796813964,20.491712951660155,3.536388039588928,2.104817748069763,1.123286497592926,0.0887264616787433,7.010639476776123,3.0351795673370363,0.5584632933139801,0.081590461730957,328.9352569580078,2665.15390625,1796.932958984375,77.94271774291992,594.1956970214844,95.64221649169922,2.863576579093933,67.99728851318359,135.24470062255858,17.370709228515626,1.0483086824417114,920.2056545257568,1514.2014367580414,5426.914221791225,0.7572633566334843,638.854966545105,221.86914114952089,16.097550619393587,1.9643334321677688
161.44676105762628,52.57426698761456,3.7162450115496086,0.6480738814003757,19.5774787902832,8.244621086120606,19.96593780517578,3.580062413215637,2.268577218055725,1.0941473364830017,0.0873119875788688,6.939930820465088,2.9538986444473267,0.5917484104633332,0.0897236287593841,323.5902374267578,2525.8238525390625,1733.4429931640625,79.84880676269532,633.5920043945313,93.58665084838869,2.8269370555877686,51.604540252685545,132.87316284179687,19.382642364501955,1.147885835170746,928.8652141571044,1530.3244728565217,5437.444035506062,0.764328745752573,629.7620697021484,221.9653926372528,16.081616032868624,1.9793137066066264
169.65704066747784,51.34224558382566,3.552431451074608,0.622653837366704,22.39193229675293,9.020066165924073,21.712247467041017,3.4543834209442137,2.284211659431457,1.082478833198547,0.0895999476313591,6.158957767486572,3.0891589879989625,0.6082018792629242,0.0849589876830577,334.8094879150391,2784.3310791015624,1899.555017089844,77.92499618530273,641.8106628417969,93.65558242797852,2.880012631416321,49.64240798950196,131.86844024658205,19.72702617645264,1.096675205230713,916.208674621582,1522.348802638054,5494.581753329932,0.7691021187230944,651.2755640029907,222.01959261894223,16.069411472976206,1.979489229619503
175.9096081467913,49.52829006630573,3.7406052025725103,0.6097460389709454,20.675543212890624,9.168569660186767,23.22432746887207,3.410130739212036,2.18603355884552,1.1156823873519897,0.0873124323785305,6.5805269241333,3.1738354682922365,0.5672205448150635,0.0852952614426612,340.624642944336,2851.4068603515625,2020.0758666992188,77.04678497314453,616.6144714355469,95.87937088012696,2.830468702316284,64.04313659667969,141.66504821777343,18.346792221069336,1.0927409648895263,931.9781185150148,1534.2171114683151,5545.200921514677,0.7512691399082542,658.9149474143982,221.6401189804077,16.021374743431807,1.9622658975422385
162.82044038223975,51.8834353591893,3.682926119039803,0.6492544480330025,19.527770805358887,8.455657482147217,20.56040954589844,3.5951334953308107,2.246966314315796,1.091792070865631,0.0877592764794826,6.752892971038818,2.953486704826355,0.6044963538646698,0.0903748966753482,326.6662567138672,2613.691064453125,1751.3654052734375,79.58098907470703,630.205078125,94.45155487060546,2.840774893760681,56.88478775024414,131.5230712890625,19.8088321685791,1.152277982234955,914.9826530456544,1545.917104768753,5442.644411032088,0.7956330966204405,635.5374627113342,221.975341129303,16.07508974596858,1.9809066738933323
157.02167719794306,53.11283141212507,3.771927528641277,0.5737900066509496,21.472553253173828,8.457645606994628,19.942053985595702,3.603596258163452,2.3084625244140624,1.1296597361564635,0.0875297896564006,6.822364568710327,3.195437479019165,0.538635766506195,0.0790465272963047,324.8563415527344,2612.576318359375,1704.628125,80.52936096191407,646.7544616699219,97.5280044555664,2.830039477348328,65.48902969360351,144.15680999755858,16.88497543334961,1.048239004611969,929.8992778778075,1538.6308678388596,5456.47649413048,0.7811878208070994,631.1254791259765,221.3322392225265,16.06773702055216,1.9546703822910785
164.50728444425258,50.021595799172886,3.692561929416479,0.5758627291719108,19.73846893310547,8.544154739379882,19.91362934112549,3.471982860565185,2.1825708389282226,1.087419080734253,0.0893327847123146,7.211110734939575,3.2526124000549315,0.5506814837455749,0.0815366059541702,326.3980010986328,2649.7586669921875,1706.115087890625,77.33386688232422,615.4856994628906,92.67455978393556,2.903218531608581,72.52317733764649,145.2436096191406,17.283197975158693,1.0574200391769408,922.3710372924804,1497.394618535042,5360.387905881228,0.7515964921563864,633.2834654808045,221.91747007369997,16.1703939139843,1.9659860633313653
148.05572535343526,56.08629618654796,3.847799856970732,0.6683128114031888,22.15473937988281,8.01411600112915,18.27926540374756,3.62451901435852,2.56864755153656,1.2161232471466064,0.0880045570433139,7.055829238891602,3.283704161643982,0.5842333674430847,0.0895709998905658,315.87363891601564,2452.515673828125,1558.0050170898437,80.72516326904297,723.4199523925781,104.8427131652832,2.8501582860946657,69.20785675048828,150.73594970703124,19.219753074646,1.1664581298828125,906.3380699157716,1508.1177104949952,5290.493405163335,0.8295983467251062,618.3948210716247,222.5100471496582,16.191684190183878,1.9883671022951603
189.13512180049148,97.1827032591098,3.635891292861379,0.6205561847086983,22.212453651428223,9.085122299194335,21.64084701538086,4.120556974411011,3.110163426399231,1.5500577330589294,0.0869473941624164,7.068974399566651,3.19441134929657,0.5648774683475495,0.0887149192392826,339.5207946777344,2822.1076171875,1883.4662475585935,91.54045028686524,878.1480346679688,135.24365234375,2.819457530975342,53.07074317932129,146.7375045776367,18.43835830688477,1.111371600627899,968.9338871002196,1538.480832648277,5525.366774461844,0.7634336452931165,640.998746585846,219.90470016002652,15.79909835755825,1.9402731403708455
196.02888624326368,98.13292137344432,3.594926161819353,0.6174864469741692,20.621549797058105,9.609467220306396,23.442785835266115,4.003986191749573,3.247162246704101,1.628076720237732,0.0879659153521061,6.788825464248657,2.964203763008117,0.5949785768985748,0.0859847657382488,346.8771331787109,2982.12802734375,2048.6069213867186,91.0583038330078,915.3396667480469,142.00094146728514,2.831212854385376,59.17750473022461,132.45062408447265,19.370906257629397,1.096074140071869,985.6251209259032,1535.6440451622009,5458.349895912456,0.7200154006481171,654.5228468894959,219.62886323928836,15.764530355483291,1.941961796209216
154.17168956073291,52.8701788888553,3.756263391349967,0.5595149698673823,20.214267921447757,8.080770492553711,19.18039321899414,3.552278804779053,2.3277992486953734,1.109255349636078,0.0870321452617645,6.984438514709472,2.9735726594924925,0.5512494325637818,0.0819290481507778,319.1860809326172,2475.74990234375,1647.9181396484375,79.30986709594727,655.9423034667968,95.819873046875,2.8243335008621218,63.90743293762207,133.291015625,17.12292766571045,1.049772846698761,903.8827690124511,1484.9593095541,5242.07891644435,0.7622577471658587,621.376566028595,222.06589350700375,16.11038218140602,1.969598996639252
149.8247768752837,52.11747114891641,3.745134398587607,0.6106671139387572,22.64353084564209,7.590368509292602,19.04352912902832,3.6910589218139647,2.372971248626709,1.1245102286338806,0.0867168523371219,6.504796648025513,3.0424582719802857,0.6021097421646118,0.0894729889929294,316.1418395996094,2348.6896728515626,1607.5702392578123,79.96598739624024,664.4804077148438,96.98785171508788,2.8191336393356323,53.8084903717041,135.09493865966795,19.439474296569824,1.1189159989356994,891.5060760498047,1484.7016583681109,5262.447165011708,0.7659126542508602,623.1691445350647,224.14412848949436,16.253581903874874,2.008476470410824
166.3750334605837,49.81718478839029,3.805648083929941,0.6600182461512987,20.003508186340333,8.43539113998413,20.692228507995605,3.60703821182251,2.140791177749634,1.042180418968201,0.0885659784078598,7.095386695861817,3.149208641052246,0.6041441082954406,0.0870261907577514,327.3150604248047,2595.115234375,1810.834619140625,78.66920471191406,599.013525390625,89.99916763305664,2.870565152168274,71.39762420654297,144.01254425048828,19.81851272583008,1.145496904850006,923.5061626434326,1527.73775639534,5587.140927688498,0.7579547163099051,636.6013131141663,222.07862238883973,16.147264209389686,1.9829515844583512
175.34398355329031,60.03089901483891,3.568773864953414,0.6735614969145786,20.43058624267578,8.633394050598145,20.358318328857425,3.670481324195862,2.163640117645264,1.0692683219909669,0.0879117459058761,6.432059001922608,2.9826221227645875,0.6019869744777679,0.0898525863885879,330.9138580322266,2674.971875,1753.4658203125,82.63606643676758,604.8962524414062,91.96102752685547,2.84755048751831,61.15265579223633,129.58307800292968,19.873947525024413,1.1770659327507018,938.7605968475342,1535.9072710990906,5487.36714246014,0.7586449677124619,637.643914604187,221.57379450798035,16.030698674917222,1.975060170516372
185.93368085059555,92.80890673458217,3.587085552925646,0.637080805414314,20.910014724731447,9.316359901428225,21.022802734375,4.1449209690094,3.738566827774048,1.8525333046913144,0.0871752686798572,6.373751163482666,2.790851330757141,0.5734077572822571,0.0849164478480815,337.4698120117188,2884.54794921875,1798.8724365234375,91.41396713256836,1053.3118774414063,162.05001983642578,2.82385082244873,46.783251953125,121.15043029785156,18.76026115417481,1.117559516429901,1005.4892637252808,1554.4004835963249,5457.893195052306,0.8155756772961468,633.0223337173462,219.90962255001068,15.83715705499053,1.9468120485544205
156.05681125728952,51.176277917501736,3.628070150549888,0.6695421805938508,21.559829902648925,7.971509265899658,19.880680656433107,3.527576208114624,2.311705756187439,1.0657421112060548,0.0870730645954609,6.535668611526489,2.9210622549057006,0.6453443944454194,0.0913423627614975,320.0748748779297,2474.8843994140625,1695.1676147460937,77.92933349609375,648.4876647949219,92.17543716430664,2.8198599338531496,58.83730659484864,125.70058822631836,21.204284858703613,1.170448851585388,927.2261604309082,1494.249638533592,5268.064389111847,0.7262765273451806,626.0227135658264,222.95154688358303,16.152617485821246,2.005280002579093
171.55001294976245,47.82467559601573,3.679377228258886,0.6632634541761036,19.680970191955566,8.669372081756592,22.089398002624517,3.5565104246139527,2.14369478225708,0.982309776544571,0.0894698821008205,6.77514386177063,3.275116467475891,0.6182152271270752,0.0883669421076774,333.2464630126953,2667.7961181640626,1931.05537109375,77.8876724243164,597.0844665527344,83.99148178100586,2.9110732078552246,69.82742614746094,145.80634002685548,20.310833549499517,1.156333577632904,940.9013042449952,1519.4265528678893,5489.055518648866,0.7725914008915424,647.0465844154357,221.96276547908784,16.134309682250024,1.983002496883273
198.9331142031224,98.7549899428057,3.654917847890829,0.62972411999624,21.623469734191893,10.957650566101076,24.81730518341065,4.213428258895874,4.871695899963379,2.4845137357711797,0.0888907603919506,6.770222902297974,3.163984847068787,0.5702984809875489,0.0870224237442016,343.9896728515625,3394.847265625,2146.045556640625,92.58806076049804,1372.9176147460937,213.1000061035156,2.886464071273804,68.8038833618164,137.15852966308594,18.59602909088135,1.1333173394203186,1031.6573816299438,1630.5161177515984,5709.895811379096,1.0896547072101384,642.4673141479492,221.0106557369232,16.04402956739068,1.971203300356865
165.8220757730349,50.63081122638096,3.833584956177469,0.6050344463302849,20.64529838562012,8.751100635528564,20.445448684692384,3.500977039337158,2.29733464717865,1.1151328444480897,0.0877196654677391,7.258721780776978,3.3222639322280885,0.5508975386619568,0.0843525342643261,329.6543823242188,2707.9962890625,1758.4597534179688,78.1273422241211,643.4072448730469,95.47112503051758,2.851022720336914,68.99431686401367,151.802734375,17.732556533813476,1.0884417176246644,932.5890186309814,1530.4916667699813,5469.500054633618,0.7591186415404081,638.7095721244812,221.61726553440093,16.117590326815844,1.9624627158045769
158.79441506844304,50.81816906764034,3.6787768811388095,0.5757454350742137,20.353875160217285,7.987738943099975,20.9415714263916,3.5565191745758056,2.255817914009094,1.0759819388389589,0.0874607793986797,6.499465417861939,3.0368449211120607,0.5299014151096344,0.0799336910247802,323.4298950195313,2449.759838867188,1804.9205078125,78.87679977416992,635.1925659179688,91.4626121520996,2.85000855922699,49.22766990661621,134.76306762695313,16.64154186248779,1.0517804265022277,914.9033977508544,1536.4136942386626,5448.529655885184,0.7630059976130724,627.2352895736694,221.58439736366276,16.084622464329005,1.957184798270464
150.31943209099046,53.40064862289646,3.800976408159477,0.6312631094733774,22.313750648498534,7.535304498672485,19.13072338104248,3.5291290998458864,2.387212038040161,1.222613537311554,0.0883120864629745,6.902139186859131,3.2658461570739745,0.5621500194072724,0.0830428190529346,316.1759674072265,2338.8760009765624,1615.4951293945312,79.54618606567382,672.7261291503906,105.40151901245116,2.86060049533844,61.40982208251953,150.05455169677734,18.25985450744629,1.0986271023750305,912.1042198181152,1502.9553370714189,5313.721665672167,0.7784761868417263,617.7622890472412,222.4240035533905,16.164094767719508,1.981160550564528
155.8991817489572,57.970041359065725,3.649358340094864,0.6244597663416698,22.428476524353027,7.728234434127808,19.311454010009765,3.637383127212524,2.504482650756836,1.2251618385314942,0.0874455362558364,6.487798500061035,3.084428834915161,0.5674374997615814,0.0874797716736793,316.9776763916016,2394.328515625,1668.082470703125,81.52936401367188,705.6673889160156,106.37077560424804,2.838303780555725,52.02968292236328,135.34073791503906,18.44852771759033,1.112498390674591,911.9218933105468,1539.069219851494,5318.485773774516,0.8360735181719064,619.5547584533691,222.01435327529907,16.107412733137608,1.9758057694882156
152.9708592562427,52.7378131927695,3.684349770524386,0.583938284907697,22.57331504821777,7.963619518280029,18.84007568359375,3.650802755355835,2.332480382919312,1.133697021007538,0.0880330927670001,6.9680609703063965,3.1057058572769165,0.570356261730194,0.0807606108486652,317.1993438720703,2444.383056640625,1641.5635864257813,79.9432243347168,654.6580993652344,97.69011611938475,2.862444758415222,66.47145767211914,137.14915924072267,18.00112838745117,1.0596410274505614,897.3927993774414,1502.0278178215026,5360.600593017973,0.7844719043001532,620.3555546760559,222.29380331039428,16.15373986065388,1.9787284649908543
200.96162339237927,100.7811326307321,3.7523096924894617,0.5965134605191338,20.48446273803711,10.055225086212156,24.69490985870361,4.08430700302124,4.853349018096924,2.556397891044617,0.0874393448233604,7.052714157104492,3.1609307289123536,0.5298808693885804,0.090758541226387,340.5874328613281,3115.234033203125,2156.17021484375,92.59234771728516,1371.564501953125,220.18577728271484,2.8268450021743776,66.06585693359375,141.89871063232422,17.170938301086426,1.1305814266204834,1034.8266605377198,1665.1458218574523,5792.014698676486,1.0744103509932756,637.6977744102478,220.83095145225525,16.0240353025496,1.9592540089040995
167.76619691907473,48.34237936230011,3.552576894531353,0.5509741291414002,20.38072700500488,8.929789352416993,21.53903121948242,3.5222437143325807,2.2257652759552,1.060746467113495,0.0881323739886283,6.314079141616821,3.0538575649261475,0.5509632527828217,0.0790460266172885,333.24041137695315,2755.282275390625,1866.9779052734373,77.87156982421875,622.0261657714843,91.96018981933594,2.8683724403381348,66.32415542602538,129.01642456054688,16.962333488464356,1.031644880771637,919.2238105773926,1517.99371612072,5487.356406316627,0.7624723611399531,646.1105012893677,221.5521292448044,16.054990106076,1.9564013972878456
164.34061826219818,49.19432145174869,3.561573345525153,0.6710983570031317,19.711326026916502,8.821142387390136,20.59260501861572,3.5471652269363405,2.0360172271728514,1.0234547138214112,0.0889887452125549,6.494511318206787,2.921649861335754,0.6172706484794617,0.0965605460107326,331.5576141357422,2733.5453369140623,1766.7967651367187,78.06348037719727,569.0381958007813,87.28645935058594,2.890560746192932,66.94703826904296,126.32109603881835,20.358278656005854,1.2116506814956665,909.8898090362547,1458.5234627723694,5308.248381047602,0.7024343783035875,648.0651667594909,223.57846674919128,16.195421439409255,2.004592461138964
155.69402679844788,51.48889233592681,3.683858640792505,0.5664205217778544,19.841414833068846,8.324546146392823,20.835841560363768,3.5396483898162843,2.2180736541748045,1.1083383917808534,0.088784584403038,6.98768105506897,3.133857536315918,0.514729106426239,0.0836411140859127,325.37876586914064,2544.82353515625,1772.93349609375,79.01365280151367,623.7118713378907,94.60101318359376,2.8859538316726683,64.49402770996093,140.37848052978515,16.22032413482666,1.0607478260993957,896.8028842926026,1494.384644317627,5317.957319936342,0.7547447450459004,630.7721733093261,221.61156601905824,16.096136397868396,1.9560070276260373
163.16686992712857,50.6802658467599,3.724975706972237,0.6732463253326614,22.471961784362797,8.64363889694214,19.90166244506836,3.510157895088196,2.131656455993652,1.1010806798934936,0.0883514806628227,6.6964174747467045,3.143431830406189,0.5948561549186706,0.0945171512663364,326.9100341796875,2687.152734375,1719.846826171875,78.17953720092774,601.0521301269531,95.73649520874024,2.855959892272949,53.99051284790039,143.11214141845704,19.63867912292481,1.1922318577766418,897.4319625854492,1501.399151611328,5431.832409785595,0.7679139425978064,637.3388211250306,222.3091565132141,16.10632242038846,1.9871624965220689
190.02471554594013,91.34815518351334,3.480629059717125,0.6598575330217955,22.527592277526857,8.972607612609863,22.672244834899903,4.057032895088196,2.7785863876342773,1.4465563893318176,0.0903118290007114,6.735390090942383,2.96481192111969,0.60105100274086,0.0893488824367523,341.60572814941406,2782.744189453125,1976.3451416015623,91.68856048583984,777.6360229492187,123.8951026916504,2.854080319404602,57.29220314025879,128.77323303222656,19.81870346069336,1.156084966659546,931.4652099609376,1559.6498580217362,5585.621641944026,0.7985993787646294,647.7459734916687,220.13683979511265,15.8324734300375,1.9524749718606471
208.47161395940785,101.16809010237483,3.6805467621552,0.5870929210264194,19.775985145568846,9.385391426086423,23.228380012512208,4.036498451232911,4.458733367919922,2.253159523010254,0.0876745343208313,6.71317982673645,3.151012778282165,0.5526177287101746,0.0878120750188827,339.3450622558594,2880.09853515625,2033.6985595703125,91.84370498657226,1260.7882568359375,196.56094665527343,2.8332184314727784,47.56402397155762,140.9687713623047,17.748176956176756,1.1003868103027343,1016.3843551635742,1566.8102917909623,5492.210380139388,1.0533444286789746,629.765915775299,220.55436770915983,15.920834638178349,1.9514612413942811
157.89783856984576,48.29066070404224,3.594570080662197,0.6381961478901758,21.028668785095213,8.631732749938966,19.47231941223145,3.4596436977386475,2.09185962677002,1.041251575946808,0.0879515305161476,6.440547037124634,2.967354393005371,0.5790856897830963,0.083586398512125,324.68419189453124,2674.1580810546875,1658.4206787109374,76.61614151000977,589.4510009765625,89.8432830810547,2.832289433479309,44.624131774902345,127.34173965454102,18.838688087463375,1.1046016335487363,899.3673587799072,1487.2714404344558,5352.883988147648,0.7375386338680983,631.7892883300781,222.42582936286925,16.129971513897182,1.984725222364068
161.62171990719943,48.16064293304371,3.7893042109908266,0.5741662915452821,20.29154281616211,7.7833311557769775,19.347021675109865,3.4311928033828734,1.987539792060852,1.0052263021469117,0.088016290962696,7.051167774200439,3.2189019680023194,0.527329683303833,0.0785163596272468,320.422119140625,2417.6070556640625,1672.1195190429687,75.33029632568359,559.7534545898437,86.97363586425782,2.8566064119338987,59.25825004577637,147.8276794433594,16.74266529083252,1.03441082239151,910.4521518707276,1445.1078583478927,5247.977268097503,0.7196903765201569,626.8708268165589,223.76226065158843,16.27389629483223,1.986367291212082
176.1408180806662,68.66904930757718,3.5237732876936434,0.5768904923661922,20.93460350036621,8.215741729736328,21.24995975494385,3.7618207693099976,2.3073422431945803,1.148329210281372,0.0897848807275295,6.887407302856445,3.220289874076843,0.5807131350040435,0.0835488848388195,329.7113494873047,2558.3743408203127,1820.5252197265625,85.35258026123047,646.9232177734375,99.9780616760254,2.8588218688964844,61.53479919433594,142.9765396118164,18.372293281555176,1.0677026391029358,948.3715435028076,1531.249133181572,5555.829707309143,0.7538083247840405,632.2539772033691,221.0452867746353,16.004144639521837,1.959193704277277
166.50068216026995,49.08131951803061,3.5972637232802525,0.6373553782789486,20.878524398803712,8.333892440795898,21.43645191192627,3.638473248481751,2.171297597885132,1.0790116667747498,0.0872574619948864,6.527348899841309,2.829570460319519,0.5710279524326325,0.0913541100919246,328.8457489013672,2553.584228515625,1873.0825439453124,79.13826980590821,606.99697265625,91.58187789916992,2.840426659584045,53.241159439086914,121.53916931152344,18.68441982269287,1.1467282891273498,918.6013675689696,1543.421992111206,5507.619775296049,0.799452013708651,638.3693819999695,221.7243400812149,16.060058645159007,1.9701984077692032
151.29626747256552,54.28089221823475,3.753996452730689,0.6267365611729929,22.448908805847168,8.014090061187744,19.611980056762697,3.6010607957839964,2.4850157499313354,1.1725997447967529,0.0899995572865009,7.476129579544067,3.295220899581909,0.6021341741085052,0.0859568282961845,316.1450927734375,2451.5630126953124,1695.3132568359374,81.09114227294921,691.1726318359375,100.39464874267578,2.9198156118392946,76.08461456298828,150.64794006347657,19.53242225646973,1.1037190079689023,899.8615341186523,1499.3236092090606,5288.603683769191,0.7791759284213186,618.8440101623535,222.4978224515915,16.235352874547242,1.991308978199959
158.21015362822655,53.949680270501176,3.7091308870838704,0.6123193962970959,21.614895248413085,8.41506748199463,19.204996490478518,3.532718276977539,2.38820641040802,1.1179938554763793,0.0881244920194149,6.969140815734863,3.0863763093948364,0.5487855017185211,0.0833095520734787,322.3668914794922,2573.54873046875,1682.1580322265625,79.5843132019043,671.1763000488281,95.49063034057616,2.8707759141922,50.40084381103516,139.6050796508789,17.665874481201172,1.0864218473434448,897.3054145812988,1534.108758211136,5487.061532397522,0.7990220146253705,630.2124835968018,222.19139676094056,16.112886798381805,1.970805346220732
167.71951455445014,49.505599153602816,3.607877205522345,0.6223619155000847,19.52024631500244,8.62983980178833,20.3104585647583,3.587431454658508,2.2412923097610475,1.0672484040260315,0.0887340940535068,6.575093603134155,2.8623414754867555,0.5568054556846619,0.0831392012536525,328.47853088378906,2664.80107421875,1755.4028564453124,79.0983901977539,624.7487670898438,91.95263748168944,2.8611484289169318,59.70291595458984,125.22409896850586,18.07990493774414,1.095180606842041,945.6992305755616,1525.661128091812,5485.279795823735,0.773454300314188,636.9979409217834,221.534433054924,16.062113915383815,1.9643755182623863
165.49440147328497,50.98226208817996,3.717391854126845,0.5949180994004564,20.16554527282715,9.07399387359619,20.9399694442749,3.4311227560043336,2.318219208717346,1.1160128712654114,0.0868131108582019,6.862592029571533,2.9819496154785154,0.5844362795352935,0.0801114186644554,332.4412384033203,2806.4072265625,1797.4350341796876,77.30590744018555,651.2538146972656,96.98438873291016,2.823581027984619,50.257903289794925,133.06479187011718,18.52725200653076,1.0637789845466614,920.8381965637208,1482.5056839227675,5348.6134526906535,0.7419554008170962,644.9650230407715,222.0127444505692,16.05709622874856,1.9739137828350064
176.3869651382949,73.27793216824102,3.745832872684264,0.6392011968789688,23.206506156921385,8.642070484161376,19.951574897766115,3.969329929351807,2.431371331214905,1.2767861127853393,0.0866537176072597,7.188102436065674,3.0460399627685546,0.5758561730384827,0.0886107832193374,329.8322174072265,2683.18447265625,1744.1635375976562,86.87012634277343,686.1760437011719,109.3743392944336,2.8206816911697388,62.45199851989746,139.1363952636719,18.857775497436524,1.13571275472641,939.5441173553468,1538.6758198976518,5438.723497332881,0.8055911622941494,635.6070704460144,220.98896675109864,15.964776564389467,1.961195133253932
162.24543560579696,50.85189828116891,3.7149071656532895,0.6129233445226419,23.52617416381836,8.101469707489013,20.67202091217041,3.495327186584473,2.200588607788086,1.1347059965133668,0.0878129810094833,6.756339454650879,3.1108847856521606,0.588765698671341,0.0816204905509948,324.7748168945312,2514.448706054688,1807.1263427734373,78.28471755981445,619.3131591796875,96.3639144897461,2.858979034423828,51.363058471679686,139.9833236694336,18.93647403717041,1.075556254386902,914.7436897277832,1529.041852402687,5544.005306344666,0.776549287326634,632.9762643814087,222.1393311738968,16.115824998915194,1.9793418504297733
149.37673860348514,53.0022818972604,3.6396739151730335,0.6826987397271864,21.767985343933105,7.59561014175415,18.60087642669678,3.567002868652344,2.2548868656158447,1.115813422203064,0.0889994814991951,6.708644247055053,3.2602786779403687,0.596218866109848,0.0932335510849952,316.153515625,2350.0361572265624,1573.2494995117188,79.1017967224121,630.5319030761718,95.01133346557616,2.8809769630432127,68.06158447265625,143.89678802490235,19.68198108673096,1.2053687810897826,905.484313583374,1466.3815188169478,5151.179505527392,0.7298049710690975,621.9335865020752,223.83764119148253,16.286140460520983,2.00783598870039
186.4124679473316,96.54606263117958,3.564228978797041,0.6682696694797527,23.137944221496586,9.285708713531497,21.02493495941162,4.098012781143188,2.968304681777954,1.5364889979362488,0.0864399567246437,6.554942655563354,2.989430332183838,0.5975395798683166,0.0874751269817352,338.72837219238284,2880.6204345703127,1833.3040283203125,91.10661849975584,837.3597595214844,133.6667625427246,2.8186946392059324,54.928012466430665,131.86230926513673,19.72318935394287,1.1531950950622558,977.0674995422364,1537.5010790348051,5494.340062958741,0.750687025859952,641.194540977478,220.0302091360092,15.819490903615952,1.9520071763545277
167.51509707305232,49.70887739264681,3.752268598919591,0.6688392778246793,20.196768379211427,8.684713649749757,21.595395660400392,3.443165636062622,2.27070837020874,1.0580708146095277,0.0902425289154052,7.030072116851807,3.362136483192444,0.6063872218132019,0.0955981276929378,334.4389373779297,2694.144604492188,1876.1869018554687,77.12886276245118,636.5918823242188,91.73849334716796,2.9129303455352784,71.63542251586914,154.25310516357422,20.010963439941406,1.192277801036835,929.337929916382,1499.72158036232,5367.813040182833,0.7138631980866194,650.2298855781555,222.30907583236691,16.164677638560534,1.9845100849866868
148.66710535891835,55.43158474644797,3.567881502796717,0.6091621256637154,22.17259693145752,7.568773031234741,19.510858726501464,3.5756627559661864,2.55300521850586,1.1948325395584107,0.0874913454055786,6.156811904907227,3.022526836395264,0.544509881734848,0.0820397399365902,316.16535034179685,2343.057006835937,1650.0412719726562,80.65019073486329,712.5694213867188,103.30303115844728,2.84435875415802,56.53105659484864,127.88906402587892,17.56038303375244,1.0782413005828857,883.986604309082,1501.7614095449449,5292.498314481927,0.7697662640362978,619.7735899925232,222.9253934621811,16.180647403001785,1.9815770275890827
152.62653746782524,51.61076112805832,3.5586959031765675,0.5738306665926075,19.85413055419922,7.767573261260987,19.111965560913085,3.591409063339233,2.347251868247986,1.0732529520988463,0.0891562573611736,6.577577495574952,3.033136987686157,0.525994724035263,0.0826956868171691,316.6410797119141,2392.805737304688,1616.729833984375,79.24829177856445,660.475927734375,92.26274871826172,2.89246027469635,52.4530086517334,132.34424896240233,16.51022243499756,1.0630360007286073,904.1021644592286,1516.4244612693788,5366.673376833042,0.7980596845969558,616.9639397621155,222.1493849515915,16.151090817153452,1.9657625429332255
163.99023188063148,53.849036233173045,3.737159068427445,0.6795824895682699,20.499023628234863,8.580792713165284,20.65315799713135,3.434245800971985,2.3834352493286133,1.216689133644104,0.087783271074295,6.807755851745606,3.234954285621643,0.6068257808685302,0.088340289145708,328.0381256103516,2623.51171875,1801.09521484375,77.86375045776367,673.0725158691406,105.52256317138672,2.8380627632141118,56.39461860656738,146.53022155761718,20.006903648376465,1.1681465029716491,924.8080234527588,1507.8619224071504,5391.701159733068,0.7432599345222115,638.5771967887879,222.56967780590057,16.09610370695591,1.987999303266406
231.69400248395323,110.3751343715614,3.7394854526462495,0.5371380607963147,17.29463138580322,11.016019058227538,26.41098289489746,4.107856035232544,4.25888421535492,2.1295753598213194,0.0888225957751274,7.251728820800781,3.2392855167388914,0.5514489054679871,0.0849109105765819,346.3382995605469,3438.813549804688,2337.06435546875,93.5196403503418,1205.7797485351562,186.6433609008789,2.869397759437561,72.3837287902832,146.49464263916016,17.087545585632324,1.0736952900886536,1033.0840227127076,1560.3959274053573,5485.138927476481,1.2443238860694692,634.9259377479553,220.19036931991576,16.021892554312945,1.950926074385643
161.99444234299443,49.68552126848717,3.5891145099591086,0.6141644249168394,20.621182441711422,8.742771244049072,21.069222068786623,3.4987901926040648,2.2206270694732666,1.026832687854767,0.0887987755239009,6.423908615112305,2.9831629514694216,0.5971498131752014,0.0805661022663116,330.4880340576172,2688.003369140625,1804.0560913085935,77.06190567016601,626.4458984375,87.59158782958984,2.873543429374694,61.33376731872559,130.04835662841796,19.254730796813966,1.0694478034973145,905.5663204193116,1537.9547780513765,5481.778755881451,0.7645821444690227,641.1497026443482,222.10180809497837,16.102303083986044,1.9789024658501149
170.0277075594575,49.287986825552345,3.595919658909884,0.6464607703371599,21.40052032470703,8.958876800537109,22.007387161254883,3.4774789094924925,2.165403413772583,1.1029879570007324,0.0875337049365043,6.363215970993042,2.9539793014526365,0.6309347927570343,0.0920329682528972,336.35908203125,2776.511572265625,1918.8236083984373,76.91404418945312,611.3347534179687,94.00336990356443,2.8537904024124146,56.91285934448242,126.6800163269043,20.65788879394531,1.1521050572395324,927.796482849121,1509.0449054956437,5424.040284521319,0.7295149188488722,653.393341255188,222.11133909225464,16.065523102879524,1.9869381416589025
198.14405790993183,103.93830096106176,3.774622279194205,0.5546829741971919,20.60671634674072,10.918006038665771,25.45197868347168,4.145957136154175,5.061325979232788,2.500835990905762,0.0872227355837822,6.833844614028931,3.0868146657943725,0.5248463153839111,0.0877185299992561,345.36220703125,3379.38603515625,2186.438134765625,92.83907928466796,1429.9477294921876,217.44951477050785,2.81951744556427,50.65239944458008,141.4235626220703,16.4767786026001,1.0912178993225097,1019.7542497634888,1636.995610833168,5677.641396726947,1.06857754685916,642.2900877952576,220.69510056972504,15.962771324068308,1.951399925351143
155.65230362533256,48.765429380963,3.815421912500187,0.5995915714398393,21.35889415740967,7.955223274230957,19.164182281494146,3.5273922443389893,2.050477933883667,1.0361501574516296,0.0867957949638366,7.379909372329712,3.277437353134155,0.5823541939258575,0.0851174913346767,318.421826171875,2473.7961181640626,1627.4177856445312,77.2904556274414,576.1716491699219,89.32100677490234,2.8255890369415284,61.89510993957519,149.3469482421875,18.672587203979493,1.086397695541382,909.3143474578858,1474.5563124656678,5237.977890701312,0.7369010036811232,620.5304979324341,222.589603972435,16.17138159275055,1.9877829566597935
169.2686808881408,52.00548907909543,3.5731081025403,0.5560576503265111,19.97478656768799,8.587127590179444,21.8991662979126,3.6635515213012697,2.311800646781921,1.1138729214668277,0.0899680726230144,6.750048542022705,3.103660297393799,0.5506429553031922,0.0782613947987556,332.2200134277344,2668.33994140625,1882.0482299804687,79.8486831665039,652.1438232421875,95.91866912841796,2.911358189582825,68.70833206176758,136.13827514648438,17.017566108703612,1.031970202922821,935.7889141082763,1513.5212223529816,5374.759779568017,0.7666294286027551,642.7714956283569,221.23254444599152,16.060382599383594,1.9527865186333655
159.26751608465057,50.23897237767842,3.857821041024136,0.6423669282585024,19.52931652069092,8.02913465499878,19.94693088531494,3.5237460136413574,2.209481954574585,1.1121030926704407,0.0872848458588123,7.410860109329223,3.088056135177612,0.5697739481925964,0.0914206951856613,321.43609924316405,2487.1883544921875,1695.4041381835937,78.23380126953126,622.0671264648438,95.18424987792967,2.837322783470154,73.86240921020507,140.74323120117188,18.642577934265137,1.149491798877716,926.515026473999,1474.311051392555,5238.488853873545,0.7184942768886685,625.0727705001831,222.22489082813263,16.167614452540874,1.9820194754749536
164.69203898191554,53.32647312844493,3.5236664889963096,0.5874563812817314,21.34410877227783,8.482799243927001,20.09435291290283,3.5368723392486574,2.28247492313385,1.1926275372505188,0.0894984439015388,6.6373927116394045,2.922785997390747,0.5281226754188537,0.0814763650298118,326.5329956054687,2619.109326171875,1759.9417724609375,80.19880523681641,636.2533325195312,101.18518295288088,2.900091552734375,47.99445495605469,125.89097290039062,16.75125923156738,1.0630717158317566,932.7912342071534,1490.7011961698531,5285.081210792344,0.7627445673570037,634.1266183853149,221.43036518096923,16.07053984180093,1.9563247978687288
203.2249037412352,100.21195621996304,3.739227416300196,0.6071345882903529,21.084697341918947,10.90000810623169,26.788051795959472,4.078947925567627,4.817017364501953,2.371639037132263,0.087311115860939,6.512887525558472,3.164385509490967,0.5686355471611023,0.0869644872844219,350.44203491210936,3393.7995849609374,2307.053393554688,92.39031143188475,1356.9100219726563,205.83298950195316,2.8240631580352784,63.6823013305664,141.08150482177734,18.441326713562013,1.121695101261139,1021.3471155166626,1677.4094525575638,5892.102899939428,1.0607391675934197,655.7272705078125,220.7156397819519,15.96963832527399,1.9641783002763984
152.17620727699688,57.13099308243682,3.714620284059697,0.6645642191142087,21.03923091888428,8.253776931762696,19.520771408081053,3.588322305679321,2.559624695777893,1.307447075843811,0.089007743448019,6.967494249343872,3.2698236227035524,0.6357465863227845,0.0952862426638603,315.9361083984375,2531.149365234375,1678.046044921875,80.92770462036133,719.4697082519531,112.95087356567385,2.887135720252991,59.74555625915527,148.48026580810546,20.92157859802246,1.1871369242668153,905.3119956970216,1551.256430363655,5481.129459578684,0.8095592107623816,619.1298105239869,222.7271282672882,16.16801055073738,1.9984630133956671
204.69525366735036,105.37357603021464,3.66171506000976,0.6154597533875859,20.92200965881348,10.364791011810302,23.560347747802734,4.087748098373413,4.938589763641358,2.4229126930236817,0.087969271838665,6.682632160186768,3.045734977722168,0.5527947664260864,0.0893181338906288,341.6545867919922,3183.5913330078124,2039.25185546875,92.46148452758788,1397.3270263671875,208.68667602539065,2.839665174484253,63.39745903015137,132.03741912841798,17.993642616271973,1.1250991940498352,1022.1238555908204,1599.1961428403854,5483.624682785803,1.1626661705551669,629.4126481056213,220.70183107852932,15.945111674070358,1.957379697263241
209.17150281608195,91.78219710006525,3.7314109110749087,0.6504178640106147,21.961389350891118,10.705580615997317,28.03768939971924,4.185416555404663,4.542904281616211,2.3068395137786863,0.0885306641459465,6.960604858398438,3.0240817785263063,0.602938997745514,0.0929110884666442,349.42591552734376,3334.4244140625,2449.383056640625,92.14112854003906,1267.062841796875,196.4893310546875,2.858443260192871,62.33289527893066,138.48739624023438,19.832920837402344,1.1873838543891906,1018.6138118743896,1646.801488673687,5845.867017423361,1.0600212945486418,656.2770522117614,220.9537252187729,15.979634433984756,1.974886981770396
163.4503555151845,47.67369876868342,3.893360620214776,0.6206835778332561,19.10595874786377,8.482476711273193,20.61598720550537,3.4020406007766724,2.0188206911087034,0.9904113233089448,0.0871756911277771,7.260759496688843,3.477916049957275,0.6012770473957062,0.0879700437188148,329.3597717285156,2639.59013671875,1763.2537109375,75.84396667480469,567.58056640625,85.66576309204102,2.842055821418762,73.6345603942871,159.22491302490235,19.500649452209476,1.1091270923614502,922.300518798828,1465.2527232170105,5317.046488958644,0.7103041586466133,639.4347153663635,222.32510344982148,16.19567569345236,1.9876051247119904
155.91673986556998,52.65232010586378,3.5342502055986187,0.6174732030724386,20.337353706359863,7.962724542617797,19.094086837768558,3.483556056022644,2.265336751937866,1.0982825756072998,0.0879200719296932,6.338466262817383,3.008349967002869,0.5537290334701538,0.0900942116975784,318.4240447998047,2437.7491943359373,1650.6420776367188,78.45654830932617,636.42333984375,95.33831558227538,2.8630326986312866,49.78478012084961,127.52364349365234,17.98108043670654,1.1169121384620666,914.5434841156006,1497.8496106147766,5281.704658816894,0.7469979885965585,620.3364314079284,222.26782212257385,16.14629597440362,1.9782615445554257
163.3766561658893,50.04393883198727,3.592558858500138,0.6189814541464329,20.843032455444337,8.627105140686036,20.471110153198243,3.375892877578736,2.129407501220703,1.1105070471763612,0.0867946289479732,6.4257121086120605,2.820005488395691,0.5776485741138458,0.0881131127476692,328.0813354492187,2642.7419921875,1784.1603637695312,76.47582473754883,598.3562072753906,94.47230682373046,2.822976851463318,50.48900260925293,120.25910339355468,18.740666580200195,1.1083189487457277,919.8294399261474,1496.188982081413,5357.519225089205,0.7346045386046172,637.457468700409,222.2047955751419,16.099880488961936,1.9789910584688184
168.87951264552686,46.980948858903865,3.532695675859395,0.5804321481340822,19.556672286987304,9.147162437438965,22.216881370544435,3.5004422664642334,2.12675199508667,1.0375369668006895,0.0896768309175968,6.3791767120361325,2.918981146812439,0.5553361177444458,0.0816964730620384,336.71767272949216,2801.068310546875,1941.644287109375,76.73464965820312,594.1503601074219,88.33449325561523,2.905656576156616,48.11167182922363,127.4717414855957,17.51383571624756,1.0612344026565552,912.813576889038,1510.5491926670074,5520.181634834968,0.736181384511292,652.1113138198853,221.70986685752868,16.06722024977207,1.9621485345065597
172.56801680521167,49.2419612250972,3.6977708424503817,0.6507396074336385,19.930306434631348,8.552169036865234,21.253479766845704,3.5988365173339845,2.229224133491516,1.0795233726501463,0.0901780731976032,7.062985181808472,3.3571994066238404,0.6106576681137085,0.0929412841796875,330.2205108642578,2647.769213867188,1861.6817138671877,78.70218505859376,620.0994506835938,92.26550216674804,2.908524823188782,62.560573196411134,153.90165252685546,20.036485290527345,1.163032627105713,934.397131729126,1510.5244634866715,5422.673448331235,0.7608293581753969,641.6073580741883,221.99685785770416,16.128317292779684,1.9831187229603529
157.06019126340834,49.924841366294274,3.7443248819812425,0.5552709697690034,21.03610153198242,8.045322799682618,19.57033977508545,3.4615248680114745,2.146446132659912,1.0621961593627929,0.0872577786445617,6.772654342651367,3.2382261514663697,0.5524889349937439,0.083701504021883,320.45725708007814,2471.6503173828123,1699.6743408203124,77.37068099975586,603.9334228515625,92.13237075805664,2.8459142446517944,63.34279670715332,143.64186401367186,17.11660671234131,1.055633580684662,896.7750686645508,1504.9275021076205,5428.445130627137,0.7541024912148714,623.9391716957092,222.17897913455965,16.150096026062965,1.9708514131605623
162.3549837029437,49.7685885584664,3.737523995225865,0.6000268537573561,20.209718894958492,8.338295841217041,20.129512786865234,3.503042316436768,2.289156174659729,1.0221688389778136,0.0890896506607532,7.379718351364136,3.4055039644241334,0.5731553614139557,0.0803089372813701,324.6553436279297,2590.7298095703127,1716.7705200195312,77.4475082397461,644.5632385253906,88.9058120727539,2.8998854637145994,58.584647750854494,156.0350814819336,18.21736297607422,1.0673922419548034,907.4143856048584,1526.68095202446,5495.690038692532,0.7654650444164872,632.2375875473023,222.42006614208225,16.15484754294157,1.9759890228509904
159.12787015688954,50.936596776095215,3.631265355596816,0.6581744421959798,20.537362480163573,8.462802124023437,21.33030757904053,3.5098489046096804,2.3087596893310547,1.1223629593849185,0.087896130234003,6.640166139602661,2.8806050062179565,0.5876452386379242,0.0883060529828071,327.63759460449216,2600.2152587890623,1824.7555419921875,77.3889389038086,651.5504150390625,96.6616813659668,2.8638988018035887,69.87500839233398,123.9472869873047,19.278349494934083,1.1510157108306884,905.6370391845704,1502.5755928754809,5386.877295953408,0.7357282415032387,637.1996211051941,222.3854140996933,16.11912462040782,1.9839132077991963
155.42078835211288,52.19118718508544,3.577561235318922,0.6578924917840823,21.474490928649903,7.750642776489258,20.10560512542725,3.5262253999710085,2.336817479133606,1.0889398813247682,0.0872547149658203,6.282665109634399,2.9885449171066285,0.6065657019615174,0.0945023648440837,318.9394836425781,2408.25185546875,1709.3702392578125,79.1586540222168,658.7587646484375,93.04457321166991,2.8323251962661744,48.63541641235352,127.71892852783203,19.94382724761963,1.17990700006485,926.9566371917724,1539.1177432060242,5390.382998704049,0.7598960135132075,622.5773244857788,222.3764404296875,16.13062416687608,1.988734684884548
164.6254606299044,50.13890363471792,3.7088425657085735,0.658665945104292,21.461154174804687,8.855985355377197,21.38629093170166,3.4788853883743287,2.1608575582504272,1.0887165904045104,0.0884759299457073,6.733719301223755,3.281513905525208,0.6016400516033172,0.0901172190904617,331.65355224609374,2729.525756835937,1852.0033569335935,78.09943542480468,606.2833374023437,94.22813034057616,2.869030737876892,56.696031188964845,148.4266815185547,19.75617733001709,1.1571039080619812,926.203854751587,1494.1545890569687,5437.988261934789,0.721055693924427,644.6567206382751,222.0293553829193,16.075949603319167,1.9822467535734176
148.65312193575954,55.618705858274005,3.7257398310116514,0.5643912780861797,22.96678733825684,7.794643878936768,18.977434349060054,3.4982315063476563,2.498712158203125,1.2186071038246156,0.0868846580386161,6.939885663986206,3.140847182273865,0.5206577956676484,0.0814224004745483,315.8317901611328,2392.282763671875,1629.5196533203125,79.71907577514648,704.8557678222656,103.6606948852539,2.8292492866516112,59.26828384399414,139.10218200683593,16.206298828125,1.0519474029541016,900.1433284759521,1522.0090399742126,5389.855912692286,0.8054336279630661,617.3165289878846,222.26757593154903,16.12619898095727,1.963597159087658
155.02592193042364,51.3931179595178,3.7837864777743335,0.5980580710982736,20.913558769226075,8.05330753326416,20.19724063873291,3.565173053741455,2.2869674921035767,1.1611647963523866,0.0887051001191139,7.098702096939087,3.3476117849349976,0.5353870213031768,0.0852212451398372,321.0686859130859,2473.5883056640623,1723.9832153320312,79.14126892089844,641.7004760742187,99.11994400024416,2.889076662063599,69.4304801940918,152.08309326171874,17.245898818969728,1.0838969826698304,898.8058208465576,1476.6731040000916,5178.054937699577,0.7676573460921645,626.2054569244385,222.7508770942688,16.232109831273554,1.9772784121334552
234.33939529959463,103.89443330597624,3.703963685153144,0.5652053080764745,21.20372505187988,10.234099006652832,25.648530387878417,4.124749517440796,4.555099058151245,2.288386273384094,0.0876186743378639,6.602475547790528,2.9171802759170533,0.5577960312366486,0.0873920135200023,348.75323181152345,3162.4435546875,2243.157885742188,93.35306243896484,1278.387060546875,198.75556182861328,2.8250906229019166,57.4109188079834,128.11537399291993,17.665861129760742,1.0948046088218688,1020.3893209457398,1578.449377822876,5580.023079295177,1.3633073119213803,635.9864665985108,219.9418268442154,15.914693773537874,1.9507662288844585
175.65783138304468,48.38975529906456,3.7662047368064577,0.6129622172881909,21.07711696624756,9.548236179351807,21.716891860961915,3.5807491064071657,2.057617235183716,1.0347268104553222,0.0873532630503177,7.065399408340454,3.009256887435913,0.547424179315567,0.0820993669331073,339.8050262451172,2961.7003173828125,1889.0241088867188,78.43375778198242,576.7727233886719,88.94934387207032,2.843133068084717,54.808779907226565,137.1446975708008,17.72144432067871,1.0802603006362914,930.4926498413084,1524.896076965332,5532.509379056329,0.7754240153357387,655.9350172042847,221.09927608966828,15.989473555982112,1.9543396718800068
167.23935642937357,50.43915633422885,3.763846764889536,0.6268573764053599,21.737986373901368,8.774281311035157,20.82805614471436,3.424347758293152,2.1547063827514648,1.0870388507843018,0.0869477316737175,6.753384113311768,3.181915807723999,0.608246648311615,0.0847587913274765,332.7091644287109,2728.8689453125,1821.5722412109376,76.75027770996094,606.1820007324219,94.06545944213867,2.83488757610321,61.233024978637694,142.164404296875,19.74781398773193,1.1015628933906556,922.878761291504,1523.3189624071122,5482.172635913082,0.7425329959020018,646.4933820724488,222.0648299217224,16.08501796424389,1.9815190978348256
158.18763885260122,53.67409535916331,3.661674541513412,0.5719919255597461,19.306064987182616,8.61281509399414,20.04246578216553,3.592571473121643,2.443865919113159,1.1403620719909668,0.0877042256295681,6.417082118988037,2.879688358306885,0.520313686132431,0.0793166421353817,326.27390441894534,2631.2548095703123,1714.24794921875,81.02409744262695,681.4587951660156,99.21048507690428,2.8394314289093017,51.99275970458984,127.7786506652832,16.316835021972658,1.045510900020599,912.26298828125,1538.008941626549,5454.256685440056,0.785354551114142,632.0356154441833,221.175528383255,16.02189916819334,1.9484122768044472
165.1865870231639,51.53197988654502,3.83440379583426,0.5541321395353975,23.167249488830567,8.725065612792969,21.260467529296875,3.5753273963928223,2.3439504623413088,1.063043749332428,0.0872325606644153,7.155898761749268,3.160983419418335,0.5212341785430908,0.079799884557724,331.2569580078125,2700.453173828125,1854.928564453125,79.03975830078124,657.965625,91.669766998291,2.845003128051758,64.61454315185547,144.29568786621093,16.131508827209473,1.0391368508338927,911.7880760192872,1505.6684099435806,5408.0720237199685,0.7674223411828279,642.4903146743775,221.33696191310884,16.0533285535872,1.950151726603508
153.92719959171663,53.63971114351443,3.728286973073796,0.6744418025002119,20.30181751251221,7.978293752670288,19.041312599182127,3.594518303871155,2.449194574356079,1.2369406342506408,0.0877382420003414,6.846736288070678,3.067500042915344,0.6037642776966095,0.0926518388092517,317.7106903076172,2460.70625,1614.755285644531,80.38996047973633,686.1085998535157,106.57322311401369,2.8377216339111326,56.95005798339844,138.38068084716798,19.91025924682617,1.183049166202545,909.9443359375,1525.9656542301177,5362.752724592993,0.7774816200137138,621.24000415802,222.62692065238951,16.127414621412754,1.9918041620403528
168.2239068155788,43.517376416420255,3.576726456855863,0.6618567834730016,15.981743240356446,11.57119836807251,28.65778579711914,3.2925806999206544,1.8194199800491333,0.8693932473659516,0.0898110769689083,6.93107795715332,2.91706018447876,0.6086441338062286,0.0903055496513843,345.6335144042969,3623.591015625,2564.811206054688,73.03016204833985,512.130224609375,75.65836486816406,2.8974199295043945,65.54053497314453,128.8946746826172,20.02147026062012,1.1647764563560483,944.9282909393312,1489.7055670976638,5365.823062096397,0.6212018490768969,651.5803521156311,221.77527198791503,16.057218313217163,1.9772384788841009
163.10678134636254,49.52956198178335,3.540000065053414,0.6530813137791711,20.73973178863525,8.6592378616333,20.925844764709478,3.4903549671173097,2.2654895305633547,1.029699873924255,0.0885636672377586,6.305269861221314,2.9884283542633057,0.6248845338821412,0.0910828933119773,328.8477294921875,2674.16962890625,1792.2514404296876,77.51135864257813,636.2976013183594,88.07760772705078,2.871941304206848,47.74372596740723,127.8738914489746,20.469705963134764,1.154073703289032,915.729210281372,1513.190583944321,5380.487482140166,0.7615655703470111,641.5067087173462,222.5990020275116,16.118042955547573,1.9929086577147248
161.16260952323282,50.749313342058485,3.7070136435223504,0.6613985671967726,21.844675254821777,8.616934394836425,19.94684581756592,3.4828969478607177,2.18619544506073,1.078259384632111,0.0899850666522979,7.227919292449951,3.1848535776138305,0.624300616979599,0.0871708393096923,325.661752319336,2656.815283203125,1744.4604858398438,77.43322372436523,617.4401794433594,91.96063461303712,2.9051206588745115,73.42154693603516,144.13494720458985,20.466396713256835,1.146250581741333,906.1722381591796,1547.1220656871797,5617.973895295663,0.7574072565883399,635.469014930725,222.47565305233,16.210289477556945,1.992102532461285
160.5931550485111,48.59521687582119,3.642786516693468,0.6760905780596431,23.01686782836914,8.455993461608887,20.241347122192384,3.536034941673279,2.040262031555176,1.0806731820106503,0.0884621754288673,6.840075063705444,3.179590034484863,0.6038446664810181,0.0882966443896293,325.50648803710936,2604.77333984375,1771.8111572265625,77.55132217407227,570.1704406738281,93.04419250488282,2.873082160949707,69.64086380004883,138.79700775146483,19.881986618041992,1.1656033396720886,905.3289588928222,1488.296236228943,5389.086006426252,0.7393789174035191,635.0068963050842,222.50076806545255,16.16547140777111,1.9919941287487744
158.07498592774863,50.94068740089942,3.5296983272936586,0.612817989656753,21.78140697479248,8.340066814422608,19.4656587600708,3.6908652544021607,2.34371497631073,1.1207121014595032,0.0892130590975284,6.791068887710571,3.052927112579346,0.589465856552124,0.0830530725419521,322.6109344482422,2568.865893554688,1680.878503417969,80.34776229858399,654.9425842285157,95.45307693481443,2.89970543384552,69.51344375610351,129.99684295654296,18.94740734100342,1.0855910420417785,912.7542198181152,1502.8526640176774,5358.56472249087,0.7912783712148667,629.6131149291992,222.0882565498352,16.12523404583335,1.9809663318097592
169.26080508860542,51.20699255301124,3.5168961272851,0.5871096412211841,19.89413871765137,8.38011713027954,20.348282432556157,3.559290385246277,2.2012084484100343,1.1226077675819397,0.0889575652778148,6.257929754257202,3.091137909889221,0.5277471959590911,0.0829099841415882,327.8848022460937,2607.2619140625,1770.4781372070313,78.57491836547851,618.8280090332031,95.64666290283203,2.8905050277709963,46.50898208618164,132.3842529296875,16.77461471557617,1.071120512485504,932.7072132110596,1521.295718717575,5407.254080069577,0.7494190128520131,635.220272731781,221.60577569007876,16.083171840012074,1.9566965281963349
153.4238225068155,56.26419332875921,3.872191020078867,0.6361670622895872,22.14794292449951,7.935947895050049,19.67073154449463,3.532756519317627,2.511703038215637,1.2297235012054444,0.0873989209532737,7.103085708618164,3.130662155151368,0.5786621630191803,0.0847166709601879,316.0036376953125,2428.20126953125,1710.5869262695312,80.27714309692382,706.4044982910157,106.45777893066406,2.842951989173889,68.09688415527344,143.68633422851562,18.829823684692386,1.1115333795547486,904.5838359832763,1510.8845865488051,5293.78104616087,0.809833456762135,618.1566578865052,222.4689347505569,16.172288785129787,1.985312919691205
174.82726706454196,51.9278693348695,3.604496099794983,0.5744396822486806,20.873957633972168,9.07554817199707,22.394805335998534,3.451094365119934,2.2588868618011477,1.1428900361061096,0.089763206243515,6.802325630187989,3.1831425428390503,0.5313206374645233,0.0826241895556449,337.6530303955078,2816.1822265625,1961.9461791992187,77.91321411132813,637.7502685546875,98.96099624633788,2.905485153198242,65.9010139465332,140.98589324951172,16.752638626098634,1.0610299348831176,938.9729015350342,1529.4345106363296,5478.439440828399,0.7527087777853012,654.334540271759,221.65080871582032,16.06037155389786,1.951380757242441
151.9822341682171,53.07772330365806,3.815014043425731,0.6294657021245484,21.130988121032715,7.795166301727295,19.385690116882323,3.614495754241944,2.384171724319458,1.146805715560913,0.0876341342926025,6.825711822509765,3.2077056884765627,0.5656828701496124,0.0891695618629455,317.0667449951172,2399.3760986328125,1646.7399658203126,79.8609504699707,672.2750793457031,99.50279922485352,2.8381123781204223,62.01760139465332,146.76703796386718,18.422989082336425,1.1263554573059082,903.8694347381592,1512.2321834802628,5330.181652015681,0.7727802697569132,618.7601898193359,222.32965812683105,16.137506089359523,1.9807991169393064
163.57708499602958,52.44951408001661,3.734308517211253,0.6682395000584052,21.626292419433597,8.740974807739258,20.8711462020874,3.5116300106048586,2.2645989656448364,1.1309778332710263,0.0894967444241046,7.040101432800293,3.4052414655685426,0.6137581408023834,0.0915950559079647,329.886279296875,2707.746337890625,1811.8837768554688,79.05945205688477,635.3891235351563,96.3846046447754,2.9139591455459595,61.66029510498047,155.6310806274414,20.21939163208008,1.1756828665733337,932.6519790649414,1517.9763708114624,5519.411157330405,0.7426220156252384,641.9274014472961,221.9920978307724,16.129663928598166,1.9839426670223477
166.61615511933778,49.54591572191703,3.750603370689464,0.6558613707663085,20.661642646789552,8.727417087554931,21.279205894470216,3.488388538360596,2.1519164562225344,1.106070137023926,0.0871372945606708,6.824037170410156,3.153375172615051,0.6339407861232758,0.0931054465472698,331.0960968017578,2684.9546630859377,1846.8121948242188,77.97704315185547,603.8708740234375,95.76293563842772,2.8279975175857546,66.578857421875,140.2621841430664,20.804173851013186,1.168037748336792,912.9098648071288,1492.005556178093,5397.592328959797,0.7492477858439088,644.5030752182007,222.26229147911076,16.093445076793433,1.993276671692729
165.47819708063545,46.06414746077735,3.63647897519088,0.5824138884881223,20.548762321472168,8.891082286834717,22.097758102416996,3.496703100204468,2.1045597791671757,0.9495772540569304,0.0886106304824352,6.916658878326416,2.9714121580123902,0.564657199382782,0.0846987277269363,334.0094787597656,2748.431591796875,1889.321740722656,76.68484649658203,587.695654296875,81.36631240844727,2.8745439529418944,68.20506286621094,131.81100769042968,18.07855281829834,1.0720520853996276,903.7537754058836,1477.8246569633484,5355.915664497949,0.7245825123041868,646.3704088211059,221.84833133220675,16.083740121126176,1.9703936778008937
148.80456365149584,52.98553065849583,3.680107496131905,0.6426142924833812,21.66267623901367,7.5436982154846195,19.887563133239745,3.47210488319397,2.38452308177948,1.149001920223236,0.0886677518486976,6.775627851486206,3.0544554471969603,0.6165312826633453,0.0885087110102176,316.8100280761719,2308.1060546875,1685.5877807617187,78.62854461669922,666.5011169433594,98.54858093261718,2.881839871406555,51.32464714050293,137.12923583984374,20.066904067993164,1.145380425453186,888.1779693603515,1482.0936024427417,5233.607553351811,0.7343600207939744,623.8423293113708,224.53008697032928,16.301225341111422,2.0169669523835183
160.77699375239172,52.43763321562519,3.637906706830063,0.629101124025874,21.34976177215576,7.966625642776489,20.12763900756836,3.6177878379821777,2.25682213306427,1.11961168050766,0.087104831635952,6.374182891845703,2.812447690963745,0.6121906042098999,0.0867046847939491,321.7972778320312,2467.335424804688,1744.5515258789062,79.78179473876953,633.3468017578125,96.3774642944336,2.8328169107437136,56.277462005615234,121.4766944885254,19.894916534423828,1.1122944593429565,901.0277858734132,1551.099619293213,5527.960663952678,0.7956395603716373,628.6248087882996,222.2928197145462,16.109014154225587,1.9869514115154745
211.7459601039744,96.23674612333726,3.664001150943659,0.6495316565255734,20.956524467468263,11.09751329421997,28.32728424072265,4.219222497940064,4.943713521957397,2.455477547645569,0.0871365197002887,6.553158569335937,2.965837979316712,0.5996964037418365,0.0897658318281173,350.58913269042966,3457.0538330078125,2462.97958984375,92.30027389526369,1389.9920043945312,212.24093627929688,2.8408273696899413,69.56548843383788,127.57168655395508,19.685341453552248,1.1724453806877135,1035.733832168579,1622.2207429289815,5737.485251285555,1.0643069753888994,653.4148985862732,221.13951609134676,15.989546934515236,1.977023769542575
170.58802385272284,51.8354837236423,3.577914215284977,0.5614917554080876,21.15082035064697,8.640596008300781,22.304537773132324,3.5569362163543703,2.2563610315322875,1.1519439458847045,0.0892453409731388,6.298808193206787,2.9295965433120728,0.5358632862567901,0.0778495348989963,334.5979461669922,2688.29970703125,1949.7096923828128,79.49565353393555,628.1334106445313,98.9545639038086,2.8677815198898315,56.91750602722168,125.77928009033204,16.626212501525877,1.0322989583015445,935.1573406219484,1507.2421892166135,5377.304702324653,0.7447951359674334,647.878660774231,221.26283135414124,16.016058278828858,1.949973390251398
167.08156216259812,46.586898085310985,3.763466689629354,0.6346201866228967,19.431638526916505,8.891030502319335,21.542020416259767,3.5405333995819093,1.973655605316162,0.999601036310196,0.0868859119713306,7.068061876296997,3.156107759475708,0.5754397928714752,0.0856436967849731,335.1546203613281,2760.7683837890627,1860.243249511719,76.61586685180664,553.9985046386719,86.11105117797851,2.8249253749847414,57.13864822387696,142.27701416015626,18.749670219421382,1.1144915342330932,927.8633625030518,1481.9870656013488,5351.133407641156,0.7153354862704873,649.6156096458435,221.83884966373444,16.05046264901757,1.9744060568511488
164.48661643440136,51.61409403528069,3.8082877302708993,0.5982038235430196,20.617746925354005,8.691674613952637,20.393171501159667,3.59082293510437,2.283462572097778,1.0795851230621338,0.0868602611124515,7.240180253982544,3.221354341506958,0.5493253290653228,0.0875580124557018,328.6935577392578,2663.3239501953126,1774.9581787109375,80.32311248779297,637.9290222167969,92.16190719604492,2.824152135848999,62.96685562133789,146.29810943603516,17.669056701660157,1.094714891910553,921.5874137878418,1525.5186829805375,5389.91648418433,0.7889506040140987,637.3997230529785,221.4045078039169,16.044813956320287,1.9604662597179408
165.76825680996626,52.53837215634703,3.5784783392459074,0.6626919540527183,21.338274192810054,8.278960418701171,21.81605529785156,3.5505830526351927,2.2637306690216064,1.1312054991722107,0.0884666949510574,6.5243998050689695,2.8419084787368774,0.6312772452831268,0.0861086755990982,329.10142211914064,2563.74404296875,1887.864111328125,79.98326721191407,633.5807739257813,97.37407760620115,2.8667084693908693,50.90102500915528,124.19679946899414,20.70479221343994,1.143024754524231,919.95460357666,1544.7661861896515,5510.755321605667,0.7954164417460561,641.2281286239624,221.9888848304749,16.071194349229337,1.9858952920883892
161.9475453543244,49.89812587213173,3.6685010253146855,0.5850798029130033,19.136159896850582,8.329049110412598,20.14900131225586,3.534511137008667,2.20793240070343,1.0395813941955567,0.0870960287749767,6.856557893753052,2.9931113481521607,0.567375123500824,0.0817914694547653,325.2160614013672,2560.693798828125,1754.1914672851562,78.67689437866211,617.1663146972656,89.37605514526368,2.8359267950057983,58.81643447875977,130.80902557373048,17.922816658020018,1.0656780838966369,921.5692050933836,1486.4416049480435,5399.887669856753,0.7216503283008933,632.0907320022583,221.9030790567398,16.08165443316102,1.9719051241874692
169.8134487453397,51.0942667714814,3.8153612418705736,0.6218070220334084,20.685915184020995,8.573038101196289,21.18131465911865,3.48629846572876,2.275801587104797,1.1283304572105408,0.0878856256604194,7.159090423583985,3.1529587745666503,0.5527634680271148,0.0904805354773998,330.24130859375,2657.7279296875,1845.714038085937,77.99468994140625,640.1587158203125,97.42146072387696,2.8625712156295777,60.45581474304199,145.17796630859374,18.006543350219726,1.1249113082885742,941.205569076538,1515.5683133602142,5399.636866244301,0.7609017221257091,640.2079100608826,221.7228222131729,16.07743159532547,1.9652827575802805
151.0802766576322,52.53500025701078,3.676378006138452,0.6194340213983764,21.298437690734865,7.641576766967773,18.409552574157715,3.6071592807769775,2.32171950340271,1.1686540126800538,0.0870988398790359,6.636163330078125,2.893308234214783,0.5499553501605987,0.0846044212579727,315.83262023925784,2339.116577148437,1580.7107299804688,79.1305648803711,652.1459655761719,100.85346755981443,2.84056453704834,59.78824310302734,125.84700546264648,17.782309913635252,1.0977862477302551,894.6588260650635,1528.4935311317445,5445.457195469737,0.7939591377973556,618.2461449623108,222.57307233810425,16.15437576174736,1.979209738969803
152.9062816666992,54.47837485564769,3.553791032435993,0.6372347224464875,22.497944831848145,7.613031435012817,18.52051944732666,3.678089427947998,2.3902838706970213,1.1857954263687134,0.089558719843626,6.4497878074646,2.9718657732009888,0.5661282479763031,0.0871539004147052,316.16661376953124,2331.8970458984377,1614.5852905273437,81.43236694335937,667.3827758789063,101.86770401000976,2.885921120643616,46.78635139465332,127.553067779541,18.47156200408936,1.1256030917167663,915.0472660064696,1539.2617151260376,5458.602100584144,0.7982804445549846,617.5331345558167,222.03760106563567,16.13331868276,1.9763091776520012
152.8046716519064,50.99117279216735,3.790527221787124,0.6464666868852532,21.56328773498535,8.062182140350341,19.232461547851564,3.535341429710388,2.141614627838135,1.1395731329917909,0.0874492451548576,6.8916136741638185,3.266801118850708,0.6150241374969483,0.0852969132363796,318.95960693359376,2478.3613525390624,1643.3741821289063,78.40482864379882,601.4455627441406,97.93298110961912,2.839495587348938,54.697231674194335,149.20375366210936,20.048031044006347,1.1209465622901915,890.7677982330322,1516.149064898491,5415.185683672782,0.7671750968322157,623.7296109199524,222.72821273803712,16.153984767198562,1.996509649604559
163.95192199349987,48.58032228423872,3.606831998925827,0.6550471634767859,19.28897190093994,8.24773292541504,21.020524406433104,3.574077820777893,2.141449475288391,1.0101461052894591,0.0902467884123325,6.490053176879883,3.306563115119934,0.6121180832386017,0.0893189705908298,326.5983612060547,2529.254638671875,1819.5755737304687,78.43602828979492,597.2987854003907,85.90145416259766,2.8968746185302736,45.9946834564209,146.50347137451172,20.070055389404292,1.1527982592582702,920.9589904785156,1539.376808929443,5536.10126384506,0.7719192642718553,635.3508734703064,222.1680611371994,16.120920876413585,1.9852271661162375
160.9917624315698,53.40732247603073,3.5793167438145472,0.5630880618213723,20.53562355041504,8.134088897705078,20.89143848419189,3.4502701282501222,2.32406976222992,1.193848466873169,0.088577039539814,7.035424757003784,3.067227911949158,0.5163982510566711,0.0811519183218479,326.2065063476563,2528.0240478515625,1810.1907958984373,78.22718963623046,656.0278076171875,102.63528289794922,2.873409152030945,70.17890319824218,134.38172454833983,16.406694221496583,1.045521879196167,907.0764247894288,1473.967563199997,5338.358559738705,0.730918463692069,633.5228245735168,221.93231923580169,16.116399525105955,1.9602863378822803
177.10546091312935,76.06816770585947,3.591097196174496,0.645277521107937,20.918067741394044,8.488364696502686,21.36826705932617,3.845896434783936,2.4603113412857054,1.2450313091278076,0.087889040261507,6.558351850509643,2.927142596244812,0.587915587425232,0.0854925602674484,333.4806213378906,2626.83515625,1822.5519409179688,87.0675552368164,690.3229736328125,108.5243049621582,2.827043581008911,48.90769805908203,131.79947967529296,19.25646896362305,1.1267303586006163,932.2296443939208,1546.1157254219056,5468.887624895947,0.7985532145947218,636.0987030029297,220.94261009693145,15.940915853530168,1.9616982154548168
164.1143876473572,48.48557847979073,3.858593671846279,0.6677077298875019,20.870019912719727,8.852882385253906,20.04301853179932,3.457641625404358,2.1006078243255617,1.026771342754364,0.0867298744618892,6.977405977249146,3.118949604034424,0.6251365125179291,0.0899778559803962,330.3707336425781,2752.1109130859377,1730.2828125,76.6754051208496,592.4005187988281,88.6633285522461,2.820935773849487,59.08723335266113,143.45521087646483,20.549974250793458,1.1660169601440429,916.8638854980468,1481.8590438604356,5409.034010606399,0.7217813083902002,643.246238040924,222.40094923973083,16.095830345153807,1.994102330878377
178.71279705682755,81.38606889096627,3.657871067441101,0.5543434786302441,21.293923950195317,9.81737756729126,22.58041858673096,4.115309715270996,3.9232225894927977,2.0374266147613525,0.088818359375,7.221314144134522,2.99924693107605,0.5572733759880066,0.0824373662471771,340.2262786865234,3038.353564453125,1956.4799072265623,89.93488845825195,1109.7888793945312,175.62163696289062,2.879944372177124,61.11598777770996,135.63833312988282,17.37500133514404,1.0466334223747251,1008.907748413086,1581.0430970191956,5692.140933360252,0.6997401535511016,648.3366851806641,220.2269553899765,15.843959745019674,1.9359372667968275
152.0284268956384,54.01241147481096,3.790938722150008,0.5957565487145757,21.740205383300783,7.897744846343994,19.814522361755373,3.483608531951904,2.408019256591797,1.1796914935112,0.0881811134517192,7.002727127075195,3.2229696989059446,0.5664794385433197,0.0876089982688426,316.2701934814453,2431.1941650390627,1695.9038818359377,79.09474563598633,678.927685546875,100.9679458618164,2.8556687116622923,63.88076400756836,147.15699462890626,18.09816074371338,1.0957152366638183,901.4214630126952,1513.5715435743332,5333.108753537899,0.7919155357405543,617.7090232849121,222.45794196128844,16.17667238265276,1.9804078482091427
158.14842262966994,51.80253315065229,3.561122471141266,0.6323032585589772,21.137600326538085,8.529082775115967,19.51887950897217,3.4923286199569703,2.361434078216553,1.156880247592926,0.089531534910202,6.558264493942261,2.8741824865341186,0.5724309682846069,0.0854733400046825,324.6273895263672,2604.6847412109373,1690.7853759765626,79.33119659423828,656.6559692382813,99.15181427001951,2.8967557668685915,56.09849166870117,126.21742782592771,18.63835029602051,1.111742115020752,922.7004314422608,1521.6301652669906,5423.706601073546,0.7654479226097465,631.1056908607483,221.92633185386657,16.107828770577907,1.9745624404400588
158.08459271893952,54.14213883253588,3.546919005648965,0.6099779703857507,19.57875328063965,8.318295574188232,19.25365467071533,3.5545195579528808,2.4408360958099364,1.2173075079917908,0.0890999592840671,6.6758047580719,3.0303343534469604,0.5554307281970978,0.0843751884996891,322.1194152832031,2544.5863525390623,1656.3757080078126,79.74443969726562,687.0052795410156,103.7640251159668,2.885288858413696,53.989427947998045,131.04315185546875,17.898837280273437,1.0905760645866394,912.1878471374512,1539.1421602010728,5422.8449071893465,0.7995145846158266,626.1389931678772,221.94891517162324,16.10998631939292,1.968853013217449
170.58994741735805,50.50582515046072,3.5915223609771147,0.5641868968032554,20.26293106079101,8.88730878829956,21.157771492004397,3.468855786323547,2.1088748931884767,1.094598639011383,0.0882899761199951,6.325264406204224,2.9725171327590942,0.5449768900871277,0.0848607949912548,332.826123046875,2755.7500244140624,1832.7803466796877,77.75802993774414,592.8511474609375,94.301375579834,2.8387030601501464,50.4795597076416,127.2313735961914,17.070511245727538,1.062206470966339,923.0252529144288,1519.6471664667129,5447.254534175573,0.7533459167927503,643.7269620895386,221.58047263622285,16.042526618391275,1.9574911259114744
209.485853562846,92.04598895484088,3.671452220953802,0.6561783177251869,20.267259407043458,9.497934436798095,24.42417640686035,4.087608385086059,3.9211212158203126,1.9590129017829896,0.0888581618666648,6.824311923980713,3.123132038116455,0.5783346772193909,0.0893642999231815,346.2309875488281,2950.851708984375,2115.203125,91.78424911499025,1100.898486328125,168.99961700439454,2.883621525764465,53.93163299560547,142.636572265625,19.05736541748047,1.1618512630462647,1007.5290933609008,1559.8028688669206,5542.788164141309,0.9532993018510753,646.8248298645019,220.0808104276657,15.856562907248737,1.9509477950632568
164.29676969957217,48.639278158856726,3.705938595653015,0.5699405908451467,19.707913970947267,8.54331340789795,21.881706047058103,3.455206274986267,2.0901879549026487,1.0796280741691588,0.0894875012338161,7.320282602310181,3.272726368904114,0.5484620869159699,0.0784330211579799,332.0700378417969,2646.51376953125,1874.123974609375,76.36778411865234,587.9856506347656,93.00068511962893,2.904236030578613,68.85523529052735,148.0360565185547,17.074654579162598,1.0394991278648376,941.3071548461916,1486.1585123062134,5298.520345489354,0.7092300659045577,642.7952052116394,221.8848752260208,16.141104497760534,1.9623516820371152
169.04572954778487,44.2149623787479,3.823753629209591,0.6469389199184092,15.69791250228882,11.757257843017578,28.24567756652832,3.2965126752853395,1.8651908755302429,0.9695316553115844,0.0871338963508605,7.365237236022949,3.054036045074463,0.6116702020168304,0.0900977455079555,344.4482879638672,3684.85205078125,2529.2766357421874,73.30076370239257,525.5668640136719,83.43727188110351,2.831998682022095,57.152313995361325,141.03072509765624,20.039569282531737,1.1492838740348816,945.8296474456788,1504.970245885849,5412.347652190784,0.6354499880224467,651.3882272720336,221.79755680561067,16.021893211454152,1.976487281173468
160.30031695972212,51.45606558589425,3.822412096727794,0.5816777450015707,22.250477409362794,8.086084175109864,19.75098533630371,3.627908229827881,2.235791611671448,1.1320462703704834,0.0867725618183612,7.012584114074707,3.135076332092285,0.5389673113822937,0.0869344986975193,322.11065063476565,2498.030224609375,1713.485986328125,79.3797836303711,630.7717102050781,96.6561393737793,2.8214685201644896,53.8819149017334,143.5596496582031,17.095311546325682,1.0839841485023498,908.001880645752,1517.128727531433,5432.3930000095625,0.7792652308940887,628.2348984718323,222.0610937833786,16.088315346091985,1.967038816213608
194.14717819308936,82.81258671509212,3.517509799649679,0.5531051790644937,19.997611808776856,8.784802341461182,22.363081169128417,4.045756340026856,2.357001519203186,1.233684253692627,0.0877197094261646,6.875288963317871,3.041255521774292,0.5336650311946869,0.0825358398258686,340.1397338867188,2729.8586669921874,1931.287573242188,90.10980224609376,659.72919921875,106.05730667114258,2.852004599571228,67.87318878173828,134.39199676513672,16.727081489562988,1.0467325448989868,956.604602432251,1535.6205528497696,5507.046873497592,0.7582236103713512,641.1308332443238,219.90319044589995,15.86052421927452,1.9303331006318327
156.113248992413,53.30742485994788,3.517446121031002,0.5562783442505179,20.72829666137695,7.931035757064819,19.88506031036377,3.66003258228302,2.365737581253052,1.184521496295929,0.0889551348984241,6.7821159839630125,2.991668939590454,0.5354869365692139,0.0796267449855804,320.294140625,2464.5036376953126,1681.275244140625,80.16183013916016,662.854248046875,102.26199035644532,2.8968180418014526,53.43752174377441,128.27801055908202,16.557979393005372,1.039299726486206,924.8385951995848,1521.2483296632768,5325.063603130821,0.7852474009618163,622.2364894866944,221.62679398059845,16.11083991751075,1.9582064308226108
163.27818694105227,51.67602335839392,3.7668840095853056,0.6374479939662819,21.645116996765136,8.662567615509033,20.84168529510498,3.4704451322555543,2.3571229934692384,1.1116917967796325,0.0896295368671417,7.097007989883423,3.25355863571167,0.5741873502731323,0.0867123186588287,329.1696807861328,2665.557568359375,1804.7030517578123,78.6928726196289,660.2540344238281,95.44394454956054,2.914757490158081,74.2237678527832,148.1275161743164,18.735439682006835,1.120842492580414,910.4059658050536,1529.3814564228055,5489.620431942307,0.7754611449316144,640.4883396148682,222.00317013263705,16.162466883659363,1.9739820789545772
161.34096322020778,51.93857993212923,3.618791600227541,0.6666770695038735,21.673854637146,8.815494155883789,20.594889450073243,3.504161763191223,2.274739980697632,1.179167902469635,0.0874019347131252,6.197890853881836,2.9285828113555907,0.6139240145683289,0.0923807427287101,329.22629699707034,2696.1578125,1788.4215942382812,78.66334609985351,639.2812072753907,100.37106399536133,2.818317985534668,57.027116012573245,125.23015213012695,20.21072578430176,1.1742358922958374,912.962159729004,1523.3540452480315,5403.976103923424,0.7782108755782247,641.7871105194092,222.30493714809415,16.072653064876796,1.987727439776063
168.9823916787347,49.933170037969376,3.856025832853652,0.5690799763290784,22.03728485107422,8.768544673919678,22.123448371887207,3.591230869293213,2.112156939506531,1.1025192737579346,0.0873028010129928,7.029048299789428,3.245781826972961,0.5235919058322906,0.0802672266960144,334.47963256835936,2725.9690185546874,1931.7466552734372,78.91193161010742,593.5741760253907,94.72890625,2.839460563659668,75.12272796630859,147.1658676147461,16.405031394958495,1.046414816379547,923.256103515625,1499.1428084373474,5421.123038463387,0.7430487874895334,647.8981734275818,221.1706687688828,16.075873348861933,1.9486125268042087
153.5726585083266,45.30988233357357,3.661496608060361,0.6718112798926541,18.962640953063964,8.69345645904541,20.635711097717284,3.267221999168396,1.780664563179016,0.905032730102539,0.0869135983288288,6.408429145812988,2.8481129884719847,0.592962509393692,0.089913784712553,333.2857177734375,2672.318115234375,1797.3051025390623,72.83800506591797,497.6501251220704,78.59091110229492,2.8195842504501343,56.63881950378418,122.44529647827147,19.492079544067384,1.1861499190330504,897.1612102508545,1446.6209904670716,5305.311234575743,0.6498102416284383,652.3664093017578,224.3667026758194,16.244433458149434,2.008278483152389
156.5564000062579,55.38281329936381,3.6652285498557142,0.6194216535221699,22.90430793762207,8.109649181365967,19.27396297454834,3.63045437335968,2.586140847206116,1.2423442602157593,0.0872640751302242,6.468656206130982,3.0439794301986693,0.5888666629791259,0.0859160892665386,319.7633575439453,2517.385791015625,1665.01708984375,81.2115104675293,725.8524047851563,106.17217254638672,2.8342530727386475,53.90166320800781,133.52768096923828,19.06592388153076,1.0995585918426514,904.6838729858398,1507.2469534635543,5313.291766622662,0.7859496349468827,625.8612055778503,222.2263300895691,16.096063426136972,1.9828927628695965
149.53401338870827,55.62494046866122,3.676531728825694,0.6194484617261538,22.26779289245605,7.647361135482788,19.60125141143799,3.774861097335816,2.460952425003052,1.193619728088379,0.0869184792041778,6.5481351852417,3.025323271751404,0.5813879907131195,0.0874469511210918,315.8929504394531,2357.6775146484374,1668.1760131835938,82.0067008972168,692.2341918945312,103.12157516479492,2.8146399736404417,53.67313537597656,133.46247406005858,18.84241180419922,1.1061448335647583,894.8610107421875,1503.4687661886214,5286.792707301769,0.8120085448026657,618.374087047577,222.2333076477051,16.101266430318354,1.9834905825555325
166.0019281414032,49.38425396462662,3.795665336398747,0.6638939236711394,19.85896835327149,8.239685440063477,21.18704128265381,3.5761014938354494,2.1043158054351805,1.0247769355773926,0.0871331103146076,6.894253253936768,3.1112041234970094,0.5811349749565125,0.0878226429224014,329.52739868164065,2555.7834716796874,1838.5905517578128,78.6977638244629,587.2877319335937,89.0117561340332,2.832728385925293,52.70196914672852,142.3663787841797,19.11111660003662,1.1549769401550294,935.8527549743652,1512.265485429764,5408.183815541165,0.7216217737644911,639.1508367538452,221.7686495304108,16.05789457112551,1.9745695874094964
161.7476067722251,51.49093343382256,3.6516078520760176,0.5904445129026271,22.48120536804199,8.685004615783692,19.92661457061768,3.613880252838135,2.201356267929077,1.066096806526184,0.0897408343851566,6.93058705329895,3.088676023483276,0.5682735502719879,0.0829310812056064,327.4947967529297,2693.2551513671874,1715.3744750976562,79.49915924072266,616.3671081542968,91.61064376831057,2.9059287548065185,52.47558937072754,140.59373321533204,18.0275598526001,1.0697121143341064,928.1985614776612,1503.9066010475158,5355.894439140568,0.7643367368727922,637.3672845840454,221.89215471744535,16.091952219605446,1.9693768888711929
161.5544845923534,50.71692478454852,3.5973488263620994,0.5669342645042661,21.44483051300049,8.127779293060303,20.345732307434083,3.5172491550445555,2.3031316995620728,1.0670178890228272,0.0888891696929931,6.732060384750366,3.1238734483718877,0.5179377138614655,0.0847571536898613,323.6921875,2521.09404296875,1756.8314697265623,78.4398681640625,642.0395812988281,92.72358627319336,2.862389874458313,64.94097137451172,134.75318756103516,16.265998077392577,1.0662257075309751,904.5358779907226,1536.3171464920044,5482.030876390962,0.7717968445271254,629.3863629341125,221.74541547298432,16.106221355497837,1.9564748853445053
158.884503601944,52.432326824966005,3.733199584354634,0.6263687287241282,22.62178478240967,8.558445739746094,21.1835075378418,3.506250762939453,2.4001383543014527,1.1121723294258117,0.0881300434470176,6.983128309249878,3.200227165222168,0.5922934234142303,0.087651178240776,327.9451629638672,2648.523974609375,1815.7065307617188,79.34644775390625,672.1822265625,96.7410903930664,2.8658844947814943,65.53545913696288,143.6613525390625,19.256408500671387,1.1117715001106263,919.137229537964,1517.1939951658248,5402.226394101325,0.7888335004448891,639.7157571792602,222.16105580329892,16.10636423751712,1.979647804796696
161.80893843942175,50.94483893820389,3.786966448517069,0.6351915352889819,20.99486351013184,8.154817485809327,21.65743999481201,3.5885586023330687,2.350223469734192,1.077851927280426,0.0889535263180732,7.057491588592529,3.255780267715454,0.5741812288761139,0.0856099098920822,326.74944763183595,2507.651318359375,1878.5490478515624,79.28424224853515,656.4180419921875,93.4503677368164,2.88437135219574,74.7185562133789,148.03322143554686,18.70384521484375,1.113072645664215,922.4348236083983,1470.05638859272,5279.126492934534,0.726159563101828,635.2922513008118,221.95380680561067,16.155789691209794,1.9774326846003527
160.29348036476586,54.64425031985793,3.5990388161551663,0.6472602593351894,22.78502502441406,8.286693572998047,19.96286334991455,3.513958978652954,2.3594852924346923,1.167821753025055,0.0879162944853305,6.585307598114014,2.9754544734954838,0.6172453045845032,0.09048682898283,323.7555084228516,2562.9006103515626,1735.9400390625,79.14488983154297,664.9816650390625,101.13821487426758,2.839171361923218,67.04421844482422,126.92656326293944,20.184443283081052,1.1437475085258484,928.0600254058838,1503.7666852474213,5392.098089694837,0.7484116682782769,632.5295629501343,222.538396525383,16.114389929175378,1.9917666107416152
158.06245714607138,53.339969909716274,3.662758491808768,0.6388207476618731,23.932203483581542,8.523222637176513,20.787860298156737,3.589439630508423,2.3593641757965087,1.2069787502288818,0.0877201288938522,6.430869722366333,3.040549898147583,0.599788224697113,0.0874843351542949,326.8933532714844,2638.696826171875,1795.164501953125,80.13426971435547,664.3648498535156,103.41113052368163,2.847162890434265,52.96824989318848,134.370361328125,19.564924430847167,1.127104353904724,904.88525390625,1512.0090203285215,5433.600567597896,0.7566197089850902,638.0200569152832,222.0598253726959,16.070792470127344,1.982675668597221
214.8188781292447,89.33180241077825,3.5888746742597504,0.5715134321943083,20.563644409179688,10.229723167419433,23.58393497467041,4.055286884307861,3.760925769805908,1.9600852251052856,0.0880160227417945,6.38540620803833,3.056194472312927,0.5278632283210755,0.0789625003933906,349.24009704589844,3174.6669677734376,2072.358752441406,91.34525146484376,1054.979229736328,170.34628295898438,2.8523500680923464,57.21063423156738,132.5192138671875,16.659867095947266,1.0483672976493836,1007.0556890487672,1564.8254199385642,5592.551917901355,0.9218116320902482,653.0265551567078,219.6027268409729,15.809068600088358,1.928099669888616
160.12986389465004,49.63668945395976,3.659848042272574,0.6445369908044427,20.112103080749517,8.500753688812257,20.906662940979004,3.554690742492676,2.137612986564636,1.0594429969787598,0.0892297446727752,6.908746767044067,3.0244383811950684,0.6187051296234131,0.0888985179364681,326.9440856933594,2628.3752197265626,1780.0829345703123,78.51902694702149,599.4508666992188,90.72589721679688,2.885125613212585,52.26406974792481,137.03301849365235,20.205949211120604,1.137038516998291,911.8478332519531,1490.1034992456437,5324.13639482446,0.733702534250915,637.1321406364441,222.31739635467528,16.113126199692488,1.991235627606511
148.38257174181345,52.09187203487291,3.618882923972001,0.6663816584018832,21.933665084838868,8.05464572906494,18.755722427368163,3.507667231559753,2.267188215255737,1.0997832059860229,0.0883468769490718,6.7264008045196535,3.170701766014099,0.5939182579517365,0.0933184407651424,316.4592742919922,2476.9013916015624,1597.7000610351563,77.81669006347656,639.8822082519531,95.69541625976562,2.8621039152145387,56.29924774169922,139.27447204589845,19.53685607910156,1.1814252734184263,887.2575393676758,1492.8877971172333,5340.409739348432,0.7551852043718099,619.1565144538879,223.1487399339676,16.213136176764966,1.9963286314159632
167.4754018996122,53.21310581966336,3.6843783459818495,0.6468133071523766,20.627401542663574,8.888548564910888,21.38800468444824,3.555641436576843,2.447124695777893,1.2083693742752075,0.0876334093511104,6.471327209472657,3.151779127120972,0.5887157440185546,0.0898058272898197,332.1122772216797,2748.969116210937,1857.3118896484373,79.8518798828125,688.0014099121094,103.69502639770508,2.836866021156311,54.02740173339844,140.35444030761718,19.29722576141357,1.1493818521499637,934.693044281006,1533.8892466545103,5484.231449111365,0.7643686080351472,645.4642100334167,221.7186517715454,16.02892349138856,1.971519262343645
161.4535534085997,52.13991234646828,3.883972855687239,0.6604963890553336,20.2846097946167,8.247314739227296,19.567495346069336,3.491307806968689,2.234696650505066,1.1487028121948242,0.0871624462306499,7.285817432403564,3.3292650461196898,0.6117449939250946,0.0880392767488956,322.6855224609375,2527.542626953125,1711.13837890625,78.88899230957031,626.4696472167968,97.98814010620116,2.8370996952056884,76.59656295776367,151.4556427001953,20.06511459350586,1.1499446153640749,908.535357284546,1534.3958295583725,5445.985439726757,0.7646533673629164,629.3073208808898,222.37465422153477,16.193244225531817,1.989581386744976
151.49194836110547,56.43389853774552,3.777150288605526,0.5778212240618359,21.355573463439946,7.59329891204834,18.72985229492188,3.586814045906067,2.4355284452438357,1.2439931511878968,0.087980829924345,7.130487251281738,3.1976931571960447,0.5742215812206268,0.082095082104206,316.2801910400391,2330.2238037109373,1608.3012817382812,80.32536315917969,687.3774963378906,106.30122756958008,2.8669013738632203,61.12235221862793,145.7327087402344,18.13106155395508,1.0618556976318358,902.5561592102052,1490.9517422199249,5133.544321464188,0.7809535199776292,617.8536205291748,222.29050388336185,16.148765893280505,1.9800437219440936
154.3742658761752,54.07343767400507,3.667435988440843,0.6233929342312081,21.57026233673096,8.01096601486206,20.507311058044436,3.69711697101593,2.47860472202301,1.1912604808807372,0.0875332936644554,6.496891450881958,2.8376635313034058,0.5784086227416992,0.0858436524868011,321.37584533691404,2460.628393554688,1767.9263916015625,80.67355728149414,699.3506286621093,102.79311676025392,2.8281587839126585,59.88201675415039,124.6916877746582,18.773675155639648,1.1049171090126038,908.934814453125,1506.2701556921006,5333.584935027082,0.7838128931820393,627.7477404594422,222.1511283636093,16.087137101590635,1.9796181723475457
205.10485618573003,98.32868897531644,3.704946383141487,0.6181110696053451,20.4741325378418,11.151800537109375,26.374380683898927,4.201258945465088,4.737735366821289,2.298702764511108,0.0870995804667472,6.505083990097046,2.927945923805237,0.5750015258789063,0.0853181399405002,347.41460571289065,3458.8745849609377,2295.562866210937,92.59400024414064,1336.9854248046877,198.28912811279295,2.8299076080322267,61.54156646728516,127.36212539672852,18.691231536865235,1.1232788562774658,1040.6358491897583,1623.5069067120553,5756.72389523522,1.058745750086382,648.8103518486023,220.813924574852,15.980188350379468,1.96873748973012
174.85595924168302,91.15569461147042,3.694293584778211,0.5569207259848212,23.154275703430176,9.39988660812378,21.20196399688721,4.188403701782226,3.860423183441162,2.022476351261139,0.0894508309662342,7.257097673416138,3.113319182395935,0.5255527675151825,0.0786620371043682,333.7528411865234,2914.5326416015623,1844.752416992188,91.41868743896484,1093.0460205078125,174.0610809326172,2.9079989433288573,75.12874298095703,141.5030715942383,16.360824966430663,1.031459176540375,994.13138961792,1582.6266903877258,5579.579300927091,0.7503162967041135,637.2202575683593,219.97526910305024,15.9220859028399,1.9285117074847224
166.12719221612934,46.61029985553478,3.6645905603216304,0.6343121452151081,20.695872497558597,8.83563814163208,21.304509735107423,3.375167894363403,2.092433500289917,0.9511550724506378,0.0883343279361724,6.859898424148559,3.0357452392578126,0.5623463809490203,0.0858955591917038,334.9659881591797,2732.0249755859377,1858.1025512695312,74.79568634033203,587.8701599121093,82.37008209228516,2.8515126943588256,48.43805809020997,136.76596374511718,18.32417583465576,1.1144745707511905,934.975022125244,1472.5835716724396,5301.207708657207,0.7031871073879301,648.7517935752869,222.0180244922638,16.087148194015025,1.972905134037137
152.79333961862577,51.988868161081335,3.519495985303706,0.6319689078701345,22.190157318115237,8.112300586700439,19.172965621948244,3.608363771438599,2.403106689453125,1.197190797328949,0.0890346840023994,6.466663932800293,2.8912747621536257,0.5638895153999328,0.0844371661543846,316.0942047119141,2521.452197265625,1632.0057983398438,79.62586288452148,675.5205627441406,103.30054473876952,2.8754976749420167,60.91824798583984,123.5429298400879,18.324152755737305,1.1117923617362977,879.506031036377,1518.074017238617,5419.403505384596,0.7952640691772104,619.639794254303,223.05314161777497,16.202056235075,1.9876705788075923
151.81978629317237,56.48651494538317,3.5955861475169515,0.5733141080519658,22.897608757019043,8.046262741088867,19.796947479248047,3.563430571556091,2.4636710405349733,1.2330034375190737,0.0873998537659645,6.29515585899353,3.018936562538147,0.5605358719825745,0.081032744795084,315.5200714111328,2486.4934326171874,1701.2943359375,80.76477890014648,691.4541015625,104.8592300415039,2.83947868347168,55.61554985046386,129.20137939453124,17.499094581604005,1.0545132040977478,909.489129638672,1516.8667957305909,5313.738227893738,0.8048964696004987,618.234955406189,222.3384374141693,16.12798165231943,1.974127478152513
165.6716379704747,48.70086297518719,3.621737844964059,0.6448971405561565,20.866315650939946,8.996807289123534,21.1984920501709,3.5554247379302977,2.183560943603516,1.00277179479599,0.0892445087432861,6.840255308151245,3.002090620994568,0.6113634407520294,0.0848912425339221,332.94395141601564,2795.7929931640624,1804.4601196289063,77.82051086425781,612.1734191894532,85.49272766113282,2.905198502540588,61.03806495666504,133.07754821777343,19.95251750946045,1.1191521167755127,924.278273010254,1517.4975190401078,5414.831662647845,0.7640051558613777,646.4247808456421,221.984139752388,16.09320263490081,1.9819014135748148
148.4560059207084,57.08541161145804,3.728534397261956,0.6392748491391785,21.940125465393063,7.571594667434693,18.167635345458983,3.591149592399597,2.6421924829483032,1.2386194944381714,0.086792117357254,6.674246215820313,2.997854709625244,0.6035497665405274,0.0848802223801612,315.76157531738284,2322.769921875,1552.9281494140623,81.28034591674805,738.6445373535156,105.62574615478516,2.8198045253753663,52.32881507873535,133.47149505615235,19.639070510864254,1.1125606775283814,914.9157241821288,1504.0683438062667,5260.179453328159,0.790407263301313,618.8671832084656,222.51138579845428,16.122157565504313,1.991964017599821
150.28438752161748,56.22573739593709,3.651645766067804,0.5855074898459861,21.82226638793945,7.703666114807129,19.32065906524658,3.644715523719788,2.481795239448547,1.2474749326705932,0.0871075183153152,6.590694427490234,2.8291136503219603,0.5831752836704254,0.0850206211209297,316.1883087158203,2356.2193603515625,1655.6482055664062,80.48786239624023,700.51806640625,107.87234344482422,2.8158390522003174,61.84147834777832,122.67430267333984,18.43445816040039,1.0780728697776794,916.1464916229248,1496.4955542325974,5223.678818441695,0.7978723932057619,617.7320070266724,222.31111752986908,16.118205024302007,1.981412823498249
244.26480375591564,105.660745055195,3.738606929757361,0.655723519634978,22.26032066345215,10.702357769012451,26.79298095703125,4.100618505477906,4.52856411933899,2.4217893362045286,0.0886466927826404,6.89354190826416,3.260250377655029,0.5732744634151459,0.0881894797086715,354.46245727539065,3331.2403564453125,2340.441162109375,93.13568649291992,1273.07578125,208.7673843383789,2.884025311470032,64.91973648071288,146.4302764892578,18.886384773254395,1.1750541090965272,1018.9746524810791,1570.998735690117,5516.7761723191015,1.4562116413842887,645.9714979171753,220.12360231876372,15.979319905489684,1.9615224562585356
159.2408027135476,50.40813822561722,3.653560703627318,0.6357832847715713,21.29512767791748,8.751987934112549,19.603693199157718,3.5463007211685182,2.1700713872909545,1.0402283668518066,0.0879274040460586,6.793086576461792,2.880804371833801,0.5954988420009613,0.0846455678343773,326.2201232910156,2675.779443359375,1702.6502319335937,77.62764053344726,610.6122680664063,90.38552551269532,2.8400866746902467,63.01388931274414,126.75814437866212,19.371186637878417,1.1079237461090088,918.3008739471436,1501.0759157419204,5396.205262468662,0.7368606390431524,635.3277057647705,222.2832154273987,16.10823908671737,1.9842360615730288
160.05120885214055,51.74202658481381,3.61008609603873,0.6573028572965199,21.07077522277832,8.727529048919678,21.50778732299805,3.3770307540893554,2.3549425840377807,1.1372206687927249,0.0889992475509643,6.871407127380371,2.94673867225647,0.6241829097270966,0.086995692551136,329.9135498046875,2689.9002197265627,1833.962243652344,76.8189094543457,663.4877319335938,98.1595329284668,2.877553176879883,55.48130722045899,130.86907806396485,20.43538818359375,1.1389878869056702,923.5468635559082,1509.712082195282,5371.651886475319,0.7232507759705186,642.0684095382691,222.66490800380703,16.119147899001838,1.9917576249688864
163.45927340389898,50.825108105456,3.7108280536131817,0.6601318060425229,19.311145782470703,8.207402420043945,20.56287059783936,3.488614249229431,2.138104724884033,1.091989314556122,0.0884863436222076,6.921833753585815,3.1850233554840086,0.6126132786273957,0.0913387537002563,325.310986328125,2512.4900390625,1783.687939453125,78.6532371520996,598.5975158691406,93.46954345703124,2.882528567314148,53.42307205200196,144.24049224853516,20.1290563583374,1.1661553978919983,933.2272903442384,1517.9015455961228,5400.149315183563,0.7546560997143388,632.3295477867126,222.15289409160613,16.114966227114202,1.986607850342989
156.5424269247298,52.33721539705057,3.801668260461656,0.6269796185573228,21.771233367919923,7.903656053543091,20.10143184661865,3.5047298669815063,2.398419737815857,1.0907525897026062,0.0896402515470981,7.207413482666015,3.2739065885543823,0.5987416923046112,0.0869957387447357,320.08839721679686,2459.260229492188,1705.4351196289062,78.69546813964844,672.2800537109375,94.6181182861328,2.9042266845703124,74.21473083496093,150.44304656982422,19.44167537689209,1.1129815936088563,911.3713897705078,1499.642628765106,5251.432389443554,0.7713715074583888,624.971646118164,222.5560230255127,16.230120734125375,1.990055763721466
210.46399424139676,101.27960372452635,3.57402769828384,0.5900262664002185,21.008332824707036,11.62427282333374,28.288229751586915,4.080277013778686,5.252096652984619,2.4441241025924683,0.0883403919637203,6.626538419723511,3.064982414245605,0.5543259441852569,0.0816650778055191,352.26109313964844,3597.22626953125,2454.75341796875,92.70690612792968,1473.6427978515626,211.943962097168,2.8704734325408934,66.15365676879883,131.4022644042969,17.710137176513673,1.0755287766456605,1049.0230361938477,1612.1747225284576,5715.670342281647,1.1160980498883872,648.3090747833252,219.78734903335567,15.85814178660512,1.943753096461296
168.3593284032031,50.19171817818697,3.5158861525999328,0.5890053513841395,21.159972190856934,8.373729705810547,20.817331314086918,3.470431041717529,2.2741766452789305,1.130138337612152,0.0896004945039749,6.411185026168823,3.1374672651290894,0.577713692188263,0.0824516706168651,329.2020599365234,2604.3723876953127,1818.9972534179688,77.9603370666504,641.4543579101562,97.28683700561524,2.9110586643218994,51.47399291992188,136.15462951660157,18.3042085647583,1.0684769988059997,932.946515274048,1506.1662103891372,5444.3831440943295,0.7452258879318834,638.6898170471192,221.96091046333316,16.101899164170028,1.9707091115415096
159.16656309325262,49.30271626784834,3.691168241155288,0.6496501644072168,20.482337188720702,7.956966209411621,20.057599449157717,3.6360225439071656,2.1088940620422365,1.0595542788505554,0.0873520955443382,6.518929147720337,3.172518229484558,0.5905608594417572,0.0896944493055343,320.6711456298828,2473.044189453125,1698.3715576171876,78.64778213500976,592.8657348632812,91.22275924682616,2.8415378093719483,70.185693359375,137.53995208740236,19.32504272460937,1.1443876266479491,904.179987335205,1525.2152625083922,5426.042434810288,0.7903287518769503,627.1168231010437,222.64680020809172,16.158957625180484,1.988172386586666
170.21615500026527,50.67283857976136,3.5613735857782105,0.6018186409748069,21.474815559387206,9.068292331695556,21.267968368530276,3.564469504356384,2.260781455039978,1.0506653666496275,0.087838464230299,6.42974705696106,2.906841778755188,0.5535725891590119,0.0836227431893348,334.62303466796874,2790.790478515625,1864.1443115234372,78.65279388427734,635.5131591796875,89.82197799682618,2.843673038482666,56.934963607788085,124.15841522216796,17.78384437561035,1.0830764174461365,930.8810123443604,1537.3079778909682,5537.127765661525,0.7782652469351887,648.0520343780518,221.34958786964413,16.023485989123582,1.9583722367882728
151.74659097544065,51.36042124584583,3.779692927281303,0.5604376226748855,21.252677536010744,7.695940446853638,18.584336853027345,3.4997030019760134,2.335408759117126,1.0882107019424438,0.0894320487976074,7.388192462921142,3.330127310752869,0.5187787115573883,0.0812433987855911,316.6081481933594,2373.8739501953123,1582.033288574219,79.12603607177735,650.6540405273438,94.51795959472656,2.907390308380127,75.77769775390625,151.59082641601563,16.120454216003417,1.0487708568572998,890.7898166656494,1511.1945424079895,5382.051473022812,0.7691058065742254,616.6190230369568,222.00522956848144,16.22701016291976,1.962155679613352
151.23504379745208,52.32319057351115,3.741422259821502,0.6119913076056605,22.55104866027832,8.048667335510254,19.3903377532959,3.5727689027786256,2.2002349138259887,1.101273477077484,0.0883951738476753,7.013880157470704,3.183065986633301,0.5746731340885163,0.0850245177745819,316.429330444336,2484.458154296875,1646.8178955078124,78.53146820068359,618.437109375,95.72215194702147,2.864140748977661,69.41328887939453,142.87434997558594,18.555618476867675,1.096620965003967,891.1041774749756,1499.1345609664918,5330.631887657568,0.7898545371368527,619.9091678619385,223.2395216703415,16.25646676942706,1.993057980388403
167.87436575913017,50.30029602003915,3.7170368174803343,0.651906701698806,20.61092014312744,8.460792732238769,20.51930904388428,3.522290444374085,2.153159046173096,1.0951196432113648,0.0890456296503543,6.925735187530518,3.308689594268799,0.6182985603809357,0.0922555737197399,327.74974670410154,2623.649560546875,1781.8502563476563,79.08207855224609,600.3982604980469,94.33902587890626,2.898972487449646,51.933556747436526,151.44649658203124,20.27736339569092,1.1599530816078183,943.78211479187,1498.6578125715257,5331.182525456883,0.7573360985144972,637.5047518730164,222.07934000492097,16.10348884984851,1.986686223372817
157.15280805032089,52.77520553196091,3.55112296624925,0.6499169154678384,21.623581314086916,8.579123401641846,19.387832832336425,3.490950512886047,2.2635427474975587,1.1553921937942504,0.0889475464820861,6.830593538284302,2.867078447341919,0.6119732022285461,0.0894926108419895,324.1711090087891,2637.34580078125,1665.4032958984376,79.21859130859374,631.9266967773438,100.0232421875,2.8927690029144286,64.82336883544922,123.26217041015624,20.02476234436035,1.1459502696990966,919.7709121704102,1492.7293630123138,5283.363309487281,0.7452938511967659,632.1370043754578,222.28860371112825,16.123500310629606,1.9904171500355008
167.76766041253285,51.12536023918019,3.5741747491580327,0.5879410914058326,19.78657112121582,8.395498275756836,20.61061496734619,3.551519656181336,2.1644575595855717,1.1004845261573792,0.0871563926339149,6.401726007461548,2.9317254066467284,0.5759708046913147,0.086975098401308,327.5567840576172,2580.844482421875,1806.3858520507813,78.7984992980957,611.478076171875,93.45451049804689,2.8308873414993285,45.99655799865722,125.67577743530272,18.35571155548096,1.088432216644287,927.9194004058838,1539.8618094682693,5566.481921588211,0.7815146984532475,636.3089070320129,221.72661137580872,16.065264542400836,1.968580373376608
161.02104452706772,50.31020426043269,3.696949277062004,0.5466660309704252,19.982234001159668,8.053661346435547,20.501774406433107,3.58244366645813,2.126190710067749,1.133814013004303,0.0885152220726013,6.773154878616333,3.189504647254944,0.5491001188755036,0.0819816462695598,323.5028839111328,2494.993359375,1737.1556884765623,78.19377136230469,600.5345764160156,96.03118209838868,2.883100080490112,64.67574310302734,141.99842834472656,16.871561813354493,1.0421454787254334,923.1439037322998,1503.858851981163,5328.952486334881,0.7631351521238685,628.810622215271,222.03070604801175,16.134000777453185,1.964090347290039
168.6882657725939,42.73003055091931,3.7258982103245897,0.6333898223585834,16.14764060974121,11.660772609710694,27.915056037902836,3.302073121070862,1.7632195591926574,0.9096750259399414,0.0874691389501094,6.9158021926879885,3.1703118085861206,0.5988448977470398,0.0897094249725341,344.56617431640626,3659.343676757812,2500.3230224609374,72.89372406005859,494.6685150146485,77.73998489379883,2.8384746074676515,54.37710762023926,142.96895446777344,19.53872756958008,1.1310850858688355,939.7827991485595,1499.6128424167632,5406.449164926633,0.6196124378591776,651.1482357025146,222.00748155117037,16.03572190478444,1.9759290020912883
169.23408202235586,81.53791620458506,3.6403361223518687,0.5450630318131744,21.6006986618042,8.888764762878418,21.435654830932616,4.103848934173584,4.126587820053101,1.9405791997909545,0.0884171076118946,7.063513088226318,3.0942237615585326,0.5303844809532166,0.0780899852514267,330.998583984375,2723.2935546875,1862.3195190429688,90.47249221801758,1156.16630859375,166.2635040283203,2.878134775161743,51.32708549499512,138.2670425415039,16.332554244995116,1.0252799153327945,1005.4494285583496,1595.501750612259,5629.977864551312,0.7027169121429324,630.3435967445373,220.32057158946992,15.877541077136993,1.9329038731753827
162.41438309745428,48.825762999773815,3.564865764630986,0.6279212378976127,19.46290531158447,8.475086212158203,20.98261756896973,3.494044280052185,2.183753252029419,1.04271080493927,0.0893553309142589,6.781709718704224,3.117478632926941,0.5748992323875427,0.0851401761174202,330.1256408691406,2624.2111328125,1803.0672485351563,77.89247283935546,610.4605773925781,89.03126983642578,2.8910114049911497,66.38206787109375,137.37254791259767,18.679492950439453,1.1020692348480223,913.9323589324952,1469.054467010498,5339.052703260398,0.7045852939598263,640.4474246025086,221.9895879507065,16.103873325139283,1.9771219737827777
152.76711102604386,55.53243851415291,3.919431608569698,0.6493988430585886,20.437393569946288,7.793302583694458,18.933791160583496,3.6363271474838257,2.5134727478027346,1.2330280423164368,0.0875984095036983,7.461921167373657,3.282130980491638,0.5964471757411957,0.0880329750478267,316.13892822265626,2399.1445068359376,1618.421728515625,80.62112808227539,709.3985656738281,105.75603637695312,2.853896474838257,78.47940063476562,150.9053924560547,19.514421272277836,1.1418437957763672,928.5292854309082,1538.403125214577,5423.3918641682485,0.7910567974671722,617.9260960578919,222.3813798904419,16.21991877630353,1.985465032979846
157.5290095391014,53.95414295062828,3.67168471566963,0.645725883124021,23.41701259613037,8.575937938690185,20.703184127807617,3.519093990325928,2.2945221185684206,1.2336511492729187,0.0874678365886211,6.514912700653076,3.099853491783142,0.6019369542598725,0.0902469880878925,326.61009216308594,2651.47392578125,1785.65244140625,79.41242828369141,648.5376403808593,107.09638214111328,2.848321628570557,52.13119049072266,136.77715454101562,19.687183952331544,1.1439309477806092,916.8995128631592,1502.957335948944,5314.653375482885,0.7859844474121929,638.2420001983643,222.28806755542757,16.089441376924515,1.9854303278028964
152.25756331712037,51.81509870975124,3.658162643054516,0.6474452634682393,20.94796028137207,8.05383529663086,19.053585815429688,3.6160204887390135,2.278403091430664,1.1374759316444396,0.0897507674992084,7.012315511703491,3.276402831077576,0.593753206729889,0.0872993268072605,317.9554870605469,2460.442431640625,1644.00380859375,79.2543571472168,642.8261352539063,98.81101150512696,2.9055052995681763,57.87307853698731,149.5132049560547,19.389747428894044,1.134032142162323,905.1022888183594,1483.6808169364929,5277.518900267687,0.7529853105545044,621.3619118690491,222.71473565101624,16.183181887120007,1.992881118878722
161.62146239282302,49.50575053640623,3.65778111689101,0.6449405023259146,21.562424850463863,8.257094478607177,21.509497833251952,3.4739343404769896,2.04336895942688,1.0396926522254943,0.0868295080959797,6.6462461948394775,2.967335653305054,0.6214170813560486,0.0860719993710517,327.471142578125,2527.5646728515626,1881.9427001953125,77.22657318115235,572.9778381347656,89.67921600341796,2.816211724281311,50.48917350769043,129.8851806640625,20.276511001586915,1.126514554023743,912.2487781524658,1537.335081243515,5581.748014341016,0.7642892630770802,637.6727456092834,222.33787417411804,16.103282890468837,1.9891125842928887
156.15667138008502,50.922730212735495,3.545842502587834,0.6434536348901361,21.675758934021,8.014351272583008,19.03383331298828,3.5265528917312623,2.120781683921814,1.0417020320892334,0.0892533138394355,6.814029169082642,3.137926387786865,0.6171385407447815,0.0888841539621353,318.43486938476565,2485.01611328125,1640.165612792969,77.55740890502929,599.20546875,90.65657348632811,2.889918494224548,58.26495208740234,136.33730773925782,20.132253074645995,1.1299502491950988,902.9785930633544,1520.2786217927933,5441.861638275254,0.7595356725156307,622.4214023590088,222.6198580503464,16.16642907038331,1.993504186347127
161.36716556243772,49.11435291871494,3.712957866598527,0.6636835157203109,19.64554824829101,8.343038940429688,20.903124046325683,3.5432440042495728,2.032567262649536,1.0373355984687804,0.0877923220396041,7.142414617538452,3.1418714046478278,0.5918147563934326,0.0930847406387329,326.2940246582031,2574.81630859375,1777.19287109375,77.88000106811523,569.359326171875,88.58665237426757,2.849355125427246,51.84994964599609,142.0037612915039,19.479670906066893,1.1769856810569763,902.741019821167,1494.1838766098022,5316.1836056319535,0.7575285393744707,634.8078251838684,222.31522948741912,16.10889507830143,1.9864883858710527
166.7527762244208,49.23587094163568,3.694048506173977,0.6221377955236675,22.32304573059082,8.964631938934327,21.67421321868897,3.593938708305359,2.271799111366272,1.057570648193359,0.0891396448016166,6.843551683425903,3.1058023452758787,0.6008859097957611,0.0890201441943645,334.853158569336,2775.3513427734374,1889.2408813476563,78.89352493286133,633.3621887207031,91.36087112426758,2.875876021385193,55.87204093933106,141.83026580810548,19.52758159637451,1.112950563430786,932.5048740386962,1499.7914559841156,5430.92564623286,0.7311525991186499,650.970675945282,221.8920761346817,16.049008905142546,1.9775058329105375
147.77823734431294,55.44908633706673,3.789458737557789,0.5878363839856207,22.752662467956544,7.619025182723999,19.228717231750487,3.600447487831116,2.4994802474975586,1.239329421520233,0.0879492692649364,7.316555833816528,3.21546528339386,0.5387094557285309,0.0865176580846309,316.5723114013672,2338.2326416015626,1620.8678466796875,80.74496841430664,699.0214599609375,105.62017974853516,2.852930784225464,56.10046501159668,147.88539428710936,17.28479919433594,1.084826683998108,896.9711860656738,1467.0177757024765,5098.07596412967,0.7902482289820909,622.2043252944947,223.7540283441544,16.237350405752657,1.988751944154501
163.5090909996805,49.39237484411679,3.824499735988684,0.671422509016827,21.091891479492187,8.912162590026856,21.641869354248048,3.5985387325286866,2.093080759048462,1.0992151975631714,0.0875757038593292,6.937810802459717,3.1122687578201296,0.5927261412143707,0.0933204665780067,331.890267944336,2766.435205078125,1844.2808349609372,78.62799606323242,583.1725952148438,94.35229110717772,2.8527427196502684,72.14185256958008,140.6248992919922,19.5665828704834,1.1887411713600158,909.1148525238036,1505.093346095085,5510.993814575579,0.7346655463799834,645.3697736740112,221.9591994047165,16.107272784411908,1.9808026634156704
156.4358002362431,52.103623235253146,3.623765547318317,0.6438088677157566,21.15884685516357,8.072651481628418,19.514478302001955,3.4933109998703005,2.2147019863128663,1.1491363525390623,0.0883617728948593,6.903627157211304,2.91202552318573,0.5803890109062195,0.0852631300687789,320.4126037597656,2503.4641357421874,1651.76162109375,78.92280960083008,622.1317626953125,98.80787887573244,2.876168966293335,67.28267211914063,126.5837303161621,18.93346710205078,1.1203393936157229,906.8873756408692,1503.642994093895,5302.8123679946175,0.7821631465107203,624.7494562149047,222.3299195766449,16.144859348237514,1.9845454666763545
152.41377965578795,51.50817978738387,3.7834543432285046,0.6666497164167253,20.13311538696289,8.083343315124512,20.24910449981689,3.5022985219955443,2.2084811449050905,1.082685661315918,0.0878289222717285,7.188637113571167,3.136820650100708,0.6471240997314454,0.0934403762221336,316.4093353271484,2505.566357421875,1703.6601806640624,77.93422393798828,622.7785339355469,92.01716613769533,2.848852705955505,51.85508041381836,144.46515655517578,21.266405296325683,1.169510042667389,906.4797481536864,1528.1596227645873,5446.097820464847,0.7728523457422852,618.2332685470581,222.7520839214325,16.160676927119493,2.0013252802193167
188.75325795549435,94.05839784506762,3.4994530836645708,0.5529500138379376,20.342946434020995,8.747228527069092,20.877668571472167,4.167368268966674,2.814702677726745,1.4639310121536255,0.0865642018616199,6.206673336029053,2.99753098487854,0.5572772681713104,0.0828191049396991,337.6241424560547,2690.1893798828123,1815.3688110351563,91.58644943237304,795.3172241210938,127.63871536254882,2.79355103969574,55.66664924621582,128.54664764404296,17.435938835144043,1.0445388078689577,947.0516258239746,1551.762474155426,5521.665306970383,0.7788481280207634,633.0714364051819,219.7569108963013,15.798637545853854,1.933477642387152
169.1246576642814,47.86687750547535,3.715318471727528,0.6247866528443297,19.89495983123779,9.00890235900879,22.401366996765137,3.5861953258514405,2.1699917554855346,1.0504375576972962,0.088498493283987,6.930755710601806,3.252242827415466,0.5963467299938202,0.085015781968832,336.7313659667969,2790.6669189453123,1933.0345336914063,78.34413528442383,603.8138244628906,89.3300163269043,2.86047420501709,66.69321136474609,146.15970306396486,19.37583999633789,1.1022233366966248,932.5564121246338,1524.002269744873,5538.948213884886,0.7362801048904657,652.4809953689576,221.57309880256653,16.066891890764236,1.9714622490108011
157.9892847015275,49.66116587494853,3.5424258111030893,0.6712874427468819,21.550255966186523,8.575242710113525,19.902176666259766,3.537290525436401,2.2804054260253905,1.041338610649109,0.0890419393777847,6.63937783241272,2.9726808786392214,0.597830867767334,0.0906057737767696,325.50572509765624,2629.9923828125,1710.25849609375,77.9423843383789,640.8967407226562,89.37747955322266,2.892262482643128,65.36301040649414,127.25493927001952,19.69019107818604,1.1729693293571473,915.958532333374,1493.1229125738143,5337.029950160068,0.7590001482516527,633.9086722373962,222.387281537056,16.13546536937356,1.9886171445250511
151.9131948540351,53.55093055591679,3.5647289920056893,0.5803730760364602,19.69544715881348,8.07123613357544,18.80839328765869,3.5484113931655883,2.389294219017029,1.1878140926361085,0.0892718024551868,6.542926836013794,3.0317856550216677,0.5379308223724365,0.0834681540727615,317.9496276855469,2473.7450927734376,1592.2699462890623,79.39522171020508,674.4624450683593,101.75328140258787,2.878031516075134,66.37644271850586,129.20318603515625,16.980161476135255,1.0694930911064149,901.356185913086,1510.6922924757005,5332.626673448365,0.7516126602888107,618.6254751205445,222.11634042263032,16.135964155197144,1.9678272187709809
156.72051940884847,52.52240921496923,3.6337221376935305,0.5821283930257891,19.961114501953126,7.950046825408935,19.289733695983887,3.509659218788147,2.382702708244324,1.135356855392456,0.0878110282123088,6.572388553619385,2.951830339431763,0.5317103207111359,0.0810412533581256,319.0666564941406,2440.646557617188,1644.2350341796875,78.992822265625,667.5536682128907,97.37467727661132,2.840497636795044,62.48642921447754,128.5406967163086,16.75476703643799,1.06098712682724,910.4934608459472,1509.2019045352936,5284.9726068079935,0.7862469857558608,620.3615599632263,222.02878413200375,16.11325838714838,1.9648476600646971
156.62791769146935,53.0820185004638,3.612744759416364,0.6166469731461461,22.56479606628418,8.38204870223999,19.01066951751709,3.486285901069641,2.331924057006836,1.102865731716156,0.0895622827112674,6.766376161575318,3.155958366394043,0.5728455781936646,0.0879890166223049,322.3065673828125,2581.02431640625,1645.7685424804688,79.16969299316406,653.5315979003906,94.65398941040038,2.896016240119934,50.55048599243164,141.7622055053711,18.58439540863037,1.108747911453247,907.9854488372804,1545.0850697040555,5516.263107209699,0.7766729693859815,627.7266715049743,222.05365271568297,16.128720304369928,1.9757659263908864
161.38601513458124,48.56468601291463,3.758420300061766,0.6408363130692691,19.77649669647217,8.546503925323487,21.338080596923827,3.5387316226959227,2.0781131982803345,1.0127225041389465,0.0876095026731491,6.887354946136474,3.103019881248474,0.5843127489089965,0.0920543208718299,328.88185729980466,2618.985302734375,1829.1367553710936,77.6301872253418,581.2134338378906,87.08303833007812,2.849204754829407,50.34233207702637,141.42063751220704,19.115181159973144,1.1487242221832277,906.534483718872,1489.4245773315429,5341.993684245227,0.7441323455423117,638.9635018348694,222.1305634498596,16.09162765964866,1.9814722876995805
161.62902503405712,55.32139643974533,3.684988784720167,0.6015741332611014,22.5380428314209,8.758506107330323,19.792364501953124,3.6700915336608886,2.371978163719177,1.238595688343048,0.0885565854609012,6.940615940093994,3.11500985622406,0.5705178737640381,0.0858411014080047,327.4905212402344,2715.699853515625,1709.7221923828124,80.68065032958984,667.1120300292969,107.40547485351564,2.875648665428161,65.22479629516602,138.96573333740236,18.322840881347656,1.089542710781097,922.6674503326416,1537.4947395563129,5413.964394611027,0.808335629478097,637.5063089370727,221.5918510198593,16.07697187960148,1.9666722051799297
232.48499273054549,104.69694641699736,3.789377862351012,0.5826734624737014,21.788662719726563,11.51164665222168,26.307472801208498,4.150816965103149,4.732313060760498,2.5074144124984743,0.0870551653206348,6.890422582626343,3.028528642654419,0.5482026815414429,0.0818407170474529,352.3981140136719,3586.9631103515626,2324.9345947265624,93.00791549682616,1338.0434692382812,217.57574462890625,2.8284990310668947,63.80829544067383,136.7849136352539,17.425641441345213,1.0855453491210938,1040.327096939087,1591.9156811952591,5628.166669425787,1.2505820375168697,648.7711290359497,220.43593955039975,15.930172792077064,1.953612565249205
162.5865521600339,54.34059456988825,3.7972792181309383,0.6685743753882321,21.77977104187012,8.530604648590089,19.74932460784912,3.561427855491638,2.43031747341156,1.1991363286972043,0.0877720475196838,7.24777250289917,3.0249193906784058,0.6181137025356293,0.0888425469398498,325.7137176513672,2614.2039794921875,1734.858312988281,80.19366760253907,686.1849731445312,103.39938659667968,2.8395251989364625,67.95040893554688,137.96457214355468,20.33349475860596,1.1616347193717955,915.4224689483642,1548.3989987850189,5505.039093420911,0.8113974524661899,635.4278599739075,222.18050141334533,16.101328685879707,1.985300602018833
164.42558445762842,50.32925705167845,3.5678029634949326,0.5944571602633004,19.045664405822755,8.918517017364502,20.126019096374517,3.4872946739196777,2.151423931121826,1.045044183731079,0.0892939619719982,6.743036317825317,3.033299446105957,0.5664770901203156,0.0868216596543789,329.3905487060547,2733.42099609375,1751.33798828125,77.52034072875976,603.1616027832031,89.94219131469727,2.888582229614258,48.39315452575684,134.3764617919922,18.11608810424805,1.0888933658599853,927.3818649291992,1509.645693039894,5470.60310787484,0.730823215097189,638.7304394721984,221.8637783050537,16.09727504774928,1.969766531139612
150.36217770491277,56.90763940579436,3.7431821316253946,0.6692978966349642,21.27454051971436,7.545746612548828,19.14705295562744,3.639289665222168,2.542517971992493,1.2676807284355165,0.0871181964874267,7.042483234405518,3.239707112312317,0.5939330458641052,0.0946508586406707,315.79127197265626,2325.2066162109377,1616.3987670898437,81.27260818481446,715.6962341308594,108.51667251586916,2.8366734743118287,55.21103057861328,145.3514389038086,19.57827835083008,1.1902429461479187,908.199458694458,1512.720570397377,5255.877613823628,0.8044176679104567,619.259965801239,222.6577003479004,16.129560619592667,1.9918921880424023
193.8842958304427,91.32751920930004,3.4695051849094627,0.5975301990779599,19.95181255340576,8.932891273498536,21.638569831848145,4.061823034286499,2.786190390586853,1.379052495956421,0.0888565614819526,6.384147119522095,3.05340461730957,0.5534380197525024,0.0870659299194812,338.6174774169922,2773.03828125,1892.1312255859373,91.20811538696287,780.2573547363281,120.62285614013672,2.8627392292022704,49.564012908935545,130.46856079101562,17.929135131835938,1.087081205844879,961.2210388183594,1542.9371591091156,5530.574317647077,0.745390204526484,639.4232264518738,219.83133606910707,15.829744535684586,1.937573666870594
161.3807792317195,51.54587445976704,3.547551768261405,0.6698343041423073,19.705596923828125,8.162229251861572,21.48802146911621,3.5332355260849,2.2297001600265505,1.0856201171875,0.0888645261526107,6.5783710956573485,3.024370074272156,0.6223329782485962,0.0874454922974109,325.9362396240234,2503.096875,1854.9710571289063,78.15950012207031,625.7589416503906,94.25067520141602,2.887716579437256,67.21980895996094,128.9398406982422,20.44442024230957,1.155989420413971,919.1487842559816,1487.9752919197083,5327.020355412178,0.7276733625680208,634.9699041366578,222.4075023412705,16.13468120098114,1.994272838160396
158.85886887731394,56.559989694125576,3.7251371071827406,0.5814274486275167,22.359123992919923,7.870373344421386,19.216204261779787,3.6163766145706178,2.475948143005371,1.2081408858299256,0.0886692315340042,7.143373155593872,3.103963851928711,0.5559819102287292,0.0820356383919715,318.3856964111328,2437.3595703125,1677.5678955078124,81.44599380493165,692.9716918945312,103.0975570678711,2.885936236381531,56.93978385925293,141.31264038085936,17.539282989501952,1.0649224519729614,930.9647026062012,1539.008017039299,5352.114216258813,0.8157269833609462,621.5365983009339,221.738254237175,16.110487213730813,1.9655501522123813
151.42269818002677,54.07184148201823,3.673750038322919,0.6697286763928787,19.95556735992432,8.014128112792969,18.76787452697754,3.602880072593689,2.4843897581100465,1.179155695438385,0.0868470214307308,6.530155992507934,2.8246052742004397,0.5949083864688873,0.093503051251173,316.65723876953126,2452.8580078125,1590.4898559570313,81.06251068115235,690.813916015625,100.99529418945312,2.8153326749801635,47.23754501342773,124.55228881835936,19.61830368041992,1.1851921916007997,909.9172245025636,1539.236564016342,5429.249906254699,0.785385143198073,618.0327723503112,222.2445817947388,16.106803231686353,1.9860549066215756
149.0051484697571,51.934730267844586,3.726209624328453,0.6105726770052229,21.39046230316162,8.280514335632324,19.78926639556885,3.545639681816101,2.332123422622681,1.1721805453300476,0.0891464009881019,6.926477575302124,3.072319769859314,0.5875612139701843,0.0845795013010501,316.3868133544922,2526.381103515625,1676.0186279296877,78.5188491821289,653.6196411132812,100.12024841308592,2.8770363569259643,65.2535026550293,139.0974380493164,18.91299057006836,1.098618674278259,877.9180847167969,1449.79329226017,5149.96493587913,0.7373356211930513,623.9606112480163,224.5934578418732,16.309657077491284,2.0124190613627437
148.86890029173082,55.47985419670731,3.721236057827764,0.683844829740724,22.15937728881836,7.59954309463501,18.752964591979985,3.6597145318984983,2.4449321269989013,1.187862253189087,0.0868405193090438,6.663861322402954,3.1991251945495605,0.6121136665344238,0.0896743796765804,315.8365875244141,2334.5700439453126,1587.38046875,82.04200668334961,682.0266296386719,103.09000015258788,2.830815887451172,50.26569480895997,142.77199096679686,20.194878005981444,1.1833317279815674,884.2191169738769,1520.7365157604218,5336.20862282035,0.819537409581244,620.5917264938355,222.9613042354584,16.15018812417984,1.9995002157986164
161.61651487317067,49.23560365058192,3.853873504321837,0.5975886694392443,19.55301628112793,8.357489013671875,19.78421287536621,3.515083646774292,2.052266478538513,1.073435640335083,0.0871027648448944,7.098307847976685,3.170950484275818,0.5813205242156982,0.0868886291980743,324.8012359619141,2578.9870361328126,1684.0908813476562,77.35745773315429,578.1366638183594,92.8835319519043,2.8369534730911257,72.47627716064453,143.64452514648437,18.606214141845705,1.093824529647827,915.5813743591308,1536.9440359592438,5513.67406926658,0.7677568532526493,630.1959219932556,222.07271242141724,16.156381011009216,1.9758631378412248
168.88859098627728,49.98153338811089,3.624586599877375,0.6319983633078892,20.430897903442386,9.195700550079346,20.54835720062256,3.516015076637268,2.296418762207032,1.0337127804756163,0.0870334737002849,6.474071407318116,3.0300861120224,0.5870069921016693,0.0902201883494853,332.9641479492187,2842.59599609375,1782.5343017578125,78.69804077148437,639.092041015625,89.55124588012696,2.8259457111358643,49.88241844177246,131.61859741210938,19.16538486480713,1.1365309476852417,927.0510837554932,1541.5575872898105,5580.1208661840765,0.7553428657352924,646.185511302948,221.65843350887295,16.034510578215123,1.9712797068059444
153.79135886697478,53.02670444148671,3.6941314439657615,0.5928582029811651,23.05025577545166,7.852028036117554,19.97362689971924,3.4605520486831667,2.260209894180298,1.117080271244049,0.0893542364239692,6.8044263362884525,3.1442992210388185,0.5413694024085999,0.0814075797796249,319.4210784912109,2409.6837158203125,1745.1740112304688,78.08530731201172,638.0286010742187,96.76324005126952,2.886054873466492,61.2618766784668,142.41325988769532,17.172576713562012,1.069186282157898,905.5827217102052,1505.3378209352493,5420.548415108072,0.7653571056202054,623.2174901008606,222.22669734954837,16.16169268786907,1.9716477006673812
153.04762380295142,55.17451880360004,3.7065076591607977,0.6535058226047681,22.050256729125977,7.943766927719116,19.40054817199707,3.644838809967041,2.4384823083877563,1.1771738886833192,0.0886022001504898,6.647511625289917,3.031582474708557,0.5840238392353058,0.0896167010068893,315.6035949707031,2436.6225830078124,1675.51376953125,80.61733703613281,685.1785095214843,102.31632766723632,2.8594542026519774,57.932394409179686,136.997607421875,19.129169845581053,1.1468704104423524,910.456088256836,1516.8371391057967,5354.417435513809,0.8109580120071769,619.1611002922058,222.67452466487885,16.149702376127244,1.9884856227785348
169.87387988033078,42.51033409485249,3.668072815187133,0.6679911288071821,15.960658359527589,11.947649955749512,28.33423728942871,3.298002767562866,1.862509799003601,0.8608424246311188,0.0873599402606487,6.367788934707642,2.865204334259033,0.6067318439483642,0.0879252918064594,345.8645263671875,3749.7935791015625,2534.40771484375,73.07706451416016,521.9367126464844,74.78542251586914,2.8250279664993285,60.06500091552734,125.7073532104492,19.966696548461915,1.1569156169891357,926.87972946167,1489.378539824486,5399.701413760614,0.6382778038270771,653.9473020553589,221.704806303978,16.014023844897746,1.9764339827001092
154.59774147493007,50.90972856959998,3.526178320988379,0.6305228198389159,19.84518146514893,8.54473295211792,19.65961990356445,3.4997569799423216,2.3483694791793823,1.0692168951034546,0.0894501157104969,6.63529372215271,2.992571353912353,0.5871549010276794,0.0857567451894283,323.75244140625,2623.0365234375,1661.3643798828125,78.24462814331055,661.7267578125,92.24300384521484,2.9024633407592773,51.80661964416504,128.76094818115234,19.08592643737793,1.110031807422638,895.4659828186035,1505.3540961503982,5385.911494719005,0.7427587624639272,630.4358318328857,222.4597017765045,16.138434434682132,1.9844319716095924
149.26619742721886,52.75600317309763,3.724588248994405,0.6008225150481963,21.838099479675293,7.949323272705078,18.850461196899413,3.530215287208557,2.3980894804000856,1.1612875699996947,0.0892771765589714,6.966614532470703,3.3551519393920897,0.5706471502780914,0.0834516160190105,316.4870025634765,2447.075,1596.8818115234376,78.78561325073242,675.3353454589844,100.9008056640625,2.8900009870529173,70.61650238037109,151.49810333251952,18.27325553894043,1.0803478956222534,881.6403133392334,1518.3262339353562,5412.092524318257,0.7677534695714712,618.0305534362793,222.65775713920596,16.225487603992224,1.982888316363096
148.09821658747387,54.006178378614365,3.626605370749462,0.5912730852233381,22.09057388305664,7.991462659835816,19.592806816101078,3.704344367980957,2.3621055126190185,1.1395010828971863,0.0884251877665519,6.873267364501953,3.194011759757996,0.5716625094413758,0.0859375983476638,315.7202850341797,2451.264697265625,1652.788977050781,80.34405899047852,664.17265625,98.455126953125,2.873202919960022,52.12830924987793,140.81375274658205,18.31317443847656,1.0816324472427368,876.9605648040772,1456.2603622198103,5126.729113688134,0.781499357521534,624.0698615074158,224.39883568286896,16.275688004493713,2.003910838812589
161.48444545862586,50.37263966065802,3.5973372745714416,0.5760361876142042,23.548157501220704,8.31887435913086,20.10756893157959,3.572907567024231,2.0845925331115724,1.0216954350471497,0.0867366164922714,6.476760482788086,2.999160647392273,0.5705715298652649,0.082450645416975,324.46422119140624,2583.9031982421875,1752.3211547851563,78.45202331542968,582.7043884277343,87.7073745727539,2.819960236549377,46.65877418518066,128.5498291015625,17.897704887390137,1.0616298913955688,908.0080108642578,1525.014394402504,5506.071995585645,0.7814192228019238,633.5189073562622,222.1898347854614,16.097876732051372,1.9725183628499507
152.69086151190422,54.38922294720578,3.663679652326073,0.6485204401550959,20.18370304107666,7.85906286239624,19.60016860961914,3.524588108062744,2.4522916793823244,1.147228515148163,0.0891764998435974,6.964262008666992,3.143192505836487,0.5839747130870819,0.089713866263628,316.71612243652345,2416.6970703125,1659.542565917969,79.34999465942383,690.6478515625,98.54352035522462,2.9035205602645875,52.7054500579834,141.62954711914062,19.106343269348145,1.1439650058746338,925.8616760253906,1496.121590423584,5227.429010109976,0.7827049201354385,618.2744352340699,222.63591718673703,16.17350023984909,1.9879313699901104
149.17012650411488,56.14399627002312,3.665141025441085,0.6821814643781522,23.425296211242674,8.196678733825683,18.301300048828125,3.6878414869308473,2.473278331756592,1.2071475505828857,0.0878861650824546,7.008998155593872,2.9729946136474608,0.6058611631393432,0.0895378082990646,315.7576019287109,2502.2381103515627,1581.0930053710938,81.03645629882813,696.7204528808594,103.90260772705078,2.8604695796966557,56.71753883361816,131.54145202636718,19.983399963378908,1.1775052547454834,901.751230621338,1502.447233915329,5304.385200316692,0.8112142754718661,619.0882062911987,222.60504972934723,16.148169270157815,1.9955236800014973
170.5029406389076,47.90862281998379,3.6320387368293496,0.5891161778193805,21.568176460266116,8.537836837768555,20.45799789428711,3.564111518859863,2.143901252746582,1.0319071650505065,0.0873190023005008,6.341740989685059,2.8321752071380617,0.5678381383419037,0.0812670804560184,328.9094573974609,2654.009765625,1795.948327636719,77.67571563720703,597.8582824707031,88.69252014160156,2.838546109199524,66.13541412353516,121.40309982299804,17.963671493530274,1.062891685962677,922.9099533081056,1509.203065299988,5440.061220650887,0.7507237365469337,639.2336632728577,222.00549466609957,16.081646235287188,1.9700324095785615
150.07197930533874,55.12236941444644,3.661602240913885,0.6072652995417911,20.79952659606933,8.226292419433594,18.498530006408693,3.716953587532044,2.4209768295288088,1.158052110671997,0.0896612592041492,7.044196224212646,3.196610164642334,0.5718986213207244,0.0844729743897914,315.67799072265626,2513.0321044921875,1578.13935546875,81.77496185302735,677.7796447753906,99.13149871826172,2.903445291519165,67.6902946472168,143.17877197265625,18.3289400100708,1.087155783176422,895.5884384155273,1535.6091394424438,5445.159242401086,0.8231087619438767,618.8247531890869,222.41244904994969,16.173671823740005,1.9792864173650744
227.5065228551393,101.95858011533964,3.6426083510768414,0.6425745532891256,22.8108736038208,10.356974983215332,24.62564582824707,4.144133043289185,4.375835847854614,2.199500679969788,0.0882718205451965,6.798593997955322,3.0691272020339966,0.5679235875606536,0.0951176814734935,348.65235900878906,3224.1037353515626,2168.872143554688,93.18816757202148,1235.1218139648438,190.18084411621092,2.8527575016021727,60.1778003692627,133.0548889160156,18.685549354553224,1.1770992875099182,1018.5905040740968,1583.165416944027,5612.002061712044,1.257678268593736,642.7528149604798,220.0912101507187,15.922913293540478,1.957509282231331
152.09725943754674,55.391752016578,3.8706979849998335,0.6255676208445721,22.755294799804688,7.677981758117676,19.24163818359375,3.537994694709778,2.403236651420593,1.19219514131546,0.0875396102666854,7.02926721572876,3.2288508892059324,0.5621596813201905,0.0839467912912368,315.41807556152344,2377.286572265625,1650.1109375,80.0654800415039,676.1552001953125,102.41443328857422,2.841726803779602,67.20486679077149,148.43821563720704,18.22599487304688,1.0982630491256713,895.3389835357666,1525.1929339647293,5382.610118196952,0.813074005022645,618.7148765563965,222.5757439374924,16.188368082791566,1.982456936687231
207.939495214037,94.06586232038116,3.6294045008282874,0.6351776289801023,21.306120681762696,9.388299560546876,24.40895729064941,4.178043794631958,3.854417443275452,1.97878440618515,0.0879527501761913,6.587138891220093,2.9855480909347536,0.5784282207489013,0.0892786152660846,344.56593322753906,2899.433349609375,2124.6259521484376,91.11527252197266,1092.275927734375,169.88787384033202,2.830647110939026,48.9482006072998,130.32385864257813,18.938547706604005,1.140681540966034,1005.0717611312866,1571.210793030262,5554.662652512639,1.0238771524396726,644.5865661621094,220.36265702247616,15.874799716472626,1.955017725378275
164.52269897484,50.68880676462168,3.722607450754663,0.55263016626526,19.83255558013916,8.7815598487854,21.4128210067749,3.399409627914429,2.182832932472229,1.06643648147583,0.0869874536991119,6.550380992889404,3.1907967567443847,0.5340780913829803,0.0847893953323364,332.0020233154297,2715.55888671875,1852.136975097656,76.79461364746093,614.3815612792969,91.69452362060548,2.8313887119293213,59.61319808959961,141.19982452392577,16.58495178222656,1.055912482738495,946.1498481750488,1494.1232822656632,5329.259364853427,0.7193601792678237,642.9186161994934,221.824083852768,16.0603458493948,1.9570996843278408
157.36895037557625,51.53112315840063,3.649787618591927,0.5850998866452528,21.4516881942749,7.852920341491699,19.47430725097656,3.5573661804199217,2.191133737564087,1.1422088623046875,0.0880540817975998,6.924699163436889,3.133049821853638,0.5385993540287017,0.0870777122676372,318.8370422363281,2427.409545898437,1686.7082885742188,79.30873413085938,617.5133178710937,97.09672927856444,2.8576072454452515,70.71195068359376,136.3673065185547,17.14717826843262,1.0862019658088684,903.2752170562744,1493.4786449193955,5312.4121950371655,0.7627549275755883,621.2949944496155,222.03572671413423,16.14720650166273,1.9697526156902316
156.65095483395416,49.49060670703648,3.603528994801991,0.627737769386431,22.31416416168213,8.53646936416626,20.86842555999756,3.531972479820252,2.075147843360901,1.0840710043907165,0.0877478055655956,6.535036182403564,2.929397463798523,0.5826768219470978,0.0888621978461742,327.0008209228516,2617.7286376953125,1804.394873046875,77.17784042358399,585.5299560546875,93.58188705444336,2.8530124187469483,52.52984275817871,126.93497467041016,18.961261177062987,1.123756730556488,906.5629341125488,1512.71146402359,5493.877088323328,0.7467725610360503,637.0290099143982,222.27138071060185,16.116079381108285,1.9821270633488892
151.06503918924136,57.02987493864676,3.5964346798242786,0.6006807815046613,22.360953903198244,8.031429195404053,18.58470764160156,3.6368661403656,2.580318284034729,1.3265164852142337,0.0889693975448608,6.729853296279908,2.9200491666793824,0.5437875151634216,0.0873896792531013,316.12976989746096,2464.583471679688,1604.1819458007812,81.65340881347656,728.4191772460938,114.03365631103516,2.8817353010177613,65.01872253417969,127.55657348632812,17.48656349182129,1.0971861839294434,914.5471851348876,1543.9608756065368,5460.948677182198,0.8132499767467379,616.9816108703614,221.96560487747192,16.12021557837725,1.966808269172907
159.66893489798386,50.57029004785445,3.689169935981886,0.6297854536639079,20.227812004089355,8.365138912200928,20.339752388000488,3.5220165729522703,2.338930606842041,1.1052402973175048,0.0898238606750965,6.926324558258057,3.279057025909424,0.5815626800060272,0.0829309776425361,324.9893402099609,2580.684765625,1742.2501586914063,78.22060775756836,657.2293151855469,96.04643402099607,2.920405888557434,73.83084564208984,146.29828186035155,18.87804431915283,1.0951972961425782,913.1293632507324,1485.2364582061768,5307.630808576895,0.7444922652095556,632.4936333656311,222.32196083068848,16.19456677660346,1.9819503769278528
159.75962371707502,50.15407198691192,3.6970668780868654,0.5706424495548503,21.60632209777832,8.086352443695068,19.663446617126464,3.5695437669754027,2.2695496320724486,1.0960952758789062,0.087746624648571,6.564174795150757,2.9942569732666016,0.5464313566684723,0.0844882734119892,321.92828674316405,2505.941552734375,1695.447998046875,78.39437332153321,639.3874450683594,93.59739151000976,2.844611072540283,48.78194694519043,134.47794189453126,17.157467460632326,1.0665110230445862,917.1052337646483,1527.5763232946397,5460.827620425587,0.77665299102664,625.7042905807496,221.93784456253053,16.10974674001336,1.965205765515566
169.67805461862662,50.84112906184091,3.633879313879402,0.5878306451687536,22.22155361175537,9.103193759918211,20.8086238861084,3.477919173240662,2.293001651763916,1.079428493976593,0.087614856660366,6.465427589416504,2.8261852502822875,0.5692081987857819,0.0834024749696254,333.74249877929685,2826.2570556640626,1811.034814453125,77.79672241210938,646.9414184570312,93.24331130981446,2.836193299293518,63.94059066772461,122.61223373413084,18.083544921875,1.0732704758644105,940.5049015045166,1524.6823591470718,5514.283127410803,0.77460584230721,646.8150701522827,221.65999419689177,16.041772854328155,1.9633333161473276
221.2750180511779,104.06024355645786,3.622929643352518,0.5736148962805941,21.6180778503418,9.866061687469482,24.16700820922852,4.09838604927063,4.766648626327514,2.282325601577759,0.088538409024477,6.368890953063965,2.871974730491638,0.5553003251552582,0.0810388460755348,344.1513610839844,3047.281713867188,2125.078515625,92.73745346069336,1345.8725463867188,196.6790023803711,2.848737406730652,51.62919464111328,123.12969970703124,17.549618911743163,1.0682308316230773,1020.4265489578248,1577.6141675353051,5546.911775372364,1.226586360228248,633.4586261749267,220.00104103088375,15.908545425534248,1.9467264018952848
167.86148204717756,48.19769601574935,3.512914335904088,0.5633840379335083,21.81336097717285,9.07993688583374,22.2127326965332,3.4731094360351564,2.187382316589356,1.0654057383537292,0.0896637178957462,6.3411249160766605,2.9995863676071166,0.516430401802063,0.0829487338662147,335.5150543212891,2801.6683837890623,1941.710095214844,76.85315399169922,616.4179443359375,91.87371063232422,2.9021445512771606,47.51310386657715,128.590283203125,16.164298439025877,1.0552637100219726,908.0667453765868,1524.485627770424,5595.771032009134,0.7553319519385695,650.5933238983155,221.6300669193268,16.062561566382648,1.9498008772730828
226.8201828580437,99.97093821528468,3.711249198779683,0.6425493056624646,22.04419536590576,10.275079536437987,23.63545799255371,4.115678691864014,3.897758197784424,2.0011805176734923,0.0869218178093433,6.6546543598175045,3.132026576995849,0.6118804216384888,0.0850370243191719,350.5934631347656,3189.4745849609376,2081.0127075195314,92.34091720581054,1097.5927124023438,173.78041229248046,2.8205429553985595,56.12380294799805,140.3460494995117,20.034382247924803,1.133807361125946,1011.953723526001,1554.2592510819436,5509.268223940022,1.1444353801663965,650.1432074546814,220.07052540779117,15.863067328184844,1.9619584374129773
151.04950799146246,51.96911221828768,3.8004656938516743,0.6718137395538065,21.205416870117187,7.808296537399292,19.670419120788573,3.4827831983566284,2.217597150802612,1.0785610675811768,0.0866865515708923,6.831920909881592,3.0486807823181152,0.5880926728248597,0.0880924962460994,316.7379119873047,2418.768701171875,1656.8537475585938,78.38450469970704,622.132568359375,92.126863861084,2.8252768516540527,62.94236297607422,136.59525451660156,19.32632999420166,1.1675138354301453,910.7895931243896,1468.8320999145508,5186.0495420746975,0.7369646549224853,620.2957663536072,223.3548242092133,16.215891737490892,2.0005185645073653
201.3201797931033,96.59109505390444,3.6657653534649626,0.52643536620443,23.60293502807617,9.948119831085204,24.096967887878417,4.059145164489746,4.378939580917359,2.2712194442749025,0.0889811724424362,6.571542739868164,2.9753712892532347,0.5331109166145325,0.0827613279223442,344.01091918945315,3072.3271484375,2103.787573242188,92.27779006958008,1233.40126953125,193.60614776611328,2.8581077337265013,46.8771671295166,132.74596099853517,16.34332904815674,1.0436010122299195,1016.2348350524902,1591.718421971798,5597.878443718049,1.0889813532819972,637.5818661689758,219.6676311969757,15.874576769769192,1.9321988113224504
163.19902671315648,50.76727340966018,3.57961494639153,0.6346629818942233,19.878481674194337,8.381043624877929,20.25871696472168,3.3848263025283813,2.1506798028945924,1.105336570739746,0.0896025024354457,6.57826600074768,3.038449501991272,0.5682968139648438,0.086218873411417,326.2248809814453,2569.18251953125,1759.7399169921875,76.77507858276367,605.5859375,94.4877799987793,2.909351229667664,68.33153915405273,132.2077896118164,18.52103958129883,1.118693459033966,938.7542091369628,1502.8961320877074,5434.072330309777,0.7428940907120705,632.6438819885254,222.08697884082795,16.148805449157955,1.976163063943386
152.50679786154652,59.30829280462903,3.680641462936569,0.634241826774064,21.766246032714843,7.776349401473999,19.20924243927002,3.641627335548401,2.666516637802124,1.27795752286911,0.0886199817061424,7.003821516036988,3.006213402748108,0.5662152647972107,0.090249778330326,315.83338928222656,2377.9989990234376,1667.3998046875,82.48641967773438,747.3722595214844,109.74857788085936,2.88276162147522,51.52369689941406,135.76116790771485,18.486608505249023,1.134409821033478,909.2842761993408,1535.3788446187973,5288.8789454279,0.820908535271883,617.768702507019,221.981112575531,16.117215292900802,1.9760903630405664
161.2926031950774,51.64064755129139,3.6593794167005855,0.583403877651665,21.11670551300049,8.325120735168458,21.549324607849123,3.4378893613815307,2.174496221542358,1.1207154631614684,0.0896495677530765,6.897835779190063,3.086822271347046,0.5321649432182312,0.0814565330743789,327.9311950683594,2587.966845703125,1835.689697265625,77.73625793457032,610.2035522460938,96.33407821655274,2.895087695121765,62.97990837097168,139.3361068725586,16.82542839050293,1.061801540851593,940.8415515899658,1492.8883332252503,5309.300973487832,0.7354994643479585,635.4629000663757,221.63187651634215,16.10360992476344,1.9592269495129584
148.4163239640911,55.382392856090334,3.661343614495695,0.6347519805917727,21.519145584106447,8.012002182006835,19.025738525390626,3.5123851537704467,2.3356457471847536,1.1581730842590332,0.0879239439964294,6.599482822418213,3.063616752624512,0.5678701996803284,0.0847452394664287,316.5448120117188,2455.050268554688,1616.2398559570313,79.9178237915039,654.767138671875,98.78557510375975,2.8553459882736205,64.11535873413087,134.1903533935547,18.47438125610352,1.1079044103622435,911.4728134155272,1480.0216773986815,5195.464414763497,0.7488044612109661,617.8623916625977,222.33192825317383,16.1437386341393,1.9831121899187565
164.08335768574034,50.23917452265796,3.6590648035197546,0.6154127614046274,22.07346591949463,8.869224071502686,20.479189109802245,3.4422439098358155,2.131877088546753,1.143488359451294,0.0874953925609588,6.49200930595398,2.9511045932769777,0.5785980761051178,0.0856481224298477,329.6520599365234,2736.0205078125,1795.3851440429687,77.75199813842774,594.8626708984375,99.05086669921874,2.8413361310958862,58.31782150268555,129.12159271240233,18.7223482131958,1.1018532633781433,909.1047782897948,1471.2300495386123,5330.278245227877,0.7374771401286125,643.1014169692993,222.7564724445343,16.13778454810381,1.9857167027890683
164.82057102574691,50.82801344199015,3.67543204431704,0.6741073824552132,21.87481517791748,8.361623764038086,20.48722095489502,3.5711973667144776,2.16940667629242,1.0610678315162658,0.089317375421524,7.057160091400147,3.043173813819885,0.6308716237545013,0.0910111971199512,325.62010498046874,2601.96484375,1782.2098999023438,78.34177017211914,612.5837707519531,92.36856384277344,2.8857861280441286,67.70395736694336,136.61889038085937,20.773318481445312,1.1737298130989076,910.303588104248,1523.583074092865,5505.706354977563,0.7586814450100064,637.087923336029,222.6725339651108,16.15443917810917,1.9966733191162347
171.285328060358,50.76268222525923,3.736356682626001,0.6552068641803543,20.68063678741455,8.506689739227294,21.88738346099853,3.593742609024048,2.1508368015289308,1.0737748265266418,0.0873111471533775,6.7128379344940186,3.0121266841888428,0.6372461974620819,0.0925511993467807,332.6787048339844,2644.951831054688,1908.8635620117188,78.67957077026367,600.8325012207031,92.43321990966795,2.8366885662078856,70.74358291625977,133.03071136474608,20.92042617797852,1.1655144572257996,943.0678234100342,1519.1623779535294,5406.04591638972,0.7398997001349926,646.6427386283874,221.9864177703857,16.076213981956244,1.9868749134242532
152.4029919064604,54.04323050248858,3.640646591347581,0.5728334223849287,21.50522117614746,7.656044626235962,18.931352615356445,3.711975836753845,2.447122359275818,1.237074041366577,0.0881731636822223,6.4586827754974365,3.0945162534713746,0.5269018828868866,0.0839886352419853,315.6704132080078,2359.556689453125,1623.677294921875,81.93111114501953,683.4162048339844,105.6931869506836,2.8567185401916504,48.73328971862793,137.27076568603516,16.56350498199463,1.0663416981697085,891.0894432067871,1531.8242444992063,5437.34370401483,0.8215903272852302,617.7460227966309,222.0258417844772,16.105829446017744,1.9636195980012416
155.75719383317627,51.84340075385635,3.627030337608448,0.6408328503724647,21.79324378967285,8.157282257080078,19.59554977416992,3.4330197095870973,2.1999767303466795,1.1014877557754517,0.0892349883913993,6.813804817199707,3.1711676597595213,0.5687729060649872,0.0877945020794868,320.5954315185547,2494.20302734375,1710.4258178710938,77.56584014892579,620.8037780761719,94.38543319702148,2.9034480333328245,59.62877311706543,140.50455169677736,18.56341800689697,1.1321041941642762,901.0659214019776,1521.9023451805117,5471.868061592477,0.7574805889278651,627.0191554069519,222.65183880329133,16.177697271853685,1.984660879895091
154.49746371741202,51.91652328685532,3.7077402743105496,0.6440083954904253,22.08968677520752,8.198754501342773,20.098810577392577,3.509902906417847,2.359742021560669,1.1284671425819397,0.0897557370364666,6.919121837615966,3.0811911106109617,0.5944899141788482,0.0915386512875557,322.28614501953126,2520.09736328125,1718.7483154296874,78.18147888183594,665.8441772460938,96.3286880493164,2.896177887916565,62.71513328552246,140.86896667480468,19.44159183502197,1.150283968448639,903.6980987548828,1492.5511636972428,5287.13228360354,0.767964617535472,628.6835292816162,222.59469265937804,16.16295817568898,1.989695515856147
165.9262837862312,49.1393826271832,3.671820807836207,0.6506305476761327,20.24230937957764,8.740299701690674,20.34478359222412,3.4779147148132323,2.094804048538208,1.0327349185943604,0.0887406609952449,6.724448490142822,3.0258474588394164,0.608724045753479,0.0895552203059196,331.21031188964844,2703.686181640625,1775.59580078125,76.72350540161133,587.9221313476562,89.47569732666015,2.866501522064209,54.09104423522949,136.87218627929687,19.925165367126464,1.1456748485565185,904.8741165161132,1489.0129244565965,5438.4916958963495,0.7240655159577727,644.261612033844,222.33412375450132,16.106284175813197,1.988664437830448
147.0951837642555,56.9113775546255,3.731918254158404,0.560032252439305,22.343839263916017,7.646002054214477,19.65232620239258,3.721657514572144,2.58797402381897,1.2905925869941712,0.0898068025708198,7.067243909835815,3.2185208797454834,0.5383076846599579,0.0812668085098266,316.2168914794922,2346.612890625,1662.9052978515624,81.73798065185547,728.8420837402343,111.0218879699707,2.8972113370895385,64.87657165527344,147.78828887939454,16.708025169372558,1.0480113625526428,904.6705959320068,1494.1392198085784,5221.468322124658,0.8144947245717049,616.9718918800354,221.91061415672303,16.150020714849234,1.964467577636242
158.11671913966856,49.40871091570771,3.7270242314215465,0.6556714258991292,20.975311851501463,8.548886966705322,19.895401763916016,3.5715818643569945,2.067418599128723,1.091822123527527,0.0871028691530227,6.781931924819946,3.2130565643310547,0.6265280961990356,0.0866456545889377,325.026513671875,2624.0966552734376,1704.8645263671874,77.91577224731445,583.1453125,92.9975196838379,2.8306690454483032,65.41608276367188,141.67250213623046,20.490985488891603,1.1362892627716064,904.187843322754,1501.3355743169784,5394.49348472571,0.7437711168080569,633.7392677307129,222.52056682109836,16.132439304888248,1.995670022070408
160.07813152455637,51.23514875424462,3.733308546121725,0.5988480884698447,22.02967567443848,8.183239364624024,21.123983573913574,3.5022672414779663,2.3305588722229005,1.0859572529792785,0.0889797292649745,7.269997596740723,3.149966669082642,0.5730359852313995,0.0827889442443847,325.2333221435547,2528.5250244140625,1839.75947265625,78.79804458618165,651.1624572753906,92.7855499267578,2.89005708694458,73.10775909423828,142.20985260009766,18.339098167419436,1.0762143850326538,909.4649150848388,1480.2418026208877,5400.504459023662,0.7356215370818973,633.5626467704773,222.08250112533568,16.16440235003829,1.977033054828644
157.97001484544307,49.95933584049799,3.7291286269262174,0.656018648915483,20.979911041259765,8.614163684844971,20.35230484008789,3.631501913070679,2.2498464822769164,1.0654230833053588,0.0886346511542797,7.31658411026001,3.108996748924256,0.6356098890304566,0.0909419685602188,326.21119079589846,2643.430712890625,1748.103601074219,79.19398498535156,627.0812377929688,90.68104095458985,2.882544445991516,54.92535514831543,142.06436157226562,20.828616905212403,1.1576961994171142,914.7750545501708,1504.2811627864835,5344.862676440878,0.7574585327878595,636.957064819336,222.49952511787416,16.117260390520094,1.996802296116948
191.1188931818404,102.5374323752976,3.763763782880301,0.6056526868933929,23.64485607147217,9.907307815551755,24.12326183319092,4.161052989959717,5.160042762756348,2.678225111961365,0.0870983935892582,7.1037274360656735,2.978295254707336,0.5611185908317566,0.0927342996001243,334.3346923828125,3078.4251953125,2104.364013671875,92.72683334350586,1456.4928466796875,231.94917907714844,2.823321509361267,54.71010627746582,135.8661651611328,18.2182559967041,1.1389626026153563,1017.3430280685424,1644.822184729576,5717.837529928424,1.0958985951263458,628.6923270225525,221.26656062603,16.026929017156363,1.971054523810744
154.5274020479279,47.50823253248272,3.627268803651373,0.5927503170565955,19.49838008880615,7.785379076004029,19.10175952911377,3.513790416717529,2.1124756813049315,1.0230687022209168,0.0894481569528579,7.062933015823364,3.2444960832595826,0.572131484746933,0.0857630789279937,317.47889099121096,2395.375048828125,1616.58095703125,77.68573303222657,587.86494140625,86.94683837890625,2.9109576463699343,63.52951545715332,143.58448944091796,18.36610698699951,1.0786395788192749,909.8860725402832,1469.5713160037994,5225.798369755596,0.7253940679132939,619.6148897171021,223.22599868774412,16.252941139042377,1.9923490166664124
153.92679423191075,54.33905692938724,3.832117036266641,0.6482222082708858,20.81363716125488,7.819709444046021,19.556622886657717,3.5613903284072874,2.4023268699645994,1.2129189252853394,0.0869188867509365,7.1474169254302975,3.358162784576416,0.5849417567253112,0.0897501520812511,316.69956970214844,2411.351245117188,1663.8254638671874,79.98121871948243,677.6384338378906,105.40213317871094,2.834261512756348,64.91362075805664,152.04557189941406,19.15247287750244,1.1487455368041992,911.8477046966552,1541.9907151937484,5437.723071511183,0.8069540672004223,617.7082106590271,222.38591582775115,16.163822780549527,1.983466064557433
168.4057760747666,65.26807834795827,3.563852838635171,0.555445895228695,21.88780193328857,8.226961612701416,20.791367721557616,3.682897329330444,2.476737833023072,1.2349297881126404,0.0888379052281379,6.622697639465332,3.0224024772644045,0.5136839091777802,0.0821766808629036,326.73765258789064,2545.5822998046874,1798.2026977539062,83.26215438842773,697.5726318359375,106.72777557373048,2.872730088233948,53.18353042602539,134.29949493408202,16.01451940536499,1.0494049549102784,942.6204330444336,1533.0171214342115,5467.393166813666,0.765747893229127,630.8713707923889,221.3227672100067,16.03401774317026,1.9453136090189216
157.92394746674762,54.01383328543962,3.6683886894813895,0.5892147847777437,22.2158166885376,8.153598022460937,20.595782661437987,3.547805094718933,2.3834769487380982,1.138935589790344,0.0865982837975025,6.559018993377686,3.0547049045562744,0.5623300731182098,0.0866533100605011,323.34381103515625,2533.9917724609377,1774.1261352539063,79.2451904296875,671.4573303222656,98.06468811035155,2.821183514595032,56.382538604736325,132.48624572753906,17.894047737121582,1.0839564681053162,920.1363098144532,1514.8256902456285,5423.206899053371,0.754277584515512,630.9811653137207,222.11052896976472,16.0890709400177,1.9718083016574384
175.25088489342596,90.40516211742798,3.621768199866188,0.5758931703879512,22.24072494506836,8.882383728027344,22.25963878631592,4.013282394409179,3.8252649307250977,1.900697660446167,0.0881662636995315,6.923444175720215,3.0206350803375246,0.5680355608463288,0.0813492067158222,333.062109375,2732.9798095703127,1949.9390991210937,91.03144607543943,1077.0796142578124,164.8215774536133,2.855905628204346,61.71875648498535,134.95577850341795,17.952576637268066,1.0517205953598023,983.1752632141112,1578.0878656387329,5638.046779986983,0.7506974950432778,634.7872326850891,219.966672706604,15.863743876665833,1.9410033226013184
161.25345372775337,49.56732638138037,3.819266258166999,0.6422192075032399,19.495055961608887,8.053522872924805,20.76915054321289,3.51708505153656,2.169226551055908,1.0861560583114624,0.0889127433300018,7.209448528289795,3.2116220235824584,0.571404230594635,0.0923493079841137,323.33501892089845,2476.9051513671875,1784.5310180664062,77.61893615722656,610.351220703125,92.44422149658205,2.8934281349182127,71.59909057617188,147.3199905395508,18.69937400817871,1.15210622549057,910.8249042510986,1517.3950668096545,5491.119894679915,0.7411519112065434,630.3344470977784,222.49342679977417,16.20024445056915,1.981701759621501
156.67368054585387,51.87426013274599,3.6218191129975823,0.6216000312037295,20.882549285888672,8.522185039520263,19.73896484375,3.5937452793121336,2.1892515897750853,1.1019978880882264,0.0875154115259647,6.488296127319336,2.926655673980713,0.5698816359043122,0.0875095814466476,324.6139068603516,2618.410205078125,1687.8006225585937,78.57073593139648,616.1890808105469,95.71399765014648,2.8457323551177978,55.15271148681641,126.86013946533204,18.52047233581543,1.112567377090454,925.6866416931152,1538.6779191493988,5492.439848868084,0.7628284130245447,631.1737191200257,221.93657426834108,16.098530979454516,1.973017988353968
158.10447801742484,52.69234649666705,3.746767712021824,0.6656686088835386,21.03982620239258,8.123337554931641,20.11308822631836,3.595942759513855,2.319725179672241,1.1009901881217956,0.0887091279029846,7.196507835388184,3.1029194831848144,0.6128058314323426,0.0868094660341739,322.5595245361328,2503.4947021484377,1726.1279663085938,80.04286422729493,645.9686218261719,94.7137062072754,2.8812596797943115,56.75942535400391,142.45275421142577,20.12122287750244,1.1504992961883544,914.248515701294,1538.154564499855,5471.313171165809,0.7709579555317759,628.9111895561218,222.2044960975647,16.11736131310463,1.9871749062091115
158.27208857374498,52.68293437951216,3.705845578458593,0.5986874304824255,22.164559173583985,7.946660280227661,20.156304931640623,3.668838167190552,2.238444709777832,1.1741270422935486,0.0884703889489173,6.731520938873291,3.052726626396179,0.5748407661914825,0.0808689817786216,320.7716430664062,2444.916943359375,1757.0906494140625,80.74961013793946,625.0012329101562,100.2900779724121,2.8708553075790406,64.69189376831055,136.43721923828124,18.258009910583496,1.068094253540039,892.5662216186523,1528.423680305481,5422.834656065423,0.8289338674396276,628.2710019111634,222.28633580207824,16.122249675542115,1.9773854807019235
148.25598591808665,55.43112182905079,3.6494482382972366,0.6615480899894578,22.23034629821777,8.103526210784912,19.73773365020752,3.569266629219056,2.4831776857376098,1.2061339497566224,0.0888452261686325,6.623347282409668,3.125748109817505,0.5888969361782074,0.0949033789336681,316.120263671875,2482.4865234375,1675.3299682617187,79.98443298339843,700.6731628417969,104.39782409667968,2.8763612270355225,54.80515060424805,139.53837890625,19.378060722351076,1.1820754885673523,901.8201683044432,1504.3668512582778,5290.812523718225,0.8073173020035028,618.5450232505798,222.66149499416352,16.160317531973124,1.9909769982099528
162.53881288997073,48.858453225954506,3.5679441556924987,0.6510032840886538,20.711542320251464,8.270357036590577,21.50862865447998,3.573329448699951,2.116292881965637,1.0345877289772034,0.0889781698584556,6.830413722991944,2.931000638008117,0.5967145204544068,0.087067162245512,327.88433837890625,2532.844189453125,1870.9083129882813,77.99766998291015,594.2709716796875,89.67734603881836,2.883245253562927,61.65957870483398,127.6940773010254,19.530083656311035,1.1360690116882324,914.3062217712402,1526.4980385780334,5500.76877496196,0.774605861492455,637.5686676025391,222.12323763370517,16.1111109405756,1.9822556667029856
146.80807851548744,51.800854271213936,3.8112673447854832,0.6325163991919908,21.593475341796875,7.881018495559692,19.079081344604493,3.5594220876693727,2.330694818496704,1.1798357486724853,0.0877891458570957,7.492556238174439,3.227060008049011,0.6111654937267303,0.0894786246120929,316.9477600097656,2409.4318359375,1610.44404296875,78.15906372070313,657.6928161621094,100.41137771606444,2.860432529449463,58.99587669372559,147.94440307617188,19.839939689636232,1.134381091594696,886.524772644043,1475.9920245409012,5257.928428743408,0.7445839282125235,623.4608432769776,224.52966713905332,16.29185685813427,2.0143450051546097
183.3000573707519,92.09090999987092,3.514445846761146,0.6033323719131204,23.928621292114254,9.091242694854737,20.855008697509767,4.086145973205566,3.220016288757324,1.7100377798080444,0.0886395826935768,6.350856971740723,3.0637243747711183,0.555157482624054,0.0859771147370338,337.6419372558594,2820.65166015625,1806.2070556640624,91.2191375732422,903.0548950195312,147.42471618652343,2.8814186811447144,65.7064338684082,131.17806091308594,18.0040340423584,1.085456645488739,956.4970882415772,1562.9324860334395,5570.121787482686,0.8050362417474389,635.9088535308838,219.7533102273941,15.840829321742058,1.9376247651875016
152.7963111505698,49.9867422992229,3.6868756472651056,0.633803723660128,21.513213920593262,8.424041557312012,20.41606197357178,3.4652710437774656,2.1576629161834715,1.1286224961280822,0.0880506016314029,6.822844648361206,2.9326569080352782,0.5625899255275726,0.0888998597860336,317.3265777587891,2604.35302734375,1720.6707153320312,76.98937606811523,608.2827453613281,95.83876266479491,2.852481174468994,54.50003166198731,130.6364273071289,18.30119285583496,1.136415922641754,879.670841217041,1478.8474496126175,5295.427474529017,0.7388069551438093,621.9692026138306,224.1611598968506,16.278232095390557,1.999474872648716
160.5375727611572,50.803202461422735,3.6626724043470857,0.6263311734238073,23.57378597259521,8.085488319396973,19.99622325897217,3.546600461006165,2.1889748334884644,1.129980444908142,0.0889703802764415,6.704036569595337,3.071275997161865,0.5701758682727813,0.0884644955396652,322.42689819335936,2516.4008056640623,1736.182177734375,78.38840942382812,616.9077026367188,96.4114028930664,2.889156365394592,69.86125946044922,135.45482482910157,18.545792388916016,1.1174663186073304,897.6330215454102,1540.798546552658,5569.51900410275,0.7888493368402123,630.03194065094,222.4234239578247,16.167606813460587,1.9799266654998064
159.4022985432297,50.34950353360809,3.640113526259347,0.5671884592885703,21.54803600311279,8.672422695159913,19.427042770385743,3.472525715827942,2.241815948486328,1.0863401651382447,0.0869011610746383,6.242114448547364,2.957904052734375,0.5155421555042267,0.0806412644684314,325.4143005371094,2661.2261962890625,1689.399365234375,77.84385986328125,629.6616577148437,92.27296600341796,2.8145950078964237,62.08796272277832,127.49318618774414,16.260483169555663,1.0494773030281066,913.8902030944824,1464.809669113159,5287.584851232217,0.7237946910783648,630.739387512207,221.72204637527463,16.072565263509752,1.9588671423494817
160.41565701953806,50.4166888008288,3.525069578363809,0.6705502945153399,20.04928703308105,8.485369205474854,20.26273593902588,3.41827278137207,2.2123825550079346,1.0779949188232425,0.0885280579328537,6.304550218582153,3.0260706901550294,0.6239983201026916,0.090457734465599,325.67682189941405,2613.913671875,1732.0046508789062,77.22951202392578,622.1171325683594,92.7967514038086,2.8835161447525026,54.253895950317386,128.70150451660157,20.522177696228027,1.1694418668746949,916.6373371124268,1471.6481973171235,5250.659717737464,0.7174263667315245,633.7686060905456,222.60081391334532,16.141137525439262,1.9973288971930745
215.2965992007892,101.5260904502089,3.717942109048295,0.6265642400061324,23.05142822265625,10.135563564300536,23.214673805236817,4.037014627456665,4.283613014221191,2.195254278182984,0.0878131613135337,7.065855550765991,3.1772768259048463,0.5923141658306121,0.083942025899887,345.4367950439453,3150.07451171875,2035.7796997070316,91.85674133300782,1212.8721313476562,189.6782073974609,2.8600523710250854,72.25632553100586,141.06798095703124,19.292323303222656,1.111319887638092,1018.7577144622804,1567.7807875752449,5589.034058627393,1.1608468669233845,642.1247594833374,220.4004192352295,15.964618449658156,1.961070204898715
152.6042786019294,52.376475345410746,3.704497899650869,0.681570200319959,21.32088565826416,8.190735721588135,19.351877975463868,3.552726483345032,2.250183081626892,1.1283828020095823,0.088188998401165,7.069707775115967,3.1176581144332887,0.6285445213317871,0.091145621240139,319.0169219970703,2533.4764892578123,1640.2962280273437,78.7672966003418,634.1011657714844,96.43546600341796,2.8606449842453,57.72386131286621,140.103759765625,20.714179039001465,1.1908364653587342,900.88503074646,1490.4113239526748,5274.314144330658,0.7422510912641883,626.2848356246948,223.5301671028137,16.218327414244413,2.010018229484558
180.5194322517069,80.26981977646946,3.606210140712392,0.6366368989914918,21.50299453735352,8.998480796813965,20.836792182922363,4.061610269546509,2.5869940280914308,1.2909488797187805,0.0870488703250885,6.716428995132446,2.8693998575210573,0.5833488643169403,0.0922560326755046,335.7200042724609,2760.270751953125,1826.363745117188,89.15785217285156,721.7572204589844,112.54508514404296,2.802583909034729,56.10775909423828,128.01223526000976,19.135154151916502,1.1489251494407653,919.0001865386964,1559.5462833166123,5609.880472916182,0.7801850689575076,641.6158908843994,220.57550308704376,15.880182921886444,1.955393372103572
169.49301224585506,46.605386359559176,3.578207827383585,0.6185247208534406,18.81411247253418,8.482759475708008,21.61830654144287,3.4329816579818724,1.9798588514328004,0.980160140991211,0.0879299879074096,6.539251470565796,2.802338981628418,0.6074285089969635,0.0875051200389862,333.49391479492186,2619.911206054688,1883.407556152344,76.1520278930664,551.3365966796875,84.92627029418945,2.838437485694885,47.780708694458006,120.9960479736328,19.6847204208374,1.1039758443832397,920.727899169922,1465.9118836402893,5286.434306500899,0.7175117327831686,646.68825340271,222.15438907146452,16.082688871771097,1.9854833148419857
157.53281299486042,50.71428976494444,3.6828203142978735,0.5483357304765036,20.108795166015625,8.238736248016357,20.58387870788574,3.670104837417602,2.2990036010742188,1.0839016437530518,0.0870175406336784,6.826852083206177,2.955984878540039,0.5512919008731842,0.0777703307569026,324.0265747070313,2556.63115234375,1733.9962036132813,79.42134170532226,647.7447937011718,92.9723289489746,2.8142524480819704,56.56416053771973,130.4791687011719,16.8795804977417,1.0267057418823242,907.9791641235352,1505.223223900795,5347.339928624779,0.7547374194487929,629.5145581245422,221.7103324651718,16.061744086444378,1.9618170380592344
163.9663872320918,51.69972213286701,3.641382444695864,0.5931758630509648,19.941098785400392,8.418699550628663,21.287656211853022,3.4669917106628416,2.292085647583008,1.1085286140441897,0.0876323364675045,6.415757894515991,2.889090251922608,0.5370724022388458,0.0863421104848384,329.60186767578125,2590.069775390625,1859.7341064453128,77.35944290161133,646.2454467773438,96.18504638671877,2.8394593000411987,50.677253341674806,127.18777236938476,17.1849796295166,1.0868921756744383,937.639803314209,1480.2458671569825,5252.594477913529,0.7166696790605783,638.6333954811096,221.75948684215547,16.068870958685874,1.96197848841548
169.8631920729087,48.35658176932948,3.6542605621954873,0.5678923483413769,20.151769638061523,8.987916278839112,21.9017614364624,3.376634430885315,2.1696880578994757,1.0326157689094544,0.0866852901875972,6.320434617996216,2.887101721763611,0.5552926063537598,0.0788390435278415,336.51710815429686,2792.4402099609374,1893.402258300781,76.42047958374023,606.2406311035156,88.53609161376953,2.824947452545166,67.30140914916993,123.26691360473632,17.300049209594725,1.0396103143692017,934.1327209472656,1490.7792221546174,5344.591746830568,0.7246760357171297,649.936261177063,221.4608823299408,16.032141426205634,1.9586714617908
159.9573186893198,53.05575252027848,3.6694988284443526,0.5809733319765996,21.41680355072021,8.381825637817382,19.563096046447757,3.4771000146865845,2.3779722452163696,1.123740589618683,0.0873360075056552,6.531007719039917,3.089980959892273,0.535551643371582,0.0827154569327831,323.1504425048828,2592.562841796875,1703.2898681640625,78.9216697692871,665.7470581054688,97.11112747192382,2.836138129234314,63.31641654968261,134.71878662109376,16.933157920837402,1.0684054970741272,928.5101570129394,1537.0417290449143,5424.588651757408,0.7678197205066681,628.6261837959289,221.7269451856613,16.092253994196653,1.9600377053022384
150.23341837197512,54.73887623863484,3.6908036506447615,0.6707380382083897,20.819178771972656,8.06839599609375,18.427692222595216,3.655282688140869,2.3532480001449585,1.2234283566474915,0.08986122533679,6.833841323852539,3.340340781211853,0.6147899746894836,0.089745607972145,316.2696594238281,2468.6818359375,1565.8255004882812,80.22159576416016,664.5883544921875,103.93311309814452,2.901438355445862,68.38150482177734,150.39846496582032,20.224619674682614,1.167076861858368,911.4226184844972,1537.5637649297714,5417.138847262273,0.8195489065721631,618.5781834602356,222.55618226528168,16.217179054021834,1.99399776160717
208.9252459542884,97.236575253728,3.6537943761295537,0.6489494554255202,21.91827507019043,10.72860860824585,27.690270042419435,4.131560468673706,4.912180948257446,2.395482587814331,0.0883005127310752,6.497893953323365,2.916188931465149,0.5909472823143005,0.0933483883738517,346.4840393066406,3343.227587890625,2413.5722900390624,92.38392562866213,1377.3191040039062,203.6438354492188,2.8507332801818848,48.52735214233398,128.5047576904297,19.438850021362303,1.17902569770813,1045.850499534607,1611.947441649437,5640.088992636045,1.1260444829706102,643.9607906341553,220.40288410186767,15.920812237262728,1.966281878948212
152.19406704308494,55.17123050437685,3.704318425852717,0.6322840432095631,23.341635131835936,7.693211650848388,18.947152137756348,3.6954731941223145,2.394596076011658,1.1782822608947754,0.0896885216236114,7.125166273117065,3.1108344554901124,0.5698975086212158,0.0844227954745292,315.7454437255859,2360.6473388671875,1648.654211425781,81.26115493774414,675.5751708984375,101.8216323852539,2.8984769344329835,58.47877464294434,142.88527221679686,18.537379646301268,1.1066846966743469,895.6543315887451,1551.3571545839309,5540.749696104042,0.8132491407915949,617.991634273529,222.1875209569931,16.146357855945826,1.978738496825099
156.87153921224382,52.73742162564268,3.5293346037370386,0.5733459553486909,20.50776252746582,8.61078577041626,19.13129768371582,3.4804563522338867,2.2163569927215576,1.088814926147461,0.0894527971744537,6.459854221343994,3.008816051483154,0.5661909282207489,0.0792458832263946,323.57024536132815,2647.178564453125,1633.195654296875,78.04144821166992,625.8619201660156,92.79873580932616,2.904453659057617,60.03009605407715,129.412548828125,17.657611274719237,1.0456198453903198,923.0170719146728,1512.141908121109,5349.585631531942,0.7421245221048594,629.4748899459839,222.08783974647525,16.13320108577609,1.9706045739352704
172.1981412652538,91.0565555418294,3.859062602919357,0.5947123474269119,21.07496471405029,8.885198783874511,21.214634704589844,4.02726457118988,3.838958740234375,2.095495891571045,0.0869058705866336,7.087626886367798,3.20724732875824,0.5726038336753845,0.0802985459566116,331.5085784912109,2760.32919921875,1803.1666625976563,90.91504211425782,1084.1552856445312,182.8573348999024,2.8327624559402467,71.6089859008789,147.83730773925782,18.26992416381836,1.0609097599983217,989.4882400512696,1584.629241800308,5582.190368841262,0.7351519085466862,628.18352394104,220.3893251657486,15.925634898245336,1.9473099552094937
205.5824442268808,93.88273930953056,3.585958847365555,0.5679425794391022,21.36634311676025,10.175894165039065,24.32668800354004,4.114293909072876,4.260838603973388,2.0913182973861693,0.0868455663323402,6.353661966323853,2.902050948143005,0.5409751892089844,0.0822178222239017,348.4086090087891,3166.7476318359377,2075.640771484375,91.39463500976562,1203.4301879882812,180.57979736328124,2.810106945037842,50.80781364440918,123.10731430053713,17.082011222839355,1.0629566073417664,1005.3125701904296,1577.1082547545434,5544.405729023414,0.9943092768080533,647.4700246810913,219.95663208961489,15.829707685112954,1.9360988698899744
162.89918096710826,48.73376435880245,3.660569908803268,0.682152988155974,21.21622142791748,8.434728717803955,21.400857543945317,3.4394339084625245,2.1654438734054566,1.028434944152832,0.088160690665245,6.627363443374634,3.1050352811813355,0.6291992843151093,0.0888129070401191,328.63555603027345,2607.244970703125,1848.0420043945312,76.1993522644043,607.5207824707031,89.15468902587891,2.85376455783844,55.00528106689453,138.04049835205078,20.73675804138184,1.1730573892593383,919.5966274261476,1469.5045799016953,5342.380660269642,0.7307530647143722,640.0797092437745,222.65461411476136,16.132189441472292,1.9988781921565533
156.20367691823776,50.87566597153882,3.642019903933419,0.6395016288761098,21.061393356323244,8.246853351593018,19.047596168518066,3.5598913431167603,2.250022125244141,1.0573702573776245,0.0874246202409267,6.539413785934448,2.9298444986343384,0.6239750266075135,0.0887555785477161,320.36427612304686,2536.8984619140624,1644.1614135742188,78.2748291015625,632.8203308105469,91.3899642944336,2.84889395236969,54.21148490905762,127.36376037597655,20.332944488525392,1.1324039936065673,897.4079559326171,1517.2765389680862,5432.714188804477,0.7735849866643548,626.8856516838074,222.70994460582733,16.15427869260311,1.997869720309973
158.37546313160274,50.56313001122417,3.800704586331767,0.5647048153267633,21.80122108459473,8.425620651245117,20.171217727661134,3.578524136543274,2.13599181175232,1.0816203951835632,0.0879517801105976,7.273289728164673,3.1857656478881835,0.5585967838764191,0.0804195426404476,324.84215393066404,2595.763037109375,1750.455224609375,79.49259490966797,597.31806640625,92.5784034729004,2.8460047245025635,70.15051193237305,145.474267578125,17.540867042541503,1.04604834318161,901.4936946868896,1489.159994506836,5361.867712403788,0.7517474079504609,632.342282485962,221.86381525993343,16.127647164463998,1.968687105178833
155.00202773015334,53.289188729005126,3.740828521919343,0.6460499625899047,21.120493125915527,8.064226436614991,20.694877433776856,3.649675464630127,2.3125783443450927,1.1697590827941895,0.0899741150438785,6.926310968399048,3.1777595043182374,0.5820470750331879,0.0895472355186939,322.6723297119141,2472.4040283203126,1769.5351196289062,79.55257415771484,652.9393981933594,101.40142593383788,2.899696469306946,66.41987533569336,145.95688018798828,19.0414176940918,1.1440165758132934,921.1151550292968,1493.4302000045775,5296.190384296654,0.7590668702498078,629.0066445350647,222.27042996883392,16.16077302992344,1.983584711700678
164.23161977357668,51.23656149575436,3.587177221911497,0.6377319087015053,20.211743545532222,8.9303448677063,20.11049327850342,3.5502949237823485,2.165850782394409,1.15571585893631,0.0881385318934917,6.529483366012573,2.826158285140991,0.5776435434818268,0.0917621307075023,329.37750244140625,2734.081689453125,1752.7081420898437,78.39998168945313,608.5885986328125,100.09626235961916,2.8523272037506104,48.87630271911621,123.49936370849608,18.887427520751952,1.1459977865219115,929.6681049346925,1478.584952712059,5276.374067133851,0.7273141160607338,639.727761554718,221.9249311208725,16.073808489739896,1.9776920307427648
150.72596708956334,56.2333868665628,3.7000374384272616,0.5960931659895436,22.21887855529785,7.608267259597778,19.800406646728515,3.628068947792053,2.3883182287216185,1.1846889019012452,0.0888929843902587,6.969873285293579,3.254956007003784,0.5384617209434509,0.0873432755470275,315.5506286621094,2364.0099609375,1681.1787475585938,80.78673477172852,672.73544921875,100.9797248840332,2.886536335945129,60.36961555480957,146.93482360839843,17.234149932861328,1.0919301986694336,908.6567817687989,1523.8504989147186,5361.33388477047,0.8102730311453342,617.8501818656921,222.2219215869904,16.153116923570632,1.9705246843397617
179.9294688111644,94.38256567651187,3.6560241207014768,0.6394383816443792,23.045352935791016,8.995448207855224,22.51430549621582,3.997343873977661,4.506402158737183,2.1298172950744627,0.0864678546786308,6.5910491943359375,2.988102078437805,0.6220997333526611,0.0895575456321239,331.6688537597656,2789.481982421875,1953.567846679688,90.65373611450195,1268.9879638671875,182.2442321777344,2.820288634300232,57.28305511474609,129.09393463134765,20.344887351989748,1.1408419132232666,1005.508395767212,1581.0711172699928,5538.2124458899725,0.873222866631113,638.7851446151733,221.140816283226,15.925439227372408,1.9725854426622391
160.0676146975362,52.28577750148643,3.656878679202987,0.596020505819672,22.88287925720215,8.666265392303467,19.32337474822998,3.636696934700012,2.2961810350418093,1.1686967372894288,0.0896309413015842,6.676763391494751,3.221846652030945,0.5832022249698638,0.080350374430418,324.70008850097656,2694.377612304688,1669.273034667969,80.33177261352539,645.648779296875,99.58075408935548,2.895303821563721,55.555763244628906,145.8504638671875,18.474957084655763,1.0652121424674987,917.8153327941894,1505.318431043625,5324.834115422377,0.7918944953009486,634.9120487213135,222.16961059570312,16.10266418084502,1.9773597933351996
154.93491033785685,53.77488885267376,3.652334165811999,0.6752577131959014,23.55500202178955,7.904073667526245,19.11676979064941,3.647310662269592,2.352268481254577,1.1941723585128785,0.0892909817397594,6.871900510787964,3.069236350059509,0.5874060392379761,0.0886895097792148,317.8035369873047,2428.1962890625,1664.1747436523438,80.13887481689453,662.6009643554687,102.30789947509766,2.900584506988525,50.76370086669922,138.45635070800782,19.347674751281737,1.167069923877716,891.4426174163818,1518.92653093338,5350.044697639207,0.8179820360615849,622.3948229789734,222.5093894720077,16.16147538200021,1.9893251087516544
171.40751851135718,50.48287781249601,3.772701309102058,0.5869608989558515,20.1596471786499,8.574071788787842,21.474098014831544,3.568106532096863,2.200591468811035,1.0781395316123965,0.0888103067874908,7.073605966567993,3.185149049758911,0.5474558711051941,0.0823762558400631,331.6070587158203,2642.4703125,1884.2231567382807,79.32494659423828,613.0232849121094,93.1306526184082,2.891493535041809,74.661572265625,143.8607925415039,17.39181137084961,1.0687326192855835,931.1419124603271,1535.163153386116,5511.461812750064,0.7983565784990787,642.7447776794434,221.3221535921097,16.108025542646647,1.956343726813793
151.64370623699216,51.05902259048962,3.670939717912916,0.5940710902997012,20.18077697753906,8.010890197753906,19.355619430541992,3.612154817581177,2.309063577651977,1.155414593219757,0.0887978509068489,6.964942598342896,3.091143870353698,0.5355706751346588,0.0806170232594013,316.8656768798828,2468.6404296875,1635.5833740234375,79.52676696777344,646.0023559570312,100.16051559448242,2.881146955490112,52.48721466064453,139.20940093994142,17.180606651306153,1.0566540718078614,894.341983795166,1488.962579870224,5268.494415597432,0.7595147660002113,619.2614995956421,222.87167813777924,16.200132315605877,1.9790396347641943
159.6176653128132,52.97030615653311,3.720865849066536,0.6122843438342442,19.12934436798096,8.320839214324952,19.53155460357666,3.509130311012268,2.271099281311036,1.1913155555725097,0.0872437968850135,6.993424701690674,2.9603127956390383,0.5443890511989593,0.0847274221479892,322.28830871582034,2544.7102294921874,1690.4059692382812,79.00106506347656,638.5145324707031,100.91002349853515,2.842686724662781,67.42362442016602,130.6530319213867,17.5668737411499,1.092611002922058,920.0646923065184,1510.1529705762864,5342.401573968213,0.7541534015908837,627.5211427688598,222.07695660591125,16.108327969908714,1.9695624724030492
156.80483085172528,53.72563310828491,3.5904566546709704,0.6237249800575114,21.761831092834477,8.011457443237305,20.84497985839844,3.6895087242126463,2.385562562942505,1.2004215598106385,0.0877046339213848,6.738871049880982,2.837331175804138,0.5612254500389099,0.0850611761212349,322.9338714599609,2492.5179931640623,1770.5585815429688,81.21727752685547,666.5397888183594,104.0395164489746,2.851152229309082,54.34978828430176,122.70005340576172,18.234198570251465,1.1003517031669616,917.0176773071288,1527.867705488205,5378.298397628404,0.7882364876568317,629.2181209564209,221.7323369503021,16.071054157614707,1.9696490332484244
157.9776220857886,51.92331685575637,3.712433836882565,0.6800484523866771,23.366024017333984,8.338032627105713,19.97334442138672,3.482280826568604,2.204028582572937,1.0700714588165283,0.088580621778965,7.031833028793335,3.246294069290161,0.6250933051109314,0.0902198918163776,322.89854736328124,2592.1553955078125,1726.1969970703126,78.55146484375,616.9634826660156,91.43609771728516,2.8597248792648315,55.72412757873535,147.59503936767578,20.60262069702149,1.17933247089386,906.0486240386964,1518.842331361771,5465.393146855431,0.7622570540755987,633.4716808319092,222.8542481660843,16.14457776173949,1.9998470958322287
162.67916424927824,49.12035843698186,3.7547920198235714,0.6646692322364174,18.8675256729126,8.134143447875976,21.168955993652343,3.5111300468444826,2.100070834159851,1.0908010482788086,0.0899355351924896,7.529528665542602,3.1878976106643675,0.6232618749141693,0.0919071160256862,325.5442687988281,2530.3648681640625,1802.0242797851563,77.23399276733399,586.6760925292969,93.74525146484376,2.90049262046814,76.48901824951172,146.03760986328126,20.48288288116455,1.171431040763855,927.8033897399904,1467.868487119675,5286.07422417039,0.7161543374881149,634.0828217506408,222.5464305639267,16.220712406188248,1.997128275036812
166.2315741429622,51.34002269664561,3.789260754764928,0.5681015207668907,19.83390235900879,8.396301460266113,20.705117225646973,3.476702713966369,2.351250743865967,1.1059162378311158,0.0867950193583965,6.7016747951507565,3.1605027437210085,0.5450732231140136,0.0827770099043846,326.9792541503906,2605.560205078125,1798.3682983398437,78.11097717285156,661.7546142578125,95.88165588378908,2.8201722860336305,49.67986488342285,144.05103759765626,17.072400283813476,1.0593435406684877,949.8905292510988,1504.3414852380752,5332.22007822725,0.7353395281359554,633.8893321037292,221.8268408060074,16.06479807123542,1.960398819297552
160.1048928687138,53.43734700237419,3.528282172126569,0.6086910689470528,20.53723201751709,8.302690696716308,20.750650024414064,3.525082898139954,2.4376672983169554,1.178070342540741,0.088716784119606,6.450577640533448,3.0825449228286743,0.5447889566421509,0.0879868611693382,325.8487518310547,2571.275732421875,1766.2884765625,79.16276092529297,687.799462890625,100.05209426879884,2.8740031003952025,47.52045555114746,131.01036529541017,17.634808349609376,1.1027450799942016,915.7051048278807,1534.300232720375,5455.402955689002,0.7643229683861137,632.289300251007,221.8126282453537,16.085480988770723,1.9642290867865089
158.54786053371134,51.90342667581408,3.685659296309132,0.5622091023887379,20.76147403717041,8.301559925079346,19.39145812988281,3.6392813444137575,2.2929735660552977,1.0941978573799134,0.0894388541579246,6.752202701568604,3.133536505699157,0.5178732573986053,0.0857428930699825,322.72423095703124,2560.524365234375,1654.310107421875,80.20296020507813,644.5650512695313,93.45686950683594,2.895400714874268,60.35872840881348,142.0978790283203,16.24549980163574,1.0664428114891051,915.2894760131836,1541.8515272378922,5466.095939581003,0.8072074646130204,625.9837195396424,221.4007788658142,16.088815446943045,1.9518777281045916
155.76497119536072,55.53976057283708,3.777722725078775,0.5634228778360921,22.435060691833492,7.835781908035278,18.987838554382325,3.680431413650513,2.4074926137924195,1.1883933305740355,0.0874320566654205,7.0917445659637455,3.1496484994888307,0.5447025895118713,0.0826406009495258,316.396142578125,2422.256787109375,1636.2630615234375,81.70470657348633,676.4237365722656,103.07967147827148,2.8404871463775634,63.55507583618164,142.45193634033205,16.982064628601073,1.0555758357048035,906.345040512085,1543.9833012104034,5407.643511062255,0.8329367158934474,616.723228931427,221.73202822208404,16.10674832686782,1.962599190324545
157.85161505603537,51.987910399471545,3.7674406057497207,0.5847690990181377,20.877494049072265,8.569360065460206,19.192428588867188,3.568156099319458,2.3286497592926025,1.0867180585861207,0.0879905648529529,7.386898708343506,3.346245813369751,0.5311305820941925,0.0815312579274177,323.7058624267578,2647.7779052734377,1641.79912109375,79.22093963623047,650.9340515136719,93.16156539916992,2.859421443939209,58.31169548034668,153.31476287841798,16.865500068664552,1.0622671008110047,910.3660655975342,1475.802009820938,5236.968083936255,0.7353987561538815,628.6024252891541,221.77047128677367,16.098539102822542,1.9635968446731569
155.26843107563764,53.50194734162069,3.6704925916416182,0.586589279523173,22.92134532928467,7.856475639343261,19.29467849731445,3.607576107978821,2.383955407142639,1.1645910501480103,0.0891435638070106,7.239912796020508,3.307390642166138,0.5334572553634643,0.0833007119596004,318.0256805419922,2415.9254150390625,1683.5256958007812,80.93336181640625,664.4179870605469,99.2380760192871,2.89232120513916,59.40889778137207,149.10769500732422,16.90415515899658,1.0720911741256711,898.0279438018799,1529.531894350052,5463.241174629703,0.7943999543786049,621.9228899955749,222.08841435909272,16.131506174057723,1.9666276417672637
152.3602693389461,51.0806192633615,3.547360987387833,0.6416045066226616,19.66091976165772,7.759626388549805,19.55183982849121,3.665249037742615,2.2722160816192627,1.070906436443329,0.0889378488063812,6.733013486862182,3.121757531166077,0.5875825405120849,0.0846475653350353,316.75718688964844,2385.9962646484373,1650.3186157226562,79.62045440673828,637.0498413085937,92.14301223754885,2.8847270965576173,51.066358184814455,135.8159378051758,19.12074222564697,1.1191979885101315,890.295280456543,1493.0812242507934,5261.711138303299,0.7571996914222836,620.6738833427429,223.3314332962036,16.218691942095756,1.997311716899276
154.94842429467388,53.815161543148136,3.7616094962864737,0.6568834652240639,22.86080837249756,7.978647232055664,19.68125762939453,3.687935900688172,2.467789340019226,1.2093249678611755,0.0883444830775261,7.254289150238037,3.1028340339660643,0.5975497245788575,0.0886990495026111,319.37876281738284,2481.044995117188,1680.8711669921877,80.95304565429687,686.6177001953125,104.46842422485352,2.8558151721954346,66.48897323608398,141.16082916259765,19.587707138061525,1.1489498734474182,894.878804397583,1517.980376124382,5364.198062270554,0.7945419471710921,625.5889221191406,222.35300662517548,16.144592291116716,1.98843943849206
159.45276708441378,50.39318933565437,3.8797079930338896,0.6427545475575812,19.99620132446289,8.357770538330078,19.7790771484375,3.54345064163208,2.198773717880249,1.0616783618927002,0.0870242953300476,7.519267988204956,3.188022780418396,0.608767032623291,0.0911744982004165,322.99969482421875,2568.590307617188,1705.5053833007812,78.9520050048828,612.4326171875,91.62051849365234,2.8357454538345337,71.73567352294921,145.77615966796876,19.891351318359376,1.1459378361701966,904.3391555786131,1518.761561846733,5398.187683151756,0.7542081221938133,631.6588583946228,222.5837008714676,16.16430454403162,1.9917298540472983
157.02382740931645,50.38074097755934,3.749626017957076,0.6413961689419011,21.45970630645752,8.323108863830566,20.31865921020508,3.544209384918213,2.189229655265808,1.0601178646087646,0.0890614934265613,7.197291564941406,3.3069271564483644,0.5965079963207245,0.0870736494660377,324.37156982421874,2566.68583984375,1730.097216796875,78.64910125732422,614.2793090820312,91.88800277709962,2.896620559692382,68.7977081298828,149.9224624633789,19.45979423522949,1.1263303399085998,898.3102935791015,1516.1584025859834,5394.1636605894655,0.769538171030581,632.186122226715,222.30523006916047,16.17291508242488,1.9861208744347096
159.7005786902002,48.57579865197359,3.649123327586358,0.5901271559391603,21.212414360046388,8.575461292266846,20.26771488189697,3.450393557548523,2.1861521005630493,1.0277241826057435,0.0868197403848171,6.226924514770508,2.868869137763977,0.5823223292827606,0.0860705725848674,326.3915740966797,2657.690112304688,1730.2841918945312,76.50577163696289,611.7032043457032,88.9118881225586,2.817552208900452,49.375477981567386,124.67389450073242,18.506962966918945,1.086148130893707,915.1541683197022,1496.9144462108611,5384.1329873062205,0.7446625461801887,634.8050276756287,222.2453279733658,16.109573659300803,1.979555743187666
159.906109378775,54.0062447825032,3.5230071852533,0.6363219648658287,24.11735305786133,8.3047607421875,20.93429946899414,3.5577229499816894,2.4214890003204346,1.217035162448883,0.0892547205090522,6.705656957626343,3.1400903701782226,0.6026580631732941,0.0849400840699672,326.56138000488284,2581.5263671875,1809.487890625,79.95177688598633,678.00693359375,103.5319808959961,2.9059420824050903,48.39071083068848,136.4157745361328,19.61977367401123,1.1096290707588197,921.2705875396728,1518.2628798723222,5421.461112090107,0.7807017864659429,636.9110994338989,222.07589483261108,16.106324177235365,1.982297970354557
169.69304220585326,50.54069406242452,3.544097943692464,0.5871448152245649,21.129618835449214,8.521339702606202,21.326867294311523,3.5992932319641118,2.13095486164093,1.086775815486908,0.088072233647108,6.624897432327271,2.897942399978638,0.5555034577846527,0.0794194519519806,331.45330200195315,2652.985107421875,1849.751513671875,78.7414779663086,600.7162963867188,92.70479202270508,2.8649349927902223,52.5785888671875,124.244002532959,17.560724830627443,1.055908489227295,934.4018459320068,1510.227423834801,5376.499868571433,0.7427071833983063,641.4321946144104,221.42732038497925,16.047740253806115,1.9600211448967455
155.39494858374528,52.06759416462264,3.749672398838334,0.5854726327236562,21.660567665100096,8.195912837982178,18.867934036254884,3.522285556793213,2.252484369277954,1.118842363357544,0.0879552952945232,6.87508454322815,3.250639486312866,0.5574139535427094,0.0801265858113765,319.2916687011719,2542.324462890625,1619.6176147460938,77.93820419311524,635.8968933105468,97.27986068725586,2.861899781227112,73.21728591918945,143.9761505126953,17.540694618225096,1.058666503429413,902.1209049224854,1531.5536524057388,5493.028594679013,0.780777683109045,624.1411840438843,222.4832778453827,16.207280404120684,1.9744215592741967
169.68720402687103,47.55684526438663,3.754112730588963,0.6093156974379212,20.81485652923584,9.307350349426269,21.34922771453857,3.642679262161255,2.1585310220718386,1.0593385457992557,0.0871803484857082,6.664162111282349,3.168958830833435,0.5689013242721558,0.0831350743770599,336.4872985839844,2873.7528564453123,1845.8983276367187,78.78962631225586,602.7118469238281,90.03309555053711,2.826434922218323,52.59072608947754,143.67435760498046,18.34671211242676,1.0826938152313232,935.8747562408448,1512.8474549531936,5541.520015838649,0.7590678185224533,650.8079308509826,221.3320747613907,16.003244285285472,1.962454792112112
153.0687923855774,49.85637197227434,3.683804361668558,0.6089436961244701,20.7164249420166,8.185415077209473,20.545845603942876,3.56945629119873,2.1035425901412963,1.119196593761444,0.089128477871418,7.015327978134155,3.105363392829895,0.5824889004230499,0.0817467667162418,322.67431640625,2512.106396484375,1740.8367431640625,78.06372756958008,588.9685546875,97.03552017211912,2.899066424369812,52.45277900695801,140.97003936767578,18.653265380859374,1.0782270669937133,910.347244644165,1482.9678376674651,5281.5958992031865,0.7402495320886373,628.2740612983704,222.31003351211547,16.146729750186203,1.9825412571430203
155.43633794145063,53.25133659239236,3.606339046064341,0.6578423052294283,23.404300498962403,8.047934913635254,20.11798801422119,3.470285511016846,2.275476908683777,1.211004424095154,0.0897299587726593,6.585894966125489,3.1205941915512083,0.6186862587928772,0.0919254675507545,320.4867370605469,2491.63408203125,1732.70478515625,78.45832290649415,643.0251525878906,104.85691528320312,2.901111531257629,63.14042053222656,137.87013244628906,20.276298904418944,1.1709947109222412,893.3310745239257,1495.5636319160462,5324.300544138905,0.7551426116377116,629.3888967514038,223.5852452993393,16.23411031663418,2.006501530483365
176.7667278132285,93.06149856884149,3.689515197987885,0.5857421507462846,22.024285125732423,8.116096115112304,19.97289047241211,4.088518285751343,2.7609596967697145,1.4351164937019347,0.0876888960599899,7.236289405822754,3.2201237440109254,0.5592642843723297,0.0874951168894767,328.09113159179685,2523.639892578125,1700.282861328125,91.34534912109376,780.0705383300781,125.32305603027343,2.853014016151428,65.42793426513671,148.50040283203126,17.944284439086914,1.0853265643119812,931.5300525665284,1557.0488509655,5529.167569725335,0.7807273864746094,621.9030566215515,220.4046820402145,15.937234529852867,1.947406839579344
160.8153655380127,51.31324381783643,3.5877575681805864,0.5808822119252909,20.891821670532227,8.410712337493896,19.747981071472168,3.4443676471710205,2.172894835472107,1.0764590620994567,0.0895054221153259,6.752601385116577,3.226246738433838,0.5542329490184784,0.0805630385875701,324.0860137939453,2575.5539306640626,1728.4314575195312,77.53010711669921,612.8326354980469,92.30509490966796,2.904946804046631,58.88185958862304,142.2817840576172,17.411013221740724,1.05678733587265,919.8870830535888,1506.935779762268,5421.924686277052,0.7552555400878191,631.5574528694153,222.22227470874788,16.14248184338212,1.9701526939868927
154.57313663767565,55.49183187775488,3.640220858136263,0.554720483988308,23.048944664001464,8.01440954208374,19.482911682128908,3.6064974069595337,2.372837042808533,1.196625328063965,0.0891536213457584,7.106091117858886,2.995966005325317,0.5376844227313995,0.0813562244176864,319.5848388671875,2464.025854492188,1696.6216552734377,80.77541809082031,668.1716064453125,101.84119033813477,2.8969170093536376,72.70562286376953,131.82724609375,16.628314208984374,1.0463441729545593,904.3174293518066,1509.620838856697,5334.434115074575,0.7809074729681015,623.2925560951232,221.7722348213196,16.13586617857218,1.96192991361022
162.38201889806078,49.87988328958964,3.782619729258613,0.5915469076950786,19.55873832702637,8.496264743804932,20.06056861877441,3.471434235572815,2.103517985343933,1.082772445678711,0.090098438411951,7.083732080459595,3.281847047805786,0.567953622341156,0.0838551573455333,326.3819854736328,2605.6958984375,1733.3826171875,78.3102928161621,587.8181396484375,93.39588012695312,2.915291929244995,74.660595703125,150.89114685058593,18.05086441040039,1.0756712913513184,926.0096733093262,1495.8232676029206,5377.488165731867,0.7471434997394681,633.7113814353943,221.8969515323639,16.18413622304797,1.971011874079704
162.4165694300944,50.040456429159256,3.616879829882055,0.6320020232196157,19.98394374847412,8.355148696899414,21.30543594360352,3.5982547998428345,2.184435319900513,1.1119421005249024,0.0874197401106357,6.438987159729004,3.014548921585083,0.6140926241874695,0.0849767595529556,327.4899841308594,2560.2791748046875,1836.7134887695315,78.10041122436523,616.4722045898437,96.09361419677734,2.8226518869400024,62.04664573669434,129.09292449951172,19.95004024505615,1.1064717054367066,915.0453079223632,1501.5050582170486,5307.156720490568,0.7573789693415165,637.271842956543,222.30408689975735,16.08849308937788,1.9886797323822976
157.67483697867138,50.06743341403626,3.876580125350915,0.6418473245930159,20.08334903717041,7.937916898727417,20.49819831848145,3.4487722873687745,2.174371719360352,1.1179679036140442,0.087579870969057,7.3165388107299805,3.2670803308486938,0.5834108412265777,0.0891269907355308,321.92584838867185,2438.2641845703124,1757.8535034179688,77.00014190673828,610.7287536621094,95.61384658813476,2.8461594343185426,74.24249038696288,149.41619110107422,19.051880836486816,1.1356836676597597,917.4726009368896,1503.7867164373397,5394.637584443111,0.7415095342323184,626.9985885620117,222.4954200267792,16.215108825266363,1.985969367995858
158.20335402308848,51.69615704690396,3.5684820279119323,0.6232218140561713,23.754040718078613,8.555443477630615,20.31064643859863,3.536610651016235,2.347819304466248,1.0869810461997986,0.0885202288627624,6.769431924819946,2.9228145360946653,0.583038467168808,0.0847017399966716,325.8068267822265,2650.128588867188,1753.9062255859376,78.46099700927735,662.7365478515625,93.90077056884766,2.8830053091049197,51.9887393951416,127.06103134155272,18.896028137207036,1.0968136668205262,906.5332332611084,1521.5006592035293,5409.791599510238,0.7701584974303841,637.0514797210693,222.5041125059128,16.122538793832064,1.9814092449843883
173.26534638871672,49.032744486135655,3.781949804285296,0.5666690009732293,20.230950164794923,9.224873447418211,21.67861137390137,3.488585114479065,2.1463866233825684,1.090908873081207,0.0869530498981475,7.113012027740479,3.266870665550232,0.5408820569515228,0.0837076254189014,336.84384765625,2854.73896484375,1890.32412109375,78.068603515625,598.7916748046875,94.35842514038086,2.822812724113464,54.33870086669922,149.1931350708008,16.980761337280274,1.0592836260795593,944.7283519744872,1511.0951515436172,5441.577048823936,0.7356150286272168,650.5840735435486,221.28151512146,15.999334612488749,1.9518933176994324
157.17207207323662,51.84682271498632,3.679600737538249,0.6725508767010296,22.328079605102538,8.577627372741699,20.07312297821045,3.5021178007125853,2.339851474761963,1.0961876511573792,0.0890764042735099,7.053349542617798,3.2944225549697874,0.6230642378330231,0.0933913193643093,324.91710510253904,2638.648803710937,1732.1407592773437,77.94459533691406,658.4150268554688,94.58078689575196,2.890588092803955,51.0898136138916,149.5374984741211,20.52016677856445,1.1930336952209473,899.9920623779296,1490.0082358837128,5354.736824038811,0.7351123221218586,636.0866866111755,223.37468008995057,16.2021111369133,2.004565447568893
163.2534256680614,51.57069728366978,3.819147059295915,0.6569939996983294,21.621292495727538,8.478220462799072,20.07775535583496,3.4850489616394045,2.1936372756958007,1.0633161187171936,0.0873780839145183,7.00604829788208,3.3835283756256103,0.5933530986309051,0.0886202178895473,327.1554351806641,2627.4984375,1749.4726806640624,77.85406646728515,616.8956115722656,92.46677474975586,2.842179369926453,69.92920227050782,153.69693298339843,19.441346740722658,1.1545699834823608,905.2226295471193,1475.3171127796172,5372.942088729562,0.7256269313395023,638.6915804862977,223.0020275592804,16.214112927019595,1.993794933333993
165.49217915091066,49.49652488475631,3.837902510690879,0.6087630563842936,20.956688690185548,8.493601226806641,20.54766883850097,3.560576915740967,2.1898261070251466,1.0543187499046325,0.0874350652098655,6.992970132827759,3.219512391090393,0.5429698586463928,0.087507352232933,328.4545288085937,2621.180859375,1793.181237792969,78.04085235595703,617.5231628417969,89.9435203552246,2.838492774963379,72.41203842163085,146.1272415161133,17.572238540649415,1.1015895485877991,931.7580955505372,1511.0633499622345,5421.650227384363,0.7375924449414015,636.5123374938964,221.64753963947297,16.121787313371897,1.963702704012394
167.67285546068015,48.43468076493836,3.5807160736972263,0.6273529829848599,20.505599975585938,9.12285385131836,21.920588493347168,3.5481751441955565,2.0450103998184206,0.9948131561279296,0.0888180188834667,6.5090567111969,3.0267038106918336,0.6031390130519867,0.0873959280550479,335.3427001953125,2789.956518554688,1908.1062377929688,78.0677391052246,570.2963439941407,85.99040756225585,2.8910451889038087,53.12086563110351,132.3838088989258,19.630288696289064,1.118379044532776,943.2666091918944,1526.127442073822,5573.711772721401,0.7508639292791486,649.9965383529664,221.6822391986847,16.058816078305245,1.9743673898279668
151.6993299087015,56.1398801923544,3.664366191631461,0.6113815352971301,23.44443016052246,8.282717037200928,19.91119556427002,3.676450800895691,2.4366524696350096,1.3014442920684814,0.0895398139953613,6.833846950531006,3.245672869682312,0.5559246718883515,0.0815731406211853,315.9926788330078,2537.6251708984373,1732.1951171875,81.73718719482422,688.0770751953125,110.55813217163086,2.9057662963867186,70.31277618408203,144.1077453613281,17.8413875579834,1.08010573387146,899.2842208862305,1515.1807696819303,5377.226853424916,0.8011125091463327,617.7556122779846,222.04449062347413,16.174370342493056,1.974256692826748
146.62704308720714,55.2926145290252,3.762617924093979,0.5706688030053215,22.367684173583985,7.565054035186767,19.69620971679688,3.72289469242096,2.553905391693115,1.2161396861076357,0.0871967926621437,7.064945411682129,2.9805159330368043,0.5570585012435914,0.0794534780085086,315.6751220703125,2315.968408203125,1670.482861328125,81.12714920043945,720.46044921875,103.58558654785156,2.822637748718262,63.121863555908206,134.1327865600586,17.34006404876709,1.0483678579330444,902.528831100464,1521.7591849803923,5362.958451473433,0.8214439935982227,617.9396713256835,222.26803312301635,16.115043380856513,1.9720256119966504
156.7558614659509,53.05796477717077,3.6586617021751855,0.6394619610472887,20.803929138183594,8.359098815917969,20.87469158172608,3.466230010986328,2.244605779647827,1.158204090595245,0.0889698728919029,6.851047086715698,3.089031386375427,0.5673774003982544,0.0867667019367218,325.1077545166016,2599.791943359375,1760.5827514648438,78.4333724975586,630.0869506835937,100.39919509887696,2.896512699127197,52.67164077758789,138.6703887939453,18.515002822875974,1.125125241279602,910.2606090545654,1509.9303372383115,5388.054495046847,0.7348237609490752,633.3587001800537,222.16961402893065,16.12235596328974,1.9780540373176336
159.93781601937226,52.15885018379131,3.7406801746161817,0.6354760988681278,20.94130344390869,8.016933631896972,20.924638748168945,3.612903761863708,2.4043156623840334,1.1649996042251587,0.0890904255211353,7.473193407058716,3.3649447917938238,0.6051321268081665,0.0857303842902183,323.43629455566406,2467.3972900390627,1816.946459960937,79.55913619995117,672.9591979980469,99.83127975463869,2.8944849967956543,61.361803436279295,154.2194381713867,19.694808769226075,1.1120602369308472,909.8837673187256,1530.5587971687316,5493.609720355785,0.7656594617292285,631.5148623466491,222.2922909736633,16.15238226875663,1.9858411587774756
164.2263684726342,49.15945896540143,3.641307120071701,0.6677106883772126,21.070161437988283,8.760116863250733,21.461624908447263,3.560643434524536,2.1212878704071043,0.9972101509571076,0.088971821218729,6.823887777328491,3.0218462705612184,0.5833228409290314,0.0868618965148925,331.2560211181641,2700.8814453125,1854.7672607421875,78.02626113891601,592.1015380859375,85.70108947753906,2.891791248321533,55.58761138916016,134.91289367675782,19.18022575378418,1.1521507024765014,916.9626956939696,1489.845369887352,5326.255769090448,0.7521423676982522,644.0018665313721,222.0018806219101,16.09180008172989,1.9797309942543504
165.96187345969082,48.33625774817938,3.784391175342171,0.6507944023078153,19.55149326324463,8.899112224578857,20.548044204711918,3.498887586593628,2.008735918998718,1.046973705291748,0.0873720332980156,7.103665590286255,3.284821605682373,0.6266399919986725,0.0859711065888404,330.8360961914062,2721.254248046875,1796.9385986328125,76.26771926879883,567.3802185058594,90.81116027832032,2.8458203077316284,57.55249137878418,149.38743743896484,20.46853561401367,1.1304602384567262,906.7638858795166,1500.7091477632523,5499.784414760582,0.7249137852340937,643.2309826850891,222.4145131826401,16.108332304656507,1.9929961778223515
152.61154411917886,55.39801203579255,3.58636128818348,0.5817056897961038,21.51068172454834,8.014953422546387,19.84531879425049,3.697685790061951,2.524357008934021,1.2115951657295227,0.0887747623026371,6.335889959335328,2.954834151268005,0.548797208070755,0.0864648848772049,316.44310302734374,2480.585498046875,1686.2444091796874,81.70130767822266,703.1958557128906,104.06365127563475,2.8647226810455324,45.89767723083496,128.5565643310547,17.397312545776366,1.0797327995300292,902.7615226745604,1541.3816063642505,5424.403827523207,0.8100744042545557,617.0083289146423,221.85811791419985,16.110142874717713,1.9670990608632564
162.28286323049252,48.51256411327304,3.6452749819542314,0.6465122911233607,19.605573654174805,8.717341709136964,21.410212135314943,3.3994759798049925,2.195092964172363,1.0485612392425536,0.0892057999968528,7.109716892242432,3.0440439701080324,0.6165496408939362,0.0922091871500015,330.2074493408203,2700.9267578125,1810.8082397460937,76.86531600952148,613.9414794921875,89.01955871582031,2.878495764732361,57.32247657775879,137.0996566772461,20.18084506988525,1.1554307103157044,919.87222366333,1476.9162829160691,5314.5570348146375,0.7173026882112026,641.5945847511291,222.29027516841887,16.111001725494862,1.9906781669706104
232.6249396307714,101.92968484502852,3.692903791151866,0.5667050614133586,21.325737380981444,10.55063991546631,26.61276321411133,4.09699969291687,4.286510705947876,2.159525442123413,0.0871800482273101,6.684640407562256,2.952590489387512,0.5511817455291748,0.0805905260145664,354.1592620849609,3270.6938720703124,2306.17236328125,92.62583389282229,1208.0266845703125,187.80037536621091,2.828133583068848,56.54322624206543,130.77106323242188,17.360205841064452,1.065347933769226,1022.4470491409302,1570.2261135458946,5517.084705026588,1.3158666369272396,646.7193038940429,219.60222301483157,15.862146029621362,1.9412563934922216
161.58147680963884,51.84660514279049,3.772551816691066,0.5932726002281583,22.183292198181157,8.718911457061768,21.25138339996338,3.5810510158538817,2.3383241415023805,1.1463802814483643,0.0873949751257896,6.875661468505859,3.128777837753296,0.537968635559082,0.0839369632303714,329.9607238769531,2698.7994384765625,1831.94677734375,78.8783332824707,655.9486145019531,99.50793228149412,2.8326467990875246,59.30938720703125,142.20225982666017,17.172421264648438,1.0773827195167542,911.6316257476808,1526.982068991661,5460.633241232904,0.7909991722553968,642.0381814002991,221.7091733455658,16.052113918215035,1.959851364791393
160.2040230745115,50.96575469758655,3.752124083688659,0.5981998526890948,21.25697021484375,8.314977264404297,20.45869388580322,3.570251393318176,2.3274241209030158,1.127371573448181,0.0878809444606304,6.985440587997436,3.2905425071716308,0.5896196246147156,0.0849884063005447,324.89463806152344,2574.805737304688,1745.3071533203124,79.54782791137696,647.8902648925781,96.14218521118164,2.844787096977234,61.11802101135254,149.1455337524414,18.811456871032718,1.082427489757538,905.0757202148436,1530.2979687213897,5440.934026780678,0.8017245061695576,633.8065413475036,222.16739320755005,16.103483434021474,1.97780572026968
168.48254255545544,50.20373851131781,3.530748240029584,0.627736994411839,20.882894706726077,8.366093063354493,21.764015197753903,3.495931792259216,2.210399699211121,1.0641088724136352,0.0893186993896961,6.592692470550537,3.015241599082947,0.5671240210533142,0.0869294434785842,329.9452606201172,2585.8613037109376,1902.9497314453124,78.68770370483398,618.4328308105469,91.2030990600586,2.894252347946167,48.21865425109864,130.40511016845704,18.456612205505373,1.1139753222465516,916.5207550048827,1492.57324655056,5367.7194171346255,0.7641686538234354,641.3006957054138,221.85006058216092,16.08340557962656,1.973327760398388
161.90495639339207,50.707667381976265,3.610157654154636,0.5876314414702393,21.144420433044434,8.640696048736572,19.603152465820312,3.532195210456848,2.138408660888672,1.1038387894630433,0.0884933285415172,6.538022232055664,3.1400495767593384,0.5607064247131348,0.0860798239707946,325.5121734619141,2657.2610107421874,1706.4446655273437,78.38103637695312,599.9233764648437,94.54184417724608,2.8649460315704345,52.4191291809082,138.27110595703124,17.997258377075195,1.0764247179031372,896.4655536651611,1483.908162331581,5344.677674429724,0.7455044891685247,634.9869482994079,222.76887152194976,16.15978025570512,1.9813777707517144
162.11932563922164,52.31757047650144,3.776698339147356,0.6760294701336307,23.46239280700684,8.783778095245362,21.36068458557129,3.644794130325317,2.3513818264007567,1.1678317666053772,0.0877960279583931,6.868377304077148,3.2781306505203247,0.5911336243152618,0.0918328739702701,330.2319763183594,2727.03427734375,1840.8191772460937,79.82586898803712,656.8352966308594,100.679354095459,2.85616614818573,57.04444541931152,149.66432037353516,19.516880798339844,1.1823692560195922,901.0328060150148,1529.0819953918458,5436.793093380053,0.8043565355241299,646.0533935546875,222.21932697296145,16.071260291337968,1.981204080209136
150.6633348184041,53.42517560688229,3.669753200336072,0.6614735646068993,23.288415336608885,7.888273096084594,19.13791007995605,3.678573250770569,2.324083948135376,1.197155225276947,0.0891226544976234,6.9393126487731935,3.037846636772156,0.6381195187568665,0.0904187172651291,315.77074279785154,2413.4025390625,1641.5055908203126,80.01698303222656,656.2832763671875,101.5786476135254,2.8784948348999024,60.62241249084472,136.2025390625,20.87389678955078,1.170116662979126,882.7147350311279,1481.4283533334733,5251.17559674331,0.7885648287832737,625.2985100746155,224.83002977371217,16.299553349614143,2.0254247460514305
148.10873418956325,54.13007712176941,3.473208415158001,0.5943596715299464,22.39305210113525,8.124306964874268,19.29384174346924,3.532435202598572,2.5096863985061644,1.1538703680038451,0.089260683953762,6.241140222549438,3.018712782859802,0.5309678196907044,0.0846558302640914,316.6698333740234,2481.90078125,1647.2115356445313,79.57380752563476,705.7853820800781,99.2625129699707,2.8855073928833006,48.80063209533692,128.52323303222656,17.065346717834473,1.0847597002983094,885.3488620758056,1489.1611191272737,5274.515514238691,0.7700455892831087,621.44341506958,223.7047184467316,16.25650559216738,1.985734198987484
194.0508217501512,94.40671688354078,3.521889115009299,0.6173474572120654,22.109393501281737,8.96265983581543,22.677691841125487,4.078397798538208,2.8459694623947143,1.4723321199417114,0.0873417258262634,6.717658615112304,3.18956618309021,0.5962232947349548,0.088384098559618,342.03346557617186,2785.1332275390623,1983.49140625,91.80477447509766,802.3719299316406,127.82397842407228,2.8469890832901,63.88014907836914,140.69454345703124,19.426363372802733,1.1065289497375488,963.971495437622,1538.5144948482514,5508.722257229356,0.7687062658369541,646.0965365409851,219.95711019039155,15.81687275096774,1.9476520501077172
154.75167603749577,51.47440911713184,3.660092885850804,0.5677916284668868,19.132662200927733,8.127134037017822,20.83587913513184,3.531951570510864,2.2845386266708374,1.1338688611984251,0.0889760114252567,7.097100353240966,3.026575207710266,0.5403891324996948,0.0817853972315788,317.44345703125,2495.66357421875,1761.273840332031,78.86740036010742,643.83828125,98.5708724975586,2.881462335586548,50.79772109985352,136.97232513427736,16.872593307495116,1.0544326663017274,917.975093460083,1526.0402028083802,5381.320668664574,0.7922011094167829,616.3010004997253,222.04944903850557,16.14009708315134,1.9651558943092824
158.33709014781635,48.41382291133368,3.620497278853645,0.6110226039188206,19.559165954589844,7.924358987808228,20.204685020446775,3.4852634191513063,2.185174059867859,1.0408162832260133,0.0887278549373149,6.769688463211059,2.921699428558349,0.5917477965354919,0.0847360424697399,321.0295104980469,2435.63291015625,1731.626611328125,77.39413528442383,610.9916442871094,89.99894104003906,2.8633228302001954,51.825182342529295,129.57030487060547,19.025793838500977,1.0924094796180726,898.7078491210938,1498.1904904842377,5390.143267056858,0.7362533692270518,625.1066404342652,222.52064743041996,16.152358811348677,1.9875503070652485
205.794522214515,95.8049018434498,3.646671804117318,0.65086833590575,23.674635314941405,10.159430503845217,24.56263732910156,4.151218891143799,4.291366672515869,2.178126358985901,0.0891760557889938,6.683536863327026,3.163683772087097,0.6016387522220612,0.0931701011955738,346.9567352294922,3127.713720703125,2157.53857421875,91.70631637573244,1205.8440795898437,187.16302642822265,2.881788659095764,55.48794059753418,142.43544006347656,19.820734977722168,1.181049072742462,1007.2216758728028,1597.0592450261115,5655.721610146948,1.0876128947827963,648.6577006340027,220.1947509765625,15.89714527875185,1.9605952095240355
166.22817675592813,47.3767993196735,3.770804677446836,0.6526227755527202,19.513561248779297,9.133728790283204,20.27270927429199,3.44573655128479,2.040470337867737,0.9757697880268096,0.0877343572676181,6.853875875473023,3.1776727199554444,0.6149342060089111,0.0869417771697044,331.55157165527345,2813.1965087890626,1743.80615234375,76.09964218139649,569.6841491699219,84.54366302490234,2.856016206741333,70.2508041381836,142.08381042480468,20.11440143585205,1.1353278517723084,925.2542964935304,1506.587093949318,5505.702124700835,0.7343845997005701,644.3865527153015,222.42873950004576,16.14351769462228,1.988705862313509
164.21300858470642,50.488815311261625,3.6886596769518074,0.6677451671343875,21.18364353179932,8.259155559539796,21.55605278015137,3.490375566482544,2.1059258222579955,1.1307426929473876,0.0896388046443462,7.253412532806396,3.2806115627288817,0.6423045992851257,0.0922821305692195,327.5144958496094,2540.297241210937,1878.266552734375,77.34128265380859,593.2271606445313,98.1269645690918,2.9100107908248902,73.37696838378906,146.85058135986327,21.123091888427734,1.1744803190231323,911.993677520752,1525.9756111383438,5510.21717362348,0.766448724642396,639.6856568336486,222.6706831932068,16.20719213783741,1.9987347796559332
165.60598036450173,49.546701273771575,3.695883483086959,0.560944787422659,22.329958343505854,8.927121925354005,21.178601837158205,3.488106942176819,2.129318690299988,1.127621042728424,0.0872889935970306,6.799788236618042,3.1037943840026854,0.5256469011306762,0.079343880712986,334.1589324951172,2770.958471679688,1846.8025634765625,77.8484100341797,598.958349609375,96.01354751586912,2.8427891731262207,51.917894744873045,138.24436950683594,16.34563503265381,1.03769052028656,927.7122039794922,1493.9730923891068,5404.314182122238,0.7324866563081741,646.9629923820496,221.24870193004608,16.02572793290019,1.9498201161623
172.49308804642496,55.27143509315256,3.5873814918766582,0.5856374180548187,20.59321517944336,9.043340587615967,21.38811149597168,3.6166379690170287,2.140041732788086,1.0338308691978455,0.0874600164592266,6.70041856765747,2.9561071395874023,0.5542579054832458,0.0812520958483219,335.2954437255859,2775.946923828125,1851.92333984375,80.2286476135254,604.1039916992188,89.58979568481445,2.825587344169617,50.81024055480957,129.73601531982422,17.582809829711913,1.0633533716201782,926.3070079803468,1544.704850912094,5552.140606962186,0.7696962874382735,645.8212116241455,221.38198866844175,16.012436041980983,1.9566101022064688
157.00251829091576,52.31719866093554,3.69927921857402,0.6361882412017394,21.74842796325684,7.980024433135986,19.97463893890381,3.5957427263259887,2.39352548122406,1.1161869406700131,0.0869683675467968,6.923061990737915,3.1708282470703124,0.5869101226329804,0.0890853814780712,320.73639526367185,2447.2465087890623,1743.9751098632812,79.4614501953125,673.4955322265625,95.65258407592772,2.8301851034164427,61.66921615600586,139.40579833984376,19.14540195465088,1.1304402947425842,908.689652633667,1532.265258359909,5486.591859143647,0.7903601551428437,626.5287602424621,222.3206356048584,16.11926274597645,1.983201776817441
158.3818830105687,52.34545978446313,3.749380490220119,0.632951161442793,20.033911323547365,8.095365810394288,19.46300220489502,3.5362088203430178,2.2528329133987426,1.147324228286743,0.0867736719548702,6.592078447341919,3.05187726020813,0.599653285741806,0.0896530404686927,321.09523620605466,2511.6837646484373,1647.4988647460937,79.1268310546875,636.0090026855469,98.92783279418946,2.822588634490967,57.331444549560544,135.91488952636718,19.54538097381592,1.1321537494659424,924.830528640747,1531.3738108873367,5413.896352346894,0.7748959360644221,625.2544916152954,222.2321646928787,16.10780788064003,1.9840168442577124
157.34480489628112,51.15921409957237,3.6575239663381582,0.6779808538670296,22.555761337280277,8.266704082489014,20.05072288513184,3.5056440830230717,2.1941338777542114,1.11092689037323,0.0873865097761154,6.41147198677063,3.0611363649368286,0.5899084091186524,0.087857960909605,322.4509552001953,2565.3583984375,1727.8604858398437,77.61282730102539,618.0321899414063,96.30026550292968,2.8244698524475096,57.85539588928223,133.78895111083983,19.4317310333252,1.1650025725364686,893.3699878692627,1536.9709393262865,5552.682458361285,0.7676558818668127,631.7393943786622,222.77369277477263,16.13924348503351,1.99004968367517
163.29298699654828,46.9732122946235,3.6522922176428665,0.6247919501551223,19.77838020324707,8.847214603424073,20.365402603149413,3.472922110557556,2.1661556482315065,0.9938502788543702,0.087230435013771,6.860364151000977,2.9896990060806274,0.6035960376262665,0.0863938748836517,329.46396484375,2741.583374023437,1752.3667602539062,76.49037857055664,605.3872680664062,84.56979675292969,2.839763617515564,52.424412155151366,131.43273315429687,19.56692714691162,1.1116103053092956,901.796162033081,1471.5359899044038,5398.44163638521,0.7194061220623553,642.3487504005432,223.09460752010347,16.162372361123563,1.9953100264072416
145.44007649671258,55.75916410432874,3.5523367444914355,0.6546324361678216,21.64393939971924,7.4578031539917,18.299003028869627,3.6025792837142943,2.4280091762542724,1.1687759637832642,0.088397742062807,6.486165857315063,2.9983041524887084,0.5833274006843567,0.0917767062783241,315.74818115234376,2279.6173828125,1548.3139282226562,80.8948745727539,684.7870910644531,99.54052124023436,2.866276311874389,59.862267684936526,127.31853332519532,19.14102897644043,1.1622214794158936,899.4586490631103,1515.7991022109986,5327.441471261624,0.8197773221880198,618.5061763763428,222.4012703180313,16.1438387401402,1.9874282352626325
152.91696200730513,54.42106084547959,3.617089800160625,0.6708424592664756,21.22960834503174,7.666674947738647,20.020592880249023,3.5309624433517457,2.4438252449035645,1.2271255373954773,0.0886030577123165,6.809953069686889,3.119903826713562,0.6386377334594726,0.0899107187986373,316.04384765625,2355.810986328125,1710.216943359375,79.46564865112305,687.7726257324218,104.16818618774414,2.8816830635070803,64.27596969604492,135.99673767089843,20.979829788208008,1.1640354871749878,911.853199005127,1521.0824528455737,5342.733675719052,0.7838604265823961,619.8137408256531,223.08293373584743,16.188956931978463,2.0047163352370263
204.8565287623409,97.83126428809518,3.714411875342216,0.5586160543125743,19.76341857910156,10.712009048461914,27.10923328399658,4.113930892944336,4.960812902450561,2.470553970336914,0.0895015493035316,6.822087907791138,3.0318910837173463,0.5429866492748261,0.0812654227018356,343.9567565917969,3319.2633056640625,2337.163671875,92.61404342651367,1383.1481689453126,210.1476287841797,2.9025588989257813,58.57854690551758,137.83495330810547,16.940043640136718,1.064387106895447,1044.5809940338136,1606.0745994567872,5579.125618248433,1.1363328177947551,636.2491786003113,220.3913923740387,15.97201987951994,1.95126388669014
190.00477341883524,93.46996701149146,3.5112051586660527,0.6422077975461888,22.41452102661133,9.302403831481934,21.761062240600587,4.070825529098511,2.8651392459869385,1.501045823097229,0.0875693552196025,6.671496820449829,3.049902963638305,0.6270192563533783,0.0856135010719299,341.7604736328125,2891.842724609375,1887.22509765625,91.6602294921875,802.6817199707032,129.3913459777832,2.844065475463867,56.20084190368652,134.50749969482422,20.524997520446775,1.1200194239616394,962.9840030670166,1538.861141037941,5537.0502404301205,0.7508501552045346,646.5724719047546,220.1518576860428,15.81707369685173,1.957356897741556
161.4239005860298,48.155339006419126,3.609620873184281,0.5694147145856732,19.586305999755854,8.297544384002686,19.88023681640625,3.623783373832703,2.1735137701034546,1.078222572803497,0.0897066205739975,6.902388668060302,3.0660436153411865,0.5458215951919556,0.0808102793991565,323.8594665527344,2566.3247314453124,1697.593701171875,78.78988189697266,605.1079956054688,93.61802291870116,2.8850805044174197,58.09224662780762,135.59312744140624,17.040720558166505,1.049803864955902,911.0989372253418,1523.869454360008,5419.98813292794,0.7692451871931553,629.7200752258301,221.9602768659592,16.108641343563797,1.963968365639448
162.92088321218472,53.58437004129591,3.62611720163311,0.5819335228096293,22.346990966796877,8.538280200958251,20.15295753479004,3.563597083091736,2.3899657487869264,1.146192526817322,0.0866723790764808,6.493781280517578,2.9602192401885987,0.5456576347351074,0.0856555923819542,326.7082122802734,2629.831640625,1768.6240234375,79.56598587036133,673.6409057617187,98.99431610107422,2.82715425491333,54.65091171264648,126.83763580322264,17.319797897338866,1.0779444456100464,912.7691661834716,1541.0032070398331,5460.675395452743,0.8107742993161082,635.1598793029785,221.645525598526,16.055938047915696,1.960365279763937
160.71492549968752,51.952631576360815,3.600992163062574,0.6134267435177548,20.76724491119385,8.303464031219482,20.26900272369385,3.5507370471954345,2.203480672836304,1.137107539176941,0.088532992452383,6.762983512878418,3.0043906688690187,0.5656090378761292,0.0882932014763355,324.9871795654297,2573.024560546875,1729.8880004882812,78.93804016113282,616.4468139648437,97.98702087402344,2.87536735534668,59.8714542388916,131.23579864501954,18.33641586303711,1.1066094636917114,917.5504489898682,1534.6192585229874,5437.655205351021,0.7773208634927868,631.4963477134704,221.8841531038284,16.102334997057916,1.9715230882167816
168.25187987405224,51.18128971326742,3.6224201106745566,0.6644315895314208,20.896498107910155,8.941000843048096,21.578182411193847,3.5336407661437987,2.215739059448242,1.0719398498535155,0.0881110303103923,6.809441804885864,2.9929483413696287,0.6078778505325317,0.0903575763106346,333.99766540527344,2744.463818359375,1873.7544677734372,79.59608459472656,619.4771545410156,93.0112060546875,2.857263684272766,55.55197715759277,131.82378082275392,20.01154479980469,1.1673725605010987,921.8507568359375,1541.0950350999833,5485.321850322653,0.7953806197270751,648.2729693412781,221.6622838973999,16.03238565698266,1.9764644786715508
152.76417871900776,53.51944687693121,3.714631599113204,0.6398103912427701,21.84851512908936,7.804006290435791,19.73505897521973,3.541606855392456,2.4210355281829834,1.1823235273361206,0.0874784581363201,6.982319498062134,3.1852447748184205,0.5995774805545807,0.0918346904218196,315.7726043701172,2404.852905273437,1704.29228515625,79.86600189208984,680.2260498046875,101.85992431640624,2.842016887664795,65.89843215942383,140.82828369140626,19.57797241210937,1.145382618904114,910.5545864105223,1493.3240055561066,5304.852068396006,0.7785645531490445,618.7133570671082,222.6520075321197,16.167393320053815,1.9934552855789665
157.10337088798116,55.60970958946009,3.716652202116325,0.6044958920001477,21.64637451171875,8.270060729980468,20.333255577087403,3.532163524627685,2.474722647666931,1.1927155613899232,0.0887995138764381,6.962005090713501,3.2350507736206056,0.567735081911087,0.0834935978055,323.8589233398437,2568.6005126953123,1730.0747680664062,80.1123435974121,693.0659851074219,103.44605865478516,2.8681772470474245,54.62406349182129,148.0011764526367,18.210320472717285,1.0828974962234497,936.2211353302002,1527.186711525917,5306.830195626896,0.7737298334017396,630.4234127998352,221.77833428382877,16.087404395639897,1.9689248271286488
160.76876852861315,49.33504766747901,3.875769364961729,0.6627244225005938,19.822730827331544,8.290804958343506,21.05726928710937,3.5293907165527343,2.1718401432037355,1.0489649891853332,0.0869585692882537,7.173910522460938,3.134336829185486,0.5961368381977081,0.094222418218851,326.23755798339846,2548.844287109375,1807.8700439453123,78.23023223876953,607.4419128417969,90.61395797729492,2.8337860107421875,62.88005332946777,144.40267791748047,19.640763664245604,1.1841946721076966,935.2773151397704,1525.3939216852189,5432.832548187207,0.7391455493867397,633.9705876350403,222.0449803352356,16.106153608858584,1.981546140089631
162.6848014905423,49.376436903922695,3.766592309368184,0.633963053155344,21.05205287933349,8.77167568206787,21.482098007202147,3.5755594968795776,2.206876516342163,1.072886574268341,0.088128750026226,7.01350507736206,3.162054657936096,0.5599518835544586,0.0834871791303157,331.5123809814453,2718.160595703125,1833.7659912109373,78.58558349609375,619.2360717773438,91.14176559448242,2.867570495605469,72.83263320922852,141.95632781982422,18.240420722961424,1.1044222235679626,923.7408267974854,1517.120962190628,5480.238288792828,0.7493403397500515,642.4536916732789,221.6243005037308,16.10714462697506,1.966829331219196
150.60092167997354,51.01133333284615,3.600259147018369,0.6066357922553379,22.635650825500488,8.218161582946777,19.19378795623779,3.570379447937012,2.3411749601364136,1.1088016510009766,0.0875088103115558,6.464695596694947,3.10352942943573,0.541251403093338,0.0819433473050594,316.5116882324219,2547.538549804688,1619.7169311523437,78.07560272216797,655.170458984375,96.20115509033204,2.852199745178223,53.15235900878906,132.92491912841797,17.416530990600585,1.082386589050293,892.8873279571533,1468.9343319416046,5218.233324773004,0.7525723237544298,622.2640268325806,224.1232357501984,16.283000572770835,1.9945404179394248
153.5213287415987,53.59835227769226,3.599790215902158,0.616502784735735,20.035713386535644,8.326031017303468,19.12041110992432,3.5967576026916506,2.389519739151001,1.214580202102661,0.0896875843405723,6.725139093399048,3.004077696800232,0.5596272647380829,0.0897071808576583,316.20957641601564,2551.008056640625,1635.4767944335938,79.9244873046875,668.6048034667969,105.07953720092772,2.892549681663513,63.70066909790039,131.78111114501954,18.14879665374756,1.1149083495140075,904.1882095336914,1521.8614911079408,5379.827099782973,0.7969373812898993,618.423834323883,222.5415733098984,16.164496602118014,1.9811418518424035
148.67179431434997,51.81855893850607,3.7028107008964297,0.6751023484533789,21.70651512145996,7.8289923667907715,18.58913345336914,3.508824372291565,2.3100704669952394,1.1629872441291809,0.087881788611412,6.683459281921387,3.170941114425659,0.6285667240619659,0.0877948693931102,316.37725524902345,2409.852490234375,1575.199072265625,78.24901580810547,652.0936889648438,99.77387924194336,2.8603792905807497,67.31969833374023,139.46730041503906,20.648639106750487,1.1606252193450928,884.5154285430908,1505.5110572338103,5380.517394275451,0.76361851580441,619.7998213768005,223.32246775627132,16.22755648717284,2.0046464767307044
169.93568718859242,50.096425071772046,3.6222016132366655,0.6302523791337421,20.14453010559082,8.426421642303467,20.56443672180176,3.608108377456665,2.1778514862060545,1.0825430631637574,0.0898939222097396,7.101703119277954,3.1213188648223875,0.5689626216888428,0.083770564943552,327.738427734375,2616.7188720703125,1784.3268676757812,78.46394577026368,614.6442077636718,93.92575225830078,2.9046314477920534,63.66967887878418,139.9002227783203,18.50548267364502,1.1022841811180115,945.4660514831544,1507.3595244646071,5354.754750026948,0.744486409612,635.3053797721863,221.7941311597824,16.10953186750412,1.9710385415703056
172.8772637122849,91.13338758467545,3.654229176446916,0.6601091949684132,22.84682273864746,8.72222843170166,20.8072509765625,4.030833196640015,3.9347431898117065,2.172907495498657,0.0891976676881313,7.130182600021362,3.0432788372039794,0.6090556859970093,0.0926817499101162,328.4138916015625,2705.38359375,1803.5104370117188,91.10646438598631,1103.7429077148438,189.31590423583984,2.902101469039917,69.68595809936524,136.77611541748047,20.065915489196776,1.1711739540100097,999.0172523498536,1583.900001335144,5544.751173745654,0.7508177695795893,627.2093105316162,220.9308994293213,15.96027643159032,1.9664207000285387
159.90600259271886,50.42067936608282,3.614606735025245,0.6580058701491339,21.14319839477539,8.68453950881958,20.672919273376465,3.435251903533936,2.213890528678894,1.055262315273285,0.088817374408245,6.533489608764649,3.081738090515137,0.6085940599441528,0.0943976305425167,328.09556884765624,2682.207470703125,1756.586865234375,77.42975463867188,619.2978210449219,91.2641258239746,2.870560121536255,56.06956558227539,136.2253173828125,20.00723934173584,1.1750582575798034,909.466939163208,1528.795405578613,5477.84419757314,0.7492741648107767,639.0913094520569,222.40595772266389,16.11573803499341,1.9881377544254064
218.90974538366936,96.37445387905171,3.679734192023056,0.6033130795855641,21.91998405456543,11.810270404815672,29.030882835388184,4.189889574050904,4.509994029998779,2.26165611743927,0.0880619429051876,6.885420322418213,3.1390384674072265,0.5285415887832642,0.0872093267738819,354.781869506836,3678.504541015625,2510.7491455078125,92.36609268188477,1261.6690185546877,194.69408721923827,2.866143989562988,60.76314125061035,139.1970199584961,17.13370590209961,1.1166991233825685,1044.6750682830811,1601.1348071694374,5622.855909184739,1.2423691322794184,652.5574602127075,220.4793876171112,15.94727937206626,1.9514826688915488
163.7143753295095,48.57876563666969,3.82833017243488,0.5523448934388966,20.583421516418458,8.278689670562745,20.29727783203125,3.616552972793579,2.073121953010559,1.020665979385376,0.0874740146100521,7.442316341400146,3.167378878593445,0.5384453475475312,0.0836222618818283,325.5700286865234,2539.705419921875,1773.59208984375,78.97598724365234,578.8905456542968,87.13485107421874,2.846952939033508,66.24786529541015,145.0402084350586,16.69714813232422,1.051756167411804,918.9367736816406,1543.7373297691345,5598.1532009125685,0.7841587314382196,631.8171498298645,221.62031738758088,16.10137645676732,1.9563770912587644
160.11793712135113,53.96692375397224,3.689397506855039,0.5722740757713382,22.97521247863769,8.089254570007324,20.50936450958252,3.681458163261413,2.447514271736145,1.2386178016662597,0.0893027886748314,7.019928693771362,3.1184616088867188,0.5611658275127411,0.0813813038170337,324.33135681152345,2514.2384765625,1764.8333129882812,80.77412414550781,690.5616149902344,107.48492965698242,2.905997109413147,65.18767166137695,140.35263061523438,17.5876708984375,1.0554097890853882,920.2564025878906,1545.6702918052674,5525.352142358548,0.7929662181064486,631.0610610961915,221.7116229534149,16.102348762750626,1.9619868986308573
150.03381986841924,53.592560427002994,3.756768879182687,0.5644323955773188,20.96029930114746,7.642128086090087,20.130389976501466,3.476944088935852,2.432729840278625,1.160038709640503,0.0897042088210582,7.132575130462646,3.362000203132629,0.5406487584114075,0.0838986448943615,316.4746978759766,2362.193896484375,1698.4863403320312,78.92425155639648,683.1768859863281,100.48225326538086,2.902541399002075,69.9349235534668,153.62509307861328,16.87698860168457,1.0623695969581604,904.939213180542,1500.165856218338,5281.499429407157,0.7794163145124913,617.007315158844,222.280565404892,16.221986030787228,1.970052528381348
168.0906822815363,53.0018462942322,3.627985140403303,0.66057036937774,22.763711547851564,9.018477535247802,21.22828369140625,3.595883560180664,2.3455735445022583,1.1006577014923096,0.0875139899551868,6.629418420791626,2.9205755472183226,0.596115916967392,0.0921922087669372,333.8087738037109,2784.606103515625,1860.2657836914063,80.67246017456054,652.902978515625,94.46062240600584,2.831015205383301,64.20110549926758,126.6672348022461,19.63136386871338,1.172167193889618,914.2081398010254,1550.7470407485962,5623.53466405652,0.7967700973153115,649.2674691200257,221.5313363313675,16.01061703488231,1.972091195359826
191.89536767209935,86.75804013578636,3.613294824543891,0.6410712313791578,22.10420455932617,9.83465871810913,24.375105094909667,4.118779039382934,3.4779086828231813,1.9034187555313111,0.0888082131743431,6.870246553421021,3.263457536697388,0.6094188332557678,0.0913571655750274,347.79619750976565,3060.09306640625,2126.2608642578125,90.88867950439452,980.5053771972656,164.19072875976562,2.8859252452850344,61.78294830322265,146.8806915283203,20.00686149597168,1.1456632018089294,1005.6436004638672,1561.3243487358093,5607.259271079767,0.7368652042001486,657.6174401283264,219.8265709400177,15.822062207013367,1.948887090757489
204.91877379590443,96.1388267146771,3.7766372501514978,0.5354916508804081,20.53656272888184,9.115645122528075,22.1824785232544,4.0854416847229,3.75331552028656,2.000699830055237,0.0865661084651947,6.932313108444214,3.210304832458496,0.5436939537525177,0.0780451528728008,338.5742553710937,2814.902197265625,1946.795385742188,92.23610229492188,1053.888641357422,175.09520721435547,2.814943170547485,57.60502128601074,146.57381134033204,16.643402290344238,1.0221754908561709,1008.0604225158692,1557.1936938643455,5479.570293418411,0.9702820612932556,633.3068068504333,219.85104169845584,15.848136435449124,1.9342373140156268
155.64550547158652,51.05356050732625,3.5884357355248087,0.6623125427110154,22.3063138961792,8.312503242492676,18.95426425933838,3.478460192680359,2.213112139701843,1.0443589210510251,0.0889414258301258,6.914633989334106,3.0275347948074343,0.6348034620285035,0.0881511457264423,320.16460571289065,2575.2193603515625,1635.7368896484377,78.1241081237793,618.5508728027344,89.12191848754883,2.8887887239456176,57.75217590332032,132.88764190673828,20.795581436157228,1.1502655267715454,886.901821899414,1518.2921331882476,5497.035522877285,0.7675198815762997,627.6057202339173,222.9117917537689,16.182511566579343,2.003170450031757
168.0490107280588,42.95845354230123,3.74940798091352,0.6526534516504171,15.999375820159912,11.991522026062013,27.755276489257813,3.2988974332809446,1.7979004979133606,0.9231077253818512,0.0887539021670818,7.133148717880249,3.3168101787567137,0.5995226562023163,0.0854900933802127,346.1654296875,3759.36220703125,2485.3648193359377,72.84000625610352,505.96730346679686,78.21727981567383,2.884241867065429,75.05027313232422,149.01917724609376,19.628921890258788,1.129604697227478,950.3028450012208,1478.5478035449985,5327.561673305184,0.6157998130656779,654.2510635375977,221.8135797262192,16.11315130069852,1.9751585122197863
151.88662796866993,53.65321019105422,3.6684731795796326,0.6214421383849412,20.0873104095459,7.703979539871216,19.12049503326416,3.574356198310852,2.3348034620285034,1.1742186546325684,0.0894251771271228,7.126201200485229,3.038674569129944,0.5809738516807557,0.083709118515253,316.2614166259765,2359.254052734375,1627.3944580078123,79.90744705200196,653.9091064453125,100.91256256103516,2.90044105052948,55.426968002319335,137.79214324951172,18.771738624572755,1.090329647064209,916.00333442688,1511.6428827524185,5332.545144052664,0.7649522323161364,618.6189435958862,222.5759034872055,16.165211462974547,1.9851203963160515
162.15351547278115,50.11367510941618,3.626186422590695,0.6431295727983752,20.240269470214844,8.359858798980714,20.89794692993164,3.675869941711426,2.2483922243118286,1.0832858562469485,0.0881060600280761,6.86938066482544,3.133181095123291,0.5858136415481567,0.0861683622002601,326.95606384277346,2574.779248046875,1789.275341796875,79.87351455688477,628.105322265625,93.03502807617188,2.8706512451171875,53.34278297424317,138.03840179443358,19.13639316558838,1.124868905544281,925.4581184387208,1513.6073427915574,5335.198555060383,0.7598185006529092,634.8145051956177,221.83134431838988,16.0753887347877,1.9763127740472557
182.60457041708725,88.7196522770897,3.6248511724027592,0.6111538651223896,22.15497817993164,9.03430404663086,22.82079753875733,4.061661291122436,3.678392767906189,1.8755311012268063,0.0885256119072437,6.901823949813843,3.0630460023880004,0.5528251588344574,0.0887340158224105,338.2614440917969,2799.608935546875,1983.831982421875,90.77489395141602,1039.6702697753906,162.98516998291015,2.8593788623809813,59.78257827758789,137.33875274658203,17.99134521484375,1.1015306830406189,996.3106117248536,1568.9390512943269,5587.660192252556,0.7412243086844683,638.8497779846191,219.76423501968384,15.832595831155777,1.9377104364335536
166.6983246496733,49.93665343181438,3.883695533727837,0.6319785685840088,22.79576187133789,9.071936893463135,21.463357543945317,3.6685022354125976,2.128295660018921,1.066132628917694,0.0879697732627391,7.300572872161865,3.212539052963257,0.605606859922409,0.0873624041676521,334.59443359375,2815.728125,1853.104833984375,79.62117538452148,595.3646484375,92.7082763671875,2.8647375106811523,76.32105102539063,147.7655792236328,19.73189754486084,1.1189509630203247,930.7468402862548,1518.2348464727402,5432.897982476652,0.7763518592342734,649.6264516830445,221.6117927551269,16.10838513970375,1.975130085647106
169.96729172337072,47.92384118978944,3.692743718814768,0.6228519939429361,20.519316101074217,9.168572521209716,22.135115814208984,3.4663211584091185,2.006717085838318,1.0078492999076842,0.089173125475645,6.898034954071045,3.3319927215576173,0.567067551612854,0.0836084470152855,336.80272216796874,2807.0958251953125,1939.1880981445315,77.10385360717774,561.2538818359375,87.39447250366212,2.8907217502594,52.275969696044925,152.27154388427735,18.40502147674561,1.091705071926117,928.2442695617676,1496.4710539102557,5497.119219510258,0.7312655236572028,651.8340712547302,221.7406327009201,16.05714342817664,1.9682142928242683
246.461876856842,103.99430771066343,3.6968568576810186,0.5659977754876081,20.97746181488037,10.917752933502197,27.31916275024414,4.207178974151612,4.596777248382568,2.352762055397034,0.0900598905980587,7.00414457321167,3.2296249151229857,0.5589483439922333,0.0813519306480884,352.72223205566405,3405.9237548828123,2409.548681640625,93.31071472167967,1294.9175415039062,204.22769012451167,2.906895971298218,67.29292068481445,143.70526123046875,17.586676597595215,1.0756341695785523,1032.5344543457031,1568.0427498936654,5541.066921699186,1.3764361216919496,643.9059784889221,220.04499719142916,15.989322312921283,1.9518997617065907
165.3979567677896,51.93125439264541,3.710300832985149,0.6219254183264639,21.47732639312744,8.40680913925171,20.480833435058592,3.5431429386138915,2.245950627326965,1.1298338413238525,0.0902021460235118,7.093685102462769,3.2154042959213256,0.5728739142417908,0.0856424301862716,326.8589324951172,2599.5888671875,1786.4283569335937,79.29003295898437,630.1150268554687,98.16033554077148,2.912826013565064,74.65311813354492,145.68238677978516,18.588287544250488,1.0995697379112244,920.8607234954834,1498.7187841892242,5422.449077859148,0.758471654728055,636.5303129196167,221.9564012050629,16.16577726826072,1.9747878663241865
204.36983536059412,98.91354046211929,3.690336511162605,0.5676997006840793,21.971492767333984,11.12210159301758,26.96580867767334,4.128360605239868,5.200594758987426,2.361223292350769,0.0886031314730644,6.879584646224975,3.144916844367981,0.5099709808826447,0.0872100621461868,352.34373168945314,3430.949877929688,2356.647314453125,93.14341812133787,1462.4236328125,200.98614501953125,2.861642050743103,56.19965782165527,141.0073669433594,16.21649799346924,1.0987433671951294,1022.7582391738893,1657.0048609375954,5884.700085801259,1.0800549662671983,656.5157327651978,220.21961364746093,15.927344788610936,1.9416109468787908
242.0816858288934,103.25855586507532,3.673238278422423,0.6383943628921998,21.0706205368042,11.029485511779786,25.651025390625,4.109543991088867,4.612843322753906,2.2359277486801146,0.0891379833221435,6.748559713363648,3.0546855688095094,0.6059290170669556,0.0947483137249946,353.6290435791016,3402.5438720703123,2264.806884765625,92.92494506835938,1292.8263427734375,191.4944564819336,2.9000560998916627,64.55185241699219,135.25080413818358,19.877842712402344,1.1678629755973815,1018.2949506759644,1575.153545308113,5537.571661697328,1.405038402811624,645.3088578224182,220.28529205322263,15.968717747181651,1.9694143418222665
150.91867482052186,53.247296272892434,3.690464384616189,0.616293168261052,21.869632148742674,7.65232219696045,18.598730087280277,3.648971772193909,2.45103235244751,1.2177585005760192,0.0869515985250473,6.858210182189941,2.950097179412842,0.5741986513137818,0.083041700720787,316.41954650878904,2353.649560546875,1581.2298706054687,80.75322265625,685.5172180175781,105.2014373779297,2.8298921823501586,52.94527931213379,130.3711196899414,18.54500980377197,1.0880975365638732,883.0846054077149,1502.7863121986388,5313.176834112918,0.7943107351660729,620.4869057655335,223.15029094219207,16.177743622660635,1.9905333712697029
149.9570382406324,52.84606627132844,3.764217080162143,0.6192884138654108,22.28577442169189,7.5772041320800785,19.024760246276852,3.695890021324158,2.322804927825928,1.1843997478485109,0.0877051569521427,7.273467302322388,3.1754310369491576,0.5453499317169189,0.0823136061429977,316.12827758789064,2351.8684326171874,1614.271142578125,80.39107055664063,650.2505065917969,100.90976181030274,2.844429349899292,61.025031661987306,144.94036102294922,17.633971977233887,1.0878036141395568,900.2793098449707,1471.3641931533814,5183.46705800239,0.7539315240457654,620.0233980178833,223.027954864502,16.193640717864035,1.9843634441494944
154.84910749124683,51.7790700014114,3.7556535426322855,0.662198955691872,19.650420570373534,7.908060312271118,20.42728309631348,3.590169978141785,2.236957573890686,1.130971074104309,0.0888374216854572,7.177687311172486,3.091630053520203,0.5799996316432953,0.0900833435356616,320.3297607421875,2428.43046875,1734.4642456054687,78.7113037109375,629.8248291015625,96.46258392333984,2.86869637966156,64.68111419677734,142.3124572753906,19.051351737976077,1.1598336935043334,903.728154373169,1484.1943141937256,5209.945651819883,0.7598224176093936,624.2452165603638,222.4441308736801,16.160607653856278,1.9871008846908809
161.09304933423118,93.13617495654162,3.6760020633700377,0.5622591982112113,22.572419548034667,8.091804695129394,20.437302780151366,4.0266834735870365,4.170334148406982,2.124617314338684,0.088907153904438,6.813868618011474,3.039041519165039,0.5189133644104004,0.0787276715040206,320.91083374023435,2517.6835693359376,1737.77958984375,90.4159896850586,1177.0784057617188,184.84725494384764,2.8838165998458862,68.90468826293946,136.15045471191405,16.17519340515137,1.0386108040809632,1004.9351585388184,1585.2450739860535,5485.763260573335,0.7335155189037323,616.0326662063599,220.66228866577148,15.978258557617664,1.939227253198624
158.71456537278718,52.653166903737656,3.598751353013495,0.6546683699388609,21.73567943572998,8.609399700164795,19.62265472412109,3.6036417722702025,2.43408751487732,1.143760621547699,0.0887515172362327,6.44252495765686,2.8856904029846198,0.5764412343502044,0.0878410622477531,324.7386840820312,2646.350830078125,1706.611962890625,79.92373046875,682.1389953613282,98.58234481811525,2.8829598426818848,61.30767478942871,125.67676544189452,18.89555835723877,1.1424556374549866,901.5284744262696,1531.7426475286484,5508.84196693399,0.7683412218466401,634.8113515853881,222.29698705673215,16.10417195856571,1.9790203902870416
148.70334977125603,56.59621564636982,3.554731829087018,0.6612851601005559,21.690243911743163,7.850393438339234,18.301390075683592,3.540264201164246,2.462812542915344,1.2582581758499145,0.0893782123923301,6.773392677307129,3.1474942684173586,0.6336636900901794,0.0941111460328102,315.6061706542969,2401.470556640625,1552.485693359375,80.5830307006836,691.55908203125,107.46634063720704,2.9022789478302,48.9916187286377,137.72430877685548,20.80699214935303,1.1769653677940368,906.6189796447754,1513.4801159143449,5283.469437543768,0.8046935893595218,620.024006652832,222.9474582672119,16.178832334280013,2.003987164795398
224.3123439640949,98.68291522930268,3.6987268234652446,0.5853698647045917,20.818202781677247,11.499277305603028,27.733270835876464,4.187913227081299,4.655513095855713,2.4107434511184693,0.0885375060141086,6.823469638824463,3.005061745643616,0.5584550738334656,0.0896214269101619,351.5639953613281,3578.078198242188,2429.987353515625,92.47589340209962,1306.928564453125,206.0083038330078,2.8492932319641118,53.9579833984375,133.99734497070312,17.922649955749513,1.1122995018959043,1045.240291786194,1595.0475105524065,5646.81964655309,1.18912065718323,647.9613842010498,220.3455547332764,15.91584869325161,1.95540938898921
168.29222719437675,88.73013263321118,3.693724286450151,0.6200919060345086,20.518437767028807,8.603235626220703,22.412939262390136,4.049772548675537,4.246574831008911,2.1275519371032714,0.0870745338499546,6.538043546676636,3.0875092267990114,0.5718708515167237,0.0820849679410457,329.89064331054686,2642.280932617188,1930.6285888671875,89.99905471801758,1201.3582275390625,185.2663360595703,2.81872444152832,62.28051223754883,137.0788558959961,18.56151962280273,1.0845951437950134,1006.8997772216796,1580.9498118400577,5582.055449332297,0.7014409169554711,629.593235206604,220.9057974100113,15.892052324861288,1.9537791155278683
153.50933489220262,57.76258762608322,3.859576516157949,0.6284014526409123,22.20442485809326,7.939352750778198,19.68198566436768,3.6561670303344727,2.5134294271469115,1.3507475018501285,0.0876532793045044,7.082281446456909,3.191433119773865,0.610753858089447,0.086436165869236,315.6747344970703,2443.4411865234374,1707.1711303710938,82.59280166625976,703.68134765625,115.52195434570312,2.841498470306397,73.1692108154297,145.98529815673828,19.83945770263672,1.1086984515190124,912.1376323699952,1535.9721579790116,5376.345931865741,0.8176273964345455,618.6310394287109,222.2269045114517,16.164608688652514,1.9877059273421764
152.45196523699997,54.05374293738423,3.70278033071836,0.6496929121623907,21.528718948364254,7.995126008987427,18.834193992614747,3.5525012493133543,2.3480257749557496,1.1966042041778564,0.0880849488079547,7.029853582382202,3.059953761100769,0.6044728934764863,0.085331442952156,315.91953735351564,2450.2876953125,1615.221337890625,80.05881423950196,662.4171203613281,102.10944213867188,2.8565420866012574,55.98214530944824,137.5506805419922,19.7249813079834,1.125179946422577,902.7031894683838,1518.8993989467622,5369.7487172252495,0.793992150016129,619.3967664718627,222.79241025447843,16.15485005825758,1.9949022453278304
153.6923962996654,54.67460268710092,3.588715795062967,0.5623393662259787,23.19064826965332,8.169151115417481,18.70491752624512,3.4761739492416384,2.3695693969726563,1.1647624850273133,0.0889899961650371,6.533553409576416,2.938762736320496,0.5271505653858185,0.0808179289102554,318.6981536865234,2522.09052734375,1621.7929443359376,78.80861587524414,667.853466796875,101.17964782714844,2.895232820510864,68.89884033203126,126.74641952514648,16.37694892883301,1.046680927276611,897.6676734924316,1538.2745318889615,5495.221788785001,0.7834170419722796,622.5953189849854,222.21342661380768,16.15712128728628,1.9627391681075097
154.89865998874447,53.5298253148685,3.728323229713169,0.5905756169107577,22.74859790802002,7.740665769577026,18.77874622344971,3.6288322687149046,2.455920600891113,1.1458921432495115,0.0875605873763561,6.911518001556397,2.9913670778274537,0.5308287441730499,0.084865965694189,315.95872497558594,2385.801440429688,1630.9326782226562,80.99805297851563,684.8503662109375,97.602734375,2.830079174041748,59.256047058105466,134.62147827148436,16.907303237915038,1.079671859741211,910.5518119812012,1528.6246595859527,5427.315955122793,0.7935667565092445,617.0445692062378,221.9166197538376,16.104004158824683,1.9649302028119564
233.9053399659417,101.23502021815293,3.759591014982516,0.650037971748884,20.63698387145996,11.767854404449462,26.569743156433105,4.269588232040405,4.718521022796631,2.429683661460877,0.0899329222738742,6.769479274749756,3.30155930519104,0.566360068321228,0.0922323986887931,355.7736877441406,3653.008056640625,2298.814599609375,92.76619873046874,1334.1033569335937,207.46192474365236,2.891748785972595,66.88897705078125,149.14386749267578,18.63561553955078,1.1759594917297362,1021.8100517272948,1600.7922786474228,5617.484309502039,1.329731361195445,650.0687864303588,220.6560874462128,15.99681267887354,1.9634177163243292
196.35916852480003,96.8670290467664,3.622178107762602,0.6316984372025332,23.670166015625,9.280207538604737,23.281059646606444,4.057978963851928,4.566721200942993,2.1667529582977294,0.0880357660353183,6.431716632843018,2.92287826538086,0.5726734220981597,0.0904272697865962,338.2526885986328,2871.3544189453123,2035.7057739257807,91.70477905273438,1285.47841796875,188.61352081298827,2.844606804847717,59.799079513549806,126.73593521118164,18.73080768585205,1.139592945575714,1008.8718238830568,1584.0500092148782,5511.64178182953,1.0035978603758848,634.2461099624634,220.7582839012146,15.9277430832386,1.959251469373703
225.14832145503388,96.78616045514936,3.597969775666752,0.5708872301448082,22.97285442352295,10.398646926879882,24.72942371368408,4.241494750976562,4.402204990386963,2.2151488780975344,0.0877143204212188,6.386905860900879,2.8658826112747198,0.5381052494049072,0.083598243445158,351.0797424316406,3236.988940429688,2178.359741210937,92.25066452026368,1241.0178833007812,190.9870590209961,2.8370430946350096,44.82817001342774,122.73542022705078,17.070499610900878,1.0732820987701417,1015.0470714569092,1567.8144518613817,5552.752951241471,1.162092063901946,649.8830377578736,219.6858839273453,15.84641892835498,1.9363878965377808
176.7066575415578,87.56666572550785,3.587610958936807,0.6582657643085668,21.6144681930542,9.318772315979004,22.03843002319336,4.048809480667114,4.062606644630432,1.9395935893058776,0.0879325181245803,6.258408212661744,2.954391860961914,0.6058507800102234,0.0881188996136188,336.3292236328125,2880.81259765625,1902.8793212890623,90.53071899414064,1143.1130249023438,169.0860336303711,2.8437177419662474,60.68002967834472,127.60277404785155,19.923437309265136,1.1488987922668457,1003.6773094177246,1578.540581893921,5533.224742784119,0.7206264356151223,639.3685578346252,220.7117683172226,15.859812559187413,1.960005209967494
159.0367730111815,50.29537750730542,3.5668021242712937,0.6574307715205009,20.915675926208497,8.29375400543213,20.870705795288085,3.620599031448364,2.164570045471192,1.0824633598327638,0.0882415384054184,6.417855978012085,2.9697402238845827,0.6103123843669891,0.0928055889904499,325.4977020263672,2557.612841796875,1778.57119140625,79.34555130004883,604.9928955078125,93.6900260925293,2.859556603431701,57.31368446350098,127.7058364868164,20.045901679992674,1.168781077861786,899.4181339263916,1515.757291007042,5377.053061259119,0.7827741557732224,634.8718751907348,222.27863738536837,16.10118110999465,1.989111652225256
148.3528456755048,54.21796995782588,3.646173496435813,0.6268363951124684,21.393827056884767,8.206097602844238,19.605138778686523,3.5804675579071046,2.29367401599884,1.1852707624435426,0.0876308552920818,6.573032188415527,3.047122669219971,0.5853718996047974,0.0878123179078102,316.3433990478516,2523.7733154296875,1656.704248046875,79.71731567382812,648.1046813964844,102.65585250854492,2.8411874055862425,52.31991882324219,134.00289764404295,19.016412353515623,1.1148149013519286,908.1809497833252,1485.7543878316878,5241.197768826084,0.7772984374314547,618.2627801895142,222.48551785945887,16.14359292238951,1.9884458869695665
149.11175304132848,53.30907297950444,3.588880289410781,0.6264319510943779,23.03725395202637,7.850544500350952,19.18147773742676,3.612454295158386,2.4242213010787963,1.121222448348999,0.0888739094138145,6.452661418914795,3.020362067222595,0.5761494636535645,0.0889641061425209,315.81493225097654,2435.290234375,1621.6825561523438,80.5928108215332,674.8044982910156,96.64150772094726,2.878567695617676,67.40562896728515,130.45203857421876,18.73467063903809,1.1197230458259582,889.2018028259278,1520.6072523593905,5407.0769243035,0.7876713005825877,618.3919774055481,222.4068659543991,16.157523484528063,1.9845130287110808
161.52906651233496,47.857413280212405,3.73287584384459,0.6053206805323385,20.75383415222168,8.079962635040284,20.77160587310791,3.5619876861572264,2.05819194316864,1.0047468900680545,0.087532915174961,6.945689010620117,3.231458830833435,0.568171888589859,0.0836093187332153,324.5019134521484,2489.3188720703124,1789.6792724609377,77.98942794799805,575.7292358398438,87.09510955810546,2.8362026453018188,55.75376586914062,145.73101043701172,18.20324573516846,1.0849621057510377,914.6923721313476,1497.099860739708,5372.413610885665,0.7586166201159358,630.7630124092102,222.06896042823792,16.100773383677005,1.975812181085348
159.80650038688836,53.3278286106628,3.777274148699007,0.6495999813000595,22.32806510925293,7.938820171356201,21.030960464477538,3.6061789274215696,2.4264121055603027,1.2202101945877075,0.0872837476432323,7.165980672836303,3.2917038917541506,0.6302025198936463,0.0907776571810245,323.4254211425781,2454.969213867188,1819.2486572265625,80.47203674316407,682.1010925292969,104.31416244506836,2.831959748268128,59.19625663757324,149.61279907226563,20.63032302856445,1.149795138835907,916.6903079986572,1529.3014090299607,5409.194061096152,0.8061139589175582,631.6443963050842,222.29134595394132,16.098243473470212,1.99105155877769
157.34250746390316,51.87841294394502,3.74104906194309,0.6063434804808594,21.97245502471924,8.109303283691407,20.82269992828369,3.549903464317322,2.3473180770874023,1.148384952545166,0.0880953185260295,7.170332193374634,3.1108497619628905,0.5748485803604126,0.0861030779778957,323.6735870361328,2523.04990234375,1761.8385009765625,79.46848526000977,660.5217529296875,98.82143096923828,2.853217434883118,64.13406753540039,140.67241363525392,18.47623405456543,1.094644844532013,912.2124996185304,1501.7626752853394,5275.784443693468,0.7756065566092729,630.5435027122497,222.08321540355684,16.108344144374133,1.9768037974834445
163.28899101033386,53.06669026698073,3.600692545569564,0.6636720270443334,21.93708953857422,8.640427398681641,20.278578758239743,3.5438271522521974,2.344150519371033,1.1218293190002442,0.0888791494071483,6.5861083507537845,3.0208606243133547,0.6424631178379059,0.0914372317492961,327.1160095214844,2675.951025390625,1768.647314453125,79.58733367919922,657.3490173339844,97.64267501831054,2.8786489963531494,51.64055595397949,133.55570373535156,21.099549102783204,1.167062485218048,931.8787826538086,1470.9590961694716,5310.085021757894,0.735939533635974,639.2734686851502,222.3861346960068,16.101648957282304,1.9979574978351595
203.60138363996083,103.2758730960404,3.76303186169996,0.6301208288869475,21.45998344421387,11.366801452636718,27.42776527404785,4.059105920791626,4.954497051239014,2.588461494445801,0.0888058245182037,6.911945724487305,3.338665509223938,0.6063643336296082,0.0936302356421947,351.5973480224609,3515.6981689453123,2383.48564453125,92.47169342041016,1387.844189453125,224.44956970214844,2.8836798429489137,61.75643539428711,152.94745941162108,19.814249801635743,1.1554906964302063,1029.138328742981,1628.478755044937,5711.161825790536,1.025960531644523,657.9984840393066,220.99894127845764,16.01581278294325,1.9766532462090252
158.6242574295211,50.09382075123976,3.6697617799515223,0.5764139712157202,21.35404758453369,8.615206909179687,20.142755889892577,3.5469778537750245,2.259238290786743,1.066468071937561,0.0878488637506961,6.700737619400025,3.246463751792908,0.574027818441391,0.0848535358905792,326.1953979492188,2655.8730224609376,1727.7357055664063,78.75960922241211,629.5638000488282,92.44741668701172,2.8636433124542235,58.72972984313965,144.38787536621095,18.327618217468263,1.0707446694374083,906.2647159576416,1478.298765206337,5286.07032447001,0.7335738409310579,634.029083442688,222.0197027921677,16.095312325656415,1.97590466812253
166.71961835279436,50.2149727318998,3.774111947335427,0.6534227640228778,20.866027641296387,8.831964302062989,20.48984909057617,3.5394613265991213,2.215760850906372,1.1150917410850525,0.0875035814940929,6.80731167793274,2.983127069473267,0.5765273988246917,0.085602631419897,329.9193298339844,2727.5130126953127,1785.9763916015625,77.79207305908203,622.5711975097656,95.26716537475586,2.8293715715408325,65.28946075439453,134.8279052734375,18.886976051330567,1.1336645007133483,922.1722679138184,1534.2248989343643,5546.513999266084,0.759057380631566,640.7277291297912,221.88414175510405,16.080339056253433,1.9737150557339191
155.12507688817496,52.69435572461653,3.558923280246268,0.5805100135311477,21.070469856262207,7.7735357761383055,20.254738426208498,3.460125875473022,2.3717787504196166,1.1750847458839415,0.0895430825650692,6.544482469558716,3.118599963188172,0.5601351439952851,0.0806410551071167,319.0965881347656,2404.523974609375,1730.5414916992188,78.47623062133789,665.6092468261719,102.03545608520508,2.9099812269210816,60.03228454589844,135.7373291015625,17.568462944030763,1.0556509613990783,897.0007629394531,1534.232656145096,5471.652206151281,0.7775887813419103,623.789794921875,222.55050711631776,16.16662864536047,1.9743363924324515
155.00694754395954,52.30672222841804,3.6768462535270823,0.5859483839255063,20.68632640838623,7.991686391830444,20.822886657714843,3.514029932022095,2.3283377647399903,1.1231963276863095,0.0896099738776683,7.025205326080322,3.26993088722229,0.533225554227829,0.0817568257451057,322.5340637207031,2454.328564453125,1768.0971923828124,78.93861694335938,653.1686279296875,96.80722045898438,2.917383408546448,72.45819625854492,145.38025817871093,16.865908050537108,1.06682687997818,901.1617183685304,1521.183758044243,5396.505587736936,0.765465610474348,627.6806590080262,222.08928422927855,16.176937455683948,1.964934861660004
162.1137667635863,48.97867591766362,3.6640489609461375,0.6633554812576221,19.314994430541997,8.178792667388915,20.22497100830078,3.5447109222412108,2.053346109390259,1.057492804527283,0.0876280911266803,6.848084449768066,2.8999742031097413,0.5785136163234711,0.0865376435220241,323.4717163085937,2503.7118408203123,1753.9942138671877,77.53381118774413,575.1680114746093,90.07557373046876,2.847920846939087,70.96776428222657,126.00334930419922,18.988566398620605,1.1457884430885314,923.3264472961424,1506.588571023941,5460.528637731122,0.7363019049167633,629.7067752838135,222.4486466884613,16.137346095591784,1.9834656115621327
153.68261621917628,55.30842264315688,3.6834265885999686,0.583276448623485,21.744924354553223,7.773417663574219,18.776394653320317,3.6534167289733888,2.5670257806777954,1.2803850293159484,0.0875449314713478,6.570830917358398,3.044042682647705,0.549621719121933,0.0817965671420097,316.5246002197265,2393.0889892578125,1612.6632568359375,81.32344589233398,723.4964111328125,109.80477294921874,2.8533682823181152,58.9102897644043,133.92022094726562,17.352470016479494,1.0640603303909302,909.836964416504,1549.0915850639344,5447.450320038758,0.8056209970265626,616.7644247055053,221.93477425575256,16.10371880531311,1.9653846226632596
157.62257995599504,53.89095996829165,3.738887004809498,0.6076963428418594,21.517512321472168,8.528216934204101,19.4678014755249,3.535827398300171,2.478535008430481,1.218009114265442,0.0885098554193973,7.248150634765625,3.199661922454834,0.5592480063438415,0.0817945033311843,323.8501251220703,2634.3872314453124,1664.0914916992188,79.29470596313476,696.4595764160156,104.73220520019532,2.8644817590713503,54.82628402709961,146.95077819824218,17.909772682189942,1.0780682206153869,898.2925117492675,1531.5699063777924,5443.741415867768,0.7902266619727015,632.3030374526977,222.35347278118127,16.105299456417562,1.9725023329257965
156.15880243487263,54.8145140671988,3.586861456061388,0.5780707256075175,21.16834545135498,8.143699645996094,19.2533842086792,3.5742465019226075,2.491663765907288,1.2275213956832889,0.0877272717654705,6.337043380737304,2.940015959739685,0.5317730128765106,0.0793916478753089,320.4776092529297,2519.2016845703124,1649.2513305664063,80.99762344360352,693.6164123535157,106.25389862060548,2.8308835506439207,48.98924942016602,125.3528205871582,16.71843013763428,1.051821160316467,927.3815425872804,1537.7501678705216,5431.647010201448,0.7968122696503996,623.5756167411804,221.4942713022232,16.067699268460274,1.9564145110547544
158.819155374189,52.94572270405733,3.733297411784747,0.5448509536440497,21.232247734069823,8.332241249084472,19.519306564331053,3.5355854511260985,2.4309706687927246,1.146146023273468,0.0866576723754406,7.030566644668579,3.1132296562194823,0.5326415657997131,0.0821400053799152,323.7058959960938,2572.1202880859373,1673.2485595703124,80.04878997802734,677.7311767578125,99.3038543701172,2.8251622200012205,57.47922821044922,138.37783813476562,16.4090877532959,1.0419798016548156,922.6964111328124,1534.5316971063614,5462.971931294538,0.778520574234426,627.9093627929688,221.4219829559326,16.051259335130453,1.9525209195911883
162.0093449442029,51.17762564617988,3.682305830869768,0.669068924472026,22.002284622192384,8.657291412353516,20.11623058319092,3.5315569162368776,2.195980954170227,1.0827950358390808,0.0876613534986972,6.514881324768067,3.00995557308197,0.6257209122180939,0.0886830449104309,327.702880859375,2684.59765625,1723.8108154296874,78.8352653503418,617.9479431152344,92.61896514892578,2.8443631887435914,60.33612480163574,132.82924041748046,20.57873249053955,1.1612555265426636,910.7373733520508,1550.8628978729248,5554.418965380313,0.7942887807264924,638.4978965759277,222.17296464443208,16.088801041990518,1.9878842640668155
156.28404675643833,51.55099948302804,3.7672472882537695,0.6336354367589706,19.393150329589844,8.399321746826171,19.131319046020508,3.5956604957580565,2.344830250740052,1.1533684492111207,0.0877714872360229,6.943046998977661,3.202421832084656,0.5695630431175231,0.0904671899974346,321.5043975830078,2568.9583984375,1639.1620727539062,79.66694488525391,657.3903564453125,98.69694213867189,2.837335801124573,62.79468765258789,145.33234252929688,18.590748023986816,1.1353506565093994,913.8538017272948,1524.2193669080734,5430.897245934466,0.7663389481604099,626.8608675003052,222.1479734897613,16.11410859823227,1.9773264598101377
203.09699809193552,89.28182468386566,3.5897237699577547,0.5718232793755078,19.91764278411865,9.54694871902466,24.38580665588379,4.14081563949585,3.701748847961426,2.009692299365997,0.089866978675127,6.520426225662232,3.0674505472183227,0.5317455112934113,0.0803067363798618,344.8259735107422,2960.39072265625,2083.7885986328124,90.600936126709,1047.0432983398437,172.6320785522461,2.886388969421387,45.9059555053711,135.16705017089845,16.781926345825195,1.0547066807746888,1004.7031057357788,1573.9527888536454,5559.52385672573,0.9557109021116048,643.8678153038024,220.0246237039566,15.872893067449333,1.9349331058561805
167.52807000936227,50.07527233646916,3.6726194995566175,0.6682739467042438,22.37864398956299,8.699861335754395,21.40890312194824,3.5188477993011475,2.132115435600281,1.0967740416526794,0.0898727633059024,7.0358631134033205,3.3324753522872923,0.6396455049514771,0.0900790207087993,331.4642669677734,2704.1408203125,1867.5228759765623,78.6732681274414,594.2288452148438,93.45445022583009,2.9100425004959107,66.8640007019043,150.15259246826173,21.039376068115235,1.1663406133651733,923.729309463501,1527.0529553651809,5524.623098973092,0.7674054250121116,645.9693801879882,222.1654447555542,16.14308168143034,1.990588168427348
162.92545487804674,49.33004696226563,3.5924764639861224,0.5793308817044703,22.697436904907228,8.573182201385498,21.2875919342041,3.6372866868972777,2.2705483436584477,1.1012479424476624,0.0877915769815445,6.363618898391724,2.9747745990753174,0.5216900169849396,0.0840249143540859,329.38713989257815,2659.7878662109374,1837.316943359375,79.29666290283203,634.7768127441407,94.3003173828125,2.848633599281311,54.84051475524903,128.4981491088867,16.511632347106932,1.070159077644348,906.846488571167,1520.239454603195,5528.61742134979,0.7708800269290805,640.7741171836853,221.6632077217102,16.047010204195978,1.9555281110107896
146.41852422084486,52.53683256080376,3.621182784764142,0.620821044700483,21.339871215820317,7.787830543518067,19.6755708694458,3.595116448402405,2.2285065412521363,1.1512081384658814,0.0896965779364109,7.060954904556274,3.10341272354126,0.5690385580062867,0.0899396941065788,315.8103546142578,2378.87177734375,1660.7999145507813,79.0111068725586,621.9826782226562,99.18618392944336,2.9046816349029543,61.82235221862793,138.1671569824219,18.43640880584717,1.1310434818267825,883.9888347625732,1464.99207072258,5207.079215664696,0.7528396462090313,623.9900915145874,224.54954912662507,16.312586810439825,2.006274416297674
208.93289701497412,103.22472252873996,3.671706881075648,0.5930639489617988,20.647813034057616,10.873955345153808,26.900480842590333,4.097347736358643,5.20893669128418,2.4653401613235477,0.0900398664176464,6.878733110427857,3.164418721199036,0.5635894417762757,0.0877491533756256,345.70836181640624,3383.9908447265625,2361.631298828125,92.88692474365234,1467.88115234375,214.19021301269527,2.9125831842422487,68.52506484985352,140.0556884765625,18.154405784606933,1.1185686230659484,1042.86643409729,1623.9262935757638,5691.460415707249,1.0743879223242403,648.4339710235596,220.895179605484,16.046113435178995,1.9649163156747815
150.65993631610837,54.034181443223495,3.831366166328144,0.5706086728449009,21.898088645935054,7.967168617248535,19.335752868652342,3.558241629600525,2.3325557470321656,1.1765670895576477,0.0873906098306179,7.120764350891113,3.373514413833618,0.5689552187919616,0.0804781951010227,315.90782470703124,2459.422802734375,1640.675695800781,79.68774032592773,657.6091125488281,99.97499008178713,2.8463742971420287,75.13301544189453,151.54164123535156,17.707944869995117,1.04962717294693,908.586946105957,1522.9366890907288,5377.470598247787,0.8138507932424546,617.9904253959655,222.39934089183808,16.212679307162762,1.9760305367410185
159.232406040559,49.39704839671303,3.64578880315064,0.6229973273661471,21.228111839294435,8.552072048187256,19.53310031890869,3.36256628036499,2.107773995399475,1.0320831060409543,0.0880286954343319,6.592179536819458,3.046709156036377,0.568590372800827,0.0842224955558776,324.4813232421875,2645.0930419921874,1679.5822509765626,76.44911193847656,587.6034362792968,89.80344085693359,2.867081952095032,50.00063171386719,134.50659790039063,18.433439445495605,1.0968292951583862,917.994815826416,1477.382796907425,5372.807758570835,0.7260254019871354,631.182248878479,222.312331533432,16.14259501248598,1.9812566183507443
155.69385495376628,50.75552393193348,3.578633471005651,0.555554758861956,22.805508613586422,8.435455799102783,20.01873359680176,3.6074413061141968,2.346025896072388,1.1551674604415894,0.0895166665315628,6.801582956314087,2.9405010461807253,0.5315268814563752,0.0835723094642162,324.225537109375,2585.77548828125,1739.75146484375,79.28761138916016,656.5138977050781,99.5842903137207,2.8891508102416994,61.5785758972168,128.65931701660156,16.498876571655273,1.0537846326828002,905.2069999694824,1521.72153942585,5502.740220998507,0.7646495297551155,632.0515748977662,221.97107622623443,16.101259229332207,1.9601406566798687
159.46498672492308,51.46400244647648,3.7966331301243135,0.6366712708091313,21.56283645629883,8.630050754547119,20.887194442749024,3.668808579444885,2.219169402122497,1.1558359026908875,0.0877421669661998,7.25954303741455,3.117466735839844,0.6127207577228546,0.0915777795016765,328.3545867919922,2636.0194091796875,1818.0002319335936,79.76335906982422,624.6065124511719,100.1422508239746,2.854873538017273,70.49486618041992,141.1052993774414,20.014339447021484,1.1423453330993651,904.7856960296632,1548.3649847984314,5562.811953188479,0.7771916732192039,639.6850834846497,221.99357097148896,16.10998870804906,1.982218787819147
189.5312332612048,95.2914093876092,3.5005898736629435,0.5626584764660152,20.410688400268555,9.201953411102297,22.583727264404292,4.09646520614624,2.908157777786255,1.5732293367385863,0.0886943086981773,6.701110219955444,3.147668147087097,0.5165613114833831,0.0805869728326797,342.82392578125,2855.6703369140623,1937.5894897460937,91.0188133239746,823.3211547851563,135.0529884338379,2.852653956413269,62.98673439025879,137.3430389404297,16.29151306152344,1.0396538257598875,980.4936092376709,1534.589261174202,5454.113852151216,0.7349847516044974,641.5932656288147,219.21147532463075,15.787761785835029,1.918458015099168
163.27531873099505,47.855286564071136,3.654761521761953,0.613995726080384,21.546848678588866,8.582896709442139,19.993252563476563,3.5975502490997315,2.0050457239151003,1.0731703400611878,0.0892754338681697,7.046604108810425,3.083309864997864,0.592216145992279,0.0872874520719051,326.7041839599609,2632.5962158203124,1751.9705322265625,78.73022232055663,558.6189758300782,91.01080703735352,2.900651526451111,55.5342041015625,139.0481689453125,19.13759765625,1.101612663269043,913.231396484375,1479.895240187645,5323.817627645005,0.751207366399467,635.992308139801,222.14749217033383,16.1136772967875,1.9827082842588424
163.69096505760027,52.49779734186095,3.5556212067781643,0.5662050646353919,23.003767013549805,8.88749008178711,20.63483295440674,3.5336599826812742,2.314969801902771,1.147361981868744,0.0899183869361877,6.742368745803833,3.1103919506073,0.5627229511737823,0.0799070745706558,331.15806274414064,2761.94033203125,1803.640954589844,79.3964241027832,647.8362976074219,99.65316314697266,2.8955503702163696,49.82985076904297,135.58462524414062,17.520595359802247,1.0438047051429749,935.1451438903808,1483.544493985176,5391.117718413891,0.7405243819579482,643.5791008949279,221.5196100473404,16.05911467447877,1.961740942299366
167.30559061806852,88.90865694809563,3.653710334405673,0.5646580873524613,22.583704948425293,8.490578174591064,22.04876136779785,4.063160991668701,4.316375970840454,2.134364676475525,0.0874862819910049,6.803330039978027,2.859941005706787,0.5257155776023865,0.078076022863388,326.80359802246096,2605.13486328125,1930.924890136719,91.18429489135742,1207.9137451171875,183.2745742797852,2.839697742462158,47.30446357727051,127.54889068603516,16.41847038269043,1.0361385226249695,1010.2952239990234,1581.6005308151246,5529.004300880059,0.7408412486314774,626.5473556518555,220.3702855825424,15.881044843792916,1.935516890138388
166.68305941280414,50.05350956387838,3.580084858596706,0.6540663152663229,19.662042808532718,8.40246753692627,21.51975498199463,3.3956666231155395,2.221063494682312,1.0388930201530455,0.0895475357770919,6.631235980987549,3.1481982946395872,0.5773097336292267,0.0913175269961357,331.01764526367185,2614.112255859375,1851.6832275390625,76.75597457885742,625.7041931152344,89.45548858642579,2.887429976463318,59.53044700622559,140.25843505859376,18.937883377075195,1.1663114786148072,908.8345149993896,1464.135278058052,5313.212352857879,0.7207566948607564,644.5147756576538,222.9872463941574,16.16331232637167,1.9882876716554163
152.04606998091475,55.872351956290096,3.548797729862804,0.6263402434999079,21.625900650024413,7.724271154403686,20.008710289001463,3.644528245925904,2.6142024278640745,1.2438424587249757,0.0887250617146492,6.54622802734375,3.0385761737823485,0.5524994671344757,0.0821006171405315,315.63177795410155,2389.67392578125,1708.318017578125,81.24499130249023,734.9078796386718,107.53621444702148,2.875512051582336,47.01309509277344,130.72294006347656,17.922577476501466,1.0878148198127746,904.604388809204,1535.2817793130876,5351.042714515887,0.8118608936667442,617.9304323196411,222.30251314640049,16.13397574201226,1.9747424118220809
160.230548257567,52.30418815877238,3.7654952085373,0.5954720349740796,19.79176158905029,8.07411060333252,19.97878150939941,3.525286412239075,2.2305110931396483,1.0954542875289917,0.0870654284954071,6.7893470287322994,3.2436208724975586,0.5477791607379914,0.0867515318095684,322.1171936035156,2473.105517578125,1733.4616455078126,78.86747970581055,624.7470275878907,93.48912200927734,2.8202099323272707,61.20657806396484,145.8401123046875,17.525239372253417,1.0894536256790162,933.8572402954102,1499.3027551174164,5354.233393041184,0.7431400075554848,626.6325442314148,221.9625244379044,16.101499126851557,1.9688382185995577
156.19260703776962,52.51503587886837,3.695816922855352,0.6222747832002369,21.69276123046875,8.149588871002198,19.518314933776857,3.5658884048461914,2.312830209732056,1.2058872938156129,0.0884397536516189,6.609800338745117,3.129187560081482,0.5984617710113526,0.0891219712793827,320.5269317626953,2524.850146484375,1676.6654663085938,80.1258171081543,647.1528747558593,103.12101211547852,2.862449026107788,69.16946792602539,138.6202850341797,19.42871036529541,1.1155608892440796,911.4461917877196,1488.759607553482,5269.493493695045,0.7685313960537314,626.6354023933411,222.3053923368454,16.145168659836052,1.9878635376691816
157.08780794507038,54.6123925351686,3.583026861120606,0.621956752779613,21.28016567230225,8.03385887145996,19.546972846984865,3.633490228652954,2.4273310899734497,1.2216152906417848,0.0883040003478527,6.768781471252441,2.9271334171295167,0.5878547608852387,0.0815282255411148,319.468115234375,2463.509228515625,1699.2664672851563,80.85864791870117,677.0075500488281,105.23376388549804,2.865487504005432,56.30278816223144,127.28935012817382,19.01990528106689,1.0790008068084718,928.6301021575928,1506.2495255231856,5236.291216647997,0.7804112302139401,624.3947014808655,222.1830556869507,16.114582686126234,1.9818465426564216
166.32543745656585,49.20739384151202,3.6504753285926426,0.5597631550045093,20.073522567749023,8.24541416168213,21.519705390930177,3.557229495048523,2.2356014013290406,1.0249874353408814,0.0889982961118221,7.072896242141724,3.1337741374969483,0.5273030757904053,0.0838557749986648,329.181640625,2540.4623291015623,1878.0829833984376,77.55025329589844,630.2331359863281,88.50261611938477,2.88756594657898,68.11929244995117,138.93610534667968,16.455009841918944,1.0566701292991638,938.771197128296,1481.540648508072,5266.667363561923,0.7214823829010129,636.5461108207703,221.565771150589,16.10526199042797,1.9552989654242992
153.2629186450642,53.18933708683808,3.6422706233492135,0.6026887501254237,21.589617347717287,7.973893737792968,18.888781356811524,3.60583016872406,2.2963373184204103,1.2088985204696656,0.0891113236546516,6.810691356658936,3.2003867387771607,0.5822458982467651,0.0830922208726406,316.4183410644531,2458.52275390625,1614.4759765625,79.9300765991211,644.3459289550781,103.4005615234375,2.8889580965042114,59.64452629089355,142.56510162353516,18.59243030548096,1.0808127403259278,917.0588275909424,1544.836963891983,5484.135342307482,0.7994397263973951,617.4540829658508,222.2106293439865,16.15693766698241,1.978933508694172
155.64677036474023,51.55696473436401,3.610615362932208,0.6412468615879107,20.71302318572998,7.795348691940307,19.81880989074707,3.58302173614502,2.3856973886489867,1.1427834153175354,0.0877811603248119,6.712567329406738,3.0178645610809327,0.5919855952262878,0.0891145534813404,318.6111602783203,2407.9727783203125,1681.0411987304688,78.75044479370118,672.4587951660156,98.72939987182616,2.84107620716095,52.90839538574219,131.67599182128907,19.32262420654297,1.1339710474014282,900.9948078155518,1533.8534678936005,5435.436775702425,0.7735902311280369,622.5966295242309,222.801416182518,16.145344818383457,1.9887345448136329
223.05575622771863,96.51976556594056,3.75915893528188,0.5476551311928347,21.921560096740723,11.045763301849366,26.754679489135743,4.207907962799072,4.462295579910278,2.166848301887512,0.0883352577686309,7.125101423263549,3.123188328742981,0.5065825343132019,0.0798982895910739,354.1009246826172,3443.1636474609377,2326.7836181640623,92.9059715270996,1248.8787719726563,185.2421447753906,2.8744150400161743,72.05311889648438,140.92189178466796,15.748525047302246,1.0490923523902893,1024.8364952087402,1589.3694059491158,5652.697139287973,1.15827070933301,650.8065769195557,219.697682929039,15.90385024473071,1.9272668208926915
151.73405884036038,54.672737673991286,3.599244527021688,0.5763967198584623,21.042608642578124,8.159447956085206,19.34966297149658,3.5745262622833254,2.312243628501892,1.2166765213012696,0.0873124539852142,6.622259044647217,2.794300389289856,0.5628691673278808,0.08033432289958,316.5159088134766,2519.31279296875,1643.395263671875,80.08536300659179,649.1644470214844,103.96697387695312,2.83449342250824,52.309885025024414,120.4719970703125,17.619598388671875,1.0535052299499512,914.0199184417723,1532.710271716118,5408.921464087582,0.7860085088759661,616.9851239204406,222.03691279888156,16.121243585646152,1.9711330488324168
152.73658819230042,55.104008050054105,3.6906332249493743,0.6025545683261271,21.849633979797364,8.306340503692628,20.18526611328125,3.6644094228744506,2.613765335083008,1.2563489198684692,0.089450204372406,7.11054539680481,3.319802665710449,0.5737876176834107,0.0878841303288936,315.7394195556641,2561.7721923828126,1735.2017822265625,82.32915496826172,728.1167114257812,107.44484405517578,2.887651991844177,61.56795959472656,150.760205078125,18.428893280029296,1.0981440901756288,895.8120166778565,1514.78899269104,5369.675666054804,0.8140680408105254,618.209890460968,222.1449998617172,16.143506136536597,1.978987307101488
160.77553036226237,50.93638983562305,3.6110264867847945,0.6598617721254982,19.41099452972412,8.031446170806884,20.521550178527832,3.5868820190429687,2.237803101539612,1.1454655528068542,0.0882254242897033,6.830911970138549,3.1316582918167115,0.5951192319393158,0.0912332415580749,323.2176055908203,2489.4823486328123,1739.6673217773437,78.29616317749023,630.1281860351562,99.25138626098632,2.87226243019104,63.693206787109375,135.75041961669922,19.55953254699707,1.166652834415436,926.6236396789552,1527.8466599941253,5458.829665077897,0.7501223320141435,628.4783507347107,222.28105595111847,16.133883550018073,1.9839240912348035
157.99209703338855,53.99550869658033,3.825459056825912,0.5575060363273565,19.979050636291504,8.408341884613037,21.13846092224121,3.564008593559265,2.5178850412368776,1.150551426410675,0.0880515433847904,7.008871746063233,3.2199602365493774,0.5260887205600738,0.0820357851684093,326.79515380859374,2576.9595947265625,1805.4651489257808,79.9452880859375,709.9771484375,98.13286666870115,2.8684093236923216,70.68538208007813,146.70594024658203,16.374098777770996,1.0501872897148132,933.0582763671875,1536.1202008247376,5466.886974463402,0.7751394739374519,634.1517356872558,221.607225561142,16.10423748791218,1.9511121757328511
157.5287042429387,53.33575938859976,3.626979198627555,0.664968969762515,21.51718616485596,8.016154289245605,19.720890045166016,3.5443127155303955,2.344803810119629,1.2010479688644409,0.0880073212087154,6.8737694263458256,3.04199013710022,0.612393569946289,0.0900207221508026,320.52784729003906,2491.6729736328125,1676.0704223632813,79.00070190429688,660.9510620117187,102.82529678344729,2.8604779958724977,63.9486499786377,132.2849365234375,20.125116920471196,1.1643218398094175,905.4829734802246,1543.1729682922364,5429.316150829708,0.7993402302265167,625.9802124977111,222.5432441949844,16.146881560981274,1.9914005257189276
164.9874366577962,51.07058613872304,3.7683543322813646,0.6493631184594506,20.154235649108887,8.237049770355224,21.41855068206787,3.4258184909820555,2.145312523841858,1.0585858702659607,0.0890139743685722,7.150321006774902,3.1532655000686645,0.6127129018306732,0.0860317759215831,327.16722717285154,2524.0831298828125,1873.325244140625,77.05982818603516,606.2438354492188,91.02756958007812,2.893540859222412,61.424163055419925,145.00771942138672,20.011589813232423,1.1307977199554444,917.4207134246826,1496.176086473465,5354.942609404726,0.7350253853946924,636.7695139884949,222.4124746322632,16.14646553248167,1.9911489468067884
167.71804849854743,49.70293583051407,3.735470505348849,0.5555387821479372,20.85423927307129,8.951276397705078,21.96243705749512,3.4799889087677003,2.2238423824310303,1.099832260608673,0.0867911837995052,6.818248844146728,3.0063632249832155,0.5328358292579651,0.0835567936301231,334.2631530761719,2778.018041992188,1892.557666015625,77.38020706176758,624.0181396484375,93.9552490234375,2.8261779069900514,50.7427261352539,134.7295944213867,16.57621536254883,1.0512258648872377,921.9537036895751,1498.7616604804994,5395.432897376502,0.7467851234599948,646.9984959602356,221.4244088172913,16.029176931083203,1.952831533551216
147.6348208361989,52.74581504924053,3.609454692091299,0.6266074990592756,23.018369674682617,7.961974382400513,18.65422344207764,3.6711068391799926,2.4058573961257936,1.1279482126235962,0.0893772460520267,7.145004034042358,3.202903079986572,0.5582588016986847,0.087182555347681,316.14784851074216,2470.2433837890626,1574.394445800781,80.18128890991211,676.5330017089843,96.50913848876954,2.903460431098938,53.721788024902345,143.56636810302734,18.14297771453857,1.1173051595687866,902.3289558410644,1485.262738132477,5276.494206093205,0.7619223851710558,618.9898627281189,222.6792138338089,16.18926067277789,1.984397577494383
153.8976087303876,51.85807124390431,3.584526433008682,0.6570256854132139,20.11482524871826,7.857082223892212,19.711968994140623,3.53038227558136,2.2138669013977053,1.087810206413269,0.0877756863832473,6.435470724105835,3.072309827804565,0.6335831463336945,0.0911738984286785,317.87926330566404,2419.50205078125,1669.41953125,78.64106979370118,622.2068603515625,93.5303825378418,2.851792407035828,63.66273880004883,130.5800003051758,20.752959060668942,1.159829318523407,905.841067123413,1520.766016936302,5384.017118164478,0.7471352154389024,622.7018076896668,223.0551378965378,16.16796383783221,2.003940028697252
156.21738944863827,51.646470406080695,3.790226731948542,0.654317921017423,21.869112396240237,7.865558099746704,19.402415657043456,3.578487634658813,2.217798399925232,1.1623454928398131,0.0874359764158725,7.263179111480713,3.215330219268799,0.6170980334281921,0.0887653328478336,318.3032165527344,2441.4658203125,1663.6155151367188,79.90684585571289,617.9222045898438,98.81100158691406,2.8303677558898928,61.95902290344238,146.40540161132813,20.19712257385254,1.146126425266266,894.7825031280518,1520.3943516254426,5424.001478472072,0.7768222665414214,623.4338626861572,222.59752719402317,16.148060597479343,1.995756621658802
160.80062572174285,53.76868245672158,3.582775419259838,0.6302421304648874,23.021982955932614,8.478746891021729,19.839952087402345,3.7478520393371584,2.500930333137512,1.197606337070465,0.0897189021110534,6.533852243423462,2.9692704916000365,0.5901358664035797,0.0834221087396144,324.8897918701172,2633.060791015625,1724.8527099609375,81.4419548034668,703.4090148925782,102.68135299682618,2.893156957626343,46.51087036132813,131.17115325927733,19.18156566619873,1.101017320156097,925.7112308502196,1541.120818734169,5455.701172005409,0.8058140769600868,634.3050750732422,221.83408188819885,16.08288807719946,1.9748080253601077
162.35860570164078,50.419820633035215,3.809958930698736,0.6310813739777814,20.082779312133788,8.256277561187744,19.51301250457764,3.5095309257507323,2.1307319164276124,1.138258409500122,0.0877587363123893,6.957109165191651,3.3849714517593386,0.5998309075832366,0.0896506056189537,323.6029083251953,2537.5722412109376,1714.123583984375,78.35775146484374,597.2163940429688,98.62404403686524,2.8580262422561646,66.43208465576171,153.47662353515625,19.527553176879884,1.1270184993743897,908.5295295715332,1491.8202681779862,5424.532672680449,0.7296849072910845,631.08014793396,222.3795663356781,16.166799741238357,1.9885248303413392
157.49045153817715,50.61539245344365,3.672894636381875,0.6247090784310672,22.03861103057861,8.055737590789795,20.79938621520996,3.5720989227294924,2.317992782592773,1.0740545392036438,0.088348926603794,7.030727529525757,2.97771315574646,0.5827776193618774,0.0900172255933284,323.29624633789064,2475.9725830078123,1810.0891357421876,79.12802047729492,648.4799865722656,91.6501579284668,2.8721993446350096,62.66332588195801,132.2778778076172,18.954630661010743,1.123098647594452,904.6486263275146,1507.8047080516817,5428.10679150438,0.7711243271827698,631.1732360839844,222.2206418514252,16.123469876497985,1.982465233281255
187.05874186914008,96.36855397039253,3.603630729012684,0.5595563236955854,20.88663692474365,9.051241302490237,21.747423934936524,4.01198844909668,4.213655614852906,2.087578535079956,0.0879383988678455,6.689627456665039,2.902160310745239,0.5613170206546784,0.0843340329825878,333.6697662353516,2796.0572021484377,1859.0505004882807,90.77536163330078,1192.9122802734375,178.95358123779295,2.859354114532471,57.79678802490234,125.85210189819335,17.576085472106932,1.0621533155441285,1005.484873008728,1570.7622020840645,5490.855395681038,0.9539555241703056,628.9177167892456,220.58019151687623,15.92326481193304,1.948712388426065
154.15774261486513,50.7665891413255,3.501079228327194,0.5778428892437887,20.85378570556641,8.235407447814941,20.892316246032717,3.454542350769043,2.2473581314086912,1.12134747505188,0.0899729430675506,6.514373683929444,3.0326361656188965,0.5551485359668732,0.0785445913672447,323.28282165527344,2541.9951171875,1758.8045043945312,77.19808197021484,634.7201782226563,96.5363525390625,2.906747364997864,66.40354766845704,130.6370056152344,17.675536727905275,1.0338869452476502,900.9206420898438,1464.878978848457,5201.036600009165,0.7205370096489787,631.0691119194031,223.3834336280823,16.234101398289205,1.9862458489835264
163.69675178291945,51.74816275627436,3.563116890069137,0.6462560923962769,22.455154418945312,8.384706592559814,20.129674911499023,3.5185529470443724,2.2704004049301147,1.074541735649109,0.0891637839376926,6.711293506622314,2.947064256668091,0.579144287109375,0.0875498495995998,324.83788146972654,2599.496142578125,1757.6008178710938,78.73224105834962,636.24560546875,92.59451370239258,2.893202805519104,57.897015762329104,128.54212036132813,18.934738540649413,1.131957805156708,923.8032360076904,1506.9558237075803,5466.120570571441,0.750375178270042,633.8320510864257,222.288764166832,16.123770051449537,1.9807705245912075
160.56337092192408,49.70070507581568,3.797912130723103,0.6007161468793811,19.6542387008667,8.21784086227417,19.68134651184082,3.643225145339966,2.134178400039673,1.0709928035736085,0.0878988318145275,7.107770442962647,3.188751983642578,0.5588071286678314,0.0856240972876548,322.48778381347654,2532.1379638671874,1687.0411865234375,79.45246200561523,598.1959228515625,91.6601348876953,2.861614394187927,61.905666732788085,145.7335220336914,17.900008583068846,1.0876794695854186,921.936071395874,1497.2147569179535,5306.988689450547,0.779505560733378,627.4469394683838,221.9529684782028,16.11278815045953,1.9714680023491384
152.81461027277692,54.21883216369233,3.746294589946433,0.6229826156399895,21.159254264831542,8.266319179534912,19.616964912414552,3.642735099792481,2.406848978996277,1.1427305579185485,0.0873288951814174,6.722601985931396,3.079520082473755,0.5656074404716491,0.0817831724882125,316.2076416015625,2527.5723876953125,1694.0077880859376,81.0487548828125,673.3941528320313,98.04738159179688,2.841114568710327,72.1249786376953,135.64083099365234,18.30573673248291,1.0849915981292724,904.6483188629152,1509.8153155326845,5351.627120341826,0.8001528225839138,617.7935428619385,222.1601554870605,16.14560150280595,1.978990661352873
163.3039810856717,49.7519489911564,3.643080531630494,0.6153570402466698,20.39376926422119,8.309910774230957,21.61475696563721,3.4282503604888914,2.1900697469711305,1.0705294132232666,0.086777551472187,6.4267127990722654,2.8425480127334595,0.5609496355056762,0.0859409138560295,329.05372924804686,2583.9548583984374,1865.8796997070312,77.04117050170899,617.507080078125,91.49391860961914,2.830447220802307,51.23108749389648,122.8766876220703,18.15515079498291,1.098677921295166,916.3017646789552,1481.3035854578018,5383.532610621909,0.7266821587458253,639.4191620826721,222.0160323858261,16.08385558053851,1.9738056629896163
154.4429874009773,52.84199381610997,3.5175922115898173,0.6457739437891746,22.64237594604492,8.39440565109253,19.159752464294435,3.5313688039779665,2.345413589477539,1.2098587155342102,0.0893420219421386,6.677577304840088,3.114763617515564,0.5779903113842011,0.0920930840075016,321.92295227050784,2567.2052734375,1664.7571533203125,78.95135955810547,661.9928771972657,104.60039978027343,2.900139856338501,46.56381874084472,132.46871643066407,18.929046058654784,1.155414593219757,912.6188823699952,1507.2004067659375,5379.808789902134,0.7598976338282227,628.5040036201477,222.47101013660432,16.143262679874898,1.9838395334780217
164.14746570927383,50.55252304003388,3.802431265842779,0.6390985401206762,21.64161834716797,8.337381076812743,21.551005935668947,3.588209128379822,2.2019902944564818,1.039854347705841,0.0876475118100643,7.247551393508911,3.0921581029891967,0.6129492461681366,0.0852242618799209,329.30413513183595,2583.8045654296875,1883.2839477539064,78.24220657348633,618.7178588867188,89.67854385375976,2.838985419273377,71.72971267700196,141.25072021484374,19.95225925445557,1.112376868724823,922.1990852355956,1462.8330355405808,5314.2180693223145,0.724327989295125,641.2706296920776,222.23056435585025,16.12839927598834,1.988902249932289
153.00832514544163,55.32443279421523,3.686984809296064,0.583899030931559,20.249726867675783,7.987835359573364,19.340881538391116,3.6190905809402474,2.3332369565963744,1.2331614255905152,0.0876408025622367,6.572245121002197,2.952716016769409,0.5776186943054199,0.0845012098550796,316.4142730712891,2450.171557617188,1660.6473510742187,80.0433219909668,658.4922302246093,106.88684692382812,2.842333769798279,50.275251388549805,131.68692321777343,18.253073501586915,1.074700939655304,910.2983142852784,1544.9339942455292,5466.017059149034,0.7899806754663586,617.2692898750305,222.1444121837616,16.130710598826408,1.976077465713024
159.8508997063662,49.59822060744209,3.813038782781541,0.6484305257454139,20.553328704833984,8.193128776550292,20.297256660461425,3.4238173007965087,2.264825630187988,1.0209572672843934,0.0876425050199031,7.380076169967651,3.301387691497802,0.6175095200538635,0.0904466949403286,323.2979034423828,2542.412841796875,1726.5214233398438,76.57269668579102,638.3118530273438,88.24064483642579,2.836876630783081,63.97261505126953,151.4589385986328,20.1885066986084,1.147592544555664,909.616702270508,1482.2691822052002,5320.699472551141,0.722508211620152,629.694300365448,222.8100388765335,16.17652396261692,1.997228429466486
209.74773138802047,99.02098065830668,3.606331095582141,0.6286710393798558,21.044767761230467,11.23019905090332,28.06046199798584,4.226916885375976,5.078861236572266,2.469711828231812,0.0876869417726993,6.578950977325439,3.070963430404663,0.5693676173686981,0.0878135420382022,348.87717590332034,3490.434423828125,2449.3510986328124,92.7771141052246,1427.1271606445312,214.68695831298828,2.843292760848999,46.857581329345706,134.77842407226564,18.59303855895996,1.1270412087440491,1047.434316062927,1611.183628261089,5688.04981022575,1.0942202109377832,647.0845336914062,220.00074343681337,15.866200841963291,1.953732561692596
168.93949004288734,52.06919208152285,3.6141438769146816,0.5937456312434278,20.3639274597168,8.746470260620118,21.950360679626463,3.5203879117965697,2.367359972000122,1.182181143760681,0.0893795207142829,6.810936832427979,3.102892589569092,0.5638231575489044,0.0820104397833347,333.0309265136719,2688.8501953125,1911.1188110351563,79.40423355102538,662.3857116699219,102.31984634399414,2.9073670864105225,60.18457298278808,137.72638092041015,17.96566390991211,1.0697404623031617,935.5594272613524,1526.2752300977706,5452.998666449869,0.7466185620054603,644.6477616310119,221.44995520114895,16.047803193330765,1.9601495064795016
150.79685273387878,54.92380208709064,3.5852678374979403,0.6187882854762279,21.869550514221192,7.535603809356689,18.72685756683349,3.62136652469635,2.444356632232666,1.2379568338394165,0.0890718899667263,6.699247884750366,3.1088934421539305,0.5539588987827301,0.0845036841928958,315.7278594970703,2322.2782958984376,1602.8868896484375,81.19351577758789,684.5487670898438,107.56841659545898,2.86566903591156,48.40697402954102,134.43957977294923,17.93154239654541,1.0937171578407288,901.21782913208,1540.7868810892105,5468.721526747523,0.8172426188364625,617.7664372444153,222.13274307250973,16.129762023687363,1.974192596971989
168.34701405627712,48.5483258466149,3.700444789562221,0.620068683982413,20.97901058197021,9.149012184143066,22.2931266784668,3.4026428699493407,2.043564701080322,1.0276549100875854,0.0870003014802932,6.844688653945923,2.9094473361968998,0.5891302287578583,0.085560430586338,336.2118225097656,2794.649169921875,1951.9154663085935,76.55289459228516,573.0824279785156,87.30278091430664,2.821496796607972,55.34443397521973,129.29348449707032,19.108576393127443,1.0982637524604797,912.2262607574464,1521.6756388425829,5544.522192333779,0.7423208964988589,652.4013987541199,221.99570109844208,16.047867206484078,1.9752281561493876
152.60230800001736,55.89571390744841,3.663865688013425,0.6182143723907985,22.158645248413087,8.019444751739503,19.156495666503908,3.63078293800354,2.579958415031433,1.2297165513038637,0.0890660002827644,6.860629224777222,3.0622621536254884,0.5743422985076905,0.0873050928115844,315.5010559082031,2463.0328125,1660.1142333984376,81.73477325439453,717.9138854980469,104.68175201416015,2.8735779762268066,54.07772979736328,138.33245849609375,18.59969539642334,1.106215274333954,894.4853401184082,1519.5985653877258,5373.289390623849,0.8203114118427038,618.2908811569214,222.24226825237275,16.132822266221048,1.981700038909912
153.31515997725364,51.188172670269886,3.7274323687562174,0.6423403398520235,20.982223892211916,7.913522052764892,18.824966812133788,3.488456892967224,2.2608487129211428,1.1443549394607544,0.0889031276106834,7.273634052276611,3.1921717166900634,0.5963028788566589,0.0867148280143737,317.1171142578125,2453.6744384765625,1597.1881469726563,78.70478439331055,635.620166015625,98.4673599243164,2.892933487892151,57.54830474853516,146.18606872558593,19.433214569091795,1.1227104902267455,915.2599365234375,1470.7005250692368,5215.83435938349,0.7425235442817211,619.227661037445,222.65501220226287,16.17660259306431,1.9934414483606813
151.9201484327372,56.37746869234998,3.7346867461719286,0.615137050414296,23.12836627960205,8.281439971923827,19.64034538269043,3.67359721660614,2.535567045211792,1.20465829372406,0.0884434163570404,6.972636127471924,3.236001753807068,0.570032387971878,0.0823976039886474,315.4314880371094,2556.732763671875,1692.9972900390626,81.34518890380859,713.0306762695312,103.15502471923828,2.863174057006836,65.01506195068359,145.95243072509766,18.31502132415772,1.0822519183158874,901.9674102783204,1530.4631861448288,5422.52503911946,0.8042414827272296,618.6615305900574,222.40944936275483,16.162187016010286,1.9797086969017983
158.901763447118,52.50620602418567,3.7685091490140623,0.6597317791593582,21.974110221862794,8.097539710998536,20.143427085876464,3.621442031860352,2.390492987632752,1.115658164024353,0.0889327369630336,7.306894254684448,3.3490111351013185,0.6118038356304168,0.0920975841581821,321.91823425292966,2491.2876708984377,1738.3744873046876,80.71269073486329,665.0953369140625,96.82803344726562,2.8932610750198364,62.1356918334961,153.73493347167968,20.08856906890869,1.16411292552948,911.7138290405272,1515.0493813514709,5329.058688861364,0.7955793412402272,630.2722418785095,222.52754085063933,16.14970193505287,1.991517151519656
151.91224921479807,53.12116030835332,3.674925452370553,0.596015297516692,22.622810935974123,8.081161975860596,19.61544914245605,3.656055855751037,2.315159487724304,1.128925609588623,0.0866647906601429,6.638756465911865,3.161077618598938,0.5717818081378937,0.0851722009479999,319.4534149169922,2498.7072021484373,1669.63759765625,80.01181030273438,646.4989013671875,98.16453247070312,2.819996380805969,48.21473388671875,139.55133972167968,18.347481155395503,1.083817958831787,908.5236751556396,1477.3032819271089,5178.96869311803,0.7593335207551718,623.2837333679199,222.2021728038788,16.106643116474153,1.9799874745309356
151.27906952071788,53.53646206464491,3.7472980689015913,0.5468155156657758,22.691009330749512,7.819147396087646,20.135073089599608,3.6012248516082765,2.466845178604126,1.1787410259246829,0.088585902005434,6.84291353225708,3.089823603630066,0.556943666934967,0.0846654281020164,316.4375457763672,2390.2453857421874,1745.299658203125,80.09863510131837,694.4001281738281,101.17050857543946,2.8671324253082275,69.80899581909179,139.25735778808593,17.299926376342775,1.0554072737693787,889.1980503082275,1494.2856514692307,5318.01958237025,0.7907123442739248,619.5332773208618,222.97298030853275,16.221507838368417,1.9801020957529545
157.30639962121495,50.24538152007263,3.844777164116136,0.6113077332452462,20.931445121765137,7.819607877731324,20.24423770904541,3.589452052116394,2.328343725204468,1.1353721261024474,0.086964913457632,6.978304100036621,3.1320555925369264,0.564917802810669,0.0887471489608287,320.22858276367185,2397.889721679688,1761.1776123046875,79.63832244873046,647.6917114257812,97.7988494873047,2.8356466054916383,60.9403434753418,143.35576629638672,18.26692638397217,1.1059330821037292,910.3556468963624,1479.822648644447,5290.7611222561445,0.7514163117855788,624.1973996162415,222.1514362812042,16.11375224068761,1.9786299727857115
167.90062629133536,80.91894012404536,3.579110112320996,0.630907557258763,21.60464553833008,8.782989978790283,22.676871871948244,4.001179480552674,4.227285861968994,2.057176947593689,0.0893341049551963,6.768587303161621,2.9949445724487305,0.6092118918895721,0.0909605078399181,330.5,2712.89052734375,1953.7001831054688,89.9843376159668,1181.632470703125,176.9022689819336,2.898639559745789,57.29072456359863,131.82251434326173,19.898299789428712,1.136875283718109,1009.0432403564452,1590.4065264225003,5666.75743184248,0.6807295525446534,637.85305185318,221.1215039014816,15.928235970437528,1.965954963117838
153.61839146594866,50.27656464650799,3.7366208407164776,0.6611006125026506,20.039658737182616,8.304021644592286,19.179057693481447,3.664111089706421,2.323950719833374,1.1431179761886596,0.089436637610197,6.895153999328613,3.160121297836304,0.5825292527675628,0.0876518033444881,316.36180725097654,2544.9701416015623,1637.7109130859376,79.77032012939453,650.3425231933594,97.71444549560547,2.8848145723342897,69.8131721496582,143.38754272460938,19.110200309753417,1.1500404000282287,898.1863864898681,1512.8112550973892,5417.963431946654,0.7905984316021204,618.2778093338013,222.48601536750795,16.198918971419335,1.988068526238203
159.9563517027942,48.48841034317466,3.709817552242862,0.5716518358283679,19.879207611083984,8.74502067565918,19.682466506958008,3.4869282960891725,2.062967085838318,1.0731854677200316,0.0871824420988559,6.704253053665161,2.9546255350112918,0.5232689440250397,0.0812439620494842,326.8339111328125,2691.18359375,1670.6981201171875,76.86331710815429,578.814599609375,91.3441993713379,2.8172940492630003,61.61147918701172,130.98845672607422,16.401104354858397,1.0550942540168762,913.788649368286,1536.7777723789216,5515.956595175667,0.7661315778270363,633.6532302856446,222.05612630844115,16.08531962633133,1.958683130145073
154.7167898432017,51.66543126721472,3.720838734129575,0.611106061512362,21.53324337005615,8.236428260803223,20.703239250183103,3.5549584865570067,2.193178415298462,1.1620511174201966,0.0888549536466598,6.940283203125,3.1921225070953367,0.5913285672664642,0.0875894896686077,323.5979919433594,2534.609619140625,1765.99501953125,79.11434173583984,612.0984313964843,99.88695373535155,2.8762609004974364,68.0636703491211,143.52258758544923,19.053740882873534,1.102932584285736,901.4950675964355,1518.3454480409623,5417.399534561671,0.7734503708779812,631.9392699241638,222.4179028749466,16.157609117776154,1.9840695641934871
163.4310206956521,48.48429270137304,3.755290151172448,0.6278257630281473,19.30371646881104,8.352945041656493,21.6251428604126,3.5324375867843627,2.078177857398986,1.023808741569519,0.0872312918305397,6.66100697517395,3.1864782333374024,0.5808171033859253,0.0872510053217411,328.1123291015625,2558.7779541015625,1880.547595214844,77.51583786010742,582.5738464355469,88.59480285644531,2.820958209037781,57.71590385437012,143.63993072509766,18.8902421951294,1.1121577739715576,924.0111289978028,1495.1211205482482,5455.091026426014,0.7242776894941926,637.5306865692139,222.07558875083924,16.08149194046855,1.9782791309058667
156.17598016774718,51.217216119635125,3.782419689853032,0.6404256203711498,20.356384468078613,8.010065078735352,20.06036949157715,3.4650829553604128,2.148467445373535,1.147081243991852,0.0881822638213634,7.451933526992798,3.398257064819336,0.5663493633270263,0.0926767513155937,320.3395935058594,2472.9667724609376,1706.9979125976563,77.71115036010742,601.1886840820313,98.57465209960938,2.872483658790588,70.85187683105468,153.4161392211914,18.5142126083374,1.1596469163894654,902.648282623291,1473.7028730630875,5208.142925863387,0.7336138624697923,625.5344879150391,223.1641478538513,16.269809330254795,1.9915087793022397
181.6268194286444,94.5793657413238,3.559907987586689,0.6361948352782292,21.56173038482666,8.74984016418457,21.484129905700684,4.009893488883972,3.8964858531951903,1.881717896461487,0.0875422678887844,6.190337991714477,3.040815472602844,0.5635407090187072,0.0842448808252811,332.5958221435547,2706.1862548828126,1854.1145263671876,90.82796630859374,1101.4499145507812,163.65162658691406,2.840634179115296,52.72463111877441,129.78878173828124,18.42207717895508,1.112396776676178,1005.9591869354248,1553.5276641488076,5500.25579214925,0.8059921770705841,627.9724463462829,220.2284698486328,15.882898689806462,1.9486034043133256
159.65833407842655,53.43407406463393,3.733697294116473,0.5879660830972057,22.613132286071775,7.933836889266968,19.70380897521973,3.50093674659729,2.274639916419983,1.1453503966331482,0.0879392899572849,6.965790319442749,3.2646544933319093,0.5472693502902984,0.0813378788530826,321.0236450195313,2470.0754150390626,1701.0533325195313,79.08338775634766,640.1070617675781,98.46613998413086,2.856550025939941,70.75534515380859,145.0505615234375,17.322432708740234,1.0650670886039737,927.7759712219238,1517.5043620347976,5355.699511978729,0.7775243621319532,624.4026111602783,221.83845074176787,16.154344422370194,1.96621725037694
156.55944401309898,52.90331987893369,3.5892806538909783,0.5936011671383994,20.869091415405272,8.224401473999023,20.68733234405517,3.489243173599243,2.233029127120972,1.1835119128227234,0.0886951372027397,6.791358470916748,3.1196810483932493,0.5508245229721069,0.0856235213577747,323.96776123046874,2558.5304931640626,1744.5143676757812,78.76460723876953,627.8220092773438,101.5373031616211,2.877201294898987,52.5686222076416,137.09566955566407,17.574584770202637,1.0841149806976318,915.3364913940428,1505.6444200515748,5343.3078657130245,0.760563131980598,630.8398193359375,221.9518341064453,16.108787094056606,1.9686842106282711
152.3926964399092,55.0593546009829,3.6931710145122234,0.5548232230432404,22.75222988128662,7.709185552597046,20.09551086425781,3.63409743309021,2.5271904706954955,1.1744025349617004,0.0874140076339244,6.464016580581665,2.947633647918701,0.5470881581306457,0.0813644677400589,315.8433319091797,2383.4648681640624,1725.79443359375,81.77712783813476,705.0294006347656,100.6659164428711,2.8275347471237184,54.16031150817871,130.9210220336914,16.90054702758789,1.0459202170372008,905.4946403503418,1512.9090193510056,5349.388721793238,0.8215418376028538,617.1189151763916,221.83364658355717,16.09278293773532,1.965518129616976
151.38808995135042,51.52429740555781,3.7397046939760914,0.6226546315429232,19.48751125335693,8.192865753173828,19.695418739318846,3.614639830589295,2.374764084815979,1.1077317953109742,0.0886020921170711,7.242713356018067,3.2780771493911742,0.5555080592632293,0.0905985318124294,316.96437683105466,2511.1505859375,1663.7328857421876,78.6567253112793,670.1293090820312,95.63226470947264,2.8702486515045167,73.99898147583008,146.8711181640625,18.05862846374512,1.1328391194343568,903.5881134033204,1479.8612182855609,5209.018629958434,0.7629148725420236,619.3833149909973,223.13426797389985,16.266536735743284,1.9877453833818437
205.03123789754244,99.33789580717932,3.709375920956904,0.6243031526839559,22.043392372131347,11.585453605651855,25.87024555206299,4.198501920700073,4.991012239456177,2.322187638282776,0.0883066661655902,6.607804632186889,3.0172870635986326,0.5492367684841156,0.0929403342306613,347.7552612304688,3602.5212646484374,2261.0626708984373,92.59345016479492,1400.9695068359374,201.08917236328125,2.848200249671936,65.0101806640625,132.70594635009766,17.941611671447752,1.1499539971351624,1034.895160293579,1620.6111462712288,5733.663297911361,1.0420229197479784,650.6301142692566,220.78425753116608,15.98683992922306,1.96289730258286
180.2403321116712,61.96024851995926,3.718722357509386,0.6411480675170538,20.26022090911865,8.555752754211426,21.64904384613037,3.678124451637268,2.315904211997986,1.11145476102829,0.0894973993301391,7.30833797454834,3.292400932312012,0.5867863357067108,0.0893364146351814,334.0278045654297,2664.105151367188,1892.7822265625,83.18254013061524,648.475341796875,96.54781799316406,2.90675823688507,68.79206085205078,151.3348815917969,19.22024116516113,1.1426199674606323,946.6353549957277,1530.0943326711654,5459.609910944502,0.7444237550720573,644.8424300193786,221.2372545003891,16.068989592045547,1.9660866905003789
166.39247539370845,51.16544816630813,3.5180600875240544,0.5912549259883463,20.59011573791504,8.691288471221924,21.83286895751953,3.4120098829269407,2.138706660270691,1.0927957534790038,0.0886710204184055,6.615696668624878,3.046797204017639,0.5411362946033478,0.0858645975589752,332.3300384521484,2666.4322265625,1901.5057495117187,77.57304306030274,600.2451721191406,94.58158721923829,2.886348915100098,50.15830001831055,130.89002227783203,17.299207878112792,1.0839915037155152,930.6144649505616,1532.1213174104691,5534.857335493015,0.7703295890241861,644.0315829277039,221.66967566013332,16.071667225658892,1.9593630567193032
162.0470749232001,46.14007075228783,3.653646079657483,0.6760504156849152,20.337187194824217,8.285465049743653,20.497093772888185,3.474280762672424,2.075885224342346,1.0075650691986084,0.0885797008872032,7.056071901321412,3.0168416500091557,0.6180865943431855,0.0937325313687324,324.7579315185547,2559.123681640625,1759.9659790039063,75.36171035766601,584.1464599609375,85.96116790771484,2.868882703781128,59.55822105407715,134.12645416259767,20.372286224365237,1.1997184991836547,911.9161769866944,1467.9912267684936,5342.122731543286,0.7160860499367118,633.8828691482544,223.51119952201844,16.228050124645232,2.007390880212188
150.85277875631292,52.36210757809067,3.690687634792084,0.6697561191081831,21.833748435974123,8.021774768829346,18.946396827697757,3.532652831077576,2.220721745491028,1.1270387291908264,0.0884139008820057,7.0946870803833,3.20011682510376,0.6503183901309967,0.0933757178485393,316.7336761474609,2450.329541015625,1620.8286499023438,78.62271194458008,625.5939392089844,96.53764495849607,2.8740037441253663,60.22338066101074,142.9246032714844,21.35926284790039,1.187905752658844,886.7312923431397,1489.5357092857362,5299.830589415226,0.736162630096078,622.4372206687927,224.10455844402316,16.27068778499961,2.018321824818849
170.93322655975643,51.04192706950634,3.5573514749607056,0.6329195102912536,20.53808536529541,8.89756669998169,22.060196304321288,3.445724081993103,2.255670166015625,1.0582438468933106,0.0895842730998992,6.909253406524658,2.962946438789368,0.607924884557724,0.0911374747753143,334.4703002929688,2750.78173828125,1922.8052490234372,77.77675094604493,633.0415588378906,91.41020278930664,2.906938624382019,71.35055465698242,128.3432876586914,19.84103603363037,1.1386088371276857,937.2791110992432,1516.337793970108,5440.754115581187,0.7566301193088293,649.039768409729,221.88544220924376,16.092712017148735,1.9787417318671945
153.5380197160368,55.8159555217304,3.759455220968971,0.6455910795927139,21.44133853912353,7.6953376770019535,19.23094482421875,3.596490502357483,2.4103896379470826,1.2272750973701476,0.0887056566774845,6.8193377494812015,3.2383660316467284,0.6019821166992188,0.0908464901149272,315.8644989013672,2362.2982421875,1668.6843139648438,80.26155166625976,678.6383056640625,104.50597229003908,2.862671160697937,58.22090530395508,148.61607818603517,19.682207298278808,1.1491567730903625,909.8034549713136,1508.130938220024,5289.606546180835,0.7715451521798968,618.6183145523071,222.53763399124145,16.15790761858225,1.9929842736572028
156.11986558938298,53.617270382770855,3.763770441127008,0.5559861571239935,21.1861177444458,8.023675346374512,20.02619857788086,3.680536556243896,2.3488697528839118,1.1584997177124023,0.0892608493566513,7.345271825790405,3.293374705314636,0.5436700463294983,0.0840389765799045,316.618505859375,2480.077001953125,1704.386328125,80.39414749145507,659.6256713867188,100.15936889648438,2.893953895568848,65.05776519775391,151.28954620361327,16.862547874450684,1.0567882776260376,905.235540008545,1507.7970165014267,5255.824347403087,0.8256091721355915,616.9037859916687,221.99128091335297,16.1718870639801,1.9670705154538155
171.20925166578235,42.69749549280141,3.621947230368914,0.6472349134396268,16.021964836120606,12.175370502471925,28.71669750213623,3.3419588088989256,1.8465842962265016,0.9193245828151704,0.0891076400876045,6.762574577331543,3.1258087396621703,0.6120111882686615,0.0887048967182636,348.1720458984375,3820.7311767578126,2574.7652587890625,72.90905990600587,516.5691711425782,78.77386245727538,2.885423707962036,52.4195255279541,140.0628692626953,20.038000297546382,1.1422637343406676,944.0222778320312,1514.1571145296098,5503.37777144881,0.6356378563679754,658.2351068496704,221.9370728969574,16.03513184338808,1.97620234452188
162.79098358988557,51.73012358081933,3.777627919679276,0.6663424929665325,21.23509864807129,8.780224132537843,19.734792709350582,3.533007097244263,2.2212061643600465,1.0864690303802491,0.0891191251575946,7.023418188095093,3.315513753890991,0.6332651078701019,0.0862490512430667,326.9058532714844,2691.3246337890623,1722.764453125,78.07339706420899,625.0265014648437,94.12109298706056,2.8843435525894163,69.93494491577148,151.38978576660156,20.764314270019533,1.1435027718544006,929.6410343170166,1498.9806577444076,5405.327404175792,0.7303422344848514,637.7994365692139,222.59975638389588,16.181558371335267,1.995916385948658
165.1532427726983,50.32070026616502,3.643452994201721,0.5682046092885684,22.034450912475585,8.7692156791687,20.033878898620607,3.560567402839661,2.1523427248001097,1.085748589038849,0.0883068539202213,6.814973163604736,2.999370241165161,0.5431387305259705,0.0837081469595432,328.4866058349609,2727.225341796875,1730.1713500976562,78.3827003479004,603.6105285644531,92.91381301879883,2.8522762060165405,49.79196014404297,134.1272232055664,17.02189998626709,1.0599980473518371,916.9742500305176,1514.9684029579162,5459.736611112161,0.7627704557031393,638.5796527862549,221.80746340751648,16.071605990827084,1.960892092436552
150.76638440943134,55.06674843456649,3.669551147585048,0.5686508663520499,23.346973037719728,8.235698986053468,18.69436264038086,3.6714638471603394,2.564842677116394,1.148638081550598,0.0879859745502471,6.688996267318726,3.0938186407089234,0.5707334399223327,0.0847930192947387,315.96521911621096,2543.7079345703123,1606.362219238281,81.63863220214844,714.1952758789063,98.5429344177246,2.854122877120972,57.84552383422852,137.11343688964843,17.869701766967772,1.0661345720291138,915.0200416564942,1542.9935653209686,5491.855102179665,0.8050342164933681,617.1995872497558,221.9038896560669,16.112499392777682,1.970639058202505
173.0418968258782,68.74023579983368,3.484289941031216,0.5789648450885693,19.897870826721192,8.098720455169678,20.866855239868165,3.812369608879089,2.427016258239746,1.164513850212097,0.0896487832069397,6.552574157714844,3.209187126159668,0.5579012215137482,0.0796537905931472,328.627587890625,2502.397119140625,1776.925378417969,85.15758361816407,682.91630859375,100.47400360107422,2.8666723728179933,47.27011566162109,140.23373260498047,17.610325813293457,1.0530903458595275,922.8288036346436,1551.0220978975296,5554.7108812267525,0.7757730381563306,628.1226739883423,221.1461199045181,16.007136769592762,1.9540880367159843
158.82974279101472,52.08750546463944,3.6520455492261137,0.6555829872469985,22.16420707702637,8.003938007354737,19.5637264251709,3.5264097690582275,2.366323471069336,1.0936569452285767,0.0870028153061866,6.740557861328125,3.0371000289916994,0.6248101949691772,0.094277948141098,320.5933380126953,2463.925732421875,1708.544873046875,79.62493133544922,657.9103515625,94.60379562377928,2.834260606765747,63.76792526245117,130.88843841552733,20.516414070129397,1.1741799592971802,905.4793392181396,1547.7454616546631,5547.008150799666,0.7827639501541853,626.612260055542,222.4442894697189,16.124482987821104,1.993043377995491
154.10087653188094,54.76808919935993,3.715738787051646,0.6604631561245696,21.542207336425783,8.09059944152832,19.287271308898926,3.615940570831299,2.4221323013305662,1.248384714126587,0.0888922199606895,6.9296226978302,3.075763726234436,0.5866449475288391,0.0893419913947582,318.8401763916016,2494.002001953125,1655.091455078125,80.3876739501953,678.3513977050782,106.57877655029296,2.872411370277405,65.87148971557617,138.8269012451172,19.254329872131347,1.1569918632507323,905.4002922058104,1521.1302709579468,5352.122708765091,0.7932067526504397,625.2155352592468,222.61498122215272,16.15472258776426,1.9885300148278475
151.90874289598287,52.85853214559366,3.7140609815945256,0.5921592286536679,20.45087146759033,7.976544618606567,19.58876781463623,3.621239256858826,2.261230206489563,1.1995669841766357,0.0884347923099994,6.931918334960938,3.214967727661133,0.5520174741744995,0.0879873223602771,316.7643341064453,2455.400390625,1653.747961425781,79.19492721557617,638.28447265625,103.86288681030274,2.8804638147354127,55.53725051879883,145.1225814819336,17.622619438171387,1.0941967487335205,906.164101791382,1507.3303232431413,5313.392593750124,0.7670234875753522,617.2389068603516,222.24927537441252,16.15242893844843,1.9753271333873272
148.5079058638221,54.16210695694345,3.6700619838215744,0.5906371709012092,21.264572143554688,8.206688594818115,19.09379177093506,3.5830530405044554,2.329681706428528,1.243388056755066,0.0893854632973671,6.887282180786133,3.004698610305786,0.5804619431495667,0.0825676597654819,316.3855865478516,2512.1561767578123,1619.2875732421876,79.99935989379883,656.3619750976562,107.7166244506836,2.883011078834534,57.69414291381836,136.06439514160155,18.374078369140623,1.0714578986167909,908.2359550476074,1497.576604127884,5287.07389720385,0.7805559448897839,617.7477646827698,222.29929304122925,16.148888171464204,1.9814080804586407
169.3716313474826,48.34966715307692,3.7425359386626496,0.627025425110071,20.40886859893799,8.746816921234132,22.37971992492676,3.5847135305404665,2.036022591590881,1.0726218461990356,0.0877879850566387,7.254304981231689,3.3000561237335204,0.6029287815093994,0.0819252327084541,333.9528350830078,2721.603125,1921.025244140625,78.13660583496093,569.9333984375,91.26072235107422,2.857271695137024,55.69692802429199,149.95469818115234,19.55765151977539,1.088486087322235,942.5312908172608,1505.231538271904,5451.727568774159,0.759232266806066,647.6302118301392,221.7572127342224,16.055593581497668,1.9764274530112744
154.12857456217753,55.39657572482693,3.828710328783518,0.6652063108770108,21.762037658691405,8.033123588562011,19.69081420898437,3.618500852584839,2.4818337678909304,1.172502076625824,0.0877479806542396,7.029395294189453,3.3685591220855717,0.6431407809257508,0.0928548276424408,315.5080047607422,2469.606982421875,1704.5112426757812,80.89660110473633,698.8917358398437,101.72149429321288,2.8517328262329102,63.83861808776855,154.06509552001953,21.127077102661133,1.174794363975525,904.956258392334,1510.176020359993,5303.611429203675,0.8169603042304516,619.7108779907227,222.83779575824735,16.1853184401989,2.005022044107318
152.92820590431583,50.86261328907849,3.775507671345508,0.6192676790229938,21.61344184875488,8.043577480316163,18.824062156677247,3.4786551713943483,2.199804735183716,1.095178472995758,0.0880086190998554,6.965928840637207,3.244562268257141,0.5931211888790131,0.0885038964450359,317.7773712158203,2494.1722900390623,1596.6904174804688,77.7915267944336,617.2399536132813,93.16807174682616,2.8452508211135865,62.400597381591794,147.556884765625,19.2133056640625,1.1120512247085572,899.8655712127686,1509.9356755018234,5398.921141256951,0.7581415740773082,620.8431918144227,222.6531712770462,16.18592828810215,1.9910777121782304
165.82290466610138,84.77684768480977,3.628063060058412,0.5432405618587609,22.63950099945068,8.373366546630859,22.088969802856447,3.9923195838928223,4.351453542709351,2.1772258996963503,0.0875262752175331,6.203900671005249,2.8476586818695067,0.5224585592746734,0.0835760541260242,325.1710571289062,2582.943505859375,1925.3421020507808,90.21839218139648,1226.1462280273438,188.9571975708008,2.828448534011841,52.75831184387207,124.13974227905274,16.170696640014647,1.046075177192688,1005.0867652893066,1595.3012789726258,5568.454975734418,0.7124954041093587,628.921935749054,220.72590901851652,15.89871777445078,1.9364453807473183
156.70325086170996,52.61996000694298,3.606838206755742,0.6036649071043939,21.637486457824707,8.33619203567505,19.43508453369141,3.710074043273926,2.4062655925750733,1.104164433479309,0.0891604587435722,7.065403270721435,3.206377363204956,0.57824826836586,0.0809304021298885,322.3623565673828,2572.0743896484373,1672.527587890625,80.6271141052246,676.368310546875,94.77985000610352,2.8954821109771727,59.9335376739502,141.86956634521485,18.45132694244385,1.0717351198196412,912.8877655029296,1535.061978960037,5466.778145261621,0.804520757868886,628.6167939186096,221.90710322856904,16.110848762840032,1.9732485085725784
166.62705039839346,49.59505668483098,3.561597852370914,0.6128605331111772,20.62451000213623,8.523980522155762,21.85016975402832,3.538453793525696,2.23817548751831,1.0737672805786134,0.0881512731313705,6.672391891479492,3.021284747123718,0.5585813879966736,0.0847812138497829,330.6430328369141,2624.2377197265623,1905.9609741210936,78.42453536987304,626.5583251953125,92.10009460449218,2.8730294704437256,51.31948471069336,130.27895812988282,18.0414155960083,1.0941407203674316,920.8657684326172,1488.2315022945404,5341.969035980757,0.7322203477844595,641.6141533851624,221.74240989685055,16.067631042003633,1.96914431899786
183.78383290053895,75.38721969129674,3.4971318790320765,0.6351760262970402,23.10720729827881,9.003670406341552,22.07212028503418,3.977750730514527,2.5190349340438845,1.278319346904755,0.0873017460107803,6.185869216918945,3.014401912689209,0.5717796146869659,0.0902915336191654,339.9506103515625,2776.3013916015625,1933.0316528320316,87.90515441894532,705.9412963867187,109.53372116088867,2.783704996109009,46.69823379516602,127.74628448486328,18.742097091674804,1.1398006677627563,922.3621673583984,1553.9215204715729,5553.921124726395,0.8145905820652842,648.566174030304,220.48289082050323,15.86840504333377,1.95097371712327
211.08309987516697,92.55562684726064,3.6109064012017824,0.6405293987047116,20.234947204589844,9.701433467864993,22.738458824157718,4.148940038681031,3.956243085861206,1.9758301854133609,0.0883661702275276,6.264263439178467,2.864672374725342,0.5814853072166443,0.0905528888106346,342.4953857421875,2987.168408203125,1971.4496337890623,91.52606887817385,1109.9901611328123,171.285693359375,2.854263186454773,47.671668243408206,124.92836532592771,19.078273200988768,1.1564274787902833,1009.6733037948608,1567.9702610611916,5542.413861327293,1.0864928268129006,636.4170141220093,220.41571536064149,15.91004826053977,1.9593368861824276
146.74641380131942,56.27833783602546,3.5991964840920216,0.6284288443263903,22.524623298645015,7.675093126296997,19.38800811767578,3.7132691383361816,2.6650282382965087,1.3025106072425845,0.0891640499234199,6.833929347991943,3.007709836959839,0.5959148645401001,0.0902192160487175,316.3158355712891,2351.0369384765627,1633.5754516601562,81.54234390258789,751.1668273925782,112.66934127807616,2.8958105087280277,59.078429794311525,132.28504943847656,19.373125076293945,1.1321193337440492,904.20237159729,1482.7920906305312,5180.349145415332,0.7871806282550097,620.8375901222229,223.3299148082733,16.198655869811773,1.9970501996576784
151.82771958844896,51.70523908343548,3.756671552329294,0.6541425484832075,22.871974372863768,7.732805347442627,18.917522621154784,3.61420488357544,2.252398562431336,1.1477299451828002,0.0883972980082035,7.319586229324341,3.121033263206482,0.6246094048023224,0.0945420697331428,316.1478607177734,2397.255712890625,1611.569189453125,79.44098129272462,631.0438415527344,98.84269714355467,2.8609379291534425,62.4722957611084,142.69031372070313,20.46194190979004,1.1772500991821289,904.7349578857422,1474.6561419010163,5215.213378659217,0.7498578937724233,621.5218956947326,223.6127102613449,16.235520187020303,2.010624694079161
169.065317829603,73.99549066653726,3.5713180247783383,0.5764848706881025,20.939760398864745,8.418832111358643,19.20806007385254,3.884412384033203,2.5977639675140383,1.219848132133484,0.0889979556202888,7.149735260009765,3.1852423429489134,0.5530469059944153,0.0806148409843444,326.0194396972656,2602.4311767578124,1636.791748046875,87.15782318115234,727.7979553222656,105.89547729492188,2.8902199506759643,62.472273635864255,142.6469253540039,17.459115409851073,1.0558700442314148,939.0660041809082,1539.0416909694673,5382.118056382383,0.7913857901468873,624.7752962112427,220.8571610927582,16.003287946432827,1.9511669769883155
206.93548374873936,98.37673593281798,3.739669630123603,0.5959380104927277,20.904629707336422,11.136147689819335,26.437709617614747,4.119652175903321,4.997959280014038,2.421457624435425,0.0888343416154384,6.8395068645477295,3.060277533531189,0.5323412120342255,0.0912249930202961,345.9488952636719,3443.825830078125,2289.668701171875,92.49613800048829,1393.6253295898437,206.41709899902344,2.869234728813171,54.45187225341797,139.98609771728516,17.226445388793945,1.1269753932952882,1034.800795173645,1609.2144009947776,5562.386580587738,1.1476964304223656,638.8509793281555,220.74568405151368,15.99143551066518,1.9579519264400005
168.56910667073535,48.07037585556164,3.560634200649884,0.6612760694821531,20.963482666015626,8.654111576080322,20.60069751739502,3.5722631454467773,2.1468364000320435,1.0544881939888,0.0890749640762806,6.76754150390625,3.0818402051925657,0.6060440719127655,0.0860647141933441,330.248666381836,2673.437060546875,1805.2081176757813,77.41386795043945,604.9140014648438,91.29959259033204,2.888339948654175,63.45860481262207,133.57215423583983,19.87593078613281,1.1421437501907348,932.9642475128172,1507.804873776436,5486.127833398898,0.7363587317988276,641.494399356842,222.16679108142853,16.10961763113737,1.983904779702425
152.30864111575403,43.18900777774415,3.7332549554512298,0.598760907628207,18.105503654479985,8.750189590454102,20.256499671936037,3.340405011177063,1.7767536759376523,0.9221352398395538,0.0892573863267898,7.289040279388428,3.312763977050781,0.5675090432167054,0.080584593117237,333.0358642578125,2720.9341064453124,1715.7233520507812,73.07168121337891,498.939584350586,79.85684051513672,2.8914578437805174,66.8280647277832,149.66350708007812,18.129889297485352,1.0683611273765563,880.1227371215821,1440.3882749557497,5289.19566733311,0.6313986252993345,650.1066620826721,224.1226901769638,16.295150795578955,1.997546009719372
155.71851477035526,51.76810823171736,3.6420109921234816,0.5799151895206478,19.712055587768557,7.987540245056152,19.831340026855468,3.594621253013611,2.2580140113830565,1.0620824456214906,0.0879795148968696,6.82866678237915,3.128551435470581,0.5445471227169036,0.0795088201761245,320.4217224121094,2461.423291015625,1682.1601928710938,79.70168609619141,629.7771240234375,90.65191955566408,2.8667580604553224,48.82492752075196,138.44672088623048,17.111945152282715,1.052723228931427,914.7743476867676,1540.0530997514725,5483.645410717791,0.7746245365589857,622.5756611824036,221.75748958587647,16.105882540345192,1.9627955548465248
157.9655266510177,52.337739853551646,3.585023226247245,0.5630444681620588,21.56549644470215,8.512309646606445,20.494164657592773,3.5712432146072386,2.339425492286682,1.1658549785614014,0.0889051653444767,6.684949493408203,3.0513209104537964,0.5396475434303284,0.0813878782093524,325.7820068359375,2625.2361083984374,1766.091552734375,79.29145584106445,659.0436889648438,100.79114303588868,2.867699670791626,59.9231258392334,132.50921173095702,16.797017669677736,1.0475609302520752,909.907553100586,1521.095430970192,5453.290280784201,0.7519735738635063,634.653068447113,221.89832413196564,16.08016911521554,1.959878758341074
168.9161865579059,51.50418505300786,3.5620510200498074,0.6377045417882641,22.589615440368654,8.675925636291504,20.45164794921875,3.5373189449310303,2.376005744934082,1.1163195013999938,0.0887710213661193,6.784899425506592,2.894290232658386,0.5645039200782775,0.0887884646654129,330.0242523193359,2694.4758544921874,1789.967138671875,79.57452011108398,664.1863525390625,96.97058181762696,2.891705942153931,56.83260993957519,125.60525283813476,18.454910278320312,1.1336623549461364,924.498497390747,1530.174651956558,5550.208700141777,0.7842758238315582,641.0010899543762,221.6960556268692,16.065535017848013,1.9675313778221608
157.7622219247205,54.19252112026252,3.5833824902666493,0.5852258619965596,22.061667251586915,7.923467350006104,20.94095058441162,3.637988138198853,2.4925790786743165,1.1382757663726806,0.0902411721646785,6.784697151184082,3.0914098739624025,0.568953138589859,0.0816175676882267,322.45644226074216,2445.1484619140624,1818.026306152344,80.23890838623046,701.0849670410156,99.11665496826171,2.891631555557251,48.868978118896486,134.5058822631836,17.944083404541015,1.0618636846542358,908.1506832122802,1528.031848216057,5390.913575855829,0.7796727804467082,629.6863450050354,222.1606604814529,16.113836301863195,1.971699957549572
150.02330375001912,54.41815653436779,3.723521940015007,0.5678989852742348,22.574750900268555,8.067071533203125,19.934687042236327,3.5554476261138914,2.412915658950806,1.1604425072669984,0.0888535767793655,6.830119705200195,3.3378986597061155,0.5522790908813476,0.0786105625331401,316.07158203125,2497.6208251953126,1695.1152709960938,80.4180061340332,676.1445983886719,100.49483184814451,2.885816192626953,71.8700668334961,148.74795989990236,17.167106056213377,1.042555320262909,908.5706214904784,1495.8265308856965,5302.538566509774,0.7815852893516422,617.1844352722168,222.0247284889221,16.19238768145442,1.970389424264431
165.13913688636603,53.671926736885055,3.671499378927706,0.571845502323231,21.229039573669432,8.219911766052245,20.79145202636719,3.6145617723464967,2.4358840227127074,1.1521793365478517,0.0889293506741523,6.947935914993286,3.21287624835968,0.5323996841907501,0.0822032056748867,326.69773254394534,2556.183837890625,1802.4824462890624,80.69444885253907,681.4063293457032,99.17133026123048,2.869109797477722,51.00266456604004,146.21365966796876,16.734746742248536,1.057796335220337,933.2144401550293,1511.5588073253632,5416.366512840055,0.7785110117867589,633.8849884033203,221.29114801883696,16.046338833123446,1.9536247454583644
149.1565726643734,54.46487772041492,3.617195391876339,0.6390746932433558,22.299973487854004,8.063242149353027,18.80816764831543,3.637141036987305,2.3618680238723755,1.2053434133529664,0.089763218909502,6.9171915531158445,3.1022937297821045,0.5668805122375489,0.0863097816705703,315.82642517089846,2476.209057617188,1611.0841552734375,80.36530532836915,666.0241333007813,104.307861328125,2.8868385791778564,61.46098251342774,136.65387878417968,18.48225879669189,1.121451461315155,890.9524822235107,1516.3226417541505,5409.0405739450825,0.7970731884241105,618.2666046142579,222.4148886203766,16.15978673622012,1.982868615910411
187.8314485287643,95.92600483929309,3.514959530241299,0.6288851871784118,20.4555965423584,8.746445274353027,21.326048851013184,4.068647813796997,3.021341896057129,1.50649197101593,0.0882869705557823,6.531879568099976,3.143040180206299,0.5866030395030976,0.0917867690324783,337.7313842773437,2709.7510986328125,1831.3146850585936,91.18900604248049,854.7863037109375,129.67809677124023,2.840991401672363,67.01427154541015,136.40286560058593,19.20618267059326,1.134869599342346,964.4923473358156,1545.7127353191377,5428.556086425279,0.7672068608924747,633.3162879943848,220.05684287548064,15.84579819366336,1.948579318448901
151.90258554381725,53.72231662331187,3.6357151987218,0.6233785234906349,21.6239595413208,7.976463174819946,20.31222190856933,3.700879263877869,2.367806124687194,1.1167306184768675,0.0888129740953445,6.612017726898193,3.092692017555237,0.5638446927070617,0.0905193246901035,316.0172088623047,2444.630932617188,1750.5715454101562,80.83730697631836,661.7155151367188,96.18502578735352,2.865910625457764,50.48452262878418,137.95891265869142,18.33746223449707,1.120878481864929,893.6321128845215,1511.9579752206805,5338.085341377742,0.7924643250182271,618.0467310905457,222.29130492210388,16.137313424795867,1.98057368285954
150.90083904260246,51.983791199134245,3.7705838794185182,0.6589305822622691,21.89046745300293,7.599485635757446,19.812871360778807,3.653448796272278,2.4337546825408936,1.122057998180389,0.0878185778856277,7.229638481140137,3.1720401525497435,0.6425735533237458,0.0945002064108848,316.0209655761719,2342.88564453125,1686.3014038085937,79.88999252319336,681.8998718261719,95.44301834106446,2.839972996711731,67.44097061157227,143.0480499267578,21.046707153320312,1.1878324151039124,899.9157680511474,1463.8088094711304,5189.205432422785,0.7558758910745382,624.673181438446,224.6313221693039,16.30303826853633,2.025360469147563
159.73240606601175,51.02136156636789,3.567653753943909,0.6628038170459263,20.043731117248534,8.152916812896729,21.190751838684083,3.554140830039978,2.174801826477051,1.1113722801208497,0.0888704024255275,6.639666271209717,2.9747976303100585,0.6024645388126373,0.0899065129458904,325.3407043457031,2519.260791015625,1807.5269897460937,78.90620956420898,610.8677001953125,96.6082977294922,2.888942289352417,66.58277587890625,128.01951751708984,19.803853034973145,1.1625463843345645,924.4402320861816,1524.5551243543623,5438.636391522363,0.7484191346913576,632.9617644309998,222.1050620794296,16.118117627501487,1.983932336047292
204.47178671526345,103.38737707892888,3.645110489831495,0.5529433321827014,21.87551918029785,11.412642192840575,27.475357437133788,4.189096450805664,4.936090660095215,2.519559717178345,0.0882938988506794,6.521849966049194,2.970138931274414,0.5169941186904907,0.0821329027414321,350.68560485839845,3522.604833984375,2390.485034179688,92.59666900634764,1395.4862670898438,216.39043273925785,2.858559846878052,53.06251564025879,127.59014663696288,16.140484046936034,1.0713602900505066,1039.5867753982543,1615.3901401996611,5627.173852060037,1.0897634129971263,650.1531018257141,220.36173317432403,15.95104795768857,1.9445944607257843
154.30544776406387,53.69687201621637,3.6780700397073134,0.6321637141865836,21.08966217041016,8.44192190170288,19.76834602355957,3.555014562606812,2.414487218856812,1.200251042842865,0.0886964917182922,6.811832571029663,3.0139019966125487,0.5866382241249084,0.0884946219623088,316.2515625,2602.1587646484377,1700.4870361328126,80.11590805053712,678.5231384277344,103.83585815429689,2.878429698944092,58.26443252563477,135.08163146972657,19.107080268859864,1.1262063145637513,912.793448638916,1538.4321022748948,5460.752207585564,0.8160893825814128,617.92972240448,222.4085505723953,16.153088180720808,1.9841419853270053
160.82207331367098,53.94801743799835,3.7382901785121705,0.5894392819448058,21.515794563293458,8.623124885559083,21.323675918579102,3.607597017288208,2.4101595878601074,1.1859990954399109,0.0883776985108852,6.691188812255859,3.040609908103943,0.5560748994350433,0.0816067315638065,329.7489715576172,2675.373583984375,1820.0258178710935,80.9236831665039,675.0493225097656,101.47756423950196,2.861655068397522,68.52107162475586,136.79337463378906,17.660120964050293,1.0651816844940185,920.4246894836426,1533.8629168748855,5447.266369889863,0.7819261247292161,640.296394443512,221.30103447437287,16.051045648753643,1.958414450287819
161.15094560007128,49.43811595991046,3.544111981221249,0.609719533626685,21.344766235351564,8.081347179412841,20.003260231018068,3.48211989402771,2.205536961555481,1.117623221874237,0.0900505140423774,6.721888160705566,2.9007068872451782,0.5746752917766571,0.0880388833582401,322.7430389404297,2481.1160400390627,1748.7383422851562,77.94934387207032,619.5305725097656,96.32279510498049,2.900054383277893,45.74090232849121,125.65909805297852,18.537510681152344,1.1054384589195252,916.6131984710694,1483.1504722118375,5338.870285521215,0.7496751004830002,628.3647966384888,222.2790006875992,16.145449474453926,1.9810584224760528
163.89985841571615,50.85420943356976,3.79867953520361,0.6632745623837195,19.563130569458007,8.60542984008789,21.68761100769043,3.50250244140625,2.2940701961517336,1.1107030034065246,0.0879329107701778,7.006522226333618,3.215484595298767,0.5838327825069427,0.0873324006795883,330.5493469238281,2648.144018554688,1860.141198730469,77.59956893920898,645.6982727050781,96.25226593017578,2.846470999717712,63.67170524597168,147.15320739746093,19.18946304321289,1.1528944730758668,932.4200992584229,1521.4634790182113,5414.410222432064,0.7436300145462156,641.0063376426697,222.00421638488768,16.10015028193593,1.975809208676219
153.5017914292868,51.99308104228703,3.600722456790322,0.6376929665316766,20.94202671051025,8.082044982910157,19.75439109802246,3.658704853057861,2.3383917808532715,1.1793915271759032,0.0891309477388858,6.576548767089844,3.2096121311187744,0.5876699328422547,0.0876842133700847,316.0351104736328,2477.4188232421875,1700.1656616210937,80.31598510742188,656.2172912597656,102.37221755981446,2.894877076148987,60.57201385498047,140.52696533203124,19.15177478790283,1.1267964720726014,891.5799049377441,1524.0065164089203,5462.313262483198,0.8185075234621764,618.686047077179,222.5732885837555,16.16588170453906,1.9884984366595744
157.61549838807696,52.10603572001109,3.677108128024384,0.5732564077052758,20.51896858215332,8.231002807617188,19.114416313171382,3.483481383323669,2.268400478363037,1.1100919008255006,0.0876507878303527,6.780770587921142,3.0479310750961304,0.545916885137558,0.083413303643465,320.8174133300781,2526.82685546875,1656.4614990234377,78.59622192382812,640.4360168457031,95.70037689208984,2.855119562149048,48.6889274597168,135.5924285888672,17.14850273132324,1.065060603618622,908.553670501709,1498.3358228683471,5385.914236982167,0.7388245495036244,624.063293838501,222.04431648254396,16.115767577290534,1.9686164818704128
153.9263814232727,53.03467032993185,3.5589491370223185,0.6537778465536122,21.078706741333008,8.438963222503663,19.0644947052002,3.5279098987579345,2.4111944913864134,1.113784909248352,0.0894435502588748,6.512207651138306,3.07765736579895,0.5926842153072357,0.0855795502662658,321.4414093017578,2600.00732421875,1612.7722045898438,79.7055435180664,671.50234375,95.91023330688476,2.8827938795089723,57.10192680358887,131.9594512939453,19.38445053100586,1.1302121877670288,916.1247249603272,1483.582261967659,5208.639243482799,0.7567373497411609,626.8870273590088,222.2816472530365,16.12711243927479,1.98701505959034
168.49778921468095,46.43141562669898,3.51811183902862,0.640930880091571,20.5930290222168,9.1187894821167,22.15697422027588,3.3848079442977905,1.966053569316864,0.9522839546203612,0.0888216018676757,6.594472169876099,2.954972243309021,0.6238727688789367,0.0881051816046238,338.0480895996094,2800.871752929688,1935.437451171875,75.37795639038086,552.99267578125,81.76686248779296,2.881240653991699,48.44650726318359,126.61367797851562,20.3648832321167,1.1312363505363463,917.0840129852296,1525.117996287346,5573.526237222832,0.72203806117177,654.7343677520752,222.08655025959013,16.084715555608273,1.984617219492793
150.5548400913307,52.61013691534417,3.780693785793301,0.6204389727893613,21.318385887146,7.849114036560058,19.92427635192871,3.708931541442871,2.357102608680725,1.1470171809196472,0.0885478712618351,7.024985027313233,3.2887115478515625,0.5919539451599121,0.0892117694020271,316.3422790527344,2411.7716064453125,1686.540087890625,80.91183242797851,657.3407287597656,99.58547821044922,2.8732945203781126,73.84145736694336,148.2890655517578,19.208531379699707,1.115348482131958,903.9659088134764,1511.8901500701904,5365.273559609149,0.7992565982043743,618.2788998603821,222.34718811511996,16.201689422875642,1.9871093146502967
161.73518063374794,46.499126130886815,3.6533895701829806,0.6467097431535536,20.679129600524902,8.274473857879638,21.405426025390625,3.4996878862380982,2.000800943374634,0.995147454738617,0.0869341395795345,6.688373231887818,2.83680579662323,0.6242776870727539,0.0938816860318183,326.81480102539064,2541.6863037109374,1838.6599487304688,76.5971664428711,557.5741516113281,85.51302795410156,2.8159658908843994,54.97798843383789,124.09810333251951,20.417973136901857,1.168158221244812,897.0096549987793,1479.011963629723,5318.421964119375,0.7206671429798007,637.5460436820983,223.35999157428745,16.173012173175813,2.004400281980634
164.58021313227218,48.5949983187139,3.865296787547982,0.6547051312846406,20.607750511169435,8.997185516357423,21.78867492675781,3.607910680770874,2.143308901786804,1.00441677570343,0.0875411458313465,7.120379781723022,3.3355459690094,0.5968837141990662,0.0929888986051082,333.5736480712891,2750.92294921875,1893.513806152344,78.62860260009765,598.1576110839844,86.8640625,2.8477792263031008,73.2138542175293,152.8685745239258,19.607382583618165,1.166409933567047,898.8666194915771,1493.3808651924132,5420.815728672547,0.7472277285531164,648.0961751937866,221.95025911331177,16.122352354973554,1.9808220073580745
165.80135343412985,49.326246926907785,3.709154841011832,0.5850516941369165,21.980867385864254,8.98872013092041,20.39401912689209,3.515705752372741,2.135137438774109,1.0706628203392028,0.0873614877462387,6.736305141448975,3.0563313961029053,0.5466892123222351,0.0839858390390873,330.9384033203125,2775.7638671875,1771.022375488281,77.31008453369141,601.4954223632812,92.06671524047852,2.834732747077942,68.56271286010742,134.53600616455077,17.330675888061524,1.0726637840270996,908.266771697998,1520.9022638082504,5558.999291963037,0.7658251592889428,643.4269451141357,221.9291131019592,16.083570548146962,1.9637247405946252
155.3488551973096,50.74881547952382,3.5646674474314066,0.5747131252097575,19.399467277526856,8.171682548522949,20.19555244445801,3.511900520324707,2.202205681800842,1.0794273972511292,0.0875545546412468,6.381194353103638,3.012288975715637,0.5259841859340668,0.0824672505259513,322.4080322265625,2516.2725830078125,1704.2172485351562,78.76037368774413,615.9883972167969,92.1285026550293,2.838040089607239,52.35106353759765,128.65501556396484,16.544311714172363,1.0621700763702393,905.702039718628,1502.570604610443,5316.72429128373,0.7630462475121021,626.1101790428162,221.7973013877869,16.090472939610482,1.9612817369401452
149.09918369041915,53.0922787447591,3.614733629984949,0.6282486259447978,22.51283187866211,7.915251398086548,19.769006729125977,3.722875452041626,2.276284646987915,1.127960753440857,0.0891500882804393,6.206159210205078,2.9674887657165527,0.5551614463329315,0.0840066112577915,315.81976623535155,2454.97314453125,1672.8781494140626,80.9943977355957,636.5629516601563,96.439990234375,2.85634286403656,45.988498306274415,128.22230072021483,18.034576606750488,1.1006909132003784,895.5251735687256,1519.174621462822,5407.115657262458,0.7921413408592344,617.8679883003235,222.1968409538269,16.13214418515563,1.9773935049772264
183.0118044238916,90.1306420645822,3.640169640088197,0.5654724775179375,22.59580402374268,9.069452381134033,22.75708732604981,4.118759393692017,3.60934100151062,1.868104994297028,0.0881845973432064,7.088386535644531,3.1588152647018437,0.5637977182865143,0.0846448093652725,340.1367706298828,2787.074877929688,1979.7320678710937,91.15648040771484,1014.9413024902344,161.02600555419923,2.8519336462020872,55.00172996520996,144.42099304199218,17.819205284118652,1.0578583359718323,972.7935222625732,1573.7443507909777,5563.589069689438,0.784840295277536,637.3221080780029,219.4035270690918,15.801694925129414,1.932140877097845
151.88824123490485,55.59348566306953,3.626532946206362,0.6515816574800738,21.478878593444826,7.892245960235596,19.772906875610357,3.771001243591309,2.461705374717712,1.2938159704208374,0.0875768184661865,6.494030427932739,3.188377857208252,0.5918765842914582,0.0888265371322631,315.9589294433593,2441.740966796875,1678.0424926757812,82.54599227905274,685.8377319335938,111.1813133239746,2.8551459550857543,55.221955108642575,139.14266662597657,19.37150936126709,1.1424315929412845,894.8830787658692,1504.4734131336213,5268.532006945973,0.8093279926106334,618.7633092880249,222.30631549358367,16.11392725408077,1.9874929007142783
174.0360331587166,100.0944040715438,3.6845787207488,0.6134676367679617,22.05861511230469,7.988453578948975,21.150561904907228,4.024825525283814,3.320887804031372,1.83578622341156,0.0886615142226219,7.594248819351196,3.1792163848876958,0.594856059551239,0.0885563418269157,325.2075225830078,2479.371166992188,1810.273181152344,90.93926849365236,939.286395263672,158.33814544677733,2.886416029930115,69.56399536132812,146.44684906005858,19.32712516784668,1.103714895248413,949.4042491912842,1565.6761758089065,5427.633185340837,0.8141695128753781,615.8472079277038,220.598966050148,15.980314925312996,1.95996278449893
157.103719824164,54.49308952467809,3.5571985859524147,0.6373676925011864,23.5018892288208,8.293010234832764,20.37384605407715,3.732159924507141,2.504254198074341,1.2150050520896911,0.088650244474411,6.251505613327026,2.8279831409454346,0.611903828382492,0.0846145413815975,323.61207885742186,2548.960400390625,1776.4424194335938,81.36905517578126,703.4670227050781,104.75908050537107,2.870787072181701,48.54575386047363,121.95968780517578,19.905128479003903,1.1054629802703857,912.665591430664,1518.8837642669678,5394.480780005688,0.7943249300122261,634.1373615264893,222.36295547485352,16.09411854073405,1.9870804615318776
165.09874344443233,48.88146175223447,3.5929716336362616,0.5684527121891847,20.313450241088866,8.91742820739746,20.842313385009767,3.542844843864441,2.0743713855743406,1.0245989441871644,0.0897927224636077,6.953647327423096,3.0122362613677978,0.5414730548858643,0.0825393013656139,332.4129333496094,2733.125830078125,1822.258276367188,78.1865623474121,578.0476440429687,88.40340728759766,2.902241063117981,62.61099815368652,133.95343017578125,16.966738319396974,1.055380153656006,928.743577194214,1501.6897302150726,5430.0622266233895,0.7205706721171736,644.4323136329651,221.57420105934145,16.067686369270085,1.9570807948708533
154.89985941355843,50.81054316638665,3.589903594039515,0.597507235200726,19.06846237182617,8.296873760223388,19.84801959991455,3.620998549461365,2.225131106376648,1.1589564561843873,0.0889072619378566,6.505850887298584,2.973247623443604,0.5677419126033783,0.0813486091792583,317.09316101074216,2544.087060546875,1686.1338500976562,79.10558547973633,627.9504821777343,100.58971939086912,2.869880533218384,47.91541519165039,130.176513671875,18.04328727722168,1.0710243225097655,912.3129150390624,1535.3070286989212,5447.625903366925,0.8047830129042268,617.08294506073,222.250013422966,16.14716360345483,1.9755699150264263
159.67577627407735,52.47817235567327,3.659543169491621,0.6176798798633627,19.993339920043944,8.280100631713868,20.529201316833497,3.518740916252136,2.3615904569625856,1.1673999428749084,0.0866929322481155,6.804947137832642,3.074894642829895,0.5792106449604034,0.0848285466432571,325.2757904052734,2554.13349609375,1746.55048828125,78.78390502929688,664.5779357910156,100.78454208374023,2.8256760120391844,51.14129905700683,134.1096923828125,18.76608390808105,1.093546175956726,921.391442489624,1526.7728336572648,5402.882962088426,0.7754862194880843,631.8837018966675,222.05357892513277,16.0825804002583,1.9751842051744464
160.87742714033084,50.199329125181336,3.7379091579750594,0.6138971745998674,20.332703018188475,8.190865325927735,21.09452705383301,3.4685508728027346,2.2458419799804688,1.1066147804260251,0.0870353549718856,6.47454423904419,3.135899162292481,0.5610317826271057,0.0873213373124599,326.0026458740234,2526.0290283203126,1807.7249755859373,77.06110382080078,633.4158203125,94.38535232543946,2.816148471832276,50.42178077697754,140.97652587890624,18.180228996276856,1.1033710360527038,936.1755111694335,1513.4234589338305,5340.258190414449,0.7429239092394709,632.1382001876831,222.02097196578976,16.094252032786606,1.9718002505600447
