NPP_pft0,NPP_pft1,NPP_pft2,NPP_pft3,VEGNSTR_pft0_Leaf,VEGNSTR_pft1_Leaf,VEGNSTR_pft1_Stem,VEGNSTR_pft1_Root,VEGNSTR_pft2_Leaf,VEGNSTR_pft2_Root,VEGNSTR_pft3_Leaf,VEGNSTR_pft3_Root,VEGC_pft0_Leaf,VEGC_pft1_Leaf,VEGC_pft1_Stem,VEGC_pft1_Root,VEGC_pft2_Leaf,VEGC_pft2_Root,VEGC_pft3_Leaf,VEGC_pft3_Root,SHLWC,DEEPC,MINEC,AVLN,INGPP_pft0,INGPP_pft1,INGPP_pft2,INGPP_pft3
31.669566094875336,18.406766266713383,38.38260679710656,19.558804112672806,4.759839582443237,3.0720563650131227,0.3145746678113937,0.0555472247302532,0.3874385505914688,3.95107684135437,4.31480484008789,0.5828575015068054,78.0533317565918,25.2321683883667,17.46409091949463,3.5103164196014403,6.013004875183105,70.31641998291016,33.12031707763672,19.67539691925049,291.7821575641632,1382.6961140811443,2665.5834929161474,0.4170517662764396,100.3094216823578,64.36933682113886,121.66270268969238,263.0267705440521
31.093108522892,18.899075572099537,37.82742288573645,20.621650439500808,4.821191310882568,3.321104192733765,0.318514397740364,0.0551210861653089,0.3887180984020233,3.99289231300354,4.243434476852417,0.6611771166324616,79.43108291625977,26.82466506958008,17.62944049835205,3.493888330459595,6.023192358016968,71.60639724731445,34.37126197814941,21.69967632293701,296.97210545539855,1245.727764928341,2557.6718129702904,0.4443605860049743,99.13833718299864,65.42568031549453,120.14293240699917,260.31948337554934
32.492107284069064,14.210103349134442,39.30788293157239,20.85286061167717,4.674762201309204,2.379832005500793,0.0841848045587539,0.0130075032822787,0.3909271627664566,3.827315807342529,4.065961170196533,0.6147917985916138,78.94090881347657,21.220907402038574,4.653764438629151,0.8211925983428955,6.015887308120727,70.2200553894043,32.56079940795898,20.839385414123534,299.9901823043823,1267.0927799344065,2705.3796394773644,0.3795997771598706,100.37234191894532,54.34209304023534,121.210313456133,262.5034332036972
31.743188881874083,17.818776534032075,37.81076994261239,21.162176620960235,4.751562547683716,3.148559403419495,0.3162557691335678,0.0523346360772848,0.3875077247619629,3.886584973335266,4.131248807907104,0.6628074586391449,80.25970764160157,25.3738468170166,17.19402904510498,3.2482178926467897,6.031692600250244,68.8201690673828,34.143741607666016,21.942874717712403,298.4417151927948,1264.55065754652,2600.780192140513,0.4083242748269711,99.1504596233368,62.9742223650217,120.16461953427644,260.24791431427
31.061674201488493,18.8584034655476,39.67644654894248,20.80296631455421,4.920447731018067,2.999463605880737,0.3020390719175339,0.0544666081666946,0.3932000011205673,3.800201821327209,4.204259443283081,0.6217053890228271,80.34624252319335,24.992256927490235,17.89239444732666,3.399906539916992,6.038119220733643,70.66575088500977,33.6110954284668,20.98131217956543,294.6881895065308,1426.5516521811485,2801.641753054457,0.3977109509629727,100.05130701065065,64.19801173359156,121.152695582062,262.19181020259856
31.499537551403044,19.20802530979272,37.76458751368337,20.65558498501777,4.896144914627075,3.2818254470825194,0.3160310119390487,0.0546849109232425,0.3925722986459732,4.049047517776489,4.230449914932251,0.6473911702632904,81.19457397460937,26.78824825286865,17.256791877746583,3.469829273223877,6.029366540908813,71.46935653686523,33.736785125732425,21.44595890045166,299.2189497470856,1193.0379839420318,2511.64932846459,0.442021038013614,100.23109102249146,65.1985288463533,121.3976542884484,262.6943759202957
30.71653273105621,19.54813999182079,38.402123780571856,19.34662128686905,4.8640456199646,3.1407501697540283,0.306777673959732,0.053058622777462,0.3873510450124741,3.75158281326294,4.339672088623047,0.5857917368412018,80.05711212158204,26.11823253631592,18.596244621276856,3.374492144584656,6.020109605789185,67.77275161743164,32.67867202758789,19.667960166931152,287.7829149723053,1236.8744502067566,2575.3473594593293,0.4289203821309876,98.49886269569396,64.09724451247602,119.39091102443636,257.7680277109146
31.166513895988462,17.272199141886084,39.48116758253891,19.226019299030305,5.035998058319092,3.01700279712677,0.2913671106100082,0.047559717297554,0.389440456032753,3.817090940475464,4.2887428283691404,0.6014298856258392,83.67548599243165,24.602356910705566,15.696964740753174,2.9634425401687623,6.054316473007202,70.4196891784668,33.70562744140625,19.894614219665527,291.2734654426575,1430.3808926701545,2810.558218296524,0.3930036701382917,100.2167320728302,63.966782646253705,121.21650217007846,262.4951247930527
30.34285205602646,18.79283744932618,37.6382679741364,19.758257246017457,4.868626689910888,3.130385327339172,0.1906125500798225,0.0324969941750168,0.3852658569812774,3.960577130317688,4.223689556121826,0.5937527656555176,79.4919822692871,27.19601650238037,11.250658893585204,2.016877746582032,6.017895126342774,71.57116775512695,32.80428962707519,20.0073356628418,295.182807302475,1298.1138006329536,2632.5483856711944,0.398826278375642,98.06225638389589,68.2709936676547,118.88799948692322,256.7693139791489
31.2431857585907,18.323158681055062,38.15499105891213,19.673479390144347,4.618658494949341,3.2578983068466187,0.3280314564704895,0.0529317505657672,0.3875191956758499,3.760411071777344,4.354058074951172,0.5828595519065857,76.4755760192871,26.076434326171874,20.199887084960935,3.382324457168579,6.035511302947998,67.8226692199707,32.83363380432129,19.692423820495605,287.6312322616577,1249.945198738575,2598.507944366452,0.4587488047702194,98.08201713562012,64.07174654034898,118.9702460227534,256.99971516132354
30.884593200683597,14.664951332646888,37.04127024747432,20.395762979984283,4.719423580169678,2.75301411151886,0.0578639812767505,0.0087271178141236,0.3904604166746139,3.848315453529358,4.306997537612915,0.6170059978961945,78.71741027832032,24.07847213745117,2.94982328414917,0.536145669221878,6.006777095794678,68.19314193725586,33.370029067993165,20.748896980285643,286.6828416347504,1169.8351866602898,2554.843078757287,0.4326447210735473,97.44859828948977,58.81775996761862,117.89225429538638,255.26535186767575
29.357019317150115,17.10269734596137,36.86181181971915,21.413896054029465,4.9996696472167965,3.1748320341110228,1.3862193384284185e-06,2.826595858415604e-12,0.38740274310112,3.943463659286499,4.057662296295166,0.6357381403446197,78.67686462402344,28.389479637146,9.167341545435192e-07,3.794815893812253e-11,6.063533163070678,69.31203155517578,33.21883964538574,21.48268928527832,294.58582944869994,1315.0020033478736,2703.9467470388686,0.3843815857512371,98.03363924026488,69.78226801987759,118.67059539649637,256.6178997993469
30.28585529327393,20.1322426435072,37.77687336045783,21.417992216348647,4.882030296325683,3.4687190771102907,0.317330601811409,0.0569900557398796,0.3904410243034363,3.813428688049316,4.4485182762146,0.623319935798645,79.6897186279297,28.2709321975708,18.59712944030762,3.522683572769165,6.023758602142334,68.25780487060547,33.822108840942384,21.27711143493652,297.4052751541138,1277.7416748642922,2650.8302546697205,0.4477027172299024,98.01994824409483,65.43397794533522,118.91737410929052,257.0560944318771
32.08335282802582,20.602338147419506,38.60032257589046,21.211581164598464,4.727720069885254,3.729325008392334,0.3497888892889023,0.0625107515603304,0.3840526908636093,3.9597626447677614,4.576849126815796,0.6606537401676178,79.03302230834962,29.72419662475586,20.570100402832036,3.898911881446838,6.046396780014038,71.49379959106446,34.63587112426758,22.025891494750976,295.8498068332672,1413.8229740321635,2719.530387887208,0.4300088685893193,100.21483654975891,71.164025490731,121.3352669218555,263.1976064443588
32.36739330291748,14.344106281799032,39.49040787536651,20.746838903427125,4.732672786712646,2.4414731740951536,0.1022754989564418,0.0169245423749089,0.3878681600093842,3.824305939674377,4.000598764419555,0.6467312395572662,80.13490524291993,21.4048755645752,6.25284743309021,1.071817970275879,6.061061573028565,70.54315872192383,32.54670867919922,21.5042293548584,301.58027510643007,1258.960470843315,2683.810037126916,0.3605576109819701,100.32796425819396,54.47516860589385,121.27935647144912,262.2844236850739
30.651610326766967,15.01556636270834,38.70437773424201,21.69137115478516,4.821826505661011,2.765436840057373,0.2217238083481788,0.035572475194931,0.387347799539566,3.817693948745728,4.192254686355591,0.6327930092811584,77.8499870300293,22.5596586227417,12.087172412872317,2.227997970581055,6.0528069019317625,69.53514251708984,33.09963836669922,21.614847564697264,285.19499216079714,1253.222349345684,2745.094807044347,0.4047918309959904,99.00664796829224,57.50665414277464,120.130248875916,259.44025015830994
30.556703436374665,20.417007685196587,38.03318933516275,19.985747516155243,5.06224102973938,3.220889854431152,0.3210743069648742,0.0535664860159158,0.3887911289930343,3.950303244590759,4.3854711055755615,0.5675380885601043,81.55190353393554,27.17274055480957,19.59147415161133,3.3574731826782225,6.011165952682495,70.06342544555665,33.08567237854004,19.52848587036133,294.7696273803711,1405.774403166771,2695.954218147433,0.4019169826860093,100.23608369827272,70.23075199723243,121.04704624991864,262.2130613803864
30.70437523126602,17.364801618065393,37.66078253763262,21.946727734804156,4.728629064559937,2.8981377601623537,0.0428098008036613,0.0101112026255577,0.387845304608345,3.7594117641448976,4.308655548095703,0.5952608168125153,78.2254737854004,25.555231666564943,2.9774980783462524,0.6532162457704545,6.0184427261352536,67.4843650817871,35.754590606689455,20.40978279113769,298.2139656543732,1405.8424739420414,2750.494296576508,0.6531910333884404,97.63982515335084,61.86394901554449,118.18994248919188,256.6468101263046
31.083425796031957,19.414544772380037,38.0879922931781,20.636354315280915,4.794156265258789,3.4446300268173218,0.3256278216838836,0.054217081144452,0.3852279961109161,3.810823917388916,4.449642276763916,0.6433843374252319,80.80256729125976,27.7740966796875,18.1444673538208,3.4408618211746216,6.030631160736084,69.10838470458984,34.17841835021973,21.4161735534668,300.4086760997772,1277.8116129279138,2633.7590614750284,0.451347293048849,98.0137514591217,64.65947401542216,118.78349404223265,257.1039190530777
30.681167423725128,19.590301075112077,36.825937191676346,20.04399281144142,4.822373867034912,3.4411906719207765,0.3186359286308288,0.0554010767489671,0.3892794013023376,4.0149811744689945,4.455429267883301,0.599644523859024,79.78412170410157,27.828642463684083,18.267438888549805,3.4943647623062133,6.027677583694458,70.77418670654296,33.485744094848634,20.28033046722412,290.81446800231936,1247.6015510678292,2564.464074121148,0.4483644698080908,98.02747721672058,64.94278317522257,118.85172337349503,256.8802057266236
30.970478856563567,18.989032592065637,38.69673479031771,19.36536655426025,4.938331604003906,3.0555327415466307,0.3271935760974884,0.0522983349859714,0.3860503077507019,3.982199454307556,4.339897489547729,0.560344910621643,79.97420883178711,25.351223182678225,19.329743766784667,3.2730775833129884,6.041930246353149,72.30162734985352,32.608041000366214,19.10709590911865,291.5618229389191,1421.190642797947,2738.909460356622,0.4014055115900873,100.27217960357666,65.09335340596735,121.39494337607177,262.3124950647354
31.85670745372772,16.389418127771933,37.91458935816773,21.71844574213028,4.81226921081543,2.7970293283462526,0.1931772008538246,0.0342284742742776,0.3940573394298553,4.045292091369629,4.19472451210022,0.6491748869419098,80.3018585205078,23.66958065032959,11.810354328155515,2.1813274383544923,6.049013090133667,72.03806686401367,33.90484962463379,21.95171012878418,299.81666407585146,1267.2619544386864,2643.41656414672,0.4084013292972123,100.28002877235411,60.35187398446724,121.25132428258658,262.80579071044923
31.521765959262847,17.885457873879933,38.42948311653454,19.880956715345384,4.791756248474121,3.05583279132843,0.3079291492700576,0.0529013913124799,0.3912024050951004,3.993072247505188,4.342091512680054,0.6150980353355407,78.32354583740235,24.90052013397217,16.776860427856445,3.375034213066101,6.0440025806427,71.59797668457031,33.049807739257815,20.531224250793457,292.8623281002045,1386.0985255300998,2700.621264506917,0.40527420491279,100.29897918701172,63.77310440577567,121.6814062891528,262.8261953353882
29.960251891613005,22.205153744877315,37.99082846769598,27.431260228157043,4.921411943435669,3.828341245651245,0.3397421538829803,0.0601182352751493,0.3879009336233139,3.764015483856201,6.728811645507813,0.7412411451339722,80.14117736816407,31.3224889755249,18.976543998718263,3.7419196128845216,6.011098909378052,68.86780014038087,53.20253448486328,25.266858100891117,299.682957983017,1412.2062581181526,2761.161843505682,1.346920765133109,97.4629358291626,67.4523965999484,117.66246993131936,262.65359296798704
30.799365162849423,18.947047288669275,39.11676628687419,20.35294913649559,5.0414896488189695,3.272811985015869,0.3317826628684998,0.0538806039839983,0.3917009770870209,3.841157221794128,4.34293007850647,0.604134875535965,82.11824569702148,26.556857681274412,18.353082275390623,3.400337266921997,6.022032117843628,70.2637710571289,33.64490242004395,20.45858325958252,296.6757519721985,1403.2017719626426,2791.2011343503373,0.4077529403029423,100.22290058135988,66.60801794715226,121.05588068589569,262.4459225654602
30.43175106048584,17.59928446748527,37.58156816733536,19.8189418554306,4.888962936401367,3.0182276010513305,0.2704194754362106,0.0424361076205968,0.3848820239305496,3.975128436088562,4.349939060211182,0.6237621247768402,78.98007202148438,25.18768367767334,16.126045322418214,2.692870497703552,6.048185157775879,70.61070938110352,32.73898544311523,20.7355676651001,288.1355351924896,1195.6503147125245,2536.258449504222,0.4150290268587032,98.73643493652344,63.65906760031358,119.86633609104902,258.5169380426407
31.703144347667696,14.836373034568078,37.222729754424655,20.402957803010946,4.694460058212281,2.586039352416992,1.6477396300729196e-07,1.0292946126972952e-14,0.3897999465465546,3.862168884277344,4.142907381057739,0.6038334608078003,80.51978302001953,23.633060646057128,4.5021061367833685e-08,1.1586958606132905e-13,6.028726863861084,68.32801895141601,31.93236484527588,20.532766151428223,294.7715792179108,1219.578064072132,2585.5620177773235,0.3767060323876287,98.08375306129456,58.52646930560287,118.61955015063286,256.03119733333585
32.070142567157745,17.89301291430602,37.12734307062347,19.8466035425663,4.802732801437378,2.8854419946670533,0.2911551237106323,0.0493356801569461,0.3843389004468918,4.07329797744751,4.243547534942627,0.6289413571357727,80.96037139892579,24.18990840911865,16.3053316116333,3.127154302597046,6.0240771770477295,70.3752197265625,33.37809944152832,20.76077003479004,293.10170259475706,1261.831093776226,2520.5879161339426,0.4116257320187031,100.27386479377746,63.11031491374597,121.17048821728676,262.59211213588713
30.77941836118698,17.319439134001733,39.09332628746051,21.27661227583885,4.96075668334961,3.185706448554993,0.2977795332670211,0.0546400547027587,0.3852463215589523,3.864607882499695,4.206071424484253,0.6871462404727936,79.78676986694336,25.2549108505249,16.298247718811034,3.4527797937393188,6.038034963607788,70.50949935913086,33.252498626708984,22.590411376953124,292.1512029647827,1400.9927597880364,2813.740670332988,0.4488613832350573,100.25464496612548,63.28336130194366,121.23933567404748,262.39256248474123
30.463057816028595,18.473760313470848,37.14472390527372,20.10866490602493,4.810694313049316,3.328119707107544,0.2477121487259865,0.0389620959758758,0.3914203286170959,3.9109891414642335,4.063593769073487,0.6505382299423218,78.48733596801758,27.650627517700197,14.251022148132323,2.439844489097595,6.01754059791565,69.0500244140625,33.04088363647461,21.25301532745361,293.7027118206024,1289.2131291151047,2605.238703027734,0.4341926949945701,98.04118976593016,69.21223855670542,118.88592222891748,256.862915968895
30.724423837661742,18.73001551437192,37.30938193961047,20.068718683719634,4.827440690994263,3.063316321372986,0.321002322435379,0.0558719657361507,0.3834135234355926,3.885396981239319,4.267038822174072,0.6431172132492066,80.07495880126953,25.36708793640137,18.39104118347168,3.5163455247879027,6.027808713912964,68.95984725952148,33.44808731079102,21.177346229553223,289.4032554149628,1253.4789682388305,2560.5144401691277,0.4252258877391348,98.04922037124634,63.00984956491739,118.68439137171954,256.85418832302094
32.34858267307281,19.101282025373077,38.62287099612877,19.87468150854111,4.877647256851196,3.297993278503418,0.303449672460556,0.0556309003382921,0.3882720828056335,4.069446277618408,4.304737520217896,0.6243706107139587,80.17154998779297,26.740056037902832,17.06989440917969,3.522561478614807,6.006843948364258,71.38505172729492,33.20015869140625,20.679291343688966,296.36918954849244,1420.632121735811,2663.9335739477074,0.4128570352704123,102.47551455497742,66.85307326093316,124.01121328696608,268.45794064998626
30.20590344667435,20.518359446781687,38.413192640058696,20.74507291316986,5.058511972427368,3.4522469997406007,0.3362599343061447,0.0579858690500259,0.3844868540763855,3.9304478406906127,4.335724592208862,0.6096666872501373,79.92341842651368,28.366153526306157,18.31881618499756,3.634253025054932,6.051638126373291,70.26508712768555,34.43672218322754,20.67516212463379,295.4037624359131,1420.697510880232,2746.29693579654,0.4465221008823292,100.2191249847412,67.51171106528491,121.30928192473948,263.0500163793564
30.00885756015777,16.58947969820583,37.29979703384451,20.956247013807296,4.89910306930542,2.6596889734268188,0.2242422848939895,0.0366367042064666,0.3916018277406692,4.010886335372925,4.052420282363892,0.6193147957324981,78.74305725097656,22.80711784362793,13.071524620056152,2.2952921628952025,6.048001337051391,71.87900619506836,32.13667106628418,21.00401840209961,290.7396622180939,1239.7870225787162,2636.842068966036,0.4052874707278455,98.12137012481688,57.82432064739987,119.04397981185464,256.4556799650192
30.95451818704605,17.480830890405922,38.37070957988035,20.609338676929475,4.711177730560303,2.926255965232849,0.2196733012795448,0.0379272319376468,0.3828012615442276,3.773311400413513,4.249085378646851,0.6174436390399933,77.76288986206055,24.8331392288208,12.377596473693847,2.4113184928894045,6.028715038299561,69.08355026245117,33.0896053314209,20.88865509033203,296.1654505729676,1418.0566000640392,2784.056319446588,0.3936262633750644,98.10375618934631,62.761333875637504,118.59485035538674,256.85398802757265
32.06621334552765,16.36020503877662,37.07798352548853,20.21782166361809,4.768165254592896,2.6629249334335325,0.1943172544240951,0.0326204378157854,0.3859493046998977,4.095790910720825,4.298270797729492,0.6110260188579559,79.90492782592773,22.87060680389404,11.780296325683594,2.0332106590270995,6.065944623947144,70.67623672485351,32.07433471679688,20.65769596099853,296.86166191101074,1279.426574313641,2587.010088849417,0.3778799911402707,100.30664501190184,58.9100633956492,121.35331156291068,262.00659301280973
30.262222027778627,18.67171173226088,37.64306854906026,20.07917338013649,4.850409030914307,3.2670650720596317,0.3305128544569015,0.0571263700723648,0.3848101645708084,3.9472771883010864,4.369117069244385,0.6568357408046722,78.68707122802735,26.385513305664062,20.006544876098637,3.602517580986023,6.047083282470704,71.38296356201172,33.45832901000976,21.53604106903076,295.16125373840333,1233.1635955929755,2586.8677168618187,0.4584307467140384,98.0440836429596,65.97693039271981,118.8099951107055,256.86063573360445
31.14787278175354,18.171432977728543,37.8695860469481,21.314523530006408,4.862594556808472,3.233674716949463,0.3224809050559997,0.0535496424883604,0.3895103752613068,3.994267153739929,4.24389910697937,0.6087666571140289,78.76582870483398,25.93420886993408,18.783391189575195,3.35543155670166,6.058285284042358,70.14864120483398,34.81227798461914,20.75657424926758,289.68374886512754,1208.7019461989405,2559.475372781337,0.436926219251432,100.23886613845823,64.9111651737243,121.5855923274532,263.5805807352066
32.11522048711777,19.441003593360072,37.17465462654364,21.417080807685853,4.772943019866943,3.542958664894104,0.3160707652568817,0.0558402385562658,0.3845433503389358,4.109338665008545,4.461733484268189,0.640920776128769,80.40365600585938,28.228812980651856,18.259317207336423,3.498016238212585,6.049942970275879,71.02983627319335,33.76515579223633,21.730816459655763,296.17876663208006,1197.138037252426,2510.4658345223697,0.4447999902796454,100.22517566680908,67.0703656822443,121.51435512509195,262.656227183342
31.189821946620945,18.442688197945245,36.87431597255636,19.28495781421661,4.74769172668457,3.0852800846099853,0.298669621348381,0.0547627490013837,0.3893348693847656,3.974170780181885,4.345431327819824,0.6007347047328949,79.88179779052734,25.31311798095703,17.697136878967285,3.452219247817993,6.053533458709717,69.81466445922851,32.40368118286133,20.003541564941408,289.51253428459165,1247.5383567094802,2517.411290638312,0.4147605213397511,98.04677639007568,62.55570923611522,118.9411298416555,256.4144911527634
31.613369870185853,16.63907764480682,38.08038368078415,19.799732118844982,4.662846803665161,2.864421033859253,0.2596920698881149,0.0492757488042116,0.3881505459547043,3.798560285568237,4.179695081710816,0.6362364172935486,79.17494125366211,23.4597541809082,14.815659427642824,3.082195687294006,6.00449914932251,68.75296325683594,33.64548950195312,20.85117378234863,296.13507356643674,1280.6565736055377,2649.588070139865,0.4316841815603546,98.10817894935607,59.47331855054945,118.82386016976088,257.3313117265701
31.761983501911164,17.621740974159913,36.90482808221132,20.11814687848091,4.678358507156372,2.872640538215637,0.3085449635982513,0.0521166879683733,0.3871590107679367,4.0993927955627445,4.082932329177856,0.6085654437541962,77.9894920349121,23.80348281860352,16.55990982055664,3.222911739349365,6.049066638946533,71.1602294921875,31.884900665283205,20.474086189270015,290.15280561447145,1212.9711085319518,2497.0213914083665,0.3852611770593668,99.4295211315155,61.70407115984708,120.64947832096368,259.9723457813263
30.49651052951813,21.63103749989532,38.17322892723605,20.488379389047623,5.047469758987427,3.438970613479614,0.3593441277742386,0.0606812734156847,0.38701813519001,3.906227540969849,4.319576930999756,0.6190263986587524,80.90515899658203,28.6912109375,21.549012756347658,3.7901831388473513,6.009823799133301,69.24614639282227,32.702449035644534,20.898597145080565,295.9568206310272,1414.6436022818089,2706.4450557961013,0.4114275641438624,100.225484085083,70.88262288682162,121.08445191700012,261.99307413101195
29.64509650468826,15.511343872221186,36.58806825666689,20.09663027524948,4.852964067459107,2.5798327684402467,0.1275295421481132,0.0226133987307548,0.3855528682470321,3.945462322235108,4.202738428115845,0.6418736219406128,77.49555282592773,22.635720825195317,7.732812309265137,1.3974590182304385,6.034791469573975,69.29915161132813,32.73360633850098,21.160920715332036,287.534818649292,1251.9651565670968,2621.3250019631814,0.4133196026155211,97.27299370765688,56.1781413173303,117.97057145796715,254.6852725982666
31.914161562919617,18.003676484990866,37.6949841045076,19.802456241846084,4.749352741241455,2.9541645288467406,0.2090256303548812,0.0382153894752264,0.390699228644371,3.898537850379944,4.358011913299561,0.6414618909358978,80.89090042114258,25.068482971191408,12.799453258514404,2.3776119470596315,6.036419343948364,69.07224044799804,34.14317512512207,21.029279136657717,296.12241516113284,1232.02566075325,2533.700025636249,0.4126605451950226,99.155264043808,63.69039711738005,119.95875200349838,260.1003462314605
32.31846649646759,16.396980041102506,37.76052300245501,19.501452922821045,4.793759441375732,2.6483294010162357,0.2235752463340759,0.0380087438970804,0.3910051375627518,4.058483028411866,4.239903306961059,0.6049732565879822,81.72628784179688,22.550326919555665,12.774181938171386,2.354367017745972,6.03549165725708,71.60393524169922,32.421583557128905,20.149567985534667,286.5466558456421,1239.331131768227,2550.642458124109,0.3948033973854954,100.30084328651428,58.82587211532518,121.46659743580967,262.2325778961182
30.86201227903366,16.66940006504301,38.22934291213751,19.63933482170105,4.77774715423584,2.9015448570251463,0.2849243402481079,0.0484552312642335,0.3912796169519424,3.7593571186065673,4.360028266906738,0.6277368366718292,79.22906188964843,23.60599174499512,15.61718816757202,3.0094958782196044,6.026036214828491,68.31988143920898,34.16577072143555,20.651523971557616,289.2960232257843,1253.4301193356514,2616.757528507313,0.4156654229195574,98.08190665245056,60.28725776579231,118.73521494045852,257.4712236404419
31.471022379398345,17.037771165114826,37.3466026508715,20.04598677158356,4.731903743743897,3.0317104339599608,0.2800302267074585,0.0490385416895151,0.3872636765241622,3.852652907371521,4.164129257202148,0.6266499698162079,80.6408302307129,24.67032947540283,15.717479801177978,3.04932165145874,6.06558928489685,68.15652160644531,32.114326095581056,20.871161651611327,295.66133279800414,1252.2927377462388,2580.922948604287,0.4020606234425287,98.05810155868532,62.54130805227906,118.8570012446493,256.1126206874848
31.685431230068207,18.634760816534985,38.471803605859165,20.066990607976912,4.803838300704956,3.3078293561935426,0.3202236235141754,0.055706338211894,0.3842250227928162,3.8454694986343374,4.181318569183349,0.6128306210041046,81.3056625366211,26.59282112121582,18.654095458984376,3.438942670822144,6.039593744277954,69.10664520263671,32.77241172790527,20.48631858825684,294.3156308174133,1266.3003785848618,2601.5941795928984,0.4066706507229327,99.34609718322754,64.96317762415856,120.57177966628224,260.0582365512848
30.33964310884476,19.43899229557719,39.20267257152591,21.32376837134361,5.045057010650635,3.292039132118225,0.3383354336023331,0.0577052511274814,0.3886248469352722,3.814969301223755,4.458433723449707,0.6200460433959961,80.09023513793946,26.84906349182129,20.161331367492675,3.5886314868927003,6.013248634338379,69.51822280883789,33.72668647766113,21.210897064208982,293.6016519546509,1432.9686495542526,2854.1350723984883,0.4460596179501976,100.2581079006195,66.76442754063756,121.25572948344052,262.69755988121034
30.601360726356507,19.060765677737077,38.96032522597816,20.47734869718552,4.993928146362305,3.020687532424927,0.3033717632293701,0.0533597085624933,0.3872329384088516,3.853707122802734,4.152830457687378,0.6065427303314209,79.8629150390625,25.257512474060057,18.57101364135742,3.34545841217041,6.053832054138184,69.68977661132813,33.395564270019534,20.506714630126957,294.3467872142792,1428.281653636694,2769.337600156572,0.3785666792600018,100.27367296218873,65.0993025964126,121.45849891062826,262.76478600502014
30.345626187324523,18.330164376855823,36.75481005050242,19.538907951116563,4.875930500030518,3.021262502670288,0.3245006144046783,0.0531717427074909,0.3875010550022125,4.036915922164917,4.161352014541626,0.6276907563209534,79.73680114746094,25.067261505126957,17.74232749938965,3.310481858253479,6.054902458190918,71.15414428710938,33.276900100708005,20.619050979614254,295.0555846691132,1238.0858746528625,2515.999743192544,0.4052448624286526,98.04693822860716,64.14206618368625,118.83328607194126,256.8371994495392
31.12458965778351,16.62216718973359,37.124906344036575,18.52701382637024,4.715162658691407,2.8171936511993407,0.237967537343502,0.037648756429553,0.3852267056703568,3.853671860694885,4.289348983764649,0.6039557993412018,80.06895446777344,23.60126476287842,14.565801620483398,2.402712178230286,6.023717784881592,68.71238784790039,32.086014366149904,19.75508804321289,290.74238600730894,1250.8007162809372,2548.601270173647,0.4272851367398715,97.22302122116088,58.49130640542135,117.68143615033478,253.9479499578476
32.08940420150757,18.873476603906603,38.76609546281397,19.519979524612427,4.732368040084839,3.3024478197097777,0.3355227798223495,0.0582750089466571,0.3873354703187942,3.843155932426453,4.419789457321167,0.6009899497032165,79.10498046875,26.635396194458007,19.724520111083983,3.6654172420501703,6.017128753662109,69.12838668823242,33.232209014892575,20.055746841430665,294.19298820495607,1269.4149400949475,2616.647031068313,0.4521018296276757,100.25611004829406,66.19576267469674,121.19513654094187,262.59668412208555
30.03385636806488,20.231887707160787,37.08179782212246,19.94094235897064,4.956968212127686,3.320441460609436,0.3331015318632125,0.0568068597465753,0.3902321338653564,3.889010500907898,4.358944463729858,0.572028374671936,80.59997482299805,27.45650787353516,18.997219276428225,3.602224612236023,6.011339569091797,68.40952377319336,34.18066291809082,19.51367607116699,293.7430377006531,1295.6816230893137,2614.434423587937,0.4603688146511558,98.0271369457245,67.7197820328176,118.78305849656462,257.3042794704437
31.27536906003952,17.745636926405133,38.74791878201067,20.922483736276625,4.987859916687012,3.0847840785980223,0.3019072264432907,0.0564471285790205,0.3875434041023254,3.933227777481079,4.178137922286988,0.6403523027896881,82.76170425415039,24.921875381469725,17.007049560546875,3.5532302141189573,6.022732591629028,71.34930419921875,34.11565284729004,21.41147632598877,298.54420337677004,1214.6480085730552,2592.938414351479,0.4131587053389189,100.23808608055114,64.06491976417601,121.24466844648124,262.8252001285553
30.696701562404638,17.16416514980374,38.36810225029476,20.92601137757301,4.960252571105957,2.99733419418335,0.286171892285347,0.0538191925734281,0.3855413436889648,3.8673381567001344,4.1742500305175785,0.5950803160667419,80.1897087097168,24.20205955505371,16.464954566955566,3.411316704750061,6.039555406570434,68.9119140625,32.69288101196289,20.4482852935791,286.3579675197601,1240.7447915911675,2652.2554504190166,0.4101974896633941,99.83318557739258,62.34612088408321,120.964802759327,261.23439786434176
31.76574573516846,16.5778237685794,38.04285880390089,19.85927493572235,4.658452939987183,3.014452266693115,0.1465407505631447,0.0246157420799136,0.387185201048851,3.874298477172852,4.249637508392334,0.6179397404193878,78.54251327514649,25.51479434967041,9.261238765716552,1.5346375942230224,6.061911773681641,69.63022994995117,32.77659187316895,20.574757194519044,294.53319878578185,1432.8897920250893,2758.6729888663453,0.4227781438403646,98.71832942962646,63.4151289884001,119.7345426224172,258.4237679243088
31.680418062210084,17.596429206733593,38.39832644264679,21.354862606525423,4.925301361083984,3.1886476993560797,0.3103818655014038,0.0562005326151847,0.3881446629762649,3.966784501075745,4.207309246063232,0.6250184893608093,82.8474220275879,25.415665245056157,17.546499061584473,3.472622966766357,6.017326593399048,71.29870681762695,34.44973487854004,21.18646640777588,299.60889196395874,1212.4957497119904,2590.6530755088256,0.4398312142448404,100.222225856781,64.61962479837239,121.2031146403402,262.90050904750825
33.06675522327423,11.61668073877892,38.90014125057496,19.98257866501808,4.649611330032348,2.071070408821106,0.0002366196538787,5.201620115258265e-06,0.3823922306299209,3.926586389541626,4.008605051040649,0.6195836365222931,80.54781112670898,18.738236236572263,0.0065575254149734,0.0002643955995154,6.023307514190674,71.61339569091797,32.04278831481933,20.604484176635744,292.046021270752,1222.7846011638642,2655.2620850174744,0.3751601237721786,100.39183864593504,47.28921081722947,121.15431811884044,262.12723181247713
30.845015001297,16.483632889250295,38.26054615878966,19.690953320264818,4.746587181091309,2.860358452796936,0.2702605962753296,0.0452561672776937,0.3887691617012024,3.850659155845642,4.211796236038208,0.6091831088066101,78.26258697509766,23.37267818450928,15.08144998550415,2.830540895462036,6.052242088317871,70.52303924560547,32.76424903869629,20.250407409667968,288.7576658248901,1256.1356109142305,2647.714373311028,0.4374842642408169,98.10322833061218,59.35245340690017,118.9422088742256,256.7924926996231
32.25375525951385,17.41362503860146,37.9268476249883,20.358140379190445,4.714231061935425,2.926405739784241,0.311598053574562,0.0533573612570762,0.3829278409481048,4.007283687591553,4.094558668136597,0.6654677271842957,79.17447814941406,23.97192668914795,16.8135986328125,3.320044660568237,6.025528860092163,70.9257713317871,32.479780960083005,21.810034942626952,298.9471977710724,1274.5208156108856,2584.352095035073,0.3955461513966639,100.31162686347962,62.539135340414944,121.20845443457364,262.29196360111234
30.33779309988022,16.308980716912462,37.11694941287861,20.16522771716118,4.667047214508057,2.943650317192078,0.0003057059293496,4.774338737689732e-08,0.3857493966817856,3.852785086631775,4.048166561126709,0.5925153017044067,76.88113174438476,26.617087745666502,0.00097673778655,1.2656468300065171e-06,6.052734470367431,69.37915649414063,32.81177215576172,20.026952743530277,295.82229418754576,1321.6875774264336,2680.2249252872834,0.3931184225145335,96.53980994224548,67.17479244037612,117.17778690606356,252.89828612804413
32.00092035531998,13.779668410909654,38.69962975287344,21.12965009212494,4.823714256286621,2.2456510066986084,0.0459537424147129,0.006364365434274,0.3859719634056091,3.8931283712387086,3.987319469451904,0.6656906843185425,81.12418594360352,20.58113899230957,2.33755886554718,0.398793476819992,6.043680381774903,70.19450225830079,31.84877166748047,22.144289207458492,293.3432282924652,1244.0134488582612,2682.215422510356,0.3646954726675176,100.34425158500672,52.73785087242722,121.23393772598357,261.8460983991623
31.471995258331297,16.28216641578474,37.26022843364626,19.359464013576503,4.726005029678345,2.639748525619507,0.174602623283863,0.0258580204099416,0.3898496448993683,4.00568573474884,4.236875581741333,0.6347470760345459,78.87916870117188,23.436044883728027,8.994614696502685,1.6302223086357115,6.025001907348633,70.75910797119141,31.775526237487792,20.80171604156494,294.5246335983276,1250.378687798977,2554.194286356383,0.3697831194381002,98.79471912384034,59.86044405801222,119.67951146606356,258.1078541994095
30.97666976451874,16.720211872761137,37.43744569180999,20.654020923376084,4.9092347621917725,3.0337127685546874,0.2406371235847473,0.0408018335700035,0.3898023456335068,4.090329360961914,4.288463354110718,0.6374995052814484,79.22398681640625,24.85573387145996,14.47595510482788,2.588902640342712,6.036765766143799,71.270166015625,32.984357833862305,21.355945777893066,284.8159530162811,1233.3352308034896,2578.346136597672,0.4011591488315424,100.27851181030272,63.34185698218644,121.63445192668588,262.7343754768372
30.442119324207304,20.07449409954716,37.627358151320365,20.2384261906147,5.057505893707275,3.710130763053894,0.3342238843441009,0.0596507236361503,0.3893655240535736,4.04341139793396,4.465130186080932,0.612363052368164,81.01271438598633,29.51247501373291,18.04012451171875,3.77364718914032,6.018173599243164,71.04669723510742,34.795653915405275,20.53738670349121,288.8971112251282,1230.7188893318175,2542.6265243638945,0.4646317346250327,100.18220767974852,67.98917542658747,121.24840186815707,263.16314752101897
31.100140309333803,18.32168636939023,36.73554903168697,19.87864345908165,4.747437000274658,3.087212157249451,0.2942474544048309,0.0537808246910572,0.3871071249246597,4.018602299690246,4.362802505493164,0.5964838087558746,78.8677131652832,25.254173851013185,17.915575218200683,3.351012921333313,5.992463397979736,70.33038330078125,34.1870849609375,20.0740198135376,291.7101909637451,1138.1702730059624,2427.5859758530046,0.4260247739583697,98.30613656044008,63.593551316298544,118.99441813994198,258.1001531124115
30.027393782138823,21.22266060893889,36.5697179174982,21.312474501132964,4.925491189956665,3.41336932182312,0.3220807522535324,0.0573175232857465,0.3872737735509872,4.052713584899903,4.386065244674683,0.6202259480953216,79.747216796875,28.431086349487305,20.257563209533693,3.6373948097229,6.041790437698364,70.7773536682129,34.885525131225585,21.076419639587403,298.6292320728302,1270.953288936615,2567.638843436388,0.4477287860220699,98.00686264038086,66.30099731329828,119.0054059015587,257.6283325195312
31.623797523975373,15.285699742287395,38.51065324060619,19.82674189209938,4.612384223937989,2.8253100156784057,9.244473405094907e-14,4.615525046672168e-17,0.3874423831701278,3.795786905288696,4.258997201919556,0.6152871072292327,77.80808486938477,25.314122200012207,1.8832498901262192e-14,2.8702291423522604e-15,6.005042982101441,70.15992431640625,32.70167541503906,20.540042877197266,297.79016103744505,1451.3602182269096,2796.567133212101,0.3868763591873474,98.10540013313292,62.064312076568605,118.55876827705652,256.7030162334442
31.354700207710263,18.111221127328463,38.99660390266217,20.34296305179596,4.94664044380188,3.072879719734192,0.2887945711612701,0.0495126016438007,0.3845208376646042,3.905369448661804,4.068368005752563,0.6130087792873382,81.95045623779296,25.2546667098999,16.798273658752443,3.074152302742005,6.052412319183349,71.38691482543945,32.48558006286621,20.59578895568848,296.1237588405609,1426.30362149477,2777.294882734254,0.3920514689367124,100.24261503219604,65.36932801008224,121.17369159255176,261.8608572721481
30.76899402141571,17.268944193725474,37.39507489507086,21.436719447374344,4.718186092376709,2.7391000270843504,0.2676947444677353,0.0473351899534463,0.3902621805667877,3.939145922660828,4.132142782211304,0.6441320776939392,77.09868392944335,23.194324684143066,14.92882947921753,2.920424842834473,6.0175902366638185,70.77729187011718,32.962019729614255,21.75809440612793,299.89801540374754,1282.539097058773,2660.833111691469,0.4007211569367229,98.14718956947328,59.33284001071006,118.61540949568152,256.8531592845917
31.829831671714786,14.201941923989216,39.12658080162946,20.582036900520325,4.708521604537964,2.442282867431641,0.1262045994400978,0.0215057581663131,0.3869689613580703,3.772286677360535,4.170261430740356,0.633022564649582,78.77879486083984,21.145367050170897,7.286886978149414,1.3593108296394347,6.00949068069458,69.07836532592773,32.35613441467285,21.2168851852417,286.564640712738,1251.177592730522,2694.166334995086,0.3951560761007229,99.4878671169281,53.81591810951941,120.43924114983528,260.24605877399443
31.671116650104523,18.564315165462904,37.82435705899261,20.20873372554779,4.801954221725464,3.23815016746521,0.2981673151254654,0.0528666492551565,0.3880052328109741,4.056957054138183,4.436390209197998,0.5834873616695404,79.32431411743164,26.17689380645752,17.115421867370607,3.3064462900161744,6.064676761627197,71.51920013427734,33.86315689086914,19.90177478790283,294.0463401317596,1210.9538033723832,2553.6655126796336,0.4420017757167045,100.23418402671814,64.7568081105128,121.63877431452276,263.02501649856566
32.2324662566185,18.783078615320846,37.494240116118455,20.751813381910324,4.692494344711304,3.445069360733032,0.3269547492265701,0.0564044330269098,0.3889112561941147,4.122291517257691,4.361465072631836,0.6431573748588562,78.657568359375,27.34610061645508,18.785946464538576,3.549621915817261,6.045508909225464,71.89393463134766,34.57061195373535,21.405366897583008,297.40407691001894,1168.43614205122,2467.432239567884,0.4323614102764267,100.22022185325622,66.2884923150763,121.89670257233084,263.681959438324
32.051308393478394,14.651424095833136,38.802610741578974,20.82930172085762,4.839636182785034,2.547342658042908,0.0104218009859323,0.0014874738175421,0.3857475072145462,3.842632031440735,4.144851493835449,0.6483924686908722,81.92728118896484,23.14935779571533,0.6150469601154327,0.0938656769692897,6.041678619384766,69.33544082641602,33.41252250671387,21.62933654785156,296.4569613933563,1418.958860105276,2774.097725341242,0.3665915280819461,100.28127365112304,58.23613519274223,121.09902532026172,262.5040729522705
30.365904903411867,17.0089704279555,37.01625282370951,19.74313724637032,4.7710082054138185,3.0575949907302857,0.3107609629631042,0.0556928731501102,0.3848242044448852,3.8956383228302,4.396612024307251,0.6203628659248352,77.2877311706543,24.495127868652343,16.72094383239746,3.5219525575637816,6.011839103698731,68.4545783996582,33.13188247680664,20.60004596710205,288.575438785553,1227.9999081730843,2569.786581173912,0.4267307758386146,97.89579358100892,61.59724503532052,118.66065383218228,256.6135063409805
30.682795655727386,20.235477116145194,37.610131886252205,19.450644195079803,4.767154121398926,3.5365050554275514,0.313899353146553,0.0580265145748853,0.3885403394699097,3.9643131732940673,4.390253019332886,0.6038815677165985,77.6462303161621,28.637194442749024,18.177179527282718,3.6969095706939696,6.025889921188354,70.97338027954102,33.194549560546875,20.109192085266116,288.251735496521,1178.554418706894,2478.373455322214,0.4650994573340533,98.47223463058472,66.72151791416108,119.60175689924507,258.2005038022995
32.1259208202362,17.406087808974554,37.46340545774437,20.28631739616394,4.569421863555908,2.765446710586548,0.2846976697444915,0.0470307182520628,0.3848431944847107,3.9525654315948486,4.212822961807251,0.5877513945102691,78.59594116210937,23.240181159973144,15.6441725730896,2.9883355140686034,6.02746286392212,71.08282775878907,32.41008529663086,20.059050178527837,304.1511278629303,1283.489282262325,2623.8195938642834,0.3973009895651252,98.13539319038392,59.68956847740337,118.7444838983938,256.5621737718582
30.350736498832703,18.459109776630065,37.96869640639052,20.5294183075428,4.944021606445313,3.225056767463684,0.2992970824241638,0.0545182168483734,0.3883492410182952,3.917393445968628,4.299645328521729,0.6246355712413788,81.7341522216797,26.14682388305664,16.425323295593262,3.442345309257507,6.050834035873413,71.30432739257813,34.18753166198731,20.887657356262206,293.3382174491882,1290.0035766363144,2650.4752432619803,0.4306824308921122,98.0136833190918,62.70818692091852,119.04720888566226,257.20905473232267
30.623139441013336,20.47707539024996,37.79673994709738,19.722970229387283,4.855530214309693,3.5216132402420044,0.3327957212924957,0.0549034785479307,0.3850152224302292,3.934354972839356,4.415030145645142,0.6286849021911621,80.51549224853515,28.6673433303833,20.122460174560548,3.4934988498687742,6.035474109649658,70.96760940551758,33.91774406433105,20.707763862609863,294.9973114013672,1267.312196111679,2571.3559890268893,0.429316485466385,97.99682383537292,66.35619654105976,119.22560702338816,257.3198353767395
30.83867423534393,20.81070991314482,38.36268285759725,19.841172331571578,4.98248291015625,3.726866555213928,0.3535465121269226,0.0588564168661832,0.3867504894733429,3.980823111534119,4.442783117294312,0.5789346873760224,80.73420181274415,29.889701080322265,20.02841720581055,3.740268659591675,6.01730260848999,71.79101181030273,33.06711273193359,19.71734790802002,298.2785909175873,1413.6266143798828,2729.186417327158,0.4562261885280989,100.19363918304444,70.55613648202271,120.99616791009905,262.0176164388657
31.615454542636872,17.554673823760822,38.20371879979503,19.80775755643845,4.847334003448486,3.0056463479995728,0.2434554651379585,0.0398749656975269,0.3894283562898636,4.061615085601806,4.206144714355469,0.6163826167583466,80.35008316040039,24.92782802581787,15.174364376068116,2.489444613456726,6.037731075286866,72.97574081420899,33.45554275512696,20.43391990661621,294.0077278137207,1182.9961317300797,2506.564172334288,0.394286691360886,100.25513324737548,63.67320563970134,121.43855216540396,262.7641780853272
30.94802315235138,17.709294140292332,37.26023624164518,19.73349585533142,4.707718801498413,3.174758958816528,0.2715917527675628,0.0455274086445569,0.3831508100032806,3.917788600921631,4.328740406036377,0.5987086534500122,77.71788635253907,25.8068265914917,16.94168891906738,2.911221551895141,6.03794527053833,69.4591079711914,34.28602142333985,20.036417770385743,296.8079009056092,1211.1668893456458,2540.6137231680214,0.4335727658154532,98.0601016521454,64.07625121846795,118.8459412612021,257.6055895328521
32.70486741065979,17.307660006021614,39.24595693827141,21.90128275752068,4.832507658004761,2.885241651535034,0.2559337973594665,0.0451232995837926,0.3885787665843964,4.093550062179565,4.12564697265625,0.6787781357765198,80.49232788085938,23.782470321655275,15.106456756591797,2.8650089740753173,6.039514398574829,73.67645721435547,34.4226432800293,22.623031997680663,297.19476184844973,1414.8571090936662,2740.7167887977907,0.3975619856936305,102.49796118736268,62.7960191517137,124.16963027119635,269.13640651702883
31.606534206867217,20.13472148374421,37.59162450314034,19.95539219379425,4.933098125457764,3.654593420028687,0.3235854208469391,0.0569019094109535,0.3857634723186492,4.169917821884155,4.290384578704834,0.6368243992328644,80.63530960083008,29.174850273132325,18.690743255615235,3.6321635246276855,6.037945127487182,72.00131530761719,32.960992431640626,21.01652851104736,291.9938410282135,1194.6848931670188,2453.4137168830666,0.4257357840730158,101.31927800178528,68.66609407085926,123.03598396107554,265.39010701179507
31.30915489196777,16.92460979691241,38.02316712082829,22.483669418096543,4.906186532974243,2.998159956932068,0.2820063322782516,0.04968889541924,0.3843298077583313,3.964838361740112,4.180806398391724,0.6477611660957336,80.55840530395508,24.253785133361816,16.731190299987794,3.1034371614456178,6.022706937789917,70.18500595092773,33.997738647460935,22.181114387512206,296.29428572654723,1257.9119180440905,2659.559846613399,0.4195235060563057,100.27343349456788,62.27411273289472,121.16643047891556,262.80538375377654
31.92983947992325,14.197563271503896,38.27421970791183,20.21564893126488,4.70819582939148,2.473001575469971,0.1398034289479255,0.023054426908493,0.3901310563087463,3.8385176420211793,4.032101154327393,0.6647465646266937,80.748388671875,21.21512470245361,7.882648658752442,1.4601374864578247,6.050873184204102,69.55890350341797,31.76923866271973,21.699384117126463,288.0087975978851,1247.2292253136634,2638.7643756826465,0.390751725766394,98.77795929908751,53.658495826646686,119.64617765508592,257.81178600788115
29.828236401081085,18.03609077566944,37.75080834436231,20.4292903482914,4.825452613830566,3.126357722282409,0.0693741843104362,0.01057022921741,0.3899062186479568,3.759962320327759,4.004132556915283,0.5705718696117401,77.94112548828124,27.99119701385498,4.034773969650269,0.6716377437114716,6.052772426605225,68.30757904052734,33.07724723815918,19.5903470993042,295.4800607204437,1322.1992711663247,2703.427218862216,0.3838328688035467,96.94908366203308,68.19365301360376,117.51934973802418,253.9655084609985
30.47740790843964,21.174475247995,37.60872997529805,25.877580255270004,4.588734579086304,3.51051881313324,0.1962111115455627,0.0467226289212703,0.3914412587881088,3.709222865104676,5.670778036117554,0.6657923340797425,76.53595657348633,29.001791763305665,14.177860164642334,2.9923635005950926,6.046968746185303,68.15720291137696,48.59004821777344,22.855602264404297,300.3040134906769,1413.165448331833,2755.1065641974565,1.1238757500393546,95.79338393211364,62.40719918208197,116.2099856769666,256.9944927930832
32.250677824020386,15.089452748233455,37.91759349517524,20.92798479795456,4.592139625549317,2.712484788894653,0.2107184216380119,0.0345828305929899,0.3825938731431961,3.86975486278534,4.333226776123047,0.605923193693161,79.83197021484375,22.373673057556157,11.566967582702636,2.189682984352112,6.025346088409424,69.94546279907226,33.49286079406738,20.717901039123536,296.1580449581146,1287.4740823030472,2700.666898109985,0.421502420285153,98.10763993263244,56.4849766118452,118.9256602525711,257.1516893863678
30.93314673900604,15.549085239693522,38.038861390878445,20.16886451244354,4.7877801895141605,2.7413207054138184,0.2263614043593406,0.0383261285722255,0.3889573574066162,3.795169997215271,4.065746784210205,0.639741164445877,78.94838256835938,22.667424964904782,12.432508754730224,2.436504316329956,6.019564580917359,67.8696304321289,33.47215957641602,21.021619606018067,287.7169464111328,1234.9050732374192,2628.560776000371,0.4087395880570092,98.55375771522522,57.69250053577125,119.49105318952353,258.50671327114105
31.711457681655883,19.30944413393736,37.132790502975695,20.746592688560487,4.732031726837159,3.1194531440734865,0.329072979092598,0.0535063289105892,0.3886146485805511,4.072921752929688,4.1890784740448,0.6049502491950989,78.7063087463379,25.93599681854248,18.55226783752441,3.3791809558868406,6.050465774536133,71.15036697387696,33.174465560913085,20.579249954223634,305.7519600391388,1262.1297527313232,2561.2111604998586,0.4221498774409383,99.60681524276734,64.5813950849697,120.58998705130072,260.8563164949417
30.933949720859527,19.90081620418932,39.84339304435999,19.97502619624138,4.970288991928101,3.5275139570236207,0.3437090486288071,0.0579578295350074,0.3905043452978134,3.767385172843933,4.280971622467041,0.6327168941497803,80.8379524230957,28.437004852294923,18.663330078125,3.629427361488342,6.052339267730713,70.23595123291015,33.99429092407227,20.835807228088377,298.465004825592,1412.1920395731927,2788.613089185429,0.4437516495397233,100.18650193214415,69.22909270655364,121.0852173095569,262.5408095359802
31.538247871398926,20.236692694528028,37.8241327572614,20.457910323143004,4.946423721313477,3.6618332147598265,0.3504507213830948,0.0594006460160017,0.3896709650754928,4.054465246200562,4.507860469818115,0.6133917212486267,82.96325607299805,29.185114860534668,21.00999584197998,3.760624217987061,6.009487295150757,71.7658592224121,34.34616889953613,20.68800964355469,292.02547187805175,1379.1048106729984,2642.9914922800963,0.4405693997392902,100.14804916381836,70.99912323839962,121.3486811388284,262.7302615404129
30.915714693069457,19.77606123003643,38.98953197761439,20.76569600701332,4.918540811538696,3.6469393253326414,0.3309604316949844,0.0585311848670244,0.3824310511350631,3.89995756149292,4.444531106948853,0.6068029463291168,79.3553237915039,28.919072532653807,19.294665336608887,3.68176429271698,6.024546575546265,70.84248046875,33.96397514343262,20.63294677734375,290.5223956108093,1398.4091959178447,2752.6813807044005,0.4633533047694307,100.1959900856018,67.65977357253432,121.44015321992336,262.9357150793076
31.19150766134262,17.3074799552327,38.51488796437625,21.52146655321121,4.835124921798706,2.9177425861358643,0.2104129686951637,0.0372690249234437,0.3864778906106949,3.823130249977112,4.206079244613648,0.6154625177383423,79.4854721069336,24.75019302368164,12.323201179504396,2.3782983303070067,6.041404628753663,68.58549652099609,33.20888786315918,21.1468807220459,294.8586352825165,1426.2815645992755,2793.160545776353,0.3834409537863827,99.61853799819946,63.21621732944622,120.69176849331708,260.90501375198363
31.4955114364624,18.62006309905555,38.83671216580551,19.183545696735383,4.698994207382202,3.1394681215286253,0.2978682279586792,0.0563104584813118,0.3909828156232834,3.838807201385498,4.33111801147461,0.5772296607494354,77.87485427856446,25.70753707885742,17.1133394241333,3.526952695846558,6.041509008407592,70.55189743041993,32.83179206848145,19.42251663208008,300.09007663726806,1269.186326777935,2627.074008817703,0.4238532766086201,99.18079476356506,63.47922445870936,120.13420484345406,259.7380073785782
30.765919494628907,18.94072090620175,38.46992183697876,21.68280166983605,5.00312089920044,3.23507673740387,0.3139033317565918,0.0546273227781057,0.3872201293706894,3.9450796842575073,4.18723955154419,0.6709901511669158,80.89303741455078,26.347672080993654,18.14929981231689,3.411264944076538,6.017224884033203,70.9182014465332,33.078591918945314,22.42386054992676,293.3248007297516,1399.1345999777318,2762.327375029813,0.4327991663119214,100.23685960769652,65.65671299248933,121.23761553037912,262.2295155286789
32.04683430194855,15.015248714061451,37.854560267552735,20.306099152565004,4.689845037460327,2.761117935180664,0.1896209105849266,0.0309935802593827,0.3912416279315948,3.986525678634644,4.160797786712647,0.6127855837345123,77.6295997619629,22.817720794677733,10.597108554840087,1.949307215213776,6.033402776718139,70.15684661865234,33.15063285827637,20.563699531555176,293.47568130493164,1258.2607271313668,2629.269274292036,0.3961325567028197,100.3414430141449,58.516284032538536,121.38236555196345,262.9475610017777
31.450165450572968,15.347780106373827,39.49124588679988,21.09006562232971,4.857840919494629,2.771471381187439,0.0836575232446193,0.0140436342917382,0.3838609337806701,3.80664439201355,4.05548906326294,0.6063204169273376,79.80544738769531,24.12705841064453,4.817959499359131,0.8949044704437256,6.021059656143189,70.00252761840821,33.80248489379883,20.657882690429688,289.2568832874298,1425.1694434762,2834.684104093234,0.3969334447699353,100.2990538597107,60.95382311805152,121.25505705960094,263.0172286987305
31.259278190135955,17.95378012023866,38.38824688987806,21.26225491166115,4.903871870040893,3.1877356290817263,0.3090945988893508,0.0562329482287168,0.3862122446298599,3.990544581413269,4.154127836227417,0.6897321343421936,80.29044647216797,25.56883773803711,18.010046195983886,3.4985296010971068,6.013750982284546,71.99683685302735,32.77168350219726,22.684234046936037,293.9098976612092,1272.368518137932,2644.7356768479453,0.4174970537144766,100.2675850868225,64.40373555682599,121.07828117199242,262.0915535449982
32.285154008865355,19.286172641604207,40.20686893633101,19.62853897213936,5.0050352096557615,3.5061483860015867,0.3172660112380981,0.0595755986869335,0.3841050297021866,3.880120635032654,4.448684453964233,0.6064972937107086,83.59982299804688,27.847426223754884,18.909683799743654,3.736181616783142,6.041784858703613,70.89597778320312,34.63244819641113,20.1589807510376,290.67732176780703,1378.9922105073929,2713.497369732178,0.4380662968514833,102.36023139953612,69.14796602819115,123.8989756193012,268.6934738636017
31.19375067949295,15.931015103519892,37.76102487388998,20.74541520476341,4.595171070098877,2.7050525665283205,0.2038221806287765,0.0350140277296304,0.3852912783622741,3.745336651802063,4.12006139755249,0.6169596493244172,76.73117904663086,22.85518455505371,12.45060567855835,2.2268285751342773,6.040988779067993,67.24102172851562,33.475642395019534,20.802256202697755,290.5410089492798,1242.0609141111374,2623.991732198163,0.4093538229703519,97.47431349754332,57.03765792911872,118.19200470689684,255.68266396522523
31.28380266427994,14.226642613013974,37.61402702205815,21.03938298225403,4.64253420829773,2.391853380203247,0.1240367449820041,0.0192197928205132,0.3842195063829422,3.908192658424378,4.071719121932984,0.6172109246253967,77.07694091796876,20.903243446350096,7.149171495437622,1.201848077774048,6.031829786300659,70.07521286010743,33.67679557800293,20.89602928161621,294.8031538009644,1301.0717399716375,2711.474036757724,0.378016255774547,98.1987804412842,52.594559125415984,118.98266494031996,257.69687576293944
31.73801534175873,20.05606352791656,38.17938170763664,20.27858412861824,5.098437786102295,3.620928311347961,0.3344803392887115,0.0546561889350414,0.3897145748138427,4.149856853485107,4.443477821350098,0.5905267119407653,83.78881149291992,28.991225242614743,17.923751258850096,3.4535775423049926,6.031071043014526,72.05039672851562,34.12654113769531,20.064750099182127,291.0325797557831,1371.443295276165,2635.743482245633,0.4255640516531265,102.34972834587096,69.05766806062312,124.11353277154268,268.4930313825608
31.41909219026565,17.460566491179634,36.95672449467238,20.61260833144188,4.644411849975586,2.8368698835372923,0.2462144985795021,0.0421979311853647,0.3849756479263305,3.907250189781189,4.146357774734497,0.5864512979984283,77.84436416625977,24.0011381149292,13.842340087890625,2.671748495101929,6.046737861633301,68.54565963745117,32.77539558410645,20.09390811920166,303.21742391586304,1196.4940690755843,2531.1605085419665,0.4084574412742953,98.10712928771972,61.07241511745379,118.72275073584169,256.6919598817825
29.904868948459622,18.18927766350098,38.69354435335845,21.30483085513115,5.116823053359985,3.210611891746521,0.309785521030426,0.0547970477491617,0.3912999004125595,3.857924246788025,4.148544263839722,0.6459176659584045,80.03487930297851,25.796787452697757,18.369950675964358,3.470088505744934,6.020360374450684,69.0532096862793,33.148898696899415,21.6949613571167,285.04506702423095,1238.3853189110755,2650.680325985525,0.4241009877387306,100.25584845542907,64.86754130981862,121.47857905644923,262.63825380802155
30.06395606994629,21.59625597530976,37.264817610569295,21.236407285928728,5.101726007461548,3.703724241256714,0.3536111563444137,0.0592320282012224,0.3902118444442749,4.118223190307617,4.433413457870484,0.6169138133525849,80.46735916137695,30.14884548187256,21.47658939361572,3.732172322273255,6.0126564502716064,71.76572494506836,34.24972343444824,21.031232833862305,294.1520936489105,1205.7805744171142,2536.69838176723,0.4858252717999466,100.19727215766906,69.84601380433887,121.3505787320435,262.89032504558566
30.522544419765477,20.89247305074241,38.37532099103555,19.60969023704529,5.031299877166748,3.641490936279297,0.3346041768789291,0.0572148390114307,0.3840188533067703,4.033970308303833,4.464032125473023,0.588999742269516,80.64385681152343,29.587802505493165,18.735849380493164,3.5353932619094848,6.025426816940308,72.63462753295899,33.788034439086914,19.7889835357666,288.8321024417877,1217.7911503076552,2534.2499822813725,0.4709364382100055,100.19587187767029,68.39683002065867,121.41576998010278,262.73432743549347
30.17853190898895,20.36326967767673,37.14959681383334,21.90126947760582,4.616899538040161,3.777272152900696,0.3235082447528839,0.057230744510889,0.3845894396305084,3.797328162193298,4.698434209823608,0.6222411155700683,76.09628753662109,30.088372230529785,17.73549289703369,3.638367009162903,6.036461210250854,68.56722412109374,36.40000915527344,21.35763473510742,288.6080638885498,1272.5794397592545,2651.943934867543,0.6237021867884323,95.8359769821167,65.72319837287068,116.63904809504749,252.8811255455017
30.56715887784958,19.527931867563165,38.38440682170913,20.468109411001205,4.85090970993042,3.3890292167663576,0.3283771008253097,0.0553460840135812,0.3898449063301086,3.802300548553467,4.313766193389893,0.6515694856643677,80.0800392150879,27.519008827209472,18.704574966430663,3.458489751815796,6.035046672821045,69.22771835327148,33.23693237304688,21.540741157531738,292.2885938167572,1267.042228960991,2645.9430986387715,0.4537798770161938,98.02353978157043,64.94727040342987,119.28173308800906,256.9593351364136
31.74501575231552,16.572405158670154,38.119572869804685,20.377625370025637,4.67348313331604,3.0047212839126587,0.2820382326841354,0.0488930020481348,0.3888155966997146,3.8663365840911865,4.120736932754516,0.6303071677684784,80.09523544311523,23.99196929931641,16.25223331451416,3.1090073585510254,6.015876293182373,70.59861068725586,32.95289535522461,20.94326400756836,297.24294953346254,1280.718541455269,2636.433347083902,0.4115158585047638,98.08128600120544,60.48165003256872,118.85854071434588,256.7652200937271
32.19774558544159,16.850028909533286,38.01346281445585,20.77191768884659,4.702702951431275,3.055129647254944,0.3015405237674713,0.0532180082052946,0.3868329346179962,4.023545980453491,4.169976043701172,0.6060308277606964,78.70247879028321,24.336263847351077,16.710962295532227,3.280497741699219,6.061143207550049,71.2086395263672,33.667776107788086,20.52925262451172,291.2359978199005,1199.136623287201,2561.105029247701,0.421840528154906,100.27380867004396,62.623317788913845,121.61826208122076,263.0525932788849
30.73381789922714,15.983663448365403,38.1928061701823,19.79377998113632,4.795949411392212,2.567325615882873,0.2005375862121582,0.035893278568983,0.3891204744577408,3.7997939825057983,4.2133095264434814,0.5918842554092407,79.56647644042968,22.09808616638184,11.210362243652344,2.226956582069397,6.0553388595581055,69.39579162597656,33.17498245239258,19.926442527770995,290.3496669769287,1252.3427744030953,2642.37473499708,0.3841619211821324,97.8879858493805,56.13830719748512,118.62338462099432,256.40513784885405
30.21025151014328,18.704291034745985,38.475240057799965,20.59548799395561,5.07990255355835,3.3611449003219604,0.322558981180191,0.053553482890129,0.3869521528482437,3.999151086807251,4.4098961353302,0.6445047199726105,80.50421981811523,26.823261070251466,19.43916072845459,3.400387763977051,6.038371801376343,72.07811126708984,34.454070281982425,21.42530937194824,290.15100660324094,1410.4648566365242,2773.725602306292,0.4385922647901054,100.22058024406434,66.37529198955744,121.45379837658255,263.17894568443296
32.3484565615654,17.31953825484961,37.58839273157064,20.77202306985855,4.750965166091919,2.993082571029663,0.2896307051181793,0.0543293841183185,0.3850327491760253,3.999680089950561,4.245054531097412,0.6474178910255433,80.67054138183593,24.247533226013186,16.161820793151854,3.361942768096924,6.015645360946655,69.97316665649414,33.8489372253418,21.539709091186523,302.6279522895813,1269.9702060580253,2587.52078049478,0.4105416320897845,100.27675185203552,62.5258323604241,121.06916336417198,262.8107759237289
31.295343160629272,17.659436228428966,37.11828063810244,20.0177854180336,4.887327051162719,2.9642201900482177,0.2961877793073654,0.0510535664856433,0.3908533930778503,4.1134439468383786,4.266825675964356,0.5975643694400787,79.99373245239258,24.45000591278076,17.521998023986818,3.2280236721038817,6.035386228561402,71.18621063232422,33.56465148925781,20.136816024780277,293.2917417526245,1219.0285889148713,2529.23008397253,0.40365090938554,100.26999554634094,63.49298685286194,121.42325961217284,262.89237105846405
30.98756741285324,18.679424522339836,36.8257459782064,21.099637669324878,4.762269020080566,2.989542102813721,0.2961406737565994,0.0558697793632745,0.3871337473392486,4.007377076148987,4.068588161468506,0.6537302911281586,78.55916213989258,24.910487937927247,17.139229393005373,3.5383996963500977,6.033409261703492,70.12223281860352,34.03461685180664,21.70605697631836,308.73604292869567,1262.0803570866583,2557.7989521312584,0.4053453661853418,98.52543487548829,62.37262342199684,119.25590522605926,258.5010075807571
31.08046178817749,16.709972852864304,37.71592047130689,19.8909323990345,4.805582857131958,2.746211624145508,0.2554437071084976,0.0438758559525013,0.3887662887573242,3.982011580467224,4.048423528671265,0.6115983366966248,78.62440185546875,23.078522300720216,14.393125438690186,2.703602981567383,6.02519416809082,70.68044662475586,32.404588317871095,20.35121250152588,288.77676501274107,1225.107107937336,2551.9584611506725,0.386586715410268,99.22400870323182,59.62023664750159,120.3333360267803,259.72577702999115
30.61375206708908,16.416817343595902,38.54956402932294,20.9066750228405,5.012197351455688,2.7182430982589723,0.2216628044843673,0.0366536829620599,0.3855103105306625,3.955340838432312,4.222822761535644,0.65592160820961,80.34034118652343,23.06974105834961,13.26297492980957,2.3215879917144777,6.044935035705566,70.83761901855469,32.37057800292969,21.86763820648193,285.2090215206146,1249.732596886158,2649.6104806352696,0.3879914972530457,100.30170254707336,59.506594309583306,121.68808658961208,262.36902351379393
30.220095491409303,15.51015044056112,37.17411235768814,20.22364889383316,4.773323678970337,2.8380458116531373,0.1326801612973213,0.0225785097107291,0.385127329826355,3.909350085258484,4.265938329696655,0.6518321692943573,77.27440490722657,24.14622554779053,8.326379585266114,1.42357177734375,6.0324901103973385,69.55835494995117,32.65609130859375,21.50357837677002,284.665233707428,1198.187612760067,2579.066453610332,0.4087325876562694,97.4622462272644,59.23261570506729,118.3064003702253,255.22283482551572
30.864298975467683,20.080051169521177,38.58282742451411,20.29474621415138,4.788070726394653,3.2239963531494142,0.3112797230482101,0.0582401551306247,0.3863214433193206,3.885800552368164,4.198973369598389,0.5837014734745025,77.86981582641602,26.854867935180664,18.275827980041505,3.699513554573059,6.020084857940674,71.08799896240234,33.31698913574219,19.87034320831299,295.1342824935913,1424.2456219553949,2723.774245913513,0.4072286672983189,98.95942645072935,65.44402290442959,119.98440682608634,259.3709801197052
30.288437378406524,17.658844034944195,38.104783816915,20.15163841843605,4.648486566543579,3.026395583152771,0.1893782630562782,0.0247557962313294,0.3900601297616958,3.6617573738098144,4.0993475914001465,0.6550728738307953,76.12415313720703,26.899212265014647,9.27824592590332,1.51522057056427,6.005513620376587,67.48821563720703,33.72424964904785,21.364124298095703,299.8605696678161,1428.7259605526924,2750.666557386588,0.3658117939840331,96.53936128616331,66.56043421388604,116.86751156728717,253.36169760227205
31.578305268287657,17.92398665403016,37.05629253957886,20.926199787855147,4.656420707702637,3.172407364845276,0.3078594297170639,0.0529384400695562,0.3883356630802154,4.004862594604492,4.092293882369996,0.637265282869339,78.91709976196289,25.56179599761963,17.0089994430542,3.30485463142395,6.027723503112793,71.21589736938476,32.38329544067383,21.3697078704834,294.7062079906464,1209.2851284742355,2543.138798118499,0.4217221333302248,98.06870036125184,62.75568667445332,118.80989339668304,256.33894941806795
30.27074338197708,17.348450435558334,38.2715543512255,20.898212552070618,4.952624130249023,2.838775062561035,0.249058523774147,0.0413601823151111,0.3879257351160049,3.790751814842224,4.12591142654419,0.6601835668087006,80.17782745361328,24.024323844909667,14.749153137207031,2.5743704080581664,6.027025890350342,68.14801254272462,33.828331756591794,21.829020500183105,285.3564616680145,1245.8562626361847,2636.632634825329,0.4095743913709988,98.73953862190248,61.17805998269469,119.68894446603954,259.02369608879087
30.75488035678864,20.070701160677707,37.88901119157672,21.12850513458252,4.956318378448486,3.2425467491149904,0.3327085345983505,0.0579291656613349,0.3890507727861404,3.937790036201477,4.143548345565796,0.6765528857707978,81.72187652587891,26.99941005706787,18.60058307647705,3.6533528327941895,6.04994215965271,70.09167709350587,32.85378074645996,22.29811191558838,301.5860590457916,1259.0532925367356,2597.7534778668487,0.4169880202658145,99.11975469589234,65.38223434053361,120.39006798304618,259.39888153076174
31.091478562355043,13.32825583568083,36.15464667624328,20.296069538593294,4.546940469741822,2.4245830535888677,0.0277231566607952,0.0023991799738723,0.3863411873579025,3.955972290039063,4.081154489517212,0.6369338393211365,76.37081832885742,21.85152072906494,0.9877091944217682,0.1369891054928302,6.044772148132324,69.10193710327148,32.03423938751221,21.194553756713866,291.6798671722412,1226.9973311662677,2591.1472318882707,0.365952079506335,96.63307647705078,53.44998826132796,117.26557456403972,252.73767409324643
31.507613599300385,19.62123825503513,38.5535327989608,20.907030981779094,4.827920913696289,3.4093709707260134,0.3286153614521027,0.0604492779821157,0.3907237946987152,3.87450692653656,4.072559928894043,0.6674855411052704,79.37635116577148,27.59947681427002,18.631174659729005,3.734291887283325,6.042810440063477,69.39048690795899,34.02532119750977,21.91390895843506,294.8435482025146,1395.7636210024357,2683.555187437264,0.4268097612563054,100.22122797966004,69.79692474287003,121.25081184040756,262.8002714633941
31.903470385074616,16.5442365335417,38.67978901606985,20.51190703511238,4.777373838424682,2.7136272192001343,0.1731817290186882,0.0309616778045892,0.3868707805871964,3.8638963222503664,3.983580803871155,0.6480665445327759,79.47592239379883,23.45708808898926,10.39232702255249,1.9377546906471248,6.057145977020264,69.25065460205079,31.948883247375488,21.461049842834477,293.9577922344208,1398.3258326649666,2716.2909721996925,0.3705285395596824,100.3154688835144,60.09392299437896,121.39374300669878,261.95985455513
30.53144648075104,19.52014516256749,38.16031963340938,21.56274051070213,5.03688349723816,3.3263611078262327,0.3213844299316406,0.0543707985430955,0.3880904495716095,3.991414952278137,4.3062819480896,0.6515849471092224,80.81210098266601,27.06111125946045,19.592687606811523,3.3813716888427736,6.018385219573974,71.14689712524414,34.15222396850586,21.957059478759767,292.9276400089264,1391.4250950992107,2726.3829489378377,0.4406395927881519,100.21008515357973,66.18411433920264,121.32418131157756,262.8808840751648
30.80425341129303,19.71678185986821,36.79253334458917,22.17715446949005,4.944948196411133,3.198806357383728,0.3270329624414444,0.0527956381440162,0.3881753772497177,4.125960111618042,4.2082380771636965,0.6305686056613922,79.44275741577148,26.52257442474365,19.225529289245607,3.2964433431625366,6.002922630310058,70.8085723876953,34.167706680297854,21.696963691711424,299.9812726020813,1249.0493413567542,2552.3458226401126,0.406500857083568,100.26617975234986,65.64077970869839,121.12648478634657,263.0168321371078
30.24132446050644,20.275400605995674,39.39139178132173,22.00941280126572,5.090082740783691,3.242472219467163,0.3192004233598709,0.0549553245306015,0.3845903515815735,3.843184638023376,4.129378366470337,0.633997243642807,80.87133102416992,27.04972610473633,18.29442615509033,3.492455267906189,6.054526424407959,70.7226188659668,33.4260871887207,21.68128833770752,293.5264916419983,1408.0104740142822,2813.3035757753123,0.4165299445114364,100.24026856422424,66.79704699832946,121.26740508414804,262.3649521112442
29.73657371997833,16.920053525036202,38.25226063693408,19.74971038103104,4.823978424072266,2.9842420339584352,0.280051127076149,0.0496148940175771,0.3863762587308884,3.6443929433822633,4.253480863571167,0.5656120359897614,78.9153823852539,24.046073532104494,15.90206813812256,3.1229442596435546,6.0438432693481445,67.60797424316407,32.50106582641602,19.312045288085937,290.5614679813385,1262.632522726059,2712.073368438962,0.436971253806076,96.33800597190856,59.53627790752798,116.67703078985214,251.8110380887985
30.382230401039124,19.593576550041327,37.52649039020762,20.51234438419342,4.939060688018799,3.1093109607696534,0.3094301521778106,0.0571408990770578,0.387496691942215,3.808275413513184,4.369531726837158,0.5892106831073761,81.68642120361328,25.958850288391112,18.81164493560791,3.5660319328308105,6.01040415763855,67.69387130737304,34.01413764953613,20.14086990356445,293.79966921806334,1237.12679810524,2553.7771193735653,0.3985398297185938,98.03900251388548,64.4793981026858,118.64471069891006,257.07951538562776
31.449656903743744,17.360433872172145,37.40032703813631,19.390269845724102,4.713462924957275,2.855979156494141,0.2661662220954895,0.0474529616534709,0.3855321675539017,3.869424223899841,4.155303192138672,0.6065480232238769,79.95352096557617,23.80141010284424,15.658714103698731,3.0131884098052977,6.03372163772583,69.07949905395508,32.68738975524902,20.09949073791504,299.8157772541046,1286.9164568305016,2604.2155556693674,0.4060677310266854,98.08942441940307,60.06058297911659,118.4946632316336,256.4274515867233
31.222913992404937,13.850913117351592,38.10052117861342,20.101199865341187,4.706571245193482,2.3028178930282595,0.0854286417365074,0.0139883615076541,0.3913085669279098,3.763832521438599,4.039144611358642,0.5831511497497559,78.22173614501953,20.465353202819824,5.317255067825317,0.8883205950260162,6.018809652328491,67.65803909301758,33.08397598266602,19.743078994750977,287.99503955841067,1245.962444102764,2655.586536672438,0.384542025866974,98.397265625,51.26625751215033,119.12441730517894,257.84546880722047
30.87809928655624,19.088469622610138,38.45081112734042,21.127658051252364,5.04603157043457,3.2540425300598144,0.3430304527282715,0.0542360339313745,0.393415504693985,3.9904491901397705,4.074089765548706,0.6878959476947785,82.63265838623047,26.43222141265869,20.7883508682251,3.3629841566085816,6.048912429809571,72.32935256958008,33.42907638549805,22.541437911987305,300.6917317867279,1222.4710792303083,2577.342861603189,0.4148617789028918,100.20891156196596,66.89885254707187,121.08069513849914,262.12293219566345
32.56818560361862,19.12389272698201,38.34546806735453,19.6352737903595,4.752893733978271,3.089849662780762,0.2259679168462753,0.0365746483206749,0.3875230848789215,3.99047908782959,4.215293979644775,0.5929415166378021,81.76717910766601,26.964695167541503,12.967491340637206,2.264024806022644,6.017717742919922,71.88620147705078,32.6011604309082,19.949978637695317,298.8120982170105,1435.9843822181224,2652.4300027159397,0.3615598496817057,100.2256534576416,69.34900948703289,121.0986157650128,262.0212547779083
31.564772534370423,18.297721546178217,37.11206167584751,20.84226717948913,4.801543474197388,3.168674206733704,0.2946343660354614,0.0534980319440364,0.3849022954702377,4.1385420799255375,4.253391599655151,0.6428443670272828,78.83971481323242,25.665681076049804,16.905318450927734,3.402813506126404,6.05138463973999,71.56111221313476,34.489112854003906,21.422919845581056,292.3891038417816,1230.040846145153,2537.5424881429003,0.4414408603956801,100.25249123573305,63.98841060753912,121.54363655317574,263.425452876091
29.987203812599184,20.16404602907132,38.43324233582244,20.26240811944008,4.952776527404785,3.4756805181503294,0.3085149794816971,0.0565062999725341,0.3864139497280121,3.871387243270874,4.548756647109985,0.6084900915622711,80.31613540649414,28.330298614501952,17.585051345825196,3.583697509765625,6.051818084716797,70.99686126708984,33.76054763793945,20.521641540527344,290.9850914955139,1285.6862578749656,2668.83440668736,0.4772729982290123,98.00400385856628,65.20887747537344,119.35678145159036,257.1863974094391
30.08635401725769,19.6863618171541,37.411223582248205,20.827066195011135,4.946060228347778,3.3747482776641844,0.3045421719551086,0.056102879717946,0.3851961433887482,3.919490170478821,4.432673454284668,0.5939141392707825,80.5593475341797,27.533147621154782,17.275154304504394,3.557761740684509,6.021881866455078,69.55234756469727,35.127497863769534,20.31569652557373,293.988072347641,1273.5737986922263,2605.875236830744,0.4261011887872555,98.01765079498291,64.39801802057772,119.17738733086736,258.0495276451111
29.4046222448349,19.67856910729315,37.8473536063917,21.38585770726204,4.958762073516846,3.148456120491028,0.3058168202638626,0.0571894168853759,0.3857471078634262,3.8337749004364015,4.312776184082031,0.6269537329673767,78.41822357177735,26.332828330993653,17.26203670501709,3.5243550300598145,6.031527185440064,69.39254608154297,34.34363594055176,21.305257987976077,287.20226378440856,1234.7219089746477,2633.603999931808,0.4586637776593413,97.6312975883484,63.371342446282505,118.40951598118993,256.36230952739714
30.18099101781845,17.811504698940553,39.10393581879325,19.71366869211197,4.9862708568573,2.888752055168152,0.2213848382234573,0.0390226524323225,0.3871425598859787,3.750436019897461,4.212880563735962,0.6400355160236358,80.50425186157227,24.79437713623047,13.306862163543702,2.466429901123047,6.047079753875733,69.25626525878906,32.48470191955566,21.01017246246338,293.4656578063965,1239.8688892006874,2642.287851460534,0.4117451808857595,98.94627823829651,63.051628385763614,119.82081105485558,258.65161349773405
30.800707137584688,17.44506625526119,37.381467769225125,19.834252333641054,4.75538272857666,2.997785210609436,0.2914926677942276,0.0501617591828107,0.3908128380775452,3.800008368492127,4.312276220321655,0.6195154130458832,79.46275939941407,24.46504001617432,17.46936378479004,3.1788754224777223,6.0391627788543705,67.81206893920898,33.71957244873047,20.523551177978515,289.9730721473694,1252.3474840044976,2585.536926819454,0.4553971073580129,97.41237502098085,61.02935525374487,118.00694906655698,255.34327611923217
31.14202151298523,16.89529767273156,38.33493315936066,19.59281505346298,4.6633649349212645,2.902957582473755,1.3290084766026666e-07,1.2291326014309727e-14,0.3891599714756012,3.7400147676467896,4.163292646408081,0.5657923579216003,77.26471710205078,26.65499801635742,1.328234704445208e-08,1.4039523565251032e-13,6.054985857009887,68.0799186706543,32.85952186584473,19.30106906890869,294.7476652145386,1322.097479391098,2681.826811940805,0.3701052686535576,98.08773708343506,66.99442939875817,118.7507625343278,256.8862750768661
31.0297308921814,19.98268758694176,37.55601385030896,20.09190653562546,4.817397499084473,3.3944286346435546,0.3303610503673553,0.0574779171496629,0.3922556817531585,3.9937186241149902,4.460816717147827,0.6171158492565155,78.42105102539062,27.728859519958498,19.509143257141112,3.656244730949402,6.029199123382568,70.46894836425781,33.21690826416015,20.67991352081299,290.87264375686647,1199.009766471386,2516.0367962168702,0.4504604273377367,99.35967812538146,66.34659345699474,120.44818004779518,260.3443756341934
30.422652268409728,16.478299216751473,37.068448453070594,19.9652105987072,4.90983247756958,2.9254074811935427,0.2479339599609375,0.0449786331504583,0.3862364888191223,4.03187906742096,4.197499847412109,0.6500171720981598,80.02394485473633,23.8497371673584,15.1124680519104,2.8031009912490843,6.034222316741944,71.17639923095703,33.680768966674805,21.216143798828124,287.0525521278381,1241.3348012566566,2570.152300666744,0.4044798023604024,98.30126609802248,59.96087953075767,119.24120209198443,257.80959396362306
30.822967529296875,20.031857367092744,38.875286850263365,21.553438287973403,4.964667415618896,3.656439328193665,0.3253441035747528,0.0547059558331966,0.3914564162492752,3.8974023818969727,4.311397933959961,0.6560342848300934,80.16678390502929,29.1662805557251,18.41609687805176,3.445157837867737,6.031804370880127,70.6044532775879,33.65821228027344,22.06489944458008,288.3385670185089,1220.6461033582686,2595.628336312197,0.4557763714909452,100.20356855392455,67.80343903973699,121.44816404767334,262.6552888870239
31.668585383892054,19.52241539806128,37.47402180123608,20.411923497915268,4.627073764801025,3.4637922763824465,0.3323050439357757,0.0569719769060611,0.3888769686222076,3.934623718261719,4.496747255325317,0.6014355957508087,77.62161254882812,27.945994567871093,18.7017126083374,3.585667681694031,6.007361268997192,70.00414352416992,35.10082244873047,20.43077526092529,297.8882185935974,1410.205629247427,2677.7034128843634,0.4640983295296564,98.50003724098204,67.5587803510949,119.33535513337702,259.1222920656204
32.04958369731903,17.56510004758602,38.006261035450734,19.523927092552185,4.737772941589356,2.864500379562378,0.2336625009775161,0.0396430406719446,0.3907579720020294,3.954576063156128,4.140248441696167,0.6137777686119079,79.00093688964844,24.415944862365723,14.291878128051758,2.4572005748748778,6.0111981391906735,70.05850372314453,32.96818542480469,20.29738998413086,298.33376293182374,1263.6624677062034,2558.5169589260418,0.4041780804703755,100.30614166259764,62.70690899547189,121.10847434010356,262.5737953186035
30.47301622629165,19.14964860813925,37.66434511616826,19.761392503976825,5.052262926101685,3.349390459060669,0.344765281677246,0.0580030880868434,0.3888748347759246,4.085131311416626,4.337990140914917,0.5919620811939239,80.94084930419922,26.94691390991211,21.10641593933105,3.685054564476013,6.055797958374024,71.84062728881835,33.79356384277344,19.917257881164552,282.474108171463,1232.5831235408782,2542.1153803658613,0.4409331741855936,100.21957893371582,67.00822548754513,121.58743350282312,262.8649862289429
31.07181050777435,20.58156133752782,38.50224370420911,20.59882237911224,4.882966947555542,3.804195761680603,0.3240832179784775,0.0575635999441146,0.3871133416891098,4.0509233474731445,4.547346019744873,0.6057912170886993,79.09628601074219,30.295340156555177,17.73671703338623,3.633661961555481,6.048256349563599,72.85828704833985,35.11433982849121,20.52470798492432,290.316092634201,1200.8013008236885,2539.4259150221537,0.4858901533913826,100.17936625480652,68.52130261771381,121.96319245193152,263.8429630041122
31.434720122814177,12.149017026937385,36.97407416442875,20.540571361780167,4.572359609603882,2.155000638961792,2.340656419619336e-06,5.4027505906606425e-11,0.3914317518472671,3.931804132461548,4.053989362716675,0.589494276046753,78.04834442138672,19.56581745147705,3.736530879905331e-06,1.603003840777717e-09,6.0544719219207765,70.48901748657227,32.563317489624026,20.13973636627197,283.16421642303465,1211.7953771948814,2610.996267280937,0.3861385674701722,96.87496881484984,48.41039927926461,117.63373784422876,253.5630186319351
29.594969785213472,20.62837102338672,36.663808290893215,18.56629945635796,4.9868399143219,3.34384024143219,0.3412295341491699,0.0573474127799272,0.3843353778123856,3.980732154846192,4.311879968643188,0.6035449147224426,79.38593444824218,27.797084236145015,19.61814785003662,3.590767192840576,6.017339086532592,69.36755447387695,32.182217025756835,19.763124656677245,292.86126217842104,1291.2098029971123,2544.27870987918,0.4138143238097768,98.04119515419006,68.1252827797085,118.836465110071,256.3750343084336
30.92735489606857,18.153066165116616,36.85220731473528,20.92768228650093,4.836255645751953,3.2053311347961424,0.3101490825414658,0.0549983590841293,0.3850396811962128,4.037449645996094,4.280731439590454,0.6050022423267365,81.27116012573242,25.76281681060791,18.91987419128418,3.447487473487854,6.044938898086548,70.80821990966797,33.07130241394043,20.686293601989743,288.8995196342468,1281.621699655056,2591.8349448712715,0.4153670332064074,98.0327440738678,63.40796179603785,119.31505927871912,256.84241607189176
30.231515514850617,17.900042499834672,38.58134111105464,19.76466927528381,4.820980167388916,3.1694205522537238,0.3042970925569534,0.0517407853156328,0.3858658581972122,3.8098779916763306,4.322333288192749,0.6356278896331787,77.55970840454101,25.456100273132325,17.703208923339844,3.212762546539307,6.036609172821045,70.02523651123047,32.956464004516604,20.892743873596192,284.200257730484,1195.6133790254594,2596.4210293968326,0.4571309095832518,98.09646282196044,63.42090344503522,119.11675187014043,257.0310725927353
31.64507451057434,17.882520636625124,37.27764166116249,20.867139089107518,4.926344871520996,3.260428953170776,0.3185137778520584,0.0535626988857984,0.3878997564315796,4.077414512634277,4.0699914455413815,0.6518771111965179,82.71391830444335,25.9024658203125,18.176859855651852,3.425109362602234,6.00811128616333,70.88855438232422,33.67149314880371,21.58393211364746,289.0945595264435,1237.5105302929878,2516.123165106424,0.4219565121674676,100.22398138046265,65.24413182465359,121.22628726363182,262.5711816072464
30.795357501506807,19.420611268281935,38.86810060285497,21.438156473636628,4.927943134307862,3.5087490320205688,0.3094849795103073,0.0541896983981132,0.3862290471792221,3.85148561000824,4.344662857055664,0.6565281212329864,79.07693405151367,28.068559837341308,17.25991268157959,3.432631874084473,6.03610200881958,69.19509201049804,34.60497093200684,22.007834053039552,290.31607766151427,1389.791943359375,2735.492724186054,0.4528755690928293,100.20433421134948,66.27183457054198,121.5709806036204,263.4318913936615
30.089544320106505,18.71297752471873,37.63970652844292,20.983727741241456,4.893417930603027,3.042355799674988,0.3217995554208755,0.056893116980791,0.386357519030571,3.90288622379303,4.25824203491211,0.6242738962173462,79.05759124755859,25.152768325805663,19.6152551651001,3.6138320684432985,6.0573829174041744,70.05365753173828,33.76942253112793,21.08938179016113,292.9870588302612,1280.7848006725312,2634.372094954009,0.4068734193874604,98.06016492843628,63.24424547702074,118.99457940477878,257.2147411108017
31.74354856014252,18.61971108897124,39.73923486091663,20.334370988607407,4.913350391387939,3.1142958402633667,0.3201045364141464,0.0540619764477014,0.3865368962287903,3.866929626464844,4.271552705764771,0.6282009720802307,80.55234222412109,25.569626235961916,17.305498123168945,3.371569895744324,6.001065969467163,70.86380157470703,34.416002655029295,20.88534450531006,296.59205598831176,1405.831860166788,2724.7343497362394,0.3972768508461556,101.38314046859742,65.95499483011663,122.53350539077071,266.15623941421507
31.682306742668157,13.975780813058371,38.67280138190836,21.580876982212068,4.760712337493897,2.5430237531661986,0.1260708212852478,0.0227211279794573,0.3823533177375793,3.877226066589356,4.227564764022827,0.6198000550270081,78.02614364624023,21.50001106262207,7.653373432159424,1.4232793211936952,6.030285596847534,69.15572052001953,33.42672996520996,21.271740531921388,294.4213445663452,1258.1671248912812,2734.547516586166,0.398955586696367,100.3653715610504,54.70235293582082,121.6541414519772,263.29692606925965
32.469148862361905,14.963030717900256,37.70200172509067,20.31490069627762,4.617008876800537,2.410018348693848,0.1624502167105674,0.0261940822005271,0.3854578971862793,4.044603824615479,4.026933240890503,0.6593815386295319,79.28891525268554,21.206120491027832,8.631674432754517,1.660488486289978,6.015037250518799,72.5550765991211,31.801289367675786,21.65974521636963,297.73982734680175,1254.979573237896,2597.432306870818,0.3484868072777722,99.2693513393402,54.789056164305656,120.1257296813652,259.28296928405763
31.48280221223831,19.95926016755402,38.915400674846026,20.82436848282814,4.913065338134766,3.4247216463088987,0.321677017211914,0.0540931094437837,0.3863443553447723,4.026443338394165,4.3701488971710205,0.6113488376140594,79.90585021972656,27.8952974319458,18.15509548187256,3.3710655212402343,6.023939323425293,72.94616470336913,33.29076309204102,20.808194732666017,295.3227171897888,1405.2645999133588,2709.391268135846,0.43077412461773,101.12907357215882,67.23282089345157,122.37874646522104,264.7871923208237
32.19215928316116,17.86169369991403,37.90925162758212,21.621968245506288,4.748567724227906,2.8790368318557737,0.2794108629226685,0.0486299600452184,0.3873288810253143,4.071154737472535,4.136256694793701,0.646319854259491,79.90709609985352,24.117596054077147,16.46795310974121,3.020262098312378,6.036513900756836,72.61576538085937,32.39598655700684,21.945905876159667,301.88757476806643,1256.6324152231216,2586.336851758498,0.3846701660131693,100.29407753944398,62.66907887458801,121.19445491340012,262.0120966434479
31.831005418300627,16.315741565439385,38.698073091055264,20.81944906115532,4.752323579788208,2.655440878868103,0.225205947458744,0.0371277678757906,0.3924067199230194,3.911042857170105,4.082451295852661,0.6490805625915528,78.45739822387695,22.56791000366211,12.458640384674071,2.3142274141311647,6.039158344268799,70.52638931274414,32.98899192810059,21.581307220458985,298.1538784980774,1188.4198003053666,2571.4909604655927,0.3910806613172212,100.33398790359496,58.92191015752032,121.43357634730636,262.7660168647766
29.81586308479309,18.141881507693324,37.67132646040991,20.390503042936324,4.888437175750733,3.055593180656433,0.3043516337871551,0.0516870569437742,0.3882889330387115,3.759416127204895,4.318488502502442,0.6692518532276154,79.33260498046874,25.082850646972656,16.52846031188965,3.263346266746521,6.003219413757324,67.85122375488281,33.31239776611328,21.90840549468994,290.4035830974579,1239.3460679411887,2631.470753975294,0.4488044752072468,97.2076397895813,61.28575081564486,117.74242242127656,254.61950857639312
31.908025443553925,16.230554872588254,37.294749724399296,20.369582879543305,4.606543111801147,2.680265021324158,0.1237036809325218,0.0210040936246514,0.3923326164484024,3.9822505235672,4.166604804992676,0.6677456438541413,78.8450424194336,23.64788036346436,7.71651291847229,1.3149178266525268,6.052688884735107,71.40900268554688,33.02021713256836,21.862309455871586,299.2084190845489,1214.7369019031526,2540.5713843798208,0.3962797648644759,98.09019265174864,58.93647805885412,118.83327311761676,256.7652984857559
31.21538326740265,17.289639726268852,37.894818529393525,20.495298945903777,4.490845775604248,2.9313270330429075,1.2484457201367149e-08,4.633194153951893e-17,0.385263106226921,3.6738424777984617,4.128886985778808,0.5914636194705963,76.79706192016602,27.06288547515869,2.81179192429537e-10,2.822768276955002e-15,6.032881498336792,68.07219467163085,32.502698516845705,20.19135360717773,302.94746885299685,1379.273173367977,2727.302752454282,0.3686794803276427,95.89043016433716,65.76538605692363,116.07099258955569,250.807946395874
30.465483283996583,17.708384060283425,38.09659150680527,19.640191513299943,4.645201683044434,2.99354259967804,0.0895313911139965,0.0131515667773783,0.3880362927913666,3.710171222686768,4.154382181167603,0.5552454471588135,76.38279800415039,26.86173896789551,4.879583930969238,0.8149785399436951,6.034798622131348,68.24244995117188,32.5471752166748,19.051264381408693,294.71749930381776,1321.853730559349,2691.850435896561,0.3837311131207886,96.7759488105774,65.85190447210334,117.31622646860778,253.4147576570511
32.011815142631534,17.4096163374139,37.52094761745538,21.316984629631044,4.69331316947937,3.117595744132996,0.3016944408416748,0.0525388810783624,0.3867398232221603,4.129719543457031,4.077942323684693,0.6623638212680817,77.67225952148438,24.91908588409424,18.425029754638672,3.294569230079651,6.041949987411499,72.36030654907226,33.98650245666504,21.990032958984376,296.52393608093263,1250.993086695671,2552.397214654315,0.4019740078850454,100.29015102386477,63.822994999587536,121.70277256276458,263.4539526700973
31.715095949172973,17.12916065151803,38.34626075604465,18.98488869667053,4.615693521499634,2.9829177141189573,0.2865084648132324,0.0491680279374122,0.3871865779161453,3.8557577610015863,4.329537296295166,0.6153583228588104,78.27289123535157,24.3289493560791,17.014616584777833,3.1153472423553468,6.019806957244873,70.80005569458008,32.33229637145996,20.1954029083252,294.19940266609194,1286.5699503421783,2624.1360630706013,0.42421070234602,98.10283885002136,61.185727796982974,118.96442734822632,256.69703884124755
31.18221374750137,17.42976571805775,37.4789693640545,20.621696895360948,5.017255544662476,3.056176996231079,0.3058278441429138,0.0543986678123474,0.3830159395933151,4.07837142944336,4.228793001174926,0.6333654403686524,83.1745101928711,24.646453857421875,16.728750228881836,3.412162184715271,6.022921514511109,71.24586486816406,34.30170860290527,21.08644046783447,288.65882449150087,1223.4614485502243,2545.200743489893,0.425766185059048,100.23498454093934,63.63808144833892,121.36334146317094,262.9818698406219
30.84275940656662,21.70619848459028,38.367049887496975,19.65341387987137,5.081813526153565,3.501236844062805,0.3286056250333786,0.0566512677818536,0.3906412631273269,4.131177806854248,4.453965091705323,0.6404886364936828,81.55890426635742,29.170932960510253,19.30573711395264,3.52987072467804,6.042978668212891,73.64649505615235,32.98718910217285,21.075086212158205,298.4432664394379,1184.5890330195427,2473.4993625127013,0.4198281068515136,101.08544869422911,68.84870112184436,122.72160089574754,264.67350714206697
30.6992000579834,17.503376766014846,37.95375738672446,20.656287652254104,4.826741456985474,2.9647166967391967,0.3098879545927048,0.0543583802878856,0.386494168639183,3.8839608430862422,4.253903532028199,0.6117058575153351,78.25600891113281,24.215329551696776,17.57411937713623,3.403087997436524,6.052423524856567,69.18196258544921,33.72451057434082,20.674588775634767,289.1163331985473,1217.9188173651696,2584.745610169676,0.4240008667659524,98.9666934967041,62.15565170161426,120.11805992089212,259.7289392709732
30.96649458408356,15.94450534582138,36.89348514697049,19.598143953084943,4.596869707107544,2.8658588886260987,3.701131117079051e-13,4.6179710197434865e-17,0.3878877103328705,3.795974206924439,4.007132196426392,0.5629690289497375,78.82131576538086,25.94980640411377,1.7060623035559512e-14,2.9416940320901106e-15,6.054069852828979,68.55008163452149,31.824827575683592,19.219003677368164,302.9002089500427,1414.4121186971663,2712.0175340634014,0.3528411543616975,95.87358894348144,64.6659752368927,116.11272409614176,250.32303240299223
30.312827694416047,17.445325574278833,38.29676130877342,19.765118557214738,4.807302713394165,2.9842405319213867,0.2890699386596679,0.0488854046911001,0.3882964760065078,3.7504979372024536,4.068765544891358,0.6230586230754852,77.85596313476563,24.36989860534668,17.114940643310547,3.0422534942626958,6.046544218063355,67.94068908691406,32.57803573608398,20.581802940368654,288.23582539558413,1227.5292034983636,2597.1037670005985,0.3976126364078354,98.09224214553834,61.679508755169806,119.07069855686277,256.87844648361204
31.264214956760405,17.644655541260725,39.01254502688535,21.801386612653733,4.831710147857666,3.212357330322265,0.3039836436510086,0.0530440080910921,0.3905300080776214,3.8641463994979857,4.151764154434204,0.6732056558132171,78.36456604003907,25.51186351776123,17.810982513427735,3.279946541786194,6.047812843322754,70.24944534301758,33.34821548461914,22.52802982330322,297.7801190376282,1253.6577226758004,2679.854685983731,0.4202984402077845,100.27418823242188,63.99921560082585,121.34201963003724,262.6741752624512
30.71535167694092,17.756501562020276,37.96799101696816,19.93450761437416,4.717553520202637,3.17787926197052,0.3179114162921905,0.0507649779319763,0.3855262517929077,3.929255962371826,4.164823961257935,0.6067728281021119,76.93783721923828,25.530959701538087,18.96681365966797,3.2137173652648925,6.039174318313599,71.28553466796875,32.2503475189209,20.320966148376463,285.9439185142517,1200.411201620102,2548.9011326427744,0.4222059466585285,98.09746508598327,64.22543795630335,119.29556830208747,256.8142280817032
30.14863427877426,19.085931743960828,37.59158051803242,20.004277914762497,4.952455997467041,3.0570342779159545,0.3038441032171249,0.054065815731883,0.3897311002016067,3.8674465894699095,4.383483076095581,0.5801191389560699,80.95043258666992,25.476289749145508,18.0225061416626,3.3427560329437256,6.017757987976074,69.29164352416993,33.64070472717285,19.78747978210449,292.4891724586487,1240.147579705715,2576.786675036105,0.4082609247220361,98.05461115837096,63.75331772249192,118.7604028010741,256.9941507101059
30.589543414115905,19.43319462982472,37.536435663024896,19.774825781583782,4.87759222984314,3.1809542894363405,0.3257379204034805,0.0580977026373148,0.3852704226970672,3.8347566604614256,4.266155481338501,0.5580834865570068,80.88863677978516,26.26328582763672,19.9108678817749,3.6511581182479858,6.019933223724365,68.06357116699219,33.59802169799805,19.1013671875,294.02707028388977,1289.6192323088646,2588.326781999972,0.4000818509410038,98.04549379348757,64.33678095880896,118.90751977823676,257.1503091812134
30.311811423301695,19.342604606971143,38.80376798864454,21.002282011508942,5.069128131866455,3.3644077301025392,0.3116650223731995,0.0554773688316345,0.3835842162370682,3.9769749641418457,4.378557014465332,0.6690536975860596,80.64635314941407,27.25909080505371,17.437604713439942,3.5181179523468016,6.042567348480224,72.22016220092773,33.70788803100586,22.180218315124517,288.29181571006774,1229.485555815697,2613.7288132422373,0.4707634023422326,100.2319637298584,65.86658996660262,121.55154246818276,262.7497725248337
31.172101068496705,19.743335533561183,38.81852027180139,20.4838468670845,4.892916345596314,3.2370495080947874,0.3077722638845444,0.0564444988965988,0.3844113886356354,3.842661476135254,4.108788061141968,0.6328428328037262,79.65497970581055,26.7549747467041,17.878950309753417,3.5166765213012696,6.039786529541016,69.30343399047851,33.03096961975098,21.047853469848636,293.9711724281311,1275.802464401722,2608.549408260232,0.4226318640881175,100.24936814308168,65.54200132191181,121.132653244026,262.3332060098648
31.479441976547243,17.747415606980212,39.30517134096008,20.289705282449724,4.962312364578247,3.120784425735473,0.3068736225366592,0.0537823863327503,0.383482614159584,3.822581005096436,4.14503812789917,0.6123323321342469,82.97982482910156,25.14903507232666,16.870497512817384,3.3786257982254027,6.041740083694458,70.0746566772461,32.25958137512207,20.60933361053467,293.0328273296356,1413.5407341063024,2793.0316125367767,0.4004003798584321,100.23086671829223,64.62380782384426,121.13585166558624,261.6423575639725
29.98578554391861,19.850981403212064,37.980585848120974,19.335253882408143,4.885206079483032,3.494183397293091,0.3458944708108902,0.0584931325167417,0.3861077576875686,3.846287655830383,4.353539037704468,0.6038460433483124,78.44296569824219,28.080938720703124,21.597765350341795,3.7190641164779663,6.012165498733521,69.64984588623047,33.83073959350586,20.027234840393067,292.8703819751739,1284.6688349962235,2630.3412147643453,0.4326533027514522,98.02938241958618,69.74208899009973,118.8463683973998,257.31321761608126
32.705480897426604,15.091996774182189,37.97630974401254,18.744822931289672,4.723721504211426,2.5088678359985352,0.1569852590560913,0.0276490425691008,0.3851997643709183,4.071442556381226,4.20669412612915,0.595947527885437,81.33355712890625,21.64200668334961,8.954028034210205,1.7444268703460692,6.028421258926391,72.61117248535156,32.41392631530762,19.630677032470704,287.7722399234772,1243.6745750546456,2535.126473722124,0.3891709687528425,100.31314454078674,56.03855273593217,121.3422825947404,262.2602106332779
31.477771627902985,20.34717511285562,38.595407478231934,20.300394213199617,4.819069337844849,3.431164264678955,0.3421458691358566,0.0548481199890375,0.3885048806667328,3.9303619384765622,4.337606954574585,0.5819549918174743,78.47667236328125,28.043402862548827,20.544431495666505,3.419601893424988,6.02738881111145,70.3707061767578,33.3942985534668,19.90742359161377,295.1618392944336,1423.14329880476,2715.557577077788,0.4169177246304194,100.2634654045105,67.98417611271142,121.49612086024136,262.80477192401884
31.61862140893936,16.89957430458162,37.99430972253904,19.87552371621132,4.593510150909424,2.8553730487823485,0.2424530133605003,0.0408886991441249,0.3845223546028137,3.8818584442138673,4.236607599258423,0.5609711289405823,77.68721160888671,23.772670173645015,15.044573402404785,2.577129030227661,6.052328109741211,70.74897232055665,33.58031883239746,19.211571502685548,290.72682452201843,1236.527373611927,2597.802552732307,0.4120094754523385,97.87854351997376,59.49049098780379,118.7589734055102,256.80003156661985
30.10411548614502,18.61673603089293,36.91474870734383,20.59563692808151,4.90303225517273,3.0832353115081785,0.3061361461877823,0.0549348130822181,0.392613735795021,3.9454808235168457,4.31279239654541,0.6049679636955261,79.37766723632812,25.344571113586422,18.577649116516117,3.495293688774109,6.029669666290284,69.30690460205078,33.01969680786133,20.55957317352295,288.7524254322052,1251.1459790587426,2587.909297940426,0.4270228470262637,98.06122002601624,62.935227884911,118.89050737284124,256.7596079826355
32.26640654802323,15.120290597679562,38.21430910869967,21.79170842766762,4.763145017623901,2.745441699028015,0.1939485341310501,0.0334460090845823,0.3933883935213089,3.923914861679077,4.091861820220947,0.6336506068706512,80.6569953918457,22.746876335144044,10.618783283233643,2.1318548202514647,6.042954349517823,69.85471954345704,34.14070510864258,21.5139217376709,294.94573826789855,1272.2538753271103,2678.329508048744,0.4076045757313274,100.28482117652894,58.6185378799215,121.17673785947264,262.9349336147308
31.10629879236221,18.27755989420693,38.01665184672456,20.639144521951675,4.746840333938598,3.32733736038208,0.3281047523021698,0.0543757628649473,0.3870284885168075,3.925965261459351,4.13792667388916,0.6305990934371948,77.50477294921875,26.438858413696288,19.8551815032959,3.367765069007873,6.051530838012695,70.43411636352539,34.21970100402832,20.972606468200684,297.12191090583804,1269.1570383191108,2611.3066957133183,0.4362354306414026,99.15531468391418,64.93900294713676,120.13799756597729,260.3964587926865
31.04703724384308,17.329916713899003,36.22891470636241,20.371474540233613,4.6609508991241455,3.095275568962097,0.2880689799785614,0.0500936135649681,0.3895044684410095,3.9927879333496095,4.424349212646485,0.6014220714569092,78.25616607666015,24.878664016723636,17.8372652053833,3.18046293258667,6.052430105209351,69.39106826782226,33.770856857299805,20.39367198944092,290.4221142292023,1243.8433130264282,2565.3314886157286,0.4498849189972297,97.19126300811767,61.40284905489534,118.02520619034767,254.98097431659696
31.816108906269072,17.076693481684195,38.14638936626725,21.291993975639343,4.787638902664185,2.72270085811615,0.2332940727472305,0.0409355960786342,0.3835225731134414,4.080892848968506,4.072433996200561,0.6778651654720307,79.3858413696289,23.034453201293942,13.627526187896729,2.5591311693191527,6.020229148864746,72.76852569580078,33.81885948181152,22.36149654388428,298.92376055717466,1177.1929293632506,2532.0888654838955,0.3700984982071169,100.317005443573,60.08488111328334,121.75455474928022,263.4229578495025
30.013508224487303,21.9798149735434,37.836954989028165,25.92197601795197,4.669991445541382,4.032420516014099,0.3380221903324127,0.0599473133683204,0.3873950481414795,3.652758193016053,5.752984237670899,0.6701655089855194,76.34659194946289,32.246982192993165,20.936425399780276,3.735793209075928,6.033231163024903,67.03551483154297,47.38367652893066,23.137956047058104,301.0344098567963,1410.772633445263,2785.1487694197044,1.2649228628375568,95.97672777175904,67.79970515649765,116.33172365333886,256.7849205970764
31.02482775449753,15.637614470605332,38.82366632514167,21.05568136572838,5.031669616699219,2.661458134651184,0.037481989338994,0.006079946598038,0.3866692394018173,3.827062010765076,4.040418243408203,0.6270363926887512,82.82690963745117,24.10236148834229,2.2288591384887697,0.3871144831180572,6.039744472503662,69.06096572875977,33.1914737701416,21.13843002319336,294.94200882911684,1424.4231289148331,2818.679979694868,0.3744651731725703,100.25259199142457,60.88866308722645,121.04808008987456,262.20696625709536
30.35473122596741,17.645240510231815,38.30379426716827,19.814895313978194,4.804480838775635,2.9471333980560304,0.3101097196340561,0.0551563244313001,0.3893006205558776,3.8522687673568727,4.282560348510742,0.6344178438186645,77.70986785888672,24.25002861022949,17.2392297744751,3.46253182888031,6.052665615081788,70.60932235717773,32.271994018554686,20.951927375793456,291.619279050827,1272.6304417967797,2683.1820839642955,0.4230225303673769,98.12231574058532,61.88355497159064,119.01313986741006,256.64134964942934
31.621181988716124,18.76135966181755,37.35090750653762,21.04486277103424,4.7413068294525145,3.03319628238678,0.3136231601238251,0.0545541945844888,0.3889050215482711,4.080437326431275,4.084196615219116,0.6255690693855286,78.58553619384766,25.19199562072754,18.203286170959476,3.4032297849655158,6.05799617767334,71.90590438842773,33.004360580444335,21.111484146118165,300.76493644714355,1269.7282306313514,2571.11872644315,0.4110636286039309,99.6169373035431,63.76234498601407,120.66025887951255,260.8067780017853
30.17389569282532,18.349051005300133,37.5360080266837,20.876339107751846,4.93635926246643,3.143103098869324,0.3152790427207946,0.0561936348676681,0.3910137683153152,3.957790517807007,4.060735273361206,0.661929851770401,80.65217056274415,25.584769630432127,17.86257133483887,3.4978871822357176,6.051836347579956,71.43317337036133,33.99911460876465,21.79637260437012,296.5522144317627,1247.881223320961,2589.496731360705,0.4250347170611938,98.03845925331116,63.96293552964926,118.83910543434322,257.0446035385132
30.07755641937256,18.24353556006681,38.59875220940448,21.61295308470726,5.078551578521728,3.148323082923889,0.2927068024873733,0.0527877174317836,0.3850279152393341,3.989355373382568,4.119641351699829,0.665915596485138,79.8080223083496,25.555423164367674,16.45712184906006,3.2871747970581056,6.054535341262818,71.93800582885743,33.49900741577149,22.25092830657959,293.6552432537079,1252.4504601716994,2660.49452058202,0.4277099601230943,100.25581760406494,63.67470820266753,121.61854369975626,262.80205249786377
32.23293415307999,12.59669815711386,39.75314369925764,21.235943126678468,4.729627895355224,2.2903486251831056,0.0600341446697711,0.0091619901359081,0.3876608848571777,3.7524581432342528,4.109737920761108,0.6427271127700805,80.74736938476562,20.004732131958008,3.5386974573135377,0.5711346983909606,6.060379791259765,69.89848403930664,32.88794097900391,21.62080612182617,289.50773305892943,1230.5435563087462,2732.3445941397395,0.3753260651367924,99.67353949546812,50.344584091659634,120.77631983589382,260.85571331977843
31.27584643363953,18.994382122601383,36.06567372283898,20.9608704328537,4.628321027755737,3.2119579792022703,0.3290422648191452,0.0545229069888591,0.3865269839763641,4.050256824493408,4.1004773616790775,0.6220533609390259,76.85856552124024,26.26892509460449,19.21470203399658,3.388958048820496,6.020758438110351,69.54017028808593,33.0213924407959,20.99205436706543,299.95172395706174,1205.4696358799931,2488.333122119907,0.4315700731461966,98.08641271591186,64.3741892689839,118.73007666673512,256.8536025285721
30.55612596273422,17.747657105466352,39.8894491772633,20.39962574243545,5.033751726150513,3.0111941576004027,0.3143426179885864,0.0540312055498361,0.3895902872085571,3.814667963981628,4.435721158981323,0.6288516819477081,80.76486587524414,24.55045433044433,17.413011360168458,3.4145643949508666,6.037471532821655,70.96208190917969,33.257032012939455,21.104522705078125,284.65567870140075,1398.0503188669682,2816.042430869583,0.4131304959999206,100.249507188797,63.52522760629654,121.6201576815918,262.71621706485746
30.849344503879543,19.29946195972152,37.049341282784006,20.008781003952027,4.7114129066467285,3.132746410369873,0.3123182564973831,0.055141832306981,0.3894390255212784,3.9374276876449583,4.364482879638672,0.6211998522281647,77.28046264648438,26.05051250457764,17.278374481201173,3.4631579160690307,6.010365724563599,69.41072387695313,32.71092491149902,20.780024528503414,291.24790024757385,1233.0253699302673,2519.505016234168,0.4271390459192325,98.09334049224852,63.705265985429286,118.8612441310659,256.85648493766786
29.695589101314543,19.244534006807957,37.61469741491601,19.11810354590416,4.980868339538574,3.300565910339356,0.3359830021858215,0.0555884931236505,0.3917152166366577,3.941462469100952,4.291278553009033,0.6170099437236786,79.70169067382812,26.87796993255615,19.38667392730713,3.5261762857437136,6.052861785888672,70.76856918334961,33.207876968383786,20.191972923278808,286.7491807460785,1241.531995368004,2555.873269998905,0.4382411835247033,98.03212504386902,64.67973073069007,119.23697502985596,257.01966950893404
32.110500919818875,15.868332547717731,38.0130026576342,19.986494767665864,4.690070629119873,2.779959297180176,0.1490453213453292,0.0270196417346596,0.3883177071809768,3.966025424003601,4.111845254898071,0.6251180052757264,78.77545776367188,23.60259132385254,9.097837162017822,1.7231361985206604,6.036257410049439,70.43637771606446,32.44886054992676,20.75194721221924,292.5409931182861,1197.9713408112525,2536.2488497485174,0.3971019818611495,99.86543002128602,59.97801104392856,121.02247836999597,261.34204468727114
31.32887586355209,18.485569584649056,37.265239422605376,20.376623916625977,4.859856939315796,2.9958595991134644,0.302101919054985,0.0540949139744043,0.3904451638460159,4.09613447189331,4.236683654785156,0.617403221130371,79.36889724731445,24.87374591827393,16.657840919494628,3.4056564807891845,6.023919153213501,71.28293380737304,33.285061264038085,20.72005233764649,296.7241168022156,1191.3303036808968,2497.675721648929,0.4033716500222908,100.2829656124115,63.475314727053046,121.31701271291824,262.71967923641205
31.83890149593353,15.730327193823175,39.97737641318236,20.863436245918276,4.817365932464599,2.688228893280029,0.1654507011175155,0.0264715399593114,0.3914632350206375,3.829460978507996,3.98233048915863,0.6739276051521301,78.74546356201172,23.01168270111084,9.935089302062988,1.6708977818489077,6.015170478820801,70.64119949340821,33.41534690856933,22.049748039245607,296.7561326980591,1414.653132545948,2794.4784191448125,0.3587838782309553,101.2325846195221,59.38254999499768,122.57011180855334,265.4453838586807
31.653529834747317,17.61569480516482,37.58212546983268,19.080075794458388,4.615691757202148,3.042919063568115,0.3036576271057128,0.0533665053546428,0.3873786091804504,3.914552664756775,4.283079481124878,0.6079402983188629,77.64809799194336,24.738508796691896,17.05955390930176,3.329664921760559,6.025543832778931,69.90397186279297,33.30220832824707,19.991504096984865,291.35083932876586,1202.2361719369887,2482.7580172130374,0.4081143186250607,98.31012029647827,62.92853756640106,119.22621228024364,257.8607159137726
32.14902784824371,15.849124857189604,38.3460281861946,20.725286239385603,4.712887811660766,2.798783278465271,0.1914839446544647,0.0332914311438798,0.386975410580635,4.040907573699951,4.096430253982544,0.6567784607410431,78.73230514526367,23.403323554992674,11.19328498840332,2.0870629787445067,6.05789475440979,72.90463638305664,33.95528297424316,21.623555183410645,296.9206425666809,1271.160731804371,2624.8574933141704,0.4104577533997393,100.30299468040468,59.93781787231565,121.36814941689371,263.1066596031189
32.000915837287906,18.615198767662516,39.58957875745837,22.297633403539656,4.949743747711182,3.17357714176178,0.3174980044364929,0.0540436420589685,0.389005309343338,3.940300941467285,4.173757457733155,0.6747413575649261,80.62691955566406,25.736291122436523,19.18579692840576,3.448707938194275,6.009085702896118,70.78920288085938,34.71407127380371,22.65985679626465,295.6701609134674,1419.864809602499,2786.295640832471,0.4062551831119279,102.47328867912292,66.6405788268894,123.97311338130385,269.20304956436155
29.991723191738128,17.29740533157019,37.0308519565966,21.559205371141434,4.860647058486938,3.02363862991333,0.2695501893758774,0.0499223642051219,0.3869230151176452,4.0472417831420895,4.259325647354126,0.6191513180732727,77.72420883178711,24.59330177307129,16.943640327453615,3.158945894241333,6.044362735748291,71.68424682617187,34.135368728637694,21.16482639312744,288.4847792625427,1220.5557378649712,2604.514190144354,0.4324525003748043,98.08257331848144,61.41259765727445,119.2537660125643,257.6941811084747
30.64788691997528,18.03530873825075,38.0541946526384,18.85483764410019,4.776602649688721,3.213119292259216,0.3165410667657852,0.052891631051898,0.3862438917160034,3.783662438392639,4.302393627166748,0.5788011670112609,78.35093154907227,25.742076301574706,18.85745964050293,3.3764079332351686,6.062982559204102,68.17742385864258,33.838477325439456,19.24682559967041,289.7948684215545,1242.3016761422157,2564.5443932316266,0.4244303194528186,98.04473609924317,63.21619997322559,118.95414982400834,257.3890146255493
30.365521442890167,20.35904550519772,38.57746201353147,20.750157380104064,5.057993698120117,3.259713745117188,0.3354740023612976,0.0582533951848745,0.3838404446840286,3.893037796020508,4.426624917984009,0.6098487079143524,80.56461029052734,27.16281108856201,20.184095764160155,3.5850780487060545,6.010472059249878,69.5808349609375,33.38763160705567,20.79683074951172,287.33706521987915,1233.3081113696098,2582.022637975245,0.4375373315413142,100.2487509727478,66.89283000621944,121.40404346417635,262.6987640380859
31.420882153511048,17.002821317315053,36.51990710038226,19.704737037420276,4.462692260742188,2.859038257598877,1.3234851548027393e-10,4.8740425131116104e-17,0.3888022840023041,3.882826328277588,3.987351655960083,0.5664026260375976,76.83038024902343,26.43101482391357,1.2720451211464812e-12,3.055766034327568e-15,6.0579596042633055,69.55319595336914,31.60405960083008,19.323207473754884,303.0625298023224,1392.609368777275,2644.507087031124,0.3541896202340034,95.89644927978516,65.63611874580393,116.27418925687672,250.4476845026016
31.16014322042465,20.554915944626558,37.65884802399669,19.716147929430008,4.881390571594238,3.289298343658447,0.3338996112346649,0.0561338391155004,0.3894496917724609,3.925802612304688,4.394072484970093,0.6269186019897461,81.47128601074219,27.501314544677733,19.149602317810057,3.4889010190963745,6.037683868408204,69.23222961425782,34.44162559509277,20.625058555603022,296.00454077720644,1262.555177283287,2521.5330670777766,0.4239683430675981,99.10579571723936,65.95965527892113,120.31441305950284,260.3776444196701
32.95430316925049,20.087058298126795,37.989266667724586,19.893913143873213,4.677147769927979,3.315899157524109,0.3181589007377624,0.0581907156854867,0.3919979631900787,4.1047741889953615,4.345810413360596,0.6242072403430938,81.18751831054688,27.299440383911133,19.282641983032228,3.660598850250244,6.036553573608399,73.32421951293945,32.85995597839356,20.726184844970703,301.25039887428284,1256.301247894764,2510.898796758143,0.4357937808686835,100.22869296073914,66.69941484499722,121.57620965912938,262.3246877670288
30.24994760751724,21.42621797036845,37.76269150790758,23.86883482933045,4.755117559432984,3.475668859481812,0.2884643942117691,0.0497076332569122,0.3815912932157516,3.637267518043518,4.954807662963868,0.6577754378318786,79.4303970336914,29.113894653320312,17.91305274963379,3.114501690864563,5.9889555931091305,66.77566604614258,42.19714164733887,22.19122886657715,303.5412006855011,1424.9883141040802,2740.910596148408,1.16139736055461,96.24864001274108,64.88489324450492,116.06047966293993,254.8774981021881
31.571350598335265,16.442418527753762,38.818170821876265,20.09612062573433,4.617483806610108,2.7997488498687746,0.0115083876997232,0.0016188736422918,0.38675137758255,3.6987060546875,4.171126651763916,0.5896933972835541,77.77100982666016,25.66358184814453,0.6652565479278565,0.1001101657748222,6.04539680480957,68.36747131347656,32.696868133544925,20.01061897277832,301.921164560318,1443.7243941187858,2771.967544894136,0.3779594015513204,98.08547043800354,63.11714059116203,118.63822659309952,256.66360757350924
30.839745926856995,18.24133848915808,37.58017443020363,20.02612087726593,4.767509889602661,2.998838210105896,0.3146904349327087,0.0547981962561607,0.3929996520280838,3.962875413894653,4.255575895309448,0.6347740054130554,78.8471450805664,24.742756652832032,18.46230411529541,3.4692607879638677,6.035219430923462,71.49229125976562,32.38523368835449,21.055267906188966,295.24748902320863,1287.1029504656792,2633.4159438104894,0.4179701055314148,98.08225913047792,62.400585232116285,119.01809834502636,256.56883442401886
30.57954580783844,18.421241576969624,38.88917907543946,21.6250305056572,5.073613452911377,3.2390739917755127,0.3085062026977539,0.0567113898694515,0.3836897999048233,3.854329800605774,4.215163660049439,0.6414601325988769,81.9764175415039,26.0771448135376,17.736058235168457,3.50378155708313,6.034877967834473,69.7729995727539,32.68724670410156,21.805397987365723,292.22454624176027,1450.6645793795583,2861.2605900730123,0.41217616476629,100.2323184967041,65.90318958032876,121.13891877364368,261.8830442428589
31.418425536155706,19.05916826382745,39.579032125603405,20.273018223047256,4.897418737411499,3.408296895027161,0.3213337659835815,0.0540986347943544,0.3872226715087891,3.850553870201111,4.342014455795288,0.6109727263450623,80.94229049682617,27.249527168273925,19.576486015319823,3.412145662307739,6.0214063167572025,71.20948791503906,33.90636863708496,20.505932998657222,291.44188351631163,1379.293010020256,2721.897945433652,0.4228505101248224,100.19859957695007,66.30993781462311,121.45525090768932,262.8786287069321
31.85932673215866,17.932946634641848,38.9630625799764,19.10303099155426,4.779413461685181,3.2271859407424928,0.3241174906492233,0.0564260896295309,0.3915833115577697,3.883122158050537,4.421163940429688,0.6078312933444977,79.44323120117187,25.79097270965576,18.104278373718262,3.5932711124420167,6.020825481414795,70.54142150878906,33.09951553344727,20.069648361206056,292.7187542915344,1228.5068358540534,2582.0506709225942,0.4504270815642172,100.25965633392336,64.71624416150152,121.38964774850756,262.62977077960966
31.36763610839844,18.01353543261066,38.969155386532655,19.996334570646287,4.827298736572265,3.130190062522888,0.2838216990232468,0.0478832576423883,0.384616881608963,3.917368936538696,4.237097454071045,0.6069560587406159,78.70099639892578,25.44729690551758,17.746016883850096,3.031928300857544,6.04199104309082,71.25408630371093,33.73250122070313,20.298518943786625,292.1172731399536,1445.7335965394973,2773.886865908624,0.4014173876221086,100.2642138004303,64.79475918374956,121.47774564512072,263.098671746254
30.673133862018584,16.425566574628466,37.24951153818984,19.95575267672539,4.745441150665283,2.836782455444336,0.227459554374218,0.0420721124857664,0.3893585920333862,3.9113637924194338,4.37555627822876,0.5997041583061218,77.87605895996094,23.495668411254883,13.918265438079834,2.630281090736389,6.003614139556885,69.57930374145508,33.362030029296875,20.21044692993164,286.9021839618683,1242.561203277111,2603.458532831696,0.4058675156976825,97.90887517929076,58.75783228976652,118.6484146438539,256.7465623140335
31.84019669294357,16.244161877784062,36.699593322584406,20.72859271168709,4.661074161529541,2.7555004596710204,0.0656964242458343,0.0106710346415638,0.387186712026596,4.032841634750366,4.230164670944214,0.5905963003635406,80.18370971679687,24.746491050720216,3.6689056634902952,0.6633880138397217,6.033291912078857,71.03153610229492,33.22057609558105,20.29862079620361,298.36054105758666,1217.842394733429,2551.758990093588,0.3860697216037451,98.06230788230896,61.45715432418511,118.68777193054557,256.72022755146025
32.422899866104125,17.282332654227503,38.70758532118053,20.90046055912972,4.841165971755982,3.021025013923645,0.2657974481582641,0.044888550043106,0.3850489675998688,4.06080322265625,4.1930006980896,0.6303817152976989,79.42896270751953,24.57779541015625,16.197563076019286,2.7923330068588257,6.051467514038086,71.17045288085937,34.307396697998044,21.1480131149292,297.6618638038635,1415.5507070422173,2710.636889253836,0.3979325271317833,102.4936899662018,64.35226313117892,124.1999605741352,269.21385688781737
31.17360153198242,19.416493275621907,38.01211117908824,20.2711476624012,4.953196287155151,3.3800991058349608,0.3177708894014358,0.0574476443231105,0.3907582521438598,4.129984521865845,4.2678821086883545,0.6402558147907257,81.37427520751953,27.338447952270503,18.551394271850587,3.6274490118026734,6.04216194152832,73.56125564575196,33.0223949432373,21.17765121459961,290.2531812191009,1206.2209469676018,2517.078465941816,0.4386833683792591,100.21430325508118,66.28455920927226,121.9440086049959,262.59594120979307
30.368012857437133,18.490471195813733,37.751326525304464,21.345923525094985,4.948723649978637,3.3429944038391115,0.3218075841665267,0.0551635216921567,0.3841803073883056,3.946589517593384,4.386279392242432,0.6430048823356629,78.839111328125,26.76005439758301,17.278243827819825,3.503107380867005,6.027741861343384,69.3653938293457,33.3174991607666,21.728165435791016,286.9604904651642,1225.6897675037385,2625.220349623967,0.444784501371938,99.58660955429076,64.85833807857708,120.79191882070154,261.0334782838821
32.04158955812454,13.177628147721409,39.524661008734256,20.417526876926424,4.677311706542969,2.406612133979797,0.0888098895549774,0.0151699203066527,0.3829931855201721,3.795683813095093,4.069652795791626,0.6580565989017486,78.80397491455078,20.68380832672119,5.404388666152954,0.9647205948829652,6.024314403533936,70.65491790771485,33.59041328430176,21.571602058410644,289.53588037490846,1230.1122080206871,2696.9968602864888,0.3977762190832948,99.48004961013794,51.99371593468823,120.47050289064646,260.9349322319031
31.587030696868897,16.391193065799406,38.86835408150218,20.30432613492012,4.630039548873901,2.980333852767944,0.0104039593134075,8.288645803986583e-05,0.3822015821933746,3.715268850326538,3.918619441986084,0.5865747809410096,78.18225173950195,26.85162525177002,0.1124397475272417,0.0040382338920608,6.020503950119019,69.0171730041504,31.98739700317383,19.9775053024292,297.01754984855654,1322.546050941944,2725.7561562510846,0.4066861537896329,98.08251895904542,67.01972237502233,118.49155649784952,256.19757056236267
30.456289422512054,19.45365486936644,38.47671620380133,19.91940461397171,5.026839351654052,3.1118064403533934,0.3177327960729599,0.0561326779425144,0.3850356847047805,3.904091644287109,4.397000360488891,0.5818172037601471,80.11764755249024,25.88733081817627,19.081446838378906,3.506041169166565,6.026768779754638,69.83557357788087,33.834930419921875,19.760669326782228,293.9029945373535,1407.5209291160106,2726.001884088671,0.4244498137652804,100.26109294891356,65.33353185467422,121.23663739208132,262.83435742855073
31.4361515045166,19.522328561614263,40.14127944870852,20.86450101733208,4.905974435806274,3.3449416637420653,0.3344841092824936,0.0568342857062816,0.3912124395370483,3.799758386611938,4.240668487548828,0.668325275182724,79.35911178588867,27.18710708618164,19.293212890625,3.6273788690567015,6.039842844009399,70.2532943725586,32.832638549804685,22.10570945739746,295.72493624687195,1420.1427761375903,2796.9844024334743,0.4154701132836813,101.14719471931456,67.30750682409852,122.50540507808329,264.66351532936096
31.82824167013168,16.43273374021519,38.05339509183541,20.284390699863437,4.764311456680298,2.722896456718445,0.2049009531736373,0.0355749908834695,0.388053172826767,3.947436714172363,4.136986255645752,0.6688091635704041,78.80646438598633,23.10676040649414,12.88147382736206,2.252998185157776,6.057982301712036,69.67996444702149,32.7305492401123,21.80909652709961,297.3357152462005,1254.6795306921006,2577.9812870132214,0.3934856106160623,100.31412663459778,59.2128657842055,121.39621058199556,262.49791688919066
31.29374371767044,18.1412736967206,37.36359505101573,19.908118575811383,4.659635019302368,3.024399733543396,0.3057014226913452,0.0520061623305082,0.3853898376226425,3.896832513809204,4.306982803344726,0.571088308095932,77.75759963989258,24.788761711120607,18.446303367614743,3.2534209728240966,6.032348728179931,69.11782913208008,32.70404396057129,19.54493656158447,297.9049396038056,1276.295963048935,2592.2587866134418,0.4166781083194024,98.10142760276794,62.32564838603139,118.96614986807108,256.90129854679105
30.3372824549675,19.065736238704996,38.29866367927752,18.87341110110283,4.836925220489502,3.110588550567627,0.3207356929779053,0.0551832009106874,0.3854421019554138,3.884983491897583,4.291614818572998,0.5761419117450715,77.7333267211914,25.80246677398681,17.710900688171385,3.4680789947509765,6.0110081195831295,70.78589096069337,32.31919174194336,19.288975524902344,286.8899266242981,1234.7296991705894,2565.3536503569167,0.4119503171527874,98.54255213737488,63.509054872579874,119.49982936121523,257.9594746828079
30.96407088041305,14.472634097823178,38.10806288479362,20.676697093248368,4.784069156646728,2.5871479749679565,0.0273169973865151,0.0058914077002555,0.3854068905115128,3.7774919748306273,4.089145374298096,0.5992980480194092,80.00870056152344,22.99745121002197,1.8882938623428345,0.3762168020009994,6.0156670093536375,68.45791320800781,31.924839973449707,20.474632835388185,291.2905026912689,1221.2833473920823,2664.2953179489123,0.40122132550838,98.11086778640748,56.528972167614846,118.7395401865244,256.18087406158446
31.59026837348938,15.064767473499524,38.51061312609818,21.548169070482253,4.792767715454102,2.4595878601074217,0.1546578928828239,0.0256440183147788,0.3837218463420868,3.9839282512664793,4.1261138916015625,0.6276598989963531,78.51499710083007,21.404822731018065,9.06450719833374,1.636169731616974,6.037078809738159,71.40054397583008,32.78355827331543,21.41723480224609,289.46875820159914,1225.5728504776955,2660.194217530597,0.384532233799829,100.36133790016174,55.61020145360381,121.70527354814112,262.8767970085144
30.824758660793304,14.843839215673508,37.56995013731066,20.74962502121925,4.761549663543701,2.5871348142623902,0.1561261013150215,0.0260684384033083,0.3885547876358032,3.930775022506714,4.088793087005615,0.6247530817985535,78.53939361572266,22.120814323425293,9.244223976135254,1.659980344772339,6.039461755752564,70.55357666015625,33.85106506347656,20.928235244750976,293.4185479164124,1279.1206047177316,2666.8233705025573,0.4093187767348595,98.12829828262328,55.26999441673979,119.02824459299444,257.51962673664093
29.64523900747299,20.03439246348571,37.9962786312215,21.4343163728714,4.972213506698608,3.6364795446395872,0.3299752682447433,0.058731622993946,0.3905709505081177,3.899497818946839,4.3978935241699215,0.6410901486873627,79.32900543212891,29.081990242004395,18.295726585388184,3.7446838855743407,6.052312135696411,70.75341873168945,34.81623077392578,21.644539070129397,287.8714904785156,1245.105844449997,2665.103353754018,0.470592355725239,97.9880744457245,68.29647684115916,119.21901492029428,257.6911930322647
30.928594624996187,18.88180173228029,38.69608726685401,20.785562747716902,4.693970346450806,3.041453218460083,0.3055631101131439,0.0561297722160816,0.383122506737709,3.7988672256469727,4.309567451477051,0.6306385040283203,77.19468536376954,25.265204620361327,18.804486083984376,3.464579677581787,6.028638887405395,70.17646865844726,33.10045051574707,21.21313552856445,296.6921256065369,1278.4925674438475,2657.4326178823017,0.4119544883410178,98.0981427192688,63.06287527177483,118.98330930564552,257.1110003232956
30.994950926303865,17.816362145589665,37.83583068533335,21.35369867682457,4.901119518280029,2.980364775657654,0.2877953916788101,0.0552472338080406,0.3888734132051468,4.0037267208099365,4.10175461769104,0.6712200760841369,79.00614929199219,24.44795627593994,16.03236789703369,3.4477691650390625,6.0088976383209225,70.65178756713867,32.40277938842773,22.376714134216307,292.8262701034546,1260.3602517962456,2596.298774177156,0.4012635232170382,100.31422924995422,62.94264387171715,121.22059465181084,262.2359520673752
30.99018210172653,18.503487238893285,36.53008070362266,20.578952378034597,4.698903036117554,3.2130321979522707,0.3164290100336074,0.0558234483003616,0.3902373015880584,4.0047859191894535,4.235570001602173,0.6442435085773468,77.64667663574218,26.046069717407228,17.601749992370607,3.5548449754714966,6.058350515365601,69.76229934692383,33.03513793945312,21.430657958984376,299.31137309074404,1212.0757403016091,2519.065080913075,0.4300892855722374,98.0625587940216,63.63322687195614,118.8283803202212,256.73144454956054
32.32970969676971,18.23747185883112,37.74559963815845,21.47619109749794,4.77476577758789,3.22143816947937,0.323662918806076,0.0553186688572168,0.388151866197586,4.0389433860778805,4.176893854141236,0.68444065451622,81.28962020874023,25.82795104980469,19.56235752105713,3.4572062730789184,6.031743144989013,70.66299972534179,32.6822868347168,22.72260398864746,295.6995969295502,1194.3605939984325,2519.103660236957,0.3960768338915457,100.26888384819031,65.222903778404,121.75562664419412,262.37074506282806
30.448921740055084,16.783555411966518,38.20948236626573,20.626511418819423,5.020639848709107,2.769887113571167,0.199772360920906,0.0345304850488901,0.3889142453670501,4.040271329879761,4.170639371871948,0.6469111263751983,79.81533584594726,23.674603080749517,11.927204895019532,2.1808197259902955,6.00478777885437,72.78406982421875,33.55232315063476,21.480334281921387,293.2144179344177,1266.9653754353524,2637.089660835441,0.389403775781745,100.3157259464264,60.80650923801586,121.10626616477968,262.81219985485075
32.89322271347046,16.00866702409694,38.44588405489922,19.45888321995735,4.6739870548248295,2.793617820739746,0.2155134871602058,0.0355273615568876,0.3870724081993103,3.9858489513397215,4.340162086486816,0.6246221423149109,80.71647491455079,23.205851745605468,13.110623931884763,2.230514907836914,6.0290673732757565,71.83233108520508,32.46010513305664,20.617484855651856,294.3598018169403,1264.887308371067,2593.6192335985543,0.3923332586260031,100.29464902877808,59.29639933025464,121.27575220745057,262.19086203575137
32.34002276659012,16.2122337902314,37.71224913022015,21.584743028879167,4.741103553771973,2.8111947536468507,0.2454252511262893,0.0405032180249691,0.3852443873882293,4.027638006210327,4.192873764038086,0.6335035145282746,80.7338966369629,23.263684463500976,14.14456386566162,2.5863133907318114,6.039235734939576,70.92624053955078,32.92726860046387,21.595023727416997,291.8526524066925,1207.7406537532806,2592.7945699205097,0.4116255381834527,100.05813283920288,60.034790681209415,121.180133738555,261.81039555072783
30.903048813343048,18.10189806555864,38.65155190532096,20.18145706653595,4.814202785491943,2.906808829307556,0.3144236385822296,0.05566301420331,0.3845080375671387,3.8166301965713503,4.230619955062866,0.644911915063858,78.6806770324707,24.240472412109376,17.06162452697754,3.4631189584732054,6.02196741104126,69.56892547607421,32.352888870239255,21.342564964294432,293.97672991752626,1240.30545129776,2625.32806372128,0.4174731357181784,98.9913634300232,62.664931293949486,119.86614877860993,258.85487470626833
31.96130011081696,17.62614969162969,38.21452478612773,20.93441742658615,4.789092063903809,2.9895060539245604,0.3025156259536743,0.0509518217295408,0.3843161672353744,3.995400834083557,4.039951372146606,0.6679797768592834,80.08646087646484,24.41940670013428,16.432379722595215,3.223721814155579,6.019656419754028,71.60087585449219,33.497697830200195,21.98176231384277,302.39522967338564,1255.024813508987,2590.568180230056,0.3982794166669308,100.28513627052308,62.56255831727758,121.08119343388826,262.6336882352829
31.063361060619357,17.020565858576447,37.08034736216068,21.215902423858644,4.7258047580719,3.055505800247192,0.2968309432268142,0.046626104786992,0.3908596187829971,3.9769605875015257,4.122709608078003,0.6213014006614686,77.84364166259766,24.597892379760744,18.09421272277832,2.96862998008728,6.0563736915588375,69.52972640991212,32.95360984802246,21.110430335998537,285.96677618026735,1240.4429055809974,2605.111256360513,0.4250044298371108,98.52072834968568,62.11288583120332,119.78573555722832,258.2111639261246
30.169187557697292,19.03480760360835,37.52286829224322,21.688105899095536,4.90550537109375,3.0604745864868166,0.3051048547029495,0.0573429603129625,0.3845770269632339,3.872042512893677,4.249138212203979,0.6685834288597107,79.29697189331054,25.37063789367676,19.19065284729004,3.6498215675354,6.012453699111939,68.59150085449218,34.008971786499025,22.37455234527588,288.2425580024719,1221.7809148192405,2586.9937208407964,0.4363977969526537,98.2900713443756,63.59603230990469,119.22280660830438,257.97026696205137
32.24797865152359,16.91687488112948,39.34568388874177,19.039347648620605,4.686948537826538,2.841308426856995,0.12121117785573,0.0182459475472569,0.385686445236206,3.850799012184143,4.29867901802063,0.5788867950439454,78.44757537841797,25.071023368835448,7.439704084396363,1.1433024168014527,6.058530569076538,70.4701904296875,32.39345664978028,19.40185718536377,289.1219026565552,1457.413057678938,2774.121901387308,0.3876333778140456,100.29120078086854,63.79004903519526,121.57296539004892,262.4902137041092
31.760617911815643,15.599777414696293,37.02381582821253,19.91338837146759,4.682816839218139,2.796350836753845,0.2111441522836685,0.0371058087795972,0.3907390445470809,4.054431915283203,4.192127799987793,0.6479118824005127,78.29597854614258,23.09668846130371,12.02636833190918,2.3559907913208007,6.031429147720337,70.59193344116211,33.84116134643555,21.132140731811525,285.5975179195404,1232.4928962111474,2529.7210750422846,0.3967271951326225,99.21198081970216,58.78866240698844,120.41389383506028,260.54881343841555
32.058618414402005,17.437141493859237,39.28522369305138,20.10754014849663,4.854653358459473,2.817919945716858,0.1148093484342098,0.0176669919863343,0.3940718710422516,3.873595285415649,4.04016695022583,0.6091325998306274,82.48511581420898,25.289789390563964,6.547276687622071,1.117637574672699,6.043547534942627,71.49475173950195,32.898336029052736,20.371170616149904,298.78257670402525,1433.3154041826724,2734.325872889755,0.3753049502717488,100.232426404953,64.75138347069733,121.17590555623174,262.1184612035751
30.117499268054964,16.046297546406276,37.63196437414736,20.65762353539467,4.83251657485962,2.930106377601624,0.1479509219527244,0.025237844698131,0.384416201710701,3.837429857254029,4.276347732543945,0.6508122265338898,77.85956268310547,24.754673194885253,9.08884630203247,1.566121304035187,6.002404117584229,68.7186378479004,33.08224983215332,21.616171646118165,286.16386704444886,1159.5051790714265,2561.4869112178685,0.4283091981523199,97.88986797332764,61.23886309722438,118.60574600491672,256.4568605899811
32.495473539829256,19.30435835807584,37.514815597678535,19.44297202825546,4.725665616989136,3.435441756248474,0.3245152533054352,0.0555841594934463,0.386835703253746,4.045044469833374,4.426240587234497,0.6288113236427307,80.68271560668946,27.66876373291016,17.477708435058595,3.489011263847351,6.058254718780518,70.44029541015625,33.621887588500975,20.641380310058597,295.4663675785065,1201.0904586315155,2458.4353980290643,0.4501041200748979,100.2186679840088,66.3430913420394,121.52891090828923,262.6763520240784
31.901748073101043,17.578936206689104,39.49520867385436,20.347771173715596,4.728211736679077,2.980018877983093,0.2532004207372665,0.0464679785072803,0.3865550994873047,3.864145851135254,4.312527132034302,0.6295260131359101,78.14555892944335,24.74550266265869,15.079692459106443,2.8723860502243044,6.030941343307495,71.43337631225586,33.80555114746094,21.003583717346192,292.9158032894135,1401.936922883987,2732.619864809641,0.407563913287187,100.30859608650208,63.51808109078557,121.380858803913,263.09369828701017
31.59356998205185,14.563678218331187,37.60903245005757,21.38391942977905,4.704908990859986,2.478993487358093,0.1389999195933342,0.0233210831880569,0.3897521287202835,3.954252576828003,4.202522468566895,0.6150125920772552,80.29701232910156,21.4566499710083,8.224767017364503,1.4657038927078248,6.048807001113891,71.29025802612304,33.80999221801758,21.02465686798096,295.5111186027527,1285.3883489966393,2691.9089234186517,0.3957574291690285,98.10890169143676,53.71518627218902,119.036378034018,257.30178289413453
31.378856658935547,20.35281597587745,40.10811092802324,20.200894796848296,4.960415744781495,3.312223291397095,0.342705088853836,0.0538715355098247,0.3839020192623138,3.845836329460144,4.264281654357911,0.6215487241744995,79.91076583862305,27.437507820129397,20.10414237976074,3.346776342391968,6.036708307266236,70.78989486694336,33.50714263916016,20.696402168273927,295.8392403125763,1413.7698169589044,2747.273621083429,0.4373810521737468,101.57787237167358,67.9373523902148,122.97012927290052,266.1673967123032
30.092390024662016,20.08519249401288,39.04621004264336,20.503219896554945,4.846957349777222,3.575413131713867,0.3616289496421814,0.058819842711091,0.3895422518253326,3.709759402275085,4.449847316741943,0.5796483099460602,77.92423934936524,28.706765365600585,21.022813606262208,3.755921196937561,6.040866184234619,68.93408279418945,34.78108901977539,19.915831565856934,292.8648895740509,1282.5412446379662,2729.206157391536,0.4855969496187754,98.01075477600098,69.4864673496224,118.93960328660906,257.73878011703493
32.17440841197968,13.870430427242535,38.5000346891582,20.418435096740723,4.587396764755249,2.2217993259429933,0.0756179071962833,0.0129067527130246,0.3905013084411621,3.746755814552307,4.074240732192993,0.6172479033470154,79.22033081054687,20.10028705596924,4.5952283382415775,0.8089660108089447,6.05169825553894,68.78674850463867,31.749297523498534,20.791155433654787,300.49761633872987,1297.8914024353028,2727.184434362431,0.3772503474830238,98.18710989952088,50.35053375484422,118.69270031433553,256.1918175458908
31.265253353118897,17.00048568591792,37.58949388426263,19.171598917245863,4.542072486877442,2.868498206138611,0.0003521176768117,3.2765224400321814e-08,0.3893847405910492,3.625265264511108,4.045282316207886,0.5677475929260254,78.51717224121094,26.499137496948244,0.0014326106582302,9.06637461639548e-07,6.0433718204498295,66.11495361328124,32.508050537109376,19.13964500427246,305.29586310386657,1385.8363967061043,2684.2601100530883,0.3650251139511306,95.87227382659913,65.79325989204796,116.04181065261363,250.77960314750672
30.909427106380463,18.47151837939164,38.96673035118729,21.753917735815048,5.011246633529663,3.1861958742141723,0.3099638998508453,0.0522376839071512,0.3856128543615341,3.807996392250061,4.262232828140259,0.6391686975955964,81.77657928466797,26.006015396118165,18.53730010986328,3.3310707330703737,6.032622051239014,68.95332489013671,34.219617462158205,21.704594230651857,295.8529056549072,1416.6625627040862,2829.8771515124768,0.4240498090802347,100.22654390335084,66.92195014311001,121.01681928094476,262.6743846654892
30.990693616867063,18.98150649438612,37.63083038139157,19.01586402654648,4.801503896713257,3.275576686859131,0.3115848332643509,0.057465336099267,0.3825962632894516,4.070723295211792,4.387861871719361,0.6024411857128144,78.58245315551758,26.652271270751957,17.13748950958252,3.6109240293502807,6.026274299621582,72.80632705688477,33.09267654418945,19.87450008392334,290.1161509513855,1204.3969319224357,2503.2774937871377,0.4583689665735626,99.1543185710907,64.54619799461216,120.29171440377831,259.8466997861862
31.041488766670227,18.83722224724479,38.90988818313927,20.757177972793578,5.024653911590576,3.151507377624512,0.3167325675487518,0.0554333664476871,0.3889310985803604,3.917933535575867,4.182649230957031,0.6601972162723542,82.735107421875,25.865527153015137,17.389113998413087,3.439898729324341,6.021683263778686,71.73601303100585,32.51622352600098,21.843202209472658,297.5226185321808,1412.740548992157,2777.540423443378,0.4219943713891062,100.2353298187256,65.51405687686056,120.99018503967672,261.6566415309906
31.028940212726592,20.839389650546945,37.698043613997285,22.602332574129104,4.90746922492981,3.5917527437210084,0.3454466760158539,0.0617737960070371,0.3855350762605667,4.02268762588501,4.529584455490112,0.7133123874664307,79.5827865600586,29.17133560180664,20.1293306350708,3.802503108978272,6.056033802032471,70.74105529785156,35.57991256713867,23.693646049499517,293.4365808010101,1387.6655323028565,2697.9526937662567,0.4230927768375544,100.17741327285766,70.55129363052546,121.22497821506111,263.4358484983444
31.68115420341492,15.182409626455046,38.15273064647336,19.897693371772768,4.6730433940887455,2.4786448955535887,0.1532606974244117,0.0257527261972427,0.3867877393960953,3.8263965606689454,4.182993078231812,0.6463199317455292,79.73062744140626,21.622489547729494,9.030954170227051,1.6347760200500487,6.062807273864746,69.56250610351563,32.01479835510254,21.25253810882568,298.65691871643065,1286.5707477927208,2686.036503510305,0.3901075823466599,98.12231812477113,54.39594458285719,118.95910027492792,256.3468740940094
31.35449892282486,16.963750370708294,36.91937461902853,21.704806166887284,4.941921520233154,3.017686438560486,0.2709954380989074,0.0476604703813791,0.3867676496505737,4.1209859371185305,4.101130676269531,0.6752303183078766,81.77071685791016,24.411454963684083,15.331642150878906,2.969772124290466,6.032125186920166,70.82363433837891,33.16644973754883,22.536910629272462,294.0397299289704,1218.6478667736053,2543.9864764213444,0.4144723638504882,100.2650276184082,63.25534286908805,121.33399557005616,262.3636103630066
31.04343922138214,20.30967321682256,38.511759860022,19.997799700498582,4.553666830062866,3.57204225063324,0.3433391779661178,0.0596999786794185,0.3876619428396225,3.6853559970855714,4.350863456726074,0.5896384358406067,75.6292510986328,28.84087238311768,20.414560317993164,3.7741179704666137,5.997432708740234,68.24346618652343,33.47399291992188,19.93768196105957,298.9173555850983,1420.945325154066,2737.5496749361105,0.4559686838546867,97.17459392547607,68.28951491378248,117.7513152629137,254.93927924633027
31.99470272064209,14.66588617960806,37.31002914528362,20.580150002241133,4.6980804920196535,2.424327826499939,0.1043514266610145,0.0161147531121969,0.3881082504987717,4.103794717788697,3.944485306739807,0.6239353537559509,77.61085586547851,21.55258846282959,5.577718544006348,1.020374321937561,6.05492787361145,71.2305519104004,32.79015960693359,20.904440307617183,293.91610035896304,1210.8941885232923,2517.9424925490457,0.3603190629219384,100.36037735939026,55.58935055946931,121.63634661324322,262.9615032434464
32.54955267906189,19.005096047744157,37.66381163680926,20.125208848714827,4.7336729049682615,3.0936161994934084,0.2973255485296249,0.0557520885020494,0.38626549243927,4.08579568862915,4.316754531860352,0.5917448997497559,81.0739845275879,25.62279453277588,17.1839599609375,3.4888080835342405,6.040359354019165,71.93167266845703,33.13352546691895,20.09052257537842,297.6410114765167,1193.160997676849,2476.1946979499016,0.4089715305067471,100.25369911193847,64.17002309113741,121.46380640044808,262.5016650915146
30.21913477182388,20.44793565897271,38.558754364633934,20.74827688336372,4.598400402069092,3.571201944351196,0.3367528617382049,0.0593533549457788,0.3858772844076156,3.617735719680786,4.257031488418579,0.6295653402805328,75.74202270507813,28.932546615600582,20.01581554412842,3.713892412185669,6.062107038497925,68.08367462158203,33.69346542358399,21.093006134033203,297.8560465335846,1337.0734812736512,2718.279097792448,0.564370577846421,95.84819087982176,66.41753684375435,116.329727342166,251.4229306459427
31.447873973846438,19.94545969227329,37.25468099319842,21.11799950003624,4.96177487373352,3.645384931564331,0.3274396121501922,0.0565387763082981,0.3856486946344375,4.096240854263305,4.200491428375244,0.6162442088127136,82.99182968139648,28.90933475494385,20.39207782745361,3.4972025871276857,6.062209558486939,71.0620849609375,33.9949031829834,20.879952812194823,292.0171789169312,1221.0132022380828,2494.402045406104,0.4459225634887197,100.14511580467224,68.70587902609259,121.45454023759812,262.5286870718002
30.37276413440704,17.07007034868002,37.206197771127336,19.95240706205368,4.613252878189087,2.810134482383728,5.147374497124768e-13,4.265021853568828e-17,0.3832856446504593,3.749021434783936,3.9968369960784913,0.6491161704063415,76.65386505126953,26.18035259246826,1.5915624395658468e-14,2.700758008990819e-15,6.026049613952637,68.08334503173828,31.72846183776856,21.30019645690918,300.5337831974029,1389.3703209161758,2689.67926531423,0.3449261103876558,95.91995739936829,64.97194108963012,116.10736214071513,250.53837978839877
32.677086007595065,18.68935049425345,39.09795994453598,20.244097977876663,4.726656913757324,3.274004864692688,0.305709958076477,0.0553176909685134,0.3919158965349197,3.869764351844788,4.294848775863647,0.6568742156028747,81.46531448364257,26.39534702301025,18.074139976501463,3.520056438446045,6.035199308395386,70.44788665771485,33.69472961425781,21.54228401184082,296.7843136310577,1262.2984538555145,2581.1671324157737,0.436520562837282,100.22648758888243,65.34682391295209,121.50196596868336,262.77602791786194
31.616831922531127,17.09385698654223,39.446322707855145,21.2868102312088,4.793843221664429,2.9023610591888427,0.2293789699673652,0.040001630410552,0.3923584848642349,3.8280104398727417,4.103249025344849,0.6680901646614075,78.76506118774414,24.38528118133545,13.448461627960205,2.4679950714111327,6.052967166900634,70.16077880859375,32.45879020690918,22.19776382446289,292.8502197742462,1381.2848848819733,2765.0845712269424,0.4121965682390517,100.30229015350342,62.73162206709385,121.65437384601682,262.34438779354093
30.7799663066864,15.56047905125888,37.86986986168195,19.766607141494752,4.688496446609497,2.76221649646759,0.1974224165081977,0.0356014914810657,0.3856005072593689,3.7311495780944814,4.174819135665894,0.5691529750823975,77.99725570678712,22.93634662628174,11.966879177093508,2.2498052597045897,6.016814279556274,67.66314697265625,33.636209869384764,19.35548000335693,290.1275285720825,1256.419994544983,2656.0307478709847,0.4071124595872198,97.24867558479308,56.667590010445565,117.72751916069538,255.08623633384704
30.812574768066405,18.928307942836547,38.47118913414888,21.017593502998352,4.876428699493408,3.1932733774185182,0.3278559952974319,0.05290979295969,0.3881663262844085,3.975742888450623,4.117390775680542,0.6703761994838715,78.73967361450195,26.12946472167969,18.469181060791016,3.384047889709473,6.065294790267944,72.17645111083985,33.66822624206543,22.058733558654787,297.7912515163422,1189.6835767507553,2567.1853853540088,0.4413675944141967,99.58780369758604,64.62483752518892,120.78833269067108,261.12961208820343
31.020597076416017,17.137883616494946,39.88135700451676,20.793346840143204,4.888747262954712,2.977945566177368,0.2553840458393097,0.0428897719830274,0.3916755259037018,3.778421425819397,4.070538854598999,0.6810525000095368,78.80144348144532,24.454944229125974,14.864608478546142,2.720594382286072,6.025949478149414,70.35576553344727,32.9991268157959,22.27411060333252,292.9225980758667,1399.9317355453968,2803.1554615452537,0.3928942105702901,100.3110815525055,62.8285117818974,121.31896862704306,262.5715696334839
30.584769892692567,18.875143713853323,37.44777371631936,20.509798568487167,4.912474727630615,3.2200339317321776,0.3102795988321304,0.054532466083765,0.3943491518497467,3.9404998540878298,4.402414989471436,0.6074193835258483,81.94448318481446,26.305364418029782,17.452620697021484,3.3887688875198365,6.043697309494019,70.7859375,34.88424415588379,20.52095317840576,289.7822313308716,1250.3434450864793,2584.763819970278,0.4391870883974462,98.00299634933472,64.10625813268125,118.8322287220508,257.430277466774
29.75023641586304,20.723774418304675,37.2130412071012,19.845191723108293,4.937400436401367,3.789165472984314,0.3405453413724899,0.0595575731247663,0.3829837471246719,3.926943707466125,4.433039903640747,0.6311088979244233,78.83205490112304,30.186239433288574,19.96521453857422,3.698499083518982,6.018802165985107,69.07267990112305,33.852111434936525,20.859804153442383,290.21029748916624,1276.7424210548402,2591.675289221376,0.4505226655397564,98.00885109901428,69.61542499251664,119.23385989051312,257.442972111702
32.020901107788085,17.571778585016727,37.91677446491085,19.64828537106514,4.567613124847412,2.81900475025177,0.1904390797019005,0.030384449660778,0.390464773774147,3.8115057706832887,4.25933198928833,0.5904288649559021,78.19156188964844,24.659375190734863,10.429769134521484,1.9286898493766784,6.044396305084229,68.92907180786133,32.622380065917966,19.881093215942386,302.5066264152527,1443.1799813508987,2715.774154072808,0.3933324339140441,98.09642052650452,62.46740386169404,118.65988287273794,256.61052725315096
30.95199011564255,21.785385546681937,40.06638314346783,20.559554022550586,5.088273239135742,3.886775541305542,0.3438384592533111,0.0582999389618635,0.3914332091808319,3.9117345333099367,4.417246341705322,0.6269516229629517,81.27849044799805,31.21719284057617,20.52752933502197,3.713960862159729,6.038785171508789,71.87467498779297,33.99453163146973,20.955535888671875,289.15056257247926,1374.9270155608654,2715.825054069981,0.4829154483405823,101.68782296180726,71.32288006348536,123.5274789283052,266.84171936512
31.50766991376877,18.47957327365875,38.37271164632402,20.725352555513386,4.837402200698852,3.1001500844955445,0.291829890012741,0.0529754638671875,0.38582104742527,3.885325455665588,4.355529546737671,0.5832021951675415,81.1491928100586,25.48810977935791,17.36275520324707,3.3579169273376466,6.026314544677734,70.32012252807617,33.90913009643555,20.03061408996582,298.6295271396637,1410.0267928779126,2750.26177010315,0.5358675818965015,99.58892164230346,64.81790543049574,120.29243361223487,260.8029807329178
30.45802026987076,15.73068755606655,36.73921497524716,20.86598172783852,4.744722509384156,2.82373309135437,0.1861042976379394,0.0310760183259844,0.3852182149887085,3.9653160333633424,4.2552478313446045,0.6123143255710601,76.94509735107422,23.599336242675783,10.290887260437012,1.957784938812256,6.015621280670166,69.2210563659668,33.45243759155274,20.793073463439946,280.4884822368622,1203.5263308286667,2579.9809987083195,0.4262571102597355,97.9084928035736,59.497848592791705,118.86493419520556,256.9175431251526
32.09314913749695,16.790891934151297,37.8687696257839,21.09130449295044,4.737334966659546,2.965909314155579,0.2230099931359291,0.0386241879314184,0.3868500381708145,4.0184191226959225,4.20426344871521,0.6110365629196167,79.22195358276367,24.64097080230713,13.551952838897703,2.430679368972778,6.056493616104126,71.06316757202148,32.93697662353516,20.868456268310545,296.99391679763795,1272.6853298664091,2624.52536301298,0.4102661948572468,100.27653794288636,62.74577774368227,121.29009928405284,262.3845789909363
30.8719476222992,17.39809739845805,38.01916772495024,21.01816383600235,4.711586236953735,3.116715121269226,0.3141714245080947,0.0553448386490345,0.3926603198051452,3.7535804510116577,4.167418050765991,0.6470504820346832,77.48208465576172,25.004482650756835,17.252878761291505,3.487498331069946,6.038445377349854,67.45683364868164,34.49546241760254,21.51830291748047,289.3747496128082,1238.0986339688302,2622.475939317065,0.4487177665101306,98.07364621162417,62.06920581571758,118.89932349119336,257.7363115787506
31.35931395292282,16.596355525188848,37.30677264186088,20.734738904237748,4.6643435001373295,2.7950076341629027,0.1483172297477722,0.0243197206407785,0.386068731546402,3.996356105804443,4.090821218490601,0.6559452474117279,78.1871940612793,24.349548721313475,8.364809513092041,1.5468408346176148,6.058000707626343,71.62915802001953,32.7938346862793,21.670181655883788,296.96862716674804,1223.2189590096473,2555.729600013874,0.418105966247964,98.08654356002808,61.11061506154947,118.89137333445252,256.65073177814486
30.86236140727997,16.670403827395056,36.81358556286432,20.78803153038025,4.821329832077026,2.7177125453948974,0.1645335063338279,0.0291556829586625,0.3899348765611649,4.077041959762573,4.178750228881836,0.5965025007724762,78.58929138183593,23.664848709106444,9.363412380218506,1.8567932844161987,6.002858257293701,71.07588195800781,33.67120933532715,20.39618263244629,291.8635429859161,1203.0692329645158,2528.072615706874,0.3920535732503936,99.21480221748352,60.54405435197987,120.07890835832804,260.2330198049545
30.84299831390381,22.17051460356452,37.11979939693119,27.607271164655685,4.786800909042358,4.149990034103394,0.3367383003234863,0.060128329321742,0.3885305047035217,4.014315795898438,5.927606725692749,0.7507938086986542,79.72012634277344,33.01372261047364,19.41681861877441,3.728040623664856,6.046617555618286,71.87338256835938,49.64024047851562,25.764546394348145,296.6748411655426,1386.2489431023598,2654.1257132524743,1.3023565699346364,97.87759222984316,69.28330396451057,118.62332643456756,262.7665982484817
31.2163302898407,15.078879152872831,36.274139769747855,21.64338309168816,4.731216144561768,2.46087486743927,0.0977681182324886,0.0161914946511387,0.3874316662549972,4.042360830307007,4.078209304809571,0.6382330656051636,79.38838043212891,21.94189758300781,5.924889755249024,1.0310121297836303,6.037105751037598,69.86274108886718,33.60610160827637,21.63742027282715,298.68820519447326,1203.1344130277637,2536.7721936555754,0.3850160570692253,98.12135682106016,54.92964860848152,118.83863900173456,257.14577808380125
30.09960550069809,19.57419272279367,39.34054949742277,20.02215586900711,5.117276000976562,3.3105544090270995,0.3080012500286102,0.0584081720560789,0.3858547270298004,3.792957019805909,4.153488826751709,0.6317177712917328,80.30038375854492,27.04421806335449,18.04793491363525,3.673163652420044,6.0245757579803465,68.83188095092774,33.486236572265625,20.835838317871094,294.98639879226687,1415.2557891666888,2764.7642927555016,0.4113773946728187,100.69723887443544,66.47191730812192,121.76870241574944,263.82475011348726
30.79309948682785,16.350267998355257,38.51749779810198,20.256041890382768,4.738333511352539,2.7611363410949705,0.0001387511561915,4.107672012310104e-07,0.3917513579130173,3.783460903167725,4.122861623764038,0.6416848003864288,77.84652481079101,25.46838512420654,0.0019703085068613,1.7288505796386743e-05,6.034379291534424,69.86153182983398,32.92278289794922,21.19742908477783,297.30088768005373,1416.5554681658746,2764.4862796001776,0.3951838518404728,98.09320182800292,62.79551334086303,118.63742618784308,256.73563888072965
32.27596362829208,15.442705867800395,40.044117004820144,20.067066210508347,4.697687721252441,2.654106950759888,0.1947943523526191,0.0331152681261301,0.382113367319107,3.7655795574188233,4.280596113204956,0.6066561043262482,78.74411087036133,22.408056259155277,10.77125825881958,2.063594126701355,6.020446872711181,70.37979888916016,32.57216796875,20.431716537475587,297.1316527366638,1277.3703816890716,2714.759743692819,0.3890389694543252,100.34914746284484,58.1260180041194,121.2204210875556,262.50749762058257
30.02094073295593,21.23219086106401,37.4564998505637,24.334790349006653,4.640771150588989,3.828804445266724,0.3283283770084381,0.055763067305088,0.3839992761611938,3.6720696449279786,5.842686843872071,0.6850510179996491,76.2206657409668,30.89130992889404,18.18325519561768,3.4924805879592897,6.046503353118896,66.48174514770508,45.942544555664064,23.23247871398926,290.0159103870392,1338.9181289076805,2719.8582617540205,0.8867069051368162,95.761536693573,65.77608966566622,116.38714988715948,256.62473435401915
31.59357886314392,15.10655883233412,38.902096162945966,21.22351365089417,4.749929094314576,2.4779751300811768,0.1280425637960434,0.0220382671803236,0.3907716751098632,3.787121272087097,4.09239182472229,0.6198394238948822,80.30660629272461,21.716715240478518,7.717629384994507,1.4058435440063477,6.040187501907349,69.80590362548828,32.80094947814941,21.10395030975342,288.12433137893674,1241.126938736439,2689.7428397241515,0.3894864232415088,98.77475714683531,54.89012298034504,119.71148134879768,258.4674915790558
31.601659047603608,14.581799104460517,37.16995403014589,20.20366457104683,4.610565137863159,2.586731433868408,0.1504102617502212,0.0241611018776893,0.3840429544448852,3.919933319091797,4.041077280044556,0.6402877688407898,77.5906379699707,21.91660022735596,9.218496131896972,1.509224820137024,6.046374034881592,68.9420150756836,33.190603256225586,21.03394279479981,287.55686349868773,1151.7333625078202,2506.723512585572,0.4024267428206336,98.14628648757936,54.6456483302638,119.1484929488972,257.35368757247926
32.14210661649704,13.19741038238917,38.21157749344129,20.32514852881432,4.59870228767395,2.4137078285217286,0.0017220251262187,0.0003898940150975,0.3878825485706329,3.7728461027145386,4.019117498397828,0.5813480257987976,79.28779525756836,21.662175178527832,0.1227780722081661,0.024858889915049,6.047087049484253,68.2499984741211,31.58204593658447,19.891763496398926,292.37377777099607,1432.6136519968509,2817.7383844959086,0.3731911307034892,98.35175004005433,53.29685657566224,119.1410928055644,256.7135670185089
29.378389382362364,18.200716010871112,37.008115920145066,19.75386583805084,4.761238431930542,2.9555729389190675,0.0916223026812076,0.0148946360684931,0.3876905173063278,3.7357593059539793,4.220650243759155,0.560384601354599,76.49815139770507,26.773435401916505,5.489388608932496,0.9432025969028472,6.062655305862426,67.01033020019531,33.785606384277344,19.109738540649413,295.53796992301943,1332.7865252137185,2658.494938522432,0.4109034158916884,95.87545237541198,65.13848628168925,116.38079164903613,251.67302598953248
31.848579812049863,15.462191876256838,38.26042011245154,20.913782608509063,4.888929271697998,2.6221526145935057,0.1922178715467453,0.0332242738455534,0.3902265459299087,3.935150742530823,4.189206933975219,0.6577707648277282,82.40642013549805,22.13244972229004,10.880388832092285,2.111938142776489,6.023649501800537,69.9647705078125,33.1227668762207,21.834603118896485,287.83550157546995,1242.4561938643456,2630.926466452208,0.4029644726815604,100.29838767051696,57.338087127171455,121.36841783337294,262.4973175287247
31.608314180374144,17.111732408520766,37.47299622138962,19.89934040904045,4.582050895690918,2.8552559852600097,0.2446184992790222,0.0412110269069671,0.3852683365345001,3.91687285900116,4.384715509414673,0.5896533787250519,76.93028259277344,23.82905387878418,15.093134021759033,2.617468166351318,6.0381254196167,69.89212493896484,33.54222717285156,19.979874420166016,289.99115562438965,1242.973249053955,2582.2279399715712,0.4271754967210704,98.11072082519532,59.77890282450244,119.02016024757177,257.4632943868637
31.103096783161163,18.36971444305964,39.22742764034774,21.193982523679733,4.915388298034668,3.133625054359436,0.3066377520561218,0.0551020506769418,0.3870663017034531,3.914516544342041,4.092945575714111,0.6856979846954345,79.9879150390625,25.523894691467284,17.224365997314454,3.464303493499756,6.048083114624023,71.7528190612793,33.00692176818848,22.54292068481445,291.3246793270111,1377.5005775868892,2742.871993134887,0.4156357250116038,100.24179487228392,64.30526890326291,121.63471746519208,262.541257929802
31.858192241191865,14.408693555532954,38.63582803241443,21.60153192281723,4.66123743057251,2.418318247795105,0.1398998901247978,0.0253185503184795,0.3848628312349319,3.746324753761292,4.126156759262085,0.6174790740013123,80.14703826904297,20.897823905944826,7.801506853103637,1.5641760110855103,6.058059597015381,68.79125366210937,33.07985229492188,21.166798782348632,296.0681077003479,1292.04987500906,2741.232786190376,0.3942822770659013,98.12311854362488,53.03308218894527,118.91586577184498,256.84115579128263
30.1529322385788,19.77443661140278,37.01598884135019,19.14328244328499,4.93352255821228,3.3628361225128174,0.330557233095169,0.0568484865128994,0.3894412755966187,4.027695274353027,4.384347152709961,0.6072965919971466,80.52555389404297,27.52656993865967,18.59422550201416,3.514019083976746,6.050420761108398,71.63280944824218,33.5901741027832,19.98211803436279,291.8054039001465,1239.6877160310746,2523.356291619269,0.4608549031185674,98.01352229118348,65.31630767732858,118.89001646898689,256.8433955669404
31.293912065029144,16.32343074977398,37.26725895735435,19.69276893734932,4.542961168289184,2.674020791053772,2.6865810650279024e-16,4.1216411455157435e-17,0.388236853480339,3.71427960395813,4.067902994155884,0.6297898828983307,78.5881332397461,24.96738967895508,1.5346301195150272e-14,2.611160494368683e-15,6.018139123916626,67.53766174316407,32.08186569213867,20.780392837524413,303.550483751297,1419.3059422016145,2712.6759250064147,0.3538501738131764,95.911896276474,63.82554950714111,116.02310947552324,250.58111548423767
30.7246509552002,20.93082038888242,37.41452529025264,20.725538623332977,5.018215227127075,3.4775095701217653,0.3327607452869415,0.0542149420827627,0.3847920387983322,4.091757202148438,4.374765920639038,0.6178108990192414,81.19721069335938,28.741221046447755,18.196871757507324,3.382734560966492,6.044815492630005,70.91723098754883,33.91129608154297,20.847189521789552,295.3194277763367,1192.78493745327,2488.9875702637714,0.4327332889898713,100.19143314361573,67.36040501073003,121.82775682229548,263.0187693834305
30.16970986127853,17.076227906345906,38.26582565132994,19.603178304433825,4.8413698196411135,2.895372724533081,4.5749890265067694e-10,5.255433589817191e-17,0.3891940265893936,3.754973125457764,3.906157326698304,0.5874362111091613,77.92097549438476,26.696434020996094,1.1037371927882788e-11,3.3215163746606185e-15,6.003880739212036,68.44938735961914,31.76734848022461,19.72820053100586,293.93344831466675,1321.7141324520112,2673.6660339209425,0.3538452662545633,98.1127453804016,68.02685866355975,118.55854783114046,256.275546336174
31.204891645908354,16.64672155099688,37.25167909422889,21.296048659086228,4.671423244476318,2.920684576034546,0.2621851831674576,0.0439285289496183,0.3873594850301742,3.895965147018432,4.065267324447632,0.6322254538536072,77.62340927124023,23.775995635986327,15.21434564590454,2.7574562072753905,6.005032634735107,69.29632873535157,33.89403305053711,21.296041107177736,300.19518213272096,1299.9212875008584,2665.2569891366998,0.409435037672214,98.150838804245,60.11207669069991,118.53463230207562,257.3555631637573
32.00359224081039,16.900207943783606,36.22944954908453,19.72041305303573,4.617620897293091,2.963035345077514,0.1821117356419563,0.0310555571690201,0.3852879524230957,4.045747137069702,4.216733932495117,0.5553295016288757,79.61037902832031,25.09491024017334,10.683421230316162,1.9429626226425167,6.016269063949585,69.89302139282226,33.34087371826172,19.06093273162842,298.4961352348328,1205.0002657175064,2476.458822653303,0.4067906957123696,98.06693458557127,62.75487213674933,118.712334276177,256.9613026380539
31.262604689598085,18.320499616255983,37.89671122701839,20.27967603802681,4.760678911209107,3.1606879234313965,0.3299069881439209,0.05455809161067,0.3885602384805679,3.803659963607788,4.332371616363526,0.6494220495223999,80.57334213256836,25.5993127822876,20.20781574249268,3.3907195329666138,6.008549547195434,68.21577453613281,34.291391372680664,21.380682373046877,287.41390266418455,1239.4789900660514,2568.9636984423387,0.4329811378668274,98.04743332862854,63.72787748202681,118.97866085041316,257.55470151901244
30.897151362895965,20.767385485291012,37.69326203262899,20.77247747182846,4.928838348388672,3.609454488754273,0.3295177638530731,0.0588376197963953,0.3893067419528961,4.051009702682495,4.188199043273926,0.6391930520534516,79.50526885986328,29.240062522888184,18.7741641998291,3.739378619194031,6.045157814025879,71.37866592407227,33.248025512695314,21.33478527069092,293.8380244731904,1398.0514003157616,2672.99214344786,0.4184894400291021,100.21876249313354,69.81585493069142,121.34680697303266,262.39758265018463
30.574702703952788,18.89235452231951,38.76762928983662,21.181901520490648,5.063939809799194,3.4430280923843384,0.3265174508094787,0.0565307062119245,0.3859511584043503,3.937794232368469,4.212595367431641,0.6674343228340149,81.7552101135254,27.40262050628662,18.99019603729248,3.554154872894287,6.042892456054688,70.98576736450195,33.62107162475586,22.09789447784424,285.125102519989,1218.7254781961442,2601.953869851161,0.4388597215559592,100.19745616912842,66.70645792838187,121.6934166956693,262.7081156730652
29.5732017993927,17.26325996327796,38.07292868122458,19.152670437097548,4.836600828170776,2.9352989912033083,0.1939708232879638,0.0320733174681663,0.389859539270401,3.7592203617095943,4.331440877914429,0.5892418444156646,77.68142929077149,25.05170993804932,11.678996753692626,2.043726110458374,6.016980838775635,69.42762985229493,32.857090377807616,19.659954643249517,290.08987669944764,1227.839378941059,2631.956934698753,0.4284062698256015,96.7897747516632,61.76790628703312,117.3333899371326,253.4983644247055
32.033533132076265,13.998475566506386,37.74892327515408,18.992090344429016,4.514200639724732,2.3546355962753296,2.31335092577599e-16,3.6411739815460324e-17,0.3884362548589706,3.724369382858277,4.101761531829834,0.5979887306690216,78.28340225219726,21.76273365020752,1.4354109247109683e-14,2.3015627100155368e-15,6.013899135589599,67.38735427856446,33.03997573852539,19.732495880126955,299.1209775447845,1428.4864480018616,2730.514980780776,0.3698127897449666,97.2721749305725,54.230753326416014,117.5781536942348,254.7845732688904
30.44759020805359,19.731741194194186,39.131470409757455,20.38711946606636,5.059595346450806,3.187308502197266,0.3319978296756744,0.0583826895803213,0.3925161570310592,3.798586535453796,4.203367614746094,0.5929410099983216,81.00451278686523,26.390594482421875,20.553068161010746,3.681939816474914,6.034884405136109,69.09936752319337,33.98074913024902,20.116471672058104,292.1648402690888,1449.96468013525,2798.868268459989,0.4300322948608105,100.23068723678588,67.51809367779643,121.16653884015976,262.77658772468567
31.894072508811952,16.737226334167644,38.26930940935854,20.729778742790224,4.838173246383667,2.688529753684997,0.2063953608274459,0.035100033506751,0.383769291639328,3.954035043716431,4.081402444839478,0.6872409880161285,81.15830917358399,23.185275268554687,12.524817276000975,2.178772449493408,6.029964876174927,70.64843978881837,32.373834228515626,22.438203430175783,297.23429174423217,1271.229104590416,2622.4372079975496,0.3764069322131135,100.29743151664734,59.789347004983576,121.1233560938388,262.0000492572784
31.005196928977966,16.115579238370994,37.228450634144245,19.420028245449068,4.657683801651001,2.9796181440353395,0.1440438359975814,0.0226334553211927,0.3891044974327087,3.900393533706665,4.245619821548462,0.5648601174354553,78.3935546875,25.269462966918944,8.554007148742675,1.422384762763977,6.039451026916504,70.34088897705078,33.86183662414551,19.097912406921388,290.21447653770446,1223.841532421112,2562.615827572881,0.4201103966200861,96.97153906822204,61.65207607611082,117.61135447900742,254.4892956495285
30.33040293455124,20.71176964448532,39.01590030021034,20.50676500201225,5.023288297653198,3.446363019943237,0.3491427719593048,0.0554776139557361,0.3892954558134079,3.8481125831604,4.390433025360108,0.6529360055923462,79.53302383422852,28.313709259033203,20.905552864074707,3.522335171699524,6.025461530685424,69.96113357543945,34.16377563476563,21.577463722229005,293.9477375984192,1402.2481664478778,2720.1781856829534,0.4459785883968593,100.22825860977171,68.03694413807243,121.20784440357238,262.8892727851868
31.300018751621245,21.5776696770452,38.882682213466616,21.820345175266265,4.660140371322632,4.03044958114624,0.3357418805360794,0.058212910592556,0.3864787012338638,3.785905957221985,4.479784440994263,0.6370402634143829,78.04074172973633,31.924373817443847,19.88902339935303,3.64415602684021,6.070918035507202,70.26552810668946,35.46925506591797,21.586682510375976,291.2874278068542,1305.476803946495,2706.246385332226,0.6316542733460665,97.96835799217224,69.30189476665109,119.1343168091029,257.8019375085831
32.04134584665299,17.20320469889557,37.670784681523216,19.469275587797163,4.6429605960845945,2.982287168502808,0.2463213846087455,0.0391433179378509,0.3829935222864151,4.059604406356812,4.163193798065185,0.6317796826362609,78.54624938964844,24.82727432250977,14.523210716247558,2.4470909595489503,6.024582052230835,72.7307960510254,33.049132919311525,20.666366195678712,293.6304485797882,1183.4910982728004,2461.4398065901187,0.3906672347633687,99.17942295074462,63.08422060804442,120.22128015980124,259.92213282585146
30.36483262777329,20.08846868791152,37.63011819317471,20.3471115231514,4.88352336883545,3.23126871585846,0.3239648073911667,0.0557266172021627,0.3880738466978073,3.9221438646316527,4.328690528869629,0.5876238167285919,80.05163879394532,27.00125293731689,18.275963401794435,3.456116962432861,6.035516405105591,71.08572769165039,33.674055862426755,20.01597900390625,300.3187445640564,1295.6639709711076,2628.018663629552,0.4393652964066952,98.03777542114258,64.15536060687154,118.52692536208778,256.7256555557251
30.608623957633974,18.512937368790155,38.297737954882905,20.68612825870514,4.999166488647461,3.136968994140625,0.3140622019767761,0.0533129479736089,0.3844244003295898,3.957868528366089,4.166369342803955,0.6523528277873993,80.06601791381836,25.5253963470459,19.297809219360357,3.371038818359375,6.044632816314698,70.66900329589843,34.077510070800784,21.57586536407471,294.2987291812897,1267.0417266845702,2625.49545081823,0.417689305373743,100.2503583908081,64.94781690333039,121.2769382962957,262.9765975475311
30.24054914712906,17.755573892116082,36.77106530589517,21.663496094942094,4.953143739700318,3.064081835746765,0.2855950802564621,0.0535495802760124,0.3864060789346695,4.093944692611695,4.377907752990723,0.6205616593360901,79.24937438964844,24.82411766052246,17.13842906951904,3.3836790323257446,6.040189123153686,71.0103973388672,33.77387199401856,21.3258415222168,293.1988029003143,1147.7579533934593,2530.070903130091,0.4424355559234371,99.16910591125487,63.02612636834383,120.25802738554776,260.0071791410446
31.536209094524384,17.769997162767687,39.51631685905159,20.771924966573717,4.884260988235473,2.972770261764526,0.2477471008896827,0.0413278486579656,0.3889689296483993,3.783972883224487,4.024167537689209,0.6373948216438293,80.99130477905274,24.895634841918945,14.68815336227417,2.592950367927551,6.056048059463501,69.62619552612304,32.24610824584961,21.297393608093262,295.4605593204498,1398.861285483837,2774.1386351133287,0.3978564058663444,100.25023312568663,63.95927911130711,121.2338942149654,261.81424858570097
30.608839678764344,17.843369054235517,38.024388781259766,21.46106143593788,4.817612361907959,3.020454406738281,0.3020123749971389,0.0505380116403102,0.3904046952724457,3.7874345541000367,4.323058557510376,0.6207693457603455,79.25668869018554,24.8677885055542,18.491411209106445,3.210873246192932,6.032363843917847,68.32705001831054,33.94295654296875,21.213896369934083,297.24634470939634,1278.3973567008973,2686.467113588215,0.4329864184720847,98.06651673316956,62.26430765902624,118.87294214591384,257.24643285274504
32.06178846359253,17.52582317730412,39.576416937890464,20.26595156788826,4.754787254333496,3.174452519416809,0.3109973549842834,0.0517876178026199,0.3923738270998001,3.7826380014419554,4.183685255050659,0.6217101514339447,79.61495437622071,25.30555839538574,17.433649826049805,3.217392420768738,6.051538276672363,69.39967346191406,32.5875358581543,20.81047878265381,292.622944688797,1388.5234140992166,2758.432667403709,0.4141411200628923,100.25727114677429,64.0721572149545,121.5825514037162,262.32373306751253
31.365887415409087,19.734989693085662,39.219033219083215,21.351940077543254,5.0740314483642575,3.4486177444458006,0.3347440183162689,0.056625035777688,0.3925692319869995,3.9898224115371694,4.358317995071412,0.6178879737854004,81.40678176879882,27.77112293243408,20.375231552124024,3.588435316085816,6.033497476577759,70.85866622924804,34.65292663574219,21.07834873199463,291.07915024757386,1369.826770621538,2702.3574178929207,0.4289739732929185,102.41067533493042,68.7408618317917,124.22686129305512,269.10969512462617
32.64569007158279,19.6637506760424,39.770388690498656,19.278282111883165,4.71402530670166,3.3784880876541137,0.3503718167543411,0.0559048455208539,0.3905649870634079,3.7650542497634887,4.331489086151123,0.5537136375904084,80.98988647460938,27.392169189453124,21.21995620727539,3.525256419181824,6.037037515640259,69.9916976928711,32.77885932922364,18.89978771209717,298.6665155887604,1414.7169671416282,2723.647286766273,0.40804986202116,100.21577644348145,68.3917306303978,121.0653798153624,262.0473454475403
31.782457077503203,20.561440658336505,37.77363030309789,21.05408818721771,5.021570539474487,3.5206127643585203,0.3274688392877579,0.0587239280343055,0.3870641350746154,4.234947443008423,4.263061141967773,0.6734273135662079,81.74250946044921,28.605914688110357,20.130245208740234,3.7237172603607176,6.016440916061401,72.5365379333496,35.00264892578125,22.095811080932616,295.3571877002716,1166.0691504478457,2439.946685934346,0.4266499487948138,102.41072263717652,69.63713493663818,124.42881260495632,269.5058429479599
30.73331184387207,18.368654622719625,39.78570758979768,21.41366673707962,5.057962417602539,3.1583015441894533,0.3297135263681411,0.056967831030488,0.3889143407344818,3.776454186439514,4.290783786773682,0.6516278088092804,82.26191864013671,25.62812366485596,18.70415096282959,3.629989266395569,6.034837150573731,70.25290908813477,33.67419319152832,21.95812816619873,297.64302225112914,1437.2300513982773,2880.595030816895,0.4225918625829898,100.22835960388184,66.17954497784376,121.1087440557778,262.3953848361969
30.68398629426956,17.96659423178062,38.22487017235253,21.577983075380324,4.971618413925171,3.171647500991821,0.3024384409189224,0.0525021571666002,0.3858579248189926,4.0598464012146,4.162867212295533,0.6339951813220978,79.66023101806641,25.485514450073243,17.956861686706542,3.2538713216781616,6.041841745376587,72.82978210449218,33.64234504699707,21.499177551269533,285.58652701377866,1238.2220667123795,2620.982701013173,0.4400742010197476,100.25238833427429,64.25878134667873,121.5055853817612,262.825950050354
31.6614173412323,16.936361385171768,38.557448826101606,20.80666606426239,4.7303736209869385,2.718117833137512,0.2299428164958953,0.0406407084316015,0.3871559172868729,3.807851600646973,4.06033148765564,0.6197195947170258,80.50320663452149,23.092545127868654,13.650695610046387,2.585586190223694,6.04026985168457,69.82420272827149,33.69177742004395,20.797951889038085,303.53884501457213,1272.6791235566138,2649.344612660655,0.4140345251848167,98.52918519973755,58.668441220838574,119.26492233704776,258.19458277225493
30.54731721878052,18.16910175874364,38.15422867040616,21.17602953910828,5.04341197013855,3.195751929283142,0.3255150914192199,0.0571220602840185,0.3853297352790832,3.96053352355957,4.136100769042969,0.6959839284420013,80.97032165527344,25.729476356506343,18.52657279968262,3.635246753692627,6.032381153106689,70.13285369873047,33.460364151000974,22.730250740051268,285.9304962158203,1223.0097536087037,2591.105900957255,0.4167229867778694,100.25360503196715,64.72716843513771,121.4508256547153,262.6768321514129
30.64675191640854,18.686853057704862,37.34506552515086,20.332507365942,4.897348880767822,3.188755607604981,0.3302746772766113,0.0561975970864295,0.3854273587465286,3.979168820381165,4.338199329376221,0.6001627504825592,81.75817489624023,25.952109336853027,19.375400161743165,3.574704647064209,6.032667827606201,71.3353485107422,34.236145401000975,20.307915687561035,292.0496515274048,1248.8411707162857,2586.9046991407813,0.4379508495060819,98.02272548675538,64.65795535016805,118.81325381342322,257.1544012784958
30.0039797782898,19.417699067678768,38.379514646204186,20.70516970157623,5.020243358612061,3.178838896751404,0.3097727328538894,0.0572011649608612,0.3887323766946792,3.857915186882019,4.234375095367431,0.6553879380226135,80.0008644104004,26.25100250244141,18.840308952331544,3.618845081329346,6.023469018936157,69.71833953857421,32.979898834228514,21.702137184143066,294.05265583992,1253.8038665533063,2635.438045643567,0.424348528393034,99.15617079734804,65.07955461721868,120.10244279876352,259.53159656524656
32.088519632816315,15.444368120096623,37.9413629517192,21.141352897882463,4.722406339645386,2.6620059490203856,0.1885819166898727,0.0333787694573402,0.3859886586666107,4.046552944183349,4.035836696624756,0.6679410696029663,78.7161880493164,22.41740493774414,11.463119983673096,2.0722506284713744,6.0529814720153805,71.44655990600586,33.63363342285156,22.09027366638184,297.4536248683929,1251.556204521656,2619.241703612957,0.3698530780058256,100.3205882549286,57.82560254484415,121.72310861814768,263.30412938594816
31.22233349084854,18.195627021451948,39.01445965862367,19.54474040865898,4.927694702148438,2.877732014656067,0.2510032624006271,0.0443984817713499,0.3892321586608886,3.786730098724365,4.16465835571289,0.5997566640377044,80.75880355834961,24.598556518554688,14.90344820022583,2.8200461626052857,6.016519927978516,68.51350936889648,32.76663322448731,20.004758834838867,292.5159106731415,1252.6600215554238,2600.882382223557,0.3999195815575674,100.27841367721558,63.66960460040718,121.06617449652404,262.27349214553834
30.264615309238437,16.01777136392193,38.34012528022286,20.44344471693039,4.874554920196533,2.5925979137420656,0.2009383901953697,0.0318409413099288,0.3823296904563903,3.809762978553772,4.08581976890564,0.613708621263504,79.14181747436524,22.34556179046631,11.758124542236327,2.025822114944458,6.024212837219238,70.07845764160156,33.67674522399902,20.56055240631104,292.1808107376099,1287.5488780498504,2686.6408147532084,0.4076354754977537,98.15265936851502,56.71229882119224,118.47390304729342,257.0968174219132
32.08465211391449,16.783684323891066,37.61371704847552,21.262484085559844,4.849021434783936,2.724245429039001,0.110502103716135,0.0177200702950358,0.3944881498813629,4.067681980133057,4.089228296279908,0.6704404056072235,82.39870910644531,24.389016532897948,6.483257722854614,1.12306866645813,6.0472324848175045,72.06623001098633,33.9248046875,22.202719497680665,303.01061205863954,1220.0632939219474,2535.3164766161703,0.3865095758164223,100.25048842430115,62.495782264322045,120.98758985120804,262.4818818092346
30.890797674655914,18.054758342256537,38.3627992097754,20.484521025419237,4.760550308227539,3.048512458801269,0.1193413116037845,0.0197249991819262,0.3868847519159317,3.718551945686341,3.953313374519348,0.622468364238739,78.89522552490234,27.099343681335448,6.5550840377807615,1.2234198093414306,6.016573905944824,67.38108749389649,32.960425186157224,20.80048923492432,293.61615109443665,1294.0358751416206,2668.9023550027982,0.3965216409864137,98.0711621761322,67.65569171486422,118.8671113871038,256.90397329330443
31.89867106676102,14.379974542850231,39.940212453901765,20.65313504934311,4.858351421356201,2.4031040191650392,0.0030062368372455,0.0006207430793438,0.3884522199630737,3.799421906471253,4.160900497436524,0.594234037399292,81.79156341552735,22.159538078308103,0.1984779775142669,0.0400418560951948,6.064982175827026,70.99988250732422,33.75707321166992,20.2907958984375,289.43780727386473,1420.4890806913377,2855.821471334581,0.3707111757204074,100.281964302063,56.0066442107789,121.37086630705744,262.8419093370438
30.805100071430207,19.986029256694017,39.5371643855935,21.492917335033415,5.038711452484131,3.340686869621277,0.3271213322877884,0.0609610576182603,0.3850509256124496,3.828692626953125,4.1277814388275145,0.6631980776786804,82.0991600036621,27.39818630218506,19.039805221557614,3.781856441497802,6.028172016143799,70.91658935546874,32.83459396362305,22.197337341308597,297.076470041275,1410.3712871074677,2788.9698262792544,0.3956395968683118,100.20677886009216,69.52442755308002,121.08971965871751,261.8899394273758
29.49381457567215,20.70758947622962,38.36676949909888,20.02705966830253,4.991088724136352,3.73620982170105,0.3470867753028869,0.0620834909379482,0.3850385516881943,3.77534875869751,4.410795593261719,0.5956964313983917,79.13043060302735,29.926792335510253,19.93299980163574,3.889611792564392,6.020457077026367,68.45070571899414,34.60569534301758,20.056683158874517,291.5659410953522,1278.4771896123889,2666.399060945376,0.4601350339828059,97.99766345024108,69.24181868191809,119.19279780127108,257.84528906345366
29.87401101589203,18.97659042988671,37.03899770448916,19.527381014823916,4.9009276866912845,3.0385708093643187,0.2204869002103805,0.0396126873791217,0.3858293354511261,3.9849148273468016,4.124638319015503,0.6016904294490815,78.24418716430664,26.34528579711914,12.286592388153077,2.5217954874038697,6.027629852294922,70.86436614990234,32.46837120056152,20.05864315032959,294.87323865890505,1313.403159916401,2635.114273233275,0.4144938267075909,98.0972707271576,66.94964420786127,118.60784538965672,256.4972053050995
32.383857095241545,19.300238208821973,37.88927512138616,19.90763868689537,4.759336614608765,3.206693196296692,0.3170327335596085,0.0558488972485065,0.3859786987304687,4.014540147781372,4.381200122833252,0.638241070508957,81.12422790527344,26.295452690124517,19.56393508911133,3.4572017908096315,6.032948541641235,71.04517822265625,33.79515113830566,21.018101310729985,303.5340015411377,1259.437675178051,2534.557213239465,0.4293246030793725,100.2445918560028,65.54632790386677,121.22312328666447,262.71040518283843
30.35180484056473,20.449828852387142,37.57336697806604,19.69626717567444,4.92053861618042,3.558399200439453,0.346039417386055,0.057514626160264,0.3879224866628646,3.869302010536194,4.371589422225952,0.5735232651233673,81.15216674804688,28.75596160888672,20.87308521270752,3.658344912528992,6.062435245513916,69.09194259643554,33.53952522277832,19.480621528625488,295.3119410514832,1301.3746610760688,2675.4245494824254,0.4875175516237505,97.97559204101564,69.33134552538395,118.95149405468256,256.78146097660067
31.82084959745407,14.88533636527718,37.25195226676296,19.609483003616333,4.67953782081604,2.442799592018128,0.1206419043242931,0.019623739644885,0.3857714116573333,4.044069099426269,4.324527931213379,0.6410917997360229,78.2925796508789,21.587302589416502,7.51277379989624,1.2429268836975098,6.033554553985596,70.98672943115234,33.51916275024414,20.985441398620605,287.42259154319765,1222.9959189891815,2537.5274593167355,0.3783631913773888,99.24786529541016,54.73493015486747,120.3175647728145,260.3970942258835
30.58718250989914,17.57678808865603,38.8360706018284,22.55510365366936,4.977770900726318,2.94199595451355,0.2483962029218673,0.0398719929158687,0.3890197217464447,3.924773406982422,4.198332500457764,0.6433432281017304,79.37715911865234,24.74524669647217,14.518970394134522,2.540475678443909,6.019277954101563,71.09805068969726,34.00757255554199,22.127009391784668,291.8401686668396,1397.3708098888396,2809.669551747758,0.4128079405930549,100.27152462005616,63.66369658838958,121.51441404670476,263.15953254699707
30.180641841888427,15.859848314069676,39.33427056593355,20.735167056322094,4.951184415817261,2.5793630361557005,0.1763925522565841,0.0309951979666948,0.3837416648864746,3.7230474948883057,3.994589400291443,0.630990082025528,79.86450729370117,22.31453304290772,10.933731365203858,1.9467169404029847,6.041006851196289,69.18904571533203,32.6645092010498,21.1164758682251,286.4393371582031,1248.1578744769097,2709.2295018429286,0.3831515467676453,98.7727882862091,56.54762166924775,119.7081139056012,258.4576093673706
30.755839622020723,19.1234534336254,37.164151989133096,20.594850689172745,4.835222387313843,3.2336416006088258,0.3330653458833694,0.0534506559371948,0.3865840166807174,3.992637276649475,4.253871440887451,0.6050918698310852,80.46308670043945,26.38053321838379,20.54917106628418,3.394030714035034,6.031900310516358,71.04942245483399,34.698193359375,20.41386928558349,295.89101338386536,1297.1746403455734,2600.0849303814584,0.4534837608069985,98.03597049713134,64.46735096359626,118.9291733738035,257.591759967804
31.254997813701628,20.335039319773205,38.1258702798048,20.774868124723437,4.957699251174927,3.589387226104736,0.3522490918636322,0.0557893216609954,0.3925113707780838,4.024515485763549,4.316717481613159,0.6034343957901,81.93439102172852,28.90241928100586,21.01568183898926,3.497955298423767,6.03638391494751,71.96103744506836,33.086160278320314,20.56072425842285,290.98846621513366,1232.5479659080506,2556.553930987645,0.4583892439750784,100.17892498970032,68.72989895548672,121.33061750605702,262.08870749473573
30.97170169353485,19.01664461458568,38.13454862874933,19.68233087658882,4.796212863922119,3.489474868774414,0.3285635530948639,0.056957770884037,0.3936339020729065,3.833010196685791,4.315835905075073,0.6190698981285095,80.36920776367188,27.66681823730469,20.171503257751464,3.5391830444335937,6.046849298477173,69.3580825805664,32.78965873718262,20.50668334960937,290.54095005989075,1280.167171239853,2632.483549616888,0.4438164633419837,98.01205310821533,65.81180567666888,119.30822894051671,256.7293237924576
32.29152525663376,14.690189537260448,38.70222171607893,19.62639423012733,4.717005872726441,2.471109962463379,0.0983050867915153,0.0161705946549773,0.3874084651470184,3.830411434173584,4.16636061668396,0.6358310401439666,79.34361343383789,21.75107879638672,6.205902433395385,1.0200350046157838,6.038894701004028,68.62512893676758,32.19573822021484,20.904033660888672,294.059885931015,1275.6342058062553,2632.94543323326,0.3592091645897703,100.34690375328064,55.322055546892805,121.23130178581924,262.2812518596649
31.1275736451149,20.69661900396459,37.69470255451743,19.93258033394813,4.94829568862915,3.8201223373413087,0.3306842863559723,0.0581183511763811,0.3867658138275146,4.062979650497437,4.45476803779602,0.593232947587967,81.18290328979492,30.41922721862793,18.35311393737793,3.597188496589661,6.0678283214569095,71.60049133300781,35.20534820556641,19.932800102233887,294.2971065044403,1217.1321402311326,2509.7861287145997,0.49138757974683,100.13734774589538,68.89355359300971,121.37390748467296,263.2221570968628
31.1244655251503,14.14943513815524,39.05323637621477,20.777168416976927,4.932585668563843,2.5769179821014405,0.1618199557065963,0.0276692012324929,0.3844155341386795,3.881653809547424,4.121020221710205,0.6317745566368103,80.4176254272461,21.550686073303225,8.890187168121338,1.735880434513092,6.049175119400024,70.50028381347656,33.78865127563476,21.12932586669922,288.4611684799194,1232.5517852663993,2679.3237577906752,0.3962697219441992,100.30835590362548,55.47724904995412,121.51970020178706,263.11239490509035
30.91331551074982,16.399615582090338,38.20257296685595,20.27351642251015,4.89882526397705,2.656630635261536,0.2269479647278785,0.0394604686647653,0.3910741448402405,3.9293746948242183,4.061820125579834,0.6090183556079865,79.98848419189453,22.58068904876709,12.665497779846191,2.473079371452332,6.019289541244507,70.5751968383789,31.649456405639647,20.543877410888676,286.8396194458008,1245.2094729304313,2614.3134683544517,0.3733536635539778,99.44606776237488,58.3968934122473,120.47672977857292,259.7003360271454
31.624693036079407,15.45159861886059,38.11433143035974,18.925735557079317,4.627213096618652,2.4787065267562864,0.1183463789522647,0.0184002930298447,0.3928555995225906,3.804540920257568,4.19434871673584,0.5750182330608368,78.09844970703125,22.136536598205566,7.110101413726807,1.1614372253417968,6.039072418212891,69.24754180908204,32.666281127929686,19.230290985107423,298.73485255241394,1312.7181049823762,2641.9562587129767,0.3779000928175747,98.16787300109864,55.47555329501629,118.7172507656738,256.901277589798
32.22483838796616,12.642522209896704,38.47173886208329,20.631659239530563,4.60288519859314,2.2482042789459227,1.8453974917065358e-07,1.6962620336125056e-10,0.3887535899877548,3.849932241439819,4.0778217792510985,0.6558974266052247,78.86919631958008,20.388866424560547,1.0488620375781466e-06,4.380965590300434e-09,6.0242525100708,70.576904296875,32.6627082824707,21.7146276473999,297.1469477653503,1419.0049149513245,2818.095406781562,0.3643653688877265,98.82521076202391,51.00080286915276,119.49998599607495,258.5001423597336
29.932432973384856,18.346404665429144,37.80263823589776,20.048412132263184,4.879226160049439,3.10949227809906,0.3304072320461273,0.0564791183918714,0.3876507341861724,3.8364112854003904,4.117132425308228,0.6325984239578247,77.97349090576172,25.34830017089844,19.861545181274412,3.5338011503219606,6.034678840637207,68.89409255981445,34.01499938964844,20.814474296569824,288.7605346679687,1242.3983303785324,2596.415255820076,0.4427139310619246,98.07333154678344,63.547027135826646,118.90567597150805,257.50485441684725
31.10826107263565,20.004609050205907,39.26310682531912,20.441488844156265,4.9441851615905765,3.625060439109802,0.3606732964515686,0.0595128137618303,0.3833866953849792,3.856171631813049,4.283462238311768,0.6459639489650726,80.93155288696289,28.88717861175537,20.809213066101076,3.785409879684448,6.031220722198486,70.9110481262207,33.67687873840332,21.40547409057617,292.9194423675537,1394.6500078737736,2725.737425010768,0.4203221851452319,100.16685972213745,70.98009164594114,121.07312294468284,262.3738345384598
31.79739758968353,11.97493710416602,38.07784438857343,21.069265180826186,4.713518953323364,2.132943320274353,0.0175871273502707,0.0030084525234997,0.3840041667222976,3.920920491218567,4.07589373588562,0.6517262995243073,78.74304962158203,19.139305114746094,1.0824595928192138,0.1893573939800262,6.044674634933472,70.01566162109376,33.52731704711914,21.71187858581543,289.59828209877014,1234.1370928645133,2655.0678978312994,0.3626689171480883,99.50372738838196,47.91605284846155,120.45216284878552,260.8945869207382
33.05393388271332,16.25242964021163,39.78996947072447,18.98067447543144,4.7562346935272215,2.934650349617004,0.2144325420260429,0.0356739573180675,0.3874699503183365,3.885492396354676,4.274596500396728,0.5984896719455719,80.69038391113281,24.150821495056157,13.385578918457032,2.263723635673523,6.017289352416992,70.70671691894532,33.393265914916995,19.747696685791016,295.97237367630004,1410.9793172299862,2726.6806213596547,0.3925841054928824,101.83581624031066,62.15212495373562,123.18351260293277,266.877427148819
31.194815969467165,16.332230966084172,38.654954235279,21.36218004822731,4.930804491043091,2.8204722881317137,0.2245399758219718,0.0386831313371658,0.3906054228544235,3.904562711715698,4.210126543045044,0.617566192150116,80.74237976074218,23.459803199768068,13.75047550201416,2.4054435968399046,6.010941028594971,70.15790939331055,33.62486305236816,21.10330867767334,289.62920846939085,1375.463331699371,2745.285034668096,0.3750136931715715,100.27403764724733,59.98156975563616,121.46066591572016,262.95122039318085
30.230922520160675,19.198035835823976,37.28695756427478,20.729989314079283,4.951804256439209,3.463882803916931,0.3293409705162048,0.0575118392705917,0.3856857866048813,3.931185507774353,4.409815120697021,0.6231495976448059,81.47287673950196,27.688862800598145,19.809356880187988,3.594735336303711,6.062785196304321,69.4478530883789,34.97637672424317,20.95745983123779,295.7149950027466,1273.4769086360932,2625.6663808938347,0.4483555266447055,97.97662653923037,65.36519428342581,119.27742180842908,257.75583002567294
31.144914269447327,16.92027783227386,37.33262214164715,19.316950446367265,4.760132837295532,2.8998642206192016,0.2807135552167892,0.0462214134633541,0.383080792427063,4.013642454147339,4.080024003982544,0.6165386855602264,79.96968612670898,23.820755577087404,16.1391960144043,2.895350623130798,6.034591865539551,72.03872146606446,32.674621200561525,20.265299797058105,289.95783801078795,1240.2933739542962,2549.941722424532,0.3956423392615349,98.0825325012207,60.31994218062609,118.90109698642046,256.6905315160751
30.18688476085663,16.864713788905647,36.66600573167671,21.25375778079033,4.865534019470215,2.8599507808685303,0.2898195624351501,0.049269675835967,0.3907518208026886,4.00366952419281,4.050930309295654,0.5955298364162445,79.91561889648438,23.51509342193604,15.97008295059204,3.086904740333557,6.030246448516846,70.92924270629882,33.66768684387207,20.45868320465088,290.6605447292328,1239.5055950284004,2609.473210824321,0.4067078410029872,97.4254632949829,59.64337421152741,118.10473878197372,255.36702926158904
31.436293840408325,15.996534060436534,37.1875213848427,21.8896752178669,4.610814142227173,2.768134975433349,0.1249891825020313,0.0207301234826445,0.385858803987503,3.999263882637024,4.093281841278076,0.6322017073631286,76.9806640625,24.11038837432861,7.6570165157318115,1.3182411193847656,6.014511203765869,71.29341506958008,34.28620071411133,21.541207695007323,294.72143054008484,1215.3315708994865,2578.277609623468,0.3933027018831175,98.11639623641967,59.86518781385384,118.89141853898764,257.7674468517304
30.2674631357193,17.50828236192464,36.87817000397481,20.27650557160377,4.695295619964599,2.869131588935852,5.3842569985862445e-11,5.017455646644706e-17,0.3853106021881103,3.737377405166626,4.102587509155273,0.5818287611007691,78.5279930114746,26.75633716583252,3.1013487947467033e-13,3.1988363365692187e-15,6.012235498428344,67.07573165893555,31.628436279296874,19.957371330261232,301.74759755134585,1391.04086728096,2716.075121359987,0.3569502867137892,95.89582047462464,65.78567094802858,115.96364653222264,250.22502465248107
31.164686930179595,18.697889715898786,37.38823710267898,20.9341762304306,4.836585426330567,2.9704243421554564,0.2882786691188812,0.0508635092526674,0.3932126343250274,4.078194236755371,4.377751111984253,0.5998918890953064,79.10573196411133,24.852667999267577,16.034104919433595,3.173361349105835,6.047570323944091,71.78811798095703,33.78697128295899,20.55904598236084,295.084138917923,1183.5588384866714,2524.105727871676,0.4151587297876322,99.6130672454834,62.66438501384109,120.78217884395272,261.2954128026962
32.76257512569428,16.18737497216789,38.13210645930376,20.79028739333153,4.685698223114014,2.578366780281067,0.1845974296331405,0.0311654618009924,0.3832627266645431,3.954298162460327,4.003081369400024,0.6285996019840241,80.46227798461913,22.319554328918457,11.186718654632568,1.9684801816940307,6.031083011627198,70.26204071044921,32.716308975219725,21.06375331878662,300.64903287887574,1257.8261542916298,2586.913598156505,0.37586277240557,100.31915888786315,57.75842014895752,121.12953521925957,262.2992896795273
29.749426651000977,20.13931049443781,37.74755203253589,21.703169894218444,4.979174041748047,3.375937819480896,0.3365689635276794,0.057165989652276,0.3927545100450516,3.851808762550354,4.192248725891114,0.6584092140197754,79.92693557739258,27.678197860717773,19.82604866027832,3.596831130981445,6.03827691078186,69.18926849365235,34.307975387573244,22.076381492614747,295.53016409873965,1300.4519977927207,2698.5259794034646,0.4625362939725164,98.01696209907531,68.39662784561514,118.94202729314566,257.2935609340668
31.539433002471924,19.840985858556813,37.192909725382926,19.228489291667938,4.8258476734161375,3.195642042160034,0.3272517263889313,0.053843967244029,0.3858795166015625,4.07090916633606,4.304436111450196,0.5790815830230713,79.3527442932129,26.620829010009764,17.9666540145874,3.396783709526062,6.016738700866699,70.59884185791016,32.621696853637694,19.457161712646485,300.0878380298615,1268.217364025116,2525.791233942576,0.4240621460957626,100.27114863395693,65.53146768882871,121.1105308478698,262.2366349697113
31.95056236982345,19.37382857990451,39.95418236046098,20.098398238420486,4.931013059616089,3.4954636096954346,0.3313139677047729,0.0535521913319826,0.3839128792285919,3.907522749900818,4.34444751739502,0.6522993266582489,79.98047409057617,27.950053787231447,18.12596874237061,3.3239991426467896,6.020683526992798,70.78145065307618,34.87554588317871,21.27541618347168,295.6565062522888,1428.246862411499,2724.9441022332057,0.4320858437470761,102.43785700798034,67.94253937844186,124.02137274332344,269.3535181760788
31.054160523414613,18.39525038643624,37.838892605062576,18.733271688222885,4.566304683685303,3.0140780448913573,0.119468069076538,0.0196654645726084,0.3923047363758087,3.8037463665008544,4.2238212585449215,0.5324802577495575,76.21724548339844,26.920155334472657,7.177552556991577,1.2389788389205934,6.054277753829956,69.6500846862793,31.49996337890625,18.251562309265136,295.62678666114806,1321.0216182589531,2634.351724380278,0.3828627000954057,96.99923305511474,66.27065542018973,117.66777165476232,253.4441588163376
30.008221197128297,19.294951352942736,37.94283776120282,20.55517762303352,4.914641952514648,3.5972640037536623,0.3244286060333252,0.0557844590395689,0.3884313821792602,3.8503395318984985,4.400821924209595,0.6373993992805481,79.36653366088868,28.530737686157227,17.89683246612549,3.533852195739746,6.040208196640014,69.3825309753418,33.91271438598633,21.201360511779782,287.54010405540464,1244.4161275267602,2617.1700777560645,0.4879492472685847,98.0094720363617,65.29409222174436,119.1391223806888,257.21957366466523
32.62553896903992,18.40476925279945,38.98208073517308,20.630643260478973,4.72594428062439,3.067923831939697,0.2929264277219772,0.051046260818839,0.3848978728055954,3.8180391788482666,4.372858047485352,0.5940007090568542,81.20697174072265,25.357196807861328,17.937572479248047,3.195890474319458,6.018386554718018,69.19037551879883,32.88416442871094,20.39496021270752,294.83388328552246,1392.344327801466,2721.321135313652,0.4108943996922051,100.23923740386962,65.16110118515789,121.0525937013328,262.1160663604736
30.57329331636429,18.233842938405,39.11442929438781,21.25845659375191,5.0392711639404295,3.0390745639801025,0.3146520435810089,0.0522891443222761,0.3882758140563965,3.9060713052749634,4.129883861541748,0.6580208659172058,80.99740295410156,24.94971923828125,17.35055294036865,3.340823698043823,6.05031452178955,71.5582275390625,33.11433486938476,21.95890827178955,288.3723317623138,1412.0428962528706,2814.1827824489155,0.416391522577036,100.24491810798644,63.9051389509812,121.39303089864552,262.341671705246
30.768511378765105,20.228336299280635,38.62443421140779,20.849810242652893,5.024661684036255,3.5402477979660034,0.327295908331871,0.0558585703372955,0.3885705918073654,3.949431586265564,4.328519344329834,0.5944632947444916,81.60663452148438,28.643923187255854,18.903824424743654,3.529424285888672,6.046570873260498,71.37160720825196,34.92202873229981,20.307247161865234,296.05151023864744,1222.2252434015277,2585.8528129662327,0.4709304110400388,100.17360224723816,67.86801775936037,121.32894432563334,263.14570410251616
32.324867689609526,16.830207240220624,39.534543054807,19.806468230485915,4.716110038757324,2.785718011856079,0.2205154329538345,0.0379966143518686,0.3852429747581481,3.850176382064819,4.348083257675171,0.6498872876167298,79.56060791015625,23.491938591003414,13.204151725769044,2.4048254251480103,6.052262163162231,71.17933578491211,33.67602653503418,21.275222396850587,293.8080499649048,1263.8507246613503,2632.392800448643,0.4084636788777409,100.28884553909302,60.55406941408292,121.36408115085214,262.937961935997
32.27614858150482,15.72757581511978,39.69364938267972,20.923005998134613,5.026435375213623,2.705268216133118,0.2114947840571403,0.0358157392591238,0.3877849370241165,3.951876592636109,4.071250295639038,0.6706793248653412,83.95235900878906,22.58031005859375,11.963709735870362,2.2474404096603395,6.017261219024658,71.13070983886719,34.09542999267578,21.978561019897462,291.4173099517822,1375.5237302601338,2739.980799213122,0.3735057899115027,102.4697208881378,59.6712962994352,124.1622020058334,268.871178817749
31.69903849363327,18.381340762856414,39.67558714330662,20.39820333719253,4.907737159729004,3.02958459854126,0.3019742578268051,0.0523039493709802,0.3837200224399567,3.796029448509216,4.083655261993409,0.6367434859275818,82.35249099731445,25.003926467895507,17.058013916015625,3.2389122009277345,6.015396165847778,70.51773300170899,32.28633346557617,21.20700798034668,297.8002710342407,1416.955835068226,2794.138756764896,0.3903047343354942,100.26052937507627,65.06503437515349,120.97980375140904,261.73284504413607
30.49059112071991,20.429882403300144,38.77145673809573,19.740821403265,5.073660659790039,3.587417554855347,0.3316739618778229,0.057488914951682,0.3940652996301651,3.952113461494446,4.32522144317627,0.6179772019386292,81.6912612915039,28.97351036071777,19.395114135742187,3.652247285842896,6.0411519527435305,71.99933471679688,33.12423591613769,20.50076541900635,293.6356512546539,1399.6143196165565,2728.6041173746985,0.4517265627173422,100.16979017257692,68.39233038425445,121.29697786532344,262.1062272787094
31.93150449991226,19.46269016771112,38.26853642440401,19.340874153375623,4.862149095535278,3.2874223709106447,0.3202750414609909,0.0578574929386377,0.3829293221235275,3.879363870620728,4.3559516906738285,0.5648722350597382,82.16140518188476,26.796109008789063,19.57156429290772,3.584521174430847,6.018331909179688,68.86452026367188,32.35422248840332,19.20317726135254,294.91010723114016,1399.6838292419911,2678.2639062032163,0.4170045043006539,100.21990065574646,66.83333273306489,121.00279737319798,261.72827377319334
30.531532192230223,21.21437530752737,38.33282728507184,21.36125918626785,5.018307638168335,3.9585992813110353,0.3356301695108413,0.0562098521739244,0.3915299355983734,3.925692844390869,4.538001012802124,0.6864587843418122,80.4244758605957,31.330116081237797,19.931247329711915,3.528783440589905,6.022778034210205,69.53648223876954,35.90204124450683,22.602153396606447,290.9030283927917,1195.2486956596374,2545.1882655157883,0.4981675009414562,100.15016603469849,69.92181563060731,121.70663955006748,263.99509596824646
29.4505074262619,21.985390546394047,37.543128779297696,23.239166849851607,4.746227025985718,3.5859681606292724,0.3347642838954925,0.0597374774515628,0.3872417688369751,3.634623646736145,4.982496118545532,0.6954781413078308,76.5293685913086,29.886277389526366,19.582519340515137,3.788366317749024,6.027852630615234,65.9085075378418,39.844091796875,23.28991451263428,299.37646465301515,1371.7558906674385,2722.0379765561665,0.704615876043681,95.80892124176026,65.9650366825983,116.305248513259,254.16157150268555
29.823617327213288,21.07852873665979,38.31140889346134,20.7798147559166,4.97836389541626,3.446565842628479,0.3391905218362808,0.0590157583355903,0.3902009814977646,3.785422015190124,4.17083067893982,0.5971109807491303,80.18354415893555,28.54917068481445,20.02607841491699,3.7645790815353393,6.018496990203857,69.51297531127929,33.43518218994141,20.377531623840333,298.81125059127805,1314.2967115163804,2748.506655980518,0.4915464591525961,98.04390802383423,68.21991881495342,118.45667927954348,256.5991663455963
31.72860100269317,13.748457091717864,37.87476248214953,20.491155117750168,4.579547357559204,2.2094480991363525,0.0720675617456436,0.0123682151548564,0.3907468885183334,3.822494196891785,4.21460223197937,0.6002743661403656,77.13337020874023,20.007052612304687,4.4467991352081295,0.7830507099628449,6.019699382781982,68.60514221191406,32.206946182250974,20.46308708190918,294.67293643951416,1284.2620521783829,2704.5401211031653,0.3714706958708845,98.20818362236022,50.297294852160846,119.06136135607956,257.0009948015213
30.62419844865799,14.077028421446448,37.57591964297463,20.25782710909844,4.760340595245362,2.503266477584839,0.1299139574170112,0.0209740566089749,0.3843789875507354,3.937898397445679,4.242301368713379,0.6173188030719757,78.20290679931641,21.377215957641603,7.732694387435913,1.338336133956909,6.035897970199585,71.07175521850586,33.97231826782227,20.631925964355467,289.2097632884979,1247.1129278302192,2673.0573694739724,0.4128983644615139,97.9203043937683,53.18186749559827,118.77064560167491,257.072536945343
30.154530775547027,18.18569501664024,39.6803164571058,21.396751952171325,5.080913591384888,3.199564361572265,0.3305196940898895,0.0530607596039772,0.39068483710289,3.795807456970215,4.124200248718262,0.6453863441944122,80.19316635131835,25.697213554382323,19.73969268798828,3.311899018287659,6.021111917495728,70.2436538696289,33.94748077392578,21.66917743682861,287.6053449630737,1455.4013474285605,2880.935092928738,0.414704576760294,100.267684841156,65.85243051350116,121.33166317548604,262.999951505661
32.34315564632416,17.231074054376222,39.15918339304626,20.929379796981813,4.805824375152588,3.026061201095581,0.2640386909246445,0.0463286541402339,0.3849318891763687,3.9382166862487793,4.261634731292725,0.5986303806304931,80.2751335144043,24.693428611755373,15.333046245574952,2.9481216430664063,6.052381372451782,71.02051849365235,33.92032623291016,20.48749618530273,296.50519766807554,1404.778491449356,2739.2358511178877,0.4028641570869062,101.37739253044128,64.15379181988537,122.74888846669346,265.83649616241456
32.950325953960416,15.223424043745036,39.02844077195041,20.1760611474514,4.686482238769531,2.742480492591858,0.0721277184784412,0.0119661539793014,0.3845530360937118,3.793937110900879,4.130007886886597,0.597747141122818,81.35805740356446,23.994004249572757,4.38168625831604,0.7446289479732513,6.030457019805908,68.57393417358398,33.582916259765625,20.132215690612792,292.5161675453186,1416.6321701586246,2742.491710661532,0.3714467573311701,100.27740268707277,60.36282152333297,121.16504609137772,262.76314187049866
32.498052620887755,15.937601562356576,39.27155495483894,20.669862747192383,4.6980804920196535,2.622835254669189,0.1969481319189071,0.0330987494438886,0.3855110973119736,3.846033239364624,4.324869871139526,0.5941306352615356,79.7082305908203,22.345577239990234,11.411151218414307,2.081728148460388,6.024429988861084,70.12293701171875,33.18512954711914,20.39119396209717,289.2627138137817,1223.6309504151343,2633.5295259905165,0.3945358371727678,100.32267794609068,57.981319785676895,121.5442223481834,262.92800905704496
31.619558572769165,17.51854615759803,37.473273834353314,20.11378003358841,4.732598114013672,3.0068578004837034,0.2476797372102737,0.044226111844182,0.3866869896650314,3.9850210189819335,4.167377853393555,0.6556649506092072,79.18744125366212,24.746469497680664,14.911439132690427,2.8156240224838256,6.034504127502442,70.27395095825196,32.80235633850098,21.489963722229003,292.41479296684264,1193.8324943184853,2516.174598593713,0.4116232575913798,99.17134704589844,63.039551134128125,120.22430346012116,259.64944472312925
31.698372840881348,15.505822102725508,37.72134764716029,19.295456475019456,4.59729323387146,2.5775814056396484,2.687947408581162e-16,4.357468551444489e-17,0.3878334134817123,3.819309163093567,4.054998636245728,0.5597738862037659,77.61981430053712,23.888262939453124,1.5843884601377584e-14,2.786124382283184e-15,6.009968662261963,68.63871307373047,31.717149925231933,19.062773513793942,302.68602137565614,1436.252641284466,2725.413527626265,0.3604037387120982,98.14488968849182,59.96974525451661,118.5536788986996,256.34133245944975
31.637627840042114,16.320863293518777,38.9447736736387,21.059726732969285,4.6507189750671385,2.6247686624526976,0.2067352458834648,0.0341273974627256,0.387651389837265,3.754664516448975,4.139106798171997,0.5994126260280609,78.8588882446289,22.559414672851563,12.07895040512085,2.1675758600234984,6.046343040466309,69.81506576538087,32.66503410339355,20.60849781036377,295.19791493415835,1306.6784849524497,2736.471084077627,0.3826323232606349,98.1450809955597,57.05315389465541,118.9663611197844,256.833034324646
31.57266228199005,14.20864178947959,39.66394967471715,19.66147466301918,4.935976791381836,2.4203524589538574,0.0398990403860807,0.0064317089505493,0.3907410770654678,3.79044177532196,4.0676842212677,0.5825675547122955,82.48348388671874,21.825988578796387,2.477679705619812,0.4104700446128845,6.028352737426758,70.24978256225586,31.531803703308107,19.693173027038576,291.34362688064573,1443.716395956278,2864.938077855838,0.3669911922447234,100.31704878807068,55.2792420473299,121.17789266649632,261.57328317165377
31.23811998367309,15.170951834891458,39.858189397631214,21.096401286125182,4.990210103988647,2.45340256690979,0.1413146764039993,0.0223160229623317,0.3837707012891769,3.796595048904419,4.065613603591919,0.6202184915542602,82.51315612792969,21.561065101623534,8.679579067230225,1.4185112118721008,6.024069690704346,70.60444107055665,33.72966003417969,20.98047962188721,289.8263295173645,1232.845389187336,2683.496462609933,0.385950298945955,100.31176700592042,55.33048209119588,121.33651033882052,262.8928617954254
31.69308477640152,17.242410399660002,37.055797853670086,19.249458557367326,4.578115844726563,3.042037272453308,0.2963776916265487,0.0514687720686197,0.3817476361989975,3.932398247718811,4.223078823089599,0.5690551459789276,77.08284454345703,24.621114921569824,16.851402473449706,3.269757533073425,6.021081447601318,69.30758590698242,33.21841125488281,19.20512866973877,297.9322115898132,1241.246880364418,2524.79958697462,0.3990894273727484,98.1249472141266,62.37718084966764,118.77336657606064,257.2560825586319
33.11500610113144,13.397409962874372,38.16047659665346,20.04453315138817,4.654634046554565,2.259202408790588,0.0454217225313186,0.0076805546414107,0.3916778385639191,3.937113666534424,4.21255521774292,0.6105652987957001,80.99285278320312,20.40842227935791,2.5967422485351563,0.4810823440551758,6.029016447067261,69.95243682861329,33.23506813049316,20.49533348083496,299.9616807937622,1279.8329436898232,2653.0897395914885,0.355880147537421,100.3391007900238,51.99637575384695,121.21748715061696,262.7661556243896
32.19863525629044,18.197297749272547,39.22302377393935,19.40027849674225,4.694602108001709,3.234931755065918,0.3126980751752853,0.0562932547181844,0.3840040802955627,3.788226222991944,4.381316328048706,0.5866204977035523,78.52044448852538,25.99268264770508,17.16808624267578,3.4916385412216187,6.020253038406372,68.53689727783203,33.808339309692386,19.67057075500488,289.89129986763,1374.823078548908,2685.237827963638,0.4177874074353042,100.2564043045044,64.72208234425634,121.49842395950108,263.2734753131866
32.09244780540466,15.40096564068808,37.34422694435343,20.58161854147911,4.65038537979126,2.5764001607894897,0.179654411971569,0.0302333971485495,0.386688831448555,3.896304178237915,4.087820243835449,0.5877907752990723,80.04471435546876,22.15930347442627,10.400037479400634,1.9242318987846372,6.065543413162232,68.7079574584961,33.833268356323245,20.02295150756836,300.7648288249969,1195.3123608112337,2551.0947979638995,0.3952220841038148,98.5256630897522,56.166998117836194,119.33100020904094,258.3275505065918
31.84591535329819,14.1261623665996,39.41135666624177,21.41338542699814,4.747990989685059,2.408126425743103,0.0371754150837659,0.0065034933853894,0.3894943714141846,3.87176034450531,4.069106006622315,0.6232503712177276,78.33981246948242,21.730719375610352,2.371921992301941,0.4140643894672394,6.018662023544311,71.44262084960937,33.013400650024415,21.21297607421875,292.99261751174924,1420.2084517121316,2859.0199036475447,0.3794434960090725,100.37183237075806,54.97131846407429,121.39243223667144,262.8709661006927
31.092509019374848,16.932556281944734,37.68393703787588,18.74471426010132,4.490027570724488,2.984693193435669,4.998807952460993e-07,3.1297808447553274e-14,0.3852930545806884,3.684924912452698,4.086134958267212,0.5466493308544159,76.28054275512696,27.19298725128174,1.487720894033373e-07,2.687868882274205e-13,6.051765632629395,67.68915023803712,32.1898078918457,18.52067394256592,302.0220815658569,1389.666467869282,2703.6521878080266,0.3677936055542748,95.8839783191681,66.18320447164771,116.1846167434007,250.8335757017136
32.61314504146576,16.711245605314616,39.15013682474383,19.57256633043289,4.697090101242066,2.6727116107940674,0.2464823693037033,0.0429081574082374,0.3885693937540054,3.904535889625549,4.113361644744873,0.6163238048553467,80.15182037353516,22.721025657653808,13.422440338134766,2.7353644371032715,6.004604196548462,71.76965637207032,32.442345809936526,20.367426681518555,299.18276052474977,1252.6659954309464,2609.750448955706,0.3870381769843405,100.3258101463318,59.49933581091464,121.1956476951018,262.3011320114136
30.93239598274231,18.98785504044499,37.00852909213863,21.135313242673877,4.85714282989502,3.3755900144577025,0.3181210398674011,0.0564850572496652,0.3854019194841385,4.000765705108643,4.214958477020264,0.6682963728904724,80.35787582397461,27.13802013397217,18.20265293121338,3.507903528213501,6.0520344257354735,69.8080825805664,33.90426940917969,22.113683700561523,298.0743255138397,1252.190969157219,2555.4546925801724,0.4282294698569789,98.89467992782592,65.48158037811518,119.92503562103956,259.3183610200882
29.58718252182007,17.620158492960037,38.35862861080095,21.24607253074646,4.884386491775513,2.8945716381073,0.2825731992721557,0.0503814231604337,0.3832760006189346,3.7721664905548096,4.137480211257935,0.6261027097702027,78.16030426025391,23.931032752990724,16.168457984924316,3.2079270601272585,6.023005533218384,69.83081893920898,33.94233589172363,21.15902042388916,290.0782114982605,1242.282348251343,2683.176734923193,0.4305231798164115,97.23062100410462,60.1456738027744,117.87110459953549,255.13328437805177
31.160143089294436,17.53110245123971,39.3889150314033,19.768018388748168,4.915349006652832,3.1738906621932985,0.3133892029523849,0.0562292087823152,0.3850262224674224,3.7688461780548095,4.376420259475708,0.5700883805751801,80.23619079589844,25.3212682723999,17.10325107574463,3.5122393131256104,6.024117517471313,68.86927185058593,34.29880294799805,19.387006187438963,288.3358597755432,1416.3062924206256,2805.4217135405925,0.4437035640099445,100.24023370742798,63.98303399085999,121.1664163377136,263.0804755926132
30.105304646492005,18.02838298080605,38.32863791359123,19.273262882232665,4.837511730194092,3.0926042556762696,0.0938675440847873,0.0148220686241984,0.3890781849622726,3.731376218795776,4.172712898254394,0.6147419273853302,77.58220443725585,27.55806999206543,5.56169056892395,0.9359049141407012,6.011330652236938,68.04856643676757,32.90992202758789,20.23049259185791,293.9048041820526,1310.8593658566474,2682.045293650864,0.3956938516684261,98.09124002456664,68.06167724332772,118.52472281809897,256.7966846704483
31.77054010629654,17.60518153468147,37.47440732510295,20.38787796497345,4.783399295806885,3.244150161743164,0.3027160942554474,0.0549021791666746,0.3849854677915573,4.113416719436645,4.254333591461181,0.6217355012893677,79.17378463745118,25.71817798614502,16.752724266052248,3.403447842597961,6.032055521011353,71.91768112182618,33.16409759521484,20.81574039459229,288.4598037242889,1222.302529835701,2550.658030110714,0.4131362780301188,100.26578407287596,63.88579255454242,121.56932917013764,262.76592311859133
32.14950793981552,15.08802042598836,39.32915712846443,19.98641582131386,4.767207431793213,2.7908424615859984,0.121557280421257,0.0207398004829883,0.3880841106176376,3.833040142059326,4.2976799488067625,0.5740199446678161,80.29156494140625,23.643002700805663,7.341463088989258,1.2932750105857849,6.035179138183594,70.12358169555664,33.859656524658206,19.584397315979004,290.4840563297272,1422.5442911565303,2810.384861634893,0.3809672166225318,100.2796817779541,59.69514721282758,121.46146557703614,263.1648104667664
32.55442537069321,15.753705535363403,38.8682107376866,21.02424014210701,4.674990606307984,2.7320311307907104,0.2063971489667892,0.0333785653114318,0.3847073286771774,3.813503408432007,4.116045045852661,0.6591736555099488,79.28712615966796,22.94255809783936,11.564561462402343,2.119929218292236,6.010254669189453,68.69541702270507,33.82008018493652,21.868968200683597,300.61850571632385,1272.499845969677,2655.245507028041,0.3858341325694724,100.32255434989928,59.16791840754449,121.10388655271382,263.0805175304413
32.706466019153595,15.805963526736011,38.17719311313704,20.781637120246888,4.712431240081787,2.752368187904358,0.1953432217240333,0.0364177402108907,0.3849000185728073,4.048982000350952,4.04373722076416,0.6768544971942901,81.08718566894531,23.009566497802734,11.224499702453612,2.3070102453231813,6.052319622039795,72.46091918945312,32.554385375976565,22.215535354614257,295.05357065200803,1180.8470308423043,2517.850842423085,0.3775378814061007,100.27409482002258,59.31367356777192,121.46095858328044,262.219832110405
32.03470650911331,18.745817886386067,38.78322004142683,19.25874209403992,4.7061670303344725,3.1281869411468506,0.3338450163602829,0.0544554881751537,0.3858078241348266,3.792455101013184,4.238766384124756,0.6100657045841217,80.19447860717773,25.627132225036625,20.14880714416504,3.397989821434021,6.025986957550049,69.14621047973633,32.96797752380371,20.13229694366455,299.4844669818878,1270.5643790841102,2587.7776377447126,0.4100878149141927,99.1592354297638,64.4687554359436,120.0261961121112,259.61225323677064
31.11283655166626,19.174178287107495,38.93975432661828,20.26993190050125,4.995739698410034,3.141606450080872,0.3403341799974441,0.0550673104822635,0.3830394983291626,3.798642635345459,4.160906219482422,0.5725714087486267,82.27488479614257,25.912180519104005,19.95772972106933,3.4742024660110475,6.028684616088867,68.46635208129882,33.82315902709961,19.5753116607666,293.0290648460388,1464.7488289654254,2777.7251982134067,0.4063632320873232,100.22327938079836,66.79913687035442,121.12991464436054,262.66663246154786
30.571401917934416,20.243248422339093,37.48981615619268,20.818419331312175,5.036937618255616,3.621806836128235,0.3157696664333344,0.0551926467567682,0.3858486503362656,4.072372913360596,4.44136700630188,0.6175120234489441,81.03383331298828,29.03474349975586,18.556591987609863,3.501613736152649,6.063180494308472,71.03242340087891,33.61468734741211,20.91014175415039,287.2589301109314,1224.423017656803,2553.2967237543025,0.4736148158518141,100.18450088500975,67.82104232497514,121.53701780363916,262.5032465219498
32.31110781431198,18.08461078297114,39.07478325131815,19.035914236307143,4.7978003978729244,3.0953159809112547,0.2160299435257911,0.0352437291294336,0.3860879570245742,3.793457317352295,4.3083860874176025,0.610415244102478,81.9461669921875,26.144258308410645,13.404552268981934,2.2232711553573608,6.01079158782959,68.88351669311524,33.59348220825196,20.05127067565918,300.3034906387329,1463.995405203104,2724.344786785799,0.4060735397388832,100.23309354782104,66.36303371107206,120.99974578712136,262.5760151386261
31.69275140762329,15.124671683448833,36.74581461553462,20.509568762779235,4.6310333728790285,2.519439220428467,0.1368381768465042,0.0254338566213846,0.3827680140733719,4.049872303009034,4.049292802810669,0.604745763540268,77.92875289916992,21.88294620513916,7.772942018508911,1.58428498506546,6.018342971801758,70.73947982788086,33.39821395874024,20.40142707824707,288.26684522628784,1236.5904198884964,2553.1240266212844,0.3985406981197869,98.5911410331726,55.53498316286132,119.44720136523247,258.54300801754
32.268610215187074,14.83666632816894,38.64969756533392,19.32360863685608,4.740964126586914,2.5163600206375123,0.1132467374205589,0.0178794892504811,0.3855975866317749,3.9636492013931273,4.105007600784302,0.6351896166801453,79.93851013183594,22.016655921936035,6.861734056472779,1.11515611410141,6.038647794723511,71.8154296875,31.906105613708498,20.73006763458252,293.80115694999694,1279.7376183390618,2632.448153915076,0.3737829852283873,100.33586444854735,56.13789885789156,121.28094881307334,262.03671100139616
32.85564521551132,17.2274958120659,39.76907433010638,20.29471833705902,4.791955041885376,2.9955782890319824,0.2766195029020309,0.0475825000554323,0.3834371238946915,3.996341753005981,4.222158002853393,0.6278817594051361,79.80242080688477,24.35407409667969,16.89020690917969,3.0206405401229857,6.024579286575317,72.45567321777344,33.248447799682616,20.923916244506835,296.26353974342345,1422.4044232904912,2742.743161802989,0.3789291902981624,102.5090317249298,64.03792805280537,124.1309321526438,268.6704600334168
30.820959329605103,16.5933588470798,38.58844323570374,20.822561156749725,4.729834032058716,2.7127844095230103,0.2531321376562118,0.0449382700026035,0.3827350288629532,3.785037064552307,4.134379482269287,0.6231907129287719,77.63618469238281,22.747153091430665,14.001419830322266,2.775602197647095,6.032217359542846,69.53686599731445,32.22428169250488,21.077823066711424,290.7434038162231,1238.4193907141685,2674.1736524061007,0.4032535171726522,98.14228286743165,58.453308906033634,118.96519419085234,256.67358548641204
29.903707027435303,20.13544363854453,38.67022098375018,21.18704996109009,4.925137996673584,3.3859307289123537,0.3094086706638336,0.055572236329317,0.3830607205629349,3.814815902709961,4.305624628067017,0.6311734914779663,78.71354217529297,27.798636817932127,18.422208786010746,3.4526322364807127,6.030750846862793,70.3660675048828,34.93691558837891,21.25057315826416,295.07187738418577,1271.932196867466,2680.64515003587,0.4763439897512797,98.2470802307129,65.1276326932013,119.12268582787364,258.29172055721284
31.181852626800534,14.965623577631778,38.9148823217256,21.87432344555855,4.973052310943603,2.7760444402694704,0.0819564215838909,0.0144762025214731,0.3865105509757995,3.8663052320480342,4.104299306869507,0.6370619475841522,81.90049057006836,23.875411987304688,4.874748229980469,0.9221791684627532,6.019322919845581,70.16254653930665,34.116532516479495,21.68878211975097,291.2110236644745,1407.5306105971335,2834.6026127824325,0.3840495681028329,100.25337281227112,60.04630001890473,121.18025681637228,262.8758131742477
31.560033333301543,14.832774688504289,39.68485653968528,20.71970487833023,4.882840394973755,2.683945703506469,0.0890015549957752,0.014315518643707,0.38927161693573,3.7958172082901,4.184675884246826,0.6561233341693878,81.00200119018555,23.28761367797852,5.465620708465576,0.913509488105774,6.014129781723023,70.44168014526367,32.97445411682129,21.759788513183597,288.88953495025635,1407.3609755039215,2839.2913127965526,0.4017804224779709,100.28063464164734,58.65838818324264,121.15012320112436,262.32833683490753
31.470286858081817,19.03116344575537,38.250132755446245,19.704555130004884,4.923615455627441,3.046334481239319,0.2556510359048843,0.0416469719260931,0.3886238664388656,3.914050555229187,4.090822982788086,0.6187885224819183,81.89137115478516,26.34199085235596,13.855750179290771,2.5730095386505125,6.05979962348938,69.52187576293946,33.48367500305176,20.396115875244146,293.2628261089325,1399.8108656585216,2648.725651844969,0.3787645818568741,100.2071699142456,68.50159808164463,121.28943130876868,262.4542209863663
32.33536949157715,15.112269689294044,38.60014620327856,19.890173810720444,4.7321497917175295,2.595807766914368,0.1279454156756401,0.0219295475631952,0.38702192902565,3.9493640422821046,4.081505346298218,0.6287059307098388,80.0220443725586,22.41975803375244,8.056462383270263,1.3785410284996034,6.060542249679566,71.32968826293946,32.777727890014646,20.768205833435054,297.38819217681885,1270.6393688440323,2628.703961432021,0.3711475486008077,100.30853266716004,56.91207354092039,121.30767568163574,262.4303758621216
30.960520470142363,16.117372023884673,37.98156681910623,21.053974956274036,4.894004392623901,2.643127417564392,0.158042924106121,0.0260624850168824,0.3903040707111359,3.946775650978089,4.124899101257324,0.6181137025356293,79.68494033813477,23.02848052978516,9.33803596496582,1.660289216041565,6.023902082443238,69.92288970947266,33.32593536376953,20.992748069763184,282.98786039352416,1252.8289606809617,2629.466390237119,0.4028707481242534,99.8676522731781,58.94361473596655,121.09106240812687,261.81683633327486
30.563763988018035,18.39344034055248,38.23469907811377,21.33016076683998,4.941244506835938,3.164660286903381,0.319434580206871,0.0565392460674047,0.3836581617593765,3.8574133634567263,4.181463146209717,0.6689080774784089,81.97312927246094,25.692520332336425,18.84245376586914,3.4982069730758667,6.043866062164307,69.85605850219727,33.21725082397461,22.195580291748048,291.3292858123779,1274.1356380820275,2648.947317837324,0.4253649331633273,98.25267086029052,63.48629595786333,119.45747889447958,257.3474287748337
30.54782428741455,19.56479734054301,39.085141849098726,20.333782744407653,5.059478616714477,3.203888726234436,0.3185772597789764,0.0562163397669792,0.3905365973711013,3.844573211669922,4.3836784839630125,0.5858393609523773,81.47360382080078,26.52385234832764,17.99219341278076,3.500904846191406,6.033559274673462,70.01929473876953,33.5684097290039,20.024785423278807,293.3017328262329,1401.2773900926113,2757.7508792360954,0.4306165240190275,100.21846652030943,66.01634356416761,121.27721453420818,262.5332325458527
30.73490126132965,20.333854005578907,39.9822886651149,19.98542187809944,5.016511344909668,3.5444233655929565,0.3582081139087677,0.0587129715830087,0.3876997977495193,3.7639387130737294,4.121246337890625,0.6543637871742248,81.1794548034668,28.54432067871094,22.051430320739748,3.73327898979187,5.996145486831665,70.45364685058594,32.28785591125488,21.381129264831543,293.714617729187,1395.9229988753796,2770.248116249725,0.4163211729882825,100.20254535675048,71.69415290448815,121.05352712851018,261.7331273555756
31.279988598823547,15.513235734886257,38.59877069825306,21.351861411333083,4.9170982837677,2.5106420516967773,0.1571814239025116,0.0274382693693041,0.3866391360759735,3.889725422859192,4.143313789367676,0.6381278812885285,80.64521942138671,21.8433048248291,9.142316627502442,1.7407536149024962,6.022323894500732,69.8302116394043,33.78562202453613,21.552522277832036,294.1513144493103,1265.385319137573,2682.181014446868,0.3914969240595695,100.31930913925171,56.434569286834446,121.22382562439888,262.9448590040207
31.495448803901677,15.64180360103492,38.12666917874012,19.45430130958557,4.743658256530762,2.5595393657684324,0.1860203236341476,0.0309603402391076,0.3861712753772736,3.708130621910095,4.263447666168213,0.6089507639408112,80.93996810913086,22.01879653930664,10.301241207122803,1.9461801528930665,6.031587076187134,67.01656875610351,32.35407676696777,20.23828258514404,292.46371240615844,1298.8568087100982,2673.3061976011027,0.4029435536746902,98.1302890777588,56.215434639155866,118.41405728906392,256.2214952945709
32.55717706680298,18.57941415931564,37.96554676485248,20.00411241054535,4.678794002532959,3.3724840879440308,0.3129554539918899,0.0530517376959323,0.383732658624649,4.050054407119751,4.248931741714477,0.5853039801120759,79.58772125244141,26.852369117736817,18.51795082092285,3.3509937286376954,6.046069002151489,72.19882888793946,34.06762847900391,19.78358383178711,297.27003011703493,1266.338133966923,2563.9276637996604,0.4379890529467921,100.22511172294617,65.59576092828065,121.17931430749596,262.8647086143493
30.817045509815216,17.330587743304203,37.00064174777363,19.318035167455676,4.782401752471924,2.9726196765899657,0.2799018949270248,0.0455321256071329,0.3865094006061554,3.972191119194031,4.333366966247558,0.6280034899711608,79.18815765380859,24.42030067443848,17.05448627471924,2.883873772621155,6.058696508407593,69.98393859863282,33.134062957763675,20.5760332107544,293.75122179985044,1285.6500324249268,2595.916458673711,0.4225000272647428,98.06835355758668,61.186719285603616,119.02888745758682,256.9503543138504
30.51897398233414,19.689788819290698,38.89409131705761,20.960118013620377,5.004537725448609,3.237243819236755,0.3306665778160095,0.0566532026976347,0.3914136558771133,3.8641202449798575,4.201322984695435,0.6528991878032684,80.91137008666992,26.65843048095703,20.33542232513428,3.5228743314743043,6.042736577987671,70.3874397277832,33.694644165039065,21.67916584014893,295.8287834644317,1262.2287103652957,2632.322714530694,0.4249707105142413,99.5772906780243,66.00001621618867,120.86065391302108,261.11802623271944
31.64345508813858,17.767496377928182,37.62178873829544,19.68964757323265,4.862682008743287,3.116222047805786,0.2955720365047455,0.0542575202882289,0.3869827061891556,4.100288724899292,4.334775972366333,0.6310172259807587,80.82592315673828,25.13848171234131,16.47938804626465,3.393491888046265,6.041267251968383,72.19073791503907,32.349827194213866,20.859596252441406,286.6750156402588,1237.0753999948502,2522.401295997965,0.4035652555932941,100.26318416595458,63.30049980375916,121.47009708620608,262.11698067188263
31.24493466615677,15.855593767762144,37.71124958596192,19.67866531610489,4.516997385025024,2.892498731613159,2.0963750041458338e-10,4.8149985264236966e-17,0.3897906750440597,3.68193142414093,4.020812749862671,0.6051041424274445,77.64710845947266,26.02975845336914,9.535622888089818e-13,3.071591701452536e-15,6.038029956817627,67.564208984375,31.76728134155273,20.185134506225587,294.2055745601654,1332.6993924856183,2679.434109614068,0.3402856190457424,95.90392837524412,67.00343623161322,116.33538874462246,250.56232771873476
29.82624244689941,22.634605639707296,37.06221589078196,26.43298431038857,4.942402029037476,3.622249174118042,0.3407053887844086,0.0552151832729578,0.3857623875141144,3.9251790046691895,5.456355524063111,0.7423497021198273,79.43705368041992,30.50160083770752,19.10175857543945,3.480090618133545,5.993101787567139,69.85734252929687,45.95259056091309,25.244841003417967,296.4617184638977,1382.6860669374466,2672.2617028768523,1.2007553307607766,97.76119623184204,66.91442264746874,118.10598846320065,260.8210437297821
31.25536893606186,17.21449524937985,36.9586128286086,19.00692054629326,4.502943658828736,2.8890759706497198,1.4893989282427356e-05,1.6161072965981126e-10,0.3889378368854522,3.762024974822998,4.103187417984008,0.5441904604434967,77.3040756225586,26.76358337402344,1.6587455593253254e-05,3.645098256566115e-09,6.015986824035645,67.98440475463867,31.822127532958984,18.587529563903807,298.1787327289581,1344.0190506577492,2612.3497125911176,0.3563026466679554,95.89359097480774,66.50420827990679,115.97220522724092,250.5114311933517
32.22944903373718,15.796119322651066,38.387944461451845,20.646731352806093,4.709959650039673,2.5897719621658326,0.1672155141830444,0.0291352465748786,0.3893143564462661,3.908501958847046,3.956501841545105,0.6344529747962951,78.92908630371093,22.404079246521,9.909752655029298,1.8136189341545104,6.055126285552978,69.76193923950196,32.67463302612305,21.12849655151367,299.03060922622683,1260.5998220562935,2608.972535973945,0.3630331143465753,100.32922639846802,57.63857356747612,121.28361030686646,262.46672489643095
31.20694715976715,18.217507117881905,39.56652543467935,20.40229601264,4.957114505767822,2.9914453506469725,0.1996017381548881,0.0342438444495201,0.3890060395002365,3.761786794662476,4.069883871078491,0.6514030635356903,81.55510101318359,25.86941261291504,12.27776575088501,2.1800578594207765,6.02303032875061,69.39357070922851,32.47018623352051,21.451668548583985,297.2160548210144,1409.895822107792,2755.855266102124,0.4022436564170505,100.25605597496032,66.03972625471651,121.00927228704094,261.8220179319381
30.79556566476822,19.933007550379266,38.68220790263731,19.67815982699394,4.980712270736694,3.318579697608948,0.3380774438381195,0.0544677682220935,0.385821259021759,3.949234819412232,4.3751623153686525,0.6304886817932129,80.4199348449707,27.25265274047852,20.33967533111572,3.4717240810394285,6.030159854888916,71.3006965637207,33.97353057861328,20.740485000610352,286.6273537158966,1220.0463123440743,2558.548234647093,0.448149237189309,100.23455748558044,66.78303708862514,121.45845246464016,263.0036161661148
30.088254618644715,21.10819175541401,38.54101933352649,19.816397494077684,5.073958110809326,3.5933913230895995,0.3503684759140014,0.058892922103405,0.3882280647754669,3.872855567932129,4.379524612426758,0.6370398998260498,80.33733749389648,29.33017635345459,21.58538494110108,3.658491802215576,5.999143123626709,69.42255401611328,34.63719215393066,20.88915195465088,285.8646842956543,1232.0192426085473,2552.542496621184,0.4684715895530992,99.98674397468568,68.95690698511899,121.09092636648566,262.7736877679825
31.893770039081573,18.237670053739567,38.23926053857431,20.119184762239456,4.8543860912323,3.336914205551148,0.3034403055906295,0.0547572094947099,0.3898287832736969,4.010108184814453,4.401735591888428,0.5953356504440308,81.79190444946289,26.519825744628907,17.242868995666505,3.47882878780365,6.056414604187012,71.49297866821288,33.344201278686526,20.145416450500488,294.36901688575745,1200.4487255454064,2553.048927499482,0.4346485723787346,100.21024193763732,64.98181618005037,121.6634664433077,262.5414824962616
31.670578253269195,16.039782181486952,38.30549629977904,20.982464563846587,4.665030193328858,2.915022039413452,0.1728192403912544,0.0292446505278348,0.3912775874137878,3.9432888507843016,4.132260036468506,0.6455577313899994,77.42231826782226,24.458974266052245,10.21878719329834,1.810350561141968,6.034515714645385,71.55182800292968,33.02828102111816,21.58073959350586,294.06365756988527,1240.438205873966,2644.4659785167023,0.4142237710923296,99.20977101325988,61.58527588313446,120.2934103962034,259.93923790454863
31.1082914352417,19.70545223597437,38.36799774826504,20.869201070070268,4.911268281936645,3.3213579416275025,0.3182945996522903,0.0543436050415039,0.3845047980546951,4.046578502655029,4.285829257965088,0.6406954824924469,79.8974739074707,27.232383918762206,17.97014789581299,3.438790702819824,6.021579217910767,72.8845115661621,33.34872398376465,21.45197486877441,288.3461006164551,1215.4656215906143,2576.754484907416,0.4509847557425949,100.23836450576782,65.87455716785044,121.46478905640542,262.61336340904234
31.66220438480377,14.148404240456877,37.7873271567747,19.269263166189194,4.641478109359741,2.5660056591033937,0.1141584783792495,0.0185575891286134,0.3834084868431091,3.916604113578797,4.270215606689453,0.5600462973117828,78.26994171142579,21.960547256469727,6.99250373840332,1.175946307182312,6.010010528564453,70.58563919067383,32.0939754486084,19.073635292053225,289.731267786026,1227.655395257473,2600.698017757223,0.4033593452106146,98.3707501411438,54.57105057365261,119.13324991371482,257.2092213630676
29.517635881900787,17.985536462836897,39.04581208007876,20.89167191386223,4.973459100723266,2.9789231538772585,0.2995921581983566,0.0550109844654798,0.3895473480224609,3.7371525526046754,4.283977317810058,0.5988893985748291,78.5809700012207,24.54159812927246,17.126492500305176,3.451207542419433,6.003854703903198,69.74317474365235,33.86648101806641,20.50224666595459,287.6898832798004,1252.305545461178,2719.715356928721,0.4231678468532024,98.10021681785584,61.69749221857637,118.83548545818776,257.41962282657624
30.2685440659523,18.37917376777623,37.76923965762835,20.428299957513808,4.885454368591309,3.185492467880249,0.3025793492794036,0.0519090440124273,0.3822983235120773,3.978116512298584,4.1202476024627686,0.6466571390628815,78.25808792114258,25.860294151306157,16.68050880432129,3.249792790412903,6.012107706069946,71.33253784179688,32.64189682006836,21.32865676879883,283.55565485954287,1188.3860395550728,2532.611903588736,0.4576788331143547,98.75074276924131,63.71410797443241,119.72676855139434,258.4492802619934
32.18332351446152,17.884557196998504,37.670899912295866,20.48255565166473,4.738633728027343,3.0526427268981933,0.3122439682483673,0.0525531280785799,0.3879936665296554,3.989469146728516,4.342411994934082,0.5959133684635163,79.6215217590332,24.865454864501952,17.078122711181642,3.334798049926758,6.006971883773804,69.90675048828125,34.423909759521486,20.293983268737797,293.2103572368622,1259.3883937478065,2570.040152641147,0.4065873855883673,100.27852234840392,63.47948860377073,121.1388156324625,263.2981299638748
31.40422444343567,17.512170332018286,38.64605860642623,20.50979827642441,4.847368812561035,3.0391669273376465,0.3031974971294403,0.0517282091081142,0.3866204530000686,3.94519636631012,4.470509576797485,0.6218020141124725,79.35869140625,24.599891090393065,17.054250526428223,3.2148751497268675,6.030567979812622,71.08773956298828,33.86751480102539,20.93511905670166,293.2027173995972,1233.518148291111,2626.956749886996,0.424707586203857,100.27863144874571,63.097738419286905,121.49101503361015,263.1164426088333
32.26093683242798,13.609058147626277,37.76482651291881,19.288764542341237,4.575504970550537,2.452268958091736,0.0302422789856791,0.0010296715656295,0.3866084694862365,3.841563200950623,4.1395281791687015,0.5693431675434113,78.9360107421875,22.180635070800783,0.70017269551754,0.0572118312120437,6.037031888961792,68.70352325439453,32.24596900939942,19.266127395629884,295.17710266113284,1249.452702140808,2611.9943022887687,0.3702294607728056,98.366770362854,55.23446121033994,119.12309259288013,257.27348988056184
29.99453122615814,17.766347339309867,36.906388423987664,19.581421953439712,4.52694730758667,2.959113335609436,0.0507394548505544,0.0080351764336228,0.3835119754076004,3.557557821273804,4.365110301971436,0.547645652294159,76.92287750244141,27.04868850708008,2.873366284370422,0.5026042938232422,6.019293642044067,65.21102905273438,33.31456184387207,18.857128524780272,304.2193347454071,1451.9345768153669,2758.465313898842,0.4067368320773951,93.65423822402954,63.87825075997971,113.49757495224476,245.3433461427689
31.115421450138093,14.659644822002155,37.41744370397646,20.355153435468672,4.668807792663574,2.655905342102051,0.117281424254179,0.0188562832772731,0.3911507189273834,3.883372855186463,4.254115009307862,0.6395284116268158,78.46408920288086,22.84919147491455,6.994003105163574,1.1733382225036622,6.015077400207519,70.01738815307617,34.222943496704104,21.189807510375974,288.08482670784,1238.2945593476295,2614.114511196094,0.4273759826029198,97.45651359558106,56.314604301936924,118.0806207742542,255.9088687181473
30.142375457286835,22.178129482711665,38.075098827970216,28.569050276279448,4.830801105499267,4.131155109405517,0.3532815486192703,0.0611861307173967,0.385481134057045,3.774656248092652,6.722945165634156,0.7861552596092224,77.98386154174804,32.94265632629394,19.664902877807616,3.8204427003860473,6.055264902114868,68.24226760864258,55.38111457824707,26.39185276031494,293.92136178016665,1382.8964510321616,2719.549332094786,1.239652701982351,97.87720193862916,69.26963612940162,118.72793051544576,264.8956207752228
31.725264251232147,17.226277181273325,39.38962565506809,20.63627998828888,4.854691934585572,2.901521277427673,0.2214919716119766,0.0378215618431568,0.3886329352855682,3.780268836021423,4.016660547256469,0.633909946680069,81.00576553344726,24.47394733428955,12.79505729675293,2.3932994842529296,6.039503049850464,69.25399932861328,33.19355239868164,21.116427612304687,291.86538724899293,1398.2802733957767,2752.592010609293,0.4085440627657221,100.2424575328827,62.90551635837183,121.16103450413792,262.3499796628952
31.06251466274261,19.060560279304628,39.280906723509545,20.083840489387512,4.692286777496338,3.288665294647217,0.2583108723163604,0.0417811390012502,0.3831149041652679,3.6728859901428224,4.128719186782837,0.6109336316585541,77.77286300659179,27.55222511291504,15.846436977386476,2.598087286949158,6.025123119354248,68.97239379882812,32.04158058166504,20.470824241638184,300.7236333370209,1432.5335075795651,2776.526083669118,0.4152328381100886,98.0617561340332,68.43227841109038,118.49697753638029,256.1013508081436
30.140101611614227,19.183313933212776,37.246856066863984,22.33044457435608,5.073899412155152,3.276290440559387,0.3196930766105652,0.0555009316653013,0.3880923867225647,4.047966527938843,4.142313432693482,0.6471185743808746,79.94434204101563,26.67908000946045,18.19910049438477,3.539950799942017,6.001843118667603,70.17211685180663,33.40810585021973,22.108366394042967,294.20353255271914,1267.9003177523614,2637.458860535477,0.4285599699749866,100.26493182182313,65.62566731702536,121.13357151634992,262.51672756671906
30.23519324064255,17.11179748296272,37.39006037213839,21.655321753025056,4.921386957168579,2.9412776231765747,0.2872195780277252,0.0533845204859972,0.3884684145450592,3.957030725479126,4.239834785461426,0.6447485506534576,78.76996307373047,23.882988739013676,16.275653839111328,3.3019877672195435,6.058893442153931,69.4179588317871,34.58111419677734,21.764683532714844,286.6580292224884,1235.8258035063743,2626.337237915909,0.4353530606640838,98.95935645103457,61.285694795846936,120.19148136489092,260.13028423786164
31.696228122711183,16.54056470031501,36.68080010181293,20.425471037626263,4.619574546813965,2.833525013923645,0.1469585597515106,0.0264249371364712,0.3816026508808136,4.053603315353394,4.1947988986969,0.6358753561973571,77.82723236083984,24.339144134521483,9.473157787322998,1.6865251302719115,6.006215763092041,70.77283020019532,32.79851608276367,21.195885467529298,291.69522285461426,1203.3600008130074,2500.4255921816684,0.4202971069971341,98.54902095794678,60.79180541969836,119.38758880719544,258.03474111557006
32.27387194633484,17.34660477027064,37.18641765010543,20.556306821107864,4.788190269470215,3.107169580459595,0.2470842003822326,0.0437554068863391,0.3864796817302703,4.113701438903808,4.083599424362182,0.6377546489238739,81.48960952758789,25.43322029113769,14.806703281402587,2.7459611177444456,6.0619950771331785,71.69664840698242,32.238463973999025,21.29109230041504,300.55158214569093,1226.0140910506248,2540.23015858864,0.402715876156617,100.24141869544982,64.87688574399799,121.13070805799217,261.6500019311905
29.928702890872955,14.753823343897238,36.30779268513434,19.2536220908165,4.736415672302246,2.5048874378204347,0.0858905747532844,0.0115960419178009,0.3901583909988403,3.9045546293258666,4.332502031326294,0.6143453598022461,77.46184768676758,22.704611015319824,4.47501573562622,0.6972058534622192,6.053320837020874,68.80498580932617,32.605421447753905,20.294929695129397,285.0677840709686,1194.299623477459,2535.624442313291,0.3986372628497833,96.16997699737549,55.73788969891611,116.8085898231715,251.7972808599472
30.7521918296814,14.43202415444448,36.86447138716467,20.22397192120552,4.60481104850769,2.490865159034729,0.0016974056605249,0.0003473733333521,0.3880700260400772,3.956466269493103,4.109953784942627,0.5948157668113708,76.35098800659179,22.818921089172363,0.1195966735482216,0.0223610960878431,6.0303802490234375,71.10049819946289,32.145840072631835,20.19246349334717,288.18011379241943,1157.0173341870309,2533.864943170687,0.4121212743723518,96.84374666213988,55.58608960917445,117.38818840924652,253.2362744092941
30.752482342720032,16.708454644028098,36.72712045744993,21.73812692165375,4.7487537384033205,2.81996328830719,0.2692873418331146,0.0491524003446102,0.3907347500324249,4.01320629119873,4.229979991912842,0.6177627623081208,77.8978286743164,23.29063777923584,14.944580364227296,3.123349714279174,6.012294769287109,70.38235092163086,34.65199928283691,21.18875160217285,292.9275030136108,1274.8530440807342,2627.3753772173136,0.4195896425600899,98.12191805839538,59.48721739482134,118.92033814582972,257.92672317028047
30.15945914983749,17.241856513742825,38.77541101691313,20.916420578956604,4.837784481048584,3.0812875270843505,0.2907423704862594,0.0526485916227102,0.3871619999408722,3.70459189414978,4.323209762573242,0.6254059255123139,77.8171516418457,24.6589693069458,16.94749698638916,3.319528341293335,6.03698582649231,68.1724349975586,32.984056854248045,21.15753173828125,288.53954095840453,1256.3280303955078,2729.831085161364,0.4538067131977179,98.09394397735596,61.47850227691233,118.8329020543024,256.8302376270294
30.954499936103826,15.068295697268333,38.65129380680155,19.911092346906663,4.736813354492187,2.547631549835205,0.1621175691485405,0.0264502456411719,0.3848248869180679,3.73702495098114,4.122222185134888,0.6133204162120819,78.38067932128907,21.90472412109375,9.790570068359376,1.6663000345230103,6.03267273902893,68.60752792358399,32.44365005493164,20.478260040283203,289.7610710144043,1260.152590596676,2680.292590502725,0.3921831014469347,98.14495620727538,55.07222059704363,118.86875436138362,256.7813977003097
32.25902215242386,20.000226087868214,38.532902871072295,19.92036203145981,4.900784540176391,3.1782827615737914,0.3313275665044785,0.0582035347819328,0.3878836333751678,4.119812154769898,4.399494171142578,0.5847109138965607,80.61036224365235,26.548878288269044,19.066721534729005,3.655574083328247,6.017074918746948,72.50496368408203,32.793453979492185,19.85864810943604,297.2044270038605,1415.9621070504188,2664.7715363670723,0.4033688091846777,102.47315554618837,67.58202562592923,124.0352844255045,268.15815951824186
31.501301074028014,21.15306245090905,39.5296313483268,21.30525156259537,4.84515151977539,3.8434621810913088,0.3499989151954651,0.0578980147838592,0.3829975306987762,3.811977100372314,4.7073655128479,0.6883566200733184,79.92643356323242,30.577573394775392,21.392951583862303,3.597270679473877,6.019987344741821,70.2394172668457,35.101392364501955,22.64616203308105,291.9700270652771,1391.4299619793892,2734.95727836843,0.4703422851106943,100.16632685661315,71.25527996402234,121.23249415121973,263.2902746677399
32.49104444980621,14.534207763388986,38.05516540494282,19.986680632829668,4.705303430557251,2.388696718215942,0.1100153468549251,0.0187707057222723,0.3916322618722915,4.0188220024108885,4.199624490737915,0.6487051725387574,79.84536285400391,21.06999969482422,6.908273077011108,1.1889704704284667,6.031023693084717,71.75027389526367,33.7380615234375,21.24484577178955,299.4566243171692,1256.0237438082695,2603.326773952268,0.3756856173430094,100.34381279945372,53.79770893519744,121.21043192483484,263.01858537197114
30.600878036022188,16.80974943652982,37.3306141074514,21.05245945453644,4.828957653045654,2.747064805030823,0.2203410431742668,0.0372428398579359,0.3846525579690933,3.957858753204346,4.206769514083862,0.6321373045444488,79.44263916015625,23.46349391937256,12.394797039031982,2.355911874771118,6.049052000045776,70.57081756591796,33.129568099975586,21.352264595031738,292.3795298576355,1285.3026194930076,2655.0927198647464,0.4210565359842647,98.1132586479187,59.558940613269804,118.97632303126156,256.9179778814316
32.553454303741454,18.39060621461831,38.68216591577512,20.849242424964903,4.705422115325928,3.179050087928772,0.3328153789043426,0.0568734098225831,0.3836542874574661,3.9463442087173455,4.297207641601562,0.5918191313743592,80.28660583496094,25.72526454925537,19.80499095916748,3.591737127304077,6.024797153472901,71.16800460815429,33.152409362792966,20.34472332000733,293.8275566101074,1254.033751130104,2607.2492265753217,0.4342900483660166,100.24901914596558,65.24860187415034,121.47362373434008,262.5847003698349
31.38724844455719,18.416159272473305,38.026232771133074,20.584012812376024,4.798912048339844,2.9412646293640137,0.3044740557670593,0.0531399574130773,0.3876571327447891,3.9687615394592286,4.245135354995727,0.5872487723827362,80.25204467773438,24.5264575958252,17.30958995819092,3.300519061088562,6.052557897567749,71.70270614624023,34.21109237670898,20.066627502441406,296.6094547271729,1275.3285901665688,2612.949624163209,0.4155621793861776,98.94147868156432,62.29529453553259,119.9303481252864,259.68116984367373
30.398521304130558,20.035065414733253,37.17926868617069,20.501024121046065,4.871220874786377,3.527906370162964,0.341179022192955,0.0560678843408823,0.3852297067642212,3.99200541973114,4.103640174865722,0.6541770696640015,78.17040100097657,28.38600254058838,20.99662036895752,3.56001353263855,6.003273820877075,69.9939682006836,32.67778854370117,21.547116470336917,290.78930511474607,1193.5685359239578,2493.864485543192,0.4468126983050144,98.92794971466064,67.06258325353265,119.84062670301644,258.917079782486
31.401816499233245,18.58019998739473,39.51862365249544,20.224972730875017,4.851442098617554,3.095052218437195,0.3095207512378692,0.0524226959794759,0.3836098730564117,3.775917649269104,4.4234894752502445,0.6441284477710724,79.4413444519043,25.423367500305176,17.266026306152344,3.284514307975769,6.0315333843231205,69.2188331604004,33.62121772766113,21.316924476623534,294.7644419193268,1418.157156187296,2763.082613123115,0.4193297668061362,100.29937782287598,64.52539229355753,121.31653351150452,262.8347484827042
31.07750537395477,16.39369499683253,38.1939656913979,20.460034996271133,4.560963726043701,2.9011419773101808,2.064201520823872e-09,5.293867610537181e-17,0.3849296361207962,3.6339916229248046,3.9985374927520754,0.5912721931934357,78.26854019165039,26.4144380569458,3.021725612784021e-11,3.288549428837008e-15,6.046672344207764,67.74353866577148,32.79943008422852,20.11830997467041,303.10120844841003,1402.4445316195488,2780.7585979597584,0.368137134412721,95.87038903236387,65.96941609382873,116.1422320071608,250.89813997745517
32.21808614730835,19.52473417749861,37.66137491757981,21.22028865814209,4.88028392791748,3.0663642644882203,0.305098894238472,0.0551671087741851,0.3843649625778198,4.165376615524292,4.100731706619262,0.6721328377723694,82.58665542602539,25.658821868896485,18.765853691101075,3.481679105758667,6.052885246276856,72.73862152099609,32.51669425964356,22.26552143096924,298.03433618545535,1190.7477460503578,2475.3603485880826,0.3947929984027425,100.90350947380064,65.43187118917703,122.47338016033171,263.8059864997864
32.04115823507309,17.68467523928266,38.08459135070443,22.333984500169755,4.81358118057251,3.212761664390564,0.3132980585098266,0.0525981411337852,0.3837519168853759,4.022355222702027,4.209490156173706,0.6527857542037964,81.23409652709961,25.577213478088375,17.605734825134277,3.3106221675872805,6.044541883468628,71.44127655029297,35.034394073486325,22.16618671417236,291.88827500343325,1215.6702202439308,2570.8092095943,0.431932335570286,100.22943716049194,64.82819871213287,121.49584751483052,263.4481123685837
30.625652134418488,16.894720119297595,38.455858285329306,19.990164190530777,4.573405313491821,2.7876714706420898,0.0007822405139449,3.1001538758346214e-07,0.3910223811864853,3.619750237464905,4.186637878417969,0.5900737464427948,76.66325912475585,25.94934139251709,0.0019664460909552,9.126299346462474e-06,6.044388008117676,67.95115203857422,33.64402046203613,19.946358299255373,297.7309659957885,1324.0653440833091,2727.95314106117,0.3975772932741823,95.89289441108704,64.51770121620741,116.31736563444136,251.6452035427093
31.60549763441086,16.328798236965667,37.2808438667329,20.784123611450195,4.586750411987305,2.9462748527526856,0.2766622573137283,0.0499134816229343,0.3860920965671539,4.01465950012207,4.305576419830322,0.6150464951992035,77.02440338134765,23.721181297302245,15.46259059906006,3.1784395217895507,6.053905248641968,71.70497055053711,34.146080017089844,20.8384952545166,294.7156213760376,1283.5276272654532,2644.1639176973376,0.409399204396545,98.10393977165222,59.97551712626591,119.15191445779055,257.7872229576111
31.660050010681157,18.13622900182381,38.945595134003085,19.54557161927223,4.7514646530151365,3.094641160964966,0.3051804512739181,0.0523614171892404,0.3829166293144226,3.764710712432861,4.288890933990478,0.6154649078845977,78.61244049072266,25.18710861206055,17.59745063781738,3.307111072540283,6.012378025054932,67.97854537963867,34.26956672668457,20.263139724731445,290.5255143642425,1439.9324200809,2750.259654563008,0.4227712651754622,99.85513639450072,64.32105031888932,120.7835786530748,262.29117493629457
31.726020574569706,17.138177373586224,39.96411645261105,20.678580158948897,4.850185871124268,2.829309320449829,0.2440027460455894,0.0388352692127227,0.3876325994729995,3.757220411300659,4.064302110671997,0.5862997591495513,80.75705108642578,23.947622299194336,13.189332008361816,2.4216758251190185,6.020294809341431,70.00668334960938,32.125491333007815,20.159547805786133,290.9041350364685,1432.5470576643943,2824.34218808586,0.3764700522134966,100.30478925704956,62.37736282227561,121.25942484401166,262.0324918270111
31.139804804325102,18.14621014079312,39.83896962166764,19.42317585349083,5.002947521209717,2.8851722717285155,0.1820919603109359,0.0309455469250679,0.3824264109134674,3.751579880714417,4.222469711303711,0.5520055592060089,82.5435562133789,25.373424339294434,10.735892581939698,1.9283259630203249,6.0186803340911865,69.9693977355957,32.408287048339844,18.909315299987792,295.9670419692993,1485.5543687224388,2840.854766846873,0.3922239004726279,100.25216717720032,65.2620659403503,120.79506944622844,261.69989612102506
31.012420856952662,18.136880002729598,36.50182963267434,20.53602322936058,4.65969672203064,2.943645548820496,0.3050505608320236,0.0494835432618856,0.3895346760749817,4.015271615982056,4.113929080963135,0.6172299742698669,76.59964904785156,24.43556880950928,18.204225730895995,3.1035071849823,6.048036289215088,69.57740783691406,33.68804931640625,20.698352813720703,297.0089828491211,1282.429632174969,2581.2673434584926,0.4334405010634405,98.1086389541626,61.9257478268817,119.12077409885823,257.5823532819748
31.43219547271729,18.42303088640329,39.410535087203606,20.439180618524556,5.093095207214356,3.151732873916626,0.3059065014123917,0.0498106908053159,0.3875406801700592,4.0057865381240845,4.113380050659179,0.6227041780948639,83.03858795166016,25.784432029724123,18.781159591674804,3.165761423110962,6.03760724067688,72.71889953613281,32.92199935913086,20.831601524353022,292.51107983589174,1378.960444444418,2707.1542155760226,0.3990205453518001,101.97952036857605,67.14845356540755,123.35168902482836,266.64704582691195
30.16557298898697,16.051419390528462,38.40659127482213,20.111390233039856,4.761442565917969,2.7397333860397337,0.207611583173275,0.0358604650944471,0.3910566478967666,3.666049671173096,4.193560647964477,0.5673299968242645,77.59830627441406,23.1103630065918,12.793648815155027,2.2147279739379884,6.024492168426514,67.6588150024414,33.05271530151367,19.46634292602539,290.02328929901125,1260.2880353093146,2704.8089857074083,0.4139616943214129,97.03476252555848,57.118908036872746,117.49853633176537,254.16364624500275
32.22340750694275,12.76354010614159,38.37997533320449,19.540197557210924,4.566921901702881,2.270860481262207,0.0626883495599031,0.0099252763204276,0.3816790699958801,3.791803216934204,4.143072986602784,0.5762271583080292,78.7121566772461,19.964765357971192,3.619840955734253,0.632760739326477,6.019065856933594,69.14531707763672,33.30623512268066,19.428543663024904,288.05760917663576,1245.9772300362588,2638.0024925756093,0.3668170082874276,98.17707238197326,49.54607852352783,118.89691545851528,257.4462771654129
31.19217493534088,18.45418379548937,38.50121902101673,19.809988009929658,4.650645923614502,3.314064478874206,0.3069203466176987,0.0523792207241058,0.388618591427803,3.789955639839172,4.2857788562774655,0.6116238713264466,77.1770233154297,26.49861431121826,18.52690773010254,3.272958016395569,6.045671558380127,69.50808258056641,33.711019134521486,20.32878646850586,295.38565788269045,1278.1525409817696,2632.399877004983,0.4432858573382646,98.05784611701964,63.71595793496817,119.00463145878166,257.3912222146988
30.16512174606323,17.556352781516033,37.21704447190277,20.831476187705995,4.90803599357605,3.0420698881149293,0.3030759692192077,0.0537019930779933,0.386876055598259,3.965677785873413,4.162202453613281,0.6051242351531982,79.74415283203125,24.675905609130854,16.480542373657226,3.417504596710205,6.022553157806397,70.72224044799805,32.35031089782715,20.656248092651367,289.3506469249725,1254.3364315748215,2627.2061564788573,0.42751116734064,98.08139309883116,61.55594504280016,118.75060336682944,256.2870259284973
31.095152342319487,18.6737654499244,37.39438947322778,20.98313269615173,4.801489448547363,3.035110855102539,0.3047985881567001,0.0530302412807941,0.3863890051841736,3.9022032737731935,4.214983510971069,0.6453876614570617,80.97864227294922,25.141164588928223,18.300268936157227,3.310565042495728,6.026875352859497,69.5443489074707,33.72832145690918,21.55560150146484,301.61015524864195,1269.4288913607595,2579.5212326237697,0.4034648069749842,98.05725946426392,62.574773743748665,118.79838324896993,256.98940722942353
30.71652207374573,14.968022667337207,38.05324192931876,21.25824823975563,4.730171537399292,2.719281053543091,0.1590302363038063,0.0253636656329035,0.3848818451166153,3.8213698387146,4.16786208152771,0.6478635787963867,77.08767013549804,23.13396301269531,8.860488128662109,1.5645089983940124,6.003186845779419,69.22358856201171,33.55756950378418,21.69093551635742,291.70065088272094,1241.3949461340903,2686.0602655535854,0.411554767367928,98.13955297470092,57.90918682962656,118.80085041020064,257.366415977478
32.571223723888394,14.185325530607953,37.96618516908493,21.38770718574524,4.7602152824401855,2.4038088798522947,0.0907684676349163,0.0152163951657712,0.3908341109752655,4.067710590362549,3.9886323690414422,0.6172195196151733,81.82086181640625,21.220809555053712,5.421597146987915,0.9716329336166382,6.0309014320373535,72.74937133789062,33.40778999328613,21.04907646179199,299.4281470298767,1272.1859664797782,2628.655186506588,0.3710530219339787,100.31265749931336,54.16569121968932,121.19534445181488,262.60272085666656
32.27054071426392,15.150106758141192,39.04689516734798,20.90002988576889,4.725003433227539,2.7762247800827025,0.1628075003623962,0.0256979150697588,0.3933599978685379,3.874604415893555,4.083438730239868,0.6032450020313262,79.56115798950195,23.323487854003908,9.91171417236328,1.6175294876098634,6.035704660415649,70.77555465698242,32.85947875976562,20.583644294738768,294.5103777885437,1278.4831268787384,2684.395597888494,0.3963317044834866,100.30240473747251,59.00604469515383,121.23909305743874,262.4309696912766
32.95535196065903,13.384772304620128,39.57138730499428,19.6379218518734,4.664461946487426,2.4510513305664063,0.088772215694189,0.0142846332862973,0.3851798713207245,3.824876570701599,4.109885358810425,0.6275868117809296,80.61499404907227,21.15367259979248,5.446628046035767,0.9023218154907228,6.034929084777832,70.7338035583496,31.878269767761232,20.702973937988283,294.936592912674,1284.3709997296332,2698.386955344746,0.3938093001268427,100.3399817466736,53.45004238449037,121.2482565138489,261.9593794345856
30.61625992059708,16.716065359604546,38.3531672303332,21.032739382982253,4.774893236160279,2.9846455335617064,0.2653108119964599,0.0462395500391721,0.3875176697969437,3.818351984024048,4.147627258300782,0.6538507282733917,78.08911437988282,24.176327896118163,16.02563409805298,2.87958242893219,6.033664894104004,69.87442169189453,34.64740562438965,21.610292434692383,293.635725402832,1278.4475583553317,2693.7198633421917,0.4438130907607366,98.08947014808656,60.52407164461911,118.95458375997842,257.8296798467636
32.40853035449982,15.86279073790647,38.68273684268352,20.335175144672395,4.67582483291626,2.6650131225585936,0.1570021033287048,0.0264402355998754,0.3900507658720016,3.840161347389221,3.998860907554626,0.614027488231659,78.73965835571289,23.00565662384033,9.59949827194214,1.6527201890945435,6.0560863494873045,68.80895690917968,33.27278060913086,20.515733337402345,303.6098097801208,1267.3442745566367,2636.684997534595,0.3946757691653865,100.31413912773132,58.79149237377569,121.29928930792956,262.8210198640824
30.079638147354125,15.62645584114362,38.07663651339245,20.08903149366379,4.944261121749878,2.6009915113449096,0.1518951997160911,0.026035757549107,0.3897116720676422,3.7629045248031616,4.304537391662597,0.577213579416275,80.29720153808594,22.496089363098143,9.388480758666992,1.6506328463554385,6.03188796043396,67.94926071166992,34.04383735656738,19.68039035797119,288.892406129837,1269.8855258584022,2699.554046213796,0.4067733155445268,98.10866103172302,56.26170726460405,118.76806067265572,257.4049534320831
30.942076551914216,16.184553623571993,37.565196500183085,21.001937997341155,4.718902063369751,2.633815860748291,0.2151838168501854,0.0361522231251001,0.3871830523014068,3.879985809326172,4.255729484558105,0.6126065373420715,77.88509063720703,22.46399383544922,12.157469272613524,2.300705647468567,6.059241437911988,69.04001388549804,32.88880233764648,20.87975368499756,287.24889106750487,1239.850822710991,2651.097370988858,0.4042055975783633,98.12120122909546,57.13735413299874,119.2235856005922,257.0657818078995
30.797803378105165,15.97139334587846,38.561299052648245,21.234797847270965,4.833135652542114,2.637176990509033,0.2056497290730476,0.0344901409000158,0.3918051689863205,3.7609243392944336,4.044799232482911,0.6155035734176636,78.76818618774413,22.44596748352051,11.90915813446045,2.1426846504211428,6.04272723197937,67.77811965942382,33.25712852478027,20.9174955368042,288.8072288513184,1226.8470212817192,2659.660876521107,0.4057890957508242,99.00014462471007,57.43422708921135,120.08184418361634,259.5094775915146
31.02099277973175,19.491830577468495,37.45485685516614,19.49125103354454,4.828075313568116,3.219796752929688,0.339849442243576,0.0545713350176811,0.3841797649860382,3.8340861558914185,4.323283910751343,0.6122832834720612,81.44853897094727,26.51987648010254,20.631469917297363,3.395355987548828,6.029114437103272,67.98100433349609,32.42869873046875,20.341427612304688,300.8147302627564,1268.6534715414048,2578.452395724191,0.4080774066667977,98.03678822517396,64.63641504719854,118.76500492300838,256.24485630989074
32.68210816383362,18.299975910875947,38.6532089143293,21.532415163517,4.710875225067139,3.172369456291199,0.3067588716745376,0.0528639700263738,0.3897530049085617,4.000325059890747,4.109818696975708,0.6682895302772522,80.95008697509766,25.567946243286134,19.30317001342773,3.368221807479858,6.030453968048096,72.5433967590332,33.95738182067871,22.24304161071777,297.1544535636902,1201.2792490124702,2543.1466431193403,0.4047442389077226,100.26824588775636,65.0204599628225,121.51569617092608,262.9601543903351
32.29076083898544,17.871817670562756,39.02326553189196,20.176374751329423,4.747638130187989,2.891583490371704,0.0044801213778555,7.338674022321357e-05,0.3862082421779632,3.909599781036377,4.057351016998291,0.62869313955307,80.43018951416016,27.034547424316408,0.0822608061134815,0.0035967383650131,6.068315935134888,71.78660507202149,32.381785202026364,20.93711986541748,303.56095161437986,1465.531255531311,2724.5676320724715,0.3343260186260736,100.229008769989,68.48013800510826,121.03807768840343,261.8182855129242
31.759455943107604,16.288193791429514,39.86897073849104,20.43257862329483,4.76507339477539,2.7747363328933714,0.2201506018638611,0.0380315501242876,0.3868735820055008,3.796122455596924,4.137988424301147,0.6341162919998169,78.57575073242188,23.283204650878908,12.4366792678833,2.381768321990967,6.035555982589722,70.29218368530273,33.30032043457031,21.062692832946777,290.33722739219667,1385.465546476841,2768.518131477403,0.3977625388303032,100.30184197425842,60.21880634678528,121.69483704324811,263.11640601158143
30.74989548921585,18.510583167441656,37.26027472396381,21.913410156965256,4.859212112426758,2.96033263206482,0.3094510734081268,0.0555128410458564,0.3863244295120239,3.993119382858276,4.23479814529419,0.6457514703273773,81.1069091796875,24.714588165283203,17.420631408691406,3.497354531288147,6.070115041732788,71.17812423706054,34.71729698181152,21.889343070983887,301.26195683479307,1264.6591187000274,2611.529807799886,0.4146144791347588,98.04075555801391,62.02266648709774,119.0971356989816,257.5212589979172
32.00864723920822,16.87680028053001,37.99521464270074,21.130448085069656,4.578834342956543,3.0912939310073853,0.2997227042913437,0.0523254837840795,0.3863594204187393,3.860936784744263,4.135548830032349,0.6063841819763184,78.45697021484375,24.607621955871583,17.737820434570313,3.26541645526886,6.0231493473052975,70.0004898071289,32.42570495605469,20.757944297790527,296.3590195655823,1278.2649954080582,2668.75165407458,0.4122862971133294,98.09599151611329,61.6752316839993,118.92485885526985,256.5940840482712
31.36645597219467,14.780500459723408,37.000809907238,21.460073864459996,4.711037635803223,2.42818546295166,0.1009813241660595,0.0167393419891595,0.3885288625955582,4.023997449874878,4.080662250518799,0.6012710571289063,79.434619140625,21.60051784515381,6.281130266189575,1.0393882393836975,6.0072962760925295,71.58023834228516,33.834608459472655,20.675510597229003,297.3158685207367,1201.483278822899,2585.949004671193,0.3907148019888239,98.13734526634217,53.99092480139807,118.76500602811576,257.32940464019777
31.147939956188203,17.515879182820207,36.59890356147662,21.32125726938248,4.710833787918091,3.0196988105773928,0.2944312691688537,0.0543360821902751,0.3886691033840179,3.9853740453720095,4.162001514434815,0.6069434106349945,78.53255920410156,24.479978561401367,17.40851287841797,3.453372073173523,5.998908042907715,69.57144088745117,33.25390472412109,20.802264404296874,295.26197576522827,1294.240115392208,2639.0492440905773,0.4325869553820268,98.11453948020934,61.58023031456396,118.6776864344254,256.93041906356814
30.33399373292923,21.10365302066784,38.26687800260261,20.95839504599571,5.036450433731079,3.448030924797058,0.3381268918514252,0.0567754458636045,0.3873922556638717,3.995359182357788,4.264779567718506,0.6033467352390289,79.9337760925293,28.62447834014893,18.969443321228027,3.566977047920227,6.063777065277099,71.36455307006835,34.50778999328613,20.5419641494751,289.493562078476,1231.0457487225533,2578.838874083932,0.4610352734044831,100.2038947582245,67.44189447369426,121.49503252431752,263.1561994075775
32.92464640140533,13.729134117266222,39.45885655146558,20.642042261362075,4.65434045791626,2.4842342853546144,0.0190103642642498,0.0037854289636015,0.3830008327960968,3.788947343826294,4.012417364120483,0.5914253294467926,80.22273712158203,22.086709213256835,1.2029931724071503,0.2393658652901649,6.016433429718018,69.51299896240235,33.30685539245606,20.154347038269044,294.0441910266876,1419.3241312503817,2779.404200397624,0.3708386935472909,100.32869319915773,55.41696551995119,121.19532405007632,262.8121505022049
31.59899550676346,13.624192218567714,38.29380666995421,20.24046577811241,4.648447179794312,2.2230548620224,0.0038270438555628,0.0008548399608116,0.3913456469774246,3.7862804651260378,3.93727548122406,0.6094035744667053,78.53558731079102,20.663536262512206,0.2618384078145027,0.0553808953613042,6.019698524475098,69.0250343322754,31.83094272613525,20.475099182128908,291.3008103847504,1225.7091682910918,2621.376443410298,0.3621230070395625,98.17898187637329,51.42589730941764,118.86886349152772,256.52617633342743
30.68108413219452,14.391099104267775,37.50444531713147,21.28672355413437,4.621242332458496,2.459355545043945,0.0661717422306537,0.011687399726361,0.3888168424367905,3.7566038608551033,4.126961898803711,0.6207391440868377,77.13697662353516,21.928753280639647,3.963721013069153,0.7241323292255402,6.023975229263305,68.41310119628906,33.856174850463866,21.077546691894533,290.6834222793579,1265.3464010357857,2699.947278842854,0.4249571519732577,96.40439858436584,53.4696925428696,116.73305473458022,252.8568175315857
31.59928467273712,21.470402593445037,38.8227595229866,23.458123487234115,4.8246527194976805,3.439209794998169,0.3242029070854187,0.0567438416182994,0.3829715549945831,3.918929028511047,4.70676212310791,0.775776880979538,79.6764129638672,28.669550132751464,19.193630599975585,3.549007225036621,6.033395767211914,71.1171760559082,36.21227035522461,25.48943424224853,295.64390444755554,1412.1218358278277,2719.532479499822,0.4257652783864415,100.225075674057,69.33943847604095,121.25411587823184,263.9286954164505
31.28150870800018,19.277070604392797,38.90515442795586,21.41603564620018,4.995856523513794,3.313090419769287,0.3182216107845306,0.0568204220384359,0.3916303575038909,3.884515881538391,4.209811496734619,0.6108680427074432,83.10755004882813,26.797487258911133,19.833952331542967,3.5948484182357787,6.021276187896729,70.85639266967773,34.30598411560059,20.90753116607666,295.694385433197,1403.4510228812694,2751.275481134764,0.4135607371682525,100.19384531974792,67.21054150052369,121.02669683881103,262.6326285123825
32.246568095684054,17.11330706356093,37.48563457354904,19.80249839425087,4.633871555328369,2.9520386695861816,0.3065890461206436,0.0522483590990304,0.3843505829572677,3.987163472175598,4.195459461212158,0.6141285002231598,78.39209365844727,23.958591270446775,16.42700958251953,3.330121874809265,6.036625480651855,70.1126205444336,33.25984687805176,20.40407524108887,297.79851179122926,1273.8551442861558,2564.6872264425447,0.4240035981115504,99.42789282798768,61.65487975869328,120.34677397347988,260.5434998512268
31.207314455509184,19.407085969811305,38.83009055927396,20.704018992185592,4.642784500122071,3.247180962562561,0.3274359673261642,0.0555067986249923,0.3876326620578766,3.791912841796875,4.157549571990967,0.6592211425304413,77.0147689819336,26.686375236511232,18.045762825012208,3.47000503540039,6.063975191116333,70.32672119140625,33.060621643066405,21.74706268310547,298.1807946681976,1420.319754445553,2738.6880549874973,0.3746237195840088,98.06525020599364,66.5227938272059,119.11848011910917,257.0888596534729
30.916911828517915,19.511675674736036,39.65735751134344,20.638821041584016,4.960319662094117,3.461841535568237,0.3321780353784561,0.0545290403068065,0.3881935656070709,3.807626867294312,4.158581829071045,0.6635155320167542,80.39290847778321,27.793828582763677,19.582424354553225,3.4818838596343995,6.002866888046265,70.35185394287109,33.36565818786621,21.784641647338866,287.29238390922546,1232.6964411497115,2619.219913666835,0.4635709421885469,100.23861689567566,66.89786535678431,121.3868059558794,262.6505030632019
30.23508080244064,20.65039582171012,37.75923948865384,21.94840631484985,5.0518303394317625,3.490076780319214,0.3347393780946731,0.0573944132775068,0.3879594326019287,4.022546720504761,4.388387298583984,0.6332196295261383,79.9090560913086,28.559297370910645,19.8454948425293,3.5785598516464234,6.0620544910430905,70.6719841003418,35.150329971313475,21.634206771850582,289.83666677474974,1229.3850082755089,2606.094157825364,0.4755913030497083,100.2007417678833,67.8363790096715,121.46653844453394,263.4206320762634
32.269763600826266,15.09949613265344,39.22934902496636,20.187569397687916,4.69517149925232,2.650706958770752,0.1548780396580696,0.0252994298934936,0.3885403722524643,3.904755640029907,4.084532976150513,0.6275573551654816,78.6848876953125,22.526505279541016,8.967857551574706,1.6049139142036437,6.005494022369385,71.61415328979493,32.981651306152344,20.84404964447021,292.55804600715635,1390.9163725912572,2761.463314864749,0.3921564267705875,100.33435835838318,57.7321607850492,121.53317885659636,262.95346715450285
29.915246999263765,19.74061845785473,36.99269619605038,19.58307409286499,4.71382155418396,3.177266240119934,0.3312593817710876,0.0590498942881822,0.3933853834867477,3.691190385818482,4.269402408599854,0.5648722589015961,77.52000885009765,26.471066093444826,18.610948371887208,3.726980638504029,6.046257972717285,66.27746200561523,32.84901466369629,19.21579513549805,297.700938129425,1349.076430261135,2700.694605328853,0.5015031368202011,95.88300461769104,65.43636481780558,116.05308793000876,250.86390688419343
30.973492443561558,17.81079985385295,37.9031255929498,20.084341925382613,5.005370616912842,3.0793301105499267,0.2983463257551193,0.056270582228899,0.3869627177715301,4.051708698272705,4.340300703048706,0.6435307323932647,81.84293518066406,24.94356842041016,16.95074405670166,3.538118362426758,6.0132341384887695,71.91916580200196,33.760742568969725,21.18857593536377,292.2561735153198,1232.9730613946915,2570.67737643664,0.4261933657390244,100.25614185333252,64.30775277465582,121.31128469109537,262.7836088657379
30.285136449337006,22.214363195793705,37.4393532485934,20.373604130744933,4.856740999221802,3.7680014610290526,0.3342802464962006,0.0580730836838483,0.3906253486871719,3.848022937774658,4.637927675247193,0.6169788599014282,79.03630981445312,30.885395431518557,20.240610122680664,3.648170924186706,6.036650609970093,68.23361434936524,35.19256782531738,20.68646488189697,292.79543175697324,1318.6028623580933,2655.6598566765488,0.6230734020704404,97.99914951324465,68.93613871112466,118.94857646692545,257.7375808954239
30.867513298988342,17.220516839262565,37.190053022536446,20.33612588644028,4.771177816390991,3.0381523609161376,0.2910329729318618,0.0472945261746644,0.3860388368368149,4.002177715301514,4.404987382888794,0.6053679883480072,79.07867050170898,24.62755241394043,17.69078540802002,3.012933087348938,6.03276948928833,71.487939453125,32.998085021972656,20.486911010742187,288.62917404174806,1251.2718101024627,2614.91233897052,0.4508759910313621,98.0768699169159,61.55076825935394,118.82765411138534,256.6849884748459
31.616897535324096,16.665814815904014,39.89228582638316,19.71282650232315,4.852539825439453,2.7468120574951174,0.1609737262129783,0.027043885178864,0.386180493235588,3.794835162162781,4.304807949066162,0.5948733627796173,80.41901321411133,23.86617088317871,9.634847831726074,1.7103070378303529,6.0458984375,70.73330154418946,32.814551162719724,20.00407314300537,289.9493844985962,1418.8889561593533,2791.6142836221784,0.4000936581572404,100.27114424705503,61.1208117316477,121.33205616604536,262.3554976940155
31.194978284835816,13.221045341729768,37.43603983218782,20.93700960278511,4.649405479431152,2.2304051160812377,0.0470951836556196,0.0100599166937172,0.3829077035188675,3.98166139125824,4.077783584594727,0.6593248963356018,76.89756317138672,19.90669479370117,3.1660345554351808,0.6371546387672424,6.0258289813995365,71.15480194091796,32.407252883911134,21.87364807128906,288.2975668907165,1151.286763727665,2546.0377809618194,0.3962954326924958,98.21320781707765,49.56874111008365,119.20284701995551,257.10927748680115
31.081804072856904,19.42127035469748,39.860245694522746,21.66231313943863,5.044597005844116,3.1807385206222536,0.3047868639230728,0.0574571643024683,0.3822947233915329,3.873796796798706,4.119621419906617,0.7053540050983429,80.42320709228515,26.28707695007324,17.32607650756836,3.6233076572418215,6.015909433364868,70.64409484863282,34.473309707641604,23.053300857543945,296.2879123687744,1404.6899429917337,2763.6587525852374,0.411252965564973,101.81495327949524,66.11100975479931,123.1202158952132,267.26235008239746
30.43875072002411,19.651688041584567,38.18351864188444,21.05668294429779,4.902657413482666,3.199796962738037,0.3156091451644897,0.0574570957571268,0.3868047297000885,3.904486346244812,4.411702394485474,0.6177969157695771,80.97557754516602,26.599541091918944,18.001634407043458,3.5555563449859617,6.068618631362915,71.14215469360352,33.97343444824219,21.029114532470704,292.36678500175475,1280.6692519068718,2630.7051758250627,0.4150703183095892,98.01197690963744,63.999462486431,119.40312460549175,257.3363467216492
30.08891739845276,20.66572650944581,37.50793218354229,20.66170809268952,4.902165746688842,3.5922759771347046,0.336222431063652,0.0586535852402448,0.385993555188179,3.918001914024353,4.473714017868042,0.5880723118782043,79.40754318237305,29.210459518432614,18.845588302612303,3.7394925594329833,6.057805395126342,69.61545257568359,33.923228073120114,20.184166526794435,292.442502784729,1281.1053995490074,2629.460031953536,0.4671794036517056,97.99819250106812,66.44967342596502,119.37386544849724,257.352698469162
30.59229241609573,19.236841752845795,38.89299984793179,21.50879481434822,5.028863430023193,3.403285956382752,0.3371426314115524,0.06053575463593,0.388876861333847,3.925726413726807,4.173614454269409,0.660117095708847,80.85872879028321,27.357306671142577,18.833154678344727,3.786727857589722,6.029843473434449,71.7092658996582,33.53209609985352,22.07333984375,294.2727968215942,1401.558308029175,2775.88644655702,0.4145090356698766,100.2148334503174,69.66531025506556,121.15266940798612,262.3807860612869
32.544990348815915,18.706807199353356,38.04217320983298,20.357283860445023,4.735744380950928,3.153561568260193,0.305438682436943,0.0525476343929767,0.3838049381971359,3.95848126411438,4.285686922073364,0.6610201954841614,81.12036514282227,25.71793823242188,18.79960517883301,3.2541298627853394,6.023745536804199,69.8671257019043,33.701424026489256,21.68411884307861,302.0001114368439,1187.341624343395,2480.644015932013,0.3916942717586373,100.25078825950622,64.76719204634428,121.33631935864688,262.83429698944093
30.76122807264328,19.94184793945169,38.86617464607116,20.261662787199025,4.9625030040740965,3.514745497703552,0.32771275639534,0.0584377102553844,0.3862886637449264,3.824659466743469,4.376534080505371,0.6163171529769897,79.8138412475586,28.28524570465088,19.695765495300293,3.712071132659912,6.043777799606323,68.92874298095703,34.000170135498045,20.68007698059082,295.6616443634033,1406.5734247386456,2738.7632905920327,0.4318975772016898,100.220050239563,68.24839782677591,121.2062031134963,262.8258730649948
30.908575034141546,15.300005589047212,38.36591926370748,18.536307537555693,4.685658693313599,2.5436313152313232,0.1534345224499702,0.025633399747312,0.3832635760307312,3.7476832389831545,4.205855846405029,0.5729966998100281,76.77038345336913,22.015829658508306,9.557813835144042,1.6258972525596618,6.037873268127441,68.02738571166992,32.75053520202637,19.045803451538085,288.37678918838503,1262.1244079589844,2620.8640876855234,0.3807885294108267,98.1659379005432,55.05578800654039,118.94207572825252,257.2765808343887
31.54169671535492,16.25941056951415,37.1355766777182,21.54278208017349,4.902950096130371,2.658935189247132,0.1885285288095474,0.0338978346437215,0.3871200919151306,4.076573848724365,4.056667280197144,0.6495191276073455,81.41791000366212,22.82603187561035,10.684097385406494,2.0926106452941893,6.012901830673218,70.61089859008788,32.36238822937012,21.95057621002197,299.2360951900482,1276.2639464735985,2604.009981412353,0.3822606189882819,100.3095335483551,59.30086965737864,121.09729179963468,261.97648866176604
30.760839343070984,19.551475845021194,38.31588866156526,20.27158678174019,4.963943910598755,3.502178692817688,0.3294374614953995,0.0548333961516618,0.3855554521083831,3.961371922492981,4.310505533218384,0.5858631432056427,79.92143783569335,28.04422721862793,19.826122093200684,3.4082817792892457,6.047169494628906,70.52289428710938,34.28885307312012,19.92243137359619,287.2655222415924,1230.9285271525382,2552.3873905573623,0.4615567431048404,100.20970559120178,67.3353067850694,121.55473364125938,263.18414809703825
31.00682314634323,21.198533051484265,39.104568218719216,21.941419047117236,5.0322826385498045,3.7690675020217896,0.3487363368272781,0.0630513131618499,0.3842680156230926,3.8975840330123903,4.571139001846314,0.6766931593418122,83.01339874267578,30.174932861328124,21.793472862243654,3.987233376502991,6.020849370956421,71.52452697753907,34.62645530700684,22.67293472290039,293.2895462989807,1398.6294095158578,2752.06383244886,0.4261707245142574,100.12681393623352,71.49296198002995,121.10423727929592,262.6796483755112
31.42438037395477,18.699717172188684,36.46215183036402,21.42129699587822,4.6256797313690186,2.974309778213501,0.3074416369199753,0.0544549159705638,0.3917896807193756,4.023377132415772,4.155322313308716,0.6349231839179993,77.36587066650391,24.851232528686523,17.874337196350098,3.3891591787338258,6.0344963550567625,69.96900939941406,33.050489044189455,21.5193452835083,300.0380493164063,1196.3649607419968,2501.866116314969,0.4060314225925623,98.0987630367279,62.59935079962016,118.87252905648202,256.9062850236893
31.65494965314865,17.071853327867576,37.80660136062652,21.126428467035293,4.781065654754639,2.71644024848938,0.2340523570775985,0.0376372408121824,0.3857649236917496,4.112911605834961,4.003185415267945,0.6078590750694275,78.53406143188477,23.33082237243652,13.596859359741211,2.384379482269287,6.02901554107666,73.06586151123047,33.5278980255127,20.675602149963375,298.31681380271914,1188.7533310055733,2518.912961193727,0.3794722785065893,100.32224531173706,60.472979878727344,121.4239606225863,263.06598765850066
32.27802573442459,14.52163758582437,38.81515885489061,20.07722327709198,4.784321403503418,2.550116324424744,0.0010761425364762,3.768313081309316e-05,0.3849177628755569,3.87040913105011,4.055054950714111,0.6089542269706726,81.29678726196289,23.18832149505615,0.0294506797567009,0.0021343478118069,6.051871490478516,69.82885208129883,32.87798385620117,20.380438995361327,292.4810057640076,1421.5798209249974,2778.112371828052,0.377329162404726,100.295809841156,58.24273128185271,121.31968923024831,262.42181701660155
31.081497526168825,18.19987435843796,39.82682424802333,20.398860663175583,4.915304183959961,3.1166724443435667,0.2930263191461563,0.0537151966243982,0.3923809677362442,3.7898544549942015,4.423116016387939,0.6472535490989685,79.87225494384765,25.37447891235352,16.345149040222168,3.429600715637207,6.043463659286499,70.36105880737304,33.73600845336914,21.46628589630127,291.57821307182314,1419.3339494049549,2813.3142047133124,0.4358241538502639,100.2527572631836,63.9581741864793,121.48509510625152,262.9066617012024
29.98494246006012,20.357060284586623,40.0595916823484,20.428394091129302,5.105766487121582,3.51276113986969,0.3301469266414642,0.0558010760694742,0.3843241691589355,3.765561580657959,4.428872680664062,0.636052405834198,80.23857192993164,28.64215469360352,17.835338592529297,3.5315550565719604,6.025939702987671,70.15180282592773,34.822488403320314,21.150503730773927,285.2969359397888,1395.6228285551072,2784.406885171676,0.4530993755439809,100.187345123291,67.02075581662356,121.48968554101884,263.43334448337555
30.148267817497253,19.78966955957003,39.7822939024074,20.65518445968628,5.096692895889282,3.342133951187134,0.3260012328624725,0.0556834708899259,0.38675237596035,3.8113845109939577,4.427015590667724,0.6234749019145965,80.64558258056641,27.338115692138672,18.8827392578125,3.537471556663513,6.021004819869996,70.72322006225586,35.032301330566405,20.95402545928955,283.3663793087006,1233.0888756275176,2657.2066536344064,0.4628007301034295,100.2307984828949,66.49364148788155,121.4314582787454,263.5668552160263
32.75988938808441,18.08315774973016,38.675216676993294,19.149005150794984,4.699613761901856,2.949851942062378,0.1260758392512798,0.0171729764901101,0.3855908125638961,3.9211061239242553,4.227782964706421,0.5583673596382142,81.03465347290039,26.72504997253418,6.01620192527771,1.0470180094242096,6.0514476776123045,70.91367950439454,32.93188705444336,18.94228229522705,297.7524194717407,1419.6728238046169,2671.3218457685552,0.3563769963299023,100.22771430015564,68.55754502695054,121.18709917273372,262.2583935499191
31.687624037265778,13.697973752522376,38.94790058338549,20.91943293213844,4.717031335830688,2.393266129493713,0.1009685456752777,0.0178674926981329,0.3840323925018311,3.830137491226196,4.005842494964599,0.5997481167316436,78.5414810180664,20.800358772277832,5.7711510181427,1.1105658531188964,6.033332300186157,70.00135498046875,33.38013191223145,20.429367065429688,291.0719996452332,1205.0764188408853,2642.090121047914,0.3779743883422142,99.47878489494325,52.80798286609352,120.5391408311203,260.8709520101547
31.25656316280365,16.926986397535075,38.87935685277917,20.46901028752327,4.76390118598938,2.742085838317871,0.2575225353240967,0.0415860246866941,0.3882999241352081,3.799835848808288,4.246326112747193,0.6237473130226135,78.83924102783203,23.22082099914551,14.4619215965271,2.6032900333404543,6.033981990814209,69.58095169067383,33.26440696716308,20.937335586547853,287.2478944301605,1236.4649204969403,2626.0641128646675,0.3947175931119716,98.98659024238586,59.80297870859504,120.06745452266186,259.52841765880584
31.406873071193694,16.25295180691173,39.71101177679375,19.18934265971184,4.979088640213012,2.7366820096969606,0.090783917158842,0.0142126314342021,0.3863369286060333,3.807380199432373,4.18707537651062,0.6061750650405884,83.08893508911133,24.38859748840332,5.035082674026489,0.8974067389965057,6.018680763244629,70.83522262573243,32.95280990600586,20.003005027771,289.27560844421384,1453.2853034496306,2814.133931791718,0.375241537989087,100.25254130363464,62.2018664680887,121.089935243316,262.2156006336212
31.331710934638977,19.34098585951142,38.41116143735125,20.4815104842186,4.871542978286743,3.361680078506469,0.305710044503212,0.0574648726731538,0.3917748391628265,3.951238870620728,4.1808229923248295,0.6189033031463623,81.30671691894531,27.275894737243654,17.146953201293947,3.547162580490112,6.051526021957398,71.53991928100587,32.64007682800293,20.781397819519043,294.6419186115265,1265.74109749794,2595.550249281596,0.4153335793298104,99.34261903762815,65.00226119682193,120.68455558139831,259.9278321743012
31.70339412689209,15.3111674686661,37.64310775387567,20.86916264295578,4.861830043792724,2.4684984922409057,0.1688930913805961,0.0291113339364528,0.3884683787822723,4.0721831798553465,3.983987474441528,0.6480379223823547,81.78070755004883,21.4747896194458,9.390566730499268,1.814180862903595,6.001206302642823,72.25425643920899,32.661058044433595,21.543936729431152,297.45976424217224,1256.8019755005837,2597.7734646211784,0.3630347033237164,99.88611798286438,55.63546132352203,120.8420178670436,261.2464734315872
30.63332016468048,19.8059206077829,39.00067176327575,20.570683777332302,4.973065423965454,3.473848581314087,0.3277478814125061,0.0570709023624658,0.3882749617099762,3.891129350662232,4.507341194152832,0.6002465546131134,79.52841644287109,28.12055015563965,17.794170761108397,3.5978662252426146,6.020217657089233,71.0092887878418,34.72394638061523,20.41660556793213,294.0385626316071,1403.4064775526524,2753.9002477689005,0.4821168557898175,100.22857913970948,66.66341754086315,121.21206806898115,263.16241507530214
31.52099403142929,13.770850373059512,37.335797831672245,21.178953921794893,4.683246183395386,2.4572538137435918,0.1207404747605323,0.0201439671218395,0.3875782072544098,3.962971591949463,4.143398427963257,0.6167681038379669,79.28542404174804,21.087800216674804,6.9801043510437015,1.270121681690216,6.010799169540405,70.7697624206543,33.377455139160155,20.982619094848637,293.7300391674042,1285.070415067673,2676.6914168346266,0.3710575220888209,98.14938192367552,52.60715502472594,118.93899480793624,257.28689641952514
31.29341342449188,16.99076623338042,37.63213840515819,20.883297222852708,4.6030261516571045,2.856519675254822,0.2759553015232086,0.0461649909615516,0.3850974947214126,3.87237241268158,4.100417470932007,0.5883512258529663,76.1641746520996,23.60869026184082,16.027389812469483,2.8972561836242674,6.049964523315429,69.4531478881836,33.44618911743164,20.18952865600586,298.51550726890565,1284.801806306839,2659.8845767858147,0.4041132326300726,98.1338509082794,60.031720619276165,118.81107233650982,257.30636105537417
31.60191900730133,17.974545786576346,37.33928278721869,21.125574862957,4.782921314239502,3.100166654586792,0.300334158539772,0.0546547748148441,0.3863861232995987,4.0582184314727785,4.1411725044250485,0.653491884469986,80.49785461425782,25.09181289672852,18.45016021728516,3.427717447280884,6.007167625427246,71.80480041503907,32.79152412414551,21.83287963867188,296.0587544441223,1266.6514066815375,2589.824792102515,0.4059972233040028,99.1718650817871,63.32334831766784,120.14961135052144,259.481871008873
29.90166022777557,19.323464753595182,37.380366291850805,20.262811684608454,4.901704168319702,3.1840924263000487,0.3224419951438904,0.055788741633296,0.3842606335878372,3.902391791343689,4.126464986801148,0.6325276672840119,78.45061645507812,26.21340618133545,19.8381555557251,3.5159706592559816,6.048128271102906,69.52598495483399,32.548823547363284,20.993078231811523,294.92350564003,1226.4052187085151,2558.093644036731,0.4451666868158611,98.06292967796324,64.9499791206792,118.77468406762928,256.4085878133774
30.87420165538788,21.647281513689087,39.03941481497604,22.23342337012291,4.922254133224487,3.877527189254761,0.3657882004976273,0.0592731516808271,0.3827694892883301,3.911979031562805,4.791541957855225,0.7130483567714692,79.31621551513672,31.05025520324707,22.420993995666503,3.73902690410614,6.030053186416626,71.54801406860352,34.2803897857666,23.67121276855469,297.4874127864838,1421.15271089077,2765.4822533486645,0.4468259318392767,100.18753480911256,71.74063422717154,121.25439397264272,262.786400103569
31.35664978027344,17.631775727821513,38.10944071759004,19.59644884467125,4.949482345581055,2.805086445808411,0.2630090892314911,0.0417261082679033,0.384921196103096,4.057696390151977,4.3297271728515625,0.6341876327991486,81.96033096313477,23.82172679901123,15.872476196289062,2.643491101264954,6.024902486801148,72.53981018066406,32.91182670593262,20.88000469207764,286.24283628463746,1239.656134927273,2553.430717292335,0.4079260596130147,100.28112406730652,61.54500442640856,121.3936634015292,262.40982229709624
32.03315036296844,17.39817101409426,38.64610911640339,18.639727216959,4.616859674453735,3.0500722169876098,0.1644134193658828,0.0263217268511652,0.3855709493160247,3.7540613412857056,4.301011085510254,0.6050826013088226,78.44925155639649,26.15417194366455,10.171817111968997,1.6528069972991943,6.02440710067749,68.37481384277343,32.1971939086914,19.82631893157959,294.5793431282044,1434.2536009550097,2721.0830148428386,0.3989807189900368,98.732408618927,65.17552575273439,119.48672279901804,258.1749981880188
31.072731161117552,18.339523755887058,38.8016725621419,18.823243629932403,4.763127279281616,2.945687699317932,0.2959387391805649,0.0534151922911405,0.384382364153862,3.760910034179688,4.183393859863282,0.6059934794902802,79.72702865600586,24.48581886291504,17.671910667419432,3.369917893409729,6.0138936042785645,69.62951965332032,32.301123809814456,19.90908088684082,297.471598482132,1284.104028582573,2616.280199374055,0.4002654957941224,98.08717260360716,61.84278336446732,118.84421240296214,256.5797867298126
32.12259111404419,14.379264474124648,39.15034307977184,20.10292735695839,4.731397199630737,2.605191421508789,0.0343782875686883,0.0052842843346297,0.3858718931674957,3.806310939788818,4.140150880813598,0.5678015768527984,79.11030578613281,23.155139541625974,1.9984017848968505,0.3321120470762252,6.061632108688355,68.94915161132812,33.14681167602539,19.462267684936524,291.92861404418943,1428.3150897622108,2809.4570167480792,0.3724148614786422,100.31856765747072,58.17297068616608,121.4544597486034,262.85319821834565
30.80180295705795,19.469568591401917,37.81236978501547,19.12683720588684,5.004515886306763,3.242916536331177,0.2988473236560821,0.0538302812725305,0.3831188261508941,4.083298873901367,4.288106441497803,0.6192384779453277,81.06646499633788,26.712238693237303,16.755236434936524,3.3563071966171263,6.032932138442993,72.211328125,32.425859451293945,20.339062118530272,291.6891875267029,1215.500150334835,2499.100701556873,0.4258031542396622,100.24539003372192,65.13779124785215,121.47379102203996,262.1326916217804
30.77974261045456,15.531810108490754,38.45446663948242,20.844037353992466,4.781866788864136,2.849474239349365,0.2314668759703636,0.0391874704509973,0.3887205749750137,3.76553943157196,4.163344526290894,0.673496675491333,78.11383972167968,23.06052856445313,13.371752548217774,2.436452889442444,6.033668422698975,68.0052261352539,32.940802001953124,22.103232383728027,286.8552271366119,1149.9778633952142,2584.121432056202,0.4256861064281132,98.56709384918211,58.43811758710071,119.6717180557549,258.2527755498886
30.686441195011135,19.716451488388703,38.14071902420837,21.887498021125797,5.0239616394042965,3.604715800285339,0.3195432126522064,0.0573458168655633,0.3853600114583969,4.1146690368652346,4.292216682434082,0.6494102358818055,81.22705459594727,28.78834686279297,17.54409294128418,3.5431631803512573,6.06088924407959,73.67766036987305,35.183282470703126,21.90762367248535,297.36231832504274,1190.4422431826592,2557.234631256887,0.4489869209422398,100.16920275688172,66.9452539620921,121.77671778611838,263.51519243717195
31.16655136346817,19.670292370719835,39.01894863024354,20.51521394252777,4.949642181396484,3.439249587059021,0.3457639545202255,0.0571366652846336,0.3861819297075272,3.8596726417541514,4.398809194564819,0.5825015842914582,81.24249954223633,27.71814250946045,20.8887882232666,3.614652156829834,6.017322635650634,70.35669631958008,33.641201400756835,19.986367416381835,296.0404248714447,1410.2138707220554,2780.028042987507,0.4538626847294296,100.21597032546995,68.5638528464362,121.07575351577252,262.43473091125486
29.625845396518702,19.48434108714573,37.98638948323205,20.682830744981764,4.963187313079834,3.134012484550476,0.3079418063163757,0.057423623278737,0.388722687959671,3.800341391563416,4.201517343521118,0.647281813621521,78.87460479736328,26.032900238037108,19.0485782623291,3.6479654550552367,6.041270446777344,68.55951156616212,33.951209259033206,21.425061988830567,297.8594937324524,1283.543157672882,2672.280301481619,0.4367419981434303,98.05515608787536,63.775561235193166,118.85608074199408,257.2706308364868
32.209815096855166,15.959027290332596,39.7414444634458,21.20657011270523,4.73862042427063,2.7802289962768554,0.2018526896834373,0.0343915648758411,0.3850365877151489,3.790873336791992,4.046316480636596,0.6468514561653137,79.6703887939453,23.339728546142577,12.00384006500244,2.159321165084839,6.024099016189576,70.37290115356446,32.560664367675784,21.715892791748047,294.42851481437685,1277.1074810743332,2691.6784221502776,0.4062305785005605,100.31200680732726,59.97543347198516,121.1628795227036,262.22554981708527
30.24088772535324,18.50082809292944,37.150662715826186,21.25556657910347,4.845458126068115,3.0727106809616087,0.3062729924917221,0.0532221209257841,0.3876832813024521,4.02017240524292,4.108584785461426,0.60226411819458,78.3732078552246,25.37045555114746,18.480125427246094,3.383268666267395,6.050859689712524,71.95421447753907,32.65980606079101,20.663596534729,298.80525374412537,1240.2887149453163,2614.042647324421,0.4330695876291699,98.09000000953674,63.88181034773588,118.81071994621308,256.44826233386993
32.87320383787155,14.320307782269085,38.21933971561957,21.03425901532173,4.67788290977478,2.579841756820678,0.1345160022377967,0.023833873681724,0.3886734753847122,3.905446124076843,4.0363438606262205,0.6492171704769134,81.11165084838868,21.878710746765137,8.199560546875,1.507793390750885,6.022076940536499,69.33131866455078,32.913418197631835,21.670573425292968,291.6339169025421,1207.182996749878,2596.193630987144,0.3822185390051537,100.08376097679138,55.47463484499603,121.13017766755074,261.95937435626985
31.300413918495178,16.63617325749947,37.00292020447087,20.86991729736328,4.606500434875488,2.773774576187134,0.1862127259373664,0.0325395889580249,0.3865534245967865,4.011617231369018,4.0473313331604,0.6394045293331146,76.26989288330078,23.7549840927124,11.077130889892578,2.074207234382629,6.019162988662719,71.2534408569336,33.0395622253418,21.34465770721436,302.91978907585144,1195.9885243415831,2535.134268632717,0.3944629886223637,98.14314069747924,59.75336577659473,118.76692249253392,257.092139673233
32.53226767778396,14.756372251635185,38.4347004145151,19.73317928314209,4.757348823547363,2.408524298667908,0.1111855566501617,0.0170482819899916,0.3867355972528458,3.936059474945069,4.063816213607788,0.6211135029792786,81.5438217163086,21.43887634277344,6.169582223892212,1.0841380119323731,6.007183790206909,70.70238494873047,33.0624641418457,20.49129676818848,298.63055515289307,1280.3279276847838,2606.181911417004,0.3745552727481097,100.32627625465392,55.15550939678214,121.1004767600447,262.56485908031465
31.66881273984909,15.16970807906473,38.18959513211157,20.413654351234435,4.614696931838989,2.686569094657898,0.1834919050335884,0.0338500794023275,0.3861553251743316,3.851838779449463,4.08575963973999,0.6084531664848327,77.995556640625,22.462522888183592,10.402467346191406,2.134039282798767,6.013085556030274,70.39641418457032,33.676693725585935,20.430677795410155,291.7796702384949,1255.2739610910417,2624.1988498993683,0.3986210041747668,98.13458909988404,56.8312892341055,118.8335595153272,257.4727271795273
31.83609564304352,18.325838619901333,38.28304012941662,20.789532840251923,4.705085229873657,3.241441583633423,0.3281206011772156,0.0534849006682634,0.3867142766714096,3.9032297372817992,4.307787132263184,0.5921865999698639,79.96759414672852,26.057194709777832,18.79266147613525,3.4031729221344,6.022579383850098,70.8210952758789,34.21891403198242,20.30033760070801,296.54779796600343,1273.0050915002823,2622.979578538053,0.4154935662111804,98.9260178565979,64.13977216370404,119.96657748091964,259.7832603693008
31.749219059944156,19.564382582716643,39.52968853993807,22.246487176418302,4.974480438232422,3.1902415990829467,0.310316276550293,0.0572735521942377,0.3872365415096283,4.0543077945709225,4.323301982879639,0.6353795528411865,80.25142974853516,26.327792930603028,18.971049308776852,3.560556983947754,6.036217403411865,73.38643798828124,34.42682037353516,21.838204002380373,296.7550233840942,1417.566145813465,2770.7258235537447,0.4170163014381863,102.46239614486694,67.18775288574398,124.12427144683896,269.01404721736907
30.393646585941315,20.622375330422077,39.45078829838894,19.706332755088805,5.062801599502564,3.4575593948364256,0.3279671132564544,0.0569552920758724,0.3910928755998611,3.8134037971496575,4.403416681289673,0.6241796612739563,80.93630142211914,28.35576038360596,19.438190841674803,3.60077760219574,6.030853462219239,69.94843215942383,33.85234107971191,20.6576135635376,289.8439122676849,1384.9024057924748,2711.102092046261,0.4189624907890262,100.18512182235716,67.52574055418373,121.4714627865702,262.86471631526945
31.018906688690187,20.63043730193749,37.63625290701166,20.013454365730286,4.9278933048248295,3.4596980094909666,0.3361653089523315,0.0544757388532161,0.3843938410282135,4.062549066543579,4.464963293075561,0.5888300955295562,80.13208618164063,28.46799964904785,18.455010986328126,3.4173473358154296,6.035374975204467,71.22427368164062,33.832838439941405,19.962946510314943,288.315203666687,1228.2219987034798,2528.77094849071,0.4704001097692291,100.22227883338928,67.57313911598176,121.51883333344011,262.8922820568085
29.36144691705704,18.7861610635533,37.936526362551376,21.24382659196853,4.9353879451751705,3.136003518104553,0.329530456662178,0.0529260415583848,0.3849074840545654,3.823074197769165,4.265800189971924,0.6271343946456909,78.84672241210937,25.80525321960449,18.53123550415039,3.368961763381958,6.038497972488403,70.19870376586914,34.416507720947266,21.234435844421387,289.9615736961365,1218.6890578985217,2623.858093391871,0.4340110242952647,97.17777094841004,63.1348255305551,117.85218193884938,255.16366119384764
32.822576785087584,20.19829576429911,39.39536234650295,20.686177068948744,4.6887650966644285,3.6986072778701775,0.3342210650444031,0.0616637662053108,0.3838218301534652,3.81116623878479,4.529895401000976,0.6409466743469239,81.06852493286132,29.44711265563965,18.39857177734375,3.8474464893341054,6.024478816986084,70.10290832519532,34.01813087463379,21.375635147094727,295.0543866157532,1402.9224191844464,2712.7338456407538,0.4218538325228955,100.18254780769348,69.75836553070694,121.04658251740038,262.612455368042
32.314239823818205,15.943248520960331,38.614782098773865,20.5571860909462,4.772587871551513,2.547008347511292,0.1922829464077949,0.0322586603462696,0.3864831119775772,3.980617189407349,4.216911745071411,0.6634514689445495,81.06623764038086,22.05998115539551,10.934362983703611,2.054396057128906,6.011201858520508,72.14558410644531,33.34801597595215,21.87190189361572,300.6031509876251,1194.8539164066317,2561.6903296782343,0.390083733796532,100.31726150512696,57.33881404288113,121.27263156995176,262.7383729457855
31.56331741809845,18.021659287053627,39.333814516547136,21.071454191207884,4.831648588180542,2.926476573944092,0.2313070327043533,0.0397533923387527,0.3879972964525223,3.8394416093826296,4.132640743255616,0.6398860514163971,79.5718505859375,24.90753231048584,13.442972755432129,2.519490671157837,6.028962898254394,70.48620529174805,33.730342102050784,21.411949348449703,296.71984300613406,1411.1290558576584,2740.1541579776444,0.3957146578621973,100.08040480613708,64.15787265487015,121.14170697759836,262.3492238998413
31.561750948429108,20.723374687787143,37.32096156396437,23.481619918346404,4.87383189201355,3.4877978801727294,0.3583018600940704,0.058361741900444,0.3858226597309112,4.081529474258423,4.604696655273438,0.7168862342834472,80.94917831420898,28.443786239624025,21.97028579711914,3.664006161689758,6.051738691329956,71.14017944335937,35.6538501739502,24.12072868347168,293.99949111938474,1414.2949647665023,2694.442315524118,0.4013066080717777,100.1817455291748,70.87199253700673,121.23384788632391,263.46773574352267
31.49577165842056,18.5058150480967,37.94755980141927,21.14595718979836,4.788260221481323,3.288883280754089,0.3137200832366943,0.0536716256290674,0.3856089770793914,4.089824247360229,4.43042893409729,0.6215591192245483,78.21347503662109,26.295781707763677,19.676589012146,3.4163941860198976,6.057910823822022,72.57426452636719,34.413199996948244,21.10697708129883,287.43874502182007,1223.612275671959,2556.750734157208,0.4284770773802585,100.245205783844,65.60315328612924,121.7027791455388,263.45987634658815
31.469491934776308,19.43881672290154,37.473008724907416,20.508476626873016,4.889481115341186,3.1383835792541506,0.3135938346385956,0.0567552085965871,0.3899337530136108,4.07791314125061,4.041978883743286,0.6319777369499207,81.75580291748047,26.123380661010746,17.53379898071289,3.511465167999268,6.029046678543091,71.72557983398437,32.43443756103515,21.06683006286621,299.2553975105285,1260.609631240368,2538.934868487611,0.3914411308321043,99.80749101638794,64.66729394774885,121.06119479052722,261.0118736028671
32.08654001951218,17.07659976830473,39.58100393665954,20.23619600534439,4.790002250671387,2.776509141921997,0.2231314361095428,0.0375964626669883,0.3885127335786819,3.805891585350037,4.220382308959961,0.6210910081863403,80.62701950073242,23.70250186920166,12.722475814819337,2.3962624073028564,6.011202144622803,70.48376998901367,33.2690242767334,20.81642837524414,299.8472525119781,1273.104525744915,2661.3809063736176,0.3767801515489154,100.2959958076477,61.39720272831619,121.08195074498651,262.6214409351349
32.73367352485657,14.108584101643649,38.04358970355243,20.586804699897765,4.672519874572754,2.4508556127548218,0.0980279110372066,0.0150727423839271,0.3909719705581665,3.966622304916382,4.060858964920044,0.6612686693668366,79.94983367919922,21.4739933013916,5.277170181274414,0.9438677847385406,6.045300483703613,70.32588806152344,33.32405776977539,21.73484058380127,294.93151063919066,1274.3835861444472,2632.443015109934,0.3770610622727581,100.32775917053225,55.00418680016882,121.2684137672186,262.7657918214798
31.96397261619568,17.3427561520366,38.87659785221331,18.85383683443069,4.771305561065674,2.918753457069397,0.2891716986894607,0.0503393828868865,0.3869674474000931,3.8514860391616814,4.330782079696656,0.588944810628891,79.60460891723633,23.977668380737303,16.202835273742675,3.151253652572632,6.060540676116943,69.484423828125,32.33348846435547,19.55297508239746,294.9130103111267,1265.1618319392203,2608.232882677577,0.412249366715433,100.28645629882811,62.48680146448314,121.36685782261192,262.1892925739288
30.157392144203182,18.415871085203253,36.79208835524041,20.442868322134014,4.830123472213745,2.9453197479248048,0.2948801845312118,0.0556049883365631,0.3839247316122055,4.000225067138672,4.121591091156006,0.67150759100914,77.54141998291016,24.56925163269043,16.427724647521973,3.5411828994750976,6.039615535736084,70.1870346069336,32.95003089904785,21.94497661590576,296.911173248291,1246.048610126972,2574.295760369458,0.4103759519370669,98.12018060684204,62.09252497237176,118.92368102930486,256.96647849082945
29.922443187236787,20.19822132396512,36.59466503136791,21.18308171033859,4.956847763061523,3.2670236825942998,0.3053219616413116,0.0542896755039691,0.3889658987522125,3.993061923980713,4.356902456283569,0.6126590549945832,80.05802688598632,27.222774696350097,17.511688041687012,3.4635554790496825,6.004254865646362,69.5224723815918,35.08793830871582,20.83646583557129,298.16406745910643,1270.860771715641,2564.1069821607557,0.4539559632042369,98.04136972427368,64.23453466426581,118.85517716314644,257.8089210510254
31.129273211956026,16.64425754554977,37.42533863156568,18.851814967393874,4.394578218460083,2.7570708751678468,0.0613925255835056,0.0105169473215937,0.3873195201158523,3.5841594696044923,4.1991119384765625,0.5565516173839569,76.25216522216797,24.99840545654297,3.631336140632629,0.65868039727211,6.055365037918091,65.9937873840332,32.55512313842773,18.802993965148925,299.73487277030944,1498.052327167988,2775.3246903723166,0.394460769292138,94.561900472641,59.6869273401564,114.78709674756972,247.59871363639832
29.469436407089237,18.91512518678792,38.22083657456096,21.319679063558574,4.974148988723755,3.1375442504882813,0.3147541016340255,0.0565201830118894,0.3922435998916626,3.8562975406646727,4.226794338226318,0.6160327792167664,78.46314010620117,25.846560287475587,18.236919021606447,3.602010202407837,6.051219367980957,70.55069503784179,34.231109619140625,20.993612480163574,294.71651816368103,1276.332518541813,2679.499552728789,0.4329121576148523,98.05832314491272,63.29436935810372,118.99718215614556,257.46886775493624
31.42067333459854,22.985096669383346,37.52899974677712,27.8058883190155,4.693695497512818,3.7830814123153687,0.3359137117862701,0.0569891721010208,0.3862345784902573,3.8747110605239863,6.02801480293274,0.7859106540679932,79.60454864501953,31.44719467163086,20.42702579498291,3.550752973556518,6.0524896621704105,69.7993766784668,50.67397422790528,26.44010181427002,300.0298411369324,1406.5562415122986,2724.221158716862,1.0321890467777848,97.9138897895813,68.2792738892138,118.3306473083794,263.0914137840271
30.7893349647522,16.21726087066345,38.74026746624149,20.677136367559434,4.821056509017945,2.6558738946914677,0.1924911648035049,0.0333846252411603,0.3832496434450149,3.716347050666809,4.147485160827637,0.6820981323719024,80.0702278137207,22.811702728271484,11.405346584320068,2.0692129373550414,6.020762538909912,68.47222213745117,32.45507278442383,22.28931293487549,291.5411621570587,1247.459978199005,2648.410866607562,0.4126220213913371,98.10835218429564,57.875970241054894,118.6825063496828,256.39693961143496
30.38388774394989,18.145473873429,37.133601292781535,20.482792180776595,4.781861591339111,3.0546781539916994,0.2932793080806732,0.0520819976925849,0.3864284366369247,4.016854190826416,4.380965518951416,0.6479117214679718,77.26449127197266,25.04288806915283,16.869567680358887,3.2748037815093998,6.017949962615967,71.1826286315918,33.32009506225586,21.525739479064946,284.94939107894896,1157.5156676888466,2517.5174195920235,0.438549091467452,98.10728058815002,62.08764563743025,119.23350945487618,257.3882747888565
31.088527417182924,17.07608663869636,37.05953405778856,19.270009034872054,4.581853723526001,2.807079219818115,5.216388376538816e-06,1.4032789557097412e-11,0.3898581355810165,3.736660361289978,4.059885740280151,0.560012263059616,78.92186279296875,26.153630256652832,1.204569014134904e-06,2.3378374097715586e-10,6.055707788467407,67.42673034667969,32.76484718322754,18.980756187438963,304.9741460323333,1406.3787168502809,2691.032362368802,0.3794238792052091,95.8687798023224,64.10642836486261,116.1888227250427,250.90659348964687
31.822375226020814,19.468483812804333,39.23077548262663,21.00348792672157,4.851505851745605,3.4206605911254884,0.3514258414506912,0.0614952359348535,0.3830698221921921,3.88038182258606,4.206009435653686,0.7045479118824005,81.37689056396485,27.644426536560054,20.684360122680665,3.893534708023071,6.021156644821167,71.33659744262695,32.696176528930664,22.879043769836425,295.9867920398712,1421.815308201313,2777.3929317062257,0.3750642530796611,100.22355360984804,70.75798699148,121.1677382485941,261.9816524744034
31.47843042612076,18.008352525834926,39.953462266922,22.122298967838287,4.874611330032349,3.2210118532180787,0.3306569546461105,0.0529706217348575,0.390797957777977,3.786394643783569,4.171165990829468,0.6704278409481048,80.48041687011718,25.78519287109375,18.49657421112061,3.314258003234863,6.056965827941895,70.79779663085938,33.121056747436526,22.605648040771484,295.70686106681825,1398.8140179872512,2824.2596032587403,0.4273681759183489,100.24545130729676,65.50421371143311,121.29729802832009,262.1902088165283
30.770940828323365,19.42223816583864,38.41614600159228,21.37730660438537,4.815855693817139,3.242736983299255,0.33189857006073,0.0560827657580375,0.3860277682542801,3.8633838891983032,4.339900207519531,0.6250680983066559,79.23569869995117,26.65273532867432,19.703375625610352,3.5020867586135864,6.003227186203003,70.86000442504883,33.6181037902832,21.3122859954834,294.3040203094482,1276.09275867939,2672.205138493696,0.4455517756876112,98.49485445022584,64.82624737080187,119.28718630094082,258.14948711395266
30.650329446792604,17.072958338761236,38.82480600376148,20.672373265028,4.734885835647583,2.714372706413269,0.2402731478214264,0.0447567012161016,0.3892350345849991,3.770464563369751,4.061866617202758,0.662270724773407,77.0545051574707,23.054013633728022,13.87600793838501,2.839200043678284,6.008085918426514,69.95494079589844,33.462110900878905,21.717940521240237,290.1324760913849,1234.862385892868,2639.377639003104,0.417529920765547,98.1472393512726,58.76424115095288,118.90378910508008,257.4296268224716
31.097450160980223,19.639158611965836,38.48393347337842,20.25754097104073,4.9252923965454105,3.3252053022384644,0.3203367680311203,0.0579273231327533,0.3849956512451172,3.9640063047409058,4.367657470703125,0.6639746963977814,80.23392715454102,27.138542938232423,19.05231056213379,3.673796534538269,6.045140504837036,71.09740142822265,33.67713623046875,21.71915340423584,292.6290476322174,1206.6588150501252,2542.1152567116487,0.43293759706863,100.23672227859495,66.21927377283573,121.49120901431888,262.80023136138914
30.753474915027617,18.77013665125705,37.981836768635546,20.79925954937935,5.030656433105468,3.4390715599060058,0.312460732460022,0.0549730133265256,0.3833445131778717,4.0819579601287845,4.403515863418579,0.6626327395439148,81.6421615600586,27.270128059387208,18.867567253112792,3.438405704498291,6.0419105052948,72.18828887939453,33.69112129211426,21.968625831604005,287.8569260597229,1208.918439745903,2563.9016083806287,0.4466723964788112,100.20533566474914,66.16460994388908,121.8785047141835,262.8966161727905
32.1413836479187,19.766242348146623,38.81000498807989,20.777640557289125,4.810669183731079,3.2045351028442384,0.323394039273262,0.0574363503605127,0.3857494115829468,3.903715443611145,4.143477058410644,0.6333257615566253,81.56574249267578,26.583116912841795,18.79297618865967,3.607277655601501,6.014807605743409,70.50953903198243,34.14615707397461,21.140076637268063,301.2687521457672,1259.009578800201,2555.8713340267595,0.4163397693224965,100.23768644332884,65.9000524058938,121.41956792995332,263.0957241535187
31.94114805459976,15.07142301670974,38.46339979202021,20.604051846265797,4.802208042144775,2.570113921165466,0.132113242149353,0.0215902289375662,0.389781254529953,3.918212366104126,4.206114816665649,0.5862366616725921,80.31209945678711,22.27551708221436,7.608015012741089,1.3384313344955443,6.026181936264038,70.33770599365235,33.36951179504395,20.11657543182373,295.3430476665497,1271.8848050951958,2672.1880986318342,0.3818230337597036,100.3166259765625,57.07236694209278,121.15464989114552,262.7087776422501
31.945377695560456,17.898200915614144,39.06357881904114,19.77703402042389,4.773876571655274,2.8918578147888185,0.2529858440160751,0.0400871764868497,0.3887414634227752,3.863631844520569,4.281227684020996,0.6175796329975128,79.61171112060546,24.625571250915527,14.996836376190185,2.5117642879486084,6.052830743789673,70.46810379028321,32.46656379699707,20.584881019592284,300.2726622104645,1267.7948107004163,2622.230908822792,0.4030942225296116,100.27886719703676,63.50291382148862,121.2442934550345,262.14974942207334
31.203875303268436,18.83086595318746,37.12517413063906,19.826192438602448,4.70471715927124,3.1422813892364503,0.3354980289936066,0.0580020252615213,0.3935907155275345,3.893447923660278,4.376141309738159,0.6319693148136138,78.72261428833008,25.77155418395996,20.30598125457764,3.6829835176467896,6.044256067276001,68.5408920288086,33.43960266113281,20.875279426574707,293.8556463241577,1285.307696855068,2564.934584899532,0.4246830713900493,98.04973311424256,64.03136090151966,118.95613358225674,257.09523606300354
30.955512726306917,18.8797680671094,37.82981496150605,19.39657887816429,4.865227174758911,3.1649500370025634,0.3275546282529831,0.0558602448552846,0.390680718421936,3.983991503715515,4.26812744140625,0.6249837815761566,79.99426956176758,25.888965034484865,19.606935119628908,3.543815779685974,6.016265773773194,71.4341926574707,32.74978065490723,20.549702835083007,293.1142460823059,1253.5138929128648,2569.9989954920893,0.4354903664159565,99.16363558769226,65.03778621256352,120.12507654186338,259.4916260242462
29.666713988780977,20.30997188143665,37.3722455535084,21.107397496700287,4.993111228942871,3.768603563308716,0.3314003199338913,0.0599808819591999,0.3904304713010788,3.9975372314453126,4.492120742797852,0.6176323592662811,78.92965240478516,29.88570041656494,19.31271858215332,3.807353949546814,6.041370868682861,70.89803085327148,35.86732139587402,20.917448616027837,289.5406331539154,1229.2259907245636,2588.874447405617,0.5115384147141654,98.64199314117432,67.80966547317803,119.8166715633124,259.90953650474546
31.96948003768921,19.52087751138024,39.191723125381394,20.89833531975746,4.806933736801147,3.189047598838806,0.3384852051734924,0.0592534430325031,0.3894137024879455,3.839134621620178,4.141774272918701,0.6533797323703766,80.65981521606446,26.47152042388916,18.794447898864743,3.651082682609558,6.009755706787109,70.24229049682617,32.47572822570801,21.75781917572021,296.36806507110595,1410.7350452661517,2734.0031973526698,0.3691767050945849,100.26861896514892,69.13390177115798,121.1539036475122,262.0373378038406
29.98627504110336,18.32593587897718,37.98457187376916,21.26802001595497,4.864703559875489,3.215756821632385,0.3230167746543884,0.0532369885593652,0.3839269340038299,3.916809582710266,4.213210248947144,0.6108321070671081,77.81217041015626,25.99089317321777,18.167868995666502,3.3341970682144164,6.013246488571167,71.31846771240234,34.27866897583008,20.832765579223636,288.8628777503967,1218.5883556842805,2613.520356421667,0.4542665229726129,98.07854475975036,63.38281935621053,118.97586821243166,257.6504980325699
30.97270405292511,18.191855146794115,38.27921755628195,22.229838490486145,5.17575421333313,3.312464499473572,0.3006435662508011,0.0520033504813909,0.3870551764965057,4.155724906921387,4.225609064102173,0.6640873670578002,82.27281646728515,26.344831466674805,16.603305435180665,3.312026238441468,6.057074737548828,72.2909164428711,34.49230804443359,22.440547943115234,283.8900396347046,1210.639561855793,2580.751656982256,0.4279706958225041,102.43637890815737,66.08224407266826,124.25771067310124,268.9114541053772
31.304730927944185,15.804834470816424,38.51889242299367,20.416679590940475,4.65315203666687,2.6114814043045045,0.203284952044487,0.0360665947198867,0.3892933160066604,3.7633477210998536,4.230502605438232,0.5890713095664978,77.52333602905273,22.19040279388428,11.230130863189697,2.2936665773391725,6.018938636779785,69.23949890136718,33.07770195007324,20.13838348388672,294.771617269516,1292.4346113204956,2730.844299857004,0.3887596215556243,98.15842027664183,56.3197031242773,118.6739521484822,257.07078354358674
30.03685923814773,19.314645659620872,38.05680966700893,20.2195710003376,5.04072642326355,3.064472222328186,0.3113712966442108,0.056938000768423,0.3864637434482574,3.974931168556213,4.29523777961731,0.6585805296897889,79.82232513427735,25.642007637023926,17.863180732727052,3.563995623588562,6.02449688911438,71.16358947753906,34.12500991821289,21.5557954788208,293.5584864139557,1243.9281445980073,2586.668102665624,0.4085257337824231,99.60651788711549,64.5372286805883,120.6538830857724,261.45185940265657
32.68350983858109,16.58665852973936,39.0647878709482,19.43982121944428,4.654399156570435,2.7628579139709477,0.2053028136491775,0.0340015586465597,0.3857566744089126,3.816680884361267,4.255473852157593,0.6132799506187439,79.30180892944335,23.55495204925537,12.5541202545166,2.137637186050415,6.060483455657959,68.87109985351563,33.06471672058105,20.307540321350096,293.0195418834686,1232.1760725736617,2563.455674811674,0.3934553006480499,100.28670201301574,60.43147206418216,121.5442493058741,262.8068360567093
31.88896244764328,17.934151914226824,39.96342354831286,19.881328880786896,4.714521360397339,3.098522353172302,0.3008057385683059,0.0541845820844173,0.3861706793308258,3.812351393699646,4.220079565048218,0.6108660399913788,77.742626953125,25.14785137176513,16.505123138427734,3.3996217489242557,6.0605672836303714,70.92249069213867,32.63657188415527,20.36951313018799,292.0268554210663,1389.1054516732693,2769.7377410744725,0.4235551394812546,100.2988245010376,63.80973637383431,121.74493903517724,262.6226701498032
31.393046748638152,14.782266672601692,38.43980093037244,20.285661035776137,4.596245527267456,2.5643088579177857,0.1555826738476753,0.0260580701753497,0.386754697561264,3.7238656520843514,4.179605388641358,0.6082804143428803,76.31566314697265,21.91756629943848,9.263479423522949,1.6439462542533874,6.020373296737671,67.55331573486328,32.9465892791748,20.52341022491455,294.0663465023041,1286.078390622139,2703.909937550116,0.3891505149143469,98.17106795310974,54.8071078279987,119.02514740806072,257.42533884048464
32.70402673482895,18.984019733255263,37.69620761692058,20.531295472383498,4.681606388092041,3.039429450035095,0.329514729976654,0.056196828559041,0.3860013842582702,4.105319309234619,4.161697816848755,0.5892616331577301,80.22625427246093,25.279235076904296,19.35429286956787,3.551616859436036,6.067910814285279,72.81826324462891,32.46565399169922,20.14507999420166,301.1592022895813,1252.1925378799438,2537.299897744512,0.3954836396838885,100.25192513465882,64.63675306942314,121.25343027245252,261.94448907375335
31.80121628046036,18.376341267256063,38.97892024223693,19.713320434093475,4.805725717544556,3.015349054336548,0.296532854437828,0.0534328270703554,0.388843622803688,3.802350544929504,4.182216119766236,0.6001771092414856,79.86130752563477,24.885777282714844,16.738838577270506,3.348492074012756,6.034615468978882,68.56654357910156,33.06223678588867,20.041046333312988,294.90168166160583,1415.238874852657,2711.9931841982298,0.398615299034622,100.2947944164276,64.03239723742008,121.31473218873144,262.55843102931976
31.258447647094727,16.914642042655032,37.976366565190254,20.65606472492218,4.9696684837341305,2.86882004737854,0.1841202095150947,0.0318582199513912,0.3921965301036835,3.913407301902771,4.039774656295776,0.6749273002147674,82.2157814025879,24.49157695770264,10.646607971191406,1.9731849908828736,6.03553466796875,69.20882186889648,32.99982452392578,22.08150405883789,300.8022288799286,1233.0265788435936,2559.669307799323,0.3826383757531388,100.26066179275512,62.8759486829862,120.93185205608606,262.06626093387604
31.75022022724152,16.363703142415034,38.44914034483954,20.750666117668157,4.768603420257568,2.6180491924285887,0.2026471838355064,0.0332694947719574,0.3882807612419128,4.01010947227478,4.066572570800782,0.6838755249977112,78.5663444519043,22.644563102722167,11.886778259277344,2.122395086288452,6.0435323238372805,72.02548904418946,32.07030258178711,22.375207138061523,290.7647107601166,1211.177446627617,2582.582726207166,0.3872029993921515,100.3347065448761,58.6824053036049,121.67642299123108,262.38002281188966
30.863052904605865,19.182641149824484,37.92620736327954,21.06864721775055,4.839872646331787,3.037541127204895,0.3234090596437454,0.0533252764493227,0.3827952235937119,3.8441372871398927,4.076713371276855,0.6019907236099243,81.02990798950195,25.376067543029784,19.43730697631836,3.3886759757995604,6.0186468124389645,69.32925872802734,33.910960006713864,20.50141296386719,295.2278645515442,1278.3357860445976,2595.937103466474,0.3838533465870924,98.05896639823914,63.35835797665641,118.89722624700516,257.2658286809921
30.95356652736664,20.45866129151545,38.56749911592342,18.814320385456085,4.892167663574218,3.351684403419495,0.3093068540096283,0.0564864594489336,0.3857440441846848,3.902608871459961,4.320253324508667,0.6066693007946015,78.75636291503906,27.75997581481933,17.772982597351074,3.549151158332825,6.061481237411499,69.67216186523437,33.84035377502441,19.834474182128908,295.73276114463806,1248.7242897629735,2539.801230944408,0.4199675967068884,100.22481327056884,66.3323186872527,121.60083620287476,263.1817275285721
31.442641746997836,16.041459169983863,37.06431344687008,19.9112794816494,4.485018396377564,2.6448276042938232,1.4685863698121282e-15,4.5164911456192766e-17,0.3869861632585525,3.788038635253906,3.835236120223999,0.6038808166980744,77.51225128173829,24.6100643157959,1.8321379908537752e-14,2.872268204766185e-15,6.032408666610718,68.84808197021485,31.66747226715088,20.2261417388916,296.82247042655945,1370.7843314528466,2634.923543371499,0.3109556523331001,95.92422523498536,65.11835179328918,116.04891178794205,250.476336145401
31.254871475696564,15.974958467879333,38.03401456647553,19.77727306485176,4.679870319366455,2.6769279718399046,0.2100101828575134,0.0361843552440404,0.3834025144577026,3.901280212402344,4.290447759628296,0.5807296693325043,78.11161880493164,22.624771308898925,12.213627433776855,2.254107856750488,6.021512079238891,71.09460525512695,33.9692886352539,19.64819965362549,290.48907532691953,1237.5764618039132,2614.419610846019,0.4052630076227345,98.12514300346376,57.18867369759828,118.9237312061712,257.6683784723282
30.55396395921707,18.11679501140025,38.1434087185422,21.20611947774887,5.00596604347229,3.0375842571258547,0.2955748111009598,0.0513634257018566,0.3828236758708954,3.9688717126846313,4.2435578346252445,0.6705696702003479,79.97980651855468,24.864337921142575,18.204146575927734,3.239288139343261,6.0341442108154295,70.1447250366211,34.15440711975098,22.17994041442871,285.1553927898407,1239.7037996888162,2601.3391576443914,0.4167471366950472,100.26580538749695,63.938145904429255,121.5589101742953,263.249592423439
30.536222529411315,15.965379510796629,40.04593787626364,20.411137527227403,5.068911361694336,2.8159332990646364,0.0922472514212131,0.0140852724201977,0.384770604968071,3.779411888122559,4.254494619369507,0.6090453386306762,81.59401397705078,24.70710277557373,5.285932016372681,0.8943236470222473,6.029161787033081,70.7130744934082,32.804066848754886,20.623395347595213,288.00555596351626,1455.0993169307708,2923.190676369023,0.4000983921626592,100.26303606033323,62.68527557700872,121.30759341083468,262.2663058757782
30.76761869192124,19.96904980984982,37.84697472848929,19.517153882980345,4.858719205856323,3.204046440124512,0.3171041786670684,0.0575245216488838,0.3920969545841217,3.830787134170533,4.192068815231323,0.6168725848197937,81.19857025146484,26.723526191711425,18.781873321533205,3.6061777830123902,6.034374094009399,68.58084487915039,33.01241912841797,20.3284294128418,296.24960536956786,1274.091195344925,2565.524243394716,0.4062153529524736,98.0270037651062,64.42741190157831,119.22255095131696,256.92073264122007
30.934975481033327,19.511507793678906,37.41834199570585,21.241267883777617,4.783815383911133,3.4087795495986937,0.3190734773874283,0.0554023243486881,0.3931235074996948,4.008892965316773,4.431006669998169,0.6053230464458466,77.98784942626953,27.478219413757323,20.02694625854492,3.4910589456558228,6.036370754241943,70.94432220458984,35.16502571105957,20.76254024505615,299.06430039405825,1185.963324713707,2531.802483522333,0.4464687142320819,99.12726044654846,66.02089505158365,120.2046204233542,260.84668443202975
31.43919944763184,17.75573007039493,38.61439567476045,21.938911616802216,4.857208347320556,3.272097182273865,0.307990625500679,0.0542729385197162,0.3872808367013931,3.896523022651672,4.339903545379639,0.647304356098175,79.85630569458007,25.918300247192384,17.233831024169923,3.4653270959854128,6.036637783050537,69.71007690429687,35.38335647583008,21.90681552886963,285.6855999469757,1236.1544376969337,2658.375949822803,0.4435778337931587,100.23316235542298,64.25725032044575,121.53277358915656,263.80507760047914
31.17735151052475,18.17716440462973,37.291069000167774,20.50862535238266,4.973573684692383,3.100762677192688,0.3009024262428283,0.0521773520857095,0.3835527032613754,4.1131267070770265,4.365613603591919,0.6655066311359406,81.89984664916992,25.20986385345459,18.015789604187013,3.242986798286438,6.031251525878906,71.63306884765625,33.60741539001465,21.933706855773927,288.8196670055389,1230.6289182186126,2536.48196059792,0.4198664762251397,100.24544010162352,64.21333973612636,121.33893294278532,262.62152535915374
32.12066259384155,17.19569769911468,37.45429511303082,20.639347887039182,4.793074274063111,3.0478992462158203,0.2900869965553284,0.0512942682951688,0.3895519286394119,4.135476160049438,4.340236759185791,0.6327082931995391,80.95042572021484,24.52733383178711,17.593638801574706,3.2304694652557373,6.059252262115479,72.49240646362304,33.577623748779295,21.21552619934082,289.7311264514923,1213.4636041998865,2545.659002129489,0.4161508744781578,100.25168743133544,63.04856138043105,121.60702221132814,262.7683543682098
30.383245086669923,19.500084785651417,37.67532606457826,20.281878858804703,4.894596290588379,3.21734082698822,0.3056160539388656,0.0558435089886188,0.3861857622861862,3.793640804290772,4.347927713394165,0.5831124424934387,80.43927917480468,26.54206790924072,18.014102745056153,3.4888221502304075,6.023167133331299,67.63184814453125,34.07099876403809,19.92782230377197,290.9962899684906,1241.3010360002518,2576.84662937703,0.4185737647715086,98.04031701087952,64.46730747204273,118.71985803749412,257.22331593036654
31.353961169719696,19.659416012605654,37.44866006320808,21.167338925600053,4.830112600326538,3.396118497848511,0.3180244475603103,0.0576950378715992,0.3928260922431946,4.092017698287964,4.256473255157471,0.6065344452857971,78.7838134765625,27.583099937438966,18.61259765625,3.6400271892547607,6.0417805194854735,71.58730392456054,34.57191925048828,20.6464994430542,299.5854619979858,1179.214376103878,2501.363714600232,0.4546859599073024,100.2239101409912,66.40483777876943,121.46628378927709,263.3078836917877
31.40901494026184,18.03405895916512,39.770445853821,20.85927733182907,4.839687776565552,3.292480444908142,0.3217543244361877,0.0551564913243055,0.3911087840795517,3.7968758821487434,4.157565212249756,0.6417066812515259,79.55862960815429,26.10937213897705,18.746012687683105,3.508511686325073,6.033544826507568,70.70464630126953,33.54559059143067,21.40262489318848,295.8732894420624,1413.8135516405105,2815.422665369976,0.4404915559933407,100.04898929595949,65.70305703096092,121.17033845707776,262.13244342803955
32.40562697649002,18.71083715769928,37.04380632343237,21.17228236794472,4.682599020004273,2.996599531173706,0.3019950717687606,0.0538987249135971,0.3864059180021286,4.101343441009521,4.267188692092896,0.6159477710723877,78.96447448730468,24.933384704589844,17.697843551635742,3.438067364692688,6.031460666656495,70.89929580688477,33.98423614501953,21.00965385437012,301.1243094921112,1256.3966039657594,2550.4889364927017,0.4098402549696452,100.28474197387696,63.80527854254469,121.16037430148572,262.9814242124557
31.000414431095123,18.615254214662126,38.639109950186686,20.7241852581501,4.991241788864135,3.3518744707107544,0.3255071014165878,0.0568231418728828,0.3937494456768036,3.9915743589401247,4.349906158447266,0.6583144307136536,81.73147125244141,26.75201911926269,19.18448486328125,3.534361743927002,6.041030406951904,72.46465530395508,34.39364929199219,21.74669284820557,293.7777990818024,1390.0439758718014,2742.491092894989,0.4246575460733666,100.17837390899658,66.62536915522068,121.44755184743552,262.9775257349014
30.657997119426728,20.6699345817673,38.0829041672172,21.047507160902025,5.00617299079895,3.6407313108444215,0.3184163868427276,0.055068464204669,0.3874451518058777,4.013168954849244,4.441774177551269,0.6178168714046478,80.54082107543945,29.395146751403807,18.194463348388677,3.524077558517456,6.012569570541382,71.53165740966797,33.59009704589844,21.0574893951416,292.60342745780946,1219.698994755745,2574.109201642842,0.4792832423733003,100.21125049591063,67.98692157454789,121.24606135003268,262.4859207391739
32.35989022254944,16.837936720938888,37.42471259743907,19.671876972913743,4.704136943817138,2.824777626991272,0.2482659995555877,0.0421307247132062,0.3884009331464767,4.049265146255493,4.30633020401001,0.6494332134723664,79.34574813842774,23.4081693649292,14.268917083740234,2.6402300357818604,6.045631742477417,70.51941757202148,32.91947631835937,21.211544036865234,296.79186778068544,1258.512941944599,2545.7684886463453,0.3830432772849818,100.30199756622316,60.83628448080272,121.35184986554086,262.5812462568283
31.72774455547333,18.118889173539355,38.21330100444611,20.78792741894722,4.791024684906006,3.29135205745697,0.3193415284156799,0.0526243310421705,0.3818055689334869,3.9490909576416016,4.3500144481658936,0.6043122589588166,79.58392791748047,26.267182922363283,17.238245010375977,3.2894559144973754,6.0163370132446286,70.40280075073242,33.31728591918945,20.61041030883789,296.4432608127594,1410.89572173357,2743.040650108503,0.4221867716347873,100.05264449119568,65.25485630631447,121.06562501881272,262.001661324501
30.340803575515743,16.408677673037165,37.39705841606483,19.673699188232423,4.524198246002197,2.7784640073776243,0.0774512998759746,0.0115960721857845,0.3862241089344024,3.620047163963318,4.136891508102417,0.6026017546653748,76.15178680419922,24.93852367401123,4.431729936599732,0.7261464774608613,6.043926858901978,66.45333480834961,32.88275680541992,20.0828369140625,299.97506341934206,1449.1274983048438,2747.130130742723,0.3889534394670306,94.79359202384948,59.72157709035091,115.08290883637964,248.3282432079315
29.956338822841644,19.8359355175402,36.59779900433496,20.352647721767426,5.028684282302857,3.169087719917297,0.3183575659990311,0.0554913405328989,0.3854111194610595,4.081894588470459,4.198418521881104,0.6392974376678466,80.01066131591797,26.48723735809326,18.042780876159668,3.4249559164047243,6.011080360412597,70.3552734375,33.89724845886231,21.16817684173584,293.94477305412295,1249.0415923953055,2513.518491383468,0.4188520305400232,99.15638813972473,64.87220034487545,120.05041861515492,260.0952407836914
30.56918705701828,20.656100453506223,36.97101163801271,19.466645473241805,4.8740497589111325,3.3352858781814576,0.3265051782131195,0.0580644696950912,0.3855188816785812,3.9931924819946287,4.378855800628662,0.5854991674423218,78.82834930419922,27.6957633972168,20.346431159973143,3.5841642379760743,5.993537282943725,69.4093231201172,34.0126392364502,19.635290145874023,294.27744669914244,1186.0972940206527,2444.8556073561253,0.4384434244131853,98.92560749053956,66.45944607779384,119.78635625317692,259.70659110546114
31.07638599872589,16.916403383226132,37.74320233832113,20.039620214700697,4.740887403488159,3.006894516944885,0.293198874592781,0.0504950128495693,0.3836125522851944,3.905119752883911,4.111925029754639,0.6315949320793152,78.35031509399414,24.4213285446167,15.789056015014648,3.2019359827041627,6.028457117080689,69.86622772216796,33.709454727172854,20.792483139038087,284.293182516098,1221.6154530763629,2555.607636452361,0.4246500424693252,98.52506623268128,62.486086243763566,119.43235172647982,258.506768989563
30.89739098548889,18.13325857121963,38.13123613910284,20.180640757083893,4.981665420532226,2.955227279663086,0.2169599294662475,0.0354477263987064,0.3858167558908462,4.031025218963623,4.122230577468872,0.5903913259506226,80.83310546875,25.368944358825683,13.151764965057373,2.240109395980835,6.028748846054077,72.15436706542968,33.74506797790527,19.95413703918457,294.3661957740784,1411.17791287899,2703.726311264123,0.3893281452302602,100.2674208164215,65.27050913227723,121.22571285516024,262.8169385910034
32.312861478328706,13.31064435163571,38.700723803858274,20.06967490911484,4.690061235427857,2.2193621397018437,0.0605787858366966,0.0102940589189529,0.392926675081253,3.9921557188034056,4.13827109336853,0.5849979043006897,78.62536163330078,19.91219367980957,3.7430435180664063,0.6428571999073028,6.034945869445801,72.3262809753418,33.09492797851563,19.861957550048828,287.43592128753664,1241.1083602428437,2631.616821574536,0.3725425899295572,100.38307843208312,50.88757217046805,121.70338406730444,263.18345339298247
31.535081732273103,18.20533627406694,37.86416118030902,19.697102779150008,4.7127073287963865,3.1808066844940184,0.3250002980232239,0.0564204059541225,0.3897131264209747,3.854916286468506,4.300317239761353,0.5995600998401642,80.41259841918945,25.73041610717773,18.28880195617676,3.5749197721481325,6.052039003372192,69.48868331909179,33.99367790222168,20.013909912109376,296.39767718315125,1300.978824186325,2612.717932359298,0.4277893663394046,98.03462295532226,63.10783436074853,118.99949456006289,257.3117132425308
31.848937046527865,16.01205233236542,37.75875318848993,19.97813108563423,4.662743711471558,2.8921650648117065,0.2642740309238434,0.0458339419215917,0.3899800568819046,3.9830055236816406,4.165788221359253,0.6232201814651489,78.11515808105469,23.43039894104004,14.286989307403564,2.884211874008179,6.026670026779175,71.054736328125,33.70914878845215,20.670669937133788,289.9286458015442,1195.7478977322578,2529.232422348735,0.3916115544196294,99.20520396232604,60.351540877483785,120.25414846017956,260.38437063694
31.384376895427703,15.72708526966162,38.062344060256144,19.901097464561463,4.821477651596069,2.703903579711914,0.2137203246355056,0.0387138731777668,0.3859231263399124,3.955411624908448,4.112483263015747,0.6168813824653625,80.8506576538086,22.567037200927736,12.037588024139405,2.444750738143921,6.04721703529358,71.1706153869629,33.13551826477051,20.47688446044922,286.11180181503295,1246.4854251742363,2593.544307498977,0.389661528429464,99.19004969596864,57.79609980192036,120.33698429353537,259.865904378891
29.86024490594864,17.641704390151425,37.64563656807877,20.91658156514168,4.89648208618164,2.957631182670593,0.3113783568143844,0.0537176460027694,0.3880268067121505,3.818620777130127,4.193362379074097,0.6002545833587647,78.06802520751953,24.28150081634521,17.6408992767334,3.360142517089844,6.018782043457032,68.15884399414062,34.23527793884277,20.43480281829834,292.2017098426819,1255.7981886863708,2641.7220059488727,0.4224953100137327,98.09892182350158,61.75704192314297,118.77594236284494,257.59646291732787
30.7039176940918,18.98867955505848,37.26772296191193,20.43752046823501,4.961203956604004,3.304879593849182,0.310318723320961,0.0556204430758953,0.3934308648109436,4.039601373672485,4.355877494812011,0.6276846647262573,79.7778533935547,26.669630432128905,18.969277000427248,3.549376106262207,6.042225980758667,70.32355041503907,33.09913101196289,21.06694164276123,295.0339958190918,1274.555623948574,2594.876983807836,0.425403180189604,100.02062940597534,65.48293995400891,120.95219964701684,261.762436914444
30.14699267148972,21.59513395118993,37.55621938284021,20.00582939386368,4.9356762886047365,3.7668689250946046,0.3526607036590576,0.057326902449131,0.3841883271932602,3.982620453834534,4.519934177398682,0.5896485865116119,79.5435691833496,30.6150691986084,20.457480239868165,3.603908395767212,6.05020580291748,70.78765182495117,34.00733070373535,19.962105369567876,286.379944896698,1232.8874794483186,2539.5206841012114,0.4964117827081779,98.63001160621644,68.8665906433016,119.94075000714513,258.9422540187836
30.426665830612183,18.88695353515213,38.20523401787504,19.870376926660537,4.930114793777466,3.236035370826721,0.3194800823926925,0.0540760550647974,0.3901790678501129,3.871978282928467,4.372944211959839,0.6238658666610718,81.68163299560547,26.44896640777588,17.15296630859375,3.4524407386779785,6.041862821578979,70.55750885009766,33.30549659729004,20.699680519104003,293.8685524940491,1274.0623572468758,2641.9097686007444,0.4261847172680987,98.01867723464966,63.394413905404505,119.25544472951442,256.9345742940903
31.22867376804352,19.32031675180188,38.7201216381276,19.47652699947357,4.936013555526733,3.2648425579071043,0.3110445648431778,0.0541712787002325,0.3892270982265472,3.9776907205581664,4.328759241104126,0.6268228650093078,81.12663116455079,26.609085655212404,19.54753608703613,3.426058316230774,6.03760404586792,72.16710968017578,34.29442443847656,20.50487289428711,288.1315258979797,1223.2939674973488,2551.721558991156,0.4416019145131287,100.2224329471588,66.24740158524364,121.49694833066314,263.1462630987168
31.693354749679564,14.201093642326304,38.816476435633376,20.465954738855363,4.715229797363281,2.42018141746521,0.1278731912374496,0.0218310886994004,0.3862810552120209,3.793011331558228,4.056713914871216,0.6049951434135437,78.85599822998047,20.983987236022948,7.158306217193603,1.373737895488739,6.021660709381104,69.09093170166015,32.951375579833986,20.40139312744141,287.58417587280275,1243.1074043273925,2657.3275909119284,0.3872463676704719,99.2561547279358,53.44104280518368,120.18867747690528,259.9842353343964
31.27257318496704,15.61942900865106,38.47518858048134,21.514842504262923,4.882197856903076,2.8133569240570067,0.1920153513550758,0.0331044849008321,0.3813011944293976,3.884450674057007,4.1890815734863285,0.6216682910919189,80.4465721130371,23.355319786071775,11.996340274810793,2.084591603279114,6.016605710983276,69.51235122680664,33.31934051513672,21.26481513977051,284.6452143192291,1242.7955233573914,2671.2108569297534,0.415724260193328,99.85446648597716,59.303443051036446,120.9546824766323,261.6269772529602
30.656299459934235,16.483571387820156,36.72870351797901,19.97718358039856,4.36574821472168,2.8853256702423096,7.667603707517401e-09,2.3589447505629987e-16,0.3850367218255996,3.586910772323608,4.090343046188354,0.5572154521942139,75.08993530273438,26.37255535125733,1.345563077626011e-10,4.568659289418294e-15,6.048614597320556,65.43244857788086,33.49336585998535,19.05586700439453,305.191064786911,1461.1137954235078,2742.9797872640365,0.3835185957751321,93.66696252822877,62.868520879759366,113.61867522317915,245.60826847553253
31.415496921539308,17.677486272976967,38.328234256105496,19.921742069721223,4.512299251556397,2.93417751789093,0.1141281247138977,0.0153334345668554,0.3865141153335571,3.6121763467788695,4.031678676605225,0.5832053363323212,78.27776641845703,26.622702980041502,5.684078025817871,0.9539664924144744,6.035810422897339,67.61648941040039,33.0826229095459,19.686781883239743,306.48727736473086,1390.0800446271896,2741.1443091227616,0.417327742189199,95.87684960365296,64.89123676707968,116.07235633973032,251.06004600524903
31.29291088581085,17.877198749477976,38.99240528019145,20.560218393802643,4.697792673110962,2.8803916454315184,0.1884070858359336,0.0329450320452451,0.3918253093957901,3.704599833488464,4.365905570983887,0.6093567550182343,78.86469497680665,25.125828361511232,10.881508445739746,2.0611528635025023,6.040182590484619,69.0931770324707,33.26449546813965,20.699785423278808,296.9766641616821,1419.9424060702324,2795.963918860146,0.4159752487829401,98.07618842124938,63.3324157952331,118.60457048229873,256.75314300060273
31.12565236091614,18.784587478172035,36.51492317204829,21.0777770280838,4.783072662353516,3.313556504249573,0.3364502936601639,0.0552652798593044,0.3889911204576492,4.054540395736694,4.3790045261383055,0.6023093640804291,80.67005615234375,26.687952041625977,19.31172294616699,3.529037427902222,6.055183935165405,70.49968643188477,33.49001502990723,20.670185470581053,286.91379203796384,1240.322076880932,2526.754982976918,0.4450840286901275,98.01634435653686,64.90330128362402,119.18854785822332,256.92421143054963
31.24319335222244,13.009569323346431,37.23123526626732,19.97217257618904,4.596503591537475,2.3874496459960937,0.0123885835520923,0.000316126908001,0.3842759221792221,3.90009229183197,4.158362340927124,0.5678448498249054,78.19616088867187,21.45178813934326,0.2806078180670738,0.0161465820856392,6.050925445556641,70.53702087402344,32.47937660217285,19.46973571777344,291.0962348461151,1235.8836262583732,2619.9340846188425,0.3769710692185427,96.83316202163697,52.629790671659066,117.49460774883627,253.39249954223632
30.08983684778213,18.351715954672542,37.15812296282966,21.23537110090256,4.866467905044556,2.925547885894775,0.2950033605098724,0.0512783642858266,0.3880019873380661,3.9677332162857057,4.332726335525512,0.6130758643150329,78.2537940979004,24.40695114135742,17.105591583251954,3.193202757835388,6.02375340461731,70.50402526855468,33.35315437316895,21.00529556274414,292.09698405265806,1257.66362490654,2645.294407666602,0.4301738797278183,98.10622072219849,61.661968195810914,118.85728515833615,257.05242719650266
31.406585466861724,19.571562085021288,38.848583760485056,20.82225414514541,5.089103031158447,3.3316109418869018,0.3099827677011489,0.0554047927260398,0.3903803467750549,4.110105419158936,4.1352949142456055,0.6703578710556031,81.8750389099121,27.186898231506348,17.024854469299317,3.4723475217819213,6.05098934173584,72.85937576293945,33.64443397521973,22.013340377807616,294.9571548938751,1185.917667031288,2520.141036988294,0.4151521511537709,102.43877420425414,67.37596599068493,124.20672924574464,268.49711697101594
30.5515042424202,15.762359281542013,39.06884089941159,21.102799612283707,4.778437948226928,2.8288283824920653,0.197424478828907,0.0291373876854777,0.3869930803775787,3.723896622657776,4.163970470428467,0.6562423586845398,77.81934356689453,24.073277282714844,10.765443992614744,1.8214165568351743,6.018383455276489,69.36941680908203,33.515184020996095,21.80935916900635,283.54157600402834,1235.5667361855508,2700.798326279217,0.4247669573080695,98.10616655349732,60.5275801983662,118.86328582055869,257.2431940317154
30.49845600128174,18.86205256677931,37.69370676740073,19.98207927942276,4.766752099990844,3.057711744308472,0.2771373629570007,0.0507280547171831,0.3929400444030761,3.9119829416275023,4.135301923751831,0.6478883445262908,77.3886932373047,25.58873767852783,17.147607803344727,3.235964107513428,6.041342782974243,70.70241165161133,33.12903633117676,21.2052059173584,302.1977647304535,1222.992855668068,2561.581067007477,0.4297787064059804,98.08099961280824,64.31977256257088,118.85422863960268,256.9673244476318
31.84705749750137,18.75670840101084,38.25901967189274,20.66068932414055,4.867735481262207,2.984959888458252,0.3143618166446685,0.0561264619231224,0.3875346392393112,3.988539457321167,4.192915868759156,0.5929401695728302,81.94943237304688,24.948186302185057,17.09879493713379,3.561257576942444,6.051890087127686,71.49525756835938,33.083417129516604,20.243586921691893,293.665439081192,1397.682226037979,2711.607531125453,0.4147859400054017,100.22117290496826,64.20167054701596,121.2177362618968,262.1369646072388
30.085108602046965,19.747588205337525,39.86670999655034,21.294510412216187,5.0943779945373535,3.3069443702697754,0.3356534987688064,0.058167640864849,0.390945678949356,3.803518056869507,4.363624191284179,0.6311077237129211,80.30648574829101,27.088461875915527,19.80248394012451,3.673791480064392,6.035161352157592,70.97988586425781,33.06128425598145,21.48824234008789,290.624402999878,1403.9449179053306,2844.6981290196186,0.4356356175623361,100.23116540908812,66.72202795464545,121.33474404849112,262.29206533432006
31.76390717029572,12.976265436200627,37.34004764053971,20.513854491710664,4.548676872253418,2.423178291320801,0.0062808203045278,0.0007890216074883,0.3846894443035126,3.926392841339111,4.028970193862915,0.6592607736587525,77.13037033081055,21.58420162200928,0.2923974812030792,0.0493259068578481,6.014015483856201,70.36578826904297,32.938622283935544,21.62696762084961,290.9405354976654,1228.5934547185898,2590.8617927641376,0.3847548752241486,97.7379180431366,52.63675988951727,118.38556772507728,256.05414216518403
29.78883444070816,18.383758051600307,38.273065266036426,19.15900011062622,4.683989953994751,2.993467426300049,0.1153094656765461,0.0189930453896522,0.3881298780441284,3.611810541152954,4.252002000808716,0.5643535077571868,76.10870361328125,26.849641227722167,6.92990746498108,1.1775210618972778,6.008023309707641,67.53266677856445,31.767638206481934,19.153728866577147,297.4004614830017,1349.5055445432663,2715.063329078205,0.3978155582771414,95.92195773124696,65.3495553498622,116.00666500423104,250.55783445835112
31.091156435012817,20.620883486326782,40.57559367862996,21.70689011216164,5.066293478012085,3.568002939224243,0.3388494968414307,0.059409749507904,0.3872704893350601,3.8370938301086426,4.325769138336182,0.623232102394104,81.1608055114746,29.039287185668947,18.411380767822266,3.73633770942688,6.007055234909058,71.3652946472168,33.53039131164551,21.36465244293213,291.16825461387634,1372.5152470588685,2784.742616525717,0.4608709097936682,101.74772348403933,68.90635615512728,123.35487228184938,266.64686646461485
30.619643700122836,17.482468524563593,39.46813918992412,20.42311950922012,5.023065900802612,3.1203115463256834,0.296381664276123,0.0474936489015817,0.3849351108074188,3.846523261070252,4.331025314331055,0.6628767192363739,80.76588287353516,25.167116928100587,17.99918155670166,3.0343569993972777,6.0185959815979,70.69193801879882,32.89790954589844,21.867947387695317,289.3419070720673,1390.815732163191,2786.9428561556388,0.4001768314280227,100.24670839309692,64.27888572411612,121.51601243019104,262.4866701126099
31.064505207538605,18.92668737724889,37.144222278054805,20.1504931807518,4.737079334259033,3.049069809913635,0.3273742467164993,0.0536532148718833,0.3856479376554489,4.038389801979065,4.196295166015625,0.5949004709720611,77.78141250610352,25.31892890930176,20.03397731781006,3.315823531150818,6.030391502380371,71.22760848999023,32.85749397277832,20.10514640808105,289.44799342155454,1216.6982738614083,2501.5887279613357,0.4359308932700522,98.74976472854614,64.22554516997188,119.77399164643138,258.6512799739838
31.22581115961075,21.18005219977349,37.45961334267631,23.56331927776337,4.849056816101074,3.428617668151856,0.3388897687196731,0.057159224525094,0.385886800289154,3.875511384010315,4.400829887390136,0.6228395640850067,81.74583358764649,28.5489501953125,20.77091293334961,3.6466703176498414,5.990483331680298,68.8751594543457,37.97700386047363,21.357282829284667,300.9512401580811,1415.628494977951,2698.1389416027114,0.9348900800862112,98.66212310791016,67.19864475447685,118.9947634799406,259.47433135509493
30.95069857835769,17.0650049892487,38.63899862903636,21.76140207648277,4.915882062911988,2.803988981246948,0.2464995041489601,0.0417424038052558,0.3851413398981094,3.99941954612732,4.160315752029419,0.6286311686038971,79.24986190795899,23.668700218200684,14.755824375152589,2.636743974685669,6.059685039520264,72.19447708129883,32.77130813598633,21.53720016479492,287.1195646762848,1230.3970036387443,2645.3837878402146,0.392527287671534,100.29398465156557,61.131224307511005,121.72696256581692,262.59315474033355
30.274181592464448,17.245464904245456,37.78583247053903,20.554658550024037,4.813463306427002,2.990534496307373,0.3070984929800033,0.0506875455379486,0.3827827334403991,3.92079701423645,4.248243236541748,0.6556122362613678,77.63958435058593,24.339918899536134,17.280944061279296,3.236120319366455,6.027631378173828,71.0088882446289,33.435639190673825,21.626940727233887,291.7217169761658,1245.023438334465,2638.2397094899848,0.4343128635886139,98.10602855682372,61.85423621525988,118.83727342691272,257.1484207391739
31.326192247867585,14.737671351515749,38.774636181094685,20.46406454443932,4.694897508621216,2.542967200279236,0.0441919725388288,0.0078457430936396,0.3844123214483261,3.714458441734314,3.966584062576294,0.6297125697135926,78.39793243408204,22.816997718811034,2.595256447792053,0.5015845477581025,6.012173461914062,68.28099136352539,32.610530853271484,20.98828296661377,296.38017826080323,1419.146053647995,2817.554202188371,0.3770253335737287,98.35870122909546,56.65905097550713,118.90598691534252,257.3268492221832
30.987792479991917,18.587975188298152,38.72717279947828,20.87864552140236,4.971442985534668,3.3436794757843016,0.3312680125236511,0.0577248498797416,0.3854040384292602,3.961273956298828,4.129430294036865,0.6511263072490692,81.0309829711914,26.63084983825684,20.36960792541504,3.594488739967346,6.049439716339111,71.78970565795899,33.52449836730957,21.5732795715332,289.404118680954,1234.7739979982375,2595.811837920861,0.4568083992558101,100.22477750778198,66.4914430251345,121.43331320621073,262.5481057167053
30.244121539592744,19.60191935133189,39.30490561255719,21.09609051346779,5.074226427078247,3.4649279356002807,0.3222772151231766,0.0552493155002594,0.390116137266159,3.805696964263916,4.204009771347046,0.6246611118316651,80.5040496826172,27.890902519226078,18.529390144348145,3.5277038335800173,6.032938957214356,69.34349899291992,34.25972785949707,21.05225734710693,287.48392872810365,1232.14901843071,2635.5436421200225,0.471649288910774,100.21901931762696,66.6035645885393,121.463208748959,263.0771035909653
31.31577682495117,19.65017447376158,37.20242854114622,20.3186659693718,4.848041915893555,3.1292882919311524,0.3125873446464539,0.0568938259035348,0.3918205499649048,4.131471252441406,4.226639747619629,0.6688369452953339,79.04323120117188,26.05688018798828,19.368271827697757,3.626134490966797,6.050295209884643,71.7486961364746,32.628139114379884,21.88642864227295,292.19511857032774,1193.227531659603,2479.6684430791006,0.4121964113917805,100.25736680030823,65.52793919490651,121.55638097450137,262.3599325180054
30.50179487466812,16.871402045118156,38.16997626407537,20.73104870915413,4.900513935089111,2.9627493381500245,0.1651395678520202,0.0291298422962427,0.3879156231880188,3.899056553840637,4.292484283447266,0.6260524690151215,79.11956176757812,25.285250091552733,9.777675437927249,1.82179491519928,6.020431613922119,70.28020782470703,32.96309928894043,21.149177742004397,295.7543052196503,1416.5571834087373,2791.0651086324942,0.4005124289183264,99.19477896690368,63.662481758743525,120.09134671855718,259.5981799125672
31.90717704296112,14.384466626250653,38.50167268125806,20.20431327819824,4.731926727294922,2.5562247753143312,0.1494742453098297,0.0249883128330111,0.3841157615184783,3.809375667572021,4.171334791183472,0.5920014798641204,80.68491973876954,21.607593154907228,8.720303344726563,1.5472726941108703,6.010528516769409,69.01656570434571,32.53249168395996,20.105240440368654,285.7830293655396,1256.727892899513,2662.4324130877853,0.3853998214084327,99.00618839263916,54.64410444516689,119.80516019109636,258.9469714164734
31.234731793403625,14.1867313722556,38.70760333805811,20.72691712975502,4.81913390159607,2.543772339820862,0.1508034154772758,0.0250785710290074,0.3892666280269622,3.811423420906067,4.114265632629395,0.5885563611984252,80.68000411987305,21.4301570892334,8.45764741897583,1.5937811851501464,6.041508483886719,69.94559326171876,32.78450012207031,20.19011516571045,288.09831433296205,1241.713887810707,2717.833645994583,0.4092220364410671,98.77214431762695,54.189467758964746,119.62630763780324,258.3627848625183
32.262651038169864,15.075399635115172,38.83052257052623,21.228638756275178,4.687711906433106,2.448378682136536,0.1321216031908988,0.0212651526555418,0.3876092433929443,3.9439286470413206,4.198450231552124,0.6089317798614502,78.49769287109375,21.56239051818848,7.850131940841675,1.335242176055908,6.061685991287232,71.71905975341797,32.74928512573242,20.912202453613283,295.6990905761719,1424.4301150918006,2803.8605756521983,0.377646564520122,100.34019331932068,55.40046826284379,121.4461896667257,262.5674251556396
30.957677912712096,13.76270949706486,37.72196442827117,21.27301878929138,4.680353212356567,2.3829067945480347,0.0154728148132562,0.0015046416956465,0.388944947719574,3.760282158851624,4.024496841430664,0.6112021446228028,78.30931396484375,21.78724021911621,0.6860947668552398,0.0889107562601566,6.007887887954712,67.96535568237304,32.739977264404295,20.882448959350587,290.9445140361786,1234.0891232848169,2661.138915042946,0.3866450213157869,97.2839063167572,53.439481539209375,117.7383715050295,254.5850200176239
31.3403089761734,17.55286170328036,37.13170552211814,21.35906189084053,4.664733362197876,2.8485220670700078,0.2238926500082016,0.040260823816061,0.386491259932518,3.944128680229187,4.17230339050293,0.6304088354110717,78.10935287475586,24.346598052978518,13.079312419891355,2.4924093961715696,6.065674209594727,69.90486907958984,32.615380859375,21.431275939941408,301.72774305343626,1202.0986246824264,2556.9223087258697,0.410000642312967,98.09099216461182,61.52549169007689,118.8184910653159,256.47505700588226
32.2238356590271,16.33427726884797,39.40800580438226,20.58045342564583,4.760723161697388,3.071268653869629,0.0119339215569198,4.202397394692525e-05,0.3872160613536834,3.787922477722168,4.066256189346314,0.6522188305854797,80.54580688476562,27.324308776855467,0.1702028021216392,0.0016038973059039,6.032360076904297,69.40706253051758,32.97440185546875,21.580798149108887,294.0914952278137,1428.5963861346245,2811.6212320539,0.3528319388149725,100.21647143363953,71.13919904138069,121.20960578806698,262.3455368757248
31.4111043214798,18.996852469420997,38.747659627813846,20.278900802135468,4.839452600479126,3.225882053375244,0.3209394812583923,0.0580449111759662,0.3865103036165237,3.918314933776856,4.366853189468384,0.6184230148792267,79.19551315307618,26.365899658203126,17.608455467224122,3.656419515609741,6.02582631111145,70.63093872070313,33.37708015441895,20.734382820129397,294.0845213890076,1386.7015142917633,2695.2481542426685,0.4328744752657151,100.27000031471252,65.54454079940915,121.52706482708454,262.796537232399
30.42823905944824,19.50177585752681,37.75800365761389,20.602055263519286,4.842486333847046,3.2409080028533936,0.3255332857370376,0.0562859240919351,0.3827164709568024,3.8830009937286376,4.280206203460693,0.6074265539646149,79.18233184814453,26.720041847229005,18.64855213165283,3.4712162017822266,6.026702690124512,70.02463150024414,33.28594970703125,20.562650299072267,292.4537677288056,1261.9534323334694,2611.3597193329306,0.4367170991868718,98.04864816665648,64.21863635629416,118.77320933267474,256.80907740592954
32.052859699726106,17.409307155699935,39.06471734163351,20.251259678602217,4.753628921508789,2.852137064933777,0.2785689115524292,0.0460913710296154,0.3855807662010193,3.860372686386108,4.067757892608642,0.6521510541439056,79.44929351806641,23.80795078277588,15.31735677719116,2.899583172798157,6.046771907806397,70.34586944580079,32.08738250732422,21.477608489990235,298.3984039306641,1265.9077182412148,2634.227301468595,0.3992700457096596,100.30560431480409,62.18768008947372,121.22675837390123,261.9783462524414
30.599975192546843,17.21145167767536,37.83004332650453,19.36686573028565,4.776249885559082,3.1246337413787844,0.3010147303342819,0.0480580911040306,0.3884502649307251,3.8520012378692634,4.153880500793457,0.6276485919952393,78.09993515014648,25.094874572753906,18.07354736328125,3.023217725753784,6.05359959602356,69.35288543701172,33.07166519165039,20.478937339782718,291.413176202774,1233.1858780145644,2580.0071132864628,0.4275777959453457,98.06599926948547,63.00399596393108,118.95152459461242,256.9671846389771
29.38401108980179,17.61298870020546,38.158375617512505,20.15431666970253,4.902165937423706,3.199680209159851,0.3128315210342407,0.0571062427014112,0.3845567673444748,3.745525860786438,4.239622974395752,0.6524594128131866,77.81638107299804,25.466945075988768,18.174591255187988,3.583738684654236,6.029557228088379,68.58743591308594,33.26048851013184,21.420956993103022,290.3226539134979,1214.6469715833664,2632.1469736811478,0.4355861540452735,97.20576786994934,63.19969307165593,117.90314492471516,254.7610689878464
29.63101872205734,18.71818481942173,37.68574031544849,20.251830846071243,4.933117437362671,3.395003890991211,0.3190683841705322,0.0564775120466947,0.3913251489400863,3.825165796279907,4.480959892272949,0.5801808774471283,78.15126266479493,27.03314628601074,19.604854774475097,3.559479808807373,6.045621109008789,68.08095626831054,34.73772010803223,19.823140144348145,282.1320821285248,1194.2305483341215,2573.987474616384,0.4747639406721653,98.0341260433197,64.88830007836222,119.15303938388824,257.906929397583
32.02827093601227,17.175274598074612,38.83396876810584,20.96202803254128,4.808308124542236,2.874813604354858,0.203886741399765,0.0343839481472969,0.3922348350286483,3.820711708068848,4.075355625152588,0.670828354358673,80.94608688354492,24.48066062927246,11.666122245788577,2.165601706504822,6.044769716262818,68.89187850952149,32.23156318664551,22.189090538024903,293.11261982917785,1428.2403527438642,2770.22421834743,0.3939987631497167,100.27306575775148,63.27505634073168,121.16589052099737,261.8353432893753
31.12640209197998,20.78175551849417,38.91981174927205,20.21709124445915,4.9161763191223145,3.4868622064590453,0.321700245141983,0.0599484536796808,0.3852934926748276,3.8648906469345095,4.32881531715393,0.6071012616157532,80.17065048217773,28.58028945922852,19.75755157470703,3.7573348760604857,6.039758062362671,69.9172981262207,34.24786758422852,20.389537048339843,290.509994840622,1227.3699152231216,2555.608586048003,0.4573256941525656,100.20533266067504,68.06596371438354,121.34195311237129,263.00975799560547
30.26249828338623,15.349075596989133,38.64609933553729,19.84538980126381,4.855570936203003,2.8406763553619383,0.1099755957722663,0.0166926657781004,0.3863311052322388,3.792708778381348,4.303509664535523,0.6061449527740479,78.95710678100586,24.37163429260254,6.182043266296387,1.0586228370666504,6.059444761276245,70.00488815307617,32.843190383911136,20.32608833312988,280.47886657714844,1243.40415661335,2695.2541995873207,0.4309977121497866,98.07286920547486,60.364819733705374,119.02694589868187,256.76994528770445
31.57780381441116,18.02442796055693,39.33451295357664,21.45769535899162,4.842126178741455,3.1025034189224243,0.3012426167726517,0.0517338629812002,0.3866461277008056,3.785123085975647,4.325286912918091,0.6155891656875611,80.0025863647461,25.18447761535645,16.82267475128174,3.2721707344055178,6.05531005859375,69.19672393798828,34.734486770629886,21.058895111083984,294.2230630397797,1274.052983701229,2694.9296360541657,0.435830353936521,100.24783368110656,63.58857925590128,121.17313924655318,263.2009977579117
32.17566800117493,14.006210768967868,38.28011668978725,20.686106991767883,4.580328416824341,2.505172061920166,2.3085989253581062e-16,3.611548921497752e-17,0.3824330300092697,3.741943836212158,4.162988710403442,0.6084417521953582,79.13504104614258,22.686150741577148,1.3209511762012462e-14,2.2999824218216687e-15,6.023745632171631,68.1945816040039,32.02137794494629,20.731216621398925,298.2404667854309,1421.2770511209965,2804.46279821716,0.3799404055260538,98.13239035606384,56.234509992599484,118.444110275805,256.1535001039505
32.3660715341568,13.228513123560695,38.59852671753615,21.35159707069397,4.744181108474732,2.3802268266677857,0.0887319132685661,0.0150409839116036,0.3854148179292679,3.870415592193603,4.031341314315796,0.6326998174190521,80.42269439697266,20.597402000427245,5.156657838821412,0.9439686179161072,6.010984706878662,69.0383056640625,33.59820022583008,21.39938716888428,293.8930449485779,1251.5861159920692,2663.285393130011,0.3566564007115261,100.3464210987091,52.50677761421539,121.45712184179574,263.2109088897705
29.718513798713683,22.098814075253905,36.72415562130045,24.59922159314156,4.678655624389648,3.8457210302352896,0.3505217492580413,0.060452664643526,0.3914209306240082,3.796443438529968,5.461218690872192,0.6834343552589417,75.9114616394043,31.381159782409668,20.35334243774414,3.797335982322693,6.029366683959961,67.77949447631836,42.84272270202637,23.31807403564453,289.2677770137787,1336.4154651403428,2667.2269112595477,0.8553498655441217,95.78974523544312,67.19146135374903,116.39483251851053,255.1021805047989
32.67486802339554,18.92706162929535,38.82550821260084,19.83819533586502,4.724475336074829,3.4504817485809327,0.3228383064270019,0.0579734165221452,0.3870365530252456,3.9200025320053102,4.41833381652832,0.5821268379688262,81.44406127929688,27.42294864654541,18.172516441345216,3.644271159172058,6.042970180511475,71.4218879699707,32.86525497436524,19.813625144958497,296.74057817459106,1418.5287077903747,2736.5626902105987,0.4250640463423814,100.20174169540404,69.59584811329842,121.09617216717452,261.9416390895843
31.570970666408535,17.620887686265633,37.21017982182093,20.94407799839973,4.801691913604737,2.818154549598694,0.2442700654268264,0.0440658073872327,0.3841936767101288,4.076000118255616,4.122965145111084,0.6171724200248718,78.75009994506836,23.794536972045897,14.954070568084717,2.762326693534851,6.03985915184021,70.66575469970704,32.88284339904785,20.95803470611572,302.85884442329404,1249.9811118245125,2579.9336155610217,0.3905611917656522,100.31799926757812,61.36317248241976,121.20635209139436,262.48580315113065
30.90016715526581,18.24765332974493,36.85191252748482,20.053938204050063,4.723258113861084,3.321949815750122,0.3195032566785812,0.0533100962638855,0.3873229295015335,3.96597638130188,4.273852062225342,0.595097827911377,77.92788772583008,26.442051315307616,18.652878189086916,3.393784427642822,6.025790119171143,69.52962722778321,33.18400421142578,20.11248035430908,296.0797731399536,1273.959655201435,2586.153755014483,0.4312098619867107,98.06543054580688,63.71933118663728,118.8990638801828,257.0187366724014
31.12132284641266,19.814876335673038,36.638503852207215,20.694666826725005,4.683875942230225,3.1444432497024537,0.312188783288002,0.0532440967857837,0.3852057814598083,3.98348445892334,4.127885293960572,0.6681750774383545,77.75986404418946,26.28243103027344,18.898103523254395,3.359013819694519,6.04047122001648,69.52291946411133,32.44704971313477,22.0148983001709,304.25852861404417,1208.7593749046323,2488.160278841574,0.4172044910447731,98.07295022010804,64.39333533626049,118.74490702170878,256.4283248901367
30.67577294111252,15.031807728251442,37.23319427119568,20.19290808439255,4.866139507293701,2.422898650169373,0.1367811620235443,0.0228399278596043,0.3916324824094772,3.9833500385284415,4.169627046585083,0.6346116006374359,80.83638763427734,21.378548240661623,8.216353416442871,1.432894515991211,6.050231647491455,71.22680053710937,33.09529838562012,21.013162994384764,290.7609442710876,1246.858988237381,2629.345545804402,0.3931522130110238,98.10683770179747,53.74782805591822,118.84814506489784,256.7616364717484
31.9959743142128,14.99378691011807,38.59046176448464,19.804845374822616,4.61493673324585,2.5234440326690675,0.1518734037876129,0.0270263746380805,0.3887471675872803,3.773202633857727,4.214045286178589,0.613400936126709,78.34259948730468,21.67537021636963,8.992762660980224,1.726253354549408,6.034133625030518,68.68577423095704,33.16802864074707,20.42951412200928,287.5418079853058,1241.9761818051338,2600.32718280073,0.3817686989431635,98.58298568725586,54.7665980393067,119.48432328272612,258.43002064228057
30.72661249637604,17.384845354617575,38.28705864832737,21.466655087471008,4.794503879547119,2.772058629989624,0.2574661463499069,0.0433278851211071,0.3865227669477463,3.841851735115051,4.124789762496948,0.6423982143402099,79.09506072998047,23.528722763061523,15.221674728393555,2.7382833480834963,6.062020397186279,70.35230712890625,33.405296325683594,21.692714500427247,298.9268768310547,1282.532089293003,2700.300629515754,0.4009834635496553,98.0866711139679,59.58003887776285,118.934602705203,256.98189940452573
31.287479269504548,18.63884931249777,38.40705318902619,19.08359917998314,4.906565713882446,3.02772216796875,0.3100082397460937,0.0555293180048465,0.3823682963848114,3.9938475847244255,4.319562244415283,0.6210665941238404,80.49330520629883,25.117132568359374,17.30388488769531,3.5047536373138426,6.025777101516724,71.65924987792968,33.2938591003418,20.26217384338379,290.9349787712097,1204.2216733694077,2536.8408427020595,0.4242202804859182,100.26330094337465,63.776848377101125,121.4201018186286,262.700594162941
29.797675704956056,21.213935201894493,38.86025013800245,21.90391217470169,4.950232934951782,3.470771551132202,0.3172271013259887,0.0577287144958972,0.3863933086395263,3.691416501998901,4.221135091781616,0.6496630728244781,79.29696578979492,28.809697914123536,17.99379062652588,3.6301561832427978,6.009226608276367,68.72768096923828,35.094261169433594,21.892234230041502,298.6267551422119,1369.9309435129169,2785.585004788934,0.5807638078927994,98.05219073295594,66.92596191782505,118.21242541167884,257.34040982723235
32.59188327789307,14.89672256243066,38.8484154531965,21.146788811683656,4.726462984085083,2.500770092010498,0.120188607275486,0.0200643189251422,0.38627690076828,3.894503116607666,4.031695032119751,0.6562348663806915,80.88671798706055,21.920692253112797,7.133166933059693,1.2759643077850342,6.011998033523559,70.75167083740234,32.01058349609375,21.94584541320801,305.3717364311218,1264.9242415904998,2670.4178693475724,0.3668558365687843,100.33630876541136,55.988140374142674,121.11195701416582,261.9324919462204
31.4149285197258,17.795088039920664,37.56093827376608,21.617924565076827,4.844826793670654,3.2094433546066283,0.2940796434879303,0.0534721862524747,0.3825172901153564,4.068300390243531,4.267884540557861,0.6835191071033477,79.35764770507812,25.597102165222168,17.080187034606933,3.325739288330078,6.029501867294312,70.96263046264649,33.524027252197264,22.688203811645508,285.6345836639404,1239.9623267412185,2591.932734511141,0.4240933724980866,100.26595621109009,63.9209918262437,121.58838821947576,262.89508988857267
31.20697593688965,16.538449934951494,38.6956865362823,20.331211298704147,4.793710470199585,2.791335678100586,0.2418965846300125,0.0392758183181285,0.383344504237175,3.774028849601746,4.22442135810852,0.6243488252162933,81.19129333496093,23.35353183746338,14.309739685058592,2.489568901062012,6.016522169113159,69.40091171264649,32.68674011230469,20.87238750457764,286.35635485649107,1249.8900663733482,2662.9371789293536,0.4111081871534764,98.09007277488708,58.90100064128637,119.07539881188424,256.73594903945923
31.246914267539974,16.73062668198254,39.28032664451748,20.7585912168026,4.90123462677002,2.6864463806152346,0.2032219439744949,0.0356713116168975,0.3863333970308303,3.8023403882980342,4.19461579322815,0.6108482778072357,80.10357894897462,23.083656883239748,11.8120192527771,2.2288620710372924,6.040207147598267,69.04296646118163,33.67801399230957,20.68459072113037,293.4203848361969,1390.4288673460485,2756.570908341423,0.3799038405683298,100.30648765563964,59.79143970310688,121.56378713548185,263.0819690704346
31.037638342380525,17.163857011048822,38.19818034989294,19.24644348621369,4.716720724105835,2.968364977836609,0.0984746560454368,0.0107083832845091,0.3906084597110748,3.767817926406861,4.093766355514527,0.6212382674217224,78.29861984252929,26.77852840423584,4.45438404083252,0.6569013148546219,6.054665803909302,68.54566116333008,32.50877838134765,20.35637760162353,295.7637399196625,1310.40604929924,2673.3263630133124,0.4346319018455687,98.07960472106932,66.61052986048162,118.67366567738354,256.4908613920212
31.5031907081604,17.35438479415607,38.76008382386063,19.7669329226017,4.821790456771851,3.121488165855408,0.2956460505723953,0.0507641907781362,0.3857195526361465,3.913292670249939,4.3825055122375485,0.5952186942100525,79.10905075073242,24.945371437072755,16.9096923828125,3.1528197050094606,6.059448528289795,70.38068161010742,32.93246421813965,20.06590595245361,286.96083245277407,1229.7010583162307,2618.500757015194,0.4252789008216872,100.26451530456544,63.20553936641663,121.66823211479932,262.66394822597505
31.28942061662674,18.324236377923807,37.68911667566281,21.99418072700501,4.8758903503417965,2.981666088104248,0.0489981152117252,0.0101969102397561,0.381583547592163,4.000669145584107,4.335607242584229,0.6377870380878449,81.49095458984375,26.728617095947264,3.373031616210937,0.6516756981611251,6.0120679378509525,71.51927261352539,35.30212821960449,21.440429878234863,297.4291576862335,1399.9097399652003,2697.7321152453837,0.6650262819233774,99.35281257629394,65.3755676525645,120.01723073758184,260.4857004880905
30.85807294845581,20.87165638860315,39.13332407404668,20.654106467962265,4.968229579925537,3.550974726676941,0.3628814876079559,0.0575125947594642,0.3839684277772903,3.895409417152405,4.24294147491455,0.6633739709854126,80.4613639831543,28.92516460418701,21.695902252197264,3.5852489709854125,6.044035720825195,71.41950607299805,34.329728317260745,21.787529373168944,294.2168530464172,1391.5769477844235,2688.440166040638,0.4241144467733946,100.18120083808898,70.75924979522824,121.23264795262368,262.84496986866
30.603481078147887,21.36040923553519,38.07993863169104,23.788151454925536,4.562869739532471,3.731026816368103,0.3264164090156555,0.0603423222899437,0.3903851389884948,3.6397358179092407,6.206437015533448,0.7307277381420135,75.9854248046875,30.339841842651367,19.236450386047363,3.8485244035720823,6.037051868438721,67.17191009521484,46.45985298156738,24.287270545959476,300.1447301864624,1424.9386771440506,2763.0072555419465,0.6492409152174525,96.17797803878784,66.51991276796907,116.67732735946774,257.9324153661728
31.630634427070618,15.007361138169651,38.578261261037554,21.067858856916427,4.588859605789184,2.4334285497665404,0.1559606805443763,0.0248731914907693,0.389915382862091,3.7054553508758543,4.10592885017395,0.6157422423362732,77.05425186157227,21.2888599395752,8.63808012008667,1.5463839650154114,6.022525691986084,67.97439117431641,33.58327941894531,20.897957038879397,297.55517716407775,1287.7425131201744,2710.0705633150938,0.3750890305107724,98.1755160331726,53.891073098778726,118.60745118819176,257.3699047327042
31.238398587703703,21.73185245736968,39.08365271768999,22.66230595111847,4.927013111114502,3.5799281358718877,0.3404001533985138,0.0582356583327055,0.3913169413805007,3.775933337211609,4.755934619903565,0.7169364213943481,81.05201263427735,29.658826446533205,18.651021194458007,3.646971893310547,6.027911424636841,68.50392379760743,35.05684509277344,23.862500190734863,300.89864134788513,1435.434128344059,2757.7721592617804,0.4322684412466195,100.17276678085328,69.27428336329758,121.04841913115231,263.0872747898102
31.283632493019105,16.742614887934177,38.81215395182371,20.58983917236328,4.958563184738159,3.028016757965088,0.1936335906386375,0.0356338590383529,0.3861826598644257,3.809872937202454,4.086273670196533,0.614131110906601,81.97838439941407,25.07798538208008,11.499235916137696,2.2255590915679933,6.029167938232422,68.53775024414062,33.111053466796875,20.68654899597168,294.2387451171875,1403.921971863508,2780.735300915118,0.3961606861041041,100.23794283866884,63.99403944117948,121.07757638059556,262.2374336719513
31.732326173782347,18.655600417172536,38.763031204836444,20.093837773799898,4.813367366790772,3.420011806488037,0.3252668678760528,0.0559710703790187,0.3889661848545074,3.9894058227539055,4.452707576751709,0.582081389427185,79.9657958984375,27.158376121520995,18.66637897491455,3.4631007432937624,6.061883640289307,72.50366973876953,34.39300804138183,19.78907699584961,293.8435697078705,1387.7623585939407,2710.558221908269,0.4566426013729675,100.19785532951354,65.9046742202714,121.60505213234572,263.15153839588163
32.349762487411496,16.787653452705126,36.92842255749274,19.34128632545471,4.628391647338868,2.766119146347046,0.2321735322475433,0.0383230280131101,0.3821040391921997,4.054549884796143,4.24046688079834,0.6256549537181855,78.58187561035156,23.52049617767334,13.520687770843503,2.391292405128479,6.012820482254028,70.09864883422851,32.950387191772464,20.504824066162108,292.1450269699097,1187.385004425049,2437.514856025402,0.3993162141230911,99.43976111412049,60.38251385968179,120.35784171409904,260.478733086586
30.80706547498703,18.208664009533823,37.30386422413867,20.99612624645233,4.858637809753418,3.0436638593673706,0.3067802190780639,0.0545855887234211,0.3900248676538467,4.031657695770264,4.23305230140686,0.6216136455535889,81.34860687255859,24.944171333312987,18.479337692260746,3.464182472229004,6.041999959945679,72.04584197998047,34.18745918273926,20.99860668182373,290.1646679401398,1277.0646865963936,2600.2742020464384,0.3969184224337418,98.04151077270508,62.62307193130255,119.32399267125876,257.52963798046113
30.635349607467653,18.17613770160824,38.53269632519223,21.066289830207825,4.875265073776245,3.302132177352905,0.3334414601325989,0.0548807017505168,0.3898243099451065,3.754191517829895,4.168691349029541,0.6458818972110748,81.05787353515625,26.284207344055176,19.63216552734375,3.400552272796631,6.015819263458252,69.00070419311524,33.68851852416992,21.542478561401367,291.72965226173403,1256.3140100240707,2641.861802229169,0.4613619538516026,98.03309407234192,65.04048037566244,118.69690690301358,256.80842559337617
31.4286398768425,19.83508447902277,37.88859016655479,20.35635997056961,4.740199184417724,3.2611427545547484,0.3312683016061782,0.0556648705154657,0.3829698950052261,4.052850723266602,4.24152684211731,0.5801449656486511,77.7636474609375,26.891880798339844,19.941567993164064,3.4535962343215942,6.0292236328125,72.72487258911133,33.545889663696286,19.826784896850587,297.1477448940277,1268.719994521141,2566.2918486643525,0.4253252567012929,99.61303715705871,65.9092247504741,120.55694138575345,261.18730385303496
32.07633858919144,14.627836820908124,39.72038104617968,21.033882814645768,4.7880799770355225,2.648850536346436,0.0649942070245742,0.0109299195930361,0.3837634742259979,3.793640470504761,4.0329978466033936,0.5979905605316163,80.52710189819337,23.1354700088501,3.947957491874695,0.6886348009109498,6.013469171524048,70.12534408569336,33.23206977844238,20.441578483581544,288.9308520317078,1423.3083581984042,2827.773842076492,0.3896298779573065,100.30228977203367,58.28528170741629,121.381830698438,262.7743939876556
29.92544343471527,17.38573007578626,37.605757083720526,19.739217483997344,4.89961199760437,2.919805121421814,0.0011772203899454,4.253359156791703e-06,0.3835439324378967,3.8973628759384153,4.082622289657593,0.6427032649517059,78.4546028137207,27.0167179107666,0.0107383624650537,0.0001922959003422,6.030133533477783,70.19802017211914,31.66587810516357,21.07861633300781,295.0772635936737,1319.155364060402,2673.963415880496,0.3947500521825137,98.08736200332642,66.9621273702505,118.60161261074244,255.9998707294464
30.730647015571595,20.3038517891895,37.97460835303646,19.162269735336302,4.878364562988281,3.2261149406433107,0.3195846974849701,0.0593711957335472,0.3885916799306869,3.7923300504684447,4.163541698455811,0.6218458533287048,81.61992034912109,26.95615863800049,19.48205394744873,3.747935152053833,6.048409175872803,68.38928985595703,32.56796875,20.335247611999517,297.6470385074616,1234.8864277482032,2525.496179642685,0.4156554396016965,98.01222019195556,65.66296388991177,118.80111563298853,256.2530836582184
30.91589277982712,16.512532553601552,37.62314944388345,18.150923871994017,4.540992975234985,2.9413681507110594,0.0001326008306932,9.643376852608298e-09,0.3892943531274795,3.647805428504944,4.044872379302978,0.5806182324886322,77.0119842529297,26.71320075988769,0.0002080882746668,2.2469215679166158e-07,6.053937292098999,66.50773086547852,32.30564880371094,19.021009826660155,296.31759395599363,1326.1397658467292,2629.718655262882,0.3746568477172666,95.87034368515016,66.6063012575648,116.29290711171924,250.9620948791504
32.77790389060974,15.252462382311933,39.51730519854463,21.22799844741821,4.65580186843872,2.652479600906372,0.1394359573721885,0.02205770034343,0.3907147109508514,3.776099848747253,4.051720952987671,0.6265169680118561,79.68671493530273,22.85612850189209,8.444060897827148,1.398344874382019,6.027705907821655,69.49599990844726,33.69856414794922,21.136366081237792,295.7372333049774,1273.3874487161636,2686.040023990098,0.4058093791995617,100.31016030311584,58.25010584653355,121.1624864794314,262.8824643611908
32.467154395580295,18.530801156756933,39.07943117192481,20.897987592220307,4.869709968566895,2.995789337158203,0.3055703580379486,0.0531241290271282,0.3910815626382827,4.0172404766082765,4.070245599746704,0.6286169946193695,80.39173049926758,24.89489154815674,18.313130950927736,3.3645678997039794,6.052033567428589,71.22122955322266,33.440132522583006,21.0877534866333,295.47968926429746,1419.9070471167563,2687.5929774705146,0.3803584374253994,102.47883834838868,65.73360171308741,124.17429374940691,268.6154822349548
32.03055819272995,17.189311576541513,38.57940330395941,20.02684804201126,4.689771270751953,3.0639660120010377,0.2865774303674698,0.0546894304454326,0.3862097203731537,3.939200520515442,4.2828898429870605,0.5850963890552521,77.6394256591797,24.559024810791016,15.841569995880128,3.4633018493652346,6.053523015975952,70.84372940063477,33.37348937988281,19.87022895812988,295.1836432933807,1257.2513783574104,2626.207880408293,0.4028827812082688,100.29674153327942,62.51527913389727,121.42512660194188,262.9618677616119
31.23988285064697,19.32068454043474,38.00241022501141,20.679772651195528,4.915667152404785,3.140728545188904,0.329373887181282,0.0538036473095417,0.3877579152584076,3.97714569568634,4.2190666675567625,0.6299618244171142,80.56693038940429,26.08692073822021,18.17274742126465,3.330803370475769,6.035574531555175,70.60303421020508,34.28390464782715,21.046082305908204,294.1964735984802,1228.8677117824554,2542.21325165921,0.4373391835675299,100.24751291275024,65.53683615773916,121.09319087341429,262.8858263969421
30.351307606697084,20.035675215290397,38.86515481858514,20.08117741942406,4.87724199295044,3.59757821559906,0.338671988248825,0.0569096896797418,0.3885203093290329,3.7510900259017945,4.448424911499023,0.6486678659915924,79.91212463378906,28.907015991210937,18.455389976501465,3.604934620857239,6.058830261230469,69.4066764831543,33.353112030029294,21.39597511291504,292.5673194885254,1284.839455640316,2704.3492438281246,0.4560316831804812,97.98960785865783,68.13899939339608,119.05597532335668,256.7815642118454
31.17460858821869,17.45203728567867,39.90299161048606,20.682960015535357,4.994311952590943,2.871266508102417,0.072484653443098,0.0117409510537981,0.38447285592556,3.7572438716888423,4.104864978790284,0.6581067562103271,82.4816291809082,26.010002899169923,4.426790857315064,0.7445537447929382,6.01347131729126,70.14877548217774,32.199797821044925,21.777808380126952,297.9590970993042,1416.781495881081,2814.903600905708,0.387549001679239,100.24168601036072,65.9187225425383,120.94068326782435,261.5971550703049
31.868868255615237,18.720068679749964,37.91533319454175,20.681704646348955,4.747930335998535,3.2436022043228148,0.318342325091362,0.0572952169924974,0.3861190229654312,3.9404824018478393,4.137596464157104,0.6015773475170135,80.70323181152344,26.213345336914063,19.70068702697754,3.588882875442505,6.007953071594239,70.245458984375,34.09431800842285,20.392147064208984,302.21046981811526,1258.0575222611428,2567.152577626048,0.4039454702842974,99.14845519065857,64.9388528034091,120.29176004435868,260.3955810308456
30.46067365407944,15.424417014657672,37.59663241184317,21.13468936681748,4.880284214019776,2.532056188583374,0.0009175719693303,6.245855189490612e-07,0.3890237838029861,3.951827144622803,4.012712478637695,0.6539350330829621,80.33056259155273,23.56944713592529,0.0052030307240784,1.763489030963683e-05,6.0567028522491455,71.42553939819337,33.42934036254883,21.73891048431397,298.5309174537659,1231.2710439682007,2620.5253686299607,0.3802592338268205,98.07243857383727,58.9098926109575,118.8384129114449,256.86377453804016
30.61417646408081,15.151863893115708,38.40923815986607,20.950896805524827,4.821796464920044,2.4805662870407104,1.435388730097742e-09,5.2229014365933164e-17,0.3888679832220078,3.777084445953369,3.954861211776733,0.6094871878623962,79.29181518554688,23.10139274597168,1.475221250712977e-10,2.434410679836544e-15,6.027336692810058,69.3639129638672,32.971083068847655,20.69035816192627,299.3592777252197,1457.0730893075463,2841.7885582249555,0.3662631273361668,98.12475652694702,57.39682312012826,118.62501852251587,256.7871372699737
30.80951499938965,17.408529171685224,39.02419806334656,19.663754367828368,4.942137241363525,2.7963353872299197,0.2390835911035537,0.038024902716279,0.3854567438364029,3.9498526096343993,4.3401298999786375,0.6432361900806427,79.32684173583985,23.9411714553833,14.457877349853517,2.3889465808868406,6.025714492797851,72.08098220825195,33.155849075317384,21.07291526794433,285.0491586208344,1240.1453865766523,2593.4869074443823,0.3846943902461952,100.30280408859252,61.76841718768701,121.62184376604856,262.9611851453781
31.683592796325684,17.54245899654925,38.24051970285363,21.156330114603044,4.595745277404785,2.922676610946655,0.2758235663175583,0.0463373187929391,0.3878844916820526,3.7844573497772216,4.305990695953369,0.601770406961441,77.58364715576172,24.183593559265137,16.660139083862305,2.927379298210144,6.019780778884888,68.73035049438477,34.38765106201172,20.61674518585205,295.67824869155885,1276.8252442359924,2660.0705501186485,0.4210592090273202,98.1044021129608,60.90382359214127,118.91271379869433,257.80334973335266
31.42268463373184,18.956742899736856,38.70924550697673,19.1629585146904,4.842741966247559,3.147851610183716,0.3195777714252472,0.0536993544548749,0.3874445736408233,3.834233403205872,4.344425439834595,0.6209775269031524,79.31197204589844,25.919889831542967,17.95197525024414,3.408917593955993,6.016159105300903,68.79844818115234,32.585889434814455,20.41737098693848,299.2629427433014,1253.007183265686,2586.1577391356345,0.4036424440436598,100.27692589759826,64.64696165584027,121.14972335100174,262.3067762374878
30.300792777538295,19.481698318291457,37.852015700167975,19.547565007209776,5.0573477268219,3.3537309646606444,0.3306168437004089,0.0577449861913919,0.3868205368518829,4.036582899093628,4.459254312515259,0.5714172899723053,80.2614128112793,27.312623596191408,17.994755935668945,3.629546022415161,6.032378101348877,71.1516128540039,33.0788272857666,19.437760734558104,285.5699955463409,1231.3298787236213,2548.485578554333,0.4610866131281647,100.24502515792848,66.10534380301833,121.52539058756084,262.54477846622467
32.6543046951294,17.68768450212665,37.72114133683499,19.693252724409103,4.695119428634643,2.935580539703369,0.3072643399238586,0.0507137086242437,0.3851988464593887,4.065856122970581,4.3621283054351805,0.5934431970119476,80.3563362121582,24.178428840637206,16.589475059509276,3.195079445838928,6.015235710144043,71.6054443359375,33.48318328857422,19.94346675872803,291.7401590824128,1202.0888046622276,2508.333872680564,0.4066913567526541,100.2792064666748,62.530418718419966,121.40662922728806,262.89242055416105
31.54024842977524,18.431854244181885,37.995557684381495,19.27354719042778,4.923872280120849,3.2903064250946046,0.3038298636674881,0.0524178951978683,0.3846061676740646,3.974831223487854,4.312374448776245,0.6014440834522248,82.15685653686523,26.34134635925293,17.8041202545166,3.291959023475647,6.017182064056397,70.25470428466797,32.85105209350586,19.962183570861814,289.3846245765686,1235.7041910648345,2513.67982001137,0.424321222984657,100.2318663597107,64.98129971753806,121.25617782156914,262.21204073429107
32.503236615657805,17.579431959229986,38.46784728078637,21.04231287837029,4.687603187561035,2.7797926664352417,0.2217307582497596,0.0384022608399391,0.3839127063751221,3.879123640060425,4.032517957687378,0.6627454340457917,79.4579864501953,23.995589447021484,13.66032772064209,2.441656708717346,6.014763307571411,69.30009384155274,33.17034034729004,21.93688201904297,302.0354208946228,1265.8071919083595,2582.46846086976,0.3880004402349023,100.3080795764923,61.827958572283386,121.09496150948108,262.6182584285736
32.47877324819565,17.538924883119762,37.79002579266671,20.984479933977127,4.676906538009644,3.014363431930542,0.293917191028595,0.0531357165426015,0.3877647906541824,4.012255001068115,4.345808649063111,0.5963967621326447,79.15759963989258,24.542598724365234,17.620241928100587,3.3450722217559816,6.060982751846313,70.31348266601563,34.73164672851563,20.445093727111814,293.74244689941406,1246.516811656952,2565.7691045205806,0.4055086619803731,100.25538339614867,63.22250538859517,121.6250871444121,263.64543933868407
31.602487456798556,17.24907752807485,39.111829010630025,21.13089672923088,4.776369285583496,2.955005240440369,0.27413891851902,0.047844635695219,0.3922363460063934,3.78502459526062,4.290531301498413,0.6258480429649353,78.23804168701172,24.191450119018555,16.644923400878906,3.0452304124832152,6.04549560546875,68.59981307983398,33.792257690429686,21.25458354949951,295.57106199264524,1274.0477983951569,2690.8873181425797,0.4143673739129759,100.30086932182311,62.3696796390228,121.25689426977188,263.03562288284303
31.821583688259125,16.847114270634485,37.7355414874386,21.159139889478684,4.620076704025268,2.899713063240051,0.2616268843412399,0.0420181479305028,0.3851810365915298,3.904644989967346,4.277771139144898,0.6065241932868958,78.87566452026367,23.91599826812744,15.806123733520508,2.637255096435547,6.056586170196534,70.28787460327149,32.79134521484375,20.803996276855468,297.27189841270445,1279.537359082699,2680.1664995481437,0.4189173478562793,98.08645329475402,60.04990989603103,119.04344138279558,256.72755839824674
31.68285369873047,17.43678073839983,37.83437193678692,20.505166321992878,4.712038326263428,2.886623430252075,0.2761330127716064,0.0498298875987529,0.3863300174474716,3.989513349533081,4.098954820632935,0.6199081420898438,78.77114944458008,23.904818725585937,16.02115755081177,3.145685625076294,6.024954652786255,71.53355865478515,32.04703979492187,20.858312606811523,294.8475917339325,1277.7279052138329,2604.284598551807,0.3923530856489335,99.2167407989502,61.29893729910255,120.09879301264884,259.2639903068542
31.094475400447845,16.949391346005722,38.29846193899866,20.29707474708557,4.806365156173706,3.051170015335083,0.2720203816890716,0.0464501541107893,0.3836564093828201,3.79667398929596,4.169205999374389,0.6423745334148407,81.1181755065918,24.549733543395995,16.935578536987304,2.8809141635894777,6.036227989196777,69.20386276245117,33.67281227111816,21.162432861328124,296.12587995529174,1288.111069905758,2651.8784454615147,0.4087021739789911,98.05714077949524,61.09735402669757,118.85998136848212,257.0275573730469
30.964098846912385,21.12230895762332,38.93521166136488,20.185260272026063,5.16446180343628,3.8183026790618895,0.3368073314428329,0.0605746541172266,0.3884677320718765,4.092883682250976,4.580367994308472,0.664330005645752,82.04446258544922,30.45692539215088,20.39610595703125,3.809808087348938,6.035857200622559,72.7513557434082,34.45425148010254,21.71956348419189,287.577104139328,1196.3614612579345,2524.5989061001046,0.4693477335785584,102.37716431617736,71.0368682205677,124.08621621802448,268.71231842041016
32.71846194267273,19.013365722447634,39.0566098068608,19.668044525384904,4.724515914916992,3.3460134983062746,0.3144892662763595,0.0534482151269912,0.3920766294002533,3.9334464073181152,4.3416074275970455,0.5930267095565795,79.48320846557617,26.973691177368163,17.55743751525879,3.3680169105529787,6.034994173049927,70.66565399169922,34.60495529174805,19.809407043457032,295.25436902046204,1411.1952416062354,2686.963156781264,0.429379567825319,101.3442317008972,66.20829956848175,122.71663033422082,266.2756447553635
32.45578310489655,15.684777465520892,39.55169218219817,19.70990805029869,4.678607702255249,2.6854449987411497,0.1563228726387024,0.027574573084712,0.3838629275560379,3.8167809724807737,4.170499515533447,0.6021591186523437,79.02861404418945,22.94912509918213,9.771034145355223,1.7156265258789063,6.045359516143799,70.03744125366211,32.31661415100098,20.141243743896485,290.297914648056,1399.6880414962768,2757.994485038123,0.3949138268727736,100.30583033561706,58.43228972889483,121.63107047975063,262.4860055685043
32.633176755905154,11.490001828501295,39.16655788514763,21.300489795207977,4.675809240341186,2.060863709449768,2.3087922755848926e-07,8.368474489761635e-11,0.3832056581974029,3.781999206542969,4.050218772888184,0.6169364809989929,79.47194976806641,18.61976528167725,3.927737125763997e-07,2.6944911857285084e-09,6.017985153198242,68.50844650268554,32.60525550842285,21.048787307739257,295.58315830230714,1284.6484262824058,2779.681536658737,0.3736070963350094,100.4114155769348,47.29316334186355,121.23597423881291,262.62130839824675
32.031448888778684,19.308429600903764,37.78919627745636,19.59963401556015,4.764351081848145,3.201346516609192,0.3153999388217926,0.0553095407783985,0.3877126425504684,3.998087358474732,4.40416111946106,0.5532719850540161,79.80049209594726,26.3219352722168,18.91736164093017,3.438488292694092,6.03110899925232,69.9961540222168,33.108045959472655,19.02074813842773,291.28462076187134,1384.183926010132,2637.5795434122965,0.4272034360729989,100.2308644771576,65.6776472499594,121.56233128271997,262.68065922260286
30.48727089166641,19.903793906746436,36.52967332326807,20.51782333850861,4.921900463104248,3.589230799674988,0.3235473126173019,0.0560185864567756,0.3867716431617737,4.063596677780152,4.244880533218383,0.6430749118328094,81.84187545776368,28.83599739074707,18.059791564941406,3.505807042121887,6.067454433441162,70.64372177124024,33.46278877258301,21.275061416625977,295.2628312110901,1265.988121676445,2538.9612843502487,0.4539836316666132,97.96318898200988,65.64401632063091,119.27192844152452,256.7439815044403
30.629958641529083,19.01708292069379,36.26716181801167,21.77922950387001,4.848944330215455,3.2263303995132446,0.3120966434478759,0.0572665069252252,0.3866560786962509,4.0414448261260985,4.404976940155029,0.6172099649906159,80.27634201049804,26.284513092041017,19.29786338806152,3.599472999572754,6.019287395477295,69.69741287231446,35.46933288574219,21.18295783996582,299.92436623573303,1267.730197405815,2582.200995313941,0.4378146441047086,98.04018688201904,64.01592767219991,118.9064091624692,258.0019083738327
30.928496599197388,14.869645824097097,37.79232206302695,20.804382175207135,4.848322916030884,2.724717879295349,0.1904120787978172,0.0314495101571083,0.3894658833742142,3.831762290000916,4.1192292213439945,0.5884435296058654,81.50556259155273,22.46117935180664,11.53100061416626,1.97350515127182,6.023152589797974,68.90539321899413,33.82130241394043,20.107456016540528,288.01247382164,1247.2609381079674,2655.3359547636937,0.4122336629722625,98.0921284198761,56.277764620725065,118.78585192225871,257.1244122982025
31.290224421024323,18.815018201968638,39.750547069939785,20.48140399456024,4.90071210861206,3.151529622077942,0.3332542508840561,0.057853790000081,0.3885863125324249,3.763825345039368,4.056322336196899,0.6580761790275573,80.33882217407226,25.817208290100098,18.88608741760254,3.617240476608276,6.028692960739136,69.63742141723633,33.2249080657959,21.574382400512697,294.3440691947937,1416.3739772558213,2762.206363336486,0.4191908161954359,100.26982712745668,65.76882573198527,121.26495547611266,262.4833891153336
32.049609017372134,16.360640653443987,38.44105409481563,20.92491769194603,4.75374402999878,2.8748693466186523,0.2266253188252449,0.0386721394956111,0.3878382623195648,4.009542226791382,4.134373760223388,0.6300504386425019,79.47597732543946,23.688821029663085,14.13909845352173,2.454348349571228,6.028450012207031,72.2220443725586,34.27835884094238,21.10099658966065,291.8108264923096,1196.6080669879914,2585.0623827913137,0.4193270807905236,100.28715467453004,60.4386241058819,121.47628789357842,263.3499642848968
31.31802190542221,17.07973375627771,38.02458718030248,19.90802647471428,4.701694011688232,2.815654683113098,0.2563495635986328,0.0466905854642391,0.3848328739404678,3.882132363319397,4.233806991577149,0.576621663570404,77.37688598632812,23.5373950958252,15.148289966583253,2.9051671504974363,6.037931251525879,69.30525588989258,32.20898551940918,19.676040649414062,289.0536237716675,1222.1722872972489,2586.0677245651195,0.4136320952978167,99.0057689666748,60.32740791887045,120.0939035858959,259.0756248950958
30.2610609292984,17.421113088645505,36.69325893260539,20.909792065620422,4.773395252227783,2.851333284378052,0.2715375453233719,0.0434820555150508,0.3842645198106765,3.9978816986083983,4.054683446884155,0.6584062814712525,77.40830841064454,23.999670791625977,16.42295036315918,2.7125065326690674,6.012902355194091,70.42668762207032,33.421826934814455,21.74281635284424,289.98833122253416,1233.7416219830511,2560.4366694629366,0.4062311186796457,97.68112020492552,60.31157427616417,118.41475781183688,256.1525165557861
30.073091793060303,16.699406135024038,37.334817013144495,21.16938828229904,4.861255836486817,2.7289192199707037,0.2322673365473747,0.0383107788860797,0.385857406258583,3.874923348426819,4.1688395023345945,0.6013457238674164,78.0048454284668,23.10033950805664,13.730528640747073,2.394238948822021,6.020829057693481,68.5359489440918,34.10052909851074,20.59445323944092,293.7863984107971,1278.358022582531,2655.805213454587,0.3833649496175567,98.12834439277648,58.410919461306186,118.91818703506142,257.72758612632754
30.651415526866916,17.08786190309329,39.43288999802898,20.29606164097786,4.984823942184448,3.0582747936248778,0.2177219957113266,0.0373075790703296,0.3867939412593841,3.857081413269043,4.238445377349853,0.57427818775177,79.8108512878418,25.408991432189943,13.165910911560058,2.379793453216553,6.008141088485718,71.19453048706055,33.750945281982425,19.66348152160645,289.7867636203766,1437.853161537647,2834.6512016073043,0.4053276230045888,100.28664231300354,64.87191406488418,121.26631036046892,262.99781181812284
30.51557718515396,19.988026838912628,38.821801109868105,21.85829276442528,5.06757402420044,3.218321108818054,0.3282393366098404,0.0561955139040947,0.3834153473377227,3.8252533674240112,4.123444843292236,0.6255501806735992,81.52724380493164,26.686772727966307,20.02010269165039,3.479084920883179,6.0355010509490965,68.8472671508789,33.567830657958986,21.45383491516113,295.2986012935638,1448.545281779766,2808.340184622415,0.4077016880713863,100.2277039051056,67.205062722601,121.13372266571967,262.44996790885926
31.17008545398712,16.056109057122377,38.4591407931177,21.990142512321476,4.908062887191773,2.7723498344421387,0.2011708721518516,0.0341668307781219,0.3889518082141876,3.985467982292176,4.039205312728882,0.6249776601791381,79.98108520507813,23.401432991027832,11.343459606170654,2.177407240867615,6.061060810089112,71.90663681030273,33.047233963012694,21.504723358154298,293.8868811130524,1273.496072757244,2695.134821846773,0.3811196183809627,100.29113306999209,60.13060416430235,121.30379652306438,262.4118761062622
31.06150990724564,19.605189837119543,39.74744778373279,19.866273760795597,4.908487701416016,3.1666991233825685,0.326059028506279,0.0544668335467577,0.3906908750534058,3.777429294586182,4.336377096176148,0.5794517278671265,79.86240997314454,26.29924659729004,18.788345718383788,3.40799400806427,6.0409026622772215,69.98870391845703,34.315594863891604,19.643091011047364,296.19832983016965,1411.530184239149,2766.2712926380686,0.4156418479897411,100.25325236320496,66.34274845831096,121.42327202633024,263.20898842811584
32.13128434419632,17.93688371758908,38.20059005701914,21.1302365899086,4.697905588150024,3.16367130279541,0.309756338596344,0.051207597926259,0.3845364421606064,4.009959697723389,4.141603708267212,0.6766746819019318,78.28200073242188,25.415451431274413,19.16139144897461,3.211032605171204,6.040263319015503,71.76964721679687,32.75103607177734,22.360663604736327,296.1985273361206,1265.770479989052,2613.0422601725672,0.4139535533854612,100.28484010696413,64.80034862309694,121.24731991998851,262.3388340473175
32.16484127044678,14.235405887378146,38.137660310044886,19.511862564086915,4.590378618240356,2.359586977958679,0.1214972518384456,0.0190840810537338,0.3903049647808075,3.814690613746643,4.155316495895386,0.6046277344226837,79.32766494750976,20.725369262695317,6.833630275726319,1.2179574728012086,6.024367952346802,69.34296112060547,32.35684967041016,20.143876457214358,296.45167274475097,1289.805645930767,2662.1869046072125,0.3644530811565076,98.1564600944519,52.25225422321819,118.86683302111923,256.7639936208725
30.739275550842287,17.17122756023891,36.45187139327172,21.248607337474823,4.849877738952637,2.884266185760498,0.1392214089632034,0.0237945927307009,0.3863183110952377,4.021847772598266,4.088578367233277,0.6287790834903717,80.77408370971679,25.211970710754397,8.534011936187744,1.4826018333435058,6.058435869216919,69.73556060791016,32.7568862915039,21.31579113006592,293.40598874092103,1245.0553722977638,2550.8940336062105,0.3872850899132711,98.05166430473328,62.8524677855894,118.95573511607944,256.4834173440933
31.365821182727814,17.63573526723776,37.578403261164205,21.641079127788544,4.897039651870728,2.833089065551758,0.2835580706596374,0.0442590724676847,0.3855946213006973,4.1014180183410645,4.050900411605835,0.6574175298213959,80.5714126586914,23.91224594116211,16.64538116455078,2.7405002117156982,6.065247917175293,72.41078033447266,33.51987075805664,22.080418205261232,305.0447603702545,1186.2492825984957,2539.324728989496,0.3928006290067465,100.26312794685364,62.0981597609818,121.22256062347442,262.4898804426193
31.43081810474396,17.540759522549344,38.84543701941148,19.95252442955971,4.695596170425415,2.9234957456588746,0.2896246701478958,0.050421093031764,0.3857971996068954,3.705311155319214,4.037710571289063,0.637257194519043,79.33748245239258,24.031743240356445,16.276088905334472,3.2149424076080324,6.01450219154358,68.3135597229004,32.02543411254883,20.946788024902343,296.0191934108734,1284.1512693405152,2659.221636431891,0.4051698185914389,98.1019208908081,60.78475570296869,118.84385899212212,256.39557242393494
30.258609461784364,20.143385733291503,37.66827503037639,21.24127542376518,5.066907358169556,3.5854837894439697,0.3238987416028976,0.0548345983028411,0.3884648293256759,3.9968439817428583,4.279975748062133,0.675110810995102,80.4212760925293,28.82250518798828,18.922182655334478,3.4751493453979494,6.044256496429443,69.88326797485351,34.55469932556152,22.279386901855467,294.1864316940308,1224.5216658592224,2570.141656077641,0.4858718172390531,100.19465641975404,68.04933644980193,121.35836489386855,263.0309199810028
32.33780212402344,16.083720233710483,37.52378584246617,19.68923966884613,4.676182603836059,2.8449724197387694,0.2179330602288246,0.037326344102621,0.3884326249361038,4.041734409332276,4.199066638946533,0.6306335628032684,78.44649810791016,23.43336696624756,13.496422481536865,2.31836884021759,6.011875200271606,70.66421661376953,33.21531524658203,20.728452301025392,296.0441147327423,1257.7491680383682,2546.561033611169,0.3985526451694398,100.32496285438538,59.76423169113696,121.27189663946628,262.8824718952179
30.440794587135315,17.55697934932541,39.33141171017196,21.278910219669346,5.044119834899902,3.0063326597213744,0.2929261803627014,0.0500643786042928,0.3912396520376205,3.82088508605957,4.117337560653686,0.6813682734966278,80.49772796630859,24.58686180114746,17.907414817810057,3.1838149309158323,6.0356395721435545,69.90268783569336,33.693884658813474,22.42675838470459,292.75297646522523,1231.8309864878654,2676.5478561559985,0.4212073614532734,100.26325249671936,63.30601563761011,121.40656057409942,262.833104467392
29.583567833900453,17.60459176897887,37.67910448838957,20.2073077917099,4.745212602615356,3.049673080444336,5.668945590731056e-10,4.826523700072848e-17,0.3880393534898758,3.66911849975586,4.049499988555908,0.5679382622241974,76.95550689697265,27.943749237060548,3.105533000896665e-11,2.996497317887348e-15,6.01349196434021,67.5596939086914,33.30937309265137,19.433352279663087,296.21792407035826,1344.239073550701,2703.242150739691,0.3869558855031499,95.87567820549012,66.88911981582864,115.92834968399256,251.17242021560668
30.04130611419678,18.243021947250234,37.99143949402496,20.892739522457124,4.824270296096802,3.2681689262390137,0.3155527591705322,0.0536409188061952,0.3859123617410659,3.7569485902786255,4.243072652816773,0.613632220029831,78.25583190917969,26.07406616210937,19.65886402130127,3.418777418136597,6.045980978012085,68.20222778320313,34.62565879821777,20.727693176269533,289.7304081439972,1215.2764816880226,2625.3696419093817,0.4451360602941648,97.38794569969176,63.6171428386122,118.1424759209156,255.93755333423616
31.08979661464691,13.924525136058218,39.09179906500504,20.40981254577637,4.915519380569458,2.29869658946991,0.0908129572868347,0.0142636174336075,0.3867956817150116,3.8639392137527455,4.144774436950684,0.6455659389495849,79.68766708374024,20.466683387756348,5.0353034973144535,0.9113434791564942,6.012474489212036,70.22183456420899,32.83042907714844,21.375443267822263,286.681715965271,1248.241347193718,2672.7243727401947,0.3747585743803199,100.37374262809752,52.781525490060446,121.4637524107471,262.84171776771547
31.126573312282563,19.146240729419517,37.42619864377193,20.619238007068635,4.787874412536621,3.337566876411438,0.3152144998311996,0.0531119093298912,0.3926028907299042,4.018256425857544,4.183703804016114,0.6424026310443878,78.65754547119141,26.99121780395508,18.81643295288086,3.302061152458191,6.040305042266846,71.2525390625,34.117578125,21.300919151306157,298.3462383747101,1270.116504967213,2587.973031369358,0.4317639406277266,99.1386206626892,65.07764009926468,120.07939902059734,260.1915610790253
32.15239416360855,19.85903328594286,38.668970944988544,20.892797738313675,4.8951324939727785,3.386224460601807,0.3459313333034515,0.0570930995047092,0.3932487249374389,4.063313579559326,4.3026745319366455,0.6060855686664581,79.8311866760254,27.51347408294678,20.83918857574463,3.522471523284912,6.036650896072388,71.35075149536132,33.1841007232666,20.68430099487305,297.06441202163694,1416.193381601572,2677.8627264129877,0.3987505138934857,102.45140862464903,68.9255916422233,124.10468130726368,268.38562927246096
30.885669219493867,17.409633096749893,37.80275207159575,20.290626108646396,4.886230373382569,2.9931751251220704,0.3038281708955764,0.050905405730009,0.3855737447738647,4.007357263565064,4.345453405380249,0.6069778800010681,80.2622055053711,24.31934871673584,16.72551555633545,3.2035132169723517,6.040976333618164,71.9624740600586,33.998625946044925,20.46473617553711,292.6701118469238,1257.15478618145,2601.9814012217976,0.3996382103601874,99.1670663833618,62.37846749890596,120.05715219099076,260.10284900665283
30.045906031131743,20.445670752273877,38.06766396919265,21.140645945072173,4.976891946792603,3.624341225624085,0.3240277737379074,0.058614357560873,0.3867004215717315,3.9770910024642943,4.456239318847656,0.6368030548095703,79.14187698364258,29.269435501098634,18.05333003997803,3.729407477378845,6.020635414123535,71.7345184326172,35.4379581451416,21.37331371307373,293.79785947799684,1266.807989156246,2625.483711949573,0.4772386097221058,99.10253615379334,66.89464669646695,120.21964692976326,260.881610417366
31.09827662706375,20.47042937881779,39.43858088117558,20.3338687479496,4.981940746307373,3.391489028930664,0.315478029847145,0.057484345883131,0.3921604037284851,3.8113965034484862,4.258758640289306,0.5831219136714936,81.88304061889649,28.02274188995361,17.38344669342041,3.623845815658569,6.042723321914673,70.3666145324707,33.8416202545166,19.898214912414552,299.6279766082764,1419.5810409247874,2780.54755105715,0.4405120772087585,100.1918360233307,66.97312574386596,121.06383089907467,262.4236522436142
30.302787876129152,16.212860778635168,37.35462849347387,19.109438586235047,4.625445175170898,2.784780263900757,1.807300486689201e-05,2.7803123622827107e-10,0.3877131104469299,3.730673623085022,4.009714889526367,0.601952749490738,75.88350677490234,25.567727088928223,1.3853805512553665e-05,3.651492019862701e-09,6.044957685470581,67.13915634155273,32.14004421234131,19.871448516845703,294.9637628078461,1322.609905266762,2649.7004669541143,0.3526420165255494,96.362135887146,65.83031395224938,116.95750765539704,252.24746947288517
30.411377048492437,18.93438749432098,37.3949094330892,19.426891607046127,4.813307857513427,3.1399229764938354,0.3051067054271698,0.0530939102172851,0.3908093303442001,3.855186080932617,4.243292808532715,0.6069047927856446,78.25363006591797,25.811635780334477,18.614955520629884,3.2959768056869505,6.013713359832764,68.32871017456054,32.63050003051758,20.114111518859865,294.4965993404388,1285.5409475922584,2595.8245135584207,0.4273865076952589,98.08598446846008,63.295767970196906,118.87674702685328,256.79062435626986
31.000488531589507,21.357956462935544,37.868766038212925,19.998172813653945,5.011075782775879,3.4405291795730597,0.3435050129890442,0.0577334869652986,0.3856860935688019,4.091738319396972,4.291826820373535,0.6238255858421325,82.24258804321289,28.645695877075195,20.609892654418942,3.615047645568848,6.0269824981689455,73.19966506958008,33.05397720336914,20.713316917419437,297.5612506389618,1227.6434640169143,2510.834130673896,0.4491087974459254,100.1948070049286,68.53031278233975,121.00521664526312,261.8977707147598
30.07192882299423,21.35103200451704,38.1104872739641,21.06645296216011,5.073228693008423,3.804383397102356,0.3382890701293945,0.0559310182929039,0.3910837203264236,4.013735675811768,4.4923783302307125,0.6322961807250976,79.78062515258789,30.69078731536865,18.564424896240237,3.540246391296386,6.043741750717163,70.93723678588867,34.16518516540528,21.33600196838379,285.5687101364136,1207.92306317091,2571.8346602086267,0.5080742731768073,100.18239250183106,69.06709434892983,121.90481466893108,263.1453163862228
30.698441195487977,18.21331586875021,38.64759395802393,20.97531481385231,5.023152303695679,3.209463858604431,0.302464285492897,0.0562343694269657,0.3845092952251434,3.893159174919128,4.404345703125,0.6473407089710236,81.10870666503907,25.76377410888672,18.4234188079834,3.5385411024093627,6.036732769012451,69.86806030273438,33.32378807067871,21.735255813598634,287.2142801761628,1237.4220732569695,2622.750590674573,0.4399571731064199,100.24800291061402,64.63079605326057,121.36300374157727,262.4841062307358
30.48245507478714,19.251146885566413,38.14355711932294,21.614355915784834,5.018126392364502,3.486181831359864,0.3299478977918625,0.0543755635619163,0.3875636160373688,4.058403825759887,4.373577737808228,0.6835432171821594,80.09765014648437,27.76415061950684,20.23494758605957,3.414689302444458,6.054874229431152,72.55788192749023,35.235986328125,22.620546531677245,292.0187777519226,1207.6267748832702,2584.9799037566,0.4668323042964477,100.20793747901917,66.9742407830432,121.54188775960355,263.52691316604614
30.47358418703079,19.168210414156786,39.17627081484534,19.98175169825554,5.044459962844849,3.2762365102767945,0.3116042226552963,0.0548549175262451,0.3917539179325103,3.854104065895081,4.383827638626099,0.6396393716335297,80.7157470703125,26.698131561279297,17.609177017211913,3.4728174448013305,6.024217414855957,70.51521453857421,33.56925659179687,21.088165092468262,293.4667069911957,1398.3693718135355,2770.192757574783,0.4359190404550055,100.2313084602356,65.4219253629446,121.28350402489303,262.6234056472778
30.796282362937927,19.17970019057393,39.958929318143056,20.970993143320083,4.9569438934326175,3.131658339500427,0.3202697306871414,0.0572093017399311,0.3925279259681701,3.777358293533325,4.064609861373901,0.6725436508655548,79.7524284362793,25.904735565185547,18.187073707580566,3.603731203079224,6.042254161834717,70.59312286376954,33.76403465270996,22.0823766708374,293.2045766830444,1397.984863638878,2770.562628111546,0.4270722373210773,100.25690169334412,65.01956895496696,121.28998595047742,262.7310826778412
31.235181045532222,20.045832684310152,37.733233657269736,19.97883650660515,5.094595813751221,3.673504185676575,0.3412963807582855,0.0556775048375129,0.3855065584182739,4.235427141189575,4.4070617198944095,0.6388254880905151,81.33329467773437,29.222148513793947,18.82787914276123,3.4947848081588746,6.03091402053833,72.57992324829101,35.01491317749024,20.95394115447998,281.92824659347536,1206.5692621827125,2473.055170403136,0.451263428870827,102.40736527442932,69.5298483196646,124.29454807359726,269.4067159414291
31.172962415218358,17.928193952026778,37.80287392491009,20.636710464954376,4.754272174835205,2.888343334197998,0.2958013027906417,0.0531567756086587,0.3878037840127945,3.7942203283309937,4.307074689865113,0.6096224546432495,79.90652923583984,24.022567176818846,16.86201000213623,3.303061056137085,6.023482847213745,68.34541854858398,32.91398315429687,20.72709083557129,299.5122023582459,1287.502117049694,2669.804845518159,0.4211034325143146,98.09137177467346,60.94138596076518,118.44446537662296,256.44367730617523
30.673333477973937,19.684740538324697,37.61383054994512,18.93372290730476,4.795144033432007,3.2981996536254883,0.3209708958864212,0.0585813619196414,0.3846694856882095,3.908104109764099,4.213489580154419,0.6111989378929138,78.92814102172852,27.055536651611327,18.34568481445313,3.7377280712127687,6.051604795455932,70.52480392456054,32.3512939453125,20.039323234558104,294.8675555706024,1310.652526187897,2592.0776332919545,0.409053818838192,98.06037940979004,67.33954787608236,118.61836527995766,256.260022854805
30.260650670528413,23.09368943576701,38.52952490474563,26.65511405467987,5.014438724517822,3.7755787849426263,0.3282477021217346,0.0576061125844717,0.3823091775178909,3.827168321609497,6.257074546813965,0.8808830738067627,80.01966705322266,31.34520721435547,20.174474716186523,3.591963005065918,6.0294090747833256,68.8049301147461,46.64591941833496,29.24168930053711,295.471160030365,1411.8477280139923,2732.543079516769,0.589094217733696,99.67810549736024,70.0263115003705,120.4891660027206,267.0078654766083
31.32964550256729,17.191757558239622,36.382608804409394,19.159372103214263,4.6500319480896,3.0287285804748536,0.285657051205635,0.0483561191707849,0.3898209363222122,4.01249508857727,4.225655841827392,0.6013388395309448,79.04022674560547,24.675829315185545,17.495913887023924,3.029472517967224,6.035147666931152,70.31051788330078,32.420396423339845,19.92092628479004,289.28844075202943,1240.8921770215034,2517.4068949716807,0.408986604160038,97.4100326538086,61.35657748878002,118.17577675897628,254.82359449863435
30.40156580209732,17.119797208870295,37.39559670132585,19.514668822288517,4.794025325775147,2.9563031911849977,0.2540790542960167,0.0406881656497716,0.3860875099897384,3.9547200918197634,4.249148273468018,0.5997467398643493,77.69572982788085,24.74866104125977,14.233180904388428,2.5436342000961303,6.055607748031616,70.57541351318359,33.77342300415039,19.95155448913574,287.54400305747987,1180.8399371743203,2507.8791702649555,0.4076341125554258,98.08887124061584,62.53023300571367,119.12260340079663,257.5254078149796
31.344868433475494,18.47775158917066,38.46130074125249,20.875389236211777,4.776844644546509,3.109740209579468,0.3285466164350509,0.0518576964735984,0.3868417978286743,3.766519641876221,4.105918025970459,0.6656895935535431,80.51659088134765,25.43587226867676,19.2370325088501,3.229709911346436,6.01436185836792,68.52373123168945,32.839656066894534,21.983159446716307,301.19130234718324,1272.427008140087,2642.042191517225,0.4096620984032668,98.5066348552704,63.4119050776586,119.20838459804654,257.69035108089446
31.15207495689392,17.402573089464568,38.71297847952228,21.15079587101936,4.729359340667725,2.85133068561554,0.2563083380460739,0.0455970529466867,0.3881511002779007,3.8114782094955446,4.10142936706543,0.67741579413414,77.26107940673828,23.868724060058597,15.54801025390625,2.8431640386581423,6.0573780059814455,69.18944702148437,33.37023429870605,22.31829719543457,288.0453152656555,1226.0173935770988,2619.044532698218,0.4162872386063746,98.98734645843506,60.95422783512622,120.22820012457667,259.68844480514525
31.79640077352524,15.77428916998906,37.32884723106399,19.18318423628807,4.668477678298951,2.6528546094894407,0.2025926396250724,0.0334982838481664,0.3881788164377212,3.9053264379501353,4.262149810791016,0.5888764262199402,80.11386413574219,22.56633358001709,11.824271106719973,2.114971852302552,6.020327377319336,69.34271621704102,32.582505798339845,19.673256492614748,296.48583097457885,1288.083034980297,2613.167225370772,0.3800169255401144,98.11098036766052,56.79874776937068,118.90592939238996,256.7917142868042
30.708682978153227,19.914457416837102,38.08530355340336,20.91101634502411,5.034629487991333,3.1232514142990118,0.3417265653610229,0.0556405492126941,0.3932138860225677,4.073815155029297,4.2327549934387205,0.6672981023788452,81.4897331237793,26.17342109680176,20.67925319671631,3.4539506912231444,6.042254161834717,73.03560180664063,33.12992210388184,22.089365196228027,294.4214382648468,1220.9508516430856,2546.7572972093885,0.4023417197370748,100.2336205482483,66.83714132141321,121.41128772906958,262.339572763443
30.698588573932646,19.57322397993412,38.175904044299386,20.790111726522447,4.9974596977233885,3.2060392618179323,0.3080955237150192,0.0539906028658151,0.3847161322832108,4.086912107467652,4.477381420135498,0.5901426613330841,80.48762664794921,26.50410976409912,17.803797912597656,3.442151403427124,6.045157098770142,73.206298828125,34.66942825317383,20.279780387878414,291.3627479553223,1386.7950507104397,2725.748444322397,0.4357450100639724,100.2143030166626,65.19233852373436,121.64587581045926,263.4027634859085
31.589147305488588,16.94727563333439,37.256516039907,20.287329906225203,4.477265024185181,2.761149001121521,0.0001670407829806,6.404122321335137e-09,0.3893138229846954,3.672597670555114,4.008284711837769,0.5829897820949554,77.97361068725586,25.818389701843262,0.0002377517681452,1.2464778187393222e-07,6.042349767684937,66.46325759887695,32.66877326965332,19.89760055541992,300.67645287513733,1347.0220281004906,2657.9492120519453,0.361106806802112,95.88433995246888,65.31582978054333,116.02751532532275,250.86041684150692
31.677067482471465,17.896813818253577,37.60319822111633,20.995949029922485,4.773344707489014,3.114158582687378,0.3052332371473312,0.0518823638558387,0.3874922901391983,4.107201004028321,4.247409391403198,0.6397485673427582,78.48154907226562,25.11075496673584,18.9901029586792,3.247711515426636,6.030249738693238,72.17177047729493,32.89531135559082,21.53802318572998,289.8074656963348,1210.3456525683405,2530.9101727758766,0.3928249981714515,100.28595690727234,64.23279904741794,121.57647110894322,262.70140635967255
32.445889186859134,17.486914394260385,40.02796507463791,20.792503154277803,4.776313018798828,3.115844392776489,0.2971548229455948,0.0543558605015277,0.3845001697540283,3.899979138374329,4.218844652175903,0.6745035707950592,79.4001075744629,24.965605354309083,17.560376167297363,3.415350890159607,6.037897825241089,71.99459457397461,33.97784996032715,22.088875579833985,296.2494882583618,1419.4350316822529,2760.259685655933,0.3839064826021072,101.386901140213,64.6213385656476,122.86202054172756,266.0713776111603
32.09162336587906,17.558532335842088,38.93047971110791,20.22376208305359,4.786774969100952,2.919483017921448,1.1267018226135406e-05,1.8326858364225983e-10,0.3841570436954498,3.905642771720886,4.163659286499024,0.5805128574371338,80.66254653930665,27.061003303527837,1.866810389401508e-05,2.887046712807262e-09,6.032722902297974,70.99941940307617,32.44195365905762,19.92642593383789,299.5211548805237,1463.4591132462024,2739.259894372325,0.332866175601999,100.24571170806884,69.38142231067977,121.32631300836802,262.1680747270584
31.94209603071213,14.752141959121218,39.04884072407149,21.032235646247862,4.871053457260132,2.583918738365173,0.1326428741216659,0.0222452277317643,0.3883509546518325,3.80666069984436,4.06175389289856,0.6629814624786377,82.34904403686524,22.07884578704834,8.263313102722169,1.4203232407569886,6.017188167572021,68.77944793701172,33.10557136535645,21.95289421081543,293.4780925750732,1395.417443394661,2779.981641508185,0.3728642076840593,100.28110485076904,55.99994482458569,121.36747175622732,262.5469841003418
30.548187649250032,15.803696359996684,38.10502194352448,20.68359048962593,4.794875431060791,2.869536542892456,0.2719162702560425,0.0479918912053108,0.386926046013832,3.8233893871307374,4.170425319671631,0.6346775650978088,78.26607971191406,23.09935092926025,14.805651569366455,2.9809446811676024,6.002198123931885,69.33652420043946,33.15392074584961,21.183293533325195,287.82400050163267,1234.5555968999863,2671.1917844205395,0.4305159124309113,98.12867050170898,59.0300766268745,118.91284761410206,257.1150236606598
31.055610477924347,20.476923580805305,37.83013349075336,20.670002853870397,4.950593614578247,3.3652279376983643,0.328090950846672,0.054955169185996,0.3894512593746185,3.991965079307556,4.092300033569336,0.661276125907898,80.73802642822265,27.912329483032227,17.80022315979004,3.4792508840560914,6.009740114212036,70.40775604248047,33.208193969726565,21.72142677307129,300.2373421192169,1194.9259877443317,2497.0053250252386,0.4310255332787058,100.23527598381042,66.51737456712871,121.16961624007672,262.35768086910247
32.0411594748497,16.124817041348432,38.84753179838881,20.845464485883717,4.777540159225464,2.7078302621841432,0.1971309125423431,0.0328830335289239,0.3864724904298782,3.8961780071258554,4.334407949447632,0.6115482687950134,80.06358642578125,22.91770706176758,12.277531814575196,2.1038408279418945,6.027227354049683,70.64309463500976,33.64716987609863,20.83765335083008,295.61887369155886,1259.90364164114,2674.037025686499,0.402902454008597,100.3064136505127,58.62429606867954,121.25148136299104,262.8658135890961
30.007137191295623,18.18876467612572,36.90024069619831,19.959745728969573,4.877049541473388,3.121950554847717,0.2944726437330246,0.0487785093486309,0.3886995643377304,3.932140517234802,4.353317546844482,0.6446082830429077,78.18820190429688,25.75468616485596,18.063894081115723,3.107074236869812,5.991759014129639,68.89237213134766,33.55394287109375,21.207145309448244,287.34911155700684,1179.518437373638,2517.889508872549,0.4431528634525435,98.09944381713868,64.48575012823567,118.84763587713242,257.2780315637589
32.219153261184694,12.61633448756038,37.37687272524927,19.655263119935988,4.5587608337402346,2.1120036840438843,0.0291279518976807,0.0050120002590119,0.3867868214845657,3.916949534416199,4.067392206192016,0.5686242997646331,79.1699836730957,19.23256206512451,1.8320384263992309,0.3177798509597778,6.043358659744262,70.12461395263672,31.349265480041502,19.3894983291626,291.62847876548767,1253.6218710184098,2645.2779227352703,0.3624597097656192,97.9598111629486,47.72205423945561,118.69794909600168,255.64250855445863
32.297373223304746,19.586743687302807,36.99911425311584,20.710702455043798,4.802351570129394,3.5558460474014284,0.3386096715927124,0.0585843045264482,0.3890218734741211,4.098260831832886,4.459851741790772,0.6137544572353363,82.12971115112305,28.302585792541503,20.40509071350097,3.644392895698547,6.056055974960327,70.88563919067383,33.717353439331056,20.849142265319824,298.083921289444,1223.6861155033112,2499.628087692353,0.4423116331264687,100.17399287223816,68.29063486661762,121.05846752524376,262.2070633649826
30.42470952272415,16.427434080839156,36.73027527839877,20.48094167113304,4.63290286064148,2.736098122596741,1.9031969663435567e-11,4.7223813631674005e-17,0.3883492082357406,3.792174220085144,3.9074742555618287,0.6067056238651276,77.43346939086913,25.38206329345703,2.2972050389041042e-14,2.961932825573568e-15,6.057591438293457,67.60083847045898,31.57247848510742,20.517187118530277,294.8517592430115,1342.9905262827874,2647.3527534969444,0.3247174212059754,95.9103193283081,66.23429412841797,116.45765360984952,250.50933034420007
31.20558354854584,20.16608137858566,39.06073251678608,19.8563410282135,4.932152462005615,3.417495608329773,0.3316948711872101,0.0578452300280332,0.3824081689119339,3.906811881065369,4.351566505432129,0.6448519706726075,80.93483963012696,27.898547744750974,19.152188873291017,3.6947668313980095,6.021317386627198,71.46337890625,32.71383438110352,21.17674026489258,294.23978714942933,1394.863596367836,2691.231332826794,0.4275067508547977,100.21427464485168,69.73058622283861,121.22962529174984,262.0126505613327
31.25171568393707,20.608979227603413,37.59359107099008,19.85197715163231,4.9208807945251465,3.4056679964065557,0.3265595197677612,0.0586334008723497,0.3865866422653198,4.011120462417603,4.183719444274902,0.6436440289020539,80.84254302978516,28.01535396575928,20.364019012451173,3.613370132446289,6.058110904693604,70.01505813598632,33.45813140869141,21.034682273864743,297.35667271614074,1210.115822136402,2456.4849368185155,0.4193639803091507,100.20379304885864,68.03173289243132,121.36064027491958,262.5194488525391
31.14915101528168,17.096182869095355,39.931452444172464,20.65635566711426,4.948151302337647,3.1183494091033936,0.3046207696199417,0.0521147835999727,0.3851291656494141,3.793420290946961,4.237355518341064,0.6792655646800995,81.05111694335938,24.76415176391601,16.950066757202148,3.236977553367615,6.051100635528565,70.86778106689454,33.10811882019043,22.223868370056152,293.12039198875425,1446.019331371784,2872.328290236887,0.4080439487997104,100.25466809272766,63.938266708701846,121.2603041322902,262.3144032239914
32.294152116775514,14.341726086621929,38.770429531298575,19.882734209299088,4.629291009902954,2.3320661306381227,0.0118248062208294,0.0021770703722722,0.3855258256196975,3.8367451429367065,4.250468492507935,0.6392008781433105,79.36505508422852,21.6224666595459,0.7481260240077973,0.1394775301218032,6.040110731124878,70.50325317382813,32.233676528930665,21.11150989532471,296.49288601875304,1423.7759309649468,2786.9050064084354,0.371847286884919,99.02281193733216,54.21365685114288,119.84594151619822,258.8214641332626
29.631484484672548,22.467414973175615,37.67727333048824,25.789857816696166,4.734194898605347,3.687951159477234,0.350026798248291,0.0596258476376533,0.3874383360147476,3.6488375425338746,6.489666700363159,0.6707367658615112,77.10622863769531,30.62913112640381,21.35080394744873,3.790291142463684,6.015367460250855,67.47806777954102,52.92132225036621,22.868405532836917,303.34560961723326,1422.207856786251,2758.0468546013813,1.3244317637290806,95.74578962326048,66.41665465794503,115.5355224898085,257.9441460609436
31.51704453229904,15.382367753540166,37.37252574663144,20.421349960565568,4.60076756477356,2.8053855180740355,0.2005243390798568,0.0337757617235183,0.3893806725740433,3.85742449760437,4.204468774795532,0.6140702307224274,77.00294342041016,23.2204683303833,11.093562698364256,2.1548069953918456,6.003064680099487,68.41201782226562,34.04026374816895,20.643978881835935,291.5896143436432,1249.3917296767236,2594.2520323187987,0.4033418825341634,98.13226442337036,58.59755336437375,118.77210682351142,257.7406631708145
30.606474125385283,20.348192655621094,36.34219144557137,20.872571754455567,4.639789485931397,3.7749998331069943,0.3550056368112564,0.0617158412933349,0.383866423368454,3.989617466926575,4.386600494384766,0.6237948894500732,76.27838897705078,29.95514335632324,20.17457695007324,3.925324177742005,6.042448806762695,69.72390060424804,33.680263137817384,21.066234588623047,289.44841208457945,1251.6706137776375,2566.1466498519817,0.5610642025596462,97.15569052696227,68.49160045683384,118.01269198991358,254.8628876209259
31.22446641921997,17.004397158394568,38.55124535006471,20.267999994754792,4.78837399482727,3.022854232788086,0.2821233212947845,0.046437419578433,0.3897211253643036,3.818415403366089,4.178912687301636,0.5959809422492981,78.38414459228515,24.48458518981933,17.346577453613282,2.916767978668213,6.014751815795899,68.69650650024414,32.898707962036134,20.168675422668457,288.5806287288666,1221.8339638829232,2605.866509294848,0.4141507732132631,99.42408080101012,62.20017306506634,120.44703913014382,260.46812119483945
32.77363533973694,12.85895326921891,37.32972997336183,21.28007153272629,4.6873682022094725,2.167853116989136,0.0290352802723646,0.0047987688332796,0.385755380988121,4.123894691467285,4.038791513442993,0.6448558330535888,80.46308670043945,19.678212928771973,1.809361457824707,0.3050554662942886,6.047610330581665,72.12094268798828,31.894736671447752,21.75506935119629,300.2997957706451,1264.5789291739463,2644.061713063688,0.3698667826482584,100.36949515342712,49.994859170226846,121.31413894183932,261.9499712467194
30.63961719274521,20.519397949334238,38.27630393442232,20.336505389213563,5.06898775100708,3.333699917793274,0.3137369871139526,0.0542754095047712,0.3869943261146545,4.0558980941772464,4.237292289733887,0.6073211848735809,82.20763778686523,27.64099063873291,19.019555854797364,3.3886911869049072,6.056683921813965,73.05455169677734,33.65645790100098,20.434514617919923,297.17774505615233,1218.746651637554,2550.3740431296874,0.4272222040677754,100.18942227363588,67.15895226076245,121.38850887734444,262.4764750480652
31.409402942657472,16.158930599456653,37.14031229591929,18.974880880117414,4.513508796691895,2.916205096244812,0.181835588812828,0.0297721162438392,0.3871086955070495,3.841775131225586,4.296188688278198,0.5834551453590393,76.76426849365234,24.58317375183105,10.023400688171389,1.844038844108581,6.0264084815979,68.99215316772461,32.77271728515625,19.45876712799072,290.48371715545653,1224.5451700806618,2557.836968923494,0.4110172135618434,96.79014573097228,60.73267126753926,117.39685323946178,253.5878214836121
31.020500242710117,16.037495314946863,37.932378326682375,19.66484555006027,4.759034776687622,2.712374448776245,0.1508667647838592,0.0233651053160429,0.3865900814533233,3.893367290496826,4.199663639068604,0.6235065877437591,79.28897628784179,23.6189640045166,9.134705448150635,1.4873097896575929,6.031293821334839,70.61526412963867,32.2397346496582,20.655676078796382,287.43656339645383,1209.5406853079796,2571.8300011212414,0.4014922297589116,98.11195526123046,58.9465363603551,118.9869484372437,256.53822593688966
31.122842812538146,17.736312577908393,37.67173322914168,21.732553577423097,4.966954565048217,3.0698750734329225,0.3089132219552993,0.0514923062175512,0.3905247211456298,4.1364305973052975,4.252702617645264,0.6603668689727783,81.49232711791993,24.91213569641113,18.780263710021973,3.253723478317261,6.056643724441528,72.86362152099609,34.43449363708496,22.19099864959717,290.8421452999115,1207.7307914614678,2577.43726645282,0.4049168710542435,100.2347541809082,63.99975971225649,121.86063502132892,263.3521926641464
32.103044307231904,18.493416675471234,39.25568782365881,21.120504808425903,4.798145580291748,3.347245121002197,0.3113618075847625,0.0573419816792011,0.391349595785141,3.934881210327149,4.30660195350647,0.6154692053794861,79.07219314575195,26.61078872680664,18.614409828186037,3.654285192489624,6.035939455032349,71.1349998474121,34.511593627929685,20.89035110473633,297.0755802631378,1416.9744989573956,2748.002054923959,0.4292124681310533,101.35931372642516,66.54212704496459,122.86344894189388,266.2850045681
32.17650504112244,15.70147788812116,37.656666947924535,19.653853017091752,4.591049814224244,2.906952381134033,7.68145895563066e-05,3.163958006702216e-09,0.3894422590732574,3.7948545455932616,4.035727739334106,0.5893688201904297,79.57514877319336,26.02706108093262,0.000124091746693,6.073530833816676e-08,6.037735366821289,67.90603942871094,32.28430404663086,19.86658725738525,293.2619064331055,1315.9325741767884,2646.412966329447,0.3586381267134033,98.06315937042235,68.17434959333318,118.53564842846244,256.31916615962984
31.857694041728973,18.463314028293823,37.81066127081867,20.58932875394821,4.870001840591431,3.358207607269287,0.3350031405687332,0.0541274901479482,0.3893191277980804,4.08919324874878,4.405753755569458,0.6101073324680328,82.12467422485352,26.680211448669432,19.45680522918701,3.416981649398804,6.033769416809082,72.90329818725586,33.603265380859376,20.67528133392334,292.8330173969269,1396.656540620327,2704.293259002955,0.4414224234639505,100.18930487632753,66.51640941426157,121.13464126046748,262.2674064397812
30.50331403017044,19.879976533306763,39.021129339328034,21.44047408103943,5.064792251586914,3.264183187484741,0.3236837744712829,0.054825560003519,0.3894430637359619,3.861803102493286,4.164532995223999,0.6104794800281524,81.36453323364258,26.84243507385254,20.21950759887695,3.485266017913818,6.007490444183349,70.5685317993164,33.10115089416504,20.95311870574951,298.67600202560425,1419.9024829983712,2788.5826603523046,0.4285859770500962,100.24460902214052,67.47325357450173,120.99085685834288,262.1247203350067
30.646421957015992,19.98082789704204,37.490915502631104,21.350977677106854,4.970523309707642,3.6558302879333495,0.3462841331958771,0.0605583101511001,0.3870772242546081,4.086948251724243,4.366368293762207,0.6076752245426178,79.58210830688476,29.05367240905762,19.761716079711917,3.756110978126526,6.058336639404297,71.54019546508789,35.10913581848145,20.8012170791626,293.35761461257937,1399.749573391676,2698.062117874797,0.43167227087377,100.19173159599303,70.66077910698951,121.44900634344668,263.44079277515414
30.415546417236328,15.370618959856802,38.13858373134863,20.641245126724243,4.781530094146729,2.690966272354126,0.0777702003717422,0.0093684944324195,0.3925834566354751,3.8297015905380247,4.036414718627929,0.6670065820217133,77.32991561889648,24.09464454650879,3.511001181602478,0.5850164264440536,6.032203960418701,69.78134231567383,33.16314964294433,21.85715847015381,294.6583559036255,1240.7899955749513,2668.6726163073736,0.4105924459232596,98.13909726142884,59.967126373550855,118.86151174921542,257.14151787757874
31.82994395494461,16.43666629580548,38.45309038166888,21.243714183568954,4.700019073486328,2.948423719406128,0.2517616152763366,0.0444567248225212,0.3836171060800552,3.967767357826233,4.157129192352295,0.6916254341602326,78.01701354980469,23.9383602142334,15.067818546295166,2.831149864196777,6.018281316757202,71.75841751098633,33.09010314941406,22.685546112060543,290.5348201274872,1209.1910304188727,2589.5042466162704,0.4290373110078406,99.87670102119446,61.11042816368863,120.9492317467928,261.62985064983366
31.479807329177856,17.890339883882554,37.933283432899046,21.149339240789413,4.840906858444214,2.869348382949829,0.2763650685548782,0.0478733524680137,0.3914995342493057,4.048733854293824,4.161145257949829,0.643094664812088,79.48281555175781,24.0506383895874,16.200519561767578,2.9602489948272703,6.042377185821533,71.99290084838867,33.93080215454101,21.57626876831055,296.61872124671936,1259.7197776913642,2612.442130429018,0.3898582026389299,100.28816800117492,62.45467119310051,121.35793121010065,263.05761818885804
30.25777274370193,20.284903018688784,37.309578988095744,20.51688773632049,4.912389612197876,3.28561954498291,0.3105205446481704,0.0540156926959753,0.386087042093277,3.889425039291382,4.307637453079224,0.656414121389389,80.39193725585938,27.319244384765625,18.47372531890869,3.419888997077942,6.026727962493896,68.98872528076171,34.78746147155762,21.553810691833498,300.2132667541504,1276.053457760811,2562.3065495755523,0.4232165544734968,98.0259795665741,64.56961928512901,118.7886387879029,257.572275185585
31.820914208889008,16.024153919005766,38.1754683528794,20.07486587166786,4.824503564834595,2.7041295766830444,0.2264090836048126,0.0381438199430704,0.3930088579654693,4.040602397918701,4.032546424865723,0.6445222318172454,80.45025100708008,22.572823524475098,12.659304904937745,2.394820737838745,6.044671535491943,72.1445182800293,32.11452980041504,21.231398582458496,287.7862645626068,1235.2318629026413,2576.428840144194,0.3737771112770119,100.30139870643616,58.80509538706392,121.67168011870235,262.2517060279846
30.72849042415619,21.03661569841206,37.483780777896754,21.035383886098863,4.931389617919922,3.4311135053634643,0.3492070198059082,0.0602645527571439,0.385831406712532,4.005313920974731,4.292505311965942,0.6014690339565277,80.84734344482422,28.40583190917969,21.335797119140626,3.778822016716004,6.058702230453491,70.53377532958984,34.780997848510744,20.50736465454101,299.0614205837249,1259.0029296278954,2541.0832540047063,0.4365129583401774,99.09255814552309,67.52905915062874,120.41874831020831,260.51477839946745
31.71513546705246,17.675178669043817,37.9594898693962,22.221813446283345,4.840292835235596,2.9433414697647096,0.2886754542589188,0.0492070950567722,0.3910941869020462,4.035878324508667,4.073159980773926,0.6395385444164277,80.51876449584961,24.337560844421382,17.316004753112793,3.123846960067749,6.050847864151001,71.5457649230957,33.39009780883789,21.917108726501464,293.7316240310669,1224.3489166021348,2585.406780965667,0.3850346966494541,100.25765419006348,63.03559834910557,121.53252790663392,262.6774417877197
31.10720618963241,16.36592510647024,38.85722717549652,21.829417771101,4.952768850326538,2.794447660446167,0.0778697043657302,0.0121114766225218,0.3900783121585846,3.9043128490448,4.070381593704224,0.6607674300670624,80.99133377075195,24.94438343048096,4.683228540420532,0.75264613032341,6.05279016494751,71.06294860839844,33.87713394165039,22.215128898620605,297.1898408889771,1410.5663611352445,2775.24090964559,0.3833234244106862,100.2567295074463,63.18748525567353,121.1842448323965,262.6488389968872
30.90631146430969,18.97207080745138,39.936552093504,20.555729407072068,5.073773050308228,3.403653860092163,0.3173942029476165,0.0549558099359273,0.3832795560359955,3.911712765693665,4.243816375732422,0.6608288586139679,81.16174774169922,27.26975898742676,17.396512603759767,3.484271693229675,6.028541040420532,72.2109603881836,34.492315673828124,21.662278938293458,291.6126172542572,1375.1690482437612,2732.0991582049696,0.4269528672579966,101.54169263839722,66.51240559983998,122.87821105122566,266.5408641338348
31.001594626903533,18.62760187803651,38.03595880919602,19.57171689271927,4.75954155921936,2.991131734848022,0.1171514615416526,0.0187040446326136,0.3891597390174866,3.809712052345276,4.100864267349243,0.6054825603961944,79.33583145141601,26.93769989013672,6.820522022247315,1.1692803382873536,6.01617751121521,69.43888473510742,32.071983337402344,20.15592842102051,296.10361590385435,1327.1722747921945,2655.4317382639915,0.3874901308378934,98.07577385902404,67.40686766472645,118.41030542254448,256.08998892307284
32.052179312705995,14.62228091483703,38.14433281931561,19.913802087306976,4.750898265838623,2.5267796754837035,0.1325977772474288,0.0240796454250812,0.3854064136743546,3.998684740066528,4.135579824447632,0.6136487543582916,80.63547134399414,21.65514011383057,8.010056304931641,1.491219985485077,6.0289770603179935,71.937841796875,33.61553382873535,20.41097030639649,291.17311611175535,1215.340447282791,2576.6775690174136,0.3870520135716709,99.65247535705566,55.15765962218866,120.70677987728268,261.3315589904785
31.928057777881623,14.65301134463516,38.35102712744847,20.986483067274094,4.7601865291595455,2.3721745014190674,0.1202185161411762,0.0201676538214087,0.3936422616243362,4.020006465911865,4.05367751121521,0.6678751230239868,79.02909469604492,20.93055229187012,7.227908658981323,1.281098771095276,6.045937395095825,72.43964309692383,33.4642692565918,22.04599208831787,297.11512899398804,1260.5440977454186,2632.353974236368,0.3656651343826418,100.35562071800231,53.954596287570894,121.40361538603902,263.0051226615906
30.782519042491916,18.53744052716065,37.5899792610202,21.825040632486346,5.0664544105529785,2.9996909379959105,0.3005035728216171,0.0509074375033378,0.3873229473829269,4.066324377059937,4.218186378479004,0.6545271873474121,82.70103073120117,24.89355926513672,17.358974075317384,3.1912229299545287,6.013988399505616,70.85293807983399,34.53196258544922,22.08148365020752,288.5686738967896,1211.2315519213676,2536.461222853512,0.4094135201716881,100.23926296234131,63.626009243913,121.7651506761089,263.4409619808197
31.52537540197373,17.51594967688434,37.94569597342051,20.882499665021896,4.80421929359436,2.8347360134124755,0.255655351281166,0.0416878443211317,0.3915738701820374,4.033651161193848,4.156612157821655,0.6668126523494721,78.64679794311523,23.90937213897705,15.827654457092285,2.6611117362976078,6.027142190933228,71.60133590698243,33.494558334350586,22.02005805969238,297.2373574256897,1253.3470781326291,2582.1468180967613,0.3805644868135182,100.30909113883972,61.569140383508056,121.38671262077987,262.98853449821473
32.018879163265225,13.934587888824172,38.93981647111941,20.24900422096253,4.837749433517456,2.5060493469238283,0.046851859241724,0.008227108605206,0.3875670731067657,3.8534482955932616,4.266943120956421,0.589376437664032,81.73428649902344,22.060056114196776,2.989008831977844,0.5258545219898224,6.051424884796143,69.74326782226562,33.17577438354492,20.070097732543942,289.59451575279235,1413.6703214466572,2835.89528249724,0.3908369212957645,100.28129715919496,55.461996881780216,121.35486621744931,262.51383888721466
30.768658137321477,17.62136084737722,37.13292901820969,20.87694153189659,4.747084760665894,2.990223598480225,0.2218382850289345,0.0397834718227386,0.390863898396492,3.972916722297669,4.227619266510009,0.6007648706436157,77.84388275146485,25.057323455810547,13.956776523590088,2.539295268058777,6.042991256713867,70.42670593261718,32.99334144592285,20.50637550354004,290.2931158542633,1212.6435465216637,2584.1389284787174,0.4415805866332967,98.08602423667908,62.49558257348836,118.99437078535556,256.87304773330686
31.870177912712094,14.521104311558885,38.69093901179731,20.91550639271736,4.632099962234497,2.5419516801834106,0.1342184722423553,0.023907746002078,0.3856446266174316,3.7998435497283936,4.04707145690918,0.6108406245708465,79.36946258544921,21.77271099090576,8.422997379302979,1.5120946288108823,6.0508216381072994,70.16655883789062,33.01365089416504,20.707224082946777,295.5199835777283,1289.925389015675,2729.262089537823,0.3893471867419535,98.11717748641968,54.07883884394541,119.06570420227943,257.02272329330447
31.105847191810607,22.76454119991977,37.5122932802653,26.0079964697361,4.760285949707031,3.947707915306091,0.3449883371591568,0.0586796883493661,0.384653702378273,3.857961392402649,5.611520385742187,0.7548156917095185,80.10189590454101,32.16910514831543,20.601946067810054,3.6724052906036375,6.042946481704712,69.12697525024414,41.85679740905762,25.88758945465088,296.5833793640137,1378.7029338002203,2734.0030263498948,0.8257991019054316,97.92803530693054,69.26014764066785,118.50880889762192,259.9126576900482
31.38551014661789,17.81967240292579,39.05372414013837,20.863737320899965,4.876769256591797,3.226648092269897,0.3121083557605743,0.0523236155509948,0.3873938024044037,3.807273125648498,4.196156930923462,0.6304962515830994,80.14270477294922,25.64139404296875,18.70683479309082,3.331328439712524,6.047957992553711,68.91924438476562,34.101475143432616,21.11614665985108,294.00152411460874,1407.0104589521884,2768.026433629828,0.4363382068086331,100.24595255851746,64.79191102227196,121.28033596444877,262.8785212993622
31.569983506202696,16.39099459531717,38.82982226668391,19.743919056653976,4.706587648391723,2.997019481658936,0.2749350756406784,0.0481280818581581,0.384535676240921,3.759017276763916,4.342247247695923,0.648201858997345,78.37177124023438,23.982293128967285,15.835151195526125,3.0607520818710325,6.028111457824707,68.12836227416992,32.374827194213864,21.3057710647583,284.83992834091185,1252.5132130861282,2667.662326964579,0.4000946875454616,99.20482053756714,61.12609144402668,120.32368675153702,259.6888251781464
29.8538694024086,22.683514890167864,37.21624161940999,26.86339514255524,4.93491849899292,4.187297773361206,0.3621353328227997,0.0615957461297512,0.3879586398601532,3.921129202842713,6.177398824691773,0.8290114402770996,79.45919876098633,33.38112831115723,21.865335845947264,3.8272813320159913,6.032080030441284,69.80788116455078,49.55001106262207,27.178276824951173,297.0175938606262,1398.931363415718,2704.0506536592848,1.0277488314546646,97.88475799560548,70.29270172975957,118.59821072947234,263.0250086069107
32.00287263393402,13.908573351665437,39.99577923780307,20.36003760099411,4.694661235809326,2.6236104011535644,5.1604959594442344e-08,9.197984476123304e-15,0.3843911737203598,3.7803193807601927,4.244035243988037,0.632357144355774,77.59199295043945,23.300152587890626,2.586056246922652e-09,7.846891742608296e-14,6.03959641456604,70.44845199584961,33.28040733337402,21.102129173278808,290.79966082572935,1422.672796100378,2865.702602483879,0.3902119913875737,100.3410590648651,58.168457627555256,121.45338003132493,263.0714935302734
32.01105600595474,19.65020924929995,39.82737543859984,20.097010403871536,4.850085067749023,3.1226813316345217,0.3048132300376892,0.0539306458085775,0.3869143575429916,3.900549840927124,4.318050479888916,0.6016777634620667,79.98300857543946,26.062149429321288,17.97919750213623,3.400537371635437,6.044206857681274,71.7956298828125,34.33007698059082,20.193125343322755,296.22955842018126,1408.3872583389282,2738.4435445840354,0.4111388689443458,101.3689944267273,65.92387131806463,122.73910860158504,266.1136595487595
31.32008448839188,16.487276835297234,37.631548270047645,21.51005694270134,4.790762901306152,2.860760807991028,0.2687967956066132,0.0453925531357526,0.3926435977220535,3.984240007400513,4.15315318107605,0.65219144821167,80.31149139404297,23.48274326324463,15.245136642456057,2.861153721809387,6.04599084854126,71.42122955322266,32.790581130981444,21.950940704345705,294.1919976711273,1281.870695078373,2668.5241584887845,0.4044199553155373,98.74382581710816,59.922111419960856,119.69156874157488,258.2734566688538
30.243714582920077,19.47569893421605,38.38317663790658,20.29821721315384,4.883195638656616,3.223777437210083,0.3301897257566452,0.056912738084793,0.3901353031396866,3.714889478683472,4.356165075302124,0.6524497389793396,79.4899055480957,26.600382614135743,19.283981704711916,3.585094594955444,6.007994222640991,67.55263290405273,34.36319198608398,21.430588722229004,296.1686402320862,1277.8732971191407,2651.606530630949,0.4426600127617959,98.04331674575806,64.32164566889405,118.72225303035228,257.44577209949495
30.64532024860382,17.995137149770745,38.94813862247393,21.28156385421753,4.945120143890381,3.0260274410247803,0.3086042582988739,0.0521122422069311,0.386201936006546,3.7428432941436767,4.143944931030274,0.6789619266986847,80.8073974609375,24.80537662506104,17.12874584197998,3.2241338968276976,6.004981946945191,68.52159729003907,34.43884201049805,22.338991355895995,302.2961225986481,1262.974055314064,2662.029607930611,0.4073553129890314,99.1722393989563,62.448029924370346,119.80400945805012,260.2215401887894
30.41577019691467,17.440237195789813,37.72229532902129,20.610249376297,4.55924801826477,2.948488092422485,2.276067893186573e-11,4.533600251624304e-17,0.386536967754364,3.690008354187012,3.957630443572998,0.589698314666748,75.39755935668946,27.23457088470459,1.006359126348895e-13,2.812440488932425e-15,6.040744495391846,68.05112686157227,32.21900405883789,20.1495304107666,300.23433780670166,1362.036506485939,2711.457390514866,0.3735470103596953,95.903089761734,66.03439750671387,116.08486133143306,250.7659969568253
31.46480973958969,13.172340288909618,37.02391553812195,21.38086106777191,4.604775428771973,2.281587934494018,0.0677718117833137,0.0115053885616362,0.3874387443065643,3.956391716003418,3.994603681564331,0.6086009204387665,76.78673629760742,20.173359870910645,4.238121414184571,0.713707709312439,6.020426893234253,69.71019744873047,33.39331283569336,20.809382247924805,299.1616208076477,1281.940640115738,2675.7628556736686,0.3636798345847118,98.19787340164184,50.13231954742223,118.96215073708444,257.58633306026456
29.587162327766418,19.60713955019601,37.112122550047935,21.31729970574379,4.96474404335022,3.133501172065735,0.3447657436132431,0.0594399899244308,0.3855709969997406,3.927640962600708,4.135628080368042,0.5994891703128815,78.7333969116211,26.20392894744873,18.51068286895752,3.728474712371826,6.021510648727417,69.39429168701172,34.219534683227536,20.551447105407718,289.5311786651611,1257.5381255984307,2633.477926853427,0.4535168569884263,98.06100296974182,67.27097482550889,118.78096837438645,257.3914197444916
31.39951969385147,16.69334130281574,37.85091096470133,20.16057772636413,4.73630919456482,2.8540942907333373,4.1127508687566215e-08,9.996991692883644e-16,0.3908853352069855,3.84901225566864,3.916041851043701,0.6254274010658264,80.40954513549805,26.20524406433105,1.1431271318418367e-09,9.990789145896608e-15,6.048270511627197,70.05988311767578,31.08310356140137,20.853334808349608,299.7792469501495,1363.162863612175,2681.910200789413,0.3443479720384793,98.0804283618927,66.95808630000352,118.37292186003178,255.37037250995635
31.53611088991165,15.110152945446316,39.38162748091854,19.563625580072404,4.603082990646362,2.6365020751953123,0.1802880451083183,0.0315626721829176,0.3840353816747665,3.706080198287964,4.212891149520874,0.6199775159358978,77.04656143188477,22.131933975219727,10.792732524871829,1.951589822769165,6.027241563796997,69.26304321289062,32.26376075744629,20.506410980224608,287.7477208614349,1237.5104107141494,2667.758317481121,0.3979946878154116,98.15776467323305,55.88463593563065,119.22410762477666,257.048700094223
32.33927459716797,17.837079769023696,37.74395936501678,21.04450112581253,4.67200026512146,2.9145519495010377,0.2821699112653732,0.0506996046751737,0.3842110633850097,4.001751685142517,4.217507028579712,0.6399452269077301,80.48581619262696,24.13624725341797,16.91665439605713,3.13765606880188,6.048330497741699,71.35073928833008,33.33842239379883,21.523521614074703,297.66981530189514,1268.4548984646797,2579.467260129069,0.3827589950068862,99.16870145797728,61.81923701316119,120.30928120166064,259.8633801460266
29.52490141391754,16.812778215284926,37.89091684962623,21.39490700364113,4.935340690612793,3.033989095687866,0.2702481210231781,0.0468164291232824,0.383158403635025,3.8167990922927855,4.08895902633667,0.63820481300354,78.4337875366211,24.626773643493653,15.504736042022705,2.970685338973999,6.036236953735352,68.90431900024414,33.51415596008301,21.490897560119627,281.3588523864746,1214.478246474266,2644.9936041516366,0.4272660708196071,97.65435276031494,61.789225270971656,118.59197783656418,256.1133346557617
32.383540427684785,12.641867022098449,39.86414301244076,21.162813830375672,4.785503768920899,2.3185714721679687,0.0247211528941988,0.0038512386148795,0.3867015987634659,3.7934446811676015,4.062512874603272,0.6792920053005218,81.68716888427734,20.529213905334476,1.494045579433441,0.2427249372005462,6.021228218078614,70.79807205200196,32.186323165893555,22.43935432434082,294.39129467010497,1283.7769010663033,2760.4235783874697,0.3958740249499186,100.34306979179382,51.62303300059866,121.15961447190492,261.9449878454208
31.58545936346054,17.77371480392758,37.7890707640443,19.600429445505146,4.833609771728516,3.088114595413208,0.2986558496952057,0.0516766633838415,0.3867746561765671,4.040916967391968,4.304585552215576,0.6275250077247619,79.74687271118164,24.915563011169432,17.693766403198243,3.231671166419983,6.026107454299927,71.50091781616212,33.18152770996094,20.70103530883789,295.9707790374756,1276.081921505928,2586.047410423996,0.4147009575449935,100.27842297554017,63.56848167330027,121.17447521928698,262.55457785129545
30.36975985765457,21.319453083490952,38.02633770692628,20.4693410217762,5.076641845703125,3.655796527862549,0.3627517580986023,0.0591153342276811,0.3870573192834854,4.0082104206085205,4.324953031539917,0.6203993678092956,81.2020881652832,29.75627880096436,21.250795745849608,3.744677186012268,6.027947330474854,71.45407028198242,33.86757621765137,20.8402250289917,294.6376182556152,1403.92007701993,2690.2633252803817,0.4277470681648239,100.181342792511,71.32054540868849,121.0887566184625,262.4860662698746
30.57136232852936,19.738660033768973,36.75661386051216,20.219515717029573,4.742551994323731,3.271706390380859,0.3203697264194488,0.0555293958634138,0.3939037948846817,4.013097429275513,4.291209745407104,0.6348056316375732,77.10756301879883,26.987816047668456,18.716162109375,3.5179152727127074,6.04709825515747,70.25673828125,33.923058319091794,21.04791316986084,300.3283667564392,1189.538318991661,2480.614250100049,0.4303899216025073,98.04830331802368,64.64601060245187,119.17250537164507,257.56405913829803
30.95237512588501,19.32619910311187,38.70104292279575,21.024328315258025,4.987877130508423,3.1587101459503173,0.3172671109437942,0.0529103431850671,0.3898992419242859,3.9461108684539794,4.31553726196289,0.6753732681274414,79.73263015747071,26.155363082885746,17.399981880187987,3.346670722961426,6.027062225341797,70.1329833984375,34.14366493225098,22.29052276611328,295.72803273200986,1424.1861125469209,2750.0054904746416,0.4154303031522801,101.3601523399353,65.58693761192262,122.8184953359887,266.0128334760666
32.35277913808822,14.013743916613748,39.74301143533084,20.71614789962769,4.715094423294067,2.5495121479034424,0.1231016308069229,0.021642087586224,0.3880206674337387,3.7987788200378416,4.250939178466797,0.6454501271247863,79.54262924194336,21.593705940246583,7.722236967086792,1.365695345401764,6.016506958007812,70.25748825073242,32.93762474060058,21.54314842224121,294.73689489364625,1238.2040702700615,2700.692076205631,0.3948256016633792,100.34613404273986,54.7238521149382,121.48313525747508,262.7826648235321
31.393338215351104,15.169594053784383,39.10766248016152,21.00090450644493,4.9071657180786135,2.7014650821685797,0.1649625554680824,0.0277100475504994,0.3876876175403595,3.8108561515808095,4.144301509857177,0.6563733220100403,80.88260955810547,22.705845451354985,10.370537853240966,1.744106936454773,6.002426671981811,69.08719863891602,32.25532684326172,21.92829818725586,287.5676787376404,1238.7570247530937,2679.9713328456683,0.3888122733169218,100.31008276939392,57.78125874325633,121.29216612484306,262.1677639722824
31.512465238571167,17.321563919307664,37.3074218710186,20.140594351291657,4.623093032836914,3.090700793266296,0.2968245297670364,0.0540645290166139,0.3842150121927261,3.864883947372436,4.274803972244262,0.6136906862258911,77.6668685913086,24.74983901977539,17.50147190093994,3.344261407852173,6.030768156051636,68.3081298828125,32.945858001708984,20.60109233856201,289.4351675033569,1255.3981392383575,2595.786490174447,0.4378859656505682,98.09205451011658,61.98852127622813,118.8150590626523,256.8970628261566
31.47235124111176,16.689250131393784,38.70095892858226,19.92752975225449,4.876611042022705,2.6944891691207884,0.2465370893478393,0.0430611591786146,0.3852062970399856,3.922294735908508,4.381229972839355,0.6403257548809052,80.37526016235351,22.792087745666503,13.822475147247314,2.6555845499038697,6.01891565322876,70.58864898681641,32.4797981262207,21.21987190246582,288.459957742691,1231.6556912899018,2609.7098275789526,0.392331546530405,100.31340856552124,59.73463718276471,121.51784217506648,262.4460207939148
30.629157924652095,18.523525644955225,38.72997029954568,20.41867027878761,5.029967212677002,3.042095732688904,0.3102476835250854,0.0559174265712499,0.3921598941087723,3.844841408729553,4.376671266555786,0.6121724307537079,80.98011779785156,25.113508415222167,17.59385414123535,3.450627088546753,6.02491250038147,69.32742080688476,33.23466682434082,20.71103115081787,294.5097328662872,1234.742560005188,2632.1516096427395,0.4271848362254225,100.27489643096924,64.27753095980734,121.06267368476838,262.3493580579758
30.488044226169585,21.73446773586329,36.43570683030411,25.679343098402025,4.544244384765625,3.568787121772766,0.2013546347618103,0.0456543739885091,0.3887601315975189,3.796396684646607,5.490595722198487,0.6867544829845429,75.49877166748047,29.55494956970215,14.76321506500244,2.931570720672608,6.064584064483642,67.61267852783203,47.31205787658691,23.27962989807129,304.39523162841795,1422.0614295601845,2681.6292272808905,1.275196040107622,95.78495025634766,63.50850144289434,115.8592825157568,256.00143322944643
30.4176464676857,15.304057842423209,38.84548289582599,21.132867032289504,4.891641283035279,2.805746912956238,0.1932958871126175,0.0321553729474544,0.3884226113557815,3.769809603691101,4.167049646377564,0.6174839675426483,80.40373916625977,23.12219524383545,11.82877254486084,1.991450798511505,6.064069175720215,69.99552841186524,32.98409729003906,21.020702934265135,292.03940296173096,1277.9334352612495,2781.437650979287,0.4167489431643645,98.09544548988342,57.83951273979619,118.94234082251788,256.6892808675766
31.35579863786697,19.101074790919665,37.79748135386035,20.412358355522155,4.983391857147216,3.365558195114136,0.3126779586076736,0.0542434409260749,0.3906553596258163,4.000303554534912,4.273303127288818,0.6313180208206177,83.05945739746093,27.17817249298096,17.166160774230956,3.442878079414368,6.017054414749145,70.32599868774415,32.89706878662109,21.054594039916992,294.3284062385559,1267.023540353775,2608.552433731232,0.4351582949409803,100.20845408439637,65.54873212371021,121.36550920568406,262.0969829082489
30.9372136592865,17.48375097531825,38.14156553877983,21.870905029773716,4.972888708114624,2.762909412384033,0.2457115471363067,0.0452218875288963,0.3885740101337432,3.938364171981811,4.138220405578613,0.6323123931884765,82.15109100341797,23.38362236022949,14.88980073928833,2.882600378990173,6.032209968566894,70.80756759643555,32.62829742431641,21.654692268371583,291.8600895881653,1239.4735709905624,2641.719269663713,0.3995220251411446,99.62132086753846,60.28726981338114,120.41279644388706,260.19856066703795
31.163552045822144,13.458194012194872,38.5097720738966,21.494507974386217,4.755091285705566,2.535344696044922,1.9904846641186596e-16,2.7590985202576578e-17,0.3878133058547973,3.713258576393128,4.02576961517334,0.6215277254581452,79.85318908691406,22.57182102203369,1.1934155937375112e-14,1.7170044784564892e-15,6.020490741729736,68.14516525268554,33.17008590698242,21.20265464782715,296.5456881046295,1435.9028181433678,2869.691998662078,0.3878066299263246,98.1158459186554,55.56791219711304,118.44854760766027,256.6818084716797
29.98709045648575,15.001101623807337,37.14972602606285,19.4418170273304,4.878441953659058,2.684835839271545,0.1141439661383628,0.0186416132375597,0.387244975566864,3.857997226715088,4.202759265899658,0.6164442896842957,79.0750358581543,23.24576816558838,6.822396516799927,1.1518460750579833,6.024804925918579,68.14590301513672,32.393603515625,20.39865207672119,280.275772190094,1239.658901643753,2612.880161987216,0.4056760906101481,97.67589821815491,57.52359118899331,118.5374021468684,255.6006701231003
31.360058462619783,16.886390327778646,37.93402715532575,20.850879031419755,4.700014209747314,2.9887668609619142,0.2487790375947952,0.0420739538967609,0.3857040882110595,3.806605768203736,4.090966081619262,0.6020257830619812,79.22294311523437,24.69832382202149,13.35706377029419,2.656120848655701,6.064084386825561,68.71930541992188,32.90844039916992,20.50681324005127,298.55185317993164,1462.3252175509929,2812.849907708913,0.4209696971284806,98.07262163162233,62.38700119769201,118.72169773839414,256.5489780426025
29.900365817546845,16.495848982781173,37.3392471505329,20.968194419145583,4.918389940261841,2.896286964416504,0.2405735328793525,0.0429408423602581,0.3874622195959091,3.967137718200684,4.191199111938476,0.6017523348331452,79.88852920532227,23.84037208557129,14.957570362091063,2.7110079765319823,6.047206592559815,71.59815139770508,33.599442672729495,20.55075664520264,288.2264009952545,1252.2700812458993,2648.1516121562627,0.4330622909204912,97.62494125366212,59.29167026570067,118.45403494108469,255.8392319202423
29.87120327949524,19.35921591790393,36.5933720221743,20.135209715366365,4.893907260894776,3.1468521118164063,0.3264252454042434,0.0569195039570331,0.3898700058460235,4.03311333656311,4.391680192947388,0.5863013148307801,78.12110214233398,26.15422344207764,18.158123397827147,3.573633360862732,6.041812181472778,70.5786346435547,34.436496353149415,19.886657524108887,294.052366065979,1207.8026349663735,2528.1312103366013,0.4521829402017367,98.05851135253906,64.11671571731567,118.85977567024528,257.557954454422
31.87700152397156,17.855322510865516,37.77744991525542,21.05238042473793,4.730783271789551,3.16811842918396,0.3177863150835037,0.0519101180136203,0.389734748005867,3.980634188652039,4.074328851699829,0.6456909120082855,80.22275466918946,25.381819343566896,19.045654106140137,3.262568163871765,6.026141691207886,71.07245635986328,33.00841064453125,21.574700546264648,295.45954031944274,1271.0201932549476,2604.5133574651613,0.4101365137097552,99.16064195632934,63.69102866631001,120.22888826616108,259.6280083656311
31.810800874233244,18.36554505075328,37.52234714848455,20.177498358488084,4.638487911224365,2.9036237001419067,0.2976194739341736,0.0546696834266185,0.3861715286970139,3.8788662195205688,4.11055006980896,0.5885004043579102,79.32738342285157,24.297754287719727,17.635726737976075,3.40465362071991,6.011359548568725,69.23939590454101,32.43956451416015,19.98369445800781,301.8117057800293,1272.198251593113,2587.4105922060494,0.4002721721227232,98.10099620819092,61.69956976175308,118.83673083353789,256.63332896232606
31.354646360874177,15.83866316821918,36.8788105848711,19.64657618403435,4.505497741699219,2.932471680641174,6.018197836965555e-06,4.467149176609619e-12,0.3911798983812332,3.783028745651245,4.172758769989014,0.5594655990600585,77.81857833862304,26.269252204895015,1.373154901784801e-06,4.0562844489527846e-11,6.025583362579345,67.99974746704102,32.68944091796875,19.180624771118165,296.11537156105044,1332.613387513161,2664.7539798424286,0.3526507055311649,95.88214569091797,66.6018989838378,116.27512553445996,251.08004236221316
31.506971538066864,18.921353271033148,37.88641821260099,19.89136305451393,4.902376699447632,3.080132412910461,0.3040208458900452,0.0499727502465248,0.388545623421669,3.998456454277039,4.079747533798217,0.6418331325054168,81.39230880737304,25.680500030517575,18.608131980896,3.188304162025452,6.057404518127441,70.79073486328124,33.23877868652344,20.99577751159668,295.86954493522643,1229.3575581789016,2508.240421049361,0.4004142916605424,100.2367709159851,66.12100336086004,121.15288067851216,262.2965958118439
31.13054012060165,17.07640795755433,39.628166259033605,20.205679988861085,5.002466630935669,3.010177659988403,0.123224576562643,0.0206190569326281,0.3846951991319656,3.8254931926727296,4.153088808059692,0.6100277841091156,82.610498046875,26.10141773223877,7.709041595458984,1.281237781047821,6.039714717864991,71.08769302368164,33.075430679321286,20.455164527893068,294.20353469848635,1396.0651025652885,2780.883649202477,0.3937932529156619,100.19360055923462,65.71447737314739,121.08949956018478,262.04314103126524
31.506596708297728,19.353396471380258,36.78146667717956,20.007903653383256,4.703284120559692,3.3559101819992065,0.3134595692157745,0.0550532281398773,0.3913451671600342,4.089358043670655,4.244017505645752,0.6420297741889953,77.91489028930664,27.14483776092529,19.215855598449707,3.4681089162826537,6.022703552246094,70.9376319885254,32.63617782592773,21.155851554870605,294.4313413619995,1188.0376444935798,2453.273975581594,0.4280576429847691,99.15623717308044,65.52090013213456,120.27769784163684,259.59686825275423
32.01819441318512,17.817423529969528,37.4917285191128,19.571801173686985,4.708446598052978,3.037618637084961,0.2881806582212448,0.0530077863484621,0.3867439597845077,4.059695625305176,4.289460706710815,0.6398472607135772,78.08575744628907,24.75546741485596,16.009514808654785,3.360134720802307,6.042315435409546,71.07620468139649,33.134751892089845,20.95171127319336,302.8008745670319,1250.371576821804,2527.9228521389305,0.4019570148313548,100.30069103240967,62.76730458568782,121.23784345705062,262.6893742799759
31.182131826877598,18.8512315533706,37.21416874129791,21.99020106196404,4.89441614151001,3.2605535984039307,0.3332554906606674,0.0579441029578447,0.3861999064683914,4.10740180015564,4.09549207687378,0.6363316237926483,79.7650016784668,26.384311866760253,19.738833236694337,3.672581744194031,6.052423572540283,71.33076324462891,33.482474136352536,21.69856967926025,298.59502549171447,1189.2566269397737,2529.03242081161,0.411981373774222,100.23580288887024,65.99623496755957,121.3545841433108,262.56851544380186
31.0873960852623,18.62768412705045,37.327886308263984,20.186256515979768,4.950291585922241,3.388077402114868,0.3133132547140121,0.0579162191599607,0.3879796177148819,4.097789192199707,4.424961376190185,0.6204606175422669,80.90790481567383,26.91370887756348,19.129049682617183,3.6821489095687863,6.03623046875,71.29982376098633,34.59751434326172,20.720808029174805,285.2632143497467,1219.7744392871855,2514.048225888802,0.4412878039345379,100.21653318405151,65.91542367814108,121.45626696534455,263.24528205394745
32.188942313194275,15.650492195505649,38.75253083130811,20.46065818071365,4.574916839599609,2.6340018272399903,0.2150892466306686,0.0362613871693611,0.3887992978096008,3.7516430377960206,4.068295860290528,0.6587710738182068,79.05270538330078,22.189198684692386,11.750397968292235,2.2518786668777464,6.054489278793335,69.14263381958008,32.35444259643555,21.67689266204834,299.26131734848025,1279.6252357959747,2688.199745040387,0.4116519889149316,98.11837201118468,56.57863276945427,119.04915851447733,256.61966836452484
31.394007635116576,15.378407681721727,37.95120372665114,21.36743333339691,4.888331890106201,2.6361244916915894,0.156243573129177,0.0252193320542573,0.384146973490715,3.99714584350586,4.006220102310181,0.63078373670578,80.3477294921875,22.56487617492676,9.59323616027832,1.609940481185913,6.026330232620239,70.84554901123047,32.788285446166995,21.36695213317871,299.60347547531126,1263.3643213629723,2630.9998863109445,0.3700419478351456,100.32089943885804,57.492151028569786,121.13758295755834,262.3349100828171
32.071379244327545,16.9950164119713,37.9219994895393,20.14416318535805,4.748701524734497,2.6957618236541747,0.2367763504385948,0.0394275438040494,0.3917987644672394,4.0515154838562015,4.040643739700317,0.5964178502559662,79.35293884277344,23.046176719665528,13.18160343170166,2.4436875343322755,6.021550512313842,72.1477294921875,32.61960525512696,20.117177391052245,294.70755825042727,1279.3753726959228,2562.484378350573,0.3696773095007991,100.32756514549256,60.24530325084925,121.25177679508924,262.46181709766387
32.4174388051033,18.779989389888943,39.428906847932375,19.608914184570317,4.762032270431519,3.452395510673523,0.3028205931186676,0.0560729645192623,0.3876633018255234,3.912857699394226,4.435564184188843,0.6089396774768829,79.32532272338867,27.418457412719725,16.89116554260254,3.495095205307007,6.046167421340942,71.10877075195313,34.62656135559082,20.16459789276123,295.0737368106842,1397.6777774572372,2698.164830952865,0.4503284273465738,101.32994198799132,66.75142683330924,122.69244804847986,266.1623579263687
31.799866795539856,13.965050828095992,37.07465679375455,21.596561175584792,4.651254415512085,2.5551117658615112,0.1435765668749809,0.0237849006429314,0.3880151093006134,4.023268795013427,4.1410877227783205,0.6256027281284332,78.30044174194336,21.520293045043942,8.168836212158203,1.5010369420051577,6.005936050415039,70.70555725097657,33.22060050964355,21.38179836273193,286.8334074497223,1246.2051200389865,2636.126669142343,0.3866052826969543,98.81756858825683,54.147189701814206,119.68447280097752,258.9607451200485
31.049235832691192,20.49671354214661,37.68482392991427,21.77465245127678,4.940530776977539,3.691372513771057,0.3213444083929062,0.0570595197379589,0.3839624792337417,4.105981731414795,4.335331964492798,0.6618775010108948,80.51104965209962,29.472370529174803,20.1600980758667,3.5648117542266844,6.020158815383911,72.04186172485352,33.83436546325684,22.267658996582032,293.3340500831604,1193.270012354851,2527.599545426964,0.4634382594841753,100.19719095230104,68.57954585868865,121.78150981217622,262.935952091217
30.848641777038573,17.954308678000235,38.37378487954848,20.12115883231163,4.696274662017823,2.987807011604309,0.1883460491895675,0.029927853681147,0.3851170897483825,3.697681069374085,4.12806248664856,0.6529740452766418,76.94272842407227,25.833720397949214,11.677377223968506,1.8729973673820492,6.051427125930786,67.18414840698242,32.16716346740723,21.47918376922608,298.4561708927155,1433.1585891485215,2746.236937119201,0.3966006151107478,98.0936800479889,64.56727174380794,118.61396420821548,256.3597036123276
30.09189479351044,21.094860390690155,38.16139649271499,21.24626474380493,5.081830406188965,3.628744101524353,0.3199021846055984,0.0595561541616916,0.3920003920793533,4.084926605224609,4.19279408454895,0.649645984172821,80.11743545532227,29.51562595367432,19.51163845062256,3.7341565132141112,6.051891660690307,73.24819869995117,34.226793670654295,21.68776035308838,292.0560250282288,1379.999707442522,2684.318829427008,0.4442416587893156,100.17248511314392,68.3934922663495,121.64934601597488,262.98331530094146
30.57341229915619,20.328652962320483,36.55232227211818,21.04601812958717,4.9099602699279785,3.4338283777236938,0.3421935975551605,0.0567523881793022,0.3893766850233078,3.995126438140869,4.371566343307495,0.6705933630466461,81.83081817626953,28.082916831970216,21.166360092163085,3.5407896757125856,6.021013975143433,69.80475540161133,33.6230052947998,22.18734130859375,302.19142136573794,1235.29740909338,2552.830084091134,0.4733127749558236,97.99658508300782,66.99179080314934,118.5825414750725,256.4616266965866
31.04999717473984,16.84223600315163,37.25733597127255,20.571982723474505,4.734529590606689,2.6924641132354736,0.249136397242546,0.043968953564763,0.3883602380752563,3.8804078102111816,4.024913644790649,0.6235411405563355,78.69340057373047,22.86537113189697,13.858227443695068,2.743739295005798,6.006063079833984,68.70464477539062,32.21465492248535,20.93982524871826,295.8269089698791,1299.8982445001602,2642.3659595192357,0.3858647080295519,98.1565896511078,58.45554833682254,118.7398554386571,256.5725266456604
30.805967140197755,19.494245538674296,38.01803220910951,19.594729602336884,5.054707622528076,3.210127353668213,0.3046638458967209,0.0544418677687644,0.3860667526721954,3.979393553733826,4.36343297958374,0.6357637941837311,82.60626983642578,26.511696434021,17.489801788330077,3.425111246109009,6.017712497711182,70.99016494750977,33.826816940307616,20.82228603363037,301.560360956192,1229.976566040516,2531.649399803049,0.4365475563563798,100.22345986366273,65.69794176984578,120.82593953516334,262.3409106016159
31.382395911216737,15.920949732232838,38.43810174809769,21.172131896018985,4.804523086547851,2.9162251949310303,0.2314841851592063,0.0394669726490974,0.3889084368944168,3.8595829725265514,4.235635805130005,0.6301710784435273,80.32916870117188,23.733268165588377,13.562139511108398,2.493316054344177,6.009601640701294,70.13230743408204,33.628600692749025,21.288902282714844,288.3115958213806,1238.2460394740106,2661.5009988663137,0.4320889192763026,98.9685975074768,60.0581071684137,119.85897634066642,259.38272020816805
33.06019254922867,13.548666642434544,39.64196782838553,19.92448633909225,4.641329193115235,2.3663949966430664,0.0599211562424898,0.0097362502478063,0.3943628668785095,3.8188151121139526,4.235828018188476,0.6298109769821167,80.40640792846679,20.93715209960937,3.75990571975708,0.6091724693775177,6.048429679870606,70.72332458496093,32.90037460327149,20.880994606018067,291.15280990600587,1424.575774651766,2819.397481375717,0.3778085487097385,100.32877049446104,52.94834885860328,121.437692864798,262.62647650241854
31.97577636241913,18.069270338350908,38.64721650455613,20.124632048606877,4.6979235172271725,3.071635127067566,0.3040448516607285,0.0480219148099422,0.3914152383804321,3.963425993919373,4.349945306777954,0.6502272367477417,77.61889953613282,25.20433177947998,18.3221794128418,3.038777256011963,6.027633237838745,71.90989151000977,32.82435302734375,21.47775249481201,299.34133248329164,1264.824629509449,2626.2928131170747,0.4206639423361039,100.30834512710572,64.82637211056426,121.26818937789648,262.555832195282
30.186394727230077,20.29513164218515,38.888215710083024,20.26446830034256,4.928066349029541,3.3968935012817383,0.3118747383356094,0.0581087600439786,0.3909525543451309,3.72718493938446,4.337517356872558,0.5942395746707916,80.54897842407226,27.97860126495361,18.164930152893067,3.583227348327637,6.046129322052002,68.93353424072265,34.44846153259277,20.090653038024904,294.63409905433656,1287.8525790452957,2657.810313826165,0.4660090639312919,98.0025689125061,65.08930543996394,118.99808045104146,257.4046986341476
30.73053712844849,20.245097190025263,37.36440342376009,20.332119625806808,4.836089468002319,3.434518241882324,0.3381524503231048,0.058478582277894,0.3850331783294677,3.935657477378845,4.314780616760254,0.6066889226436615,80.46411056518555,28.060461235046382,20.88076057434082,3.620809364318848,6.058255815505982,69.76009902954101,34.96136207580567,20.33607711791992,300.8873344898224,1259.7162018060685,2558.429533122538,0.4544637950440141,97.99057121276856,66.18618876300752,119.27697400674224,257.8666339635849
31.276106548309325,19.893040124932305,37.89882994599175,19.84263026714325,4.987391424179077,3.2308005571365355,0.3121098965406418,0.0552504893392324,0.3888979166746139,4.026826047897339,4.410152864456177,0.582376503944397,82.80396270751953,26.829602813720705,17.832409477233888,3.485910034179688,6.026141786575318,71.29961471557617,33.46131896972656,19.77115669250488,296.0903855323792,1202.5961674928665,2515.1939549131903,0.4315715915651502,100.21106958389282,65.87384698092937,121.32633906211704,262.42022647857664
30.60603744983673,18.962261971086264,39.64332681652159,22.158974528312683,5.054435300827026,3.068723225593567,0.3130518347024917,0.0549198418855667,0.3825725972652435,3.8157324314117433,4.214243316650391,0.6540226995944977,81.59432525634766,25.489735984802245,17.560047149658203,3.45500967502594,6.03007550239563,70.36939544677735,34.615332412719724,22.142686462402345,293.1078042030334,1382.5876097381115,2780.8345253545617,0.4145403035025694,100.2219668865204,64.33000228386372,121.47436797469854,263.22550308704376
30.82301058769226,18.05388682745397,37.13595863592345,20.01004429459572,4.794965934753418,2.958524560928345,0.3105360925197601,0.0515167701989412,0.3852285474538803,3.981175923347473,4.120815849304199,0.6466638684272766,79.48985290527344,24.45578441619873,18.14911975860596,3.2615754127502443,6.018617630004883,70.79326171875,33.463713836669925,21.157351303100587,297.81969380378723,1299.6194012880326,2598.541667280247,0.3963699236622666,98.10490174293518,61.89067653296515,118.8020380705595,257.13961305618284
30.299080264568328,16.239185672646272,38.759944832418114,21.10977058410645,4.866865777969361,2.8422305583953857,0.0688589058816433,0.0109282398596405,0.3849131196737289,3.759523367881775,4.134194946289062,0.6341194033622741,79.2685173034668,25.307011985778807,3.838335704803467,0.6895893514156342,6.049051284790039,69.82510147094726,33.50955772399902,21.35776233673096,296.8165081501008,1418.2151222646237,2818.5032501762385,0.3967579670540225,98.06049280166626,62.48627939147409,118.59911077208815,256.8078501462936
32.412692999839784,15.94087498271838,38.5965644079959,20.21390066742897,4.71409273147583,2.8597033500671385,0.2155019119381904,0.0380782954394817,0.3868593096733093,3.9616592168807983,4.058425664901733,0.5990436315536499,79.84941482543945,23.598295783996583,12.285989665985108,2.3974910259246824,6.01813907623291,71.64940719604492,32.868173599243164,20.200773811340333,293.61882362365725,1263.4359794974328,2632.8718630252524,0.3909592294349252,100.30002927780151,60.60774351414293,121.24471381306648,262.5069056987762
31.550288784503937,18.092913143499757,37.52981721099932,21.525365406274798,4.7975222110748295,3.177334022521973,0.3226363211870193,0.0566615760326385,0.3874177038669586,4.042273950576782,4.173394584655762,0.606652808189392,78.63739471435547,25.53591423034668,19.57832851409912,3.5180195808410644,6.0207795143127445,70.54159393310547,34.31118392944336,20.796855163574214,299.9805426120758,1175.5056908011436,2517.252823174133,0.4086752315094088,100.27162556648254,64.92483215276152,121.38867075573653,263.3456180810928
30.43667887449265,19.56636075100396,38.66969351964072,20.207543802261352,5.077874565124512,3.5642188787460327,0.3248372465372086,0.0567483693361282,0.3882018595933914,3.8549153327941896,4.413455533981323,0.6719104647636414,81.50867309570313,28.31630859375,19.721789741516112,3.529552412033081,6.039500761032104,68.95311279296875,33.27083473205566,21.93759632110596,288.146702003479,1229.293878555298,2587.8187684188424,0.452479711927398,100.19555778503418,67.93790000155568,121.41311506740747,262.3816917896271
31.02241084575653,19.45379039084073,37.79065231676213,20.878994745016097,4.891587495803833,3.4655916929244994,0.3375480383634567,0.0561944976449012,0.3908912539482116,4.081210374832153,4.4121240139007565,0.6145133078098297,79.02049102783204,27.8016508102417,19.986129570007325,3.5222387075424195,6.028681993484497,72.63384628295898,34.06661758422852,20.908609771728518,296.483340549469,1265.77875341177,2590.319199544488,0.4400910514452619,100.23095932006837,67.15197688285261,121.1535782597959,262.8594094514847
31.252112197875977,18.08319483224768,37.38614056908991,19.411888086795805,4.636177206039429,3.2043134450912474,0.3123415738344192,0.0546795822679996,0.3891258060932159,3.90274338722229,4.265727901458741,0.6140091717243195,76.99185562133789,25.72474822998047,18.62415885925293,3.435382866859436,6.015828227996826,69.32818222045898,34.06051139831543,20.21764030456543,295.22848787307737,1183.3544963359832,2489.2874342531954,0.4280961488143809,98.0783860206604,63.47612349130213,119.00362187158316,257.7745775461197
31.337553286552428,14.336477355990793,37.10115013497416,19.768705439567565,4.59744782447815,2.586147665977478,0.1059207469224929,0.0177859373390674,0.3895680963993072,3.99319384098053,4.2530091285705565,0.5890678405761719,76.77841415405274,22.23969783782959,6.465716075897217,1.1281543612480165,6.030489349365235,71.27349700927735,33.092041397094725,19.86966743469238,288.7666786193848,1237.9346166968346,2595.663800076075,0.415409178708758,97.93571271896364,54.95376483653672,118.77280208785086,256.73227005004884
32.03025326728821,15.962769738433416,38.44373233641964,20.92257003188133,4.712268495559693,2.848115110397339,0.2087267369031906,0.0348374854773283,0.3914733916521072,3.9118390321731566,4.275854110717773,0.6029924213886261,78.21771240234375,23.740656089782718,11.502681732177734,2.1675307989120483,6.039400386810303,69.91054458618164,33.93673095703125,20.584697723388672,293.58863224983213,1394.7702769160271,2741.910436944751,0.3992655747409103,100.31773834228515,61.239866205304864,121.38017805106938,263.1520262718201
29.725293111801147,18.707477345946245,37.08083804692141,20.77151197195053,4.939449644088745,3.0515230894088745,0.247146101295948,0.0406937647610902,0.3836336106061935,3.891407871246338,4.10981822013855,0.6355787634849548,78.59956817626953,26.05943355560303,13.499132633209229,2.5949938535690307,6.018936920166016,68.69105682373046,32.8898063659668,21.291303825378417,293.824126625061,1310.462344098091,2637.510711545829,0.3897573994787898,98.10169200897217,66.03122025933116,118.49816893022508,256.6158443450928
30.86130028963089,19.848925296287053,37.99424388494808,19.87609190940857,4.930713176727295,3.396179461479187,0.3161006182432174,0.058842259645462,0.3857796132564545,4.0057515621185305,4.422756910324097,0.6174714207649231,79.38495025634765,27.675004768371583,17.904487228393556,3.7017147541046143,6.0558600425720215,70.60293884277344,32.90141906738281,20.60744705200195,291.21838150024416,1381.8365952908994,2652.9111184007256,0.4361583958760945,100.2293496608734,66.62659147176892,121.6920707002282,262.4908833503723
30.59590817689896,19.0269639530452,39.46090864788275,20.78942655324936,5.037801837921142,3.400505876541138,0.3281639456748962,0.0571181956678628,0.3831472873687744,3.7847355365753175,4.077355480194091,0.6578393280506134,81.14270858764648,27.40942478179932,18.881638526916504,3.5302748918533324,6.032881879806519,69.5410171508789,32.81723213195801,21.758395195007324,293.2028554439545,1394.945785498619,2752.390743767115,0.402950919954533,100.20036993026731,70.4085221361369,121.08221551645548,261.94663550853727
30.49600396156311,18.87866531785112,38.45781403942965,20.004717177152635,5.049955654144287,3.0387821435928344,0.2919296383857727,0.0513674523681402,0.3890506148338318,3.963606357574463,4.305701065063476,0.5987115025520324,80.92007217407226,25.316426467895507,16.177512550354002,3.232835817337036,6.000118970870972,71.19884719848633,33.34992599487305,20.18260898590088,290.3674025058746,1398.6138291418551,2723.878500042524,0.4275330676710552,100.25424752235412,63.51725014559925,121.37116305287928,262.69339826107023
30.51413028240204,16.608207297282462,36.68341036438942,20.427022451162337,4.594960641860962,2.8246809959411623,6.62610371904293e-08,1.261044403606145e-15,0.3826140880584717,3.847565507888794,4.139965629577636,0.624791419506073,75.53561706542969,26.01610107421875,8.008240237611375e-10,1.3666224642688635e-14,6.031756067276001,67.9489974975586,31.917456436157227,20.99137077331543,294.09116849899294,1322.6465136170386,2666.3769131673967,0.3748318698476566,96.597465467453,65.39802079208926,117.1720117546618,252.60526168346405
31.299548518657684,17.71189964216901,37.867574735707606,20.083057469129564,4.803393983840943,3.049874520301819,0.3007221132516861,0.0523223355412483,0.390291827917099,4.00306806564331,4.380957412719726,0.6361361622810364,79.3728126525879,24.707639694213867,18.03502254486084,3.323816299438477,6.043055248260498,71.5114646911621,33.5886116027832,21.08133201599121,287.21806092262267,1232.265826177597,2558.8307806610537,0.4201839672359732,99.38576741218569,62.99731953581795,120.58546877205372,260.682518696785
31.635035276412964,13.826458881917642,37.51872621453367,19.282309818267823,4.601352882385254,2.483226847648621,0.1206024661660194,0.0185868795961141,0.3863540917634964,3.955549931526184,4.273653411865235,0.5998940646648407,77.47563323974609,21.28655834197998,7.2638286590576175,1.1750246286392212,6.058415937423706,71.03232269287109,33.39209747314453,19.9385217666626,289.2425517082214,1252.1078808784484,2613.6512796686206,0.3887588429595688,98.1435842037201,52.83937664576806,119.02843176089227,257.4349338531494
31.3023033618927,18.08365014328156,38.14581789639779,20.811738747358323,4.62677960395813,3.1179057121276856,0.3196323335170746,0.0534951202571392,0.3852702796459198,3.798066163063049,4.45618953704834,0.6152819395065308,76.88995208740235,25.28679752349853,18.87582416534424,3.3549869537353514,6.019715118408203,68.8542694091797,34.09961128234863,20.89172496795654,296.4612403392792,1287.9407748222352,2683.7500520641743,0.4460150602946512,98.106041097641,62.90672310050577,118.8627684732899,257.618080329895
31.4547989487648,19.750322281150147,38.35247539752163,19.454163438081743,4.947033405303955,3.169285225868225,0.3134304493665695,0.056837898120284,0.3830396920442581,3.990941596031189,4.396492290496826,0.6215169966220856,82.4349464416504,26.40511245727539,18.184924125671387,3.5431081295013427,6.021528244018555,71.4480598449707,33.76404495239258,20.45519104003906,296.7454865455628,1261.563379609585,2553.4705198937386,0.4127616462574643,100.2286557674408,65.58644267059863,121.41478613372892,262.79984147548674
31.95205444097519,15.36757676451234,37.81224900733214,20.115811532735822,4.711564016342163,2.7656445026397707,0.1977464735507965,0.0352317381650209,0.3880341291427612,4.076831817626953,4.1746901512146,0.5967345356941223,77.86854858398438,22.849135208129884,11.29327974319458,2.240101718902588,6.038071346282959,72.03985290527343,33.839208984375,20.116200828552245,288.3013438224792,1225.8739312529565,2549.812018729432,0.3969513024223922,100.32328963279724,58.74207287253812,121.57476566061378,263.43578400611875
31.29701280593872,14.628890208521623,37.69713035258464,19.585749185085294,4.641211700439453,2.4160587310791017,0.1382546409964561,0.0221644835546612,0.3887557178735733,3.8324753046035767,4.178410053253174,0.6382061302661896,77.70553894042969,21.163238716125488,7.899388980865479,1.3921353101730347,6.032512283325195,68.77479934692383,31.99178581237793,20.92399787902832,289.279087638855,1249.4871624350549,2619.43522060166,0.385689126471096,97.94400000572205,53.26838827999309,118.76999717205764,256.1110997200012
32.46200172901153,17.40038287851494,38.7966667923145,19.477103614807127,4.690142679214477,2.801070547103882,0.248064149916172,0.0439849320799112,0.3853914201259613,3.8285202503204343,4.152278566360474,0.591600090265274,79.3450096130371,23.703128242492674,14.326519966125488,2.770921802520752,6.008863115310669,68.8076271057129,32.662966918945315,19.821904945373536,296.264137840271,1263.7901017665863,2585.0176922684127,0.3733498560129874,100.31590051651,61.51599690085277,121.1919936325401,262.5430994749069
30.764386439323424,16.92295455101412,36.632972111878914,20.449874091148377,4.805500555038452,2.7198471069335937,0.2129393056035042,0.0339388813823461,0.393446996808052,4.036082029342651,4.136618185043335,0.5839150965213775,79.554052734375,23.48983154296875,12.932460021972656,2.096055746078491,6.042627239227295,70.80606155395508,32.73425369262695,19.993781661987303,291.9175132274628,1256.482615375519,2569.052623268764,0.3865805442961602,98.09265160560608,59.09134709369391,118.88966029454022,256.6871255636215
31.474001371860503,18.63403418897651,39.12945799448062,20.16558787226677,4.861803960800171,3.189917182922364,0.3257126331329346,0.0566651605069637,0.3874387234449387,3.896869063377381,4.214797639846802,0.5963898718357086,80.12394714355469,25.91579246520996,18.90255031585693,3.5003084182739257,6.05186972618103,71.19537200927735,33.59951972961426,20.13960094451904,290.9240388393402,1420.8552612006663,2758.6065292581743,0.4124966485592679,100.23786077499388,65.44489990770816,121.5114679304883,262.84316473007203
30.8907550573349,18.074150168313643,37.188653979077934,20.419259452819823,4.732223510742188,2.8705702304840086,0.284454807639122,0.0536271657794713,0.3894863277673721,3.932838892936706,4.356220483779907,0.5836316585540772,78.08351593017578,24.02918510437012,16.71041145324707,3.3546844005584715,6.049415254592896,69.56688613891602,34.17831726074219,20.00538921356201,293.4606457233429,1279.2692773342133,2619.885301293939,0.4026033281822762,98.0921736240387,61.08326367866248,119.025488910079,257.68429763317107
30.98722167015076,20.406187059287912,37.080244239163584,20.18778920173645,4.891012525558471,3.369291305541992,0.3133320361375808,0.0588064670562744,0.3849999576807022,4.093359756469726,4.4815850257873535,0.64015873670578,78.8331413269043,27.796062088012697,18.33103904724121,3.720624685287476,6.033916521072388,70.6852035522461,33.370828247070314,21.273645210266118,298.1071933269501,1250.6749618291856,2521.290619572316,0.4416844848443311,100.24332337379457,66.51340554598718,121.23667286466808,262.5846988201141
31.64870798587799,18.25123333979864,37.29463200692553,20.841482627391816,4.834250545501709,3.0226343631744386,0.3089818686246872,0.0510445091873407,0.3853141278028488,4.118356943130493,4.167014408111572,0.62800053358078,80.05946273803711,24.90613670349121,16.66320858001709,3.247579336166382,6.040628910064697,71.68866653442383,33.897904586791995,21.0496768951416,300.87593998908994,1178.87205940485,2486.921632798767,0.4047840392951279,100.2619836807251,63.18861678149551,121.44598429147156,263.0011163711548
30.62977074384689,20.29546164576896,37.17035747007467,20.338895624876024,4.871158504486084,3.5492469549179075,0.3434343367815017,0.0558537520468235,0.384017464518547,3.9166728973388674,4.143030500411987,0.6409955680370331,80.9868766784668,28.69005584716797,21.192280197143557,3.539437699317932,6.032046318054199,69.14071197509766,33.0241584777832,21.13763885498047,296.8815318584442,1274.7850058436393,2547.3292078551544,0.4362335268197285,97.99672961235046,66.63207864183933,118.88337202575056,256.51070127487185
29.562344205379485,19.365612327947748,36.90593420006335,19.592351573705677,4.963725137710571,3.480650544166565,0.3292799681425095,0.0564418740570545,0.3870938032865524,3.919010853767395,4.326324033737182,0.6299105584621429,78.63482971191407,27.80351448059082,19.75758457183838,3.5778069734573363,6.0464873790740965,68.68294372558594,33.73865432739258,20.699135780334476,293.76321902275083,1236.46347168684,2550.3854902231483,0.4540758876991411,98.02109708786011,66.72101929541677,118.74836569558828,257.02865240573885
32.24862926006317,17.512579995358827,39.43440503301099,21.247745221853258,4.848680210113526,2.9055571794509887,0.2526144087314605,0.0408641751855611,0.3869654893875122,4.027314472198486,4.066664218902588,0.6596132218837738,79.88885116577148,24.37788772583008,14.727945041656492,2.5988031387329102,6.06698489189148,72.98875198364257,32.77865486145019,21.981015968322755,295.8119121551514,1422.1169786155224,2757.831030134973,0.3912867784133524,102.06040644645692,63.91223976192996,123.7551042508334,267.0924774885178
30.22969875335693,14.339787003656966,38.30425237708259,20.27730818986893,4.904412889480591,2.4164469718933104,0.0865069165825843,0.0144912663847208,0.3847403556108474,3.892706322669983,3.992788624763489,0.6566239595413208,79.47926483154296,21.43416385650635,5.377008056640625,0.9181627333164216,6.044259595870972,71.12826766967774,32.812269592285155,21.46114101409912,283.05306763648986,1231.1160227298735,2634.978768151149,0.3827835568766353,98.35464715957642,53.67345515522175,119.4131548056379,257.5864123344421
31.0767146229744,18.72489901459776,39.776904927240686,20.99505892395973,4.866585731506348,3.418220496177673,0.3209966480731964,0.0536323703825473,0.3847303241491318,3.791778635978699,4.230468988418579,0.635875689983368,79.02618713378907,27.18798694610596,18.30677642822265,3.366119313240051,6.048958587646484,70.48328018188477,34.78186721801758,21.243106269836424,293.8480462551117,1432.42541603446,2824.476006360684,0.4557302262126804,100.0198893070221,66.27749603223056,121.22491041999312,262.8349603652954
30.14448726177216,18.25737983501749,36.87261339656543,20.514863324165344,4.66833462715149,3.04824161529541,0.2451853558421134,0.0403450138866901,0.3892010986804962,3.8070759057998655,4.104085874557495,0.5821685314178466,76.81491241455078,26.225642585754397,12.752004051208496,2.475459671020508,6.028233528137207,68.26170654296875,32.828629684448245,19.928021812438963,290.0341040611267,1252.5517274022102,2612.8037545079483,0.4694005268509499,96.13153123855592,65.44692795770243,116.54908912014216,251.62946100234984
30.732679343223573,15.628815280177514,39.05482638785615,21.408558696508408,5.014321517944336,2.786982035636902,0.0905490159988403,0.0149644849821925,0.383662024140358,3.8081901550292967,4.059811162948608,0.6734462201595306,80.9746925354004,24.275570106506347,5.333835124969482,0.9534863889217376,6.02617712020874,69.0306022644043,32.96696739196777,22.35793704986572,294.16477332115176,1403.7122136235237,2822.8443417092494,0.3883393171854329,100.27686471939089,61.34470702041872,121.13044935557993,262.2820419073105
32.363194012641905,17.38635147070745,36.9682144473074,20.533344119787216,4.71109356880188,2.8253880023956297,0.2760093450546265,0.0488093558698892,0.3892340391874313,4.125965023040772,4.008707189559937,0.6316125869750977,79.57674255371094,23.61061534881592,15.474000930786133,3.0741456747055054,6.0603996276855465,71.04634475708008,32.318688201904294,21.055812263488768,299.1520706653595,1188.409177851677,2478.911409302085,0.3752830416322467,100.28919653892515,61.6313487126492,121.44332623891532,262.1861166238785
31.61655389070511,16.45016077519626,39.1978572148364,20.856037467718124,4.942991399765015,2.81869592666626,2.037911471575171e-07,1.4569342710046841e-08,0.3866120338439941,3.802475118637085,4.084304904937744,0.6375903785228729,83.06293640136718,25.84810314178467,1.0000640622820356e-05,7.753947812716433e-07,6.013296461105346,69.35833587646485,32.959631729125974,21.39465217590332,299.6053829193115,1458.5702557325362,2816.4758655084006,0.365142116633833,100.2266345500946,64.94649256676843,121.0739797534421,262.1502568483353
30.522276616096494,18.25141141151544,39.61345218312927,20.50714327096939,5.01029372215271,3.1959222316741944,0.3185488134622574,0.0542096883058548,0.3903763234615326,3.803818416595459,4.427865219116211,0.6077081322669983,80.0124641418457,25.730784797668456,19.07355155944824,3.413452172279358,6.025828695297241,70.11528091430664,33.41314926147461,20.658435821533203,289.8666832923889,1401.961530226469,2813.992400749109,0.4211667888639965,100.238889169693,65.12273972146212,121.4764051662758,262.7686714172363
32.096532702445984,17.132798870070836,37.73945837265346,19.2214408159256,4.616848945617676,2.8212871313095094,0.217031480371952,0.0367612369358539,0.3858451396226883,3.988991022109986,4.331206178665161,0.6222502291202545,78.82094039916993,24.005952644348145,12.974261283874512,2.308508038520813,6.018984651565551,71.88428421020508,32.33298568725586,20.502014923095704,289.4065867900848,1223.397647070885,2534.050905735587,0.3930412858721325,98.54563407897948,60.77205260619521,119.42628325279802,257.78674421310427
31.31072332859039,20.22085672088433,37.89253448313102,20.075692278146743,4.992508792877198,3.560421323776245,0.3226929664611816,0.0589732203632593,0.3872152388095856,4.074678182601929,4.468924713134766,0.6547493457794189,83.21353378295899,28.630864715576173,19.91175765991211,3.697338271141052,6.065296840667725,72.84920501708984,33.057698822021486,21.577899742126466,300.32707967758176,1216.3261979937554,2520.668331031827,0.4435956191225422,100.15862722396852,68.1645862545818,121.05589191745966,261.68118431568143
31.394888627529145,18.173158800194507,37.734755069366656,21.406186246871947,4.893123102188111,2.8538780212402344,0.2926755458116531,0.0543894734233617,0.3878337472677231,4.075697469711304,4.088774013519287,0.6480876803398132,80.56193466186524,23.9832971572876,16.60749168395996,3.431394076347351,6.051205158233643,72.16648483276367,32.513720703125,21.85815563201904,296.04399089813234,1278.6333728313446,2610.5106151756945,0.3988455508810872,100.27708053588869,62.66620666608215,121.26965542398392,262.03068432807925
31.489593350887297,18.45595232436899,37.845806873659605,19.79074120521545,4.5956179141998295,3.332129383087158,0.2493287578225135,0.03743143863976,0.3853599905967712,3.85010633468628,4.172908782958984,0.6138607084751129,76.89250259399414,27.80174388885498,14.70916919708252,2.3811357498168944,6.034768533706665,69.60313339233399,32.476992797851565,20.46036014556885,299.2368294239044,1427.1817615270616,2690.673911088169,0.4057439828068077,98.05564379692078,69.06477192528546,118.67556734122336,256.51859924793246
30.352141177654268,18.94491042054724,36.618427827651615,19.64949345588684,4.830335235595703,3.1029515743255613,0.3266836792230606,0.0525740657001733,0.3862622797489166,4.049354600906372,4.130940008163452,0.6398546695709229,78.50496444702148,25.70806121826172,17.994470024108885,3.3601143836975096,6.069131755828858,71.02804336547851,32.249688720703126,20.91859893798828,296.76704654693606,1218.7487530469891,2510.08037594335,0.4110742875089982,98.06004900932312,63.590683152433485,118.86858919151128,256.2913477420807
30.2864582657814,20.11179076693952,36.49041883088648,20.254195791482925,4.831681489944458,3.36045753955841,0.3337232679128646,0.0564535055309534,0.3873771816492081,4.036745405197143,4.400591421127319,0.6297620832920074,78.33843841552735,27.61475696563721,20.277549934387206,3.4846420764923094,6.0541904926300045,70.05836715698243,34.24036445617676,20.93827018737793,297.0178827762604,1190.9727058649064,2459.2352914493995,0.4263997613842463,98.01726598739624,65.51956110913306,119.10097994040696,257.5171184539795
31.426441502571105,18.140041737782305,39.15643647480756,20.450053191185,4.849448394775391,3.2170584201812744,0.3280659526586532,0.0540686953812837,0.3849860787391662,3.798045730590821,4.308351039886475,0.5921830534934998,79.6015411376953,25.77521209716797,19.414464950561523,3.4447895765304564,6.058809900283814,68.58830337524414,32.717397689819336,20.25012340545654,288.12459807395936,1405.9966728627685,2788.711507974216,0.4290587842533604,100.23163628578186,65.39871762366965,121.58191131409258,262.3908891439438
31.872225069999693,18.130232368106952,37.68522512603086,19.74837181568146,4.730518579483032,2.988440179824829,0.3076304733753204,0.0538872122764587,0.3877979546785354,4.026503801345825,4.353638553619385,0.6367728233337402,78.09994277954101,24.67614669799805,16.738589668273924,3.348559856414795,6.045302152633667,70.3060188293457,32.77362289428711,20.99974403381348,293.67696461677554,1253.642700457573,2542.390469925164,0.4026802581789155,100.29751329421995,63.17148067262024,121.6693753182888,262.78614459037783
32.04670524597168,15.746982743940316,38.79432240496389,19.39580057859421,4.735172271728516,2.614198064804077,0.2080842807888984,0.0365382365882396,0.3888163119554519,3.8209707021713255,4.266852521896363,0.5799668967723847,81.30880432128906,22.172248458862303,11.372940635681152,2.3113765001296995,6.004047393798828,69.9638427734375,33.823062133789065,19.487706184387207,288.79509658813475,1241.028472507,2600.8212893634627,0.3916408295058907,99.20151591300964,57.119770389795306,120.12565522566436,260.2548414230347
29.621531414985657,19.49578834951389,38.968618114059794,19.17065183520317,4.977094936370849,3.2519938945770264,0.3092256665229797,0.0551699385046958,0.3887398421764373,3.6858537673950194,4.216855001449585,0.6178274154663086,79.18934783935546,26.799421119689946,18.28641891479492,3.4807225465774536,6.017963171005249,68.60544052124024,33.62669410705566,20.20176696777344,293.9235105991364,1318.0031957626345,2702.3817138983227,0.4232832344181041,98.07142577171324,67.39610120952129,118.4740467749536,256.9855516910553
30.77822902202606,20.41400778866373,37.9672638383694,20.585661870241164,5.063151121139526,3.397024655342102,0.3572266846895218,0.0582760911434888,0.3868041336536407,4.036118888854981,4.44607400894165,0.620083338022232,82.7003173828125,27.85072898864746,21.767590141296388,3.6199008941650392,6.035290241241455,72.07542495727539,33.435205078125,20.977647018432616,298.8906093120575,1419.081671667099,2726.8308291837457,0.4247832134884454,100.18455200195312,70.46773526631296,121.02870199512692,262.06598899364474
30.46431338787079,20.694061330216936,37.805689797457305,20.312736171483994,4.900230121612549,3.294569230079651,0.3290227115154266,0.0574276939034461,0.3844772487878799,3.828609776496888,4.302779722213745,0.621373301744461,80.9849006652832,27.49401092529297,19.72055072784424,3.571067953109741,6.031503629684448,68.91821670532227,34.11222610473633,20.76519241333008,297.37012419700625,1310.5344680666924,2655.418101094611,0.4630014331196435,98.02898864746092,67.77191193588078,118.66849244963376,257.0935507774353
30.326751029491422,16.118720986123662,37.807553224172445,20.39423832893372,4.94456844329834,2.717422914505005,0.2345097154378891,0.0407473944127559,0.391169062256813,3.967760467529297,4.282504796981812,0.6416929662227631,80.16431884765625,22.72092685699463,13.08231601715088,2.5149317502975466,6.052842140197754,71.30341110229492,33.068569564819335,21.34255027770996,287.1825097560883,1242.0375026702882,2635.639006404218,0.3970340549694676,98.7521080493927,58.2311760423705,119.82544302120805,258.60726342201235
31.402936542034148,14.481872574600857,37.066320380475375,21.28526960015297,4.662595176696778,2.653465485572815,0.168762919306755,0.0286549692973494,0.3861381262540817,4.00305585861206,4.187135791778564,0.603929054737091,77.42464828491211,21.98835277557373,9.957883548736572,1.7778071641921998,6.0146317958831785,70.41930389404297,33.16280517578125,20.744230270385746,288.7263548374176,1230.5115064144134,2605.4291328261897,0.4163502994028839,98.5986155986786,55.38044436313212,119.45748049188406,258.37252190113065
31.2098863363266,15.205303377838572,36.9179539141478,20.34044817686081,4.584998559951782,2.547464394569397,0.166824123263359,0.0299756124615669,0.3870757013559341,3.95511474609375,4.141694355010986,0.5821668922901153,76.86250152587891,21.87085552215576,9.789832401275635,1.9010234594345088,6.042615938186645,70.55866851806641,32.472382354736325,19.905565643310545,290.64144983291624,1247.249968469143,2611.70601727991,0.3879292830413973,97.27822332382202,54.63099924949929,117.947259731777,254.57645738124847
30.29643274545669,20.9865681133233,39.182870919303966,20.805686724185943,5.078251743316651,3.457526183128357,0.3519846588373184,0.0591242052614688,0.3853856474161148,3.89411940574646,4.159507417678833,0.6530190169811249,80.92015228271484,28.54362182617188,20.37303905487061,3.715075659751892,6.037824630737305,71.68013153076171,33.86439819335938,21.560062599182128,294.21597208976743,1388.9219502210617,2708.7471188319205,0.4473675078495489,100.18102021217346,69.87830326575786,121.10551158972083,262.43868403434755
31.631670451164247,15.550838205293983,37.41129646210466,20.15884945988655,4.617826080322265,2.714126205444336,0.1072467729449272,0.0172724900767207,0.3850562572479248,3.950054144859314,4.0802467346191404,0.5817005932331085,77.99608917236328,23.751056671142575,6.239953279495239,1.0668434619903564,6.055815362930298,70.66548156738281,32.811532211303714,19.795168495178224,294.6242639541626,1202.7118902087211,2554.3179154431505,0.4029678916412905,98.0994324684143,59.11272493191064,118.93137886766344,256.8508769273758
31.880493819713596,15.31725851050578,39.08592206649482,21.44064892530441,4.730303478240967,2.4374846458435058,0.1368300348520278,0.0215881668031215,0.3875071287155151,3.8533554315567016,4.065381336212158,0.6388711988925934,77.91917190551757,21.647678756713866,7.954871654510498,1.3766701579093934,6.05324535369873,70.0267707824707,33.063588333129886,21.604551696777342,296.2835847377777,1276.7769438266755,2704.364007150888,0.3877970875327861,100.36300644874572,55.82030854406767,121.39569062814115,262.8621059656143
31.651312386989595,18.29393958062865,37.6834339014953,21.67404035925865,5.064055585861206,3.239564871788025,0.2980622798204422,0.0560185562819242,0.3858023911714553,4.223953342437744,4.236965799331665,0.6633153796195984,82.2566749572754,25.987220001220702,17.170325088500977,3.545701265335083,6.036807727813721,72.34228744506837,34.76913414001465,22.14662265777588,294.6577565193176,1192.0083947658538,2527.9717008265607,0.4217279298411004,102.44671902656556,66.15365118104964,124.14848877079784,269.1135529518127
30.3845153093338,19.87968357012141,37.9150664360961,20.23266412615776,4.851868438720703,3.554198956489563,0.3323034644126892,0.0603950921446084,0.3843767255544662,3.8461316347122194,4.349002361297607,0.616547030210495,79.29483413696289,28.517119789123534,19.003697013854985,3.772612714767456,6.032671403884888,69.39900283813476,33.13511161804199,20.6816556930542,293.81401071548464,1292.9364848017692,2664.734783686907,0.4662619788345182,98.02421479225158,68.4488393696025,118.89904480855913,256.7116327047348
31.059597659111024,16.917178586602677,38.14397904516663,18.87172407507897,4.697797632217407,3.010493206977844,0.301196762919426,0.0508028481155633,0.3853936702013015,3.7620507717132567,4.251125526428223,0.6064401209354401,77.81549682617188,24.14468231201172,16.951097679138183,3.2100676536560058,6.018920326232911,68.00248947143555,32.33449172973633,19.949700927734376,288.3410873413086,1257.7626627326013,2623.407554430596,0.4379005146459661,98.11189317703248,61.03713191002608,118.77937045097352,256.6790731668472
32.16627019643784,14.541157790712896,37.23769557164051,21.151050245761876,4.559792280197144,2.738370084762573,0.0432322062551975,0.0047472573816776,0.3862658709287643,3.980590128898621,4.119981098175049,0.6081377327442169,78.59021301269532,24.109954643249512,1.9419171810150144,0.2948866218328476,6.050539350509643,71.01877365112304,33.61844177246094,20.774436378479,297.63046922683714,1237.9099035859108,2605.418260820454,0.3942948278537848,98.08444023132324,59.10374131621793,118.89279002547264,257.1906436443329
30.139029228687285,21.07697386557702,38.034150024456906,20.112375396490098,4.998386192321777,3.742334771156311,0.3319282531738281,0.0588946137577295,0.386287847161293,3.917899227142334,4.323818874359131,0.6343748092651367,79.66923446655274,30.09313335418701,20.24578800201416,3.744934606552124,6.020824813842774,70.141650390625,33.41274070739746,20.84906845092773,294.7647794246674,1388.400644856691,2665.84989182328,0.6285499337284147,99.5258222579956,68.805589588359,120.36042412426325,260.4120361804962
31.37999374866485,17.05233958286699,39.68013253340032,19.812158852815628,4.788401222229004,2.9588848829269407,0.1889968439936638,0.0297840438783168,0.3901882380247116,3.7578619480133058,4.170856237411499,0.5828213036060333,78.48888778686523,25.28662204742432,11.02342529296875,1.8615362763404848,6.0271820545196535,69.7901840209961,31.92065105438233,19.768345642089844,292.43858857154845,1428.569980245829,2794.921992141509,0.3927442053485791,99.86533885002136,64.1872609494254,120.8676058160141,260.9684951066971
30.372577941417696,17.885037867771462,38.08490208797157,20.80557845234871,4.804673528671264,3.180360126495361,0.3060486495494842,0.0548975758254528,0.392558541893959,3.8492840766906737,4.270968055725097,0.6226302564144135,77.89995498657227,25.56826610565185,17.21993408203125,3.3945525884628296,6.03057541847229,70.01534271240234,34.103499221801755,20.930462265014647,287.66467866897585,1229.2115993857385,2620.0108930383344,0.4464603408828033,98.07308511734009,62.54311529900879,118.9743608891964,257.50516164302826
33.13549180030823,15.164727695391049,39.559232190740296,19.6966231405735,4.652676916122436,2.750568509101868,0.1571338504552841,0.0272267609834671,0.3885063856840133,3.759898543357849,4.152848100662231,0.590167236328125,81.11715316772461,23.08329372406006,9.692769050598145,1.706306803226471,6.007902812957764,69.14502258300782,31.884682655334476,19.898999214172363,294.0882392883301,1413.8219215631484,2769.4314134110173,0.376635992951072,100.29184350967408,58.412279846984895,121.1525681367144,261.8701141357422
29.51993508338928,20.773183275479823,37.20997819132172,21.78610027432442,4.975205802917481,3.801420521736145,0.3506329953670501,0.0582881052047014,0.3900042712688446,3.9135020971298218,4.38063530921936,0.6319388210773468,78.84163894653321,30.361361503601078,20.48368721008301,3.6081958770751954,6.030884408950806,68.85592956542969,34.39548034667969,21.50325946807861,294.18270950317384,1273.7220012664795,2646.6842292185875,0.5053888075232112,97.99102210998537,67.8333003681153,119.24951934423298,257.4987673521042
30.09735050201416,18.91247521362966,37.93913657194935,22.28889217376709,5.09648060798645,3.050728869438172,0.3070309728384018,0.0556305851787328,0.3835810929536819,4.013486051559449,4.11713752746582,0.636720073223114,80.35223541259765,25.298647117614745,18.22150230407715,3.520567750930786,6.039766597747803,70.9851577758789,33.38154602050781,21.870123672485352,294.01287751197816,1394.4290151000023,2751.2920215076592,0.3949887867057001,100.26560845375062,64.4679017888382,121.3462110729888,262.51006786823274
30.661551892757416,20.146851668693124,37.09502813443542,19.870451813936235,4.987290096282959,3.73090500831604,0.3435074478387833,0.0595788270235061,0.3902160316705704,4.111605024337768,4.452542161941528,0.6041304409503937,80.07234344482421,29.55655174255371,20.17297687530517,3.737752318382263,6.026714658737182,71.08531646728515,33.39974670410156,20.257354545593262,294.1277365207672,1198.9170656204224,2498.166100547637,0.4439171465721152,100.20150394439698,68.52194302324206,121.38625798281282,262.53183245658875
30.64016277790069,19.73312248974107,39.69585560117848,21.325963920354845,5.05985541343689,3.604680895805359,0.3320891797542572,0.0599190138280391,0.387638321518898,3.776912045478821,4.421843147277832,0.6139647543430329,82.04204483032227,28.65440273284912,19.74265613555908,3.796351385116577,6.061224555969238,70.02898941040038,34.66216125488281,20.97523612976074,295.40617485046386,1396.402926290035,2808.1533818377707,0.4597217121247638,100.14980096817015,68.44383581485599,121.1144746709615,262.69298419952395
30.880973827838897,18.384327465877867,37.671249407343566,20.22184487581253,4.834919452667236,3.0129791021347048,0.2966530829668045,0.0561711985617876,0.3895895749330521,3.83347327709198,4.096864891052246,0.6576227843761444,80.94323348999023,24.95572872161865,16.327166175842287,3.479607605934143,6.002189493179321,68.69793319702148,33.112803268432614,21.537718200683592,293.8352229118347,1262.3648852944375,2574.438318042213,0.3925223524277342,98.0693298816681,62.508539197966456,118.72635136600584,256.77023017406464
30.85712261199951,17.920504117396195,37.40200873359572,19.35876774191856,4.8233428478240965,3.2327397584915163,0.3200115442276001,0.0538857519626617,0.3896803319454193,3.993450307846069,4.280747032165527,0.6227324306964874,80.57286834716797,25.8545825958252,17.54932384490967,3.414348769187927,6.049072027206421,71.83135375976562,33.07766990661621,20.430098915100096,293.8339169979096,1236.811464214325,2572.7124815257384,0.4330173348415919,98.04030113220216,63.70532378070057,118.92562759872526,256.6567160367966
31.241129684448243,14.909927591116864,37.16036573189776,20.695512640476228,4.725456428527832,2.738966965675354,0.1209108091890811,0.0207208765670657,0.3842687517404556,4.0801034450531,4.040927982330322,0.6248291671276093,77.86475372314453,23.342238426208496,6.82323842048645,1.294426536560059,6.025787401199341,72.11808319091797,33.26027145385742,20.946254348754884,294.1104596614838,1242.5818894147874,2607.1812756473314,0.3885378855572618,99.00605669021608,58.61196741652675,119.99610559679569,259.5603040456772
32.23809100389481,18.50519293100806,37.858117399341424,21.604145818948744,4.862018871307373,3.161074328422546,0.3106905549764633,0.0567092023789882,0.3906257688999176,4.113329982757568,4.340111827850341,0.6335565507411957,81.73380508422852,25.641621589660645,18.855149841308595,3.606936454772949,6.046754169464111,71.67469940185546,35.0028377532959,21.542747497558597,295.8004452705383,1190.8388778090475,2515.5735281752595,0.4084843028605469,101.12543239593506,65.54986454928294,122.8438332395628,265.9816589593887
30.47035549879074,21.032350126327948,37.49303419385105,20.269012409448624,5.072237205505371,3.664579463005066,0.3432164371013641,0.0596770510077476,0.3909704357385635,4.031976556777954,4.526521682739258,0.6143532633781433,81.52784118652343,29.778558349609376,19.06565551757813,3.7426761388778687,6.0188299179077145,70.26276626586915,33.86546020507812,20.68208122253418,296.2816711902618,1260.52064756155,2556.293634447321,0.4551600848689986,100.18468480110168,68.48961404338479,121.37330718897284,262.6717245817184
30.392566239833837,22.62530403445708,38.372598787629975,27.71171184182167,4.823122787475586,4.105843687057496,0.3451032161712646,0.0593803979456424,0.3888537138700485,3.809219622612,5.786632013320923,0.7806416690349579,78.8480613708496,32.947842025756835,20.8960298538208,3.7914673328399657,6.041100978851318,70.1278907775879,48.79794692993164,26.409963417053223,297.68736963272096,1388.934456682205,2748.6484991513657,1.1473781196051278,97.8972625732422,69.57438923884183,118.63352158516643,262.6822088956833
31.14836311340332,15.40221985593671,38.31185459210538,19.961665391922,4.97146692276001,2.4497287273406982,0.1570224314928054,0.0266882950440049,0.3908811390399933,4.058549261093139,4.09744119644165,0.6499759256839752,81.58905792236328,21.4568302154541,9.002035808563232,1.6724592685699462,6.048806142807007,73.00689086914062,32.24274101257324,21.298352432250976,288.56862940788267,1233.7393027067185,2603.987315169902,0.3832870341433022,100.30708899497986,55.76034620068968,121.63405998293312,262.19104795455934
32.759690248966216,16.264911646104885,37.72239328536671,20.01954855322838,4.661237907409668,2.7296059370040893,0.1974371254444122,0.0350504819303751,0.3861796706914902,4.124012660980225,4.159810781478882,0.5916901707649231,79.7944122314453,23.091640853881835,11.895448875427244,2.236557054519653,6.041486120223999,73.02557067871093,33.142947387695315,20.003239631652832,292.77701768875124,1193.8598942875865,2513.3027475633485,0.3821159868656778,100.29525938034058,59.47062071040273,121.5232931708917,262.7865516424179
30.39525614976883,17.4490966090234,38.49989359166939,21.60001854896545,4.880178356170655,3.025024676322937,0.3090749680995941,0.0546878512948751,0.3884779453277588,3.720163488388061,4.330701684951782,0.6412340700626373,80.08906478881836,24.521866416931157,17.04872817993164,3.477410960197449,6.013412857055664,67.96449279785156,35.00208320617676,21.6459135055542,289.7320516586304,1248.9074073553086,2693.4100724750256,0.451064736434165,98.06341886520386,61.51686170212925,118.7453730592504,257.71800644397734
29.525882709026337,20.649289401178248,38.0461281751981,20.97958229780197,4.9729368686676025,3.831531691551208,0.3503446698188782,0.0600880373269319,0.384630462527275,3.815319299697876,4.510574150085449,0.6118733644485473,78.83508224487305,30.494140815734863,18.95142688751221,3.706104373931885,6.055091094970703,68.497998046875,34.95017051696777,20.78807392120361,291.28184428215025,1279.7166155457496,2700.418127877795,0.5001521920901724,97.97717790603636,68.86504921074956,119.32800002358854,257.8668652296066
31.86510651111603,18.96324751940556,37.88891309308819,19.85227233171463,5.023912000656128,3.4032644987106324,0.3385840147733688,0.0579772543162107,0.3918516993522644,4.196648263931275,4.315064287185669,0.6367767572402954,82.1099868774414,27.15170040130615,19.935587692260743,3.5724162101745605,6.040588140487671,72.3157844543457,32.80610542297363,21.01215343475342,287.8474848270416,1205.222671878338,2478.748965602397,0.4149682762751279,102.43872041702272,68.22991733439267,124.20116525925695,268.0559208869934
31.79193797111511,20.63346119578928,36.97287719910965,19.97876610159874,4.836143827438354,3.419474720954895,0.3389708667993545,0.0583406724035739,0.384973070025444,4.120082521438599,4.253085613250732,0.621227365732193,80.81326065063476,28.23298320770264,19.045923805236814,3.648489379882813,6.032434368133545,71.02123107910157,33.43181457519531,20.63700714111328,300.329212808609,1194.710619211197,2426.0468313571414,0.4321079553407173,100.21656575202942,67.27396827656776,121.24783953949807,262.4696856975555
32.11070078611374,12.413616633843048,38.31139048081823,20.673570215702057,4.691342496871949,2.2172616481781007,0.018050424195826,0.0029316115425899,0.3944578349590301,4.018134355545044,4.012398529052734,0.672450166940689,77.83178024291992,19.88146953582764,1.081007707118988,0.1841837137937546,6.048958921432496,72.26786727905274,32.506173324584964,22.06019954681397,293.8456609725952,1266.237383532524,2688.4834031940145,0.3644546779882397,100.39484615325928,50.15926857253071,121.4317013958469,262.64993915557864
30.95114698410034,17.174777587456628,37.449217283306645,21.00305262207985,4.630227708816529,3.006799697875977,0.2842255175113678,0.045101360976696,0.3844188600778579,3.795418071746826,4.267824840545655,0.6211714208126068,76.52107162475586,24.548118591308597,17.33261489868164,2.8699487924575804,6.016273927688599,67.56972045898438,32.978369140625,21.11391925811768,290.4130811214447,1235.6613168478011,2615.984495908307,0.4177057911686092,97.46216983795166,61.02909107031301,118.15553091857582,255.39444670677184
30.46752736568451,19.67839315070305,39.16904527496081,20.045544469356532,5.000399255752564,3.451396417617798,0.3244251728057861,0.0560039833188057,0.3838119208812713,3.7870052099227904,4.334244060516357,0.6370995521545411,79.53709182739257,27.881661796569823,18.960001945495605,3.494672417640686,6.027048921585083,68.46264266967773,34.4227481842041,21.00321102142334,295.4852220058441,1251.4838079690933,2636.519335281977,0.4443846176880079,100.22133688926696,66.72396204434335,121.40350912697612,263.3328509807587
32.44385577440262,15.795693972404116,38.578956278041005,20.33935872912407,4.675570440292359,2.5726483821868897,0.1918613657355308,0.0324332930147647,0.3904838562011719,3.9567827939987184,4.1454505443573,0.6517460703849792,78.7926124572754,22.12976856231689,10.567269325256348,2.034968709945679,6.012225770950318,71.47252655029297,32.49545097351074,21.49680938720703,296.5616836547852,1262.0213840007782,2611.607929651317,0.3915604654934831,100.3587040901184,57.62689039809629,121.3051428657025,262.4846747875214
30.47922586202621,15.989013337017967,38.21908262013458,19.938740259408952,4.878179502487183,2.893825912475586,0.2434650793671608,0.0424439322203397,0.3865838050842285,3.837802457809448,4.393555307388306,0.6209640681743622,80.34337005615234,23.49500312805176,14.42538013458252,2.6731389999389648,6.053035020828247,70.14171447753907,33.198059463500975,20.732675743103027,289.2326491355896,1263.459541416168,2683.6601674952485,0.4215692199413517,98.07716774940492,58.901496804878114,118.85219196341932,256.7915876865387
31.728840386867525,18.977114306204022,39.036274960124864,19.641087144613262,4.913581037521363,3.413349962234497,0.3280864864587783,0.057495354861021,0.393000128865242,3.823897933959961,4.329023551940918,0.60382781624794,82.8698944091797,27.209429931640624,20.18123607635498,3.594234251976013,6.036895990371704,69.22259140014648,34.39826431274414,20.07998027801513,292.8091996192932,1386.6382921397685,2705.340639480745,0.4161360941301275,100.15459299087524,67.58166324291378,121.41499815396963,262.9803164720535
31.19685689210892,14.421794183261229,38.36669657127932,21.58105683326721,4.659034967422485,2.5931553840637207,0.1505753844976425,0.0246145784854888,0.3910935163497925,3.8226805925369263,4.093514060974121,0.6090520441532135,77.24561309814453,21.91822052001953,9.239558029174804,1.5310116052627565,6.015541172027588,70.34034881591796,33.629645919799806,20.903828620910645,294.3397392272949,1291.290034866333,2761.285257968754,0.404706328589107,98.15839295387268,54.52261214498431,118.74195610340684,257.3568969964981
31.05537415742874,20.621843156358228,39.28843532488681,22.311736160516737,4.934866619110108,3.4382067203521727,0.3271502763032913,0.0574049197137355,0.3841881334781646,3.7871652603149415,4.401169204711914,0.6526006102561951,80.30641326904296,28.233712005615235,18.693762397766115,3.614381289482117,6.022421550750733,69.09681854248046,34.5099594116211,22.243462371826173,294.85717153549194,1406.2041150093078,2771.6551155576426,0.3969290315231674,100.24125657081603,69.12613645661622,121.13301353603602,263.0379863739014
30.079721057415007,19.97830504726153,38.07136226876173,20.71997739672661,4.909326601028442,3.6067054986953737,0.3443459093570709,0.0605783451348543,0.385837385058403,3.875221729278565,4.289675760269165,0.5999440491199494,79.55622863769531,28.91417064666748,18.74154987335205,3.805535745620728,6.053686618804932,70.07774276733399,32.9881290435791,20.460920524597167,291.813792181015,1282.041148173809,2682.241167076549,0.4536906353896484,98.00040583610534,68.49633628949523,119.36742536369712,256.84451892375944
30.551688313484192,21.32773460408207,39.71817426739726,21.095511066913605,5.215232992172242,3.7776963472366334,0.3253914564847946,0.0586247857660055,0.390195369720459,4.031043291091919,4.432592535018921,0.6661832153797149,81.55892639160156,30.39595031738281,19.75291576385498,3.664572095870972,6.031045722961426,73.25858612060547,34.00500984191895,22.131578826904292,290.1432921409607,1368.0427132427692,2715.961866007623,0.4479897296276413,102.367978143692,70.77055067401379,124.196137108095,268.5413742303848
30.57302926778793,17.04345421741251,37.44106396427378,19.80048707127571,4.548270750045776,2.831283783912659,0.0008051213808357,2.38680296149596e-07,0.3884184390306472,3.6988362789154055,4.076870489120483,0.6249699532985687,75.68447189331054,26.302022171020507,0.0035626679775305,7.455974082404282e-06,6.00077896118164,67.36732864379883,31.522434425354003,20.74074897766113,298.56659083366395,1322.1983772873878,2644.400419635419,0.370261982759945,95.93340425491331,65.55463307026025,116.21077686920762,250.66700077056885
30.81722023487091,16.154947704146615,38.76076578779612,19.849572533369063,4.709783220291138,2.8521770238876343,0.2578898698091507,0.0436401810497045,0.3851377069950104,3.763528752326965,4.302526521682739,0.6373444259166717,77.1056526184082,23.26878128051758,14.577009773254394,2.751631116867065,6.022806835174561,69.53889389038086,34.1002613067627,20.95292110443115,294.5856882572174,1289.3296123981477,2706.080577759608,0.4017908182635132,98.13016862869264,59.02919047567993,118.90969746727497,257.815348815918
31.668778049945832,13.866312505479437,39.56494263741188,20.255208730697632,4.914461851119995,2.406130313873291,0.0426337800920009,0.0071563383098691,0.3832862794399261,3.80214729309082,4.02161660194397,0.6488051176071167,82.30423736572266,21.509231185913087,2.6591095447540285,0.4492780745029449,6.027731132507324,70.1296371459961,31.65200061798096,21.42284984588623,290.6594923973083,1418.0539089143276,2847.5763523038127,0.375149703105059,100.3165514945984,54.34426404051483,121.20985795035958,261.64649238586424
30.373963749408723,20.684987799054944,39.55851053458173,19.77372745871544,5.020820617675781,3.651494145393372,0.345137333869934,0.0582198906689882,0.389404159784317,3.800989556312561,4.441262006759644,0.6355323493480682,79.74234313964844,29.35213871002197,21.264312934875488,3.717634105682373,6.043846797943115,69.8082275390625,33.83277473449707,20.880744552612303,291.258913564682,1375.448700428009,2741.9033279091177,0.4488264180508799,100.1833758831024,68.81571549866348,121.54585041515529,262.8408438920975
31.02622267007828,15.950153427149052,36.747758673410864,21.506760394573213,4.722427749633789,2.6161340713500976,0.1030729718506336,0.016386267915368,0.3883288472890854,3.9950865507125854,4.065827655792236,0.658293890953064,78.34212036132813,23.3620943069458,5.90573091506958,1.046382474899292,6.034528541564941,70.14231643676757,33.37877922058105,22.016556358337404,297.9483573436737,1215.5070860505105,2564.491110130376,0.3857495662690276,98.11590280532836,58.51417136890814,118.77428640760482,257.02410182952883
31.044473218917847,15.932929921703185,39.18004798318725,20.803570502996443,4.909658718109131,2.908269166946411,0.1102311395108699,0.0185396324843168,0.3862178236246109,3.884812545776368,4.3370596408844,0.612548005580902,79.50382232666016,25.030647850036623,6.751311540603638,1.157189130783081,6.025550937652588,71.19467086791992,34.47180976867676,20.761621475219727,289.833612203598,1429.0385611712932,2828.670384753938,0.397957549085978,100.28619031906128,63.17544705346226,121.30904094986616,263.3894598007202
31.043527841567997,16.112047058856113,39.34417508221232,21.33099502921105,5.004880809783936,2.7786327600479126,0.2046967059373855,0.0342721913009882,0.3859133362770081,3.822955703735352,4.179168510437012,0.6404567956924438,82.1526252746582,23.404135513305665,12.229773235321044,2.1343470573425294,6.062185382843017,69.87507781982421,34.05522155761719,21.567552185058595,287.5503083229065,1241.184204852581,2689.777072280709,0.4113862482513504,100.2552435874939,60.21641629058868,121.45616545900702,262.9183279275894
31.47159152030945,18.393021413544197,37.32678892132826,20.06972181797028,4.801523160934448,3.303172993659973,0.3231884896755218,0.0541337423026561,0.3901514381170273,4.054903936386109,4.34864559173584,0.6443023204803466,78.4589614868164,26.419014358520503,18.231992721557617,3.452546238899231,6.034308910369873,70.34908447265624,34.231410598754884,21.186936950683595,296.5184297561645,1166.9442863464355,2473.8936569769694,0.4466195887405831,100.2501925945282,65.33675014907494,121.38827893845738,263.2557668447495
30.65450949668884,18.70897137448192,38.6905176945962,20.90851555466652,5.009350204467774,3.133096194267273,0.3106048226356506,0.05249042250216,0.3880752235651016,3.894801259040833,4.2817212581634525,0.6382548689842225,80.53289337158203,25.658197784423827,18.008520889282227,3.357503318786621,6.024791955947876,70.07528762817383,33.18717041015625,21.42199420928955,290.0771790504456,1421.173063749075,2793.6011064537743,0.4281642979451405,100.25562324523926,64.79043605448678,121.38447882160544,262.5208484172821
31.7668760061264,17.315155227785,38.224976316350514,21.14208346605301,4.6449487686157225,3.0549856185913087,0.3106865763664245,0.0510335113853216,0.3924484223127365,3.84878466129303,4.153870344161987,0.6389787435531616,79.39111022949218,24.627872276306157,16.961508560180665,3.164833307266236,6.027722787857056,70.44773178100586,33.98015518188477,21.432475090026852,300.2066336631775,1279.0243522286414,2662.042258575058,0.4187388269655798,98.06866846084594,61.440543339401486,118.9147929750383,257.34082636833193
31.29589374065399,15.859770464140457,39.712882947688925,20.674778866767884,4.993617582321167,2.9398308992385864,0.0445767998695373,0.00729561005719,0.386369252204895,3.749094247817993,4.114360904693603,0.6369486331939698,83.04834823608398,25.824436378479003,2.764003086090088,0.457793316245079,6.007613945007324,69.70867767333985,33.258187484741214,21.25656261444092,298.406192445755,1486.3996883511545,2876.4108014497324,0.3853216825980631,100.2267243862152,64.40936507594306,120.728614959307,262.036679148674
31.845640909671783,13.78772594962793,38.13245154118631,20.42792727947235,4.677235555648804,2.2280824184417725,0.0724613793194293,0.0124866805970668,0.3826000362634659,3.843199324607849,4.036038446426391,0.6135835647583008,80.46698837280273,20.131089973449708,4.523083019256592,0.7845810413360595,6.018007087707519,70.15218505859374,32.80848617553711,20.61324100494385,300.2881846904755,1294.4182664871216,2698.608561548556,0.3595298831926811,98.16825757026672,50.30886109704152,118.67745079509912,256.79370188713074
