name,bounds,initial,cmtnum,pftnum
micbnup,"[0.07899999999999996, 1.5010000000000001]",0.79,21,None
kdcrawc,"[0.02149999999999999, 0.4085]",0.215,21,None
kdcsoma,"[0.009999999999999995, 0.19]",0.1,21,None
kdcsompr,"[0.0008999999999999998, 0.017099999999999997]",0.009,21,None
kdcsomcr,"[5.000000000000003e-07, 9.5e-06]",5e-06,21,None
