name,bounds,initial,cmtnum,pftnum
micbnup,"[3.750000310276391e-10, 1.499999999625]",0.75,5,None
kdcrawc,"[4.5000003723316695e-11, 0.179999999955]",0.09,5,None
kdcsoma,"[1.5000001241105565e-11, 0.059999999985]",0.03,5,None
kdcsompr,"[1.7500003182679968e-12, 0.00699999999825]",0.0035,5,None
kdcsomcr,"[4.999999604669341e-25, 1.9999999995000004e-15]",1e-15,5,None
